interpretation of Mathlib.Linter.linter.directoryDependency took 13.3ms
interpretation of _private.Mathlib.Tactic.Linter.Header.0.Mathlib.Linter.inLibraryRootMutex took 1.7ms
interpretation of Mathlib.Linter.linter.style.header took 9.28ms
interpretation of Mathlib.Linter.linter.style.header.license took 6.45ms
interpretation of _private.Mathlib.Tactic.Linter.Header.0.Mathlib.Linter.Style.header.initFn._@.Mathlib.Tactic.Linter.Header.1276962649._hygCtx._hyg.2 took 0.989ms
interpretation of _private.Mathlib.Tactic.Linter.Header.0.Mathlib.Linter.Style.header.initFn._@.Mathlib.Tactic.Linter.Header.1276962649._hygCtx._hyg.2._boxed took 33ms
interpretation of _private.Mathlib.Tactic.AdaptationNote.0.initFn._@.Mathlib.Tactic.AdaptationNote.1330411147._hygCtx._hyg.2 took 0.649ms
interpretation of _private.Mathlib.Tactic.AdaptationNote.0.initFn._@.Mathlib.Tactic.AdaptationNote.1330411147._hygCtx._hyg.2._boxed took 20.8ms
interpretation of Mathlib.Linter.AuxLemma.linter.auxLemma took 10.6ms
interpretation of _private.Mathlib.Tactic.Linter.AuxLemma.0.Mathlib.Linter.AuxLemma.initFn._@.Mathlib.Tactic.Linter.AuxLemma.2530988339._hygCtx._hyg.2 took 0.648ms
interpretation of _private.Mathlib.Tactic.Linter.AuxLemma.0.Mathlib.Linter.AuxLemma.initFn._@.Mathlib.Tactic.Linter.AuxLemma.2530988339._hygCtx._hyg.2._boxed took 20ms
interpretation of Mathlib.Linter.Style.linter.style.refine took 8.88ms
interpretation of Mathlib.Linter.Style.linter.style.cases took 8.79ms
interpretation of Mathlib.Linter.Style.linter.style.induction took 5.5ms
interpretation of Mathlib.Linter.Style.linter.style.admit took 7.53ms
interpretation of Mathlib.Linter.Style.linter.style.nativeDecide took 4.66ms
interpretation of Mathlib.Linter.Style.linter.style.maxHeartbeats took 4.63ms
interpretation of _private.Mathlib.Tactic.Linter.DeprecatedSyntaxLinter.0.Mathlib.Linter.Style.initFn._@.Mathlib.Tactic.Linter.DeprecatedSyntaxLinter.2374602524._hygCtx._hyg.2 took 0.7ms
interpretation of _private.Mathlib.Tactic.Linter.DeprecatedSyntaxLinter.0.Mathlib.Linter.Style.initFn._@.Mathlib.Tactic.Linter.DeprecatedSyntaxLinter.2374602524._hygCtx._hyg.2._boxed took 24.3ms
interpretation of Mathlib.Linter.linter.docPrime took 7.78ms
interpretation of _private.Mathlib.Tactic.Linter.DocPrime.0.Mathlib.Linter.DocPrime.initFn._@.Mathlib.Tactic.Linter.DocPrime.856601495._hygCtx._hyg.2 took 0.632ms
interpretation of _private.Mathlib.Tactic.Linter.DocPrime.0.Mathlib.Linter.DocPrime.initFn._@.Mathlib.Tactic.Linter.DocPrime.856601495._hygCtx._hyg.2._boxed took 20.4ms
interpretation of Mathlib.Linter.linter.style.docString took 11.8ms
interpretation of Mathlib.Linter.linter.style.docString.empty took 5.8ms
interpretation of Mathlib.Linter.linter.style.docStringVerso took 4.64ms
interpretation of _private.Mathlib.Tactic.Linter.DocString.0.Mathlib.Linter.Style.initFn._@.Mathlib.Tactic.Linter.DocString.3364454516._hygCtx._hyg.2 took 0.625ms
interpretation of _private.Mathlib.Tactic.Linter.DocString.0.Mathlib.Linter.Style.initFn._@.Mathlib.Tactic.Linter.DocString.3364454516._hygCtx._hyg.2._boxed took 20.9ms
interpretation of _private.Mathlib.Tactic.Linter.DocString.0.Mathlib.Linter.Style.initFn._@.Mathlib.Tactic.Linter.DocString.3183647073._hygCtx._hyg.2 took 0.67ms
interpretation of _private.Mathlib.Tactic.Linter.DocString.0.Mathlib.Linter.Style.initFn._@.Mathlib.Tactic.Linter.DocString.3183647073._hygCtx._hyg.2._boxed took 7.88ms
interpretation of Mathlib.Linter.linter.style.emptyLine took 10.2ms
interpretation of _private.Mathlib.Tactic.Linter.EmptyLine.0.Mathlib.Linter.EmptyLine.initFn._@.Mathlib.Tactic.Linter.EmptyLine.1134681162._hygCtx._hyg.2 took 0.707ms
interpretation of _private.Mathlib.Tactic.Linter.EmptyLine.0.Mathlib.Linter.EmptyLine.initFn._@.Mathlib.Tactic.Linter.EmptyLine.1134681162._hygCtx._hyg.2._boxed took 9.57ms
interpretation of Mathlib.Linter.linter.globalAttributeIn took 7.48ms
interpretation of _private.Mathlib.Tactic.Linter.GlobalAttributeIn.0.Mathlib.Linter.globalAttributeInLinter.initFn._@.Mathlib.Tactic.Linter.GlobalAttributeIn.3315358037._hygCtx._hyg.2 took 0.647ms
interpretation of _private.Mathlib.Tactic.Linter.GlobalAttributeIn.0.Mathlib.Linter.globalAttributeInLinter.initFn._@.Mathlib.Tactic.Linter.GlobalAttributeIn.3315358037._hygCtx._hyg.2._boxed took 15.6ms
interpretation of Mathlib.Linter.linter.hashCommand took 7.2ms
interpretation of _private.Mathlib.Tactic.Linter.HashCommandLinter.0.Mathlib.Linter.HashCommandLinter.initFn._@.Mathlib.Tactic.Linter.HashCommandLinter.682754668._hygCtx._hyg.2 took 0.642ms
interpretation of _private.Mathlib.Tactic.Linter.HashCommandLinter.0.Mathlib.Linter.HashCommandLinter.initFn._@.Mathlib.Tactic.Linter.HashCommandLinter.682754668._hygCtx._hyg.2._boxed took 17.2ms
interpretation of Mathlib.Linter.HaveILetI.linter.style.haveILetI took 8.67ms
interpretation of Mathlib.Linter.linter.flexible took 7.83ms
interpretation of _private.Mathlib.Tactic.Linter.FlexibleLinter.0.Mathlib.Linter.Flexible.initFn._@.Mathlib.Tactic.Linter.FlexibleLinter.242819373._hygCtx._hyg.2 took 0.655ms
interpretation of _private.Mathlib.Tactic.Linter.FlexibleLinter.0.Mathlib.Linter.Flexible.initFn._@.Mathlib.Tactic.Linter.FlexibleLinter.242819373._hygCtx._hyg.2._boxed took 19ms
interpretation of Mathlib.Linter.linter.style.multiGoal took 10.3ms
interpretation of _private.Mathlib.Tactic.Linter.Multigoal.0.Mathlib.Linter.Style.multiGoal.initFn._@.Mathlib.Tactic.Linter.Multigoal.276707340._hygCtx._hyg.2 took 1.02ms
interpretation of _private.Mathlib.Tactic.Linter.Multigoal.0.Mathlib.Linter.Style.multiGoal.initFn._@.Mathlib.Tactic.Linter.Multigoal.276707340._hygCtx._hyg.2._boxed took 28.3ms
interpretation of Mathlib.Linter.Style.linter.oldObtain took 10.5ms
interpretation of _private.Mathlib.Tactic.Linter.OldObtain.0.Mathlib.Linter.Style.initFn._@.Mathlib.Tactic.Linter.OldObtain.3115300298._hygCtx._hyg.2 took 1.2ms
interpretation of _private.Mathlib.Tactic.Linter.OldObtain.0.Mathlib.Linter.Style.initFn._@.Mathlib.Tactic.Linter.OldObtain.3115300298._hygCtx._hyg.2._boxed took 29.7ms
interpretation of Batteries.Tactic.Lint.batteriesLinterExt took 18.6ms
interpretation of _private.Batteries.Tactic.Lint.Basic.0.Batteries.Tactic.Lint.initFn._@.Batteries.Tactic.Lint.Basic.3164034710._hygCtx._hyg.2 took 1.07ms
interpretation of _private.Batteries.Tactic.Lint.Basic.0.Batteries.Tactic.Lint.initFn._@.Batteries.Tactic.Lint.Basic.3164034710._hygCtx._hyg.2._boxed took 29.1ms
interpretation of Batteries.Tactic.Lint.nolintAttr took 13.5ms
interpretation of Mathlib.Linter.UnusedInstancesInType.linter.unusedDecidableInType took 8.72ms
interpretation of _private.Mathlib.Tactic.Linter.UnusedInstancesInType.0.Mathlib.Linter.UnusedInstancesInType.initFn._@.Mathlib.Tactic.Linter.UnusedInstancesInType.1258466126._hygCtx._hyg.2 took 0.755ms
interpretation of _private.Mathlib.Tactic.Linter.UnusedInstancesInType.0.Mathlib.Linter.UnusedInstancesInType.initFn._@.Mathlib.Tactic.Linter.UnusedInstancesInType.1258466126._hygCtx._hyg.2._boxed took 12ms
interpretation of Mathlib.Linter.UnusedInstancesInType.linter.unusedFintypeInType took 4.8ms
interpretation of _private.Mathlib.Tactic.Linter.UnusedInstancesInType.0.Mathlib.Linter.UnusedInstancesInType.initFn._@.Mathlib.Tactic.Linter.UnusedInstancesInType.2867144287._hygCtx._hyg.2 took 0.666ms
interpretation of _private.Mathlib.Tactic.Linter.UnusedInstancesInType.0.Mathlib.Linter.UnusedInstancesInType.initFn._@.Mathlib.Tactic.Linter.UnusedInstancesInType.2867144287._hygCtx._hyg.2._boxed took 4.25ms
interpretation of _private.Mathlib.Tactic.Linter.OverlappingInstances.0.Mathlib.Linter.OverlappingInstances.classProjectionsCache took 2.2ms
interpretation of _private.Mathlib.Tactic.Linter.OverlappingInstances.0.Mathlib.Linter.OverlappingInstances.linter.overlappingInstances took 17.5ms
interpretation of _private.Mathlib.Tactic.Linter.OverlappingInstances.0.Mathlib.Linter.OverlappingInstances.initFn._@.Mathlib.Tactic.Linter.OverlappingInstances.2887050497._hygCtx._hyg.2 took 0.649ms
interpretation of _private.Mathlib.Tactic.Linter.OverlappingInstances.0.Mathlib.Linter.OverlappingInstances.initFn._@.Mathlib.Tactic.Linter.OverlappingInstances.2887050497._hygCtx._hyg.2._boxed took 11.7ms
interpretation of _private.Mathlib.Tactic.Linter.OverlappingInstances.0.Mathlib.Linter.OverlappingInstances.initFn._@.Mathlib.Tactic.Linter.OverlappingInstances.4094535516._hygCtx._hyg.2 took 0.667ms
interpretation of _private.Mathlib.Tactic.Linter.OverlappingInstances.0.Mathlib.Linter.OverlappingInstances.initFn._@.Mathlib.Tactic.Linter.OverlappingInstances.4094535516._hygCtx._hyg.2._boxed took 3.88ms
interpretation of Mathlib.Linter.linter.privateModule took 7.1ms
interpretation of _private.Mathlib.Tactic.Linter.PrivateModule.0.Mathlib.Linter.initFn._@.Mathlib.Tactic.Linter.PrivateModule.3751228466._hygCtx._hyg.2 took 0.622ms
interpretation of _private.Mathlib.Tactic.Linter.PrivateModule.0.Mathlib.Linter.initFn._@.Mathlib.Tactic.Linter.PrivateModule.3751228466._hygCtx._hyg.2._boxed took 17.4ms
interpretation of Mathlib.Linter.UnusedTactic.allowedUnusedTacticExt took 12.6ms
interpretation of Mathlib.Linter.UnusedTactic.allowedRef took 40.3ms
interpretation of Mathlib.Linter.linter.unusedTactic took 7.65ms
interpretation of _private.Mathlib.Tactic.Linter.UnusedTactic.0.Mathlib.Linter.UnusedTactic.ignoreTacticKindsRef took 47.5ms
interpretation of _private.Mathlib.Tactic.Linter.UnusedTactic.0.Mathlib.Linter.UnusedTactic.initFn._@.Mathlib.Tactic.Linter.UnusedTactic.300650473._hygCtx._hyg.2 took 1.08ms
interpretation of _private.Mathlib.Tactic.Linter.UnusedTactic.0.Mathlib.Linter.UnusedTactic.initFn._@.Mathlib.Tactic.Linter.UnusedTactic.300650473._hygCtx._hyg.2._boxed took 22ms
interpretation of Mathlib.Linter.linter.style.setOption took 9.71ms
interpretation of _private.Mathlib.Tactic.Linter.Style.0.Mathlib.Linter.Style.setOption.initFn._@.Mathlib.Tactic.Linter.Style.3512398344._hygCtx._hyg.2 took 0.675ms
interpretation of _private.Mathlib.Tactic.Linter.Style.0.Mathlib.Linter.Style.setOption.initFn._@.Mathlib.Tactic.Linter.Style.3512398344._hygCtx._hyg.2._boxed took 25.6ms
interpretation of Mathlib.Linter.linter.style.missingEnd took 7.26ms
interpretation of _private.Mathlib.Tactic.Linter.Style.0.Mathlib.Linter.Style.missingEnd.initFn._@.Mathlib.Tactic.Linter.Style.3360231377._hygCtx._hyg.2 took 0.68ms
interpretation of _private.Mathlib.Tactic.Linter.Style.0.Mathlib.Linter.Style.missingEnd.initFn._@.Mathlib.Tactic.Linter.Style.3360231377._hygCtx._hyg.2._boxed took 8.55ms
interpretation of Mathlib.Linter.linter.style.cdot took 7.77ms
interpretation of _private.Mathlib.Tactic.Linter.Style.0.Mathlib.Linter.Style.initFn._@.Mathlib.Tactic.Linter.Style.1823831825._hygCtx._hyg.2 took 0.654ms
interpretation of _private.Mathlib.Tactic.Linter.Style.0.Mathlib.Linter.Style.initFn._@.Mathlib.Tactic.Linter.Style.1823831825._hygCtx._hyg.2._boxed took 7.12ms
interpretation of Mathlib.Linter.linter.style.dollarSyntax took 6.78ms
interpretation of _private.Mathlib.Tactic.Linter.Style.0.Mathlib.Linter.Style.dollarSyntax.initFn._@.Mathlib.Tactic.Linter.Style.1303717341._hygCtx._hyg.2 took 1.17ms
interpretation of _private.Mathlib.Tactic.Linter.Style.0.Mathlib.Linter.Style.dollarSyntax.initFn._@.Mathlib.Tactic.Linter.Style.1303717341._hygCtx._hyg.2._boxed took 8.64ms
interpretation of Mathlib.Linter.linter.style.lambdaSyntax took 4.97ms
interpretation of _private.Mathlib.Tactic.Linter.Style.0.Mathlib.Linter.Style.lambdaSyntax.initFn._@.Mathlib.Tactic.Linter.Style.1166937461._hygCtx._hyg.2 took 0.976ms
interpretation of _private.Mathlib.Tactic.Linter.Style.0.Mathlib.Linter.Style.lambdaSyntax.initFn._@.Mathlib.Tactic.Linter.Style.1166937461._hygCtx._hyg.2._boxed took 8.94ms
interpretation of Mathlib.Linter.linter.style.longFile took 8.04ms
interpretation of Mathlib.Linter.linter.style.longFileDefValue took 4.7ms
interpretation of _private.Mathlib.Tactic.Linter.Style.0.Mathlib.Linter.Style.longFile.initFn._@.Mathlib.Tactic.Linter.Style.3199531762._hygCtx._hyg.2 took 0.738ms
interpretation of _private.Mathlib.Tactic.Linter.Style.0.Mathlib.Linter.Style.longFile.initFn._@.Mathlib.Tactic.Linter.Style.3199531762._hygCtx._hyg.2._boxed took 10.6ms
interpretation of Mathlib.Linter.linter.style.longLine took 4.58ms
interpretation of Mathlib.Linter.linter.style.longLine.maxLineLength took 6.11ms
interpretation of _private.Mathlib.Tactic.Linter.Style.0.Mathlib.Linter.Style.longLine.initFn._@.Mathlib.Tactic.Linter.Style.724867545._hygCtx._hyg.2 took 0.637ms
interpretation of _private.Mathlib.Tactic.Linter.Style.0.Mathlib.Linter.Style.longLine.initFn._@.Mathlib.Tactic.Linter.Style.724867545._hygCtx._hyg.2._boxed took 7.59ms
interpretation of Mathlib.Linter.linter.style.nameCheck took 5.64ms
interpretation of _private.Mathlib.Tactic.Linter.Style.0.Mathlib.Linter.Style.nameCheck.initFn._@.Mathlib.Tactic.Linter.Style.1285535146._hygCtx._hyg.2 took 0.807ms
interpretation of _private.Mathlib.Tactic.Linter.Style.0.Mathlib.Linter.Style.nameCheck.initFn._@.Mathlib.Tactic.Linter.Style.1285535146._hygCtx._hyg.2._boxed took 15.3ms
interpretation of Mathlib.Linter.linter.style.openClassical took 6.18ms
interpretation of _private.Mathlib.Tactic.Linter.Style.0.Mathlib.Linter.Style.openClassical.initFn._@.Mathlib.Tactic.Linter.Style.273924139._hygCtx._hyg.2 took 0.683ms
interpretation of _private.Mathlib.Tactic.Linter.Style.0.Mathlib.Linter.Style.openClassical.initFn._@.Mathlib.Tactic.Linter.Style.273924139._hygCtx._hyg.2._boxed took 8.67ms
interpretation of Mathlib.Linter.linter.style.show took 5.77ms
interpretation of Mathlib.Linter.linter.style.whitespace took 9.43ms
interpretation of Mathlib.Linter.linter.style.whitespace.verbose took 6.1ms
interpretation of _private.Mathlib.Tactic.Linter.Whitespace.0.Mathlib.Linter.Style.Whitespace.initFn._@.Mathlib.Tactic.Linter.Whitespace.391367517._hygCtx._hyg.2 took 0.641ms
interpretation of _private.Mathlib.Tactic.Linter.Whitespace.0.Mathlib.Linter.Style.Whitespace.initFn._@.Mathlib.Tactic.Linter.Whitespace.391367517._hygCtx._hyg.2._boxed took 33.4ms
interpretation of linter.tacticAnalysis took 7.29ms
interpretation of Mathlib.TacticAnalysis.tacticAnalysisExt took 16ms
interpretation of _private.Mathlib.Tactic.TacticAnalysis.0.Mathlib.TacticAnalysis.initFn._@.Mathlib.Tactic.TacticAnalysis.2535838111._hygCtx._hyg.2 took 0.634ms
interpretation of _private.Mathlib.Tactic.TacticAnalysis.0.Mathlib.TacticAnalysis.initFn._@.Mathlib.Tactic.TacticAnalysis.2535838111._hygCtx._hyg.2._boxed took 26.2ms
interpretation of _private.Mathlib.Tactic.TacticAnalysis.0.Mathlib.TacticAnalysis.initFn._@.Mathlib.Tactic.TacticAnalysis.1736486024._hygCtx._hyg.2 took 0.631ms
interpretation of _private.Mathlib.Tactic.TacticAnalysis.0.Mathlib.TacticAnalysis.initFn._@.Mathlib.Tactic.TacticAnalysis.1736486024._hygCtx._hyg.2._boxed took 6.73ms
interpretation of linter.tacticAnalysis.dummy took 3.78ms
interpretation of linter.tacticAnalysis.regressions.linarithToGrind took 6.59ms
interpretation of linter.tacticAnalysis.regressions.ringToGrind took 4.21ms
interpretation of linter.tacticAnalysis.regressions.omegaToLia took 2.91ms
interpretation of linter.tacticAnalysis.omegaToLia took 3.42ms
interpretation of linter.tacticAnalysis.rwMerge took 2.9ms
interpretation of linter.tacticAnalysis.mergeWithGrind took 2.64ms
interpretation of linter.tacticAnalysis.terminalToGrind took 3.4ms
interpretation of linter.tacticAnalysis.tryAtEachStep.fraction took 4.63ms
interpretation of linter.tacticAnalysis.tryAtEachStep.showTiming took 4.04ms
interpretation of linter.tacticAnalysis.tryAtEachStep.selfReplacements took 2.73ms
interpretation of linter.tacticAnalysis.tryAtEachStepGrind took 2.65ms
interpretation of linter.tacticAnalysis.tryAtEachStepSimpAll took 2.65ms
interpretation of linter.tacticAnalysis.tryAtEachStepAesop took 2.66ms
interpretation of linter.tacticAnalysis.tryAtEachStepGrindSuggestions took 3.71ms
interpretation of linter.tacticAnalysis.tryAtEachStepSimpAllSuggestions took 5.27ms
interpretation of linter.tacticAnalysis.tryAtEachStepFromEnv took 5.06ms
interpretation of linter.tacticAnalysis.introMerge took 4.02ms
interpretation of linter.tacticAnalysis.verifyGrind took 2.69ms
interpretation of linter.tacticAnalysis.verifyGrindSuggestions took 2.66ms
interpretation of linter.tacticAnalysis.verifyGrindOnly took 2.63ms
interpretation of Batteries.Util.LibraryNote.libraryNoteExt took 10.4ms
interpretation of _private.Batteries.Util.ProofWanted.0.wantedInstancesExt took 18.3ms
interpretation of _private.Batteries.Util.ProofWanted.0.wantedArityExt took 8.14ms
interpretation of Batteries.Tactic.Lint.linter.simpNF.respectTransparency took 8.98ms
interpretation of _private.Batteries.Tactic.Lint.Frontend.0.Batteries.Tactic.Lint.initFn._@.Batteries.Tactic.Lint.Frontend.971841226._hygCtx._hyg.2 took 0.955ms
interpretation of _private.Batteries.Tactic.Lint.Frontend.0.Batteries.Tactic.Lint.initFn._@.Batteries.Tactic.Lint.Frontend.971841226._hygCtx._hyg.2._boxed took 21ms
interpretation of Mathlib.Linter.linter.dupNamespace took 7.77ms
interpretation of _private.Mathlib.Tactic.Linter.Lint.0.Mathlib.Linter.DupNamespaceLinter.initFn._@.Mathlib.Tactic.Linter.Lint.3996576634._hygCtx._hyg.2 took 0.638ms
interpretation of _private.Mathlib.Tactic.Linter.Lint.0.Mathlib.Linter.DupNamespaceLinter.initFn._@.Mathlib.Tactic.Linter.Lint.3996576634._hygCtx._hyg.2._boxed took 22.7ms
interpretation of linter.mathlibStandardSet took 5.11ms
interpretation of linter.nightlyRegressionSet took 4.71ms
interpretation of linter.weeklyLintSet took 3.37ms
interpretation of _private.Mathlib.Tactic.Widget.SelectInsertParamsClass.0.Lean.Elab.initFn._@.Mathlib.Tactic.Widget.SelectInsertParamsClass.1629491121._hygCtx._hyg.2 took 0.646ms
interpretation of _private.Mathlib.Tactic.Widget.SelectInsertParamsClass.0.Lean.Elab.initFn._@.Mathlib.Tactic.Widget.SelectInsertParamsClass.1629491121._hygCtx._hyg.2._boxed took 2.83ms
interpretation of ProofWidgets.runningRequests took 3.28ms
interpretation of _private.ProofWidgets.Cancellable.0.ProofWidgets.initFn._@.ProofWidgets.Cancellable.680169540._hygCtx._hyg.2 took 0.625ms
interpretation of _private.ProofWidgets.Cancellable.0.ProofWidgets.initFn._@.ProofWidgets.Cancellable.680169540._hygCtx._hyg.2._boxed took 24.6ms
interpretation of _private.Mathlib.Tactic.TacticAnalysis.0.Mathlib.TacticAnalysis.initFn._lam_5._@.Mathlib.Tactic.TacticAnalysis.358552301._hygCtx._hyg.2._boxed took 0.656ms
interpretation of coeNotation took 0.575ms
interpretation of coeFunNotation took 0.43ms
interpretation of coeSortNotation took 0.414ms
interpretation of Lean.Parser.Syntax.addPrec took 0.499ms
interpretation of Lean.Parser.Syntax.subPrec took 0.425ms
interpretation of Lean.Parser.Syntax.addPrio took 0.435ms
interpretation of Lean.Parser.Syntax.subPrio took 0.431ms
interpretation of precMax took 0.434ms
interpretation of precArg took 0.382ms
interpretation of precLead took 0.379ms
interpretation of prec(_) took 0.417ms
interpretation of precMin took 0.376ms
interpretation of precMin1 took 0.445ms
interpretation of termMax_prec took 0.403ms
interpretation of prioDefault took 0.407ms
interpretation of prioLow took 0.378ms
interpretation of prioMid took 0.389ms
interpretation of prioHigh took 0.389ms
interpretation of prio(_) took 0.393ms
interpretation of stx_+ took 0.642ms
interpretation of stx_* took 0.676ms
interpretation of stx_? took 0.591ms
interpretation of stx_<|>_ took 0.456ms
interpretation of stx_,* took 0.501ms
interpretation of stx_,+ took 0.416ms
interpretation of stx_,*,? took 0.492ms
interpretation of stx_,+,? took 0.54ms
interpretation of stx!_ took 0.405ms
interpretation of rawNatLit took 0.438ms
interpretation of term_∘_ took 0.726ms
interpretation of term_×_ took 0.492ms
interpretation of term_×'_ took 0.55ms
interpretation of term_∣_ took 0.485ms
interpretation of term_|||_ took 0.687ms
interpretation of term_^^^_ took 0.699ms
interpretation of term_&&&_ took 0.678ms
interpretation of term_+_ took 0.606ms
interpretation of term_-_ took 0.404ms
interpretation of term_*_ took 0.393ms
interpretation of term_/_ took 0.405ms
interpretation of term_%_ took 0.415ms
interpretation of term_<<<_ took 0.408ms
interpretation of term_>>>_ took 0.409ms
interpretation of term_^_ took 0.409ms
interpretation of term_++_ took 0.4ms
interpretation of term-_ took 0.451ms
interpretation of term~~~_ took 0.427ms
interpretation of term_⁻¹ took 0.531ms
interpretation of term_•_ took 0.68ms
interpretation of term_>=_ took 0.679ms
interpretation of term_<=_ took 0.408ms
interpretation of term_≤_ took 0.398ms
interpretation of term_<_ took 0.394ms
interpretation of term_≥_ took 0.644ms
interpretation of term_>_ took 0.416ms
interpretation of term_=_ took 0.396ms
interpretation of term_==_ took 0.416ms
interpretation of term_≍_ took 0.419ms
interpretation of term_∧_ took 0.398ms
interpretation of term_∨_ took 0.397ms
interpretation of term¬_ took 0.401ms
interpretation of term_&&_ took 0.399ms
interpretation of term_||_ took 0.398ms
interpretation of term!_ took 0.388ms
interpretation of term_∈_ took 0.406ms
interpretation of term_∉_ took 0.396ms
interpretation of term_::_ took 0.609ms
interpretation of term_<$>_ took 0.528ms
interpretation of term_>>=_ took 0.504ms
interpretation of term_<|>_ took 0.435ms
interpretation of term_>>_ took 0.405ms
interpretation of term_<*>_ took 0.409ms
interpretation of term_<*_ took 0.413ms
interpretation of term_*>_ took 0.401ms
interpretation of termDepIfThenElse took 0.403ms
interpretation of termIfThenElse took 0.41ms
interpretation of termIfLet took 0.404ms
interpretation of boolIfThenElse took 0.396ms
interpretation of term_<|_ took 0.404ms
interpretation of term_|>_ took 0.399ms
interpretation of term_$__ took 0.395ms
interpretation of term{_:_//_} took 0.427ms
interpretation of termWithout_expected_type_ took 0.447ms
interpretation of Lean.byElab took 0.455ms
interpretation of Lean.rawStx.quot took 0.415ms
interpretation of Lean.withAnnotateTerm took 0.449ms
interpretation of Lean.modCast took 0.523ms
interpretation of Lean.deprecated took 0.48ms
interpretation of Lean.deprecated_arg took 0.465ms
interpretation of Lean.suggest_for took 0.583ms
interpretation of Lean.univ_out_params took 0.48ms
interpretation of Lean.Attr.coe took 0.475ms
interpretation of Lean.command_code_action took 0.482ms
interpretation of Lean.builtin_command_code_action took 0.449ms
interpretation of Lean.includeStr took 0.66ms
interpretation of Lean.runCmd took 0.708ms
interpretation of Lean.runElab took 0.56ms
interpretation of Lean.runMeta took 0.505ms
interpretation of Lean.reduceCmd took 0.405ms
interpretation of Lean.guardMsgsCmd took 0.421ms
interpretation of Lean.guardPanicCmd took 0.409ms
interpretation of Lean.infoTreesCmd took 0.402ms
interpretation of Lean.setLibrarySuggestionsCmd took 0.436ms
interpretation of Lean.Parser.checkTactic took 0.44ms
interpretation of Lean.Parser.checkTacticFailure took 0.427ms
interpretation of Lean.Parser.checkSimp took 0.411ms
interpretation of Lean.Parser.checkSimpFailure took 0.423ms
interpretation of Lean.Parser.timeCmd took 0.406ms
interpretation of Lean.Parser.discrTreeKeyCmd took 0.419ms
interpretation of Lean.Parser.discrTreeSimpKeyCmd took 0.444ms
interpretation of Lean.Parser.commandSeal__ took 0.414ms
interpretation of Lean.Parser.commandUnseal__ took 0.602ms
interpretation of Lean.Parser.Tactic.as_aux_lemma took 0.715ms
interpretation of Lean.Parser.Tactic.withAnnotateState took 0.757ms
interpretation of Lean.Parser.Tactic.intro took 0.682ms
interpretation of Lean.Parser.Tactic.intros took 0.458ms
interpretation of Lean.Parser.Tactic.rename took 0.591ms
interpretation of Lean.Parser.Tactic.revert took 0.504ms
interpretation of Lean.Parser.Tactic.clear took 0.477ms
interpretation of Lean.Parser.Tactic.clearValue took 0.413ms
interpretation of Lean.Parser.Tactic.subst took 0.406ms
interpretation of Lean.Parser.Tactic.substVars took 0.415ms
interpretation of Lean.Parser.Tactic.assumption took 0.467ms
interpretation of Lean.Parser.Tactic.contradiction took 0.419ms
interpretation of Lean.Parser.Tactic.falseOrByContra took 0.427ms
interpretation of Lean.Parser.Tactic.apply took 0.463ms
interpretation of Lean.Parser.Tactic.exact took 0.397ms
interpretation of Lean.Parser.Tactic.refine took 0.574ms
interpretation of Lean.Parser.Tactic.refine' took 0.426ms
interpretation of Lean.Parser.Tactic.tacticExfalso took 0.553ms
interpretation of Lean.Parser.Tactic.constructor took 0.429ms
interpretation of Lean.Parser.Tactic.left took 0.399ms
interpretation of Lean.Parser.Tactic.right took 0.398ms
interpretation of Lean.Parser.Tactic.case took 0.404ms
interpretation of Lean.Parser.Tactic.case' took 0.41ms
interpretation of Lean.Parser.Tactic.tacticNext_=>_ took 0.436ms
interpretation of Lean.Parser.Tactic.allGoals took 0.404ms
interpretation of Lean.Parser.Tactic.anyGoals took 0.411ms
interpretation of Lean.Parser.Tactic.focus took 0.397ms
interpretation of Lean.Parser.Tactic.skip took 0.394ms
interpretation of Lean.Parser.Tactic.done took 0.392ms
interpretation of Lean.Parser.Tactic.traceState took 0.416ms
interpretation of Lean.Parser.Tactic.traceMessage took 0.409ms
interpretation of Lean.Parser.Tactic.failIfSuccess took 0.411ms
interpretation of Lean.Parser.Tactic.paren took 0.403ms
interpretation of Lean.Parser.Tactic.withReducible took 0.412ms
interpretation of Lean.Parser.Tactic.withReducibleAndInstances took 0.435ms
interpretation of Lean.Parser.Tactic.withImplicit took 0.411ms
interpretation of Lean.Parser.Tactic.withUnfoldingAll took 0.427ms
interpretation of Lean.Parser.Tactic.withUnfoldingNone took 0.451ms
interpretation of Lean.Parser.Tactic.first took 0.398ms
interpretation of Lean.Parser.Tactic.rotateLeft took 0.412ms
interpretation of Lean.Parser.Tactic.rotateRight took 0.41ms
interpretation of Lean.Parser.Tactic.tacticTry_ took 0.412ms
interpretation of Lean.Parser.Tactic.tactic_<;>_ took 0.432ms
interpretation of Lean.Parser.Tactic.fail took 0.409ms
interpretation of Lean.Parser.Tactic.eqRefl took 0.403ms
interpretation of Lean.Parser.Tactic.tacticRfl took 0.54ms
interpretation of Lean.Parser.Tactic.applyRfl took 0.412ms
interpretation of Lean.Parser.Tactic.tacticRfl' took 0.559ms
interpretation of Lean.Parser.Tactic.acRfl took 0.434ms
interpretation of Lean.Parser.Tactic.tacticSorry took 0.438ms
interpretation of Lean.Parser.Tactic.tacticAdmit took 0.469ms
interpretation of Lean.Parser.Tactic.tacticInfer_instance took 0.462ms
interpretation of Lean.Parser.Tactic.change took 0.413ms
interpretation of Lean.Parser.Tactic.show took 0.427ms
interpretation of Lean.Parser.Tactic.extractLets took 0.416ms
interpretation of Lean.Parser.Tactic.liftLets took 0.416ms
interpretation of Lean.Parser.Tactic.letToHave took 0.661ms
interpretation of Lean.Parser.Tactic.rewriteSeq took 0.699ms
interpretation of Lean.Parser.Tactic.rwSeq took 0.492ms
interpretation of Lean.Parser.Tactic.tacticRwa__ took 0.522ms
interpretation of Lean.Parser.Tactic.injection took 0.447ms
interpretation of Lean.Parser.Tactic.injections took 0.413ms
interpretation of Lean.Parser.Tactic.simp took 0.417ms
interpretation of Lean.Parser.Tactic.simpAll took 0.416ms
interpretation of Lean.Parser.Tactic.dsimp took 0.409ms
interpretation of Lean.Parser.Tactic.simpTrace took 0.44ms
interpretation of Lean.Parser.Tactic.tacticSimp?!_ took 0.439ms
interpretation of Lean.Parser.Tactic.simpAllTrace took 0.431ms
interpretation of Lean.Parser.Tactic.tacticSimp_all?!_ took 0.448ms
interpretation of Lean.Parser.Tactic.dsimpTrace took 0.416ms
interpretation of Lean.Parser.Tactic.tacticDsimp?!_ took 0.453ms
interpretation of Lean.Parser.Tactic.simpa took 0.405ms
interpretation of Lean.Parser.Tactic.simpaUsingBang took 0.42ms
interpretation of Lean.Parser.Tactic.tacticSimpa!_ took 0.431ms
interpretation of Lean.Parser.Tactic.tacticSimpa?_ took 0.427ms
interpretation of Lean.Parser.Tactic.tacticSimpa?!_ took 0.446ms
interpretation of Lean.Parser.Tactic.tacticSimpa!__1 took 0.43ms
interpretation of Lean.Parser.Tactic.tacticSimpa?__1 took 0.43ms
interpretation of Lean.Parser.Tactic.tacticSimpa?!__1 took 0.449ms
interpretation of Lean.Parser.Tactic.delta took 0.401ms
interpretation of Lean.Parser.Tactic.unfold took 0.401ms
interpretation of Lean.Parser.Tactic.tacticRefine_lift_ took 0.44ms
interpretation of Lean.Parser.Tactic.tacticHave__ took 0.422ms
interpretation of Lean.Parser.Tactic.tacticSuffices_ took 0.735ms
interpretation of Lean.Parser.Tactic.tacticLet__ took 0.866ms
interpretation of Lean.Parser.Tactic.letrec took 0.696ms
interpretation of Lean.Parser.Tactic.tacticRefine_lift'_ took 0.754ms
interpretation of Lean.Parser.Tactic.tacticHave' took 0.71ms
interpretation of Lean.Parser.Tactic.tacticLet'__ took 0.682ms
interpretation of Lean.Parser.Tactic.induction took 0.675ms
interpretation of Lean.Parser.Tactic.generalize took 0.727ms
interpretation of Lean.Parser.Tactic.cases took 0.639ms
interpretation of Lean.Parser.Tactic.funInduction took 0.696ms
interpretation of Lean.Parser.Tactic.funCases took 0.706ms
interpretation of Lean.Parser.Tactic.renameI took 0.684ms
interpretation of Lean.Parser.Tactic.tacticRepeat_ took 0.703ms
interpretation of Lean.Parser.Tactic.repeat' took 0.689ms
interpretation of Lean.Parser.Tactic.repeat1' took 0.66ms
interpretation of Lean.Parser.Tactic.tacticTrivial took 0.672ms
interpretation of Lean.Parser.Tactic.classical took 0.676ms
interpretation of Lean.Parser.Tactic.impossible took 0.694ms
interpretation of Lean.Parser.Tactic.split took 0.686ms
interpretation of Lean.Parser.Tactic.dbgTrace took 0.664ms
interpretation of Lean.Parser.Tactic.tacticStop_ took 0.682ms
interpretation of Lean.Parser.Tactic.tacticUnhygienic_ took 0.746ms
interpretation of Lean.Parser.Tactic.sleep took 0.659ms
interpretation of Lean.Parser.Tactic.tacticExists_,, took 0.437ms
interpretation of Lean.Parser.Tactic.congr took 0.405ms
interpretation of Lean.Parser.Tactic.tacIfThenElse took 0.438ms
interpretation of Lean.Parser.Tactic.tacDepIfThenElse took 0.424ms
interpretation of Lean.Parser.Tactic.tacticNofun took 0.411ms
interpretation of Lean.Parser.Tactic.tacticNomatch_,, took 0.44ms
interpretation of Lean.Parser.Tactic.replace took 0.41ms
interpretation of Lean.Parser.Tactic.specialize took 0.409ms
interpretation of Lean.Parser.Tactic.tacticAnd_intros took 0.421ms
interpretation of Lean.Parser.Tactic.substEqs took 0.413ms
interpretation of Lean.Parser.Tactic.runTac took 0.404ms
interpretation of Lean.Parser.Tactic.tacticHaveI__ took 0.422ms
interpretation of Lean.Parser.Tactic.tacticLetI__ took 0.429ms
interpretation of Lean.Parser.Tactic.decide took 0.404ms
interpretation of Lean.Parser.Tactic.nativeDecide took 0.659ms
interpretation of Lean.Parser.Tactic.omega took 0.474ms
interpretation of Lean.Parser.Tactic.tacticBv_omega took 0.461ms
interpretation of Lean.Parser.Tactic.acNf0 took 0.467ms
interpretation of Lean.Parser.Tactic.normCast0 took 0.479ms
interpretation of Lean.Parser.Tactic.tacticAssumption_mod_cast_ took 0.517ms
interpretation of Lean.Parser.Tactic.tacticNorm_cast__ took 0.462ms
interpretation of Lean.Parser.Tactic.pushCast took 0.461ms
interpretation of Lean.Parser.Tactic.normCastAddElim took 0.443ms
interpretation of Lean.Parser.Tactic.tacticAc_nf_ took 0.749ms
interpretation of Lean.Parser.Tactic.symm took 0.695ms
interpretation of Lean.Parser.Tactic.symmSaturate took 0.76ms
interpretation of Lean.Parser.Tactic.solveByElim took 0.819ms
interpretation of Lean.Parser.Tactic.applyAssumption took 0.732ms
interpretation of Lean.Parser.Tactic.applyRules took 0.57ms
interpretation of Lean.Parser.Tactic.exact? took 0.434ms
interpretation of Lean.Parser.Tactic.apply? took 0.432ms
interpretation of Lean.Parser.Tactic.rewrites? took 0.443ms
interpretation of Lean.Parser.Tactic.showTerm took 0.43ms
interpretation of Lean.Parser.Tactic.showTermElab took 0.428ms
interpretation of Lean.Parser.Tactic.by? took 0.404ms
interpretation of Lean.Parser.Tactic.exposeNames took 0.408ms
interpretation of Lean.Parser.Tactic.suggestions took 0.455ms
interpretation of Lean.Parser.Tactic.bvCheck took 0.561ms
interpretation of Lean.Parser.Tactic.bvDecide took 0.418ms
interpretation of Lean.Parser.Tactic.bvTrace took 0.418ms
interpretation of Lean.Parser.Tactic.bvNormalize took 0.412ms
interpretation of Lean.Parser.Tactic.massumptionMacro took 0.42ms
interpretation of Lean.Parser.Tactic.mclearMacro took 0.44ms
interpretation of Lean.Parser.Tactic.mconstructorMacro took 0.423ms
interpretation of Lean.Parser.Tactic.mexactMacro took 0.406ms
interpretation of Lean.Parser.Tactic.mexfalsoMacro took 0.411ms
interpretation of Lean.Parser.Tactic.mexistsMacro took 0.418ms
interpretation of Lean.Parser.Tactic.mframeMacro took 0.408ms
interpretation of Lean.Parser.Tactic.mhaveMacro took 0.411ms
interpretation of Lean.Parser.Tactic.mreplaceMacro took 0.412ms
interpretation of Lean.Parser.Tactic.mleftMacro took 0.418ms
interpretation of Lean.Parser.Tactic.mrightMacro took 0.407ms
interpretation of Lean.Parser.Tactic.mpureMacro took 0.41ms
interpretation of Lean.Parser.Tactic.mpureIntroMacro took 0.419ms
interpretation of Lean.Parser.Tactic.mrevertMacro took 0.481ms
interpretation of Lean.Parser.Tactic.mrenameIMacro took 0.416ms
interpretation of Lean.Parser.Tactic.mspecializeMacro took 0.537ms
interpretation of Lean.Parser.Tactic.mspecializePureMacro took 0.455ms
interpretation of Lean.Parser.Tactic.mstartMacro took 0.411ms
interpretation of Lean.Parser.Tactic.mstopMacro took 0.406ms
interpretation of Lean.Parser.Tactic.mleaveMacro took 0.406ms
interpretation of Lean.Parser.Tactic.mcasesMacro took 0.422ms
interpretation of Lean.Parser.Tactic.mrefineMacro took 0.412ms
interpretation of Lean.Parser.Tactic.mintroMacro took 0.406ms
interpretation of Lean.Parser.Tactic.mspecMacro took 0.413ms
interpretation of Lean.Parser.Tactic.mvcgenMacro took 0.406ms
interpretation of Lean.Parser.Tactic.vcgenMacro took 0.402ms
interpretation of Lean.Parser.Tactic.cbv took 0.392ms
interpretation of Lean.Parser.Tactic.decide_cbv took 0.42ms
interpretation of Lean.Parser.Attr.simp took 0.4ms
interpretation of Lean.Parser.Attr.wf_preprocess took 0.528ms
interpretation of Lean.Parser.Attr.method_specs_simp took 0.491ms
interpretation of Lean.Parser.Attr.cbv_eval took 0.496ms
interpretation of Lean.Parser.Attr.norm_cast took 0.425ms
interpretation of term‹_› took 0.428ms
interpretation of tacticGet_elem_tactic_extensible took 0.456ms
interpretation of tacticGet_elem_tactic_trivial took 0.412ms
interpretation of tacticGet_elem_tactic took 0.411ms
interpretation of Lean.Parser.Syntax.exact? took 0.427ms
interpretation of term_<->_ took 0.398ms
interpretation of term_↔_ took 0.379ms
interpretation of term_⊕_ took 0.393ms
interpretation of term_⊕'_ took 0.386ms
interpretation of term_≈_ took 0.375ms
interpretation of term_⊆_ took 0.377ms
interpretation of term_⊂_ took 0.399ms
interpretation of term_⊇_ took 0.646ms
interpretation of term_⊃_ took 0.663ms
interpretation of term_∪_ took 0.661ms
interpretation of term_∩_ took 0.859ms
interpretation of term_\_ took 0.666ms
interpretation of term{} took 0.684ms
interpretation of term∅ took 0.665ms
interpretation of term_!=_ took 0.681ms
interpretation of term_≠_ took 0.57ms
interpretation of term_<&>_ took 0.595ms
interpretation of term_<||>_ took 0.738ms
interpretation of term_<&&>_ took 0.747ms
interpretation of term_>=>_ took 0.69ms
interpretation of term_<=<_ took 0.489ms
interpretation of term_=<<_ took 0.451ms
interpretation of Lean.Parser.resetGrindAttrs took 0.416ms
interpretation of Lean.Parser.Attr.grind took 0.409ms
interpretation of Lean.Parser.Attr.grind! took 0.413ms
interpretation of Lean.Parser.Attr.grind? took 0.41ms
interpretation of Lean.Parser.Attr.grind!? took 0.425ms
interpretation of Lean.Parser.Attr.lia took 0.397ms
interpretation of Lean.Parser.Attr.lia! took 0.414ms
interpretation of Lean.Parser.Attr.lia? took 0.436ms
interpretation of Lean.Parser.Attr.lia!? took 0.418ms
interpretation of Lean.Parser.Tactic.Grind.grind_filter.quot took 0.464ms
interpretation of Lean.Parser.Tactic.Grind.grind_filter_ took 0.456ms
interpretation of Lean.Parser.Tactic.Grind.grind_filterGen<_ took 0.452ms
interpretation of Lean.Parser.Tactic.Grind.grind_filterGen=_ took 0.447ms
interpretation of Lean.Parser.Tactic.Grind.grind_filterGen!=_ took 0.454ms
interpretation of Lean.Parser.Tactic.Grind.grind_filterGen≤_ took 0.453ms
interpretation of Lean.Parser.Tactic.Grind.grind_filterGen<=_ took 0.463ms
interpretation of Lean.Parser.Tactic.Grind.grind_filterGen>_ took 0.442ms
interpretation of Lean.Parser.Tactic.Grind.grind_filterGen≥_ took 0.449ms
interpretation of Lean.Parser.Tactic.Grind.grind_filterGen>=_ took 0.46ms
interpretation of Lean.Parser.Tactic.Grind.grind_filter(_) took 0.443ms
interpretation of Lean.Parser.Tactic.Grind.grind_filter_&&_ took 0.45ms
interpretation of Lean.Parser.Tactic.Grind.grind_filter_||_ took 0.512ms
interpretation of Lean.Parser.Tactic.Grind.grind_filter!_ took 0.455ms
interpretation of Lean.Parser.Tactic.Grind.grind.quot took 0.423ms
interpretation of Lean.Parser.Tactic.Grind.paren took 0.409ms
interpretation of Lean.Parser.Tactic.Grind.skip took 0.419ms
interpretation of Lean.Parser.Tactic.Grind.lia took 0.404ms
interpretation of Lean.Parser.Tactic.Grind.ring took 0.405ms
interpretation of Lean.Parser.Tactic.Grind.ac took 0.408ms
interpretation of Lean.Parser.Tactic.Grind.linarith took 0.425ms
interpretation of Lean.Parser.Tactic.Grind.sorry took 0.407ms
interpretation of Lean.Parser.Tactic.Grind.instantiate took 0.426ms
interpretation of Lean.Parser.Tactic.Grind.use took 0.417ms
interpretation of Lean.Parser.Tactic.Grind.showAsserted took 0.431ms
interpretation of Lean.Parser.Tactic.Grind.showTrue took 0.416ms
interpretation of Lean.Parser.Tactic.Grind.showFalse took 0.42ms
interpretation of Lean.Parser.Tactic.Grind.showEqcs took 0.414ms
interpretation of Lean.Parser.Tactic.Grind.showCases took 0.425ms
interpretation of Lean.Parser.Tactic.Grind.showState took 0.416ms
interpretation of Lean.Parser.Tactic.Grind.showLocalThms took 0.573ms
interpretation of Lean.Parser.Tactic.Grind.showTerm took 0.732ms
interpretation of Lean.Parser.Tactic.Grind.showGoals took 0.865ms
interpretation of Lean.Parser.Tactic.Grind.grind_ref.quot took 0.851ms
interpretation of Lean.Parser.Tactic.Grind.grind_ref_ took 0.753ms
interpretation of Lean.Parser.Tactic.Grind.grind_ref__/__ took 0.813ms
interpretation of Lean.Parser.Tactic.Grind.grind_ref__1 took 0.836ms
interpretation of Lean.Parser.Tactic.Grind.cases took 0.675ms
interpretation of Lean.Parser.Tactic.Grind.casesTrace took 0.445ms
interpretation of Lean.Parser.Tactic.Grind.casesNext took 0.533ms
interpretation of Lean.Parser.Tactic.Grind.done took 0.717ms
interpretation of Lean.Parser.Tactic.Grind.finish took 0.823ms
interpretation of Lean.Parser.Tactic.Grind.finishTrace took 0.515ms
interpretation of Lean.Parser.Tactic.Grind.have took 0.448ms
interpretation of Lean.Parser.Tactic.Grind.nestedTacticCore took 0.447ms
interpretation of Lean.Parser.Tactic.Grind.allGoals took 0.434ms
interpretation of Lean.Parser.Tactic.Grind.focus took 0.414ms
interpretation of Lean.Parser.Tactic.Grind.next took 0.429ms
interpretation of Lean.Parser.Tactic.Grind.grind·_ took 0.483ms
interpretation of Lean.Parser.Tactic.Grind.case took 0.425ms
interpretation of Lean.Parser.Tactic.Grind.anyGoals took 0.421ms
interpretation of Lean.Parser.Tactic.Grind.withAnnotateState took 0.45ms
interpretation of Lean.Parser.Tactic.Grind.grind_<;>_ took 0.446ms
interpretation of Lean.Parser.Tactic.Grind.first took 0.409ms
interpretation of Lean.Parser.Tactic.Grind.grindTry_ took 0.424ms
interpretation of Lean.Parser.Tactic.Grind.failIfSuccess took 0.426ms
interpretation of Lean.Parser.Tactic.Grind.grindAdmit took 0.419ms
interpretation of Lean.Parser.Tactic.Grind.fail took 0.405ms
interpretation of Lean.Parser.Tactic.Grind.grindRepeat_ took 0.437ms
interpretation of Lean.Parser.Tactic.Grind.renameI took 0.414ms
interpretation of Lean.Parser.Tactic.Grind.exposeNames took 0.42ms
interpretation of Lean.Parser.Tactic.Grind.setOption took 0.416ms
interpretation of Lean.Parser.Tactic.Grind.setConfig took 0.417ms
interpretation of Lean.Parser.Tactic.Grind.haveSilent took 0.42ms
interpretation of Lean.Parser.Tactic.Grind.mbtc took 0.408ms
interpretation of Lean.Parser.Tactic.Grind.symIntro took 0.423ms
interpretation of Lean.Parser.Tactic.Grind.symIntroLight took 0.453ms
interpretation of Lean.Parser.Tactic.Grind.symIntros took 0.418ms
interpretation of Lean.Parser.Tactic.Grind.symIntrosLight took 0.441ms
interpretation of Lean.Parser.Tactic.Grind.symApply took 0.418ms
interpretation of Lean.Parser.Tactic.Grind.symInternalize took 0.429ms
interpretation of Lean.Parser.Tactic.Grind.symInternalizeAll took 0.432ms
interpretation of Lean.Parser.Tactic.Grind.symByContra took 0.429ms
interpretation of Lean.Parser.Tactic.Grind.symSimp took 0.411ms
interpretation of Lean.Parser.Tactic.Grind.symDSimp took 0.414ms
interpretation of Lean.Parser.Tactic.Grind.symRw took 0.418ms
interpretation of Lean.Parser.Tactic.Grind.grindExact_ took 0.426ms
interpretation of Lean.Parser.Tactic.Grind.symCbv took 0.409ms
interpretation of Lean.Parser.Tactic.Grind.bvNormalize took 0.462ms
interpretation of Lean.Parser.Tactic.Grind.bvDecide took 0.428ms
interpretation of Lean.Parser.Tactic.Grind.bvTrace took 0.421ms
interpretation of Lean.Parser.Tactic.Grind.bvCheck took 0.413ms
interpretation of Lean.Parser.Tactic.grind took 0.403ms
interpretation of Lean.Parser.Tactic.grindTrace took 0.416ms
interpretation of Lean.Parser.Tactic.sym took 0.4ms
interpretation of Lean.Parser.Tactic.cutsat took 0.418ms
interpretation of Lean.Parser.Tactic.lia took 0.396ms
interpretation of Lean.Parser.Tactic.grind_order took 0.419ms
interpretation of Lean.Parser.Tactic.grind_linarith took 0.428ms
interpretation of Lean.Parser.Tactic.grobner took 0.405ms
interpretation of Int.term-[_+1] took 0.43ms
interpretation of term[_] took 0.38ms
interpretation of term%[_|_] took 0.536ms
interpretation of List.term_<+_ took 0.697ms
interpretation of List.term_<+:_ took 0.713ms
interpretation of List.term_<:+_ took 0.834ms
interpretation of List.term_<:+:_ took 0.807ms
interpretation of List.term_~_ took 0.689ms
interpretation of tacticSimp_wf took 0.505ms
interpretation of tacticClean_wf took 0.604ms
interpretation of tacticDecreasing_trivial took 0.63ms
interpretation of tacticDecreasing_trivial_pre_omega took 0.425ms
interpretation of tacticDecreasing_with_ took 0.622ms
interpretation of tacticDecreasing_tactic took 0.729ms
interpretation of term__[_] took 0.733ms
interpretation of term__[_]'_ took 0.57ms
interpretation of term__[_]_? took 0.483ms
interpretation of term__[_]_! took 0.403ms
interpretation of term#[_,] took 0.402ms
interpretation of Lean.termEval_prec_ took 0.409ms
interpretation of Lean.termEval_prio_ took 0.399ms
interpretation of Lean.Parser.Tactic.tacticErw___ took 0.45ms
interpretation of Lean.Parser.Tactic.declareSimpLikeTactic took 0.45ms
interpretation of Lean.Parser.Tactic.simpAutoUnfold took 0.453ms
interpretation of Lean.Parser.Tactic.simpArith took 0.441ms
interpretation of Lean.Parser.Tactic.simpArithBang took 0.436ms
interpretation of Lean.Parser.Tactic.simpAllAutoUnfold took 0.485ms
interpretation of Lean.Parser.Tactic.simpAllArith took 0.423ms
interpretation of Lean.Parser.Tactic.simpAllArithBang took 0.434ms
interpretation of Lean.Parser.Tactic.dsimpAutoUnfold took 0.433ms
interpretation of Lean.Parser.Tactic.tacticIterate____ took 0.44ms
interpretation of Lean.Parser.Tactic.tacticRw_mod_cast___ took 0.472ms
interpretation of Lean.Parser.Tactic.tacticExact_mod_cast_ took 0.442ms
interpretation of Lean.Parser.Tactic.tacticApply_mod_cast_ took 0.436ms
interpretation of tacticBy_cases_:_ took 0.413ms
interpretation of Lean.Parser.Tactic.rcasesPat.quot took 0.418ms
interpretation of Lean.Parser.Tactic.rcasesPat.one took 0.516ms
interpretation of Lean.Parser.Tactic.rcasesPat.ignore took 0.446ms
interpretation of Lean.Parser.Tactic.rcasesPat.clear took 0.469ms
interpretation of Lean.Parser.Tactic.rcasesPat.explicit took 0.45ms
interpretation of Lean.Parser.Tactic.rcasesPat.tuple took 0.418ms
interpretation of Lean.Parser.Tactic.rcasesPat.paren took 0.439ms
interpretation of Lean.Parser.Tactic.rintroPat.quot took 0.433ms
interpretation of Lean.Parser.Tactic.rintroPat.one took 0.415ms
interpretation of Lean.Parser.Tactic.rintroPat.binder took 0.442ms
interpretation of Lean.Parser.Tactic.rcases took 0.405ms
interpretation of Lean.Parser.Tactic.obtain took 0.401ms
interpretation of Lean.Parser.Tactic.rintro took 0.398ms
interpretation of Lean.Parser.Tactic.Conv.conv.quot took 0.427ms
interpretation of Lean.Parser.Tactic.Conv.withAnnotateState took 0.431ms
interpretation of Lean.Parser.Tactic.Conv.skip took 0.404ms
interpretation of Lean.Parser.Tactic.Conv.cbv took 0.409ms
interpretation of Lean.Parser.Tactic.Conv.lhs took 0.448ms
interpretation of Lean.Parser.Tactic.Conv.rhs took 0.408ms
interpretation of Lean.Parser.Tactic.Conv.fun took 0.4ms
interpretation of Lean.Parser.Tactic.Conv.whnf took 0.415ms
interpretation of Lean.Parser.Tactic.Conv.zeta took 0.4ms
interpretation of Lean.Parser.Tactic.Conv.reduce took 0.407ms
interpretation of Lean.Parser.Tactic.Conv.congr took 0.409ms
interpretation of Lean.Parser.Tactic.Conv.arg took 0.414ms
interpretation of Lean.Parser.Tactic.Conv.ext took 0.406ms
interpretation of Lean.Parser.Tactic.Conv.change took 0.408ms
interpretation of Lean.Parser.Tactic.Conv.delta took 0.413ms
interpretation of Lean.Parser.Tactic.Conv.unfold took 0.408ms
interpretation of Lean.Parser.Tactic.Conv.pattern took 0.409ms
interpretation of Lean.Parser.Tactic.Conv.rewrite took 0.411ms
interpretation of Lean.Parser.Tactic.Conv.simp took 0.416ms
interpretation of Lean.Parser.Tactic.Conv.simpTrace took 0.417ms
interpretation of Lean.Parser.Tactic.Conv.dsimp took 0.408ms
interpretation of Lean.Parser.Tactic.Conv.dsimpTrace took 0.418ms
interpretation of Lean.Parser.Tactic.Conv.simpMatch took 0.416ms
interpretation of Lean.Parser.Tactic.Conv.clear took 0.421ms
interpretation of Lean.Parser.Tactic.Conv.nestedTacticCore took 0.436ms
interpretation of Lean.Parser.Tactic.Conv.nestedTactic took 0.418ms
interpretation of Lean.Parser.Tactic.Conv.convTactic took 0.414ms
interpretation of Lean.Parser.Tactic.Conv.nestedConv took 0.416ms
interpretation of Lean.Parser.Tactic.Conv.paren took 0.413ms
interpretation of Lean.Parser.Tactic.Conv.convRfl took 0.411ms
interpretation of Lean.Parser.Tactic.Conv.convDone took 0.411ms
interpretation of Lean.Parser.Tactic.Conv.convTrace_state took 0.439ms
interpretation of Lean.Parser.Tactic.Conv.allGoals took 0.41ms
interpretation of Lean.Parser.Tactic.Conv.anyGoals took 0.413ms
interpretation of Lean.Parser.Tactic.Conv.case took 0.404ms
interpretation of Lean.Parser.Tactic.Conv.case' took 0.413ms
interpretation of Lean.Parser.Tactic.Conv.convNext__=>_ took 0.445ms
interpretation of Lean.Parser.Tactic.Conv.focus took 0.459ms
interpretation of Lean.Parser.Tactic.Conv.convConvSeq took 0.626ms
interpretation of Lean.Parser.Tactic.Conv.conv·_ took 0.453ms
interpretation of Lean.Parser.Tactic.Conv.failIfSuccess took 0.437ms
interpretation of Lean.Parser.Tactic.Conv.convRw__ took 0.451ms
interpretation of Lean.Parser.Tactic.Conv.convErw__ took 0.464ms
interpretation of Lean.Parser.Tactic.Conv.convArgs took 0.424ms
interpretation of Lean.Parser.Tactic.Conv.convLeft took 0.43ms
interpretation of Lean.Parser.Tactic.Conv.convRight took 0.439ms
interpretation of Lean.Parser.Tactic.Conv.convIntro___ took 0.445ms
interpretation of Lean.Parser.Tactic.Conv.enter took 0.459ms
interpretation of Lean.Parser.Tactic.Conv.convApply_ took 0.735ms
interpretation of Lean.Parser.Tactic.Conv.first took 0.63ms
interpretation of Lean.Parser.Tactic.Conv.convTry_ took 0.569ms
interpretation of Lean.Parser.Tactic.Conv.conv_<;>_ took 0.445ms
interpretation of Lean.Parser.Tactic.Conv.convRepeat_ took 0.469ms
interpretation of Lean.Parser.Tactic.Conv.extractLets took 0.438ms
interpretation of Lean.Parser.Tactic.Conv.liftLets took 0.442ms
interpretation of Lean.Parser.Tactic.Conv.letToHave took 0.424ms
interpretation of Lean.Parser.Tactic.Conv.conv took 0.414ms
interpretation of Lean.Parser.Tactic.Conv.normCast took 0.416ms
interpretation of Lean.command__Unif_hint____Where_|_-⊢__ took 0.481ms
interpretation of term∃_,_ took 0.41ms
interpretation of termExists_,_ took 0.391ms
interpretation of termΣ_,_ took 0.387ms
interpretation of termΣ'_,_ took 0.405ms
interpretation of term_×__1 took 0.379ms
interpretation of term_×'__1 took 0.386ms
interpretation of Lean.calc took 0.372ms
interpretation of Lean.calcTactic took 0.394ms
interpretation of Lean.convCalc_ took 0.385ms
interpretation of tacticFunext___ took 0.388ms
interpretation of Lean.Parser.Command.classAbbrev took 0.44ms
interpretation of Lean.cdot took 0.369ms
interpretation of Lean.solveTactic took 0.386ms
interpretation of Lean.term_Matches_| took 0.397ms
interpretation of term{_} took 0.386ms
interpretation of Lean.Parser.Attr.ext took 0.4ms
interpretation of Lean.Elab.Tactic.Ext.ext took 0.432ms
interpretation of Lean.Elab.Tactic.Ext.applyExtTheorem took 0.423ms
interpretation of Lean.Elab.Tactic.Ext.tacticExt1___ took 0.435ms
interpretation of Lean.binderPred.quot took 0.391ms
interpretation of Lean.termSatisfies_binder_pred%__ took 0.432ms
interpretation of Lean.term∃__,_ took 0.71ms
interpretation of Lean.term∀__,_ took 0.696ms
interpretation of Lean.binderPred>_ took 0.442ms
interpretation of Lean.binderPred≥_ took 0.472ms
interpretation of Lean.binderPred<_ took 0.395ms
interpretation of Lean.binderPred≤_ took 0.408ms
interpretation of Lean.binderPred≠_ took 0.41ms
interpretation of Lean.binderPred∈_ took 0.492ms
interpretation of Lean.binderPred∉_ took 0.402ms
interpretation of Lean.binderPred⊆_ took 0.42ms
interpretation of Lean.binderPred⊂_ took 0.395ms
interpretation of Lean.binderPred⊇_ took 0.395ms
interpretation of Lean.binderPred⊃_ took 0.394ms
interpretation of Bool.term_^^_ took 0.421ms
interpretation of List.tacticSizeOf_list_dec took 0.41ms
interpretation of BitVec.term__#__ took 0.401ms
interpretation of BitVec.term__#'__ took 0.405ms
interpretation of Std.term_...* took 0.444ms
interpretation of Std.term*...* took 0.404ms
interpretation of Std.term_<...* took 0.406ms
interpretation of Std.term_...<_ took 0.404ms
interpretation of Std.term_..._ took 0.403ms
interpretation of Std.term*...<_ took 0.409ms
interpretation of Std.term*..._ took 0.402ms
interpretation of Std.term_<...<_ took 0.489ms
interpretation of Std.term_<..._ took 0.717ms
interpretation of Std.term_...=_ took 0.746ms
interpretation of Std.term*...=_ took 0.825ms
interpretation of Std.term_<...=_ took 0.758ms
interpretation of Vector.term#v[_,] took 0.467ms
interpretation of Std.Legacy.Range.term[:_] took 0.463ms
interpretation of Std.Legacy.Range.term[_:_] took 0.455ms
interpretation of Std.Legacy.Range.term[:_:_] took 0.446ms
interpretation of Std.Legacy.Range.term[_:_:_] took 0.442ms
interpretation of Array.term__[_:_] took 0.661ms
interpretation of Array.term__[_:] took 0.672ms
interpretation of Array.term__[:_] took 0.722ms
interpretation of String.Internal.tacticOrder took 0.573ms
interpretation of Array.tacticArray_get_dec took 0.477ms
interpretation of Array.tacticArray_mem_dec took 0.428ms
interpretation of Array.term_~_ took 0.393ms
interpretation of commandDeclare_uint_theorems__ took 0.429ms
interpretation of commandDeclare_bitwise_uint_theorems__ took 0.457ms
interpretation of commandDeclare_int_theorems__ took 0.418ms
interpretation of commandDeclare_bitwise_int_theorems__ took 0.438ms
interpretation of termPrintln!__ took 0.395ms
interpretation of termS!_ took 0.384ms
interpretation of Std.termF!_ took 0.389ms
interpretation of Vector.term_~_ took 0.392ms
interpretation of Rat.term_/._ took 0.433ms
interpretation of Lean.Parser.command_Grind_propagator___(_):=_ took 0.498ms
interpretation of Lean.Parser.command_Builtin_grind_propagator____:=_ took 0.486ms
interpretation of Lean.Parser.grindPropagatorBuiltinAttr took 0.426ms
interpretation of DerivingHelpers.tacticDeriving_ReflEq_tactic took 0.451ms
interpretation of tacticDeriving_LawfulEq_tactic_step took 0.423ms
interpretation of tacticDeriving_LawfulEq_tactic took 0.409ms
interpretation of Lean.Parser.Command.grindAnnotated took 0.439ms
interpretation of Lean.Grind.grindLintCheck took 0.429ms
interpretation of Lean.Grind.grindLintInspect took 0.405ms
interpretation of Lean.Grind.grindLintMute took 0.398ms
interpretation of Lean.Grind.grindLintSkip took 0.405ms
interpretation of Lean.Parser.Tactic.guardExpr took 0.413ms
interpretation of Lean.Parser.Tactic.guardExprConv took 0.414ms
interpretation of Lean.Parser.Tactic.guardTarget took 0.419ms
interpretation of Lean.Parser.Tactic.guardTargetConv took 0.422ms
interpretation of Lean.Parser.Tactic.guardHyp took 0.406ms
interpretation of Lean.Parser.Tactic.guardHypConv took 0.413ms
interpretation of Lean.Parser.Command.guardExprCmd took 0.538ms
interpretation of Lean.Parser.Command.guardCmd took 0.41ms
interpretation of Lean.Parser.command__Simproc__[_]_(_):=_ took 0.495ms
interpretation of Lean.Parser.command__Dsimproc__[_]_(_):=_ took 0.501ms
interpretation of Lean.Parser.command_Simproc_decl_(_):=_ took 0.462ms
interpretation of Lean.Parser.command_Dsimproc_decl_(_):=_ took 0.472ms
interpretation of Lean.Parser.command__Builtin_simproc__[_]_(_):=_ took 0.499ms
interpretation of Lean.Parser.command__Builtin_dsimproc__[_]_(_):=_ took 0.504ms
interpretation of Lean.Parser.command_Builtin_simproc_decl_(_):=_ took 0.49ms
interpretation of Lean.Parser.command_Builtin_dsimproc_decl_(_):=_ took 0.482ms
interpretation of Lean.Parser.simprocPattern took 0.399ms
interpretation of Lean.Parser.simprocPatternBuiltin took 0.413ms
interpretation of Lean.Parser.Attr.simprocAttr took 0.405ms
interpretation of Lean.Parser.Attr.sevalprocAttr took 0.409ms
interpretation of Lean.Parser.Attr.simprocBuiltinAttr took 0.418ms
interpretation of Lean.Parser.Attr.sevalprocBuiltinAttr took 0.429ms
interpretation of Lean.Parser.command__Cbv_simproc____(_):=_ took 0.477ms
interpretation of Lean.Parser.command_Cbv_simproc_decl_(_):=_ took 0.473ms
interpretation of Lean.Parser.command__Builtin_cbv_simproc____(_):=_ took 0.5ms
interpretation of Lean.Parser.command_Builtin_cbv_simproc_decl_(_):=_ took 0.491ms
interpretation of Lean.Parser.cbvSimprocPattern took 0.406ms
interpretation of Lean.Parser.cbvSimprocPatternBuiltin took 0.418ms
interpretation of Lean.Parser.Attr.cbvSimprocAttr took 0.41ms
interpretation of Lean.Parser.Attr.cbvSimprocBuiltinAttr took 0.424ms
interpretation of Lean.termMacro.trace[_]_ took 0.426ms
interpretation of Lean.Parser.Sym.Simp.sym_simproc.quot took 0.441ms
interpretation of Lean.Parser.Sym.Simp.sym_discharger.quot took 0.432ms
interpretation of Lean.Parser.Sym.Simp.ground took 0.399ms
interpretation of Lean.Parser.Sym.Simp.telescope took 0.405ms
interpretation of Lean.Parser.Sym.Simp.control took 0.409ms
interpretation of Lean.Parser.Sym.Simp.arrowTelescope took 0.457ms
interpretation of Lean.Parser.Sym.Simp.rewriteSet took 0.685ms
interpretation of Lean.Parser.Sym.Simp.rewriteInline took 0.838ms
interpretation of Lean.Parser.Sym.Simp.self took 0.703ms
interpretation of Lean.Parser.Sym.Simp.none took 0.673ms
interpretation of Lean.Parser.Sym.Simp.andThen took 0.695ms
interpretation of Lean.Parser.Sym.Simp.orElse took 0.679ms
interpretation of Lean.Parser.Sym.Simp.simprocParen took 0.672ms
interpretation of Lean.Parser.Sym.Simp.dischSelf took 0.554ms
interpretation of Lean.Parser.Sym.Simp.dischNone took 0.454ms
interpretation of Lean.Parser.Sym.Simp.dischParen took 0.459ms
interpretation of Lean.Parser.Sym.Simp.dischGrind took 0.7ms
interpretation of Lean.Parser.Command.sym_simp_field.quot took 0.769ms
interpretation of Lean.Parser.Command.symSimpFieldPre took 0.667ms
interpretation of Lean.Parser.Command.symSimpFieldPost took 0.48ms
interpretation of Lean.Parser.Command.symSimpFieldMaxSteps took 0.443ms
interpretation of Lean.Parser.Command.symSimpFieldMaxDischargeDepth took 0.445ms
interpretation of Lean.Parser.Command.registerSymSimp took 0.416ms
interpretation of Lean.Parser.Sym.DSimp.sym_dsimproc.quot took 0.431ms
interpretation of Lean.Parser.Sym.DSimp.none took 0.41ms
interpretation of Lean.Parser.Sym.DSimp.ground took 0.403ms
interpretation of Lean.Parser.Sym.DSimp.beta took 0.396ms
interpretation of Lean.Parser.Sym.DSimp.zeta took 0.397ms
interpretation of Lean.Parser.Sym.DSimp.zetaDelta took 0.408ms
interpretation of Lean.Parser.Sym.DSimp.proj took 0.397ms
interpretation of Lean.Parser.Sym.DSimp.reduceMatch took 0.413ms
interpretation of Lean.Parser.Sym.DSimp.andThen took 0.414ms
interpretation of Lean.Parser.Sym.DSimp.orElse took 0.419ms
interpretation of Lean.Parser.Sym.DSimp.dsimprocParen took 0.416ms
interpretation of Lean.Parser.Command.sym_dsimp_field.quot took 0.431ms
interpretation of Lean.Parser.Command.symDSimpFieldPre took 0.432ms
interpretation of Lean.Parser.Command.symDSimpFieldPost took 0.419ms
interpretation of Lean.Parser.Command.symDSimpFieldMaxSteps took 0.427ms
interpretation of Lean.Parser.Command.registerSymDSimp took 0.419ms
interpretation of Lean.Order.term_⊑_ took 0.421ms
interpretation of Lean.Order.term⊥ took 0.388ms
interpretation of Lean.Order.monotonicity took 0.391ms
interpretation of Lean.Parser.Tactic.tryTrace took 0.414ms
interpretation of Lean.Parser.Tactic.tryTraceWith took 0.414ms
interpretation of Lean.Parser.Tactic.attemptAll took 0.41ms
interpretation of Lean.Parser.Tactic.attemptAllPar took 0.412ms
interpretation of Lean.Parser.Tactic.firstPar took 0.43ms
interpretation of Lean.Parser.Tactic.tryResult took 0.474ms
interpretation of Lean.Parser.Command.registerTryTactic took 0.427ms
interpretation of tactic∎ took 0.416ms
interpretation of term∎ took 0.372ms
interpretation of Std.DHashMap.Raw.term_~m_ took 0.46ms
interpretation of Std.DHashMap.term_~m_ took 0.408ms
interpretation of Std.HashMap.term_~m_ took 0.424ms
interpretation of Std.HashSet.term_~m_ took 0.404ms
interpretation of Std.DTreeMap.Internal.Impl.tacticTree_tac took 0.432ms
interpretation of Std.DTreeMap.Internal.Impl.term✓ took 0.431ms
interpretation of Std.DTreeMap.Internal.Impl.term_~m_ took 0.434ms
interpretation of Std.DTreeMap.term_~m_ took 0.498ms
interpretation of Std.TreeMap.term_~m_ took 0.419ms
interpretation of Std.TreeSet.term_~m_ took 0.4ms
interpretation of Std.HashMap.Raw.term_~m_ took 0.409ms
interpretation of Lean.Option.registerBuiltinOption took 0.593ms
interpretation of Lean.Option.registerOption took 0.579ms
interpretation of Std.DTreeMap.Raw.term_~m_ took 0.427ms
interpretation of Std.TreeMap.Raw.term_~m_ took 0.421ms
interpretation of Lean.termM!_ took 0.547ms
interpretation of Lean.termThrowError__ took 0.556ms
interpretation of Lean.termThrowErrorAt____ took 0.576ms
interpretation of Lean.doElemTrace[_]__ took 0.589ms
interpretation of Lean.PrettyPrinter.Delaborator.attrApp_delab_ took 0.67ms
interpretation of Lean.termRegister_parser_alias(Kind:=_)______ took 0.693ms
interpretation of Lean.Doc.Syntax.arg_val.quot took 0.594ms
interpretation of Lean.Doc.Syntax.arg_str took 0.568ms
interpretation of Lean.Doc.Syntax.arg_ident took 0.559ms
interpretation of Lean.Doc.Syntax.arg_num took 0.552ms
interpretation of Lean.Doc.Syntax.doc_arg.quot took 0.574ms
interpretation of Lean.Doc.Syntax.anon took 0.542ms
interpretation of Lean.Doc.Syntax.named took 0.844ms
interpretation of Lean.Doc.Syntax.named_no_paren took 1.03ms
interpretation of Lean.Doc.Syntax.flag_on took 1.21ms
interpretation of Lean.Doc.Syntax.flag_off took 1.04ms
interpretation of Lean.Doc.Syntax.link_target.quot took 0.934ms
interpretation of Lean.Doc.Syntax.url took 0.635ms
interpretation of Lean.Doc.Syntax.ref took 0.628ms
interpretation of Lean.Doc.Syntax.inline.quot took 0.858ms
interpretation of Lean.Doc.Syntax.text took 0.892ms
interpretation of Lean.Doc.Syntax.emph took 0.948ms
interpretation of Lean.Doc.Syntax.bold took 0.951ms
interpretation of Lean.Doc.Syntax.link took 0.946ms
interpretation of Lean.Doc.Syntax.image took 0.626ms
interpretation of Lean.Doc.Syntax.footnote took 0.557ms
interpretation of Lean.Doc.Syntax.linebreak took 0.556ms
interpretation of Lean.Doc.Syntax.code took 0.549ms
interpretation of Lean.Doc.Syntax.role took 0.541ms
interpretation of Lean.Doc.Syntax.inline_math took 0.565ms
interpretation of Lean.Doc.Syntax.display_math took 0.576ms
interpretation of Lean.Doc.Syntax.block.quot took 0.557ms
interpretation of Lean.Doc.Syntax.list_item.quot took 0.582ms
interpretation of Lean.Doc.Syntax.li took 0.536ms
interpretation of Lean.Doc.Syntax.desc_item.quot took 0.574ms
interpretation of Lean.Doc.Syntax.desc took 0.552ms
interpretation of Lean.Doc.Syntax.para took 0.541ms
interpretation of Lean.Doc.Syntax.ul took 0.535ms
interpretation of Lean.Doc.Syntax.dl took 0.544ms
interpretation of Lean.Doc.Syntax.ol took 0.511ms
interpretation of Lean.Doc.Syntax.codeblock took 0.533ms
interpretation of Lean.Doc.Syntax.blockquote took 0.609ms
interpretation of Lean.Doc.Syntax.link_ref took 0.551ms
interpretation of Lean.Doc.Syntax.footnote_ref took 0.558ms
interpretation of Lean.Doc.Syntax.directive took 0.548ms
interpretation of Lean.Doc.Syntax.header took 0.542ms
interpretation of Lean.Doc.Syntax.metadata_block took 0.552ms
interpretation of Lean.Doc.Syntax.metadataContents took 0.56ms
interpretation of Lean.Doc.Syntax.command took 0.528ms
interpretation of Lean.Parser.Term.InternalSyntax.doSkip took 0.582ms
interpretation of Lean.Parser.Command.InternalSyntax.end_local_scope took 0.616ms
interpretation of Lean.Json.json.quot took 0.55ms
interpretation of Lean.Json.jsonNull took 0.522ms
interpretation of Lean.Json.jsonTrue took 0.51ms
interpretation of Lean.Json.jsonFalse took 0.513ms
interpretation of Lean.Json.json_ took 0.517ms
interpretation of Lean.Json.json-_ took 0.523ms
interpretation of Lean.Json.json-__1 took 0.528ms
interpretation of Lean.Json.json[_] took 0.539ms
interpretation of Lean.Json.json{_} took 0.529ms
interpretation of Lean.Json.termJson%_ took 0.535ms
interpretation of Lean.Linter.command_Register_linter_set_:=_ took 0.454ms
interpretation of adaptationNoteCmd took 10.5ms
interpretation of tactic#adaptation_note_ took 5.26ms
interpretation of adaptationNoteTermStx took 5.35ms
interpretation of lemma took 18.2ms
interpretation of Mathlib.Linter.HaveILetI.tacticHaveI__ took 12.5ms
interpretation of Mathlib.Linter.HaveILetI.tacticLetI__ took 6.36ms
interpretation of Lean.commandDeclare_uint_simprocs_ took 0.651ms
interpretation of Lean.commandDeclare_sint_simprocs_ took 0.632ms
interpretation of Lean.Parser.Command.registerSimpAttr took 0.612ms
interpretation of Batteries.Tactic.Lint.env_linter took 9.22ms
interpretation of Batteries.Tactic.Lint.nolint took 11.9ms
interpretation of Mathlib.Linter.UnusedTactic.command#allow_unused_tactic!___ took 29.6ms
interpretation of Mathlib.Linter.UnusedTactic.command#show_kind_ took 8.97ms
interpretation of Batteries.Tactic.unreachable took 5.33ms
interpretation of Batteries.Tactic.unreachableConv took 2.7ms
interpretation of Mathlib.Linter.Style.show took 7.31ms
interpretation of Mathlib.Command.MinImports.minImpsStx took 15.3ms
interpretation of Mathlib.Command.MinImports.command#min_importsIn_ took 7.74ms
interpretation of Mathlib.Tactic.ExtractGoal.extractGoal took 33.2ms
interpretation of Mathlib.GuardExceptions.parseCmd took 15.6ms
interpretation of Lean.Elab.Term.termSort* took 5.9ms
interpretation of Lean.Elab.Term.termType* took 4.13ms
interpretation of Batteries.Util.LibraryNote.commandLibrary_note___ took 23ms
interpretation of Batteries.Tactic.command#help_Option___ took 25ms
interpretation of Lean.Parser.rawIdent took 0.534ms
interpretation of Batteries.Tactic.command#help_AttrAttribute___ took 17.7ms
interpretation of Lean.Parser.rawIdent took 0.0047ms
interpretation of Batteries.Tactic.command#help_Cats___ took 6.56ms
interpretation of Lean.Parser.rawIdent took 0.0066ms
interpretation of Batteries.Tactic.command#help_Cat+______ took 21.8ms
interpretation of Lean.Parser.rawIdent took 0.0048ms
interpretation of Batteries.Tactic.command#help_Note___ took 15.2ms
interpretation of Lean.Parser.strLit took 0.568ms
interpretation of Batteries.Tactic.command#help_Term+____ took 7.3ms
interpretation of Lean.Parser.rawIdent took 0.0044ms
interpretation of Batteries.Tactic.command#help_Tactic+____ took 7.28ms
interpretation of Lean.Parser.rawIdent took 0.0039ms
interpretation of Batteries.Tactic.command#help_Conv+____ took 7.93ms
interpretation of Lean.Parser.rawIdent took 0.0052ms
interpretation of Batteries.Tactic.command#help_Command+____ took 7.55ms
interpretation of Lean.Parser.rawIdent took 0.0047ms
interpretation of wantedRef took 11.1ms
interpretation of theorem_wanted took 18.7ms
interpretation of proof_wanted took 6.61ms
interpretation of def_wanted took 7.8ms
interpretation of instance_wanted took 13.3ms
interpretation of command#find_home!_ took 17.6ms
interpretation of command#import_diff_ took 13.7ms
interpretation of command#min_imports took 5.67ms
interpretation of command#minimize_imports took 5.52ms
interpretation of command#redundant_imports took 4.81ms
interpretation of Lean.Elab.Command.openPrivate took 45.7ms
interpretation of Lean.Elab.Command.exportPrivate took 8.74ms
interpretation of Batteries.Tactic.Lint.command#lint+-*Only___ took 44ms
interpretation of Batteries.Tactic.Lint.command#list_linters took 6.13ms
interpretation of ProofWidgets.Jsx.proofWidgetsJsxElement.quot took 21ms
interpretation of ProofWidgets.Jsx.proofWidgetsJsxChild.quot took 11.1ms
interpretation of ProofWidgets.Jsx.proofWidgetsJsxAttr.quot took 8.35ms
interpretation of ProofWidgets.Jsx.proofWidgetsJsxAttrVal.quot took 8.69ms
interpretation of ProofWidgets.Jsx.proofWidgetsJsxAttrVal_ took 6.78ms
interpretation of ProofWidgets.Jsx.proofWidgetsJsxAttrVal{_} took 19.3ms
interpretation of ProofWidgets.Jsx.proofWidgetsJsxAttr_=_ took 8.77ms
interpretation of ProofWidgets.Jsx.proofWidgetsJsxAttr{..._} took 7.37ms
interpretation of ProofWidgets.Jsx.proofWidgetsJsxElement<__/> took 12.3ms
interpretation of ProofWidgets.Jsx.proofWidgetsJsxElement<__>_</_> took 13.6ms
interpretation of ProofWidgets.Jsx.proofWidgetsJsxChild_ took 5.08ms
interpretation of ProofWidgets.Jsx.jsxText took 10.7ms
interpretation of ProofWidgets.Jsx.proofWidgetsJsxChild{..._} took 6.45ms
interpretation of ProofWidgets.Jsx.proofWidgetsJsxChild{_} took 4.17ms
interpretation of ProofWidgets.Jsx.proofWidgetsJsxChild__1 took 3.76ms
interpretation of ProofWidgets.Jsx.term_ took 4.36ms
interpretation of ProofWidgets.termMk_rpc_widget%_ took 10.9ms
interpretation of theorem_wanted.formatter took 0.669ms
interpretation of proof_wanted.formatter took 0.662ms
interpretation of def_wanted.formatter took 1.04ms
interpretation of instance_wanted.formatter took 0.943ms
interpretation of theorem_wanted.parenthesizer took 0.74ms
interpretation of proof_wanted.parenthesizer took 0.704ms
interpretation of def_wanted.parenthesizer took 0.727ms
interpretation of instance_wanted.parenthesizer took 0.719ms
interpretation of ProofWidgets.Jsx.delabHtmlElement took 1.15ms
interpretation of ProofWidgets.Jsx.delabHtmlOfComponent took 0.746ms
interpretation of _aux_Init_Notation___unexpand_Function_comp_1 took 0.159ms
interpretation of _aux_Init_Notation___unexpand_Prod_1 took 0.108ms
interpretation of _aux_Init_Notation___unexpand_PProd_1 took 0.113ms
interpretation of _aux_Init_Notation___unexpand_Dvd_dvd_1 took 0.103ms
interpretation of _aux_Init_Notation___unexpand_HOr_hOr_1 took 0.115ms
interpretation of _aux_Init_Notation___unexpand_HXor_hXor_1 took 0.111ms
interpretation of _aux_Init_Notation___unexpand_HAnd_hAnd_1 took 0.115ms
interpretation of _aux_Init_Notation___unexpand_HAdd_hAdd_1 took 0.102ms
interpretation of _aux_Init_Notation___unexpand_HSub_hSub_1 took 0.0991ms
interpretation of _aux_Init_Notation___unexpand_HMul_hMul_1 took 0.102ms
interpretation of _aux_Init_Notation___unexpand_HDiv_hDiv_1 took 0.101ms
interpretation of _aux_Init_Notation___unexpand_HMod_hMod_1 took 0.166ms
interpretation of _aux_Init_Notation___unexpand_HShiftLeft_hShiftLeft_1 took 0.142ms
interpretation of _aux_Init_Notation___unexpand_HShiftRight_hShiftRight_1 took 0.144ms
interpretation of _aux_Init_Notation___unexpand_HPow_hPow_1 took 0.107ms
interpretation of _aux_Init_Notation___unexpand_HAppend_hAppend_1 took 0.101ms
interpretation of _aux_Init_Notation___unexpand_Neg_neg_1 took 0.141ms
interpretation of _aux_Init_Notation___unexpand_Complement_complement_1 took 0.142ms
interpretation of _aux_Init_Notation___unexpand_Inv_inv_1 took 0.151ms
interpretation of _aux_Init_Notation___unexpand_HSMul_hSMul_1 took 0.153ms
interpretation of _aux_Init_Notation___unexpand_GE_ge_1 took 0.149ms
interpretation of _aux_Init_Notation___unexpand_LE_le_1 took 0.165ms
interpretation of _aux_Init_Notation___unexpand_LE_le_2 took 0.152ms
interpretation of _aux_Init_Notation___unexpand_LT_lt_1 took 0.138ms
interpretation of _aux_Init_Notation___unexpand_GE_ge_2 took 0.0999ms
interpretation of _aux_Init_Notation___unexpand_GT_gt_1 took 0.1ms
interpretation of _aux_Init_Notation___unexpand_Eq_1 took 0.199ms
interpretation of _aux_Init_Notation___unexpand_BEq_beq_1 took 0.112ms
interpretation of _aux_Init_Notation___unexpand_HEq_1 took 0.1ms
interpretation of _aux_Init_Notation___unexpand_And_1 took 0.0981ms
interpretation of _aux_Init_Notation___unexpand_Or_1 took 0.102ms
interpretation of _aux_Init_Notation___unexpand_Not_1 took 0.0963ms
interpretation of _aux_Init_Notation___unexpand_Bool_and_1 took 0.0982ms
interpretation of _aux_Init_Notation___unexpand_Bool_or_1 took 0.1ms
interpretation of _aux_Init_Notation___unexpand_Bool_not_1 took 0.0974ms
interpretation of _aux_Init_Notation___unexpand_Membership_mem_1 took 0.103ms
interpretation of _aux_Init_Notation___unexpand_List_cons_1 took 0.101ms
interpretation of _aux_Init_Notation___unexpand_Functor_map_1 took 0.105ms
interpretation of _aux_Init_Notation___unexpand_Bind_bind_1 took 0.114ms
interpretation of _aux_Init_Core___unexpand_Iff_1 took 0.111ms
interpretation of _aux_Init_Core___unexpand_Iff_2 took 0.0967ms
interpretation of _aux_Init_Core___unexpand_Sum_1 took 0.0937ms
interpretation of _aux_Init_Core___unexpand_PSum_1 took 0.0963ms
interpretation of _aux_Init_Core___unexpand_HasEquiv_Equiv_1 took 0.0997ms
interpretation of _aux_Init_Core___unexpand_HasSubset_Subset_1 took 0.0988ms
interpretation of _aux_Init_Core___unexpand_HasSSubset_SSubset_1 took 0.0993ms
interpretation of _aux_Init_Core___unexpand_Superset_1 took 0.114ms
interpretation of _aux_Init_Core___unexpand_SSuperset_1 took 0.144ms
interpretation of _aux_Init_Core___unexpand_Union_union_1 took 0.151ms
interpretation of _aux_Init_Core___unexpand_Inter_inter_1 took 0.168ms
interpretation of _aux_Init_Core___unexpand_SDiff_sdiff_1 took 0.131ms
interpretation of _aux_Init_Core___unexpand_EmptyCollection_emptyCollection_1 took 0.133ms
interpretation of _aux_Init_Core___unexpand_EmptyCollection_emptyCollection_2 took 0.11ms
interpretation of _aux_Init_Core___unexpand_bne_1 took 0.121ms
interpretation of _aux_Init_Core___unexpand_Ne_1 took 0.146ms
interpretation of _aux_Init_Control_Basic___unexpand_Functor_mapRev_1 took 0.122ms
interpretation of _aux_Init_Control_Basic___unexpand_orM_1 took 0.13ms
interpretation of _aux_Init_Control_Basic___unexpand_andM_1 took 0.134ms
interpretation of _aux_Init_Control_Basic___unexpand_Bind_kleisliRight_1 took 0.11ms
interpretation of _aux_Init_Control_Basic___unexpand_Bind_kleisliLeft_1 took 0.115ms
interpretation of _aux_Init_Control_Basic___unexpand_Bind_bindLeft_1 took 0.11ms
interpretation of Int._aux_Init_Data_Int_Basic___unexpand_Int_negSucc_1 took 0.158ms
interpretation of List._aux_Init_Data_List_Basic___unexpand_List_Sublist_1 took 0.15ms
interpretation of List._aux_Init_Data_List_Basic___unexpand_List_IsPrefix_1 took 0.111ms
interpretation of List._aux_Init_Data_List_Basic___unexpand_List_IsSuffix_1 took 0.13ms
interpretation of List._aux_Init_Data_List_Basic___unexpand_List_IsInfix_1 took 0.11ms
interpretation of List._aux_Init_Data_List_Basic___unexpand_List_Perm_1 took 0.114ms
interpretation of unexpandUnit took 0.1ms
interpretation of unexpandListNil took 0.109ms
interpretation of unexpandListCons took 0.137ms
interpretation of unexpandListToArray took 0.0936ms
interpretation of unexpandProdMk took 0.0888ms
interpretation of unexpandIte took 0.088ms
interpretation of unexpandEqNDRec took 0.0938ms
interpretation of unexpandEqRec took 0.0944ms
interpretation of unexpandExists took 0.0887ms
interpretation of unexpandSigma took 0.0957ms
interpretation of unexpandPSigma took 0.114ms
interpretation of unexpandSubtype took 0.113ms
interpretation of unexpandTSyntax took 0.0894ms
interpretation of unexpandTSyntaxArray took 0.113ms
interpretation of unexpandTSepArray took 0.0903ms
interpretation of unexpandGetElem took 0.0909ms
interpretation of unexpandGetElem! took 0.0921ms
interpretation of unexpandGetElem? took 0.0898ms
interpretation of unexpandArrayEmpty took 0.0898ms
interpretation of unexpandMkArray0 took 0.0969ms
interpretation of unexpandMkArray1 took 0.0957ms
interpretation of unexpandMkArray2 took 0.121ms
interpretation of unexpandMkArray3 took 0.0932ms
interpretation of unexpandMkArray4 took 0.0878ms
interpretation of unexpandMkArray5 took 0.0888ms
interpretation of unexpandMkArray6 took 0.0875ms
interpretation of unexpandMkArray7 took 0.0915ms
interpretation of unexpandMkArray8 took 0.106ms
interpretation of Lean.singletonUnexpander took 0.103ms
interpretation of Lean.insertUnexpander took 0.103ms
interpretation of Bool._aux_Init_Data_Bool___unexpand_Bool_xor_1 took 0.122ms
interpretation of BitVec.unexpandBitVecOfNat took 0.14ms
interpretation of BitVec.unexpandBitVecOfNatLt took 0.162ms
interpretation of Vector.unexpandMk took 0.152ms
interpretation of Lean.Grind.toIntUnexpander took 0.158ms
interpretation of Array._aux_Init_Data_Array_Perm___unexpand_Array_Perm_1 took 0.195ms
interpretation of Vector._aux_Init_Data_Vector_Perm___unexpand_Vector_Perm_1 took 0.174ms
interpretation of Rat._aux_Init_Data_Rat_Basic___unexpand_Rat_divInt_1 took 0.173ms
interpretation of Lean.Grind.nestedProofUnexpander took 0.113ms
interpretation of Lean.Grind.matchCondUnexpander took 0.0942ms
interpretation of Lean.Grind.eqMatchUnexpander took 0.0947ms
interpretation of Lean.Grind.offsetUnexpander took 0.0946ms
interpretation of Lean.Grind.natCastUnexpander took 0.0927ms
interpretation of Lean.Grind.markerUnexpander took 0.093ms
interpretation of Lean.Grind.nodeDefUnexpander took 0.106ms
interpretation of Lean.Grind.NodeDefUnexpander took 0.0936ms
interpretation of Lean.Grind.CommRing.OfCommSemiring.toQUnexpander took 0.104ms
interpretation of Lean.Grind.leftInvUnexpander took 0.151ms
interpretation of Lean.Order._aux_Init_Internal_Order_Basic___unexpand_Lean_Order_PartialOrder_rel_1 took 0.137ms
interpretation of Lean.Order._aux_Init_Internal_Order_Basic___unexpand_Lean_Order_bot_1 took 0.15ms
interpretation of Lean.Try.markerUnexpander took 0.231ms
interpretation of Std.DHashMap.Raw._aux_Std_Data_DHashMap_Raw___unexpand_Std_DHashMap_Raw_Equiv_1 took 0.607ms
interpretation of Std.DHashMap._aux_Std_Data_DHashMap_Basic___unexpand_Std_DHashMap_Equiv_1 took 0.184ms
interpretation of Std.HashMap._aux_Std_Data_HashMap_Basic___unexpand_Std_HashMap_Equiv_1 took 0.188ms
interpretation of Std.HashSet._aux_Std_Data_HashSet_Basic___unexpand_Std_HashSet_Equiv_1 took 0.271ms
interpretation of Std.DTreeMap.Internal.Impl._aux_Std_Data_DTreeMap_Internal_Queries___unexpand_Std_DTreeMap_Internal_Impl_Equiv_1 took 0.164ms
interpretation of Std.DTreeMap._aux_Std_Data_DTreeMap_Basic___unexpand_Std_DTreeMap_Equiv_1 took 0.172ms
interpretation of Std.TreeMap._aux_Std_Data_TreeMap_Basic___unexpand_Std_TreeMap_Equiv_1 took 0.184ms
interpretation of Std.TreeSet._aux_Std_Data_TreeSet_Basic___unexpand_Std_TreeSet_Equiv_1 took 0.199ms
interpretation of Std.HashMap.Raw._aux_Std_Data_HashMap_Raw___unexpand_Std_HashMap_Raw_Equiv_1 took 0.178ms
interpretation of Std.DTreeMap.Raw._aux_Std_Data_DTreeMap_Raw_Basic___unexpand_Std_DTreeMap_Raw_Equiv_1 took 0.202ms
interpretation of Std.TreeMap.Raw._aux_Std_Data_TreeMap_Raw_Basic___unexpand_Std_TreeMap_Raw_Equiv_1 took 0.213ms
interpretation of _aux_Init_Notation___macroRules_precMax_1 took 0.205ms
interpretation of _aux_Init_Notation___macroRules_precArg_1 took 0.189ms
interpretation of _aux_Init_Notation___macroRules_precLead_1 took 0.161ms
interpretation of _aux_Init_Notation___macroRules_prec(_)_1 took 0.17ms
interpretation of _aux_Init_Notation___macroRules_precMin_1 took 0.16ms
interpretation of _aux_Init_Notation___macroRules_precMin1_1 took 0.157ms
interpretation of _aux_Init_Notation___macroRules_termMax_prec_1 took 0.108ms
interpretation of _aux_Init_Notation___macroRules_prioDefault_1 took 0.102ms
interpretation of _aux_Init_Notation___macroRules_prioLow_1 took 0.102ms
interpretation of _aux_Init_Notation___macroRules_prioMid_1 took 0.0982ms
interpretation of _aux_Init_Notation___macroRules_prioHigh_1 took 0.105ms
interpretation of _aux_Init_Notation___macroRules_prio(_)_1 took 0.114ms
interpretation of _aux_Init_Notation___macroRules_stx_+_1 took 0.113ms
interpretation of _aux_Init_Notation___macroRules_stx_*_1 took 0.0973ms
interpretation of _aux_Init_Notation___macroRules_stx_?_1 took 0.0971ms
interpretation of _aux_Init_Notation___macroRules_stx_<|>__1 took 0.101ms
interpretation of _aux_Init_Notation___macroRules_stx_,*_1 took 0.125ms
interpretation of _aux_Init_Notation___macroRules_stx_,+_1 took 0.0994ms
interpretation of _aux_Init_Notation___macroRules_stx_,*,?_1 took 0.111ms
interpretation of _aux_Init_Notation___macroRules_stx_,+,?_1 took 0.108ms
interpretation of _aux_Init_Notation___macroRules_stx!__1 took 0.1ms
interpretation of _aux_Init_Notation___macroRules_term_∘__1 took 0.108ms
interpretation of _aux_Init_Notation___macroRules_term_×__1 took 0.1ms
interpretation of _aux_Init_Notation___macroRules_term_×'__1 took 0.116ms
interpretation of _aux_Init_Notation___macroRules_term_∣__1 took 0.1ms
interpretation of _aux_Init_Notation___macroRules_term_|||__1 took 0.102ms
interpretation of _aux_Init_Notation___macroRules_term_^^^__1 took 0.112ms
interpretation of _aux_Init_Notation___macroRules_term_&&&__1 took 0.103ms
interpretation of _aux_Init_Notation___macroRules_term_+__1 took 0.103ms
interpretation of _aux_Init_Notation___macroRules_term_-__1 took 0.0985ms
interpretation of _aux_Init_Notation___macroRules_term_*__1 took 0.105ms
interpretation of _aux_Init_Notation___macroRules_term_/__1 took 0.104ms
interpretation of _aux_Init_Notation___macroRules_term_%__1 took 0.0991ms
interpretation of _aux_Init_Notation___macroRules_term_<<<__1 took 0.101ms
interpretation of _aux_Init_Notation___macroRules_term_>>>__1 took 0.103ms
interpretation of _aux_Init_Notation___macroRules_term_^__1 took 0.0986ms
interpretation of _aux_Init_Notation___macroRules_term_++__1 took 0.102ms
interpretation of _aux_Init_Notation___macroRules_term-__1 took 0.1ms
interpretation of _aux_Init_Notation___macroRules_term~~~__1 took 0.101ms
interpretation of _aux_Init_Notation___macroRules_term_⁻¹_1 took 0.1ms
interpretation of _aux_Init_Notation___macroRules_term_•__1 took 0.1ms
interpretation of _aux_Init_Notation___macroRules_term_|||__2 took 0.101ms
interpretation of _aux_Init_Notation___macroRules_term_^^^__2 took 0.102ms
interpretation of _aux_Init_Notation___macroRules_term_&&&__2 took 0.102ms
interpretation of _aux_Init_Notation___macroRules_term_+__2 took 0.1ms
interpretation of _aux_Init_Notation___macroRules_term_-__2 took 0.103ms
interpretation of _aux_Init_Notation___macroRules_term_*__2 took 0.1ms
interpretation of _aux_Init_Notation___macroRules_term_/__2 took 0.1ms
interpretation of _aux_Init_Notation___macroRules_term_%__2 took 0.0993ms
interpretation of _aux_Init_Notation___macroRules_term_^__2 took 0.101ms
interpretation of _aux_Init_Notation___macroRules_term_++__2 took 0.102ms
interpretation of _aux_Init_Notation___macroRules_term-__2 took 0.0994ms
interpretation of _aux_Init_Notation___macroRules_term_•__2 took 0.1ms
interpretation of _aux_Init_Notation___macroRules_term_>=__1 took 0.15ms
interpretation of _aux_Init_Notation___macroRules_term_<=__1 took 0.102ms
interpretation of _aux_Init_Notation___macroRules_term_>=__2 took 0.0992ms
interpretation of _aux_Init_Notation___macroRules_term_<=__2 took 0.1ms
interpretation of _aux_Init_Notation___macroRules_term_≤__1 took 0.1ms
interpretation of _aux_Init_Notation___macroRules_term_<__1 took 0.0999ms
interpretation of _aux_Init_Notation___macroRules_term_≥__1 took 0.103ms
interpretation of _aux_Init_Notation___macroRules_term_>__1 took 0.0984ms
interpretation of _aux_Init_Notation___macroRules_term_=__1 took 0.121ms
interpretation of _aux_Init_Notation___macroRules_term_==__1 took 0.138ms
interpretation of _aux_Init_Notation___macroRules_term_≍__1 took 0.122ms
interpretation of _aux_Init_Notation___macroRules_term_≤__2 took 0.101ms
interpretation of _aux_Init_Notation___macroRules_term_<__2 took 0.1ms
interpretation of _aux_Init_Notation___macroRules_term_>__2 took 0.101ms
interpretation of _aux_Init_Notation___macroRules_term_≥__2 took 0.102ms
interpretation of _aux_Init_Notation___macroRules_term_=__2 took 0.0998ms
interpretation of _aux_Init_Notation___macroRules_term_==__2 took 0.103ms
interpretation of _aux_Init_Notation___macroRules_term_∧__1 took 0.0999ms
interpretation of _aux_Init_Notation___macroRules_term_∨__1 took 0.106ms
interpretation of _aux_Init_Notation___macroRules_term¬__1 took 0.0994ms
interpretation of _aux_Init_Notation___macroRules_term_&&__1 took 0.115ms
interpretation of _aux_Init_Notation___macroRules_term_||__1 took 0.101ms
interpretation of _aux_Init_Notation___macroRules_term!__1 took 0.0994ms
interpretation of _aux_Init_Notation___macroRules_term_∈__1 took 0.0998ms
interpretation of _aux_Init_Notation___macroRules_term_∉__1 took 0.101ms
interpretation of _aux_Init_Notation___macroRules_term_::__1 took 0.101ms
interpretation of _aux_Init_Notation___macroRules_term_<$>__1 took 0.102ms
interpretation of _aux_Init_Notation___macroRules_term_>>=__1 took 0.101ms
interpretation of _aux_Init_Notation___macroRules_term_<|>__1 took 0.105ms
interpretation of _aux_Init_Notation___macroRules_term_>>__1 took 0.102ms
interpretation of _aux_Init_Notation___macroRules_term_<*>__1 took 0.103ms
interpretation of _aux_Init_Notation___macroRules_term_<*__1 took 0.0999ms
interpretation of _aux_Init_Notation___macroRules_term_*>__1 took 0.1ms
interpretation of _aux_Init_Notation___macroRules_termDepIfThenElse_1 took 0.114ms
interpretation of _aux_Init_Notation___macroRules_termIfThenElse_1 took 0.103ms
interpretation of _aux_Init_Notation___macroRules_termIfLet_1 took 0.0985ms
interpretation of _aux_Init_Notation___macroRules_boolIfThenElse_1 took 0.104ms
interpretation of _aux_Init_Notation___macroRules_term_<|__1 took 0.101ms
interpretation of _aux_Init_Notation___macroRules_term_|>__1 took 0.101ms
interpretation of _aux_Init_Notation___macroRules_term_$___1 took 0.1ms
interpretation of _aux_Init_Notation___macroRules_term{_:_//_}_1 took 0.105ms
interpretation of _aux_Init_Notation___macroRules_termWithout_expected_type__1 took 0.104ms
interpretation of Lean.Parser._aux_Init_Notation___macroRules_Lean_Parser_commandSeal___1 took 0.114ms
interpretation of Lean.Parser._aux_Init_Notation___macroRules_Lean_Parser_commandUnseal___1 took 0.124ms
interpretation of Lean.Parser.Tactic._aux_Init_Tactics___macroRules_Lean_Parser_Tactic_tacticExfalso_1 took 0.195ms
interpretation of Lean.Parser.Tactic._aux_Init_Tactics___macroRules_Lean_Parser_Tactic_tacticNext_=>__1 took 0.181ms
interpretation of Lean.Parser.Tactic._aux_Init_Tactics___macroRules_Lean_Parser_Tactic_tacticTry__1 took 0.177ms
interpretation of Lean.Parser.Tactic._aux_Init_Tactics___macroRules_Lean_Parser_Tactic_tactic_<;>__1 took 0.175ms
interpretation of Lean.Parser.Tactic._aux_Init_Tactics___macroRules_Lean_Parser_Tactic_tacticRfl_1 took 0.178ms
interpretation of Lean.Parser.Tactic._aux_Init_Tactics___macroRules_Lean_Parser_Tactic_tacticRfl_2 took 0.179ms
interpretation of Lean.Parser.Tactic._aux_Init_Tactics___macroRules_Lean_Parser_Tactic_tacticRfl_3 took 0.213ms
interpretation of Lean.Parser.Tactic._aux_Init_Tactics___macroRules_Lean_Parser_Tactic_tacticRfl'_1 took 0.17ms
interpretation of Lean.Parser.Tactic._aux_Init_Tactics___macroRules_Lean_Parser_Tactic_tacticSorry_1 took 0.134ms
interpretation of Lean.Parser.Tactic._aux_Init_Tactics___macroRules_Lean_Parser_Tactic_tacticAdmit_1 took 0.165ms
interpretation of Lean.Parser.Tactic._aux_Init_Tactics___macroRules_Lean_Parser_Tactic_tacticInfer_instance_1 took 0.17ms
interpretation of Lean.Parser.Tactic._aux_Init_Tactics___macroRules_Lean_Parser_Tactic_rwSeq_1 took 0.149ms
interpretation of Lean.Parser.Tactic._aux_Init_Tactics___macroRules_Lean_Parser_Tactic_tacticRwa___1 took 0.142ms
interpretation of Lean.Parser.Tactic._aux_Init_Tactics___macroRules_Lean_Parser_Tactic_tacticSimp?!__1 took 0.208ms
interpretation of Lean.Parser.Tactic._aux_Init_Tactics___macroRules_Lean_Parser_Tactic_tacticSimp_all?!__1 took 0.13ms
interpretation of Lean.Parser.Tactic._aux_Init_Tactics___macroRules_Lean_Parser_Tactic_tacticDsimp?!__1 took 0.117ms
interpretation of Lean.Parser.Tactic._aux_Init_Tactics___macroRules_Lean_Parser_Tactic_tacticSimpa!__1 took 0.118ms
interpretation of Lean.Parser.Tactic._aux_Init_Tactics___macroRules_Lean_Parser_Tactic_tacticSimpa?__1 took 0.13ms
interpretation of Lean.Parser.Tactic._aux_Init_Tactics___macroRules_Lean_Parser_Tactic_tacticSimpa?!__1 took 0.116ms
interpretation of Lean.Parser.Tactic._aux_Init_Tactics___macroRules_Lean_Parser_Tactic_tacticSimpa!__1_1 took 0.183ms
interpretation of Lean.Parser.Tactic._aux_Init_Tactics___macroRules_Lean_Parser_Tactic_tacticSimpa?__1_1 took 0.126ms
interpretation of Lean.Parser.Tactic._aux_Init_Tactics___macroRules_Lean_Parser_Tactic_tacticSimpa?!__1_1 took 0.177ms
interpretation of Lean.Parser.Tactic._aux_Init_Tactics___macroRules_Lean_Parser_Tactic_tacticRefine_lift__1 took 0.179ms
interpretation of Lean.Parser.Tactic._aux_Init_Tactics___macroRules_Lean_Parser_Tactic_tacticHave___1 took 0.188ms
interpretation of Lean.Parser.Tactic._aux_Init_Tactics___macroRules_Lean_Parser_Tactic_tacticSuffices__1 took 0.178ms
interpretation of Lean.Parser.Tactic._aux_Init_Tactics___macroRules_Lean_Parser_Tactic_tacticLet___1 took 0.206ms
interpretation of Lean.Parser.Tactic._aux_Init_Tactics___macroRules_Lean_Parser_Tactic_letrec_1 took 0.178ms
interpretation of Lean.Parser.Tactic._aux_Init_Tactics___macroRules_Lean_Parser_Tactic_tacticRefine_lift'__1 took 0.199ms
interpretation of Lean.Parser.Tactic._aux_Init_Tactics___macroRules_Lean_Parser_Tactic_tacticHave'_1 took 0.2ms
interpretation of Lean.Parser.Tactic._aux_Init_Tactics___macroRules_Lean_Parser_Tactic_tacticLet'___1 took 0.187ms
interpretation of Lean.Parser.Tactic._aux_Init_Tactics___macroRules_Lean_Parser_Tactic_tacticStop__1 took 0.189ms
interpretation of Lean.Parser.Tactic._aux_Init_Tactics___macroRules_Lean_Parser_Tactic_tacticUnhygienic__1 took 0.173ms
interpretation of Lean.Parser.Tactic._aux_Init_Tactics___macroRules_Lean_Parser_Tactic_tacticExists_,,_1 took 0.188ms
interpretation of Lean.Parser.Tactic._aux_Init_Tactics___macroRules_Lean_Parser_Tactic_tacticNofun_1 took 0.188ms
interpretation of Lean.Parser.Tactic._aux_Init_Tactics___macroRules_Lean_Parser_Tactic_tacticNomatch_,,_1 took 0.202ms
interpretation of Lean.Parser.Tactic._aux_Init_Tactics___macroRules_Lean_Parser_Tactic_tacticAnd_intros_1 took 0.206ms
interpretation of Lean.Parser.Tactic._aux_Init_Tactics___macroRules_Lean_Parser_Tactic_tacticHaveI___1 took 0.198ms
interpretation of Lean.Parser.Tactic._aux_Init_Tactics___macroRules_Lean_Parser_Tactic_tacticLetI___1 took 0.168ms
interpretation of Lean.Parser.Tactic._aux_Init_Tactics___macroRules_Lean_Parser_Tactic_tacticTrivial_1 took 0.164ms
interpretation of Lean.Parser.Tactic._aux_Init_Tactics___macroRules_Lean_Parser_Tactic_tacticTrivial_2 took 0.187ms
interpretation of Lean.Parser.Tactic._aux_Init_Tactics___macroRules_Lean_Parser_Tactic_tacticTrivial_3 took 0.181ms
interpretation of Lean.Parser.Tactic._aux_Init_Tactics___macroRules_Lean_Parser_Tactic_tacticTrivial_4 took 0.178ms
interpretation of Lean.Parser.Tactic._aux_Init_Tactics___macroRules_Lean_Parser_Tactic_tacticTrivial_5 took 0.21ms
interpretation of Lean.Parser.Tactic._aux_Init_Tactics___macroRules_Lean_Parser_Tactic_tacticTrivial_6 took 0.171ms
interpretation of Lean.Parser.Tactic._aux_Init_Tactics___macroRules_Lean_Parser_Tactic_tacticBv_omega_1 took 0.118ms
interpretation of Lean.Parser.Tactic._aux_Init_Tactics___macroRules_Lean_Parser_Tactic_tacticAssumption_mod_cast__1 took 0.119ms
interpretation of Lean.Parser.Tactic._aux_Init_Tactics___macroRules_Lean_Parser_Tactic_tacticNorm_cast___1 took 0.116ms
interpretation of Lean.Parser.Tactic._aux_Init_Tactics___macroRules_Lean_Parser_Tactic_tacticAc_nf__1 took 0.113ms
interpretation of Lean.Parser.Tactic._aux_Init_Tactics___macroRules_Lean_Parser_Tactic_showTermElab_1 took 0.123ms
interpretation of Lean.Parser.Tactic._aux_Init_Tactics___macroRules_Lean_Parser_Tactic_by?_1 took 0.115ms
interpretation of Lean.Parser.Tactic._aux_Init_Tactics___macroRules_Lean_Parser_Tactic_massumptionMacro_1 took 0.165ms
interpretation of Lean.Parser.Tactic._aux_Init_Tactics___macroRules_Lean_Parser_Tactic_mclearMacro_1 took 0.126ms
interpretation of Lean.Parser.Tactic._aux_Init_Tactics___macroRules_Lean_Parser_Tactic_mconstructorMacro_1 took 0.113ms
interpretation of Lean.Parser.Tactic._aux_Init_Tactics___macroRules_Lean_Parser_Tactic_mexactMacro_1 took 0.111ms
interpretation of Lean.Parser.Tactic._aux_Init_Tactics___macroRules_Lean_Parser_Tactic_mexfalsoMacro_1 took 0.113ms
interpretation of Lean.Parser.Tactic._aux_Init_Tactics___macroRules_Lean_Parser_Tactic_mexistsMacro_1 took 0.118ms
interpretation of Lean.Parser.Tactic._aux_Init_Tactics___macroRules_Lean_Parser_Tactic_mframeMacro_1 took 0.118ms
interpretation of Lean.Parser.Tactic._aux_Init_Tactics___macroRules_Lean_Parser_Tactic_mhaveMacro_1 took 0.115ms
interpretation of Lean.Parser.Tactic._aux_Init_Tactics___macroRules_Lean_Parser_Tactic_mreplaceMacro_1 took 0.113ms
interpretation of Lean.Parser.Tactic._aux_Init_Tactics___macroRules_Lean_Parser_Tactic_mleftMacro_1 took 0.113ms
interpretation of Lean.Parser.Tactic._aux_Init_Tactics___macroRules_Lean_Parser_Tactic_mrightMacro_1 took 0.116ms
interpretation of Lean.Parser.Tactic._aux_Init_Tactics___macroRules_Lean_Parser_Tactic_mpureMacro_1 took 0.114ms
interpretation of Lean.Parser.Tactic._aux_Init_Tactics___macroRules_Lean_Parser_Tactic_mpureIntroMacro_1 took 0.113ms
interpretation of Lean.Parser.Tactic._aux_Init_Tactics___macroRules_Lean_Parser_Tactic_mrevertMacro_1 took 0.146ms
interpretation of Lean.Parser.Tactic._aux_Init_Tactics___macroRules_Lean_Parser_Tactic_mrenameIMacro_1 took 0.114ms
interpretation of Lean.Parser.Tactic._aux_Init_Tactics___macroRules_Lean_Parser_Tactic_mspecializeMacro_1 took 0.138ms
interpretation of Lean.Parser.Tactic._aux_Init_Tactics___macroRules_Lean_Parser_Tactic_mspecializePureMacro_1 took 0.117ms
interpretation of Lean.Parser.Tactic._aux_Init_Tactics___macroRules_Lean_Parser_Tactic_mstartMacro_1 took 0.111ms
interpretation of Lean.Parser.Tactic._aux_Init_Tactics___macroRules_Lean_Parser_Tactic_mstopMacro_1 took 0.111ms
interpretation of Lean.Parser.Tactic._aux_Init_Tactics___macroRules_Lean_Parser_Tactic_mleaveMacro_1 took 0.111ms
interpretation of Lean.Parser.Tactic._aux_Init_Tactics___macroRules_Lean_Parser_Tactic_mcasesMacro_1 took 0.114ms
interpretation of Lean.Parser.Tactic._aux_Init_Tactics___macroRules_Lean_Parser_Tactic_mrefineMacro_1 took 0.112ms
interpretation of Lean.Parser.Tactic._aux_Init_Tactics___macroRules_Lean_Parser_Tactic_mintroMacro_1 took 0.115ms
interpretation of Lean.Parser.Tactic._aux_Init_Tactics___macroRules_Lean_Parser_Tactic_mspecMacro_1 took 0.113ms
interpretation of Lean.Parser.Tactic._aux_Init_Tactics___macroRules_Lean_Parser_Tactic_mvcgenMacro_1 took 0.123ms
interpretation of Lean.Parser.Tactic._aux_Init_Tactics___macroRules_Lean_Parser_Tactic_vcgenMacro_1 took 0.114ms
interpretation of _aux_Init_Tactics___macroRules_term‹_›_1 took 0.105ms
interpretation of _aux_Init_Tactics___macroRules_tacticGet_elem_tactic_extensible_1 took 0.124ms
interpretation of _aux_Init_Tactics___macroRules_tacticGet_elem_tactic_extensible_2 took 0.106ms
interpretation of _aux_Init_Tactics___macroRules_tacticGet_elem_tactic_extensible_3 took 0.106ms
interpretation of _aux_Init_Tactics___macroRules_tacticGet_elem_tactic_1 took 0.107ms
interpretation of _aux_Init_Core___macroRules_term_<->__1 took 0.108ms
interpretation of _aux_Init_Core___macroRules_term_↔__1 took 0.103ms
interpretation of _aux_Init_Core___macroRules_term_⊕__1 took 0.0982ms
interpretation of _aux_Init_Core___macroRules_term_⊕'__1 took 0.102ms
interpretation of _aux_Init_Core___macroRules_term_≈__1 took 0.0984ms
interpretation of _aux_Init_Core___macroRules_term_⊆__1 took 0.108ms
interpretation of _aux_Init_Core___macroRules_term_⊂__1 took 0.101ms
interpretation of _aux_Init_Core___macroRules_term_⊇__1 took 0.0996ms
interpretation of _aux_Init_Core___macroRules_term_⊃__1 took 0.116ms
interpretation of _aux_Init_Core___macroRules_term_∪__1 took 0.094ms
interpretation of _aux_Init_Core___macroRules_term_∩__1 took 0.101ms
interpretation of _aux_Init_Core___macroRules_term_\__1 took 0.0962ms
interpretation of _aux_Init_Core___macroRules_term{}_1 took 0.0927ms
interpretation of _aux_Init_Core___macroRules_term∅_1 took 0.0935ms
interpretation of _aux_Init_Core___macroRules_term_!=__1 took 0.0952ms
interpretation of _aux_Init_Core___macroRules_term_!=__2 took 0.0945ms
interpretation of _aux_Init_Core___macroRules_term_≠__1 took 0.0939ms
interpretation of _aux_Init_Core___macroRules_term_≠__2 took 0.0934ms
interpretation of _aux_Init_Core___macroRules_Lean_Parser_Tactic_tacticRfl_1 took 0.0987ms
interpretation of _aux_Init_Control_Basic___macroRules_term_<&>__1 took 0.102ms
interpretation of _aux_Init_Control_Basic___macroRules_term_<||>__1 took 0.101ms
interpretation of _aux_Init_Control_Basic___macroRules_term_<&&>__1 took 0.105ms
interpretation of _aux_Init_Control_Basic___macroRules_term_>=>__1 took 0.0998ms
interpretation of _aux_Init_Control_Basic___macroRules_term_<=<__1 took 0.0975ms
interpretation of _aux_Init_Control_Basic___macroRules_term_=<<__1 took 0.0999ms
interpretation of Lean.Parser.Tactic.Grind._aux_Init_Grind_Interactive___macroRules_Lean_Parser_Tactic_Grind_use_1 took 0.116ms
interpretation of Lean.Parser.Tactic.Grind._aux_Init_Grind_Interactive___macroRules_Lean_Parser_Tactic_Grind_grind·__1 took 0.114ms
interpretation of Lean.Parser.Tactic.Grind._aux_Init_Grind_Interactive___macroRules_Lean_Parser_Tactic_Grind_grind_<;>__1 took 0.0859ms
interpretation of Lean.Parser.Tactic.Grind._aux_Init_Grind_Interactive___macroRules_Lean_Parser_Tactic_Grind_grindTry__1 took 0.114ms
interpretation of Lean.Parser.Tactic.Grind._aux_Init_Grind_Interactive___macroRules_Lean_Parser_Tactic_Grind_grindAdmit_1 took 0.113ms
interpretation of Lean.Parser.Tactic.Grind._aux_Init_Grind_Interactive___macroRules_Lean_Parser_Tactic_Grind_grindRepeat__1 took 0.0854ms
interpretation of Lean.Parser.Tactic.Grind._aux_Init_Grind_Interactive___macroRules_Lean_Parser_Tactic_Grind_symIntroLight_1 took 0.0982ms
interpretation of Lean.Parser.Tactic.Grind._aux_Init_Grind_Interactive___macroRules_Lean_Parser_Tactic_Grind_symIntrosLight_1 took 0.0867ms
interpretation of Lean.Parser.Tactic.Grind._aux_Init_Grind_Interactive___macroRules_Lean_Parser_Tactic_Grind_grindExact__1 took 0.086ms
interpretation of Int._aux_Init_Data_Int_Basic___macroRules_Int_term-[_+1]_1 took 0.114ms
interpretation of Lean._aux_Init_Data_List_Notation___macroRules_term[_]_1 took 0.115ms
interpretation of List._aux_Init_Data_List_Basic___macroRules_List_term_<+__1 took 0.104ms
interpretation of List._aux_Init_Data_List_Basic___macroRules_List_term_<+:__1 took 0.103ms
interpretation of List._aux_Init_Data_List_Basic___macroRules_List_term_<:+__1 took 0.102ms
interpretation of List._aux_Init_Data_List_Basic___macroRules_List_term_<:+:__1 took 0.104ms
interpretation of List._aux_Init_Data_List_Basic___macroRules_List_term_~__1 took 0.102ms
interpretation of _aux_Init_WFTactics___macroRules_tacticSimp_wf_1 took 0.101ms
interpretation of _aux_Init_WFTactics___macroRules_tacticClean_wf_1 took 0.0963ms
interpretation of _aux_Init_WFTactics___macroRules_tacticDecreasing_trivial_1 took 0.0975ms
interpretation of _aux_Init_WFTactics___macroRules_tacticDecreasing_trivial_2 took 0.106ms
interpretation of _aux_Init_WFTactics___macroRules_tacticDecreasing_trivial_3 took 0.0982ms
interpretation of _aux_Init_WFTactics___macroRules_tacticDecreasing_trivial_pre_omega_1 took 0.101ms
interpretation of _aux_Init_WFTactics___macroRules_tacticDecreasing_trivial_pre_omega_2 took 0.101ms
interpretation of _aux_Init_WFTactics___macroRules_tacticDecreasing_trivial_pre_omega_3 took 0.102ms
interpretation of _aux_Init_WFTactics___macroRules_tacticDecreasing_with__1 took 0.0978ms
interpretation of _aux_Init_WFTactics___macroRules_tacticDecreasing_tactic_1 took 0.0973ms
interpretation of _aux_Init_GetElem___macroRules_term__[_]_1 took 0.101ms
interpretation of _aux_Init_GetElem___macroRules_term__[_]'__1 took 0.098ms
interpretation of _aux_Init_GetElem___macroRules_term__[_]_?_1 took 0.114ms
interpretation of _aux_Init_GetElem___macroRules_term__[_]_!_1 took 0.104ms
interpretation of Fin._aux_Init_GetElem___macroRules_tacticGet_elem_tactic_extensible_1 took 0.106ms
interpretation of _aux_Init_Data_Array_Basic___macroRules_term#[_,]_1 took 0.102ms
interpretation of Lean._aux_Init_Meta___macroRules_Lean_Parser_Syntax_addPrec_1 took 0.122ms
interpretation of Lean._aux_Init_Meta___macroRules_Lean_Parser_Syntax_subPrec_1 took 0.101ms
interpretation of Lean._aux_Init_Meta___macroRules_Lean_termEval_prec__1 took 0.0998ms
interpretation of Lean._aux_Init_Meta___macroRules_Lean_Parser_Syntax_addPrio_1 took 0.0996ms
interpretation of Lean._aux_Init_Meta___macroRules_Lean_Parser_Syntax_subPrio_1 took 0.0998ms
interpretation of Lean._aux_Init_Meta___macroRules_Lean_termEval_prio__1 took 0.0985ms
interpretation of Lean.Parser.Tactic._aux_Init_Meta___macroRules_Lean_Parser_Tactic_tacticErw____1 took 0.11ms
interpretation of Lean.Parser.Tactic._aux_Init_Meta___macroRules_Lean_Parser_Tactic_declareSimpLikeTactic_1 took 0.109ms
interpretation of Lean.Parser.Tactic.expandSimp._@.Init.Meta.4021577198._hygCtx._hyg.3 took 0.107ms
interpretation of Lean.Parser.Tactic.expandSimp._@.Init.Meta.3079349156._hygCtx._hyg.3 took 0.106ms
interpretation of Lean.Parser.Tactic.expandSimp._@.Init.Meta.4207919134._hygCtx._hyg.3 took 0.104ms
interpretation of Lean.Parser.Tactic._aux_Init_TacticsExtra___macroRules_Lean_Parser_Tactic_tacDepIfThenElse_1 took 0.112ms
interpretation of Lean.Parser.Tactic._aux_Init_TacticsExtra___macroRules_Lean_Parser_Tactic_tacIfThenElse_1 took 0.12ms
interpretation of Lean.Parser.Tactic._aux_Init_TacticsExtra___macroRules_Lean_Parser_Tactic_tacticIterate_____1 took 0.112ms
interpretation of Lean.Parser.Tactic._aux_Init_TacticsExtra___macroRules_Lean_Parser_Tactic_tacticRw_mod_cast____1 took 0.113ms
interpretation of Lean.Parser.Tactic._aux_Init_TacticsExtra___macroRules_Lean_Parser_Tactic_tacticExact_mod_cast__1 took 0.112ms
interpretation of Lean.Parser.Tactic._aux_Init_TacticsExtra___macroRules_Lean_Parser_Tactic_tacticApply_mod_cast__1 took 0.11ms
interpretation of _aux_Init_ByCases___macroRules_tacticBy_cases_:__1 took 0.0991ms
interpretation of _aux_Init_ByCases___macroRules_tacticBy_cases_:__2 took 0.0974ms
interpretation of Lean.Parser.Tactic.Conv._aux_Init_Conv___macroRules_Lean_Parser_Tactic_Conv_convRfl_1 took 0.11ms
interpretation of Lean.Parser.Tactic.Conv._aux_Init_Conv___macroRules_Lean_Parser_Tactic_Conv_convDone_1 took 0.109ms
interpretation of Lean.Parser.Tactic.Conv._aux_Init_Conv___macroRules_Lean_Parser_Tactic_Conv_convTrace_state_1 took 0.111ms
interpretation of Lean.Parser.Tactic.Conv._aux_Init_Conv___macroRules_Lean_Parser_Tactic_Conv_allGoals_1 took 0.108ms
interpretation of Lean.Parser.Tactic.Conv._aux_Init_Conv___macroRules_Lean_Parser_Tactic_Conv_anyGoals_1 took 0.107ms
interpretation of Lean.Parser.Tactic.Conv._aux_Init_Conv___macroRules_Lean_Parser_Tactic_Conv_case_1 took 0.107ms
interpretation of Lean.Parser.Tactic.Conv._aux_Init_Conv___macroRules_Lean_Parser_Tactic_Conv_case'_1 took 0.11ms
interpretation of Lean.Parser.Tactic.Conv._aux_Init_Conv___macroRules_Lean_Parser_Tactic_Conv_convNext__=>__1 took 0.112ms
interpretation of Lean.Parser.Tactic.Conv._aux_Init_Conv___macroRules_Lean_Parser_Tactic_Conv_focus_1 took 0.11ms
interpretation of Lean.Parser.Tactic.Conv._aux_Init_Conv___macroRules_Lean_Parser_Tactic_Conv_conv·__1 took 0.113ms
interpretation of Lean.Parser.Tactic.Conv._aux_Init_Conv___macroRules_Lean_Parser_Tactic_Conv_failIfSuccess_1 took 0.164ms
interpretation of Lean.Parser.Tactic.Conv._aux_Init_Conv___macroRules_Lean_Parser_Tactic_Conv_convRw___1 took 0.176ms
interpretation of Lean.Parser.Tactic.Conv._aux_Init_Conv___macroRules_Lean_Parser_Tactic_Conv_convErw___1 took 0.167ms
interpretation of Lean.Parser.Tactic.Conv._aux_Init_Conv___macroRules_Lean_Parser_Tactic_Conv_convArgs_1 took 0.116ms
interpretation of Lean.Parser.Tactic.Conv._aux_Init_Conv___macroRules_Lean_Parser_Tactic_Conv_convLeft_1 took 0.148ms
interpretation of Lean.Parser.Tactic.Conv._aux_Init_Conv___macroRules_Lean_Parser_Tactic_Conv_convRight_1 took 0.119ms
interpretation of Lean.Parser.Tactic.Conv._aux_Init_Conv___macroRules_Lean_Parser_Tactic_Conv_convIntro____1 took 0.127ms
interpretation of Lean.Parser.Tactic.Conv._aux_Init_Conv___macroRules_Lean_Parser_Tactic_Conv_convApply__1 took 0.122ms
interpretation of Lean.Parser.Tactic.Conv._aux_Init_Conv___macroRules_Lean_Parser_Tactic_Conv_convTry__1 took 0.112ms
interpretation of Lean.Parser.Tactic.Conv._aux_Init_Conv___macroRules_Lean_Parser_Tactic_Conv_conv_<;>__1 took 0.114ms
interpretation of Lean.Parser.Tactic.Conv._aux_Init_Conv___macroRules_Lean_Parser_Tactic_Conv_convRepeat__1 took 0.11ms
interpretation of Lean._aux_Init_NotationExtra___macroRules_Lean_command__Unif_hint____Where_|_-⊢___1 took 0.115ms
interpretation of _aux_Init_NotationExtra___macroRules_term∃_,__1 took 0.102ms
interpretation of _aux_Init_NotationExtra___macroRules_termExists_,__1 took 0.0981ms
interpretation of _aux_Init_NotationExtra___macroRules_termΣ_,__1 took 0.0985ms
interpretation of _aux_Init_NotationExtra___macroRules_termΣ'_,__1 took 0.0995ms
interpretation of _aux_Init_NotationExtra___macroRules_term_×__1_1 took 0.0976ms
interpretation of _aux_Init_NotationExtra___macroRules_term_×'__1_1 took 0.124ms
interpretation of Lean._aux_Init_NotationExtra___macroRules_Lean_convCalc__1 took 0.137ms
interpretation of _aux_Init_NotationExtra___macroRules_tacticFunext____1 took 0.155ms
interpretation of _aux_Init_NotationExtra___macroRules_term%[_|_]_1 took 0.159ms
interpretation of _aux_Init_NotationExtra___macroRules_Lean_Parser_Command_classAbbrev_1 took 0.169ms
interpretation of Lean._aux_Init_NotationExtra___macroRules_Lean_solveTactic_1 took 0.16ms
interpretation of Lean._aux_Init_NotationExtra___macroRules_Lean_term_Matches_|_1 took 0.165ms
interpretation of _aux_Init_NotationExtra___macroRules_term{_}_1 took 0.156ms
interpretation of Lean.Elab.Tactic.Ext._aux_Init_Ext___macroRules_Lean_Elab_Tactic_Ext_tacticExt1____1 took 0.177ms
interpretation of Lean._aux_Init_BinderPredicates___macroRules_Lean_term∃__,__1 took 0.175ms
interpretation of Lean._aux_Init_BinderPredicates___macroRules_Lean_term∀__,__1 took 0.167ms
interpretation of Lean._aux_Init_BinderPredicates___macroRules_Lean_termSatisfies_binder_pred%___1 took 0.177ms
interpretation of Lean._aux_Init_BinderPredicates___macroRules_Lean_termSatisfies_binder_pred%___2 took 0.168ms
interpretation of Lean._aux_Init_BinderPredicates___macroRules_Lean_termSatisfies_binder_pred%___3 took 0.169ms
interpretation of Lean._aux_Init_BinderPredicates___macroRules_Lean_termSatisfies_binder_pred%___4 took 0.185ms
interpretation of Lean._aux_Init_BinderPredicates___macroRules_Lean_termSatisfies_binder_pred%___5 took 0.175ms
interpretation of Lean._aux_Init_BinderPredicates___macroRules_Lean_termSatisfies_binder_pred%___6 took 0.186ms
interpretation of Lean._aux_Init_BinderPredicates___macroRules_Lean_termSatisfies_binder_pred%___7 took 0.112ms
interpretation of Lean._aux_Init_BinderPredicates___macroRules_Lean_termSatisfies_binder_pred%___8 took 0.108ms
interpretation of Lean._aux_Init_BinderPredicates___macroRules_Lean_termSatisfies_binder_pred%___9 took 0.109ms
interpretation of Lean._aux_Init_BinderPredicates___macroRules_Lean_termSatisfies_binder_pred%___10 took 0.107ms
interpretation of Lean._aux_Init_BinderPredicates___macroRules_Lean_termSatisfies_binder_pred%___11 took 0.108ms
interpretation of Bool._aux_Init_Data_Bool___macroRules_Bool_term_^^__1 took 0.104ms
interpretation of List._aux_Init_Data_List_BasicAux___macroRules_List_tacticSizeOf_list_dec_1 took 0.108ms
interpretation of List._aux_Init_Data_List_BasicAux___macroRules_tacticDecreasing_trivial_1 took 0.105ms
interpretation of BitVec._aux_Init_Data_BitVec_Basic___macroRules_BitVec_term__#___1 took 0.105ms
interpretation of BitVec._aux_Init_Data_BitVec_Basic___macroRules_BitVec_term__#'___1 took 0.105ms
interpretation of String._aux_Init_Data_String_Termination___macroRules_tacticDecreasing_trivial_1 took 0.108ms
interpretation of String._aux_Init_Data_String_Termination___macroRules_tacticDecreasing_trivial_2 took 0.107ms
interpretation of String._aux_Init_Data_String_Termination___macroRules_tacticDecreasing_trivial_3 took 0.105ms
interpretation of String._aux_Init_Data_String_Termination___macroRules_tacticDecreasing_trivial_4 took 0.104ms
interpretation of String.Legacy.Iterator._aux_Init_Data_String_Iterator___macroRules_tacticDecreasing_trivial_1 took 0.112ms
interpretation of String.Legacy.Iterator._aux_Init_Data_String_Iterator___macroRules_tacticDecreasing_trivial_2 took 0.112ms
interpretation of Std._aux_Init_Data_Iterators_Basic___macroRules_tacticDecreasing_trivial_1 took 0.126ms
interpretation of Std._aux_Init_Data_Iterators_Basic___macroRules_tacticDecreasing_trivial_2 took 0.105ms
interpretation of Std._aux_Init_Data_Iterators_Basic___macroRules_tacticDecreasing_trivial_3 took 0.103ms
interpretation of Std._aux_Init_Data_Iterators_Basic___macroRules_tacticDecreasing_trivial_4 took 0.103ms
interpretation of Std._aux_Init_Data_Range_Polymorphic_PRange___macroRules_Std_term_...=__1 took 0.11ms
interpretation of Std._aux_Init_Data_Range_Polymorphic_PRange___macroRules_Std_term*...=__1 took 0.109ms
interpretation of Std._aux_Init_Data_Range_Polymorphic_PRange___macroRules_Std_term_...*_1 took 0.116ms
interpretation of Std._aux_Init_Data_Range_Polymorphic_PRange___macroRules_Std_term*...*_1 took 0.109ms
interpretation of Std._aux_Init_Data_Range_Polymorphic_PRange___macroRules_Std_term_<...=__1 took 0.109ms
interpretation of Std._aux_Init_Data_Range_Polymorphic_PRange___macroRules_Std_term_<...*_1 took 0.109ms
interpretation of Std._aux_Init_Data_Range_Polymorphic_PRange___macroRules_Std_term_...<__1 took 0.108ms
interpretation of Std._aux_Init_Data_Range_Polymorphic_PRange___macroRules_Std_term_...__1 took 0.106ms
interpretation of Std._aux_Init_Data_Range_Polymorphic_PRange___macroRules_Std_term*...<__1 took 0.108ms
interpretation of Std._aux_Init_Data_Range_Polymorphic_PRange___macroRules_Std_term*...__1 took 0.107ms
interpretation of Std._aux_Init_Data_Range_Polymorphic_PRange___macroRules_Std_term_<...<__1 took 0.11ms
interpretation of Std._aux_Init_Data_Range_Polymorphic_PRange___macroRules_Std_term_<...__1 took 0.16ms
interpretation of Vector._aux_Init_Data_Vector_Basic___macroRules_Vector_term#v[_,]_1 took 0.146ms
interpretation of Std.Legacy.Range._aux_Init_Data_Range_Basic___macroRules_Std_Legacy_Range_term[:_]_1 took 0.217ms
interpretation of Std.Legacy.Range._aux_Init_Data_Range_Basic___macroRules_Std_Legacy_Range_term[_:_]_1 took 0.19ms
interpretation of Std.Legacy.Range._aux_Init_Data_Range_Basic___macroRules_Std_Legacy_Range_term[_:_:_]_1 took 0.178ms
interpretation of Std.Legacy.Range._aux_Init_Data_Range_Basic___macroRules_Std_Legacy_Range_term[:_:_]_1 took 0.161ms
interpretation of _aux_Init_Data_Range_Basic___macroRules_tacticGet_elem_tactic_extensible_1 took 0.148ms
interpretation of Array._aux_Init_Data_Array_Subarray___macroRules_Array_term__[_:_]_1 took 0.126ms
interpretation of Array._aux_Init_Data_Array_Subarray___macroRules_Array_term__[:_]_1 took 0.108ms
interpretation of Array._aux_Init_Data_Array_Subarray___macroRules_Array_term__[_:]_1 took 0.109ms
interpretation of String.Internal._aux_Init_Data_String_OrderInstances___macroRules_String_Internal_tacticOrder_1 took 0.165ms
interpretation of Array._aux_Init_Data_Array_Mem___macroRules_Array_tacticArray_get_dec_1 took 0.11ms
interpretation of Array._aux_Init_Data_Array_Mem___macroRules_tacticDecreasing_trivial_1 took 0.106ms
interpretation of Array._aux_Init_Data_Array_Mem___macroRules_Array_tacticArray_mem_dec_1 took 0.112ms
interpretation of Array._aux_Init_Data_Array_Mem___macroRules_tacticDecreasing_trivial_2 took 0.104ms
interpretation of Array._aux_Init_Data_Array_Perm___macroRules_Array_term_~__1 took 0.102ms
interpretation of Std._aux_Init_Data_Slice_Notation___macroRules_term__[_]_1 took 0.105ms
interpretation of Std._aux_Init_Data_Range_Polymorphic_Basic___macroRules_tacticGet_elem_tactic_extensible_1 took 0.115ms
interpretation of _aux_Init_Data_UInt_Lemmas___macroRules_commandDeclare_uint_theorems___1 took 0.11ms
interpretation of _aux_Init_Data_UInt_Bitwise___macroRules_commandDeclare_bitwise_uint_theorems___1 took 0.11ms
interpretation of _aux_Init_Data_SInt_Lemmas___macroRules_commandDeclare_int_theorems___1 took 0.106ms
interpretation of _aux_Init_Data_SInt_Bitwise___macroRules_commandDeclare_bitwise_int_theorems___1 took 0.121ms
interpretation of _aux_Init_System_IO___macroRules_termPrintln!___1 took 0.101ms
interpretation of _aux_Init_Data_ToString_Macro___macroRules_termS!__1 took 0.102ms
interpretation of Std._aux_Init_Data_Format_Macro___macroRules_Std_termF!__1 took 0.102ms
interpretation of Vector._aux_Init_Data_Vector_Perm___macroRules_Vector_term_~__1 took 0.107ms
interpretation of Rat._aux_Init_Data_Rat_Basic___macroRules_Rat_term_/.__1 took 0.108ms
interpretation of Lean.Parser._aux_Init_Grind_Propagator___macroRules_Lean_Parser_command_Builtin_grind_propagator____:=__1 took 0.102ms
interpretation of DerivingHelpers._aux_Init_LawfulBEqTactics___macroRules_DerivingHelpers_tacticDeriving_ReflEq_tactic_1 took 0.12ms
interpretation of _aux_Init_LawfulBEqTactics___macroRules_tacticDeriving_LawfulEq_tactic_step_1 took 0.107ms
interpretation of _aux_Init_LawfulBEqTactics___macroRules_tacticDeriving_LawfulEq_tactic_step_2 took 0.105ms
interpretation of _aux_Init_LawfulBEqTactics___macroRules_tacticDeriving_LawfulEq_tactic_step_3 took 0.103ms
interpretation of _aux_Init_LawfulBEqTactics___macroRules_tacticDeriving_LawfulEq_tactic_step_4 took 0.103ms
interpretation of _aux_Init_LawfulBEqTactics___macroRules_tacticDeriving_LawfulEq_tactic_step_5 took 0.123ms
interpretation of _aux_Init_LawfulBEqTactics___macroRules_tacticDeriving_LawfulEq_tactic_step_6 took 0.104ms
interpretation of _aux_Init_LawfulBEqTactics___macroRules_tacticDeriving_LawfulEq_tactic_1 took 0.102ms
interpretation of _aux_Init_Data_Range_Polymorphic_GetElemTactic___macroRules_tacticGet_elem_tactic_extensible_1 took 0.116ms
interpretation of Lean.Parser._aux_Init_Simproc___macroRules_Lean_Parser_command_Simproc_decl_(_):=__1 took 0.151ms
interpretation of Lean.Parser._aux_Init_Simproc___macroRules_Lean_Parser_command_Dsimproc_decl_(_):=__1 took 0.126ms
interpretation of Lean.Parser._aux_Init_Simproc___macroRules_Lean_Parser_command_Builtin_simproc_decl_(_):=__1 took 0.0962ms
interpretation of Lean.Parser._aux_Init_Simproc___macroRules_Lean_Parser_command_Builtin_dsimproc_decl_(_):=__1 took 0.0939ms
interpretation of Lean.Parser._aux_Init_Simproc___macroRules_Lean_Parser_command__Simproc__[_]_(_):=__1 took 0.103ms
interpretation of Lean.Parser._aux_Init_Simproc___macroRules_Lean_Parser_command__Dsimproc__[_]_(_):=__1 took 0.0943ms
interpretation of Lean.Parser._aux_Init_Simproc___macroRules_Lean_Parser_command__Builtin_simproc__[_]_(_):=__1 took 0.09ms
interpretation of Lean.Parser._aux_Init_Simproc___macroRules_Lean_Parser_command__Builtin_dsimproc__[_]_(_):=__1 took 0.0925ms
interpretation of Lean.Parser._aux_Init_CbvSimproc___macroRules_Lean_Parser_command_Cbv_simproc_decl_(_):=__1 took 0.0998ms
interpretation of Lean.Parser._aux_Init_CbvSimproc___macroRules_Lean_Parser_command_Builtin_cbv_simproc_decl_(_):=__1 took 0.091ms
interpretation of Lean.Parser._aux_Init_CbvSimproc___macroRules_Lean_Parser_command__Cbv_simproc____(_):=__1 took 0.0935ms
interpretation of Lean.Parser._aux_Init_CbvSimproc___macroRules_Lean_Parser_command__Builtin_cbv_simproc____(_):=__1 took 0.0884ms
interpretation of Lean._aux_Init_MacroTrace___macroRules_Lean_termMacro.trace[_]__1 took 0.121ms
interpretation of Lean.Order._aux_Init_Internal_Order_Basic___macroRules_Lean_Order_term_⊑__1 took 0.123ms
interpretation of Lean.Order._aux_Init_Internal_Order_Basic___macroRules_Lean_Order_term⊥_1 took 0.107ms
interpretation of _aux_Init_Try___macroRules_tactic∎_1 took 0.108ms
interpretation of _aux_Init_Try___macroRules_term∎_1 took 0.0947ms
interpretation of Std.DHashMap.Raw._aux_Std_Data_DHashMap_Raw___macroRules_Std_DHashMap_Raw_term_~m__1 took 0.119ms
interpretation of Std.DHashMap._aux_Std_Data_DHashMap_Basic___macroRules_Std_DHashMap_term_~m__1 took 0.11ms
interpretation of Std.HashMap._aux_Std_Data_HashMap_Basic___macroRules_Std_HashMap_term_~m__1 took 0.118ms
interpretation of Std.HashSet._aux_Std_Data_HashSet_Basic___macroRules_Std_HashSet_term_~m__1 took 0.108ms
interpretation of Std.DTreeMap.Internal.Impl._aux_Std_Data_DTreeMap_Internal_Balancing___macroRules_Std_DTreeMap_Internal_Impl_tacticTree_tac_1 took 0.0914ms
interpretation of Std.DTreeMap.Internal.Impl._aux_Std_Data_DTreeMap_Internal_Balancing___macroRules_Std_DTreeMap_Internal_Impl_term✓_1 took 0.0877ms
interpretation of Std.DTreeMap.Internal.Impl._aux_Std_Data_DTreeMap_Internal_Queries___macroRules_Std_DTreeMap_Internal_Impl_term_~m__1 took 0.0885ms
interpretation of Std.DTreeMap._aux_Std_Data_DTreeMap_Basic___macroRules_Std_DTreeMap_term_~m__1 took 0.108ms
interpretation of Std.TreeMap._aux_Std_Data_TreeMap_Basic___macroRules_Std_TreeMap_term_~m__1 took 0.109ms
interpretation of Std.TreeSet._aux_Std_Data_TreeSet_Basic___macroRules_Std_TreeSet_term_~m__1 took 0.108ms
interpretation of Std.HashMap.Raw._aux_Std_Data_HashMap_Raw___macroRules_Std_HashMap_Raw_term_~m__1 took 0.11ms
interpretation of Lean.Option._aux_Lean_Data_Options___macroRules_Lean_Option_registerBuiltinOption_1 took 0.362ms
interpretation of Lean.Option._aux_Lean_Data_Options___macroRules_Lean_Option_registerOption_1 took 0.34ms
interpretation of Std.DTreeMap.Raw._aux_Std_Data_DTreeMap_Raw_Basic___macroRules_Std_DTreeMap_Raw_term_~m__1 took 0.114ms
interpretation of Std.TreeMap.Raw._aux_Std_Data_TreeMap_Raw_Basic___macroRules_Std_TreeMap_Raw_term_~m__1 took 0.112ms
interpretation of Lean._aux_Lean_Message___macroRules_Lean_termM!__1 took 0.303ms
interpretation of Lean._aux_Lean_Exception___macroRules_Lean_termThrowError___1 took 0.312ms
interpretation of Lean._aux_Lean_Exception___macroRules_Lean_termThrowErrorAt_____1 took 0.319ms
interpretation of Lean._aux_Lean_Util_Trace___macroRules_Lean_doElemTrace[_]___1 took 0.322ms
interpretation of Lean.PrettyPrinter.Delaborator._aux_Lean_PrettyPrinter_Delaborator_Basic___macroRules_Lean_PrettyPrinter_Delaborator_attrApp_delab__1 took 0.246ms
interpretation of Lean._aux_Lean_Parser_Extra___macroRules_Lean_termRegister_parser_alias(Kind:=_)_______1 took 0.236ms
interpretation of Lean.Json._aux_Lean_Data_Json_Elab___macroRules_Lean_Json_termJson%__1 took 0.343ms
interpretation of expandLemma took 0.583ms
interpretation of Lean._aux_Lean_Meta_Tactic_Simp_BuiltinSimprocs_UInt___macroRules_Lean_commandDeclare_uint_simprocs__1 took 0.205ms
interpretation of Lean._aux_Lean_Meta_Tactic_Simp_BuiltinSimprocs_SInt___macroRules_Lean_commandDeclare_sint_simprocs__1 took 0.205ms
interpretation of Lean.Meta.Simp._aux_Lean_Meta_Tactic_Simp_RegisterCommand___macroRules_Lean_Meta_Simp__root__Lean_Parser_Command_registerSimpAttr_1 took 0.222ms
interpretation of Batteries.Tactic._aux_Batteries_Tactic_Unreachable___macroRules_Batteries_Tactic_unreachableConv_1 took 0.725ms
interpretation of Batteries.Tactic._aux_Batteries_Tactic_HelpCmd___macroRules_Batteries_Tactic_command#help_Term+_____1 took 0.558ms
interpretation of Batteries.Tactic._aux_Batteries_Tactic_HelpCmd___macroRules_Batteries_Tactic_command#help_Tactic+_____1 took 0.556ms
interpretation of Batteries.Tactic._aux_Batteries_Tactic_HelpCmd___macroRules_Batteries_Tactic_command#help_Conv+_____1 took 0.561ms
interpretation of Batteries.Tactic._aux_Batteries_Tactic_HelpCmd___macroRules_Batteries_Tactic_command#help_Command+_____1 took 0.557ms
interpretation of ProofWidgets.Jsx._aux_ProofWidgets_Data_Html___macroRules_ProofWidgets_Jsx_term__1 took 0.847ms
interpretation of adaptationNoteTermElab took 0.61ms
interpretation of Lean.Elab.Term._aux_Mathlib_Tactic_TypeStar___elabRules_Lean_Elab_Term_termSort*_1 took 0.834ms
interpretation of Lean.Elab.Term._aux_Mathlib_Tactic_TypeStar___elabRules_Lean_Elab_Term_termType*_1 took 0.84ms
interpretation of elabWantedRef took 0.574ms
interpretation of ProofWidgets._aux_ProofWidgets_Component_OfRpcMethod___elabRules_ProofWidgets_termMk_rpc_widget%__1 took 0.569ms
interpretation of _aux_Mathlib_Tactic_AdaptationNote___elabRules_tactic#adaptation_note__1 took 0.806ms
interpretation of Mathlib.Linter.HaveILetI._aux_Mathlib_Tactic_Linter_HaveILetI___elabRules_Mathlib_Linter_HaveILetI_tacticHaveI___1 took 0.575ms
interpretation of Mathlib.Linter.HaveILetI._aux_Mathlib_Tactic_Linter_HaveILetI___elabRules_Mathlib_Linter_HaveILetI_tacticLetI___1 took 0.556ms
interpretation of Batteries.Tactic._aux_Batteries_Tactic_Unreachable___elabRules_Batteries_Tactic_unreachable_1 took 0.863ms
interpretation of Mathlib.Linter.Style._aux_Mathlib_Tactic_Linter_Style___elabRules_Mathlib_Linter_Style_show_1 took 0.872ms
interpretation of Mathlib.Tactic.ExtractGoal._aux_Mathlib_Tactic_ExtractGoal___elabRules_Mathlib_Tactic_ExtractGoal_extractGoal_1 took 0.555ms
interpretation of Lean.Linter._aux_Lean_Linter_Sets___elabRules_Lean_Linter_command_Register_linter_set_:=__1 took 0.117ms
interpretation of _aux_Mathlib_Tactic_AdaptationNote___elabRules_adaptationNoteCmd_1 took 0.775ms
interpretation of Mathlib.Linter.UnusedTactic._aux_Mathlib_Tactic_Linter_UnusedTacticExtension___elabRules_Mathlib_Linter_UnusedTactic_command#allow_unused_tactic!____1 took 0.58ms
interpretation of Mathlib.Linter.UnusedTactic._aux_Mathlib_Tactic_Linter_UnusedTacticExtension___elabRules_Mathlib_Linter_UnusedTactic_command#show_kind__1 took 0.576ms
interpretation of Mathlib.Command.MinImports._aux_Mathlib_Tactic_MinImports___elabRules_Mathlib_Command_MinImports_minImpsStx_1 took 0.554ms
interpretation of Mathlib.Command.MinImports._aux_Mathlib_Tactic_MinImports___elabRules_Mathlib_Command_MinImports_command#min_importsIn__1 took 0.568ms
interpretation of Mathlib.GuardExceptions._aux_Mathlib_Util_ParseCommand___elabRules_Mathlib_GuardExceptions_parseCmd_1 took 0.721ms
interpretation of Batteries.Util.LibraryNote._aux_Batteries_Util_LibraryNote___elabRules_Batteries_Util_LibraryNote_commandLibrary_note____1 took 0.561ms
interpretation of Batteries.Tactic._aux_Batteries_Tactic_HelpCmd___elabRules_Batteries_Tactic_command#help_Option____1 took 0.552ms
interpretation of Batteries.Tactic._aux_Batteries_Tactic_HelpCmd___elabRules_Batteries_Tactic_command#help_AttrAttribute____1 took 0.554ms
interpretation of Batteries.Tactic._aux_Batteries_Tactic_HelpCmd___elabRules_Batteries_Tactic_command#help_Cats____1 took 0.549ms
interpretation of Batteries.Tactic._aux_Batteries_Tactic_HelpCmd___elabRules_Batteries_Tactic_command#help_Cat+_______1 took 0.553ms
interpretation of Batteries.Tactic._aux_Batteries_Tactic_HelpCmd___elabRules_Batteries_Tactic_command#help_Note____1 took 0.551ms
interpretation of elabTheoremWanted took 0.588ms
interpretation of elabProofWanted took 0.587ms
interpretation of elabDefWanted took 0.771ms
interpretation of elabInstanceWanted took 1.08ms
interpretation of _aux_ImportGraph_Tools_FindHome___elabRules_command#find_home!__1 took 0.985ms
interpretation of _aux_ImportGraph_Tools_ImportDiff___elabRules_command#import_diff__1 took 0.899ms
interpretation of _aux_ImportGraph_Tools_MinImports___elabRules_command#min_imports_1 took 0.854ms
interpretation of _aux_ImportGraph_Tools_MinImports___elabRules_command#minimize_imports_1 took 0.846ms
interpretation of _aux_ImportGraph_Tools_RedundantImports___elabRules_command#redundant_imports_1 took 0.831ms
interpretation of Lean.Elab.Command.elabOpenPrivate took 0.701ms
interpretation of Lean.Elab.Command.elabExportPrivate took 0.639ms
interpretation of Batteries.Tactic.Lint._aux_Batteries_Tactic_Lint_Frontend___elabRules_Batteries_Tactic_Lint_command#lint+-*Only____1 took 0.566ms
interpretation of Batteries.Tactic.Lint._aux_Batteries_Tactic_Lint_Frontend___elabRules_Batteries_Tactic_Lint_command#list_linters_1 took 0.537ms
interpretation of _private.Batteries.Tactic.Lint.Basic.0.Batteries.Tactic.Lint.initFn._lam_1._@.Batteries.Tactic.Lint.Basic.880347739._hygCtx._hyg.2._boxed took 3.98ms
interpretation of _private.Mathlib.Tactic.Linter.UnusedTacticExtension.0.Mathlib.Linter.UnusedTactic.initFn._lam_1._@.Mathlib.Tactic.Linter.UnusedTacticExtension.2679548081._hygCtx._hyg.2._boxed took 1.88ms
interpretation of linarithToGrindRegressions took 12.4ms
interpretation of linter.tacticAnalysis.regressions.linarithToGrind took 0.008ms
interpretation of ringToGrindRegressions took 4.64ms
interpretation of linter.tacticAnalysis.regressions.ringToGrind took 0.0033ms
interpretation of omegaToLiaRegressions took 5.93ms
interpretation of linter.tacticAnalysis.regressions.omegaToLia took 0.0032ms
interpretation of omegaToLia took 1.49ms
interpretation of linter.tacticAnalysis.omegaToLia took 0.011ms
interpretation of Mathlib.TacticAnalysis.rwMerge took 6.61ms
interpretation of linter.tacticAnalysis.rwMerge took 0.0027ms
interpretation of Mathlib.TacticAnalysis.mergeWithGrind took 4.11ms
interpretation of linter.tacticAnalysis.mergeWithGrind took 0.0029ms
interpretation of Mathlib.TacticAnalysis.terminalToGrind took 1.88ms
interpretation of linter.tacticAnalysis.terminalToGrind took 0.0033ms
interpretation of tryAtEachStepGrind took 3.48ms
interpretation of linter.tacticAnalysis.tryAtEachStepGrind took 0.0026ms
interpretation of tryAtEachStepSimpAll took 2.28ms
interpretation of linter.tacticAnalysis.tryAtEachStepSimpAll took 0.0023ms
interpretation of tryAtEachStepAesop took 2.27ms
interpretation of linter.tacticAnalysis.tryAtEachStepAesop took 0.0022ms
interpretation of tryAtEachStepGrindSuggestions took 2.88ms
interpretation of linter.tacticAnalysis.tryAtEachStepGrindSuggestions took 0.0041ms
interpretation of tryAtEachStepSimpAllSuggestions took 2.69ms
interpretation of linter.tacticAnalysis.tryAtEachStepSimpAllSuggestions took 0.0041ms
interpretation of tryAtEachStepFromEnv took 1.98ms
interpretation of linter.tacticAnalysis.tryAtEachStepFromEnv took 0.0036ms
interpretation of Mathlib.TacticAnalysis.introMerge took 6.07ms
interpretation of linter.tacticAnalysis.introMerge took 0.003ms
interpretation of verifyGrind took 3.5ms
interpretation of linter.tacticAnalysis.verifyGrind took 0.0026ms
interpretation of verifyGrindSuggestions took 2.9ms
interpretation of linter.tacticAnalysis.verifyGrindSuggestions took 0.0021ms
interpretation of verifyGrindOnly took 2.24ms
interpretation of linter.tacticAnalysis.verifyGrindOnly took 0.0027ms
interpretation of _private.Mathlib.Tactic.TacticAnalysis.0.Mathlib.TacticAnalysis.initFn._lam_4._@.Mathlib.Tactic.TacticAnalysis.358552301._hygCtx._hyg.2._boxed took 8.1ms
interpretation of _private.Batteries.Util.LibraryNote.0.Batteries.Util.LibraryNote.initFn._lam_1._@.Batteries.Util.LibraryNote.1081991270._hygCtx._hyg.2._boxed took 1.35ms
interpretation of _private.Batteries.Util.ProofWanted.0.initFn._lam_1._@.Batteries.Util.ProofWanted.2313051376._hygCtx._hyg.2._boxed took 0.0196ms
interpretation of _private.Batteries.Util.ProofWanted.0.initFn._lam_1._@.Batteries.Util.ProofWanted.3080469459._hygCtx._hyg.2._boxed took 0.0047ms
import took 3.52s
parsing took 0.0996ms
interpretation of _private.Mathlib.Tactic.Linter.Header.0.Mathlib.Linter.Style.header.headerLinter._lam_3._boxed took 6.35ms
interpretation of _private.Mathlib.Tactic.Linter.AuxLemma.0.Mathlib.Linter.AuxLemma.auxLemmaLinter._lam_1._boxed took 4.55ms
interpretation of _private.Mathlib.Tactic.Linter.DeprecatedSyntaxLinter.0.Mathlib.Linter.Style.deprecatedSyntaxLinter._lam_1._boxed took 1.75ms
interpretation of _private.Mathlib.Tactic.Linter.DocPrime.0.Mathlib.Linter.DocPrime.docPrimeLinter._lam_3._boxed took 2.51ms
interpretation of _private.Mathlib.Tactic.Linter.DocString.0.Mathlib.Linter.Style.docStringLinter._lam_0._boxed took 11.6ms
interpretation of _private.Mathlib.Tactic.Linter.DocString.0.Mathlib.Linter.Style.moduleDocVersoLinter._lam_0._boxed took 0.94ms
interpretation of Mathlib.Linter.EmptyLine.emptyLineLinter._lam_2._boxed took 2.07ms
interpretation of _private.Mathlib.Tactic.Linter.GlobalAttributeIn.0.Mathlib.Linter.globalAttributeInLinter.globalAttributeIn._lam_0._boxed took 6.98ms
interpretation of _private.Mathlib.Tactic.Linter.HashCommandLinter.0.Mathlib.Linter.HashCommandLinter.withSetOptionIn'._boxed took 5.88ms
interpretation of _private.Mathlib.Tactic.Linter.FlexibleLinter.0.Mathlib.Linter.Flexible.flexibleLinter._lam_0._boxed took 1.91ms
interpretation of _private.Mathlib.Tactic.Linter.Multigoal.0.Mathlib.Linter.Style.multiGoal.multiGoalLinter._lam_0._boxed took 1.88ms
interpretation of _private.Mathlib.Tactic.Linter.OldObtain.0.Mathlib.Linter.Style.oldObtainLinter._lam_0._boxed took 1.84ms
interpretation of Mathlib.Linter.UnusedInstancesInType.withSetBoolOptionIn._boxed took 5.85ms
interpretation of Mathlib.Linter.UnusedInstancesInType.withSetBoolOptionIn._boxed took 0.824ms
overlappingInstancesLinter took 8.74ms
interpretation of Mathlib.Linter.UnusedInstancesInType.withSetBoolOptionIn._boxed took 5.09ms
interpretation of _private.Mathlib.Tactic.Linter.PrivateModule.0.Mathlib.Linter.privateModule._lam_1._boxed took 5.89ms
interpretation of _private.Mathlib.Tactic.Linter.UnusedTactic.0.Mathlib.Linter.UnusedTactic.unusedTacticLinter._lam_0._boxed took 31ms
interpretation of _private.Mathlib.Tactic.Linter.Style.0.Mathlib.Linter.Style.setOption.setOptionLinter._lam_0._boxed took 3.03ms
interpretation of _private.Mathlib.Tactic.Linter.Style.0.Mathlib.Linter.Style.missingEnd.missingEndLinter._lam_0._boxed took 4.8ms
interpretation of _private.Mathlib.Tactic.Linter.Style.0.Mathlib.Linter.Style.cdotLinter._lam_0._boxed took 0.81ms
interpretation of _private.Mathlib.Tactic.Linter.Style.0.Mathlib.Linter.Style.dollarSyntax.dollarSyntaxLinter._lam_0._boxed took 0.848ms
interpretation of _private.Mathlib.Tactic.Linter.Style.0.Mathlib.Linter.Style.lambdaSyntax.lambdaSyntaxLinter._lam_0._boxed took 0.836ms
interpretation of _private.Mathlib.Tactic.Linter.Style.0.Mathlib.Linter.Style.longFile.longFileLinter._lam_0._boxed took 1.69ms
interpretation of _private.Mathlib.Tactic.Linter.Style.0.Mathlib.Linter.Style.longLine.longLineLinter._lam_0._boxed took 0.83ms
interpretation of _private.Mathlib.Tactic.Linter.Style.0.Mathlib.Linter.Style.nameCheck.doubleUnderscore._lam_2._boxed took 11.6ms
interpretation of _private.Mathlib.Tactic.Linter.Style.0.Mathlib.Linter.Style.openClassical.openClassicalLinter._lam_0._boxed took 1.74ms
interpretation of _private.Mathlib.Tactic.Linter.Whitespace.0.Mathlib.Linter.Style.Whitespace.whitespaceLinter._lam_4._boxed took 2.31ms
tacticAnalysis took 50.9ms
interpretation of Mathlib.TacticAnalysis.tacticAnalysis._lam_1._boxed took 2.01ms
interpretation of _private.Mathlib.Tactic.Linter.Lint.0.Mathlib.Linter.DupNamespaceLinter.dupNamespace._lam_1._boxed took 15.8ms
linting took 3.4ms
elaboration took 0.278ms
parsing took 0.324ms
interpretation of _private.Mathlib.Tactic.Linter.Header.0.Mathlib.Linter.Style.header.headerLinter._lam_3._boxed took 0.103ms
interpretation of _private.Mathlib.Tactic.Linter.AuxLemma.0.Mathlib.Linter.AuxLemma.auxLemmaLinter._lam_1._boxed took 0.0815ms
interpretation of _private.Mathlib.Tactic.Linter.DeprecatedSyntaxLinter.0.Mathlib.Linter.Style.deprecatedSyntaxLinter._lam_1._boxed took 0.0545ms
interpretation of _private.Mathlib.Tactic.Linter.DocPrime.0.Mathlib.Linter.DocPrime.docPrimeLinter._lam_3._boxed took 0.0351ms
interpretation of _private.Mathlib.Tactic.Linter.DocString.0.Mathlib.Linter.Style.docStringLinter._lam_0._boxed took 0.206ms
interpretation of _private.Mathlib.Tactic.Linter.DocString.0.Mathlib.Linter.Style.moduleDocVersoLinter._lam_0._boxed took 0.0295ms
interpretation of Mathlib.Linter.EmptyLine.emptyLineLinter._lam_2._boxed took 0.0323ms
interpretation of _private.Mathlib.Tactic.Linter.GlobalAttributeIn.0.Mathlib.Linter.globalAttributeInLinter.globalAttributeIn._lam_0._boxed took 0.116ms
interpretation of _private.Mathlib.Tactic.Linter.HashCommandLinter.0.Mathlib.Linter.HashCommandLinter.withSetOptionIn'._boxed took 0.0845ms
interpretation of _private.Mathlib.Tactic.Linter.FlexibleLinter.0.Mathlib.Linter.Flexible.flexibleLinter._lam_0._boxed took 0.0335ms
interpretation of _private.Mathlib.Tactic.Linter.Multigoal.0.Mathlib.Linter.Style.multiGoal.multiGoalLinter._lam_0._boxed took 0.0302ms
interpretation of _private.Mathlib.Tactic.Linter.OldObtain.0.Mathlib.Linter.Style.oldObtainLinter._lam_0._boxed took 0.0255ms
interpretation of Mathlib.Linter.UnusedInstancesInType.withSetBoolOptionIn._boxed took 0.0685ms
interpretation of Mathlib.Linter.UnusedInstancesInType.withSetBoolOptionIn._boxed took 0.0401ms
overlappingInstancesLinter took 0.0636ms
interpretation of Mathlib.Linter.UnusedInstancesInType.withSetBoolOptionIn._boxed took 0.0929ms
interpretation of _private.Mathlib.Tactic.Linter.PrivateModule.0.Mathlib.Linter.privateModule._lam_1._boxed took 0.0473ms
interpretation of _private.Mathlib.Tactic.Linter.UnusedTactic.0.Mathlib.Linter.UnusedTactic.unusedTacticLinter._lam_0._boxed took 1.19ms
interpretation of _private.Mathlib.Tactic.Linter.Style.0.Mathlib.Linter.Style.setOption.setOptionLinter._lam_0._boxed took 0.0401ms
interpretation of _private.Mathlib.Tactic.Linter.Style.0.Mathlib.Linter.Style.missingEnd.missingEndLinter._lam_0._boxed took 0.0473ms
interpretation of _private.Mathlib.Tactic.Linter.Style.0.Mathlib.Linter.Style.cdotLinter._lam_0._boxed took 0.024ms
interpretation of _private.Mathlib.Tactic.Linter.Style.0.Mathlib.Linter.Style.dollarSyntax.dollarSyntaxLinter._lam_0._boxed took 0.0187ms
interpretation of _private.Mathlib.Tactic.Linter.Style.0.Mathlib.Linter.Style.lambdaSyntax.lambdaSyntaxLinter._lam_0._boxed took 0.0196ms
interpretation of _private.Mathlib.Tactic.Linter.Style.0.Mathlib.Linter.Style.longFile.longFileLinter._lam_0._boxed took 0.0348ms
interpretation of _private.Mathlib.Tactic.Linter.Style.0.Mathlib.Linter.Style.longLine.longLineLinter._lam_0._boxed took 0.0192ms
interpretation of _private.Mathlib.Tactic.Linter.Style.0.Mathlib.Linter.Style.nameCheck.doubleUnderscore._lam_2._boxed took 0.171ms
interpretation of _private.Mathlib.Tactic.Linter.Style.0.Mathlib.Linter.Style.openClassical.openClassicalLinter._lam_0._boxed took 0.0218ms
interpretation of _private.Mathlib.Tactic.Linter.Whitespace.0.Mathlib.Linter.Style.Whitespace.whitespaceLinter._lam_4._boxed took 0.0312ms
tacticAnalysis took 0.343ms
interpretation of Mathlib.TacticAnalysis.tacticAnalysis._lam_1._boxed took 0.0606ms
interpretation of _private.Mathlib.Tactic.Linter.Lint.0.Mathlib.Linter.DupNamespaceLinter.dupNamespace._lam_1._boxed took 0.0871ms
linting took 0.924ms
elaboration took 0.192ms
parsing took 0.0863ms
interpretation of _private.Mathlib.Tactic.Linter.Header.0.Mathlib.Linter.Style.header.headerLinter._lam_3._boxed took 0.0954ms
interpretation of _private.Mathlib.Tactic.Linter.AuxLemma.0.Mathlib.Linter.AuxLemma.auxLemmaLinter._lam_1._boxed took 9.48ms
interpretation of _private.Mathlib.Tactic.Linter.DeprecatedSyntaxLinter.0.Mathlib.Linter.Style.deprecatedSyntaxLinter._lam_1._boxed took 0.0799ms
interpretation of _private.Mathlib.Tactic.Linter.DocPrime.0.Mathlib.Linter.DocPrime.docPrimeLinter._lam_3._boxed took 0.0311ms
interpretation of _private.Mathlib.Tactic.Linter.DocString.0.Mathlib.Linter.Style.docStringLinter._lam_0._boxed took 0.181ms
interpretation of _private.Mathlib.Tactic.Linter.DocString.0.Mathlib.Linter.Style.moduleDocVersoLinter._lam_0._boxed took 0.0717ms
interpretation of Mathlib.Linter.EmptyLine.emptyLineLinter._lam_2._boxed took 0.0544ms
interpretation of _private.Mathlib.Tactic.Linter.GlobalAttributeIn.0.Mathlib.Linter.globalAttributeInLinter.globalAttributeIn._lam_0._boxed took 0.171ms
interpretation of _private.Mathlib.Tactic.Linter.HashCommandLinter.0.Mathlib.Linter.HashCommandLinter.withSetOptionIn'._boxed took 0.135ms
interpretation of _private.Mathlib.Tactic.Linter.FlexibleLinter.0.Mathlib.Linter.Flexible.flexibleLinter._lam_0._boxed took 0.0761ms
interpretation of _private.Mathlib.Tactic.Linter.Multigoal.0.Mathlib.Linter.Style.multiGoal.multiGoalLinter._lam_0._boxed took 0.0414ms
interpretation of _private.Mathlib.Tactic.Linter.OldObtain.0.Mathlib.Linter.Style.oldObtainLinter._lam_0._boxed took 0.0342ms
interpretation of Mathlib.Linter.UnusedInstancesInType.withSetBoolOptionIn._boxed took 0.172ms
interpretation of Mathlib.Linter.UnusedInstancesInType.withSetBoolOptionIn._boxed took 0.0935ms
overlappingInstancesLinter took 0.118ms
interpretation of Mathlib.Linter.UnusedInstancesInType.withSetBoolOptionIn._boxed took 0.185ms
interpretation of _private.Mathlib.Tactic.Linter.PrivateModule.0.Mathlib.Linter.privateModule._lam_1._boxed took 0.0436ms
interpretation of _private.Mathlib.Tactic.Linter.UnusedTactic.0.Mathlib.Linter.UnusedTactic.unusedTacticLinter._lam_0._boxed took 1.58ms
interpretation of _private.Mathlib.Tactic.Linter.Style.0.Mathlib.Linter.Style.setOption.setOptionLinter._lam_0._boxed took 0.246ms
interpretation of _private.Mathlib.Tactic.Linter.Style.0.Mathlib.Linter.Style.missingEnd.missingEndLinter._lam_0._boxed took 0.242ms
interpretation of _private.Mathlib.Tactic.Linter.Style.0.Mathlib.Linter.Style.cdotLinter._lam_0._boxed took 0.0712ms
interpretation of _private.Mathlib.Tactic.Linter.Style.0.Mathlib.Linter.Style.dollarSyntax.dollarSyntaxLinter._lam_0._boxed took 0.0308ms
interpretation of _private.Mathlib.Tactic.Linter.Style.0.Mathlib.Linter.Style.lambdaSyntax.lambdaSyntaxLinter._lam_0._boxed took 0.0256ms
interpretation of _private.Mathlib.Tactic.Linter.Style.0.Mathlib.Linter.Style.longFile.longFileLinter._lam_0._boxed took 0.0687ms
interpretation of _private.Mathlib.Tactic.Linter.Style.0.Mathlib.Linter.Style.longLine.longLineLinter._lam_0._boxed took 0.0289ms
interpretation of _private.Mathlib.Tactic.Linter.Style.0.Mathlib.Linter.Style.nameCheck.doubleUnderscore._lam_2._boxed took 0.266ms
interpretation of _private.Mathlib.Tactic.Linter.Style.0.Mathlib.Linter.Style.openClassical.openClassicalLinter._lam_0._boxed took 0.0279ms
interpretation of _private.Mathlib.Tactic.Linter.Whitespace.0.Mathlib.Linter.Style.Whitespace.whitespaceLinter._lam_4._boxed took 0.0421ms
tacticAnalysis took 0.675ms
interpretation of Mathlib.TacticAnalysis.tacticAnalysis._lam_1._boxed took 0.125ms
interpretation of _private.Mathlib.Tactic.Linter.Lint.0.Mathlib.Linter.DupNamespaceLinter.dupNamespace._lam_1._boxed took 0.272ms
linting took 1.6ms
elaboration took 0.317ms
parsing took 0.152ms
interpretation of _private.Mathlib.Tactic.Linter.Header.0.Mathlib.Linter.Style.header.headerLinter._lam_3._boxed took 0.176ms
interpretation of _private.Mathlib.Tactic.Linter.AuxLemma.0.Mathlib.Linter.AuxLemma.auxLemmaLinter._lam_1._boxed took 0.514ms
interpretation of _private.Mathlib.Tactic.Linter.DeprecatedSyntaxLinter.0.Mathlib.Linter.Style.deprecatedSyntaxLinter._lam_1._boxed took 0.0977ms
interpretation of _private.Mathlib.Tactic.Linter.DocPrime.0.Mathlib.Linter.DocPrime.docPrimeLinter._lam_3._boxed took 0.0394ms
interpretation of _private.Mathlib.Tactic.Linter.DocString.0.Mathlib.Linter.Style.docStringLinter._lam_0._boxed took 0.226ms
interpretation of _private.Mathlib.Tactic.Linter.DocString.0.Mathlib.Linter.Style.moduleDocVersoLinter._lam_0._boxed took 0.0309ms
interpretation of Mathlib.Linter.EmptyLine.emptyLineLinter._lam_2._boxed took 0.0336ms
interpretation of _private.Mathlib.Tactic.Linter.GlobalAttributeIn.0.Mathlib.Linter.globalAttributeInLinter.globalAttributeIn._lam_0._boxed took 0.119ms
interpretation of _private.Mathlib.Tactic.Linter.HashCommandLinter.0.Mathlib.Linter.HashCommandLinter.withSetOptionIn'._boxed took 0.0822ms
interpretation of _private.Mathlib.Tactic.Linter.FlexibleLinter.0.Mathlib.Linter.Flexible.flexibleLinter._lam_0._boxed took 0.0392ms
interpretation of _private.Mathlib.Tactic.Linter.Multigoal.0.Mathlib.Linter.Style.multiGoal.multiGoalLinter._lam_0._boxed took 0.0335ms
interpretation of _private.Mathlib.Tactic.Linter.OldObtain.0.Mathlib.Linter.Style.oldObtainLinter._lam_0._boxed took 0.0303ms
interpretation of Mathlib.Linter.UnusedInstancesInType.withSetBoolOptionIn._boxed took 0.0709ms
interpretation of Mathlib.Linter.UnusedInstancesInType.withSetBoolOptionIn._boxed took 0.039ms
overlappingInstancesLinter took 0.0711ms
interpretation of Mathlib.Linter.UnusedInstancesInType.withSetBoolOptionIn._boxed took 0.099ms
interpretation of _private.Mathlib.Tactic.Linter.PrivateModule.0.Mathlib.Linter.privateModule._lam_1._boxed took 0.0264ms
interpretation of _private.Mathlib.Tactic.Linter.UnusedTactic.0.Mathlib.Linter.UnusedTactic.unusedTacticLinter._lam_0._boxed took 1.17ms
interpretation of _private.Mathlib.Tactic.Linter.Style.0.Mathlib.Linter.Style.setOption.setOptionLinter._lam_0._boxed took 0.0994ms
interpretation of _private.Mathlib.Tactic.Linter.Style.0.Mathlib.Linter.Style.missingEnd.missingEndLinter._lam_0._boxed took 0.149ms
interpretation of _private.Mathlib.Tactic.Linter.Style.0.Mathlib.Linter.Style.cdotLinter._lam_0._boxed took 0.0512ms
interpretation of _private.Mathlib.Tactic.Linter.Style.0.Mathlib.Linter.Style.dollarSyntax.dollarSyntaxLinter._lam_0._boxed took 0.0512ms
interpretation of _private.Mathlib.Tactic.Linter.Style.0.Mathlib.Linter.Style.lambdaSyntax.lambdaSyntaxLinter._lam_0._boxed took 0.0444ms
interpretation of _private.Mathlib.Tactic.Linter.Style.0.Mathlib.Linter.Style.longFile.longFileLinter._lam_0._boxed took 0.0614ms
interpretation of _private.Mathlib.Tactic.Linter.Style.0.Mathlib.Linter.Style.longLine.longLineLinter._lam_0._boxed took 0.0615ms
interpretation of _private.Mathlib.Tactic.Linter.Style.0.Mathlib.Linter.Style.nameCheck.doubleUnderscore._lam_2._boxed took 0.388ms
interpretation of _private.Mathlib.Tactic.Linter.Style.0.Mathlib.Linter.Style.openClassical.openClassicalLinter._lam_0._boxed took 0.0302ms
interpretation of _private.Mathlib.Tactic.Linter.Whitespace.0.Mathlib.Linter.Style.Whitespace.whitespaceLinter._lam_4._boxed took 0.0733ms
tacticAnalysis took 0.582ms
interpretation of Mathlib.TacticAnalysis.tacticAnalysis._lam_1._boxed took 0.135ms
interpretation of _private.Mathlib.Tactic.Linter.Lint.0.Mathlib.Linter.DupNamespaceLinter.dupNamespace._lam_1._boxed took 0.149ms
linting took 1.52ms
elaboration took 0.503ms
parsing took 1.42ms
attribute application took 0.0489ms
type checking took 0.603ms
type checking took 0.235ms
type checking took 0.151ms
type checking took 0.0798ms
compilation (LCNF base) took 1.45ms
compilation (LCNF mono) took 0.329ms
compilation (LCNF mono) took 0.466ms
compilation (LCNF impure) took 0.87ms
compilation (IR) took 0.169ms
type checking took 0.232ms
type checking took 0.924ms
compilation (LCNF base) took 1.94ms
compilation (LCNF mono) took 0.674ms
compilation (LCNF mono) took 0.565ms
compilation (LCNF impure) took 0.839ms
compilation (IR) took 0.143ms
compilation (LCNF mono) took 0.381ms
compilation (LCNF impure) took 0.242ms
compilation (IR) took 0.0432ms
type checking took 0.287ms
compilation (LCNF base) took 0.955ms
compilation (LCNF mono) took 0.44ms
compilation (LCNF mono) took 0.265ms
compilation (LCNF impure) took 0.249ms
compilation (IR) took 0.0582ms
compilation (LCNF mono) took 0.181ms
compilation (LCNF impure) took 0.138ms
compilation (IR) took 0.0327ms
type checking took 0.348ms
compilation (LCNF base) took 0.567ms
compilation (LCNF mono) took 0.353ms
compilation (LCNF mono) took 0.196ms
compilation (LCNF impure) took 0.212ms
compilation (IR) took 0.0574ms
compilation (LCNF mono) took 0.182ms
compilation (LCNF impure) took 0.148ms
compilation (IR) took 0.0259ms
type checking took 0.327ms
compilation (LCNF base) took 0.555ms
compilation (LCNF mono) took 0.296ms
compilation (LCNF mono) took 0.223ms
compilation (LCNF impure) took 0.245ms
compilation (IR) took 0.0571ms
compilation (LCNF mono) took 0.163ms
compilation (LCNF impure) took 0.141ms
compilation (IR) took 0.0241ms
type checking took 0.27ms
compilation (LCNF base) took 0.38ms
compilation (LCNF mono) took 0.216ms
compilation (LCNF mono) took 0.133ms
compilation (LCNF impure) took 0.14ms
compilation (IR) took 0.0384ms
compilation (LCNF mono) took 0.115ms
compilation (LCNF impure) took 0.0967ms
compilation (IR) took 0.0188ms
type checking took 0.558ms
type checking took 1.69ms
type checking took 0.483ms
type checking took 0.398ms
type checking took 0.44ms
type checking took 0.467ms
type checking took 0.187ms
type checking took 0.897ms
type checking took 0.153ms
type checking took 1.36ms
typeclass inference of OfNat took 1.13ms
typeclass inference of SizeOf took 0.165ms
typeclass inference of HAdd took 0.907ms
typeclass inference of SizeOf took 0.1ms
typeclass inference of HAdd took 0.0118ms
typeclass inference of HAdd took 0.016ms
typeclass inference of OfNat took 0.0152ms
typeclass inference of SizeOf took 0.0197ms
typeclass inference of HAdd took 0.0111ms
typeclass inference of OfNat took 0.0135ms
typeclass inference of HAdd took 0.0112ms
typeclass inference of OfNat took 0.0139ms
typeclass inference of SizeOf took 0.124ms
typeclass inference of HAdd took 0.0094ms
typeclass inference of HAdd took 0.0068ms
type checking took 0.353ms
type checking took 0.106ms
typeclass inference of OfNat took 0.657ms
typeclass inference of SizeOf took 0.131ms
typeclass inference of HAdd took 0.721ms
typeclass inference of SizeOf took 0.117ms
typeclass inference of HAdd took 0.0147ms
typeclass inference of SizeOf took 0.102ms
typeclass inference of HAdd took 0.0127ms
type checking took 0.545ms
congr simp thm took 0.115ms
congr simp thm took 0.0378ms
simp took 0.811ms
simp took 0.0402ms
typeclass inference of OfNat took 0.236ms
typeclass inference of SizeOf took 0.0881ms
typeclass inference of HAdd took 0.457ms
type checking took 0.411ms
congr simp thm took 0.0129ms
congr simp thm took 0.0258ms
simp took 0.453ms
simp took 0.0352ms
typeclass inference of OfNat took 0.209ms
typeclass inference of SizeOf took 0.114ms
typeclass inference of HAdd took 0.509ms
type checking took 0.55ms
congr simp thm took 0.0149ms
congr simp thm took 0.0264ms
simp took 0.493ms
simp took 0.036ms
typeclass inference of OfNat took 0.255ms
typeclass inference of SizeOf took 0.104ms
typeclass inference of HAdd took 0.532ms
typeclass inference of SizeOf took 0.0895ms
typeclass inference of HAdd took 0.0134ms
type checking took 0.567ms
congr simp thm took 0.0136ms
congr simp thm took 0.0356ms
simp took 0.572ms
simp took 0.0381ms
type checking took 0.46ms
type checking took 0.702ms
type checking took 0.204ms
type checking took 0.278ms
type checking took 0.21ms
type checking took 0.301ms
type checking took 0.426ms
type checking took 0.442ms
attribute application took 0.0052ms
attribute application took 0.0027ms
interpretation of _private.Mathlib.Tactic.Linter.Header.0.Mathlib.Linter.Style.header.headerLinter._lam_3._boxed took 0.0785ms
interpretation of _private.Mathlib.Tactic.Linter.AuxLemma.0.Mathlib.Linter.AuxLemma.auxLemmaLinter._lam_1._boxed took 0.226ms
interpretation of _private.Mathlib.Tactic.Linter.DeprecatedSyntaxLinter.0.Mathlib.Linter.Style.deprecatedSyntaxLinter._lam_1._boxed took 0.0478ms
interpretation of _private.Mathlib.Tactic.Linter.DocPrime.0.Mathlib.Linter.DocPrime.docPrimeLinter._lam_3._boxed took 0.0455ms
interpretation of _private.Mathlib.Tactic.Linter.DocString.0.Mathlib.Linter.Style.docStringLinter._lam_0._boxed took 23.6ms
interpretation of _private.Mathlib.Tactic.Linter.DocString.0.Mathlib.Linter.Style.moduleDocVersoLinter._lam_0._boxed took 0.065ms
interpretation of Mathlib.Linter.EmptyLine.emptyLineLinter._lam_2._boxed took 0.033ms
interpretation of _private.Mathlib.Tactic.Linter.GlobalAttributeIn.0.Mathlib.Linter.globalAttributeInLinter.globalAttributeIn._lam_0._boxed took 0.544ms
interpretation of _private.Mathlib.Tactic.Linter.HashCommandLinter.0.Mathlib.Linter.HashCommandLinter.withSetOptionIn'._boxed took 0.0746ms
interpretation of _private.Mathlib.Tactic.Linter.FlexibleLinter.0.Mathlib.Linter.Flexible.flexibleLinter._lam_0._boxed took 0.0391ms
interpretation of _private.Mathlib.Tactic.Linter.Multigoal.0.Mathlib.Linter.Style.multiGoal.multiGoalLinter._lam_0._boxed took 0.0275ms
interpretation of _private.Mathlib.Tactic.Linter.OldObtain.0.Mathlib.Linter.Style.oldObtainLinter._lam_0._boxed took 0.0363ms
interpretation of Mathlib.Linter.UnusedInstancesInType.withSetBoolOptionIn._boxed took 0.0876ms
interpretation of Mathlib.Linter.UnusedInstancesInType.withSetBoolOptionIn._boxed took 0.0643ms
overlappingInstancesLinter took 0.131ms
interpretation of Mathlib.Linter.UnusedInstancesInType.withSetBoolOptionIn._boxed took 0.143ms
interpretation of _private.Mathlib.Tactic.Linter.PrivateModule.0.Mathlib.Linter.privateModule._lam_1._boxed took 0.0337ms
interpretation of _private.Mathlib.Tactic.Linter.UnusedTactic.0.Mathlib.Linter.UnusedTactic.unusedTacticLinter._lam_0._boxed took 2.4ms
interpretation of _private.Mathlib.Tactic.Linter.Style.0.Mathlib.Linter.Style.setOption.setOptionLinter._lam_0._boxed took 0.0768ms
interpretation of _private.Mathlib.Tactic.Linter.Style.0.Mathlib.Linter.Style.missingEnd.missingEndLinter._lam_0._boxed took 0.0882ms
interpretation of _private.Mathlib.Tactic.Linter.Style.0.Mathlib.Linter.Style.cdotLinter._lam_0._boxed took 0.0484ms
interpretation of _private.Mathlib.Tactic.Linter.Style.0.Mathlib.Linter.Style.dollarSyntax.dollarSyntaxLinter._lam_0._boxed took 0.0334ms
interpretation of _private.Mathlib.Tactic.Linter.Style.0.Mathlib.Linter.Style.lambdaSyntax.lambdaSyntaxLinter._lam_0._boxed took 0.0265ms
interpretation of _private.Mathlib.Tactic.Linter.Style.0.Mathlib.Linter.Style.longFile.longFileLinter._lam_0._boxed took 0.0336ms
interpretation of _private.Mathlib.Tactic.Linter.Style.0.Mathlib.Linter.Style.longLine.longLineLinter._lam_0._boxed took 0.0327ms
interpretation of _private.Mathlib.Tactic.Linter.Style.0.Mathlib.Linter.Style.nameCheck.doubleUnderscore._lam_2._boxed took 1.78ms
interpretation of _private.Mathlib.Tactic.Linter.Style.0.Mathlib.Linter.Style.openClassical.openClassicalLinter._lam_0._boxed took 0.0645ms
interpretation of _private.Mathlib.Tactic.Linter.Whitespace.0.Mathlib.Linter.Style.Whitespace.whitespaceLinter._lam_4._boxed took 0.0392ms
tacticAnalysis took 3.82ms
interpretation of Mathlib.TacticAnalysis.tacticAnalysis._lam_1._boxed took 0.19ms
interpretation of _private.Mathlib.Tactic.Linter.Lint.0.Mathlib.Linter.DupNamespaceLinter.dupNamespace._lam_1._boxed took 5.7ms
linting took 1.89ms
elaboration took 66ms
parsing took 13.5ms
attribute application took 0.0068ms
instantiate metavars took 0.0065ms
instantiate metavars took 0.0013ms
attribute application took 0.0039ms
typeclass inference of OfNat took 0.232ms
typeclass inference of OfNat took 0.137ms
typeclass inference of HAdd took 0.431ms
typeclass inference of HAdd took 0.397ms
attribute application took 0.0076ms
typeclass inference of OfNat took 0.292ms
typeclass inference of OfNat took 0.141ms
typeclass inference of OfNat took 0.123ms
typeclass inference of OfNat took 0.112ms
typeclass inference of HAdd took 0.411ms
typeclass inference of HAdd took 0.518ms
typeclass inference of Decidable took 0.753ms
typeclass inference of Pure took 0.416ms
typeclass inference of OfNat took 0.175ms
typeclass inference of Pure took 1.75ms
typeclass inference of GetElem took 1.34ms
typeclass inference of Decidable took 1.27ms
typeclass inference of Monad took 0.31ms
typeclass inference of Lean.MonadError took 0.647ms
typeclass inference of Lean.ToMessageData took 0.174ms
typeclass inference of Lean.ToMessageData took 0.105ms
typeclass inference of OfNat took 0.142ms
typeclass inference of HAppend took 0.517ms
typeclass inference of HAppend took 0.985ms
typeclass inference of Monad took 0.235ms
typeclass inference of Lean.MonadError took 5.12ms
typeclass inference of Lean.ToMessageData took 0.222ms
typeclass inference of Lean.ToMessageData took 0.019ms
typeclass inference of GetElem took 1.89ms
typeclass inference of Lean.ToMessageData took 0.552ms
typeclass inference of Lean.ToMessageData took 0.0155ms
typeclass inference of Lean.ToMessageData took 0.0098ms
typeclass inference of Lean.ToMessageData took 0.135ms
typeclass inference of HAppend took 0.0212ms
typeclass inference of HAppend took 0.013ms
typeclass inference of HAppend took 0.0111ms
typeclass inference of HAppend took 0.0116ms
typeclass inference of HAppend took 0.159ms
typeclass inference of HAppend took 0.173ms
typeclass inference of HAppend took 0.128ms
typeclass inference of HAppend took 0.105ms
typeclass inference of Monad took 0.169ms
typeclass inference of Lean.MonadError took 0.234ms
typeclass inference of Lean.ToMessageData took 0.0195ms
typeclass inference of Lean.ToMessageData took 0.0185ms
typeclass inference of Lean.ToMessageData took 0.153ms
typeclass inference of HAppend took 0.021ms
typeclass inference of HAppend took 0.191ms
typeclass inference of Monad took 0.0133ms
typeclass inference of Lean.MonadError took 0.0099ms
typeclass inference of Monad took 0.199ms
typeclass inference of Lean.MonadError took 0.237ms
typeclass inference of Monad took 0.0114ms
typeclass inference of Lean.MonadError took 0.0098ms
typeclass inference of Monad took 0.178ms
typeclass inference of Lean.MonadError took 0.238ms
typeclass inference of Monad took 0.0123ms
typeclass inference of Lean.MonadError took 0.0102ms
typeclass inference of Monad took 0.33ms
typeclass inference of Lean.MonadError took 0.246ms
typeclass inference of Monad took 0.0254ms
typeclass inference of Lean.MonadError took 0.0205ms
typeclass inference of Monad took 0.156ms
typeclass inference of Lean.MonadError took 0.223ms
typeclass inference of Monad took 0.0121ms
typeclass inference of Lean.MonadError took 0.0094ms
typeclass inference of Monad took 0.287ms
typeclass inference of Lean.MonadError took 0.445ms
typeclass inference of Monad took 0.0216ms
typeclass inference of Lean.MonadError took 0.0177ms
typeclass inference of Monad took 0.357ms
typeclass inference of Lean.MonadError took 0.391ms
typeclass inference of Lean.ToMessageData took 0.0159ms
typeclass inference of Lean.ToMessageData took 0.0117ms
typeclass inference of Lean.ToMessageData took 0.123ms
typeclass inference of HAppend took 0.024ms
typeclass inference of HAppend took 0.186ms
typeclass inference of Monad took 0.0136ms
typeclass inference of Lean.MonadError took 0.0115ms
typeclass inference of GetElem took 0.241ms
typeclass inference of OfNat took 0.217ms
typeclass inference of OfNat took 0.136ms
typeclass inference of OfNat took 0.123ms
typeclass inference of Decidable took 0.805ms
typeclass inference of Monad took 0.243ms
typeclass inference of Lean.MonadError took 0.248ms
typeclass inference of Lean.ToMessageData took 0.0127ms
typeclass inference of Lean.ToMessageData took 0.0094ms
typeclass inference of Lean.ToMessageData took 0.0865ms
typeclass inference of HAppend took 0.0144ms
typeclass inference of HAppend took 0.133ms
typeclass inference of Monad took 0.0113ms
typeclass inference of Lean.MonadError took 0.0095ms
typeclass inference of GetElem took 0.238ms
typeclass inference of OfNat took 0.184ms
typeclass inference of OfNat took 0.189ms
typeclass inference of OfNat took 0.0243ms
typeclass inference of Decidable took 0.643ms
typeclass inference of Monad took 0.18ms
typeclass inference of Lean.MonadError took 0.244ms
typeclass inference of Lean.ToMessageData took 0.0361ms
typeclass inference of Lean.ToMessageData took 0.0107ms
typeclass inference of Lean.ToMessageData took 0.107ms
typeclass inference of HAppend took 0.0544ms
typeclass inference of HAppend took 0.171ms
typeclass inference of Monad took 0.0124ms
typeclass inference of Lean.MonadError took 0.0133ms
typeclass inference of GetElem took 0.216ms
typeclass inference of OfNat took 0.512ms
typeclass inference of OfNat took 0.153ms
typeclass inference of OfNat took 0.319ms
typeclass inference of Decidable took 0.532ms
typeclass inference of CoeT took 2.68ms
typeclass inference of Decidable took 0.25ms
do element elaborator of Lean.Parser.Term.InternalSyntax.doSkip took 0.0693ms
typeclass inference of Monad took 0.224ms
typeclass inference of Lean.MonadError took 0.302ms
typeclass inference of Lean.ToMessageData took 0.12ms
typeclass inference of Lean.ToMessageData took 0.0669ms
typeclass inference of Lean.ToMessageData took 0.0936ms
typeclass inference of HAppend took 0.453ms
typeclass inference of HAppend took 0.442ms
typeclass inference of Monad took 0.102ms
typeclass inference of Lean.MonadError took 4.77ms
typeclass inference of Bind took 0.551ms
do element elaborator of Lean.Parser.Term.doExpr took 3.28ms
typeclass inference of Functor took 0.301ms
typeclass inference of Functor took 1.44ms
typeclass inference of Pure took 1.26ms
typeclass inference of Pure took 0.0234ms
do element elaborator of Lean.Parser.Term.doExpr took 3.79ms
do element elaborator of Lean.Parser.Term.doIf took 2.11ms
do element elaborator of Lean.Parser.Term.doUnless took 0.111ms
typeclass inference of Bind took 0.0263ms
do element elaborator of Lean.Parser.Term.doExpr took 2.18ms
do element elaborator of Lean.Parser.Term.doLetArrow took 0.174ms
do element elaborator of Lean.Parser.Term.doUnless took 0.113ms
do element elaborator of Lean.Parser.Term.doLet took 0.638ms
typeclass inference of Monad took 0.234ms
typeclass inference of Lean.MonadError took 0.26ms
typeclass inference of Monad took 0.0138ms
typeclass inference of Lean.MonadError took 0.0109ms
typeclass inference of GetElem took 1.65ms
typeclass inference of OfNat took 0.243ms
typeclass inference of OfNat took 0.128ms
typeclass inference of OfNat took 0.133ms
typeclass inference of Decidable took 1.04ms
typeclass inference of CoeT took 2.29ms
typeclass inference of Decidable took 0.313ms
do element elaborator of Lean.Parser.Term.InternalSyntax.doSkip took 0.0583ms
typeclass inference of Monad took 0.276ms
typeclass inference of Lean.MonadError took 0.51ms
typeclass inference of Lean.ToMessageData took 0.0253ms
typeclass inference of Lean.ToMessageData took 0.0159ms
typeclass inference of Lean.ToMessageData took 0.166ms
typeclass inference of HAppend took 0.0223ms
typeclass inference of HAppend took 0.232ms
typeclass inference of Monad took 0.0355ms
typeclass inference of Lean.MonadError took 0.0158ms
typeclass inference of Bind took 0.0146ms
do element elaborator of Lean.Parser.Term.doExpr took 4.88ms
typeclass inference of Functor took 0.33ms
typeclass inference of Functor took 0.068ms
typeclass inference of Pure took 0.0128ms
typeclass inference of Pure took 0.0085ms
do element elaborator of Lean.Parser.Term.doExpr took 2.11ms
do element elaborator of Lean.Parser.Term.doIf took 2.06ms
do element elaborator of Lean.Parser.Term.doUnless took 0.0491ms
typeclass inference of Bind took 0.0126ms
do element elaborator of Lean.Parser.Term.doExpr took 0.868ms
do element elaborator of Lean.Parser.Term.doLetArrow took 0.0689ms
do element elaborator of Lean.Parser.Term.doUnless took 0.0576ms
typeclass inference of GetElem took 0.23ms
typeclass inference of OfNat took 0.487ms
typeclass inference of OfNat took 0.163ms
typeclass inference of OfNat took 0.161ms
typeclass inference of Decidable took 1.71ms
typeclass inference of Functor took 0.216ms
typeclass inference of Functor took 0.116ms
typeclass inference of Monad took 0.398ms
typeclass inference of Lean.MonadError took 0.491ms
typeclass inference of Monad took 0.0223ms
typeclass inference of Lean.MonadError took 0.0118ms
typeclass inference of GetElem took 0.297ms
typeclass inference of OfNat took 0.246ms
typeclass inference of OfNat took 0.125ms
typeclass inference of OfNat took 0.0129ms
typeclass inference of Decidable took 0.559ms
typeclass inference of Monad took 0.155ms
typeclass inference of Lean.MonadError took 0.242ms
typeclass inference of Lean.ToMessageData took 0.0131ms
typeclass inference of Lean.ToMessageData took 0.0097ms
typeclass inference of Lean.ToMessageData took 0.0845ms
typeclass inference of HAppend took 0.0138ms
typeclass inference of HAppend took 0.128ms
typeclass inference of Monad took 0.0123ms
typeclass inference of Lean.MonadError took 0.0107ms
typeclass inference of GetElem took 0.216ms
typeclass inference of OfNat took 0.178ms
typeclass inference of OfNat took 0.135ms
typeclass inference of OfNat took 0.0126ms
typeclass inference of Decidable took 0.563ms
typeclass inference of Functor took 0.336ms
typeclass inference of Functor took 0.0673ms
typeclass inference of Monad took 0.18ms
typeclass inference of Lean.MonadError took 0.301ms
typeclass inference of Monad took 0.0235ms
typeclass inference of Lean.MonadError took 0.0108ms
typeclass inference of Lean.ToMessageData took 0.107ms
type checking took 0.613ms
typeclass inference of Decidable took 0.616ms
typeclass inference of Pure took 0.509ms
typeclass inference of Pure took 1.6ms
typeclass inference of GetElem took 1.3ms
typeclass inference of OfNat took 0.177ms
typeclass inference of OfNat took 0.137ms
typeclass inference of OfNat took 0.137ms
typeclass inference of Decidable took 0.934ms
typeclass inference of GetElem took 0.224ms
typeclass inference of OfNat took 0.258ms
typeclass inference of OfNat took 0.159ms
typeclass inference of OfNat took 0.152ms
typeclass inference of Decidable took 0.587ms
typeclass inference of OfNat took 0.0186ms
typeclass inference of Monad took 0.172ms
typeclass inference of Lean.MonadError took 0.271ms
typeclass inference of Lean.ToMessageData took 0.103ms
typeclass inference of Lean.ToMessageData took 0.0811ms
typeclass inference of GetElem took 0.205ms
typeclass inference of Lean.ToMessageData took 0.4ms
typeclass inference of Lean.ToMessageData took 0.0113ms
typeclass inference of Lean.ToMessageData took 0.0649ms
typeclass inference of Lean.ToMessageData took 0.0796ms
typeclass inference of HAppend took 0.384ms
typeclass inference of HAppend took 0.012ms
typeclass inference of HAppend took 0.0103ms
typeclass inference of HAppend took 0.0094ms
typeclass inference of HAppend took 0.436ms
typeclass inference of HAppend took 0.409ms
typeclass inference of HAppend took 0.234ms
typeclass inference of HAppend took 0.233ms
typeclass inference of Monad took 0.468ms
typeclass inference of Lean.MonadError took 8.42ms
typeclass inference of Lean.ToMessageData took 0.191ms
type checking took 0.623ms
type checking took 0.244ms
typeclass inference of GetElem? took 1.51ms
typeclass inference of CoeT took 0.275ms
typeclass inference of CoeT took 0.178ms
typeclass inference of BEq took 0.392ms
typeclass inference of CoeT took 2.53ms
typeclass inference of Decidable took 0.664ms
typeclass inference of Functor took 0.153ms
typeclass inference of CoeT took 2.38ms
typeclass inference of BEq took 0.12ms
typeclass inference of OfNat took 0.179ms
typeclass inference of OfNat took 0.162ms
typeclass inference of OfNat took 0.148ms
typeclass inference of HAdd took 0.65ms
typeclass inference of HAdd took 0.585ms
typeclass inference of GetElem took 2.42ms
typeclass inference of Functor took 1.29ms
typeclass inference of Pure took 1.39ms
typeclass inference of Pure took 0.0232ms
do element elaborator of Lean.Parser.Term.doExpr took 7.92ms
typeclass inference of Functor took 0.375ms
typeclass inference of OfNat took 0.339ms
typeclass inference of OfNat took 0.231ms
typeclass inference of OfNat took 0.264ms
typeclass inference of OfNat took 0.194ms
typeclass inference of CoeT took 4ms
typeclass inference of HAdd took 0.024ms
typeclass inference of CoeT took 3.29ms
typeclass inference of HAdd took 0.158ms
typeclass inference of GetElem took 0.209ms
typeclass inference of Functor took 0.0623ms
typeclass inference of Pure took 0.0131ms
typeclass inference of Pure took 0.0077ms
do element elaborator of Lean.Parser.Term.doExpr took 5.38ms
do element elaborator of Lean.Parser.Term.doIf took 3.89ms
do element elaborator of Lean.Parser.Term.doLet took 1.98ms
typeclass inference of Bind took 0.382ms
do element elaborator of Lean.Parser.Term.doExpr took 2.24ms
do element elaborator of Lean.Parser.Term.doLetArrow took 0.101ms
do element elaborator of Lean.Parser.Term.doLet took 0.0885ms
typeclass inference of Functor took 0.227ms
typeclass inference of OfNat took 0.151ms
typeclass inference of Functor took 0.0965ms
typeclass inference of OfNat took 0.021ms
type checking took 5.21ms
type checking took 0.306ms
typeclass inference of OfNat took 1.23ms
tactic execution of Lean.Parser.Tactic.done took 0.126ms
tactic execution of Lean.Parser.Tactic.tacticSeq1Indented took 0.0789ms
tactic execution of Lean.Parser.Tactic.tacticSeq took 0.0337ms
tactic execution of Lean.Parser.Tactic.assumption took 0.528ms
tactic execution of Lean.Parser.Tactic.tacticSeq1Indented took 0.0525ms
tactic execution of Lean.Parser.Tactic.tacticSeq took 0.0335ms
typeclass inference of LE took 0.237ms
typeclass inference of LE took 0.201ms
typeclass inference of LE took 0.169ms
typeclass inference of LE took 0.147ms
typeclass inference of LE took 0.157ms
typeclass inference of LE took 0.134ms
typeclass inference of LE took 0.161ms
typeclass inference of LE took 0.137ms
typeclass inference of LE took 0.167ms
typeclass inference of LE took 0.133ms
typeclass inference of LE took 0.185ms
typeclass inference of LE took 0.134ms
typeclass inference of LE took 0.153ms
typeclass inference of LE took 0.131ms
tactic execution of Lean.Parser.Tactic.rewriteSeq took 5.92ms
tactic execution of Lean.Parser.Tactic.tacticSeq1Indented took 0.0631ms
tactic execution of Lean.Parser.Tactic.tacticSeq took 0.0296ms
tactic execution of Lean.Parser.Tactic.paren took 0.0333ms
tactic execution of Lean.Parser.Tactic.rwSeq took 0.0474ms
tactic execution of Lean.Parser.Tactic.tacticSeq1Indented took 0.0331ms
tactic execution of Lean.Parser.Tactic.tacticSeq took 0.0254ms
tactic execution of Lean.Parser.Tactic.skip took 0.0131ms
tactic execution of Lean.Parser.Tactic.tacticSeq1Indented took 0.0547ms
tactic execution of Lean.Parser.Tactic.tacticSeq took 0.059ms
tactic execution of Lean.Parser.Tactic.first took 0.0827ms
tactic execution of Lean.Parser.Tactic.tacticTry_ took 0.0621ms
typeclass inference of LE took 0.221ms
typeclass inference of LT took 0.192ms
typeclass inference of LE took 0.189ms
typeclass inference of LT took 0.137ms
typeclass inference of LE took 0.179ms
typeclass inference of LT took 0.158ms
typeclass inference of LE took 0.159ms
typeclass inference of LT took 0.213ms
typeclass inference of LE took 0.286ms
typeclass inference of LT took 0.262ms
typeclass inference of LE took 0.186ms
typeclass inference of LT took 0.231ms
typeclass inference of LE took 0.321ms
typeclass inference of LT took 0.251ms
typeclass inference of LE took 0.228ms
typeclass inference of LT took 0.142ms
typeclass inference of LE took 0.176ms
typeclass inference of LT took 0.33ms
typeclass inference of LE took 0.227ms
typeclass inference of LT took 0.157ms
typeclass inference of LE took 0.271ms
typeclass inference of LT took 0.262ms
typeclass inference of LE took 0.273ms
typeclass inference of LT took 0.226ms
typeclass inference of LE took 0.377ms
typeclass inference of LT took 0.44ms
typeclass inference of LE took 0.407ms
typeclass inference of LT took 0.649ms
tactic execution of Lean.Parser.Tactic.rewriteSeq took 9.72ms
tactic execution of Lean.Parser.Tactic.tacticSeq1Indented took 0.11ms
tactic execution of Lean.Parser.Tactic.tacticSeq took 0.049ms
tactic execution of Lean.Parser.Tactic.paren took 0.0495ms
tactic execution of Lean.Parser.Tactic.rwSeq took 0.0608ms
tactic execution of Lean.Parser.Tactic.tacticSeq1Indented took 0.059ms
tactic execution of Lean.Parser.Tactic.tacticSeq took 0.0787ms
tactic execution of Lean.Parser.Tactic.skip took 0.0182ms
tactic execution of Lean.Parser.Tactic.tacticSeq1Indented took 0.0736ms
tactic execution of Lean.Parser.Tactic.tacticSeq took 0.123ms
tactic execution of Lean.Parser.Tactic.first took 0.106ms
tactic execution of Lean.Parser.Tactic.tacticTry_ took 0.0685ms
typeclass inference of LE took 0.986ms
typeclass inference of LE took 0.402ms
typeclass inference of LE took 0.561ms
typeclass inference of LE took 0.526ms
typeclass inference of LE took 0.448ms
typeclass inference of LE took 0.331ms
typeclass inference of LE took 0.496ms
typeclass inference of LE took 0.266ms
typeclass inference of LE took 0.313ms
typeclass inference of LE took 0.236ms
typeclass inference of LE took 0.325ms
typeclass inference of LE took 0.266ms
typeclass inference of LE took 0.254ms
typeclass inference of LE took 0.212ms
tactic execution of Lean.Parser.Tactic.rewriteSeq took 10.9ms
tactic execution of Lean.Parser.Tactic.tacticSeq1Indented took 0.135ms
tactic execution of Lean.Parser.Tactic.tacticSeq took 0.0625ms
tactic execution of Lean.Parser.Tactic.paren took 0.0656ms
tactic execution of Lean.Parser.Tactic.rwSeq took 0.0819ms
tactic execution of Lean.Parser.Tactic.tacticSeq1Indented took 0.0569ms
tactic execution of Lean.Parser.Tactic.tacticSeq took 0.0448ms
tactic execution of Lean.Parser.Tactic.skip took 0.0112ms
tactic execution of Lean.Parser.Tactic.tacticSeq1Indented took 0.0507ms
tactic execution of Lean.Parser.Tactic.tacticSeq took 0.0542ms
tactic execution of Lean.Parser.Tactic.first took 0.132ms
tactic execution of Lean.Parser.Tactic.tacticTry_ took 0.138ms
typeclass inference of LE took 0.358ms
typeclass inference of LT took 0.256ms
typeclass inference of LE took 0.207ms
typeclass inference of LT took 0.222ms
typeclass inference of LE took 0.413ms
typeclass inference of LT took 0.395ms
typeclass inference of LE took 0.256ms
typeclass inference of LT took 0.238ms
typeclass inference of LE took 0.272ms
typeclass inference of LT took 0.171ms
typeclass inference of LE took 0.146ms
typeclass inference of LT took 0.133ms
typeclass inference of LE took 0.164ms
typeclass inference of LT took 0.158ms
typeclass inference of LE took 0.231ms
typeclass inference of LT took 0.241ms
typeclass inference of LE took 0.334ms
typeclass inference of LT took 0.332ms
typeclass inference of LE took 0.263ms
typeclass inference of LT took 0.221ms
typeclass inference of LE took 0.313ms
typeclass inference of LT took 0.249ms
typeclass inference of LE took 0.233ms
typeclass inference of LT took 0.219ms
typeclass inference of LE took 0.28ms
typeclass inference of LT took 0.266ms
typeclass inference of LE took 0.228ms
typeclass inference of LT took 0.194ms
tactic execution of Lean.Parser.Tactic.rewriteSeq took 10ms
tactic execution of Lean.Parser.Tactic.tacticSeq1Indented took 0.0655ms
tactic execution of Lean.Parser.Tactic.tacticSeq took 0.0393ms
tactic execution of Lean.Parser.Tactic.paren took 0.0384ms
tactic execution of Lean.Parser.Tactic.rwSeq took 0.0477ms
tactic execution of Lean.Parser.Tactic.tacticSeq1Indented took 0.0504ms
tactic execution of Lean.Parser.Tactic.tacticSeq took 0.0387ms
tactic execution of Lean.Parser.Tactic.skip took 0.0077ms
tactic execution of Lean.Parser.Tactic.tacticSeq1Indented took 0.0338ms
tactic execution of Lean.Parser.Tactic.tacticSeq took 0.0371ms
tactic execution of Lean.Parser.Tactic.first took 0.068ms
tactic execution of Lean.Parser.Tactic.tacticTry_ took 0.0611ms
typeclass inference of LT took 0.327ms
typeclass inference of LT took 0.23ms
typeclass inference of LT took 0.309ms
typeclass inference of LT took 0.224ms
typeclass inference of LT took 0.285ms
typeclass inference of LT took 0.223ms
typeclass inference of LT took 0.286ms
typeclass inference of LT took 0.156ms
typeclass inference of LT took 0.358ms
typeclass inference of LT took 0.252ms
typeclass inference of LT took 0.756ms
typeclass inference of LT took 0.416ms
typeclass inference of LT took 0.653ms
typeclass inference of LT took 0.357ms
tactic execution of Lean.Parser.Tactic.rewriteSeq took 10.3ms
tactic execution of Lean.Parser.Tactic.tacticSeq1Indented took 0.115ms
tactic execution of Lean.Parser.Tactic.tacticSeq took 0.0663ms
tactic execution of Lean.Parser.Tactic.paren took 0.0613ms
tactic execution of Lean.Parser.Tactic.rwSeq took 0.0631ms
tactic execution of Lean.Parser.Tactic.tacticSeq1Indented took 0.0647ms
tactic execution of Lean.Parser.Tactic.tacticSeq took 0.0467ms
tactic execution of Lean.Parser.Tactic.skip took 0.0192ms
tactic execution of Lean.Parser.Tactic.tacticSeq1Indented took 0.0954ms
tactic execution of Lean.Parser.Tactic.tacticSeq took 0.0724ms
tactic execution of Lean.Parser.Tactic.first took 0.109ms
tactic execution of Lean.Parser.Tactic.tacticTry_ took 0.0787ms
typeclass inference of LT took 0.814ms
typeclass inference of LT took 0.541ms
typeclass inference of LT took 0.458ms
typeclass inference of LT took 0.179ms
typeclass inference of LT took 0.208ms
typeclass inference of LT took 0.169ms
typeclass inference of LT took 0.19ms
typeclass inference of LT took 0.165ms
typeclass inference of LT took 0.193ms
typeclass inference of LT took 0.138ms
typeclass inference of LT took 0.304ms
typeclass inference of LT took 0.168ms
typeclass inference of LT took 0.169ms
typeclass inference of LT took 0.138ms
tactic execution of Lean.Parser.Tactic.rewriteSeq took 8.17ms
tactic execution of Lean.Parser.Tactic.tacticSeq1Indented took 0.0577ms
tactic execution of Lean.Parser.Tactic.tacticSeq took 0.052ms
tactic execution of Lean.Parser.Tactic.paren took 0.0438ms
tactic execution of Lean.Parser.Tactic.rwSeq took 0.0583ms
tactic execution of Lean.Parser.Tactic.tacticSeq1Indented took 0.0437ms
tactic execution of Lean.Parser.Tactic.tacticSeq took 0.0329ms
tactic execution of Lean.Parser.Tactic.skip took 0.0074ms
tactic execution of Lean.Parser.Tactic.tacticSeq1Indented took 0.0329ms
tactic execution of Lean.Parser.Tactic.tacticSeq took 0.0361ms
tactic execution of Lean.Parser.Tactic.first took 0.0724ms
tactic execution of Lean.Parser.Tactic.tacticTry_ took 0.0769ms
typeclass inference of LE took 0.211ms
typeclass inference of LE took 0.151ms
typeclass inference of LE took 0.164ms
typeclass inference of LE took 0.142ms
typeclass inference of LE took 0.177ms
typeclass inference of LE took 0.155ms
typeclass inference of LE took 0.193ms
typeclass inference of LE took 0.14ms
typeclass inference of LE took 0.16ms
typeclass inference of LE took 0.131ms
typeclass inference of LE took 0.277ms
typeclass inference of LE took 0.229ms
typeclass inference of LE took 0.323ms
typeclass inference of LE took 0.173ms
tactic execution of Lean.Parser.Tactic.rewriteSeq took 5.78ms
tactic execution of Lean.Parser.Tactic.tacticSeq1Indented took 0.054ms
tactic execution of Lean.Parser.Tactic.tacticSeq took 0.0349ms
tactic execution of Lean.Parser.Tactic.paren took 0.0331ms
tactic execution of Lean.Parser.Tactic.rwSeq took 0.0393ms
tactic execution of Lean.Parser.Tactic.tacticSeq1Indented took 0.033ms
tactic execution of Lean.Parser.Tactic.tacticSeq took 0.0302ms
tactic execution of Lean.Parser.Tactic.skip took 0.0081ms
tactic execution of Lean.Parser.Tactic.tacticSeq1Indented took 0.034ms
tactic execution of Lean.Parser.Tactic.tacticSeq took 0.0546ms
tactic execution of Lean.Parser.Tactic.first took 0.0603ms
tactic execution of Lean.Parser.Tactic.tacticTry_ took 0.0493ms
typeclass inference of LT took 0.259ms
typeclass inference of LT took 0.164ms
typeclass inference of LT took 0.208ms
typeclass inference of LT took 0.141ms
typeclass inference of LT took 0.187ms
typeclass inference of LT took 0.139ms
typeclass inference of LT took 0.178ms
typeclass inference of LT took 0.143ms
typeclass inference of LT took 0.192ms
typeclass inference of LT took 0.152ms
typeclass inference of LT took 0.168ms
typeclass inference of LT took 0.142ms
typeclass inference of LT took 0.183ms
typeclass inference of LT took 0.14ms
tactic execution of Lean.Parser.Tactic.rewriteSeq took 5.54ms
tactic execution of Lean.Parser.Tactic.tacticSeq1Indented took 0.0611ms
tactic execution of Lean.Parser.Tactic.tacticSeq took 0.0285ms
tactic execution of Lean.Parser.Tactic.paren took 0.0325ms
tactic execution of Lean.Parser.Tactic.rwSeq took 0.0383ms
tactic execution of Lean.Parser.Tactic.tacticSeq1Indented took 0.0323ms
tactic execution of Lean.Parser.Tactic.tacticSeq took 0.0259ms
tactic execution of Lean.Parser.Tactic.skip took 0.0083ms
tactic execution of Lean.Parser.Tactic.tacticSeq1Indented took 0.0338ms
tactic execution of Lean.Parser.Tactic.tacticSeq took 0.0343ms
tactic execution of Lean.Parser.Tactic.first took 0.0567ms
tactic execution of Lean.Parser.Tactic.tacticTry_ took 0.049ms
tactic execution of Lean.Parser.Tactic.rewriteSeq took 7.89ms
tactic execution of Lean.Parser.Tactic.tacticSeq1Indented took 0.226ms
tactic execution of Lean.Parser.Tactic.tacticSeq took 0.117ms
tactic execution of Lean.Parser.Tactic.paren took 0.0654ms
tactic execution of Lean.Parser.Tactic.rwSeq took 0.0696ms
tactic execution of Lean.Parser.Tactic.tacticSeq1Indented took 0.0802ms
tactic execution of Lean.Parser.Tactic.tacticSeq took 0.0733ms
tactic execution of Lean.Parser.Tactic.skip took 0.033ms
tactic execution of Lean.Parser.Tactic.tacticSeq1Indented took 0.0608ms
tactic execution of Lean.Parser.Tactic.tacticSeq took 0.0644ms
tactic execution of Lean.Parser.Tactic.first took 0.11ms
tactic execution of Lean.Parser.Tactic.tacticTry_ took 0.17ms
dsimp took 1.65ms
tactic execution of Lean.Parser.Tactic.dsimp took 2.37ms
tactic execution of Lean.Parser.Tactic.tacticSeq1Indented took 0.069ms
tactic execution of Lean.Parser.Tactic.tacticSeq took 0.05ms
tactic execution of Lean.Parser.Tactic.first took 0.0562ms
tactic execution of Lean.Parser.Tactic.tacticTry_ took 0.119ms
congr simp thm took 0.115ms
congr simp thm took 0.0584ms
congr simp thm took 0.201ms
congr simp thm took 0.0968ms
simp took 0.957ms
simp took 0.0439ms
tactic execution of Lean.Parser.Tactic.simp took 8.49ms
tactic execution of Lean.Parser.Tactic.tacticSeq1Indented took 0.0742ms
tactic execution of Lean.Parser.Tactic.tacticSeq took 0.045ms
tactic execution of Lean.Parser.Tactic.skip took 0.0226ms
tactic execution of Lean.Parser.Tactic.tacticSeq1Indented took 0.0742ms
tactic execution of Lean.Parser.Tactic.tacticSeq took 0.0661ms
tactic execution of Lean.Parser.Tactic.first took 0.0991ms
tactic execution of Lean.Parser.Tactic.tacticTry_ took 0.101ms
typeclass inference of Decidable took 0.617ms
typeclass inference of LE took 0.149ms
typeclass inference of LE took 0.017ms
typeclass inference of Decidable took 0.247ms
typeclass inference of Decidable took 0.0137ms
instantiate metavars took 0.0027ms
type checking took 18.5ms
tactic execution of Lean.Parser.Tactic.omega took 10.9ms
tactic execution of Lean.Parser.Tactic.tacticSeq1Indented took 0.809ms
tactic execution of Lean.Parser.Tactic.tacticSeq took 0.0688ms
tactic execution of Lean.Parser.Tactic.first took 0.0523ms
tactic execution of tacticGet_elem_tactic_extensible took 0.179ms
tactic execution of Lean.Parser.Tactic.tacticSeq1Indented took 0.0408ms
tactic execution of Lean.Parser.Tactic.tacticSeq took 0.0469ms
tactic execution of Lean.Parser.Tactic.first took 0.155ms
tactic execution of tacticGet_elem_tactic took 0.133ms
tactic execution of Lean.Parser.Tactic.tacticSeq1Indented took 0.114ms
tactic execution of Lean.Parser.Tactic.tacticSeq took 0.163ms
tactic execution of Lean.Parser.Tactic.done took 0.21ms
tactic execution of Lean.Parser.Tactic.tacticSeq1Indented took 0.114ms
tactic execution of Lean.Parser.Tactic.tacticSeq took 0.0641ms
tactic execution of Lean.Parser.Tactic.assumption took 0.966ms
tactic execution of Lean.Parser.Tactic.tacticSeq1Indented took 0.0954ms
tactic execution of Lean.Parser.Tactic.tacticSeq took 0.0647ms
typeclass inference of LE took 0.401ms
typeclass inference of LE took 0.223ms
typeclass inference of LE took 0.272ms
typeclass inference of LE took 0.229ms
typeclass inference of LE took 0.178ms
typeclass inference of LE took 0.137ms
typeclass inference of LE took 0.165ms
typeclass inference of LE took 0.139ms
typeclass inference of LE took 0.158ms
typeclass inference of LE took 0.134ms
typeclass inference of LE took 0.171ms
typeclass inference of LE took 0.129ms
typeclass inference of LE took 0.167ms
typeclass inference of LE took 0.13ms
tactic execution of Lean.Parser.Tactic.rewriteSeq took 6.97ms
tactic execution of Lean.Parser.Tactic.tacticSeq1Indented took 0.0457ms
tactic execution of Lean.Parser.Tactic.tacticSeq took 0.0453ms
tactic execution of Lean.Parser.Tactic.paren took 0.0348ms
tactic execution of Lean.Parser.Tactic.rwSeq took 0.043ms
tactic execution of Lean.Parser.Tactic.tacticSeq1Indented took 0.0391ms
tactic execution of Lean.Parser.Tactic.tacticSeq took 0.0304ms
tactic execution of Lean.Parser.Tactic.skip took 0.0079ms
tactic execution of Lean.Parser.Tactic.tacticSeq1Indented took 0.0325ms
tactic execution of Lean.Parser.Tactic.tacticSeq took 0.0338ms
tactic execution of Lean.Parser.Tactic.first took 0.0595ms
tactic execution of Lean.Parser.Tactic.tacticTry_ took 0.0408ms
typeclass inference of LE took 0.176ms
typeclass inference of LT took 0.161ms
typeclass inference of LE took 0.148ms
typeclass inference of LT took 0.128ms
typeclass inference of LE took 0.167ms
typeclass inference of LT took 0.145ms
typeclass inference of LE took 0.448ms
typeclass inference of LT took 0.227ms
typeclass inference of LE took 0.414ms
typeclass inference of LT took 0.395ms
typeclass inference of LE took 0.348ms
typeclass inference of LT took 0.27ms
typeclass inference of LE took 0.381ms
typeclass inference of LT took 0.182ms
typeclass inference of LE took 0.139ms
typeclass inference of LT took 0.13ms
typeclass inference of LE took 0.322ms
typeclass inference of LT took 0.204ms
typeclass inference of LE took 0.138ms
typeclass inference of LT took 0.141ms
typeclass inference of LE took 0.159ms
typeclass inference of LT took 0.169ms
typeclass inference of LE took 0.131ms
typeclass inference of LT took 0.127ms
typeclass inference of LE took 0.158ms
typeclass inference of LT took 0.153ms
typeclass inference of LE took 0.154ms
typeclass inference of LT took 0.127ms
tactic execution of Lean.Parser.Tactic.rewriteSeq took 8.38ms
tactic execution of Lean.Parser.Tactic.tacticSeq1Indented took 0.0436ms
tactic execution of Lean.Parser.Tactic.tacticSeq took 0.0283ms
tactic execution of Lean.Parser.Tactic.paren took 0.0402ms
tactic execution of Lean.Parser.Tactic.rwSeq took 0.0389ms
tactic execution of Lean.Parser.Tactic.tacticSeq1Indented took 0.0312ms
tactic execution of Lean.Parser.Tactic.tacticSeq took 0.0335ms
tactic execution of Lean.Parser.Tactic.skip took 0.0081ms
tactic execution of Lean.Parser.Tactic.tacticSeq1Indented took 0.0339ms
tactic execution of Lean.Parser.Tactic.tacticSeq took 0.0367ms
tactic execution of Lean.Parser.Tactic.first took 0.0642ms
tactic execution of Lean.Parser.Tactic.tacticTry_ took 0.0443ms
typeclass inference of LE took 0.198ms
typeclass inference of LE took 0.165ms
typeclass inference of LE took 0.172ms
typeclass inference of LE took 0.14ms
typeclass inference of LE took 0.157ms
typeclass inference of LE took 0.137ms
typeclass inference of LE took 0.232ms
typeclass inference of LE took 0.283ms
typeclass inference of LE took 0.881ms
typeclass inference of LE took 0.445ms
typeclass inference of LE took 0.461ms
typeclass inference of LE took 0.256ms
typeclass inference of LE took 0.498ms
typeclass inference of LE took 0.274ms
tactic execution of Lean.Parser.Tactic.rewriteSeq took 8.54ms
tactic execution of Lean.Parser.Tactic.tacticSeq1Indented took 0.167ms
tactic execution of Lean.Parser.Tactic.tacticSeq took 0.105ms
tactic execution of Lean.Parser.Tactic.paren took 0.0952ms
tactic execution of Lean.Parser.Tactic.rwSeq took 0.118ms
tactic execution of Lean.Parser.Tactic.tacticSeq1Indented took 0.078ms
tactic execution of Lean.Parser.Tactic.tacticSeq took 0.0807ms
tactic execution of Lean.Parser.Tactic.skip took 0.0156ms
tactic execution of Lean.Parser.Tactic.tacticSeq1Indented took 0.0626ms
tactic execution of Lean.Parser.Tactic.tacticSeq took 0.0762ms
tactic execution of Lean.Parser.Tactic.first took 0.131ms
tactic execution of Lean.Parser.Tactic.tacticTry_ took 0.0722ms
typeclass inference of LE took 0.416ms
typeclass inference of LT took 0.253ms
typeclass inference of LE took 0.232ms
typeclass inference of LT took 0.167ms
typeclass inference of LE took 0.194ms
typeclass inference of LT took 0.197ms
typeclass inference of LE took 0.15ms
typeclass inference of LT took 0.143ms
typeclass inference of LE took 0.168ms
typeclass inference of LT took 0.182ms
typeclass inference of LE took 0.139ms
typeclass inference of LT took 0.133ms
typeclass inference of LE took 0.162ms
typeclass inference of LT took 0.148ms
typeclass inference of LE took 0.129ms
typeclass inference of LT took 0.144ms
typeclass inference of LE took 0.183ms
typeclass inference of LT took 0.167ms
typeclass inference of LE took 0.153ms
typeclass inference of LT took 0.134ms
typeclass inference of LE took 0.237ms
typeclass inference of LT took 0.175ms
typeclass inference of LE took 0.14ms
typeclass inference of LT took 0.198ms
typeclass inference of LE took 0.223ms
typeclass inference of LT took 0.366ms
typeclass inference of LE took 0.228ms
typeclass inference of LT took 0.155ms
tactic execution of Lean.Parser.Tactic.rewriteSeq took 7.85ms
tactic execution of Lean.Parser.Tactic.tacticSeq1Indented took 0.0683ms
tactic execution of Lean.Parser.Tactic.tacticSeq took 0.0653ms
tactic execution of Lean.Parser.Tactic.paren took 0.0601ms
tactic execution of Lean.Parser.Tactic.rwSeq took 0.0563ms
tactic execution of Lean.Parser.Tactic.tacticSeq1Indented took 0.0396ms
tactic execution of Lean.Parser.Tactic.tacticSeq took 0.0336ms
tactic execution of Lean.Parser.Tactic.skip took 0.0079ms
tactic execution of Lean.Parser.Tactic.tacticSeq1Indented took 0.0333ms
tactic execution of Lean.Parser.Tactic.tacticSeq took 0.0353ms
tactic execution of Lean.Parser.Tactic.first took 0.0697ms
tactic execution of Lean.Parser.Tactic.tacticTry_ took 0.0751ms
typeclass inference of LT took 0.263ms
typeclass inference of LT took 0.189ms
typeclass inference of LT took 0.185ms
typeclass inference of LT took 0.138ms
typeclass inference of LT took 0.165ms
typeclass inference of LT took 0.159ms
typeclass inference of LT took 0.154ms
typeclass inference of LT took 0.138ms
typeclass inference of LT took 0.172ms
typeclass inference of LT took 0.141ms
typeclass inference of LT took 0.266ms
typeclass inference of LT took 0.181ms
typeclass inference of LT took 0.214ms
typeclass inference of LT took 0.203ms
tactic execution of Lean.Parser.Tactic.rewriteSeq took 6.18ms
tactic execution of Lean.Parser.Tactic.tacticSeq1Indented took 0.0527ms
tactic execution of Lean.Parser.Tactic.tacticSeq took 0.0389ms
tactic execution of Lean.Parser.Tactic.paren took 0.0346ms
tactic execution of Lean.Parser.Tactic.rwSeq took 0.056ms
tactic execution of Lean.Parser.Tactic.tacticSeq1Indented took 0.0264ms
tactic execution of Lean.Parser.Tactic.tacticSeq took 0.0261ms
tactic execution of Lean.Parser.Tactic.skip took 0.0077ms
tactic execution of Lean.Parser.Tactic.tacticSeq1Indented took 0.0344ms
tactic execution of Lean.Parser.Tactic.tacticSeq took 0.0421ms
tactic execution of Lean.Parser.Tactic.first took 0.0606ms
tactic execution of Lean.Parser.Tactic.tacticTry_ took 0.0498ms
typeclass inference of LT took 0.295ms
typeclass inference of LT took 0.216ms
typeclass inference of LT took 0.283ms
typeclass inference of LT took 0.198ms
typeclass inference of LT took 0.217ms
typeclass inference of LT took 0.327ms
typeclass inference of LT took 0.458ms
typeclass inference of LT took 0.427ms
typeclass inference of LT took 0.751ms
typeclass inference of LT took 0.391ms
typeclass inference of LT took 0.462ms
typeclass inference of LT took 0.234ms
typeclass inference of LT took 0.237ms
typeclass inference of LT took 0.272ms
tactic execution of Lean.Parser.Tactic.rewriteSeq took 9.43ms
tactic execution of Lean.Parser.Tactic.tacticSeq1Indented took 0.0732ms
tactic execution of Lean.Parser.Tactic.tacticSeq took 0.0482ms
tactic execution of Lean.Parser.Tactic.paren took 0.057ms
tactic execution of Lean.Parser.Tactic.rwSeq took 0.0546ms
tactic execution of Lean.Parser.Tactic.tacticSeq1Indented took 0.0674ms
tactic execution of Lean.Parser.Tactic.tacticSeq took 0.0474ms
tactic execution of Lean.Parser.Tactic.skip took 0.0163ms
tactic execution of Lean.Parser.Tactic.tacticSeq1Indented took 0.064ms
tactic execution of Lean.Parser.Tactic.tacticSeq took 0.0799ms
tactic execution of Lean.Parser.Tactic.first took 0.108ms
tactic execution of Lean.Parser.Tactic.tacticTry_ took 0.0677ms
typeclass inference of LE took 0.392ms
typeclass inference of LE took 0.226ms
typeclass inference of LE took 0.194ms
typeclass inference of LE took 0.161ms
typeclass inference of LE took 0.28ms
typeclass inference of LE took 0.228ms
typeclass inference of LE took 0.211ms
typeclass inference of LE took 0.146ms
typeclass inference of LE took 0.23ms
typeclass inference of LE took 0.147ms
typeclass inference of LE took 0.191ms
typeclass inference of LE took 0.146ms
typeclass inference of LE took 0.23ms
typeclass inference of LE took 0.138ms
tactic execution of Lean.Parser.Tactic.rewriteSeq took 6.88ms
tactic execution of Lean.Parser.Tactic.tacticSeq1Indented took 0.0572ms
tactic execution of Lean.Parser.Tactic.tacticSeq took 0.0341ms
tactic execution of Lean.Parser.Tactic.paren took 0.0402ms
tactic execution of Lean.Parser.Tactic.rwSeq took 0.0636ms
tactic execution of Lean.Parser.Tactic.tacticSeq1Indented took 0.0534ms
tactic execution of Lean.Parser.Tactic.tacticSeq took 0.0329ms
tactic execution of Lean.Parser.Tactic.skip took 0.0082ms
tactic execution of Lean.Parser.Tactic.tacticSeq1Indented took 0.0362ms
tactic execution of Lean.Parser.Tactic.tacticSeq took 0.0362ms
tactic execution of Lean.Parser.Tactic.first took 0.0694ms
tactic execution of Lean.Parser.Tactic.tacticTry_ took 0.0638ms
typeclass inference of LT took 0.264ms
typeclass inference of LT took 0.161ms
typeclass inference of LT took 0.193ms
typeclass inference of LT took 0.148ms
typeclass inference of LT took 0.207ms
typeclass inference of LT took 0.15ms
typeclass inference of LT took 0.178ms
typeclass inference of LT took 0.18ms
typeclass inference of LT took 0.204ms
typeclass inference of LT took 0.142ms
typeclass inference of LT took 0.214ms
typeclass inference of LT took 0.15ms
typeclass inference of LT took 0.203ms
typeclass inference of LT took 0.215ms
tactic execution of Lean.Parser.Tactic.rewriteSeq took 5.92ms
tactic execution of Lean.Parser.Tactic.tacticSeq1Indented took 0.0538ms
tactic execution of Lean.Parser.Tactic.tacticSeq took 0.0301ms
tactic execution of Lean.Parser.Tactic.paren took 0.0427ms
tactic execution of Lean.Parser.Tactic.rwSeq took 0.0402ms
tactic execution of Lean.Parser.Tactic.tacticSeq1Indented took 0.0334ms
tactic execution of Lean.Parser.Tactic.tacticSeq took 0.0272ms
tactic execution of Lean.Parser.Tactic.skip took 0.0092ms
tactic execution of Lean.Parser.Tactic.tacticSeq1Indented took 0.0357ms
tactic execution of Lean.Parser.Tactic.tacticSeq took 0.036ms
tactic execution of Lean.Parser.Tactic.first took 0.0543ms
tactic execution of Lean.Parser.Tactic.tacticTry_ took 0.0494ms
tactic execution of Lean.Parser.Tactic.rewriteSeq took 7.25ms
tactic execution of Lean.Parser.Tactic.tacticSeq1Indented took 0.16ms
tactic execution of Lean.Parser.Tactic.tacticSeq took 0.0546ms
tactic execution of Lean.Parser.Tactic.paren took 0.0574ms
tactic execution of Lean.Parser.Tactic.rwSeq took 0.0575ms
tactic execution of Lean.Parser.Tactic.tacticSeq1Indented took 0.056ms
tactic execution of Lean.Parser.Tactic.tacticSeq took 0.0473ms
tactic execution of Lean.Parser.Tactic.skip took 0.0165ms
tactic execution of Lean.Parser.Tactic.tacticSeq1Indented took 0.0504ms
tactic execution of Lean.Parser.Tactic.tacticSeq took 0.0613ms
tactic execution of Lean.Parser.Tactic.first took 0.0997ms
tactic execution of Lean.Parser.Tactic.tacticTry_ took 0.0602ms
dsimp took 0.835ms
tactic execution of Lean.Parser.Tactic.dsimp took 1.25ms
tactic execution of Lean.Parser.Tactic.tacticSeq1Indented took 0.0665ms
tactic execution of Lean.Parser.Tactic.tacticSeq took 0.0439ms
tactic execution of Lean.Parser.Tactic.first took 0.057ms
tactic execution of Lean.Parser.Tactic.tacticTry_ took 0.0826ms
congr simp thm took 0.0129ms
congr simp thm took 0.0127ms
congr simp thm took 0.0227ms
congr simp thm took 0.0092ms
simp took 0.842ms
simp took 0.0307ms
tactic execution of Lean.Parser.Tactic.simp took 5.86ms
tactic execution of Lean.Parser.Tactic.tacticSeq1Indented took 0.0404ms
tactic execution of Lean.Parser.Tactic.tacticSeq took 0.0326ms
tactic execution of Lean.Parser.Tactic.skip took 0.0075ms
tactic execution of Lean.Parser.Tactic.tacticSeq1Indented took 0.0334ms
tactic execution of Lean.Parser.Tactic.tacticSeq took 0.0398ms
tactic execution of Lean.Parser.Tactic.first took 0.0816ms
tactic execution of Lean.Parser.Tactic.tacticTry_ took 0.0709ms
typeclass inference of Decidable took 0.635ms
typeclass inference of LE took 0.216ms
typeclass inference of LE took 0.0266ms
typeclass inference of Decidable took 0.405ms
typeclass inference of Decidable took 0.02ms
instantiate metavars took 0.0035ms
tactic execution of Lean.Parser.Tactic.omega took 6.46ms
tactic execution of Lean.Parser.Tactic.tacticSeq1Indented took 0.454ms
tactic execution of Lean.Parser.Tactic.tacticSeq took 0.0601ms
tactic execution of Lean.Parser.Tactic.first took 0.05ms
tactic execution of tacticGet_elem_tactic_extensible took 0.0832ms
tactic execution of Lean.Parser.Tactic.tacticSeq1Indented took 0.0514ms
tactic execution of Lean.Parser.Tactic.tacticSeq took 0.0779ms
tactic execution of Lean.Parser.Tactic.first took 0.186ms
tactic execution of tacticGet_elem_tactic took 0.0763ms
tactic execution of Lean.Parser.Tactic.tacticSeq1Indented took 0.0453ms
tactic execution of Lean.Parser.Tactic.tacticSeq took 0.0631ms
tactic execution of Lean.Parser.Tactic.done took 0.0722ms
tactic execution of Lean.Parser.Tactic.tacticSeq1Indented took 0.0806ms
tactic execution of Lean.Parser.Tactic.tacticSeq took 0.0394ms
tactic execution of Lean.Parser.Tactic.assumption took 1.05ms
tactic execution of Lean.Parser.Tactic.tacticSeq1Indented took 0.0667ms
tactic execution of Lean.Parser.Tactic.tacticSeq took 0.0479ms
typeclass inference of LE took 0.356ms
typeclass inference of LE took 0.175ms
typeclass inference of LE took 0.172ms
typeclass inference of LE took 0.136ms
typeclass inference of LE took 0.154ms
typeclass inference of LE took 0.129ms
typeclass inference of LE took 0.156ms
typeclass inference of LE took 0.142ms
typeclass inference of LE took 0.166ms
typeclass inference of LE took 0.194ms
typeclass inference of LE took 0.265ms
typeclass inference of LE took 0.219ms
typeclass inference of LE took 0.389ms
typeclass inference of LE took 0.236ms
typeclass inference of LE took 0.479ms
typeclass inference of LE took 0.273ms
typeclass inference of LE took 0.35ms
typeclass inference of LE took 0.264ms
typeclass inference of LE took 0.3ms
typeclass inference of LE took 0.269ms
typeclass inference of LE took 0.48ms
typeclass inference of LE took 0.254ms
typeclass inference of LE took 0.285ms
typeclass inference of LE took 0.228ms
typeclass inference of LE took 0.215ms
typeclass inference of LE took 0.173ms
tactic execution of Lean.Parser.Tactic.rewriteSeq took 13.8ms
tactic execution of Lean.Parser.Tactic.tacticSeq1Indented took 0.053ms
tactic execution of Lean.Parser.Tactic.tacticSeq took 0.0496ms
tactic execution of Lean.Parser.Tactic.paren took 0.0365ms
tactic execution of Lean.Parser.Tactic.rwSeq took 0.0408ms
tactic execution of Lean.Parser.Tactic.tacticSeq1Indented took 0.0558ms
tactic execution of Lean.Parser.Tactic.tacticSeq took 0.0271ms
tactic execution of Lean.Parser.Tactic.skip took 0.0081ms
tactic execution of Lean.Parser.Tactic.tacticSeq1Indented took 0.0313ms
tactic execution of Lean.Parser.Tactic.tacticSeq took 0.035ms
tactic execution of Lean.Parser.Tactic.first took 0.0576ms
tactic execution of Lean.Parser.Tactic.tacticTry_ took 0.0362ms
typeclass inference of LE took 0.184ms
typeclass inference of LT took 0.181ms
typeclass inference of LE took 0.133ms
typeclass inference of LT took 0.131ms
typeclass inference of LE took 0.322ms
typeclass inference of LT took 0.275ms
typeclass inference of LE took 0.218ms
typeclass inference of LT took 0.316ms
typeclass inference of LE took 0.35ms
typeclass inference of LT took 0.297ms
typeclass inference of LE took 0.233ms
typeclass inference of LT took 0.218ms
typeclass inference of LE took 0.187ms
typeclass inference of LT took 0.149ms
typeclass inference of LE took 0.13ms
typeclass inference of LT took 0.123ms
typeclass inference of LE took 0.181ms
typeclass inference of LT took 0.158ms
typeclass inference of LE took 0.14ms
typeclass inference of LT took 0.126ms
typeclass inference of LE took 0.167ms
typeclass inference of LT took 0.176ms
typeclass inference of LE took 0.13ms
typeclass inference of LT took 0.136ms
typeclass inference of LE took 0.278ms
typeclass inference of LT took 0.292ms
typeclass inference of LE took 0.211ms
typeclass inference of LT took 0.227ms
typeclass inference of LE took 0.193ms
typeclass inference of LT took 0.192ms
typeclass inference of LE took 0.222ms
typeclass inference of LT took 0.207ms
typeclass inference of LE took 0.447ms
typeclass inference of LT took 0.391ms
typeclass inference of LE took 0.354ms
typeclass inference of LT took 0.262ms
typeclass inference of LE took 0.421ms
typeclass inference of LT took 0.628ms
typeclass inference of LE took 0.576ms
typeclass inference of LT took 0.481ms
typeclass inference of LE took 0.967ms
typeclass inference of LT took 0.668ms
typeclass inference of LE took 0.583ms
typeclass inference of LT took 0.308ms
typeclass inference of LE took 0.618ms
typeclass inference of LT took 0.424ms
typeclass inference of LE took 0.303ms
typeclass inference of LT took 0.279ms
typeclass inference of LE took 0.228ms
typeclass inference of LT took 0.205ms
typeclass inference of LE took 0.24ms
typeclass inference of LT took 0.128ms
tactic execution of Lean.Parser.Tactic.rewriteSeq took 18.6ms
tactic execution of Lean.Parser.Tactic.tacticSeq1Indented took 0.0511ms
tactic execution of Lean.Parser.Tactic.tacticSeq took 0.0283ms
tactic execution of Lean.Parser.Tactic.paren took 0.0334ms
tactic execution of Lean.Parser.Tactic.rwSeq took 0.0382ms
tactic execution of Lean.Parser.Tactic.tacticSeq1Indented took 0.0327ms
tactic execution of Lean.Parser.Tactic.tacticSeq took 0.0259ms
tactic execution of Lean.Parser.Tactic.skip took 0.0079ms
tactic execution of Lean.Parser.Tactic.tacticSeq1Indented took 0.0336ms
tactic execution of Lean.Parser.Tactic.tacticSeq took 0.0377ms
tactic execution of Lean.Parser.Tactic.first took 0.0587ms
tactic execution of Lean.Parser.Tactic.tacticTry_ took 0.13ms
typeclass inference of LE took 0.248ms
typeclass inference of LE took 0.201ms
typeclass inference of LE took 0.204ms
typeclass inference of LE took 0.18ms
typeclass inference of LE took 0.281ms
typeclass inference of LE took 0.16ms
typeclass inference of LE took 0.237ms
typeclass inference of LE took 0.147ms
typeclass inference of LE took 0.189ms
typeclass inference of LE took 0.138ms
typeclass inference of LE took 0.169ms
typeclass inference of LE took 0.136ms
typeclass inference of LE took 0.176ms
typeclass inference of LE took 0.135ms
typeclass inference of LE took 0.172ms
typeclass inference of LE took 0.128ms
typeclass inference of LE took 0.168ms
typeclass inference of LE took 0.134ms
typeclass inference of LE took 0.185ms
typeclass inference of LE took 0.141ms
typeclass inference of LE took 0.198ms
typeclass inference of LE took 0.253ms
typeclass inference of LE took 0.255ms
typeclass inference of LE took 0.152ms
typeclass inference of LE took 0.209ms
typeclass inference of LE took 0.142ms
tactic execution of Lean.Parser.Tactic.rewriteSeq took 10.8ms
tactic execution of Lean.Parser.Tactic.tacticSeq1Indented took 0.0714ms
tactic execution of Lean.Parser.Tactic.tacticSeq took 0.0294ms
tactic execution of Lean.Parser.Tactic.paren took 0.0339ms
tactic execution of Lean.Parser.Tactic.rwSeq took 0.0482ms
tactic execution of Lean.Parser.Tactic.tacticSeq1Indented took 0.0384ms
tactic execution of Lean.Parser.Tactic.tacticSeq took 0.028ms
tactic execution of Lean.Parser.Tactic.skip took 0.0088ms
tactic execution of Lean.Parser.Tactic.tacticSeq1Indented took 0.0355ms
tactic execution of Lean.Parser.Tactic.tacticSeq took 0.0406ms
tactic execution of Lean.Parser.Tactic.first took 0.0562ms
tactic execution of Lean.Parser.Tactic.tacticTry_ took 0.0533ms
typeclass inference of LE took 0.251ms
typeclass inference of LT took 0.196ms
typeclass inference of LE took 0.15ms
typeclass inference of LT took 0.233ms
typeclass inference of LE took 0.225ms
typeclass inference of LT took 0.219ms
typeclass inference of LE took 0.166ms
typeclass inference of LT took 0.139ms
typeclass inference of LE took 0.175ms
typeclass inference of LT took 0.148ms
typeclass inference of LE took 0.134ms
typeclass inference of LT took 0.125ms
typeclass inference of LE took 0.171ms
typeclass inference of LT took 0.158ms
typeclass inference of LE took 0.136ms
typeclass inference of LT took 0.127ms
typeclass inference of LE took 0.169ms
typeclass inference of LT took 0.163ms
typeclass inference of LE took 0.13ms
typeclass inference of LT took 0.123ms
typeclass inference of LE took 0.158ms
typeclass inference of LT took 0.164ms
typeclass inference of LE took 0.133ms
typeclass inference of LT took 0.126ms
typeclass inference of LE took 0.188ms
typeclass inference of LT took 0.163ms
typeclass inference of LE took 0.151ms
typeclass inference of LT took 0.13ms
typeclass inference of LE took 0.184ms
typeclass inference of LT took 0.162ms
typeclass inference of LE took 0.161ms
typeclass inference of LT took 0.131ms
typeclass inference of LE took 0.262ms
typeclass inference of LT took 0.275ms
typeclass inference of LE took 0.226ms
typeclass inference of LT took 0.239ms
typeclass inference of LE took 0.708ms
typeclass inference of LT took 0.362ms
typeclass inference of LE took 0.206ms
typeclass inference of LT took 0.201ms
typeclass inference of LE took 0.485ms
typeclass inference of LT took 0.306ms
typeclass inference of LE took 0.205ms
typeclass inference of LT took 0.223ms
typeclass inference of LE took 0.246ms
typeclass inference of LT took 0.318ms
typeclass inference of LE took 0.281ms
typeclass inference of LT took 0.266ms
typeclass inference of LE took 0.328ms
typeclass inference of LT took 0.19ms
typeclass inference of LE took 0.163ms
typeclass inference of LT took 0.132ms
tactic execution of Lean.Parser.Tactic.rewriteSeq took 14.1ms
tactic execution of Lean.Parser.Tactic.tacticSeq1Indented took 0.0692ms
tactic execution of Lean.Parser.Tactic.tacticSeq took 0.0419ms
tactic execution of Lean.Parser.Tactic.paren took 0.0462ms
tactic execution of Lean.Parser.Tactic.rwSeq took 0.0663ms
tactic execution of Lean.Parser.Tactic.tacticSeq1Indented took 0.0498ms
tactic execution of Lean.Parser.Tactic.tacticSeq took 0.036ms
tactic execution of Lean.Parser.Tactic.skip took 0.0106ms
tactic execution of Lean.Parser.Tactic.tacticSeq1Indented took 0.0465ms
tactic execution of Lean.Parser.Tactic.tacticSeq took 0.0509ms
tactic execution of Lean.Parser.Tactic.first took 0.0778ms
tactic execution of Lean.Parser.Tactic.tacticTry_ took 0.081ms
typeclass inference of LT took 0.396ms
typeclass inference of LT took 0.27ms
typeclass inference of LT took 0.359ms
typeclass inference of LT took 0.294ms
typeclass inference of LT took 0.264ms
typeclass inference of LT took 0.232ms
typeclass inference of LT took 0.281ms
typeclass inference of LT took 0.163ms
typeclass inference of LT took 0.379ms
typeclass inference of LT took 0.27ms
typeclass inference of LT took 0.394ms
typeclass inference of LT took 0.26ms
typeclass inference of LT took 0.457ms
typeclass inference of LT took 0.225ms
typeclass inference of LT took 0.31ms
typeclass inference of LT took 0.209ms
typeclass inference of LT took 0.28ms
typeclass inference of LT took 0.24ms
typeclass inference of LT took 0.285ms
typeclass inference of LT took 0.227ms
typeclass inference of LT took 0.292ms
typeclass inference of LT took 0.236ms
typeclass inference of LT took 0.324ms
typeclass inference of LT took 0.234ms
typeclass inference of LT took 0.28ms
typeclass inference of LT took 0.221ms
tactic execution of Lean.Parser.Tactic.rewriteSeq took 16.7ms
tactic execution of Lean.Parser.Tactic.tacticSeq1Indented took 0.0924ms
tactic execution of Lean.Parser.Tactic.tacticSeq took 0.0576ms
tactic execution of Lean.Parser.Tactic.paren took 0.0589ms
tactic execution of Lean.Parser.Tactic.rwSeq took 0.062ms
tactic execution of Lean.Parser.Tactic.tacticSeq1Indented took 0.0445ms
tactic execution of Lean.Parser.Tactic.tacticSeq took 0.04ms
tactic execution of Lean.Parser.Tactic.skip took 0.0122ms
tactic execution of Lean.Parser.Tactic.tacticSeq1Indented took 0.0525ms
tactic execution of Lean.Parser.Tactic.tacticSeq took 0.0587ms
tactic execution of Lean.Parser.Tactic.first took 0.108ms
tactic execution of Lean.Parser.Tactic.tacticTry_ took 0.0771ms
typeclass inference of LT took 0.904ms
typeclass inference of LT took 0.428ms
typeclass inference of LT took 0.578ms
typeclass inference of LT took 0.332ms
typeclass inference of LT took 0.56ms
typeclass inference of LT took 0.234ms
typeclass inference of LT took 0.408ms
typeclass inference of LT took 0.277ms
typeclass inference of LT took 0.55ms
typeclass inference of LT took 0.317ms
typeclass inference of LT took 0.306ms
typeclass inference of LT took 0.199ms
typeclass inference of LT took 0.221ms
typeclass inference of LT took 0.15ms
typeclass inference of LT took 0.208ms
typeclass inference of LT took 0.142ms
typeclass inference of LT took 0.176ms
typeclass inference of LT took 0.145ms
typeclass inference of LT took 0.276ms
typeclass inference of LT took 0.233ms
typeclass inference of LT took 0.678ms
typeclass inference of LT took 0.202ms
typeclass inference of LT took 0.197ms
typeclass inference of LT took 0.152ms
typeclass inference of LT took 0.203ms
typeclass inference of LT took 0.154ms
tactic execution of Lean.Parser.Tactic.rewriteSeq took 15.8ms
tactic execution of Lean.Parser.Tactic.tacticSeq1Indented took 0.0469ms
tactic execution of Lean.Parser.Tactic.tacticSeq took 0.0521ms
tactic execution of Lean.Parser.Tactic.paren took 0.044ms
tactic execution of Lean.Parser.Tactic.rwSeq took 0.0504ms
tactic execution of Lean.Parser.Tactic.tacticSeq1Indented took 0.0432ms
tactic execution of Lean.Parser.Tactic.tacticSeq took 0.0337ms
tactic execution of Lean.Parser.Tactic.skip took 0.0074ms
tactic execution of Lean.Parser.Tactic.tacticSeq1Indented took 0.0334ms
tactic execution of Lean.Parser.Tactic.tacticSeq took 0.0518ms
tactic execution of Lean.Parser.Tactic.first took 0.0689ms
tactic execution of Lean.Parser.Tactic.tacticTry_ took 0.0749ms
typeclass inference of LE took 0.208ms
typeclass inference of LE took 0.157ms
typeclass inference of LE took 0.205ms
typeclass inference of LE took 0.159ms
typeclass inference of LE took 0.2ms
typeclass inference of LE took 0.135ms
typeclass inference of LE took 0.266ms
typeclass inference of LE took 0.232ms
typeclass inference of LE took 0.22ms
typeclass inference of LE took 0.153ms
typeclass inference of LE took 0.19ms
typeclass inference of LE took 0.144ms
typeclass inference of LE took 0.33ms
typeclass inference of LE took 0.27ms
typeclass inference of LE took 0.317ms
typeclass inference of LE took 0.257ms
typeclass inference of LE took 0.295ms
typeclass inference of LE took 0.236ms
typeclass inference of LE took 0.258ms
typeclass inference of LE took 0.254ms
typeclass inference of LE took 0.252ms
typeclass inference of LE took 0.151ms
typeclass inference of LE took 0.217ms
typeclass inference of LE took 0.17ms
typeclass inference of LE took 0.327ms
typeclass inference of LE took 0.254ms
tactic execution of Lean.Parser.Tactic.rewriteSeq took 12.8ms
tactic execution of Lean.Parser.Tactic.tacticSeq1Indented took 0.0664ms
tactic execution of Lean.Parser.Tactic.tacticSeq took 0.0481ms
tactic execution of Lean.Parser.Tactic.paren took 0.0545ms
tactic execution of Lean.Parser.Tactic.rwSeq took 0.0561ms
tactic execution of Lean.Parser.Tactic.tacticSeq1Indented took 0.0604ms
tactic execution of Lean.Parser.Tactic.tacticSeq took 0.0416ms
tactic execution of Lean.Parser.Tactic.skip took 0.0108ms
tactic execution of Lean.Parser.Tactic.tacticSeq1Indented took 0.0524ms
tactic execution of Lean.Parser.Tactic.tacticSeq took 0.0588ms
tactic execution of Lean.Parser.Tactic.first took 0.0928ms
tactic execution of Lean.Parser.Tactic.tacticTry_ took 0.0782ms
typeclass inference of LT took 0.247ms
typeclass inference of LT took 0.223ms
typeclass inference of LT took 0.23ms
typeclass inference of LT took 0.182ms
typeclass inference of LT took 0.442ms
typeclass inference of LT took 0.328ms
typeclass inference of LT took 0.553ms
typeclass inference of LT took 0.191ms
typeclass inference of LT took 0.546ms
typeclass inference of LT took 0.312ms
typeclass inference of LT took 0.466ms
typeclass inference of LT took 0.345ms
typeclass inference of LT took 0.323ms
typeclass inference of LT took 0.309ms
typeclass inference of LT took 0.495ms
typeclass inference of LT took 0.297ms
typeclass inference of LT took 0.314ms
typeclass inference of LT took 0.251ms
typeclass inference of LT took 0.233ms
typeclass inference of LT took 0.198ms
typeclass inference of LT took 0.256ms
typeclass inference of LT took 0.252ms
typeclass inference of LT took 0.255ms
typeclass inference of LT took 0.24ms
typeclass inference of LT took 0.266ms
typeclass inference of LT took 0.219ms
tactic execution of Lean.Parser.Tactic.rewriteSeq took 16.8ms
tactic execution of Lean.Parser.Tactic.tacticSeq1Indented took 0.0634ms
tactic execution of Lean.Parser.Tactic.tacticSeq took 0.0399ms
tactic execution of Lean.Parser.Tactic.paren took 0.0347ms
tactic execution of Lean.Parser.Tactic.rwSeq took 0.0442ms
tactic execution of Lean.Parser.Tactic.tacticSeq1Indented took 0.0335ms
tactic execution of Lean.Parser.Tactic.tacticSeq took 0.0309ms
tactic execution of Lean.Parser.Tactic.skip took 0.008ms
tactic execution of Lean.Parser.Tactic.tacticSeq1Indented took 0.0401ms
tactic execution of Lean.Parser.Tactic.tacticSeq took 0.0375ms
tactic execution of Lean.Parser.Tactic.first took 0.0648ms
tactic execution of Lean.Parser.Tactic.tacticTry_ took 0.0761ms
tactic execution of Lean.Parser.Tactic.rewriteSeq took 8.75ms
tactic execution of Lean.Parser.Tactic.tacticSeq1Indented took 0.0892ms
tactic execution of Lean.Parser.Tactic.tacticSeq took 0.0491ms
tactic execution of Lean.Parser.Tactic.paren took 0.0502ms
tactic execution of Lean.Parser.Tactic.rwSeq took 0.0542ms
tactic execution of Lean.Parser.Tactic.tacticSeq1Indented took 0.0343ms
tactic execution of Lean.Parser.Tactic.tacticSeq took 0.0363ms
tactic execution of Lean.Parser.Tactic.skip took 0.0094ms
tactic execution of Lean.Parser.Tactic.tacticSeq1Indented took 0.0403ms
tactic execution of Lean.Parser.Tactic.tacticSeq took 0.0476ms
tactic execution of Lean.Parser.Tactic.first took 0.0927ms
tactic execution of Lean.Parser.Tactic.tacticTry_ took 0.0474ms
dsimp took 0.462ms
tactic execution of Lean.Parser.Tactic.dsimp took 0.857ms
tactic execution of Lean.Parser.Tactic.tacticSeq1Indented took 0.0469ms
tactic execution of Lean.Parser.Tactic.tacticSeq took 0.0295ms
tactic execution of Lean.Parser.Tactic.first took 0.0499ms
tactic execution of Lean.Parser.Tactic.tacticTry_ took 0.0788ms
congr simp thm took 0.0134ms
congr simp thm took 0.0068ms
congr simp thm took 0.0186ms
congr simp thm took 0.0079ms
simp took 1.2ms
simp took 0.064ms
tactic execution of Lean.Parser.Tactic.simp took 8.45ms
tactic execution of Lean.Parser.Tactic.tacticSeq1Indented took 0.0782ms
tactic execution of Lean.Parser.Tactic.tacticSeq took 0.0553ms
tactic execution of Lean.Parser.Tactic.skip took 0.0157ms
tactic execution of Lean.Parser.Tactic.tacticSeq1Indented took 0.0669ms
tactic execution of Lean.Parser.Tactic.tacticSeq took 0.0857ms
tactic execution of Lean.Parser.Tactic.first took 0.115ms
tactic execution of Lean.Parser.Tactic.tacticTry_ took 0.0741ms
typeclass inference of Decidable took 0.197ms
typeclass inference of LE took 0.109ms
typeclass inference of LE took 0.0392ms
typeclass inference of Decidable took 0.027ms
typeclass inference of Decidable took 0.0217ms
instantiate metavars took 0.0053ms
tactic execution of Lean.Parser.Tactic.omega took 7.56ms
tactic execution of Lean.Parser.Tactic.tacticSeq1Indented took 0.619ms
tactic execution of Lean.Parser.Tactic.tacticSeq took 0.0603ms
tactic execution of Lean.Parser.Tactic.first took 0.056ms
tactic execution of tacticGet_elem_tactic_extensible took 0.0982ms
tactic execution of Lean.Parser.Tactic.tacticSeq1Indented took 0.0719ms
tactic execution of Lean.Parser.Tactic.tacticSeq took 0.0535ms
tactic execution of Lean.Parser.Tactic.first took 0.143ms
tactic execution of tacticGet_elem_tactic took 0.0918ms
tactic execution of Lean.Parser.Tactic.tacticSeq1Indented took 0.0487ms
tactic execution of Lean.Parser.Tactic.tacticSeq took 0.192ms
tactic execution of Lean.Parser.Tactic.done took 0.117ms
tactic execution of Lean.Parser.Tactic.tacticSeq1Indented took 0.106ms
tactic execution of Lean.Parser.Tactic.tacticSeq took 0.0499ms
tactic execution of Lean.Parser.Tactic.assumption took 1.51ms
tactic execution of Lean.Parser.Tactic.tacticSeq1Indented took 0.104ms
tactic execution of Lean.Parser.Tactic.tacticSeq took 0.0811ms
typeclass inference of LE took 0.364ms
typeclass inference of LE took 0.258ms
typeclass inference of LE took 0.253ms
typeclass inference of LE took 0.172ms
typeclass inference of LE took 0.213ms
typeclass inference of LE took 0.184ms
typeclass inference of LE took 0.179ms
typeclass inference of LE took 0.159ms
typeclass inference of LE took 0.204ms
typeclass inference of LE took 0.164ms
typeclass inference of LE took 0.355ms
typeclass inference of LE took 0.275ms
typeclass inference of LE took 0.357ms
typeclass inference of LE took 0.252ms
typeclass inference of LE took 0.306ms
typeclass inference of LE took 0.23ms
typeclass inference of LE took 0.234ms
typeclass inference of LE took 0.164ms
typeclass inference of LE took 0.249ms
typeclass inference of LE took 0.197ms
typeclass inference of LE took 0.241ms
typeclass inference of LE took 0.196ms
typeclass inference of LE took 0.26ms
typeclass inference of LE took 0.169ms
typeclass inference of LE took 0.254ms
typeclass inference of LE took 0.142ms
tactic execution of Lean.Parser.Tactic.rewriteSeq took 13.6ms
tactic execution of Lean.Parser.Tactic.tacticSeq1Indented took 0.0884ms
tactic execution of Lean.Parser.Tactic.tacticSeq took 0.0573ms
tactic execution of Lean.Parser.Tactic.paren took 0.0394ms
tactic execution of Lean.Parser.Tactic.rwSeq took 0.0545ms
tactic execution of Lean.Parser.Tactic.tacticSeq1Indented took 0.0424ms
tactic execution of Lean.Parser.Tactic.tacticSeq took 0.0333ms
tactic execution of Lean.Parser.Tactic.skip took 0.0121ms
tactic execution of Lean.Parser.Tactic.tacticSeq1Indented took 0.0431ms
tactic execution of Lean.Parser.Tactic.tacticSeq took 0.045ms
tactic execution of Lean.Parser.Tactic.first took 0.0671ms
tactic execution of Lean.Parser.Tactic.tacticTry_ took 0.0622ms
typeclass inference of LE took 0.263ms
typeclass inference of LT took 0.215ms
typeclass inference of LE took 0.184ms
typeclass inference of LT took 0.159ms
typeclass inference of LE took 0.286ms
typeclass inference of LT took 0.214ms
typeclass inference of LE took 0.184ms
typeclass inference of LT took 0.165ms
typeclass inference of LE took 0.23ms
typeclass inference of LT took 0.191ms
typeclass inference of LE took 0.144ms
typeclass inference of LT took 0.185ms
typeclass inference of LE took 0.444ms
typeclass inference of LT took 0.596ms
typeclass inference of LE took 0.673ms
typeclass inference of LT took 0.37ms
typeclass inference of LE took 0.728ms
typeclass inference of LT took 0.32ms
typeclass inference of LE took 0.357ms
typeclass inference of LT took 0.271ms
typeclass inference of LE took 0.411ms
typeclass inference of LT took 0.322ms
typeclass inference of LE took 0.359ms
typeclass inference of LT took 0.328ms
typeclass inference of LE took 0.526ms
typeclass inference of LT took 0.325ms
typeclass inference of LE took 0.292ms
typeclass inference of LT took 0.232ms
typeclass inference of LE took 0.294ms
typeclass inference of LT took 0.269ms
typeclass inference of LE took 0.268ms
typeclass inference of LT took 0.248ms
typeclass inference of LE took 0.441ms
typeclass inference of LT took 0.3ms
typeclass inference of LE took 0.229ms
typeclass inference of LT took 0.161ms
typeclass inference of LE took 0.305ms
typeclass inference of LT took 0.195ms
typeclass inference of LE took 0.189ms
typeclass inference of LT took 0.205ms
typeclass inference of LE took 0.339ms
typeclass inference of LT took 0.232ms
typeclass inference of LE took 0.263ms
typeclass inference of LT took 0.244ms
typeclass inference of LE took 0.242ms
typeclass inference of LT took 0.265ms
typeclass inference of LE took 0.23ms
typeclass inference of LT took 0.175ms
typeclass inference of LE took 0.22ms
typeclass inference of LT took 0.233ms
typeclass inference of LE took 0.22ms
typeclass inference of LT took 0.223ms
tactic execution of Lean.Parser.Tactic.rewriteSeq took 18.9ms
tactic execution of Lean.Parser.Tactic.tacticSeq1Indented took 0.0654ms
tactic execution of Lean.Parser.Tactic.tacticSeq took 0.0434ms
tactic execution of Lean.Parser.Tactic.paren took 0.051ms
tactic execution of Lean.Parser.Tactic.rwSeq took 0.0492ms
tactic execution of Lean.Parser.Tactic.tacticSeq1Indented took 0.0528ms
tactic execution of Lean.Parser.Tactic.tacticSeq took 0.0459ms
tactic execution of Lean.Parser.Tactic.skip took 0.015ms
tactic execution of Lean.Parser.Tactic.tacticSeq1Indented took 0.0746ms
tactic execution of Lean.Parser.Tactic.tacticSeq took 0.0819ms
tactic execution of Lean.Parser.Tactic.first took 0.094ms
tactic execution of Lean.Parser.Tactic.tacticTry_ took 0.075ms
typeclass inference of LE took 0.283ms
typeclass inference of LE took 0.199ms
typeclass inference of LE took 0.375ms
typeclass inference of LE took 0.238ms
typeclass inference of LE took 0.34ms
typeclass inference of LE took 0.251ms
typeclass inference of LE took 0.363ms
typeclass inference of LE took 0.185ms
typeclass inference of LE took 0.193ms
typeclass inference of LE took 0.174ms
typeclass inference of LE took 0.176ms
typeclass inference of LE took 0.131ms
typeclass inference of LE took 0.184ms
typeclass inference of LE took 0.162ms
typeclass inference of LE took 0.346ms
typeclass inference of LE took 0.328ms
typeclass inference of LE took 0.379ms
typeclass inference of LE took 0.239ms
typeclass inference of LE took 0.247ms
typeclass inference of LE took 0.141ms
typeclass inference of LE took 0.205ms
typeclass inference of LE took 0.195ms
typeclass inference of LE took 0.215ms
typeclass inference of LE took 0.172ms
typeclass inference of LE took 0.437ms
typeclass inference of LE took 0.266ms
tactic execution of Lean.Parser.Tactic.rewriteSeq took 14.7ms
tactic execution of Lean.Parser.Tactic.tacticSeq1Indented took 0.0569ms
tactic execution of Lean.Parser.Tactic.tacticSeq took 0.0465ms
tactic execution of Lean.Parser.Tactic.paren took 0.0534ms
tactic execution of Lean.Parser.Tactic.rwSeq took 0.0541ms
tactic execution of Lean.Parser.Tactic.tacticSeq1Indented took 0.0519ms
tactic execution of Lean.Parser.Tactic.tacticSeq took 0.0367ms
tactic execution of Lean.Parser.Tactic.skip took 0.0145ms
tactic execution of Lean.Parser.Tactic.tacticSeq1Indented took 0.0423ms
tactic execution of Lean.Parser.Tactic.tacticSeq took 0.0501ms
tactic execution of Lean.Parser.Tactic.first took 0.0744ms
tactic execution of Lean.Parser.Tactic.tacticTry_ took 0.0652ms
typeclass inference of LE took 0.797ms
typeclass inference of LT took 0.337ms
typeclass inference of LE took 0.289ms
typeclass inference of LT took 0.271ms
typeclass inference of LE took 0.454ms
typeclass inference of LT took 0.344ms
typeclass inference of LE took 0.535ms
typeclass inference of LT took 0.247ms
typeclass inference of LE took 0.718ms
typeclass inference of LT took 0.223ms
typeclass inference of LE took 0.152ms
typeclass inference of LT took 0.158ms
typeclass inference of LE took 0.487ms
typeclass inference of LT took 0.196ms
typeclass inference of LE took 0.161ms
typeclass inference of LT took 0.149ms
typeclass inference of LE took 0.204ms
typeclass inference of LT took 0.184ms
typeclass inference of LE took 0.194ms
typeclass inference of LT took 0.142ms
typeclass inference of LE took 0.193ms
typeclass inference of LT took 0.175ms
typeclass inference of LE took 0.174ms
typeclass inference of LT took 0.164ms
typeclass inference of LE took 0.167ms
typeclass inference of LT took 0.178ms
typeclass inference of LE took 0.154ms
typeclass inference of LT took 0.159ms
typeclass inference of LE took 0.175ms
typeclass inference of LT took 0.174ms
typeclass inference of LE took 0.216ms
typeclass inference of LT took 0.267ms
typeclass inference of LE took 0.235ms
typeclass inference of LT took 0.29ms
typeclass inference of LE took 0.246ms
typeclass inference of LT took 0.225ms
typeclass inference of LE took 0.26ms
typeclass inference of LT took 0.185ms
typeclass inference of LE took 0.139ms
typeclass inference of LT took 0.151ms
typeclass inference of LE took 0.359ms
typeclass inference of LT took 0.28ms
typeclass inference of LE took 0.191ms
typeclass inference of LT took 0.142ms
typeclass inference of LE took 0.169ms
typeclass inference of LT took 0.192ms
typeclass inference of LE took 0.138ms
typeclass inference of LT took 0.126ms
typeclass inference of LE took 0.176ms
typeclass inference of LT took 0.168ms
typeclass inference of LE took 0.126ms
typeclass inference of LT took 0.124ms
tactic execution of Lean.Parser.Tactic.rewriteSeq took 15.7ms
tactic execution of Lean.Parser.Tactic.tacticSeq1Indented took 0.0596ms
tactic execution of Lean.Parser.Tactic.tacticSeq took 0.0449ms
tactic execution of Lean.Parser.Tactic.paren took 0.0514ms
tactic execution of Lean.Parser.Tactic.rwSeq took 0.061ms
tactic execution of Lean.Parser.Tactic.tacticSeq1Indented took 0.0583ms
tactic execution of Lean.Parser.Tactic.tacticSeq took 0.041ms
tactic execution of Lean.Parser.Tactic.skip took 0.0147ms
tactic execution of Lean.Parser.Tactic.tacticSeq1Indented took 0.0642ms
tactic execution of Lean.Parser.Tactic.tacticSeq took 0.0653ms
tactic execution of Lean.Parser.Tactic.first took 0.0941ms
tactic execution of Lean.Parser.Tactic.tacticTry_ took 0.108ms
typeclass inference of LT took 0.41ms
typeclass inference of LT took 0.249ms
typeclass inference of LT took 0.195ms
typeclass inference of LT took 0.17ms
typeclass inference of LT took 0.2ms
typeclass inference of LT took 0.162ms
typeclass inference of LT took 0.206ms
typeclass inference of LT took 0.159ms
typeclass inference of LT took 0.341ms
typeclass inference of LT took 0.304ms
typeclass inference of LT took 0.366ms
typeclass inference of LT took 0.243ms
typeclass inference of LT took 0.239ms
typeclass inference of LT took 0.157ms
typeclass inference of LT took 0.333ms
typeclass inference of LT took 0.246ms
typeclass inference of LT took 0.239ms
typeclass inference of LT took 0.247ms
typeclass inference of LT took 0.376ms
typeclass inference of LT took 0.239ms
typeclass inference of LT took 0.54ms
typeclass inference of LT took 0.227ms
typeclass inference of LT took 0.269ms
typeclass inference of LT took 0.179ms
typeclass inference of LT took 0.366ms
typeclass inference of LT took 0.175ms
tactic execution of Lean.Parser.Tactic.rewriteSeq took 14.3ms
tactic execution of Lean.Parser.Tactic.tacticSeq1Indented took 0.0575ms
tactic execution of Lean.Parser.Tactic.tacticSeq took 0.0542ms
tactic execution of Lean.Parser.Tactic.paren took 0.0442ms
tactic execution of Lean.Parser.Tactic.rwSeq took 0.0492ms
tactic execution of Lean.Parser.Tactic.tacticSeq1Indented took 0.0421ms
tactic execution of Lean.Parser.Tactic.tacticSeq took 0.0316ms
tactic execution of Lean.Parser.Tactic.skip took 0.0096ms
tactic execution of Lean.Parser.Tactic.tacticSeq1Indented took 0.0385ms
tactic execution of Lean.Parser.Tactic.tacticSeq took 0.0441ms
tactic execution of Lean.Parser.Tactic.first took 0.0763ms
tactic execution of Lean.Parser.Tactic.tacticTry_ took 0.069ms
typeclass inference of LT took 0.672ms
typeclass inference of LT took 0.291ms
typeclass inference of LT took 0.349ms
typeclass inference of LT took 0.255ms
typeclass inference of LT took 0.33ms
typeclass inference of LT took 0.254ms
typeclass inference of LT took 0.342ms
typeclass inference of LT took 0.251ms
typeclass inference of LT took 0.451ms
typeclass inference of LT took 0.308ms
typeclass inference of LT took 0.624ms
typeclass inference of LT took 0.411ms
typeclass inference of LT took 0.384ms
typeclass inference of LT took 0.267ms
typeclass inference of LT took 0.444ms
typeclass inference of LT took 0.223ms
typeclass inference of LT took 0.302ms
typeclass inference of LT took 0.158ms
typeclass inference of LT took 0.211ms
typeclass inference of LT took 0.155ms
typeclass inference of LT took 0.333ms
typeclass inference of LT took 0.243ms
typeclass inference of LT took 0.404ms
typeclass inference of LT took 0.323ms
typeclass inference of LT took 0.447ms
typeclass inference of LT took 0.308ms
tactic execution of Lean.Parser.Tactic.rewriteSeq took 18.2ms
tactic execution of Lean.Parser.Tactic.tacticSeq1Indented took 0.105ms
tactic execution of Lean.Parser.Tactic.tacticSeq took 0.0796ms
tactic execution of Lean.Parser.Tactic.paren took 0.0512ms
tactic execution of Lean.Parser.Tactic.rwSeq took 0.0691ms
tactic execution of Lean.Parser.Tactic.tacticSeq1Indented took 0.069ms
tactic execution of Lean.Parser.Tactic.tacticSeq took 0.0495ms
tactic execution of Lean.Parser.Tactic.skip took 0.0225ms
tactic execution of Lean.Parser.Tactic.tacticSeq1Indented took 0.0696ms
tactic execution of Lean.Parser.Tactic.tacticSeq took 0.0697ms
tactic execution of Lean.Parser.Tactic.first took 0.153ms
tactic execution of Lean.Parser.Tactic.tacticTry_ took 0.11ms
typeclass inference of LE took 0.58ms
typeclass inference of LE took 0.284ms
typeclass inference of LE took 0.354ms
typeclass inference of LE took 0.225ms
typeclass inference of LE took 0.182ms
typeclass inference of LE took 0.163ms
typeclass inference of LE took 0.234ms
typeclass inference of LE took 0.158ms
typeclass inference of LE took 0.208ms
typeclass inference of LE took 0.225ms
typeclass inference of LE took 0.192ms
typeclass inference of LE took 0.169ms
typeclass inference of LE took 0.179ms
typeclass inference of LE took 0.163ms
typeclass inference of LE took 0.288ms
typeclass inference of LE took 0.189ms
typeclass inference of LE took 0.402ms
typeclass inference of LE took 0.287ms
typeclass inference of LE took 0.929ms
typeclass inference of LE took 0.408ms
typeclass inference of LE took 0.453ms
typeclass inference of LE took 0.253ms
typeclass inference of LE took 0.555ms
typeclass inference of LE took 0.451ms
typeclass inference of LE took 0.641ms
typeclass inference of LE took 0.26ms
tactic execution of Lean.Parser.Tactic.rewriteSeq took 17.5ms
tactic execution of Lean.Parser.Tactic.tacticSeq1Indented took 0.0724ms
tactic execution of Lean.Parser.Tactic.tacticSeq took 0.0554ms
tactic execution of Lean.Parser.Tactic.paren took 0.0752ms
tactic execution of Lean.Parser.Tactic.rwSeq took 0.0855ms
tactic execution of Lean.Parser.Tactic.tacticSeq1Indented took 0.0599ms
tactic execution of Lean.Parser.Tactic.tacticSeq took 0.0507ms
tactic execution of Lean.Parser.Tactic.skip took 0.014ms
tactic execution of Lean.Parser.Tactic.tacticSeq1Indented took 0.0875ms
tactic execution of Lean.Parser.Tactic.tacticSeq took 0.106ms
tactic execution of Lean.Parser.Tactic.first took 0.11ms
tactic execution of Lean.Parser.Tactic.tacticTry_ took 0.112ms
typeclass inference of LT took 0.538ms
typeclass inference of LT took 0.258ms
typeclass inference of LT took 0.38ms
typeclass inference of LT took 0.161ms
typeclass inference of LT took 0.301ms
typeclass inference of LT took 0.307ms
typeclass inference of LT took 0.426ms
typeclass inference of LT took 0.388ms
typeclass inference of LT took 0.507ms
typeclass inference of LT took 0.333ms
typeclass inference of LT took 0.459ms
typeclass inference of LT took 0.39ms
typeclass inference of LT took 0.239ms
typeclass inference of LT took 0.189ms
typeclass inference of LT took 0.255ms
typeclass inference of LT took 0.17ms
typeclass inference of LT took 0.209ms
typeclass inference of LT took 0.172ms
typeclass inference of LT took 0.253ms
typeclass inference of LT took 0.346ms
typeclass inference of LT took 0.31ms
typeclass inference of LT took 0.161ms
typeclass inference of LT took 0.217ms
typeclass inference of LT took 0.173ms
typeclass inference of LT took 0.182ms
typeclass inference of LT took 0.144ms
tactic execution of Lean.Parser.Tactic.rewriteSeq took 16ms
tactic execution of Lean.Parser.Tactic.tacticSeq1Indented took 0.0858ms
tactic execution of Lean.Parser.Tactic.tacticSeq took 0.0708ms
tactic execution of Lean.Parser.Tactic.paren took 0.0736ms
tactic execution of Lean.Parser.Tactic.rwSeq took 0.074ms
tactic execution of Lean.Parser.Tactic.tacticSeq1Indented took 0.0533ms
tactic execution of Lean.Parser.Tactic.tacticSeq took 0.0967ms
tactic execution of Lean.Parser.Tactic.skip took 0.0135ms
tactic execution of Lean.Parser.Tactic.tacticSeq1Indented took 0.0844ms
tactic execution of Lean.Parser.Tactic.tacticSeq took 0.069ms
tactic execution of Lean.Parser.Tactic.first took 0.141ms
tactic execution of Lean.Parser.Tactic.tacticTry_ took 0.0642ms
tactic execution of Lean.Parser.Tactic.rewriteSeq took 9.82ms
tactic execution of Lean.Parser.Tactic.tacticSeq1Indented took 0.109ms
tactic execution of Lean.Parser.Tactic.tacticSeq took 0.0635ms
tactic execution of Lean.Parser.Tactic.paren took 0.0587ms
tactic execution of Lean.Parser.Tactic.rwSeq took 0.0809ms
tactic execution of Lean.Parser.Tactic.tacticSeq1Indented took 0.0656ms
tactic execution of Lean.Parser.Tactic.tacticSeq took 0.0484ms
tactic execution of Lean.Parser.Tactic.skip took 0.0127ms
tactic execution of Lean.Parser.Tactic.tacticSeq1Indented took 0.058ms
tactic execution of Lean.Parser.Tactic.tacticSeq took 0.0713ms
tactic execution of Lean.Parser.Tactic.first took 0.108ms
tactic execution of Lean.Parser.Tactic.tacticTry_ took 0.0565ms
dsimp took 0.459ms
tactic execution of Lean.Parser.Tactic.dsimp took 0.943ms
tactic execution of Lean.Parser.Tactic.tacticSeq1Indented took 0.0392ms
tactic execution of Lean.Parser.Tactic.tacticSeq took 0.0282ms
tactic execution of Lean.Parser.Tactic.first took 0.034ms
tactic execution of Lean.Parser.Tactic.tacticTry_ took 0.0431ms
congr simp thm took 0.0283ms
congr simp thm took 0.0057ms
congr simp thm took 0.0128ms
congr simp thm took 0.0055ms
simp took 0.947ms
simp took 0.0456ms
tactic execution of Lean.Parser.Tactic.simp took 9.48ms
tactic execution of Lean.Parser.Tactic.tacticSeq1Indented took 0.0445ms
tactic execution of Lean.Parser.Tactic.tacticSeq took 0.0351ms
tactic execution of Lean.Parser.Tactic.skip took 0.0081ms
tactic execution of Lean.Parser.Tactic.tacticSeq1Indented took 0.0363ms
tactic execution of Lean.Parser.Tactic.tacticSeq took 0.0411ms
tactic execution of Lean.Parser.Tactic.first took 0.0836ms
tactic execution of Lean.Parser.Tactic.tacticTry_ took 0.0816ms
typeclass inference of Decidable took 0.116ms
typeclass inference of LE took 0.0277ms
typeclass inference of LE took 0.0229ms
typeclass inference of Decidable took 0.0135ms
typeclass inference of Decidable took 0.0134ms
instantiate metavars took 0.0032ms
tactic execution of Lean.Parser.Tactic.omega took 4.67ms
tactic execution of Lean.Parser.Tactic.tacticSeq1Indented took 0.616ms
tactic execution of Lean.Parser.Tactic.tacticSeq took 0.0787ms
tactic execution of Lean.Parser.Tactic.first took 0.0773ms
tactic execution of tacticGet_elem_tactic_extensible took 0.188ms
tactic execution of Lean.Parser.Tactic.tacticSeq1Indented took 0.0646ms
tactic execution of Lean.Parser.Tactic.tacticSeq took 0.101ms
tactic execution of Lean.Parser.Tactic.first took 0.183ms
tactic execution of tacticGet_elem_tactic took 0.0752ms
tactic execution of Lean.Parser.Tactic.tacticSeq1Indented took 0.0499ms
tactic execution of Lean.Parser.Tactic.tacticSeq took 0.141ms
tactic execution of Lean.Parser.Tactic.done took 0.116ms
tactic execution of Lean.Parser.Tactic.tacticSeq1Indented took 0.0928ms
tactic execution of Lean.Parser.Tactic.tacticSeq took 0.052ms
tactic execution of Lean.Parser.Tactic.assumption took 1.43ms
tactic execution of Lean.Parser.Tactic.tacticSeq1Indented took 0.101ms
tactic execution of Lean.Parser.Tactic.tacticSeq took 0.088ms
typeclass inference of LE took 0.338ms
typeclass inference of LE took 0.167ms
typeclass inference of LE took 0.232ms
typeclass inference of LE took 0.194ms
typeclass inference of LE took 0.201ms
typeclass inference of LE took 0.178ms
typeclass inference of LE took 0.194ms
typeclass inference of LE took 0.172ms
typeclass inference of LE took 0.212ms
typeclass inference of LE took 0.184ms
typeclass inference of LE took 0.244ms
typeclass inference of LE took 0.267ms
typeclass inference of LE took 0.477ms
typeclass inference of LE took 0.32ms
typeclass inference of LE took 0.562ms
typeclass inference of LE took 0.282ms
typeclass inference of LE took 0.296ms
typeclass inference of LE took 0.181ms
typeclass inference of LE took 0.292ms
typeclass inference of LE took 0.284ms
typeclass inference of LE took 0.597ms
typeclass inference of LE took 0.311ms
typeclass inference of LE took 0.861ms
typeclass inference of LE took 0.429ms
typeclass inference of LE took 0.691ms
typeclass inference of LE took 0.296ms
tactic execution of Lean.Parser.Tactic.rewriteSeq took 18.1ms
tactic execution of Lean.Parser.Tactic.tacticSeq1Indented took 0.0937ms
tactic execution of Lean.Parser.Tactic.tacticSeq took 0.0641ms
tactic execution of Lean.Parser.Tactic.paren took 0.066ms
tactic execution of Lean.Parser.Tactic.rwSeq took 0.0721ms
tactic execution of Lean.Parser.Tactic.tacticSeq1Indented took 0.0544ms
tactic execution of Lean.Parser.Tactic.tacticSeq took 0.0639ms
tactic execution of Lean.Parser.Tactic.skip took 0.018ms
tactic execution of Lean.Parser.Tactic.tacticSeq1Indented took 0.0721ms
tactic execution of Lean.Parser.Tactic.tacticSeq took 0.0576ms
tactic execution of Lean.Parser.Tactic.first took 0.101ms
tactic execution of Lean.Parser.Tactic.tacticTry_ took 0.0462ms
typeclass inference of LE took 0.444ms
typeclass inference of LT took 0.468ms
typeclass inference of LE took 0.306ms
typeclass inference of LT took 0.273ms
typeclass inference of LE took 0.352ms
typeclass inference of LT took 0.482ms
typeclass inference of LE took 0.257ms
typeclass inference of LT took 0.249ms
typeclass inference of LE took 0.358ms
typeclass inference of LT took 0.309ms
typeclass inference of LE took 0.281ms
typeclass inference of LT took 0.264ms
typeclass inference of LE took 0.375ms
typeclass inference of LT took 0.321ms
typeclass inference of LE took 0.188ms
typeclass inference of LT took 0.272ms
typeclass inference of LE took 0.399ms
typeclass inference of LT took 0.514ms
typeclass inference of LE took 0.308ms
typeclass inference of LT took 0.255ms
typeclass inference of LE took 0.294ms
typeclass inference of LT took 0.265ms
typeclass inference of LE took 0.249ms
typeclass inference of LT took 0.22ms
typeclass inference of LE took 0.398ms
typeclass inference of LT took 0.306ms
typeclass inference of LE took 0.267ms
typeclass inference of LT took 0.223ms
typeclass inference of LE took 0.336ms
typeclass inference of LT took 0.29ms
typeclass inference of LE took 0.23ms
typeclass inference of LT took 0.225ms
typeclass inference of LE took 0.311ms
typeclass inference of LT took 0.235ms
typeclass inference of LE took 0.25ms
typeclass inference of LT took 0.198ms
typeclass inference of LE took 0.301ms
typeclass inference of LT took 0.305ms
typeclass inference of LE took 0.203ms
typeclass inference of LT took 0.205ms
typeclass inference of LE took 0.333ms
typeclass inference of LT took 0.279ms
typeclass inference of LE took 0.23ms
typeclass inference of LT took 0.238ms
typeclass inference of LE took 0.816ms
typeclass inference of LT took 0.356ms
typeclass inference of LE took 0.303ms
typeclass inference of LT took 0.367ms
typeclass inference of LE took 0.608ms
typeclass inference of LT took 0.577ms
typeclass inference of LE took 0.419ms
typeclass inference of LT took 0.298ms
tactic execution of Lean.Parser.Tactic.rewriteSeq took 22.1ms
tactic execution of Lean.Parser.Tactic.tacticSeq1Indented took 0.0949ms
tactic execution of Lean.Parser.Tactic.tacticSeq took 0.0887ms
tactic execution of Lean.Parser.Tactic.paren took 0.0624ms
tactic execution of Lean.Parser.Tactic.rwSeq took 0.0785ms
tactic execution of Lean.Parser.Tactic.tacticSeq1Indented took 0.0843ms
tactic execution of Lean.Parser.Tactic.tacticSeq took 0.0493ms
tactic execution of Lean.Parser.Tactic.skip took 0.0205ms
tactic execution of Lean.Parser.Tactic.tacticSeq1Indented took 0.0697ms
tactic execution of Lean.Parser.Tactic.tacticSeq took 0.122ms
tactic execution of Lean.Parser.Tactic.first took 0.167ms
tactic execution of Lean.Parser.Tactic.tacticTry_ took 0.0974ms
typeclass inference of LE took 0.512ms
typeclass inference of LE took 0.391ms
typeclass inference of LE took 0.401ms
typeclass inference of LE took 0.216ms
typeclass inference of LE took 0.301ms
typeclass inference of LE took 0.265ms
typeclass inference of LE took 0.32ms
typeclass inference of LE took 0.296ms
typeclass inference of LE took 0.26ms
typeclass inference of LE took 0.267ms
typeclass inference of LE took 0.453ms
typeclass inference of LE took 0.303ms
typeclass inference of LE took 0.416ms
typeclass inference of LE took 0.266ms
typeclass inference of LE took 0.407ms
typeclass inference of LE took 0.24ms
typeclass inference of LE took 0.307ms
typeclass inference of LE took 0.394ms
typeclass inference of LE took 0.512ms
typeclass inference of LE took 0.254ms
typeclass inference of LE took 0.329ms
typeclass inference of LE took 0.229ms
typeclass inference of LE took 0.311ms
typeclass inference of LE took 0.232ms
typeclass inference of LE took 0.276ms
typeclass inference of LE took 0.225ms
tactic execution of Lean.Parser.Tactic.rewriteSeq took 17.3ms
tactic execution of Lean.Parser.Tactic.tacticSeq1Indented took 0.0719ms
tactic execution of Lean.Parser.Tactic.tacticSeq took 0.071ms
tactic execution of Lean.Parser.Tactic.paren took 0.0624ms
tactic execution of Lean.Parser.Tactic.rwSeq took 0.0788ms
tactic execution of Lean.Parser.Tactic.tacticSeq1Indented took 0.06ms
tactic execution of Lean.Parser.Tactic.tacticSeq took 0.0518ms
tactic execution of Lean.Parser.Tactic.skip took 0.0116ms
tactic execution of Lean.Parser.Tactic.tacticSeq1Indented took 0.0497ms
tactic execution of Lean.Parser.Tactic.tacticSeq took 0.0537ms
tactic execution of Lean.Parser.Tactic.first took 0.0995ms
tactic execution of Lean.Parser.Tactic.tacticTry_ took 0.123ms
typeclass inference of LE took 0.448ms
typeclass inference of LT took 0.317ms
typeclass inference of LE took 0.269ms
typeclass inference of LT took 0.266ms
typeclass inference of LE took 0.881ms
typeclass inference of LT took 0.427ms
typeclass inference of LE took 0.382ms
typeclass inference of LT took 0.283ms
typeclass inference of LE took 0.619ms
typeclass inference of LT took 0.528ms
typeclass inference of LE took 0.311ms
typeclass inference of LT took 0.292ms
typeclass inference of LE took 0.736ms
typeclass inference of LT took 0.58ms
typeclass inference of LE took 0.484ms
typeclass inference of LT took 0.292ms
typeclass inference of LE took 0.267ms
typeclass inference of LT took 0.241ms
typeclass inference of LE took 0.289ms
typeclass inference of LT took 0.266ms
typeclass inference of LE took 0.415ms
typeclass inference of LT took 0.281ms
typeclass inference of LE took 0.239ms
typeclass inference of LT took 0.198ms
typeclass inference of LE took 0.188ms
typeclass inference of LT took 0.208ms
typeclass inference of LE took 0.144ms
typeclass inference of LT took 0.146ms
typeclass inference of LE took 0.35ms
typeclass inference of LT took 0.32ms
typeclass inference of LE took 0.223ms
typeclass inference of LT took 0.217ms
typeclass inference of LE took 0.313ms
typeclass inference of LT took 0.262ms
typeclass inference of LE took 0.229ms
typeclass inference of LT took 0.213ms
typeclass inference of LE took 0.309ms
typeclass inference of LT took 0.242ms
typeclass inference of LE took 0.243ms
typeclass inference of LT took 0.196ms
typeclass inference of LE took 0.274ms
typeclass inference of LT took 0.249ms
typeclass inference of LE took 0.2ms
typeclass inference of LT took 0.207ms
typeclass inference of LE took 0.274ms
typeclass inference of LT took 0.278ms
typeclass inference of LE took 0.19ms
typeclass inference of LT took 0.144ms
typeclass inference of LE took 0.335ms
typeclass inference of LT took 0.317ms
typeclass inference of LE took 0.288ms
typeclass inference of LT took 0.209ms
tactic execution of Lean.Parser.Tactic.rewriteSeq took 21.4ms
tactic execution of Lean.Parser.Tactic.tacticSeq1Indented took 0.0598ms
tactic execution of Lean.Parser.Tactic.tacticSeq took 0.0318ms
tactic execution of Lean.Parser.Tactic.paren took 0.039ms
tactic execution of Lean.Parser.Tactic.rwSeq took 0.0399ms
tactic execution of Lean.Parser.Tactic.tacticSeq1Indented took 0.0468ms
tactic execution of Lean.Parser.Tactic.tacticSeq took 0.0311ms
tactic execution of Lean.Parser.Tactic.skip took 0.0076ms
tactic execution of Lean.Parser.Tactic.tacticSeq1Indented took 0.0344ms
tactic execution of Lean.Parser.Tactic.tacticSeq took 0.0525ms
tactic execution of Lean.Parser.Tactic.first took 0.0904ms
tactic execution of Lean.Parser.Tactic.tacticTry_ took 0.0757ms
typeclass inference of LT took 0.3ms
typeclass inference of LT took 0.226ms
typeclass inference of LT took 0.327ms
typeclass inference of LT took 0.319ms
typeclass inference of LT took 0.46ms
typeclass inference of LT took 0.564ms
typeclass inference of LT took 0.693ms
typeclass inference of LT took 0.248ms
typeclass inference of LT took 0.312ms
typeclass inference of LT took 0.244ms
typeclass inference of LT took 0.378ms
typeclass inference of LT took 0.369ms
typeclass inference of LT took 0.743ms
typeclass inference of LT took 0.933ms
typeclass inference of LT took 0.499ms
typeclass inference of LT took 0.276ms
typeclass inference of LT took 0.39ms
typeclass inference of LT took 0.177ms
typeclass inference of LT took 0.966ms
typeclass inference of LT took 0.345ms
typeclass inference of LT took 0.389ms
typeclass inference of LT took 0.269ms
typeclass inference of LT took 0.229ms
typeclass inference of LT took 0.171ms
typeclass inference of LT took 0.179ms
typeclass inference of LT took 0.202ms
tactic execution of Lean.Parser.Tactic.rewriteSeq took 18.6ms
tactic execution of Lean.Parser.Tactic.tacticSeq1Indented took 0.0602ms
tactic execution of Lean.Parser.Tactic.tacticSeq took 0.0432ms
tactic execution of Lean.Parser.Tactic.paren took 0.0573ms
tactic execution of Lean.Parser.Tactic.rwSeq took 0.0566ms
tactic execution of Lean.Parser.Tactic.tacticSeq1Indented took 0.055ms
tactic execution of Lean.Parser.Tactic.tacticSeq took 0.0497ms
tactic execution of Lean.Parser.Tactic.skip took 0.0131ms
tactic execution of Lean.Parser.Tactic.tacticSeq1Indented took 0.0617ms
tactic execution of Lean.Parser.Tactic.tacticSeq took 0.0555ms
tactic execution of Lean.Parser.Tactic.first took 0.101ms
tactic execution of Lean.Parser.Tactic.tacticTry_ took 0.07ms
typeclass inference of LT took 0.449ms
typeclass inference of LT took 0.28ms
typeclass inference of LT took 0.292ms
typeclass inference of LT took 0.173ms
typeclass inference of LT took 0.173ms
typeclass inference of LT took 0.237ms
typeclass inference of LT took 0.241ms
typeclass inference of LT took 0.214ms
typeclass inference of LT took 0.657ms
typeclass inference of LT took 0.273ms
typeclass inference of LT took 0.238ms
typeclass inference of LT took 0.24ms
typeclass inference of LT took 0.316ms
typeclass inference of LT took 0.229ms
typeclass inference of LT took 0.214ms
typeclass inference of LT took 0.185ms
typeclass inference of LT took 0.178ms
typeclass inference of LT took 0.148ms
typeclass inference of LT took 0.356ms
typeclass inference of LT took 0.257ms
typeclass inference of LT took 0.421ms
typeclass inference of LT took 0.335ms
typeclass inference of LT took 0.343ms
typeclass inference of LT took 0.165ms
typeclass inference of LT took 0.276ms
typeclass inference of LT took 0.212ms
tactic execution of Lean.Parser.Tactic.rewriteSeq took 14.7ms
tactic execution of Lean.Parser.Tactic.tacticSeq1Indented took 0.0638ms
tactic execution of Lean.Parser.Tactic.tacticSeq took 0.0357ms
tactic execution of Lean.Parser.Tactic.paren took 0.0643ms
tactic execution of Lean.Parser.Tactic.rwSeq took 0.0519ms
tactic execution of Lean.Parser.Tactic.tacticSeq1Indented took 0.0456ms
tactic execution of Lean.Parser.Tactic.tacticSeq took 0.0346ms
tactic execution of Lean.Parser.Tactic.skip took 0.0089ms
tactic execution of Lean.Parser.Tactic.tacticSeq1Indented took 0.0342ms
tactic execution of Lean.Parser.Tactic.tacticSeq took 0.0412ms
tactic execution of Lean.Parser.Tactic.first took 0.0698ms
tactic execution of Lean.Parser.Tactic.tacticTry_ took 0.0696ms
typeclass inference of LE took 0.457ms
typeclass inference of LE took 0.225ms
typeclass inference of LE took 0.389ms
typeclass inference of LE took 0.316ms
typeclass inference of LE took 0.312ms
typeclass inference of LE took 0.215ms
typeclass inference of LE took 0.218ms
typeclass inference of LE took 0.171ms
typeclass inference of LE took 0.259ms
typeclass inference of LE took 0.155ms
typeclass inference of LE took 0.562ms
typeclass inference of LE took 0.324ms
typeclass inference of LE took 0.386ms
typeclass inference of LE took 0.261ms
typeclass inference of LE took 0.261ms
typeclass inference of LE took 0.16ms
typeclass inference of LE took 0.244ms
typeclass inference of LE took 0.19ms
typeclass inference of LE took 0.186ms
typeclass inference of LE took 0.144ms
typeclass inference of LE took 0.318ms
typeclass inference of LE took 0.278ms
typeclass inference of LE took 0.337ms
typeclass inference of LE took 0.239ms
typeclass inference of LE took 0.211ms
typeclass inference of LE took 0.162ms
tactic execution of Lean.Parser.Tactic.rewriteSeq took 14ms
tactic execution of Lean.Parser.Tactic.tacticSeq1Indented took 0.0487ms
tactic execution of Lean.Parser.Tactic.tacticSeq took 0.042ms
tactic execution of Lean.Parser.Tactic.paren took 0.0323ms
tactic execution of Lean.Parser.Tactic.rwSeq took 0.0525ms
tactic execution of Lean.Parser.Tactic.tacticSeq1Indented took 0.0369ms
tactic execution of Lean.Parser.Tactic.tacticSeq took 0.0268ms
tactic execution of Lean.Parser.Tactic.skip took 0.0084ms
tactic execution of Lean.Parser.Tactic.tacticSeq1Indented took 0.0348ms
tactic execution of Lean.Parser.Tactic.tacticSeq took 0.0366ms
tactic execution of Lean.Parser.Tactic.first took 0.0686ms
tactic execution of Lean.Parser.Tactic.tacticTry_ took 0.0563ms
typeclass inference of LT took 0.336ms
typeclass inference of LT took 0.153ms
typeclass inference of LT took 0.214ms
typeclass inference of LT took 0.173ms
typeclass inference of LT took 0.167ms
typeclass inference of LT took 0.158ms
typeclass inference of LT took 0.211ms
typeclass inference of LT took 0.175ms
typeclass inference of LT took 0.343ms
typeclass inference of LT took 0.249ms
typeclass inference of LT took 0.439ms
typeclass inference of LT took 0.265ms
typeclass inference of LT took 0.364ms
typeclass inference of LT took 0.335ms
typeclass inference of LT took 0.325ms
typeclass inference of LT took 0.19ms
typeclass inference of LT took 0.279ms
typeclass inference of LT took 0.218ms
typeclass inference of LT took 0.268ms
typeclass inference of LT took 0.155ms
typeclass inference of LT took 0.206ms
typeclass inference of LT took 0.195ms
typeclass inference of LT took 0.2ms
typeclass inference of LT took 0.204ms
typeclass inference of LT took 0.232ms
typeclass inference of LT took 0.163ms
tactic execution of Lean.Parser.Tactic.rewriteSeq took 13.4ms
tactic execution of Lean.Parser.Tactic.tacticSeq1Indented took 0.0538ms
tactic execution of Lean.Parser.Tactic.tacticSeq took 0.0401ms
tactic execution of Lean.Parser.Tactic.paren took 0.042ms
tactic execution of Lean.Parser.Tactic.rwSeq took 0.0645ms
tactic execution of Lean.Parser.Tactic.tacticSeq1Indented took 0.0581ms
tactic execution of Lean.Parser.Tactic.tacticSeq took 0.0364ms
tactic execution of Lean.Parser.Tactic.skip took 0.0089ms
tactic execution of Lean.Parser.Tactic.tacticSeq1Indented took 0.0506ms
tactic execution of Lean.Parser.Tactic.tacticSeq took 0.0567ms
tactic execution of Lean.Parser.Tactic.first took 0.0655ms
tactic execution of Lean.Parser.Tactic.tacticTry_ took 0.059ms
tactic execution of Lean.Parser.Tactic.rewriteSeq took 11.7ms
tactic execution of Lean.Parser.Tactic.tacticSeq1Indented took 0.112ms
tactic execution of Lean.Parser.Tactic.tacticSeq took 0.0533ms
tactic execution of Lean.Parser.Tactic.paren took 0.0498ms
tactic execution of Lean.Parser.Tactic.rwSeq took 0.0566ms
tactic execution of Lean.Parser.Tactic.tacticSeq1Indented took 0.0484ms
tactic execution of Lean.Parser.Tactic.tacticSeq took 0.0435ms
tactic execution of Lean.Parser.Tactic.skip took 0.0113ms
tactic execution of Lean.Parser.Tactic.tacticSeq1Indented took 0.0524ms
tactic execution of Lean.Parser.Tactic.tacticSeq took 0.0635ms
tactic execution of Lean.Parser.Tactic.first took 0.102ms
tactic execution of Lean.Parser.Tactic.tacticTry_ took 0.0433ms
dsimp took 0.409ms
tactic execution of Lean.Parser.Tactic.dsimp took 0.884ms
tactic execution of Lean.Parser.Tactic.tacticSeq1Indented took 0.0409ms
tactic execution of Lean.Parser.Tactic.tacticSeq took 0.0294ms
tactic execution of Lean.Parser.Tactic.first took 0.0373ms
tactic execution of Lean.Parser.Tactic.tacticTry_ took 0.0908ms
congr simp thm took 0.0313ms
congr simp thm took 0.0092ms
congr simp thm took 0.0263ms
congr simp thm took 0.0078ms
simp took 1.32ms
simp took 0.0763ms
tactic execution of Lean.Parser.Tactic.simp took 6.56ms
tactic execution of Lean.Parser.Tactic.tacticSeq1Indented took 0.0583ms
tactic execution of Lean.Parser.Tactic.tacticSeq took 0.0723ms
tactic execution of Lean.Parser.Tactic.skip took 0.0135ms
tactic execution of Lean.Parser.Tactic.tacticSeq1Indented took 0.056ms
tactic execution of Lean.Parser.Tactic.tacticSeq took 0.0789ms
tactic execution of Lean.Parser.Tactic.first took 0.116ms
tactic execution of Lean.Parser.Tactic.tacticTry_ took 0.0741ms
typeclass inference of Decidable took 0.12ms
typeclass inference of LE took 0.0273ms
typeclass inference of LE took 0.0299ms
typeclass inference of Decidable took 0.0225ms
typeclass inference of Decidable took 0.0137ms
instantiate metavars took 0.0027ms
tactic execution of Lean.Parser.Tactic.omega took 5.6ms
tactic execution of Lean.Parser.Tactic.tacticSeq1Indented took 0.54ms
tactic execution of Lean.Parser.Tactic.tacticSeq took 0.0328ms
tactic execution of Lean.Parser.Tactic.first took 0.0619ms
tactic execution of tacticGet_elem_tactic_extensible took 0.124ms
tactic execution of Lean.Parser.Tactic.tacticSeq1Indented took 0.0377ms
tactic execution of Lean.Parser.Tactic.tacticSeq took 0.0467ms
tactic execution of Lean.Parser.Tactic.first took 0.144ms
tactic execution of tacticGet_elem_tactic took 0.0512ms
tactic execution of Lean.Parser.Tactic.tacticSeq1Indented took 0.0393ms
tactic execution of Lean.Parser.Tactic.tacticSeq took 0.126ms
tactic execution of Lean.Parser.Tactic.done took 0.0618ms
tactic execution of Lean.Parser.Tactic.tacticSeq1Indented took 0.0527ms
tactic execution of Lean.Parser.Tactic.tacticSeq took 0.0308ms
tactic execution of Lean.Parser.Tactic.assumption took 0.748ms
tactic execution of Lean.Parser.Tactic.tacticSeq1Indented took 0.0618ms
tactic execution of Lean.Parser.Tactic.tacticSeq took 0.0311ms
typeclass inference of LE took 0.278ms
typeclass inference of LE took 0.163ms
typeclass inference of LE took 0.303ms
typeclass inference of LE took 0.249ms
typeclass inference of LE took 0.439ms
typeclass inference of LE took 0.256ms
typeclass inference of LE took 0.377ms
typeclass inference of LE took 0.287ms
typeclass inference of LE took 0.402ms
typeclass inference of LE took 0.286ms
typeclass inference of LE took 0.197ms
typeclass inference of LE took 0.144ms
typeclass inference of LE took 0.177ms
typeclass inference of LE took 0.147ms
typeclass inference of LE took 0.224ms
typeclass inference of LE took 0.149ms
typeclass inference of LE took 0.309ms
typeclass inference of LE took 0.177ms
typeclass inference of LE took 0.343ms
typeclass inference of LE took 0.254ms
typeclass inference of LE took 0.228ms
typeclass inference of LE took 0.161ms
typeclass inference of LE took 0.429ms
typeclass inference of LE took 0.183ms
tactic execution of Lean.Parser.Tactic.rewriteSeq took 13.8ms
tactic execution of Lean.Parser.Tactic.tacticSeq1Indented took 0.049ms
tactic execution of Lean.Parser.Tactic.tacticSeq took 0.0366ms
tactic execution of Lean.Parser.Tactic.paren took 0.0389ms
tactic execution of Lean.Parser.Tactic.rwSeq took 0.0653ms
tactic execution of Lean.Parser.Tactic.tacticSeq1Indented took 0.0534ms
tactic execution of Lean.Parser.Tactic.tacticSeq took 0.0418ms
tactic execution of Lean.Parser.Tactic.skip took 0.0166ms
tactic execution of Lean.Parser.Tactic.tacticSeq1Indented took 0.0674ms
tactic execution of Lean.Parser.Tactic.tacticSeq took 0.0762ms
tactic execution of Lean.Parser.Tactic.first took 0.106ms
tactic execution of Lean.Parser.Tactic.tacticTry_ took 0.0497ms
typeclass inference of LE took 0.601ms
typeclass inference of LT took 0.337ms
typeclass inference of LE took 0.274ms
typeclass inference of LT took 0.208ms
typeclass inference of LE took 0.293ms
typeclass inference of LT took 0.226ms
typeclass inference of LE took 0.175ms
typeclass inference of LT took 0.16ms
typeclass inference of LE took 0.182ms
typeclass inference of LT took 0.186ms
typeclass inference of LE took 0.143ms
typeclass inference of LT took 0.147ms
typeclass inference of LE took 0.209ms
typeclass inference of LT took 0.177ms
typeclass inference of LE took 0.148ms
typeclass inference of LT took 0.137ms
typeclass inference of LE took 0.169ms
typeclass inference of LT took 0.166ms
typeclass inference of LE took 0.156ms
typeclass inference of LT took 0.138ms
typeclass inference of LE took 0.367ms
typeclass inference of LT took 0.246ms
typeclass inference of LE took 0.216ms
typeclass inference of LT took 0.216ms
typeclass inference of LE took 0.219ms
typeclass inference of LT took 0.205ms
typeclass inference of LE took 0.186ms
typeclass inference of LT took 0.193ms
typeclass inference of LE took 0.347ms
typeclass inference of LT took 0.205ms
typeclass inference of LE took 0.193ms
typeclass inference of LT took 0.155ms
typeclass inference of LE took 0.201ms
typeclass inference of LT took 0.194ms
typeclass inference of LE took 0.202ms
typeclass inference of LT took 0.192ms
typeclass inference of LE took 0.35ms
typeclass inference of LT took 0.344ms
typeclass inference of LE took 0.205ms
typeclass inference of LT took 0.222ms
typeclass inference of LE took 0.209ms
typeclass inference of LT took 0.154ms
typeclass inference of LE took 0.167ms
typeclass inference of LT took 0.148ms
typeclass inference of LE took 0.192ms
typeclass inference of LT took 0.18ms
typeclass inference of LE took 0.149ms
typeclass inference of LT took 0.132ms
tactic execution of Lean.Parser.Tactic.rewriteSeq took 15ms
tactic execution of Lean.Parser.Tactic.tacticSeq1Indented took 0.0515ms
tactic execution of Lean.Parser.Tactic.tacticSeq took 0.0395ms
tactic execution of Lean.Parser.Tactic.paren took 0.0393ms
tactic execution of Lean.Parser.Tactic.rwSeq took 0.0535ms
tactic execution of Lean.Parser.Tactic.tacticSeq1Indented took 0.0596ms
tactic execution of Lean.Parser.Tactic.tacticSeq took 0.0391ms
tactic execution of Lean.Parser.Tactic.skip took 0.0077ms
tactic execution of Lean.Parser.Tactic.tacticSeq1Indented took 0.0326ms
tactic execution of Lean.Parser.Tactic.tacticSeq took 0.0371ms
tactic execution of Lean.Parser.Tactic.first took 0.0743ms
tactic execution of Lean.Parser.Tactic.tacticTry_ took 0.0737ms
typeclass inference of LE took 0.375ms
typeclass inference of LE took 0.289ms
typeclass inference of LE took 0.773ms
typeclass inference of LE took 0.422ms
typeclass inference of LE took 0.691ms
typeclass inference of LE took 0.287ms
typeclass inference of LE took 0.373ms
typeclass inference of LE took 0.267ms
typeclass inference of LE took 0.77ms
typeclass inference of LE took 0.48ms
typeclass inference of LE took 0.598ms
typeclass inference of LE took 0.269ms
typeclass inference of LE took 0.332ms
typeclass inference of LE took 0.237ms
typeclass inference of LE took 0.256ms
typeclass inference of LE took 0.157ms
typeclass inference of LE took 0.199ms
typeclass inference of LE took 0.136ms
typeclass inference of LE took 0.177ms
typeclass inference of LE took 0.152ms
typeclass inference of LE took 0.172ms
typeclass inference of LE took 0.2ms
typeclass inference of LE took 0.187ms
typeclass inference of LE took 0.16ms
tactic execution of Lean.Parser.Tactic.rewriteSeq took 17.9ms
tactic execution of Lean.Parser.Tactic.tacticSeq1Indented took 0.058ms
tactic execution of Lean.Parser.Tactic.tacticSeq took 0.0584ms
tactic execution of Lean.Parser.Tactic.paren took 0.0512ms
tactic execution of Lean.Parser.Tactic.rwSeq took 0.0442ms
tactic execution of Lean.Parser.Tactic.tacticSeq1Indented took 0.0386ms
tactic execution of Lean.Parser.Tactic.tacticSeq took 0.0302ms
tactic execution of Lean.Parser.Tactic.skip took 0.0338ms
tactic execution of Lean.Parser.Tactic.tacticSeq1Indented took 0.0675ms
tactic execution of Lean.Parser.Tactic.tacticSeq took 0.061ms
tactic execution of Lean.Parser.Tactic.first took 0.0694ms
tactic execution of Lean.Parser.Tactic.tacticTry_ took 0.078ms
typeclass inference of LE took 0.483ms
typeclass inference of LT took 0.363ms
typeclass inference of LE took 0.251ms
typeclass inference of LT took 0.205ms
typeclass inference of LE took 0.247ms
typeclass inference of LT took 0.22ms
typeclass inference of LE took 0.194ms
typeclass inference of LT took 0.147ms
typeclass inference of LE took 0.187ms
typeclass inference of LT took 0.226ms
typeclass inference of LE took 0.143ms
typeclass inference of LT took 0.198ms
typeclass inference of LE took 0.236ms
typeclass inference of LT took 0.172ms
typeclass inference of LE took 0.153ms
typeclass inference of LT took 0.141ms
typeclass inference of LE took 0.269ms
typeclass inference of LT took 0.202ms
typeclass inference of LE took 0.151ms
typeclass inference of LT took 0.201ms
typeclass inference of LE took 0.199ms
typeclass inference of LT took 0.21ms
typeclass inference of LE took 0.185ms
typeclass inference of LT took 0.175ms
typeclass inference of LE took 0.222ms
typeclass inference of LT took 0.181ms
typeclass inference of LE took 0.144ms
typeclass inference of LT took 0.154ms
typeclass inference of LE took 0.277ms
typeclass inference of LT took 0.262ms
typeclass inference of LE took 0.234ms
typeclass inference of LT took 0.206ms
typeclass inference of LE took 0.657ms
typeclass inference of LT took 0.53ms
typeclass inference of LE took 0.389ms
typeclass inference of LT took 0.285ms
typeclass inference of LE took 1.06ms
typeclass inference of LT took 0.444ms
typeclass inference of LE took 0.488ms
typeclass inference of LT took 0.351ms
typeclass inference of LE took 0.335ms
typeclass inference of LT took 0.313ms
typeclass inference of LE took 0.487ms
typeclass inference of LT took 0.436ms
typeclass inference of LE took 0.38ms
typeclass inference of LT took 0.343ms
typeclass inference of LE took 0.277ms
typeclass inference of LT took 0.249ms
tactic execution of Lean.Parser.Tactic.rewriteSeq took 17ms
tactic execution of Lean.Parser.Tactic.tacticSeq1Indented took 0.0677ms
tactic execution of Lean.Parser.Tactic.tacticSeq took 0.063ms
tactic execution of Lean.Parser.Tactic.paren took 0.0607ms
tactic execution of Lean.Parser.Tactic.rwSeq took 0.0788ms
tactic execution of Lean.Parser.Tactic.tacticSeq1Indented took 0.0626ms
tactic execution of Lean.Parser.Tactic.tacticSeq took 0.0431ms
tactic execution of Lean.Parser.Tactic.skip took 0.0149ms
tactic execution of Lean.Parser.Tactic.tacticSeq1Indented took 0.0793ms
tactic execution of Lean.Parser.Tactic.tacticSeq took 0.0711ms
tactic execution of Lean.Parser.Tactic.first took 0.114ms
tactic execution of Lean.Parser.Tactic.tacticTry_ took 0.106ms
typeclass inference of LT took 0.535ms
typeclass inference of LT took 0.316ms
typeclass inference of LT took 0.473ms
typeclass inference of LT took 0.192ms
typeclass inference of LT took 0.204ms
typeclass inference of LT took 0.157ms
typeclass inference of LT took 0.222ms
typeclass inference of LT took 0.157ms
typeclass inference of LT took 0.21ms
typeclass inference of LT took 0.186ms
typeclass inference of LT took 0.173ms
typeclass inference of LT took 0.168ms
typeclass inference of LT took 0.223ms
typeclass inference of LT took 0.163ms
typeclass inference of LT took 0.179ms
typeclass inference of LT took 0.154ms
typeclass inference of LT took 0.255ms
typeclass inference of LT took 0.149ms
typeclass inference of LT took 0.202ms
typeclass inference of LT took 0.146ms
typeclass inference of LT took 0.176ms
typeclass inference of LT took 0.153ms
typeclass inference of LT took 0.194ms
typeclass inference of LT took 0.154ms
tactic execution of Lean.Parser.Tactic.rewriteSeq took 11.7ms
tactic execution of Lean.Parser.Tactic.tacticSeq1Indented took 0.058ms
tactic execution of Lean.Parser.Tactic.tacticSeq took 0.0434ms
tactic execution of Lean.Parser.Tactic.paren took 0.0364ms
tactic execution of Lean.Parser.Tactic.rwSeq took 0.0544ms
tactic execution of Lean.Parser.Tactic.tacticSeq1Indented took 0.0413ms
tactic execution of Lean.Parser.Tactic.tacticSeq took 0.0307ms
tactic execution of Lean.Parser.Tactic.skip took 0.0077ms
tactic execution of Lean.Parser.Tactic.tacticSeq1Indented took 0.0347ms
tactic execution of Lean.Parser.Tactic.tacticSeq took 0.0367ms
tactic execution of Lean.Parser.Tactic.first took 0.0674ms
tactic execution of Lean.Parser.Tactic.tacticTry_ took 0.0678ms
typeclass inference of LT took 0.344ms
typeclass inference of LT took 0.247ms
typeclass inference of LT took 0.443ms
typeclass inference of LT took 0.364ms
typeclass inference of LT took 0.854ms
typeclass inference of LT took 0.617ms
typeclass inference of LT took 0.632ms
typeclass inference of LT took 0.424ms
typeclass inference of LT took 0.49ms
typeclass inference of LT took 0.299ms
typeclass inference of LT took 0.543ms
typeclass inference of LT took 0.332ms
typeclass inference of LT took 0.372ms
typeclass inference of LT took 0.369ms
typeclass inference of LT took 0.526ms
typeclass inference of LT took 0.438ms
typeclass inference of LT took 0.471ms
typeclass inference of LT took 0.28ms
typeclass inference of LT took 0.339ms
typeclass inference of LT took 0.201ms
typeclass inference of LT took 0.195ms
typeclass inference of LT took 0.184ms
typeclass inference of LT took 0.23ms
typeclass inference of LT took 0.168ms
tactic execution of Lean.Parser.Tactic.rewriteSeq took 18ms
tactic execution of Lean.Parser.Tactic.tacticSeq1Indented took 0.0574ms
tactic execution of Lean.Parser.Tactic.tacticSeq took 0.0522ms
tactic execution of Lean.Parser.Tactic.paren took 0.0548ms
tactic execution of Lean.Parser.Tactic.rwSeq took 0.063ms
tactic execution of Lean.Parser.Tactic.tacticSeq1Indented took 0.0374ms
tactic execution of Lean.Parser.Tactic.tacticSeq took 0.0405ms
tactic execution of Lean.Parser.Tactic.skip took 0.0082ms
tactic execution of Lean.Parser.Tactic.tacticSeq1Indented took 0.0338ms
tactic execution of Lean.Parser.Tactic.tacticSeq took 0.0348ms
tactic execution of Lean.Parser.Tactic.first took 0.0624ms
tactic execution of Lean.Parser.Tactic.tacticTry_ took 0.0533ms
typeclass inference of LE took 0.255ms
typeclass inference of LE took 0.158ms
typeclass inference of LE took 0.204ms
typeclass inference of LE took 0.14ms
typeclass inference of LE took 0.286ms
typeclass inference of LE took 0.235ms
typeclass inference of LE took 0.331ms
typeclass inference of LE took 0.302ms
typeclass inference of LE took 0.603ms
typeclass inference of LE took 0.288ms
typeclass inference of LE took 0.356ms
typeclass inference of LE took 0.255ms
typeclass inference of LE took 0.334ms
typeclass inference of LE took 0.239ms
typeclass inference of LE took 0.223ms
typeclass inference of LE took 0.15ms
typeclass inference of LE took 0.2ms
typeclass inference of LE took 0.151ms
typeclass inference of LE took 0.17ms
typeclass inference of LE took 0.139ms
typeclass inference of LE took 0.182ms
typeclass inference of LE took 0.147ms
typeclass inference of LE took 0.172ms
typeclass inference of LE took 0.141ms
tactic execution of Lean.Parser.Tactic.rewriteSeq took 13ms
tactic execution of Lean.Parser.Tactic.tacticSeq1Indented took 0.0476ms
tactic execution of Lean.Parser.Tactic.tacticSeq took 0.0348ms
tactic execution of Lean.Parser.Tactic.paren took 0.0342ms
tactic execution of Lean.Parser.Tactic.rwSeq took 0.0385ms
tactic execution of Lean.Parser.Tactic.tacticSeq1Indented took 0.0318ms
tactic execution of Lean.Parser.Tactic.tacticSeq took 0.025ms
tactic execution of Lean.Parser.Tactic.skip took 0.0083ms
tactic execution of Lean.Parser.Tactic.tacticSeq1Indented took 0.0371ms
tactic execution of Lean.Parser.Tactic.tacticSeq took 0.0386ms
tactic execution of Lean.Parser.Tactic.first took 0.0633ms
tactic execution of Lean.Parser.Tactic.tacticTry_ took 0.0789ms
typeclass inference of LT took 0.213ms
typeclass inference of LT took 0.17ms
typeclass inference of LT took 0.263ms
typeclass inference of LT took 0.236ms
typeclass inference of LT took 0.659ms
typeclass inference of LT took 0.782ms
typeclass inference of LT took 0.65ms
typeclass inference of LT took 0.348ms
typeclass inference of LT took 0.495ms
typeclass inference of LT took 0.238ms
typeclass inference of LT took 0.448ms
typeclass inference of LT took 0.367ms
typeclass inference of LT took 0.348ms
typeclass inference of LT took 0.189ms
typeclass inference of LT took 0.193ms
typeclass inference of LT took 0.141ms
typeclass inference of LT took 0.181ms
typeclass inference of LT took 0.147ms
typeclass inference of LT took 0.194ms
typeclass inference of LT took 0.142ms
typeclass inference of LT took 0.232ms
typeclass inference of LT took 0.196ms
typeclass inference of LT took 0.215ms
typeclass inference of LT took 0.19ms
tactic execution of Lean.Parser.Tactic.rewriteSeq took 13.6ms
tactic execution of Lean.Parser.Tactic.tacticSeq1Indented took 0.0462ms
tactic execution of Lean.Parser.Tactic.tacticSeq took 0.0291ms
tactic execution of Lean.Parser.Tactic.paren took 0.0329ms
tactic execution of Lean.Parser.Tactic.rwSeq took 0.0389ms
tactic execution of Lean.Parser.Tactic.tacticSeq1Indented took 0.032ms
tactic execution of Lean.Parser.Tactic.tacticSeq took 0.0309ms
tactic execution of Lean.Parser.Tactic.skip took 0.008ms
tactic execution of Lean.Parser.Tactic.tacticSeq1Indented took 0.0404ms
tactic execution of Lean.Parser.Tactic.tacticSeq took 0.0382ms
tactic execution of Lean.Parser.Tactic.first took 0.0634ms
tactic execution of Lean.Parser.Tactic.tacticTry_ took 0.063ms
tactic execution of Lean.Parser.Tactic.rewriteSeq took 6.08ms
tactic execution of Lean.Parser.Tactic.tacticSeq1Indented took 0.0892ms
tactic execution of Lean.Parser.Tactic.tacticSeq took 0.036ms
tactic execution of Lean.Parser.Tactic.paren took 0.0279ms
tactic execution of Lean.Parser.Tactic.rwSeq took 0.0433ms
tactic execution of Lean.Parser.Tactic.tacticSeq1Indented took 0.0344ms
tactic execution of Lean.Parser.Tactic.tacticSeq took 0.0299ms
tactic execution of Lean.Parser.Tactic.skip took 0.0183ms
tactic execution of Lean.Parser.Tactic.tacticSeq1Indented took 0.036ms
tactic execution of Lean.Parser.Tactic.tacticSeq took 0.0451ms
tactic execution of Lean.Parser.Tactic.first took 0.064ms
tactic execution of Lean.Parser.Tactic.tacticTry_ took 0.0376ms
dsimp took 0.421ms
tactic execution of Lean.Parser.Tactic.dsimp took 0.835ms
tactic execution of Lean.Parser.Tactic.tacticSeq1Indented took 0.0394ms
tactic execution of Lean.Parser.Tactic.tacticSeq took 0.0284ms
tactic execution of Lean.Parser.Tactic.first took 0.0369ms
tactic execution of Lean.Parser.Tactic.tacticTry_ took 0.0489ms
congr simp thm took 0.0124ms
congr simp thm took 0.0061ms
congr simp thm took 0.0163ms
congr simp thm took 0.0048ms
simp took 0.84ms
simp took 0.0389ms
tactic execution of Lean.Parser.Tactic.simp took 8.92ms
tactic execution of Lean.Parser.Tactic.tacticSeq1Indented took 0.0425ms
tactic execution of Lean.Parser.Tactic.tacticSeq took 0.04ms
tactic execution of Lean.Parser.Tactic.skip took 0.0087ms
tactic execution of Lean.Parser.Tactic.tacticSeq1Indented took 0.04ms
tactic execution of Lean.Parser.Tactic.tacticSeq took 0.0511ms
tactic execution of Lean.Parser.Tactic.first took 0.0678ms
tactic execution of Lean.Parser.Tactic.tacticTry_ took 0.0702ms
typeclass inference of Decidable took 0.118ms
typeclass inference of LE took 0.0276ms
typeclass inference of LE took 0.023ms
typeclass inference of Decidable took 0.0228ms
typeclass inference of Decidable took 0.0206ms
instantiate metavars took 0.0038ms
tactic execution of Lean.Parser.Tactic.omega took 5.6ms
tactic execution of Lean.Parser.Tactic.tacticSeq1Indented took 0.559ms
tactic execution of Lean.Parser.Tactic.tacticSeq took 0.0694ms
tactic execution of Lean.Parser.Tactic.first took 0.0565ms
tactic execution of tacticGet_elem_tactic_extensible took 0.0976ms
tactic execution of Lean.Parser.Tactic.tacticSeq1Indented took 0.0538ms
tactic execution of Lean.Parser.Tactic.tacticSeq took 0.0547ms
tactic execution of Lean.Parser.Tactic.first took 0.136ms
tactic execution of tacticGet_elem_tactic took 0.0525ms
tactic execution of Lean.Parser.Tactic.tacticSeq1Indented took 0.0627ms
tactic execution of Lean.Parser.Tactic.tacticSeq took 0.149ms
tactic execution of Lean.Parser.Tactic.done took 0.075ms
tactic execution of Lean.Parser.Tactic.tacticSeq1Indented took 0.117ms
tactic execution of Lean.Parser.Tactic.tacticSeq took 0.0675ms
tactic execution of Lean.Parser.Tactic.assumption took 0.953ms
tactic execution of Lean.Parser.Tactic.tacticSeq1Indented took 0.0701ms
tactic execution of Lean.Parser.Tactic.tacticSeq took 0.0571ms
typeclass inference of LE took 0.372ms
typeclass inference of LE took 0.262ms
typeclass inference of LE took 0.417ms
typeclass inference of LE took 0.327ms
typeclass inference of LE took 0.565ms
typeclass inference of LE took 0.327ms
typeclass inference of LE took 0.411ms
typeclass inference of LE took 0.255ms
typeclass inference of LE took 0.623ms
typeclass inference of LE took 0.389ms
typeclass inference of LE took 0.395ms
typeclass inference of LE took 0.294ms
typeclass inference of LE took 0.39ms
typeclass inference of LE took 0.209ms
typeclass inference of LE took 0.301ms
typeclass inference of LE took 0.2ms
typeclass inference of LE took 0.192ms
typeclass inference of LE took 0.188ms
typeclass inference of LE took 0.211ms
typeclass inference of LE took 0.207ms
typeclass inference of LE took 0.273ms
typeclass inference of LE took 0.294ms
typeclass inference of LE took 0.541ms
typeclass inference of LE took 0.289ms
tactic execution of Lean.Parser.Tactic.rewriteSeq took 17.1ms
tactic execution of Lean.Parser.Tactic.tacticSeq1Indented took 0.0907ms
tactic execution of Lean.Parser.Tactic.tacticSeq took 0.0713ms
tactic execution of Lean.Parser.Tactic.paren took 0.0589ms
tactic execution of Lean.Parser.Tactic.rwSeq took 0.0734ms
tactic execution of Lean.Parser.Tactic.tacticSeq1Indented took 0.0639ms
tactic execution of Lean.Parser.Tactic.tacticSeq took 0.0537ms
tactic execution of Lean.Parser.Tactic.skip took 0.0124ms
tactic execution of Lean.Parser.Tactic.tacticSeq1Indented took 0.0569ms
tactic execution of Lean.Parser.Tactic.tacticSeq took 0.0706ms
tactic execution of Lean.Parser.Tactic.first took 0.123ms
tactic execution of Lean.Parser.Tactic.tacticTry_ took 0.0548ms
typeclass inference of LE took 0.383ms
typeclass inference of LT took 0.321ms
typeclass inference of LE took 0.227ms
typeclass inference of LT took 0.261ms
typeclass inference of LE took 0.292ms
typeclass inference of LT took 0.244ms
typeclass inference of LE took 0.252ms
typeclass inference of LT took 0.218ms
typeclass inference of LE took 0.289ms
typeclass inference of LT took 0.275ms
typeclass inference of LE took 0.211ms
typeclass inference of LT took 0.226ms
typeclass inference of LE took 0.255ms
typeclass inference of LT took 0.265ms
typeclass inference of LE took 0.22ms
typeclass inference of LT took 0.225ms
typeclass inference of LE took 0.237ms
typeclass inference of LT took 0.278ms
typeclass inference of LE took 0.235ms
typeclass inference of LT took 0.221ms
typeclass inference of LE took 0.26ms
typeclass inference of LT took 0.266ms
typeclass inference of LE took 0.232ms
typeclass inference of LT took 0.226ms
typeclass inference of LE took 0.298ms
typeclass inference of LT took 0.334ms
typeclass inference of LE took 0.228ms
typeclass inference of LT took 0.382ms
typeclass inference of LE took 0.491ms
typeclass inference of LT took 0.442ms
typeclass inference of LE took 0.263ms
typeclass inference of LT took 0.236ms
typeclass inference of LE took 0.561ms
typeclass inference of LT took 0.981ms
typeclass inference of LE took 0.404ms
typeclass inference of LT took 0.357ms
typeclass inference of LE took 0.37ms
typeclass inference of LT took 0.282ms
typeclass inference of LE took 0.271ms
typeclass inference of LT took 0.459ms
typeclass inference of LE took 0.37ms
typeclass inference of LT took 2.99ms
typeclass inference of LE took 0.512ms
typeclass inference of LT took 0.301ms
typeclass inference of LE took 0.407ms
typeclass inference of LT took 0.245ms
typeclass inference of LE took 0.277ms
typeclass inference of LT took 0.23ms
tactic execution of Lean.Parser.Tactic.rewriteSeq took 21.3ms
tactic execution of Lean.Parser.Tactic.tacticSeq1Indented took 0.084ms
tactic execution of Lean.Parser.Tactic.tacticSeq took 0.077ms
tactic execution of Lean.Parser.Tactic.paren took 0.063ms
tactic execution of Lean.Parser.Tactic.rwSeq took 0.11ms
tactic execution of Lean.Parser.Tactic.tacticSeq1Indented took 0.0861ms
tactic execution of Lean.Parser.Tactic.tacticSeq took 0.118ms
tactic execution of Lean.Parser.Tactic.skip took 0.012ms
tactic execution of Lean.Parser.Tactic.tacticSeq1Indented took 0.0614ms
tactic execution of Lean.Parser.Tactic.tacticSeq took 0.0613ms
tactic execution of Lean.Parser.Tactic.first took 0.109ms
tactic execution of Lean.Parser.Tactic.tacticTry_ took 0.0709ms
typeclass inference of LE took 0.266ms
typeclass inference of LE took 0.185ms
typeclass inference of LE took 0.2ms
typeclass inference of LE took 0.158ms
typeclass inference of LE took 0.173ms
typeclass inference of LE took 0.141ms
typeclass inference of LE took 0.155ms
typeclass inference of LE took 0.133ms
typeclass inference of LE took 0.153ms
typeclass inference of LE took 0.169ms
typeclass inference of LE took 0.284ms
typeclass inference of LE took 0.154ms
typeclass inference of LE took 0.184ms
typeclass inference of LE took 0.14ms
typeclass inference of LE took 0.175ms
typeclass inference of LE took 0.152ms
typeclass inference of LE took 0.192ms
typeclass inference of LE took 0.144ms
typeclass inference of LE took 0.168ms
typeclass inference of LE took 0.131ms
typeclass inference of LE took 0.166ms
typeclass inference of LE took 0.169ms
typeclass inference of LE took 0.183ms
typeclass inference of LE took 0.17ms
tactic execution of Lean.Parser.Tactic.rewriteSeq took 10.1ms
tactic execution of Lean.Parser.Tactic.tacticSeq1Indented took 0.0798ms
tactic execution of Lean.Parser.Tactic.tacticSeq took 0.0571ms
tactic execution of Lean.Parser.Tactic.paren took 0.0605ms
tactic execution of Lean.Parser.Tactic.rwSeq took 0.0722ms
tactic execution of Lean.Parser.Tactic.tacticSeq1Indented took 0.0684ms
tactic execution of Lean.Parser.Tactic.tacticSeq took 0.0497ms
tactic execution of Lean.Parser.Tactic.skip took 0.0119ms
tactic execution of Lean.Parser.Tactic.tacticSeq1Indented took 0.0511ms
tactic execution of Lean.Parser.Tactic.tacticSeq took 0.0662ms
tactic execution of Lean.Parser.Tactic.first took 0.111ms
tactic execution of Lean.Parser.Tactic.tacticTry_ took 0.071ms
typeclass inference of LE took 0.674ms
typeclass inference of LT took 0.412ms
typeclass inference of LE took 0.306ms
typeclass inference of LT took 0.298ms
typeclass inference of LE took 0.465ms
typeclass inference of LT took 0.365ms
typeclass inference of LE took 0.186ms
typeclass inference of LT took 0.157ms
typeclass inference of LE took 0.485ms
typeclass inference of LT took 0.47ms
typeclass inference of LE took 0.293ms
typeclass inference of LT took 0.283ms
typeclass inference of LE took 0.393ms
typeclass inference of LT took 0.358ms
typeclass inference of LE took 0.263ms
typeclass inference of LT took 0.27ms
typeclass inference of LE took 0.325ms
typeclass inference of LT took 0.316ms
typeclass inference of LE took 0.229ms
typeclass inference of LT took 0.236ms
typeclass inference of LE took 0.315ms
typeclass inference of LT took 0.185ms
typeclass inference of LE took 0.143ms
typeclass inference of LT took 0.147ms
typeclass inference of LE took 0.208ms
typeclass inference of LT took 0.169ms
typeclass inference of LE took 0.145ms
typeclass inference of LT took 0.14ms
typeclass inference of LE took 0.166ms
typeclass inference of LT took 0.183ms
typeclass inference of LE took 0.15ms
typeclass inference of LT took 0.127ms
typeclass inference of LE took 0.168ms
typeclass inference of LT took 0.231ms
typeclass inference of LE took 0.171ms
typeclass inference of LT took 0.148ms
typeclass inference of LE took 0.167ms
typeclass inference of LT took 0.178ms
typeclass inference of LE took 0.203ms
typeclass inference of LT took 0.234ms
typeclass inference of LE took 0.293ms
typeclass inference of LT took 0.191ms
typeclass inference of LE took 0.156ms
typeclass inference of LT took 0.149ms
typeclass inference of LE took 0.177ms
typeclass inference of LT took 0.16ms
typeclass inference of LE took 0.214ms
typeclass inference of LT took 0.194ms
tactic execution of Lean.Parser.Tactic.rewriteSeq took 17.3ms
tactic execution of Lean.Parser.Tactic.tacticSeq1Indented took 0.062ms
tactic execution of Lean.Parser.Tactic.tacticSeq took 0.0444ms
tactic execution of Lean.Parser.Tactic.paren took 0.0429ms
tactic execution of Lean.Parser.Tactic.rwSeq took 0.0526ms
tactic execution of Lean.Parser.Tactic.tacticSeq1Indented took 0.0469ms
tactic execution of Lean.Parser.Tactic.tacticSeq took 0.0339ms
tactic execution of Lean.Parser.Tactic.skip took 0.0078ms
tactic execution of Lean.Parser.Tactic.tacticSeq1Indented took 0.0355ms
tactic execution of Lean.Parser.Tactic.tacticSeq took 0.0375ms
tactic execution of Lean.Parser.Tactic.first took 0.0785ms
tactic execution of Lean.Parser.Tactic.tacticTry_ took 0.0914ms
typeclass inference of LT took 0.189ms
typeclass inference of LT took 0.174ms
typeclass inference of LT took 0.197ms
typeclass inference of LT took 0.168ms
typeclass inference of LT took 0.163ms
typeclass inference of LT took 0.16ms
typeclass inference of LT took 0.264ms
typeclass inference of LT took 0.151ms
typeclass inference of LT took 0.17ms
typeclass inference of LT took 0.2ms
typeclass inference of LT took 0.177ms
typeclass inference of LT took 0.138ms
typeclass inference of LT took 0.169ms
typeclass inference of LT took 0.141ms
typeclass inference of LT took 0.176ms
typeclass inference of LT took 0.149ms
typeclass inference of LT took 0.281ms
typeclass inference of LT took 0.276ms
typeclass inference of LT took 0.733ms
typeclass inference of LT took 0.369ms
typeclass inference of LT took 0.365ms
typeclass inference of LT took 0.273ms
typeclass inference of LT took 0.523ms
typeclass inference of LT took 0.312ms
tactic execution of Lean.Parser.Tactic.rewriteSeq took 12.7ms
tactic execution of Lean.Parser.Tactic.tacticSeq1Indented took 0.102ms
tactic execution of Lean.Parser.Tactic.tacticSeq took 0.0631ms
tactic execution of Lean.Parser.Tactic.paren took 0.0694ms
tactic execution of Lean.Parser.Tactic.rwSeq took 0.0654ms
tactic execution of Lean.Parser.Tactic.tacticSeq1Indented took 0.0636ms
tactic execution of Lean.Parser.Tactic.tacticSeq took 0.0562ms
tactic execution of Lean.Parser.Tactic.skip took 0.018ms
tactic execution of Lean.Parser.Tactic.tacticSeq1Indented took 0.0847ms
tactic execution of Lean.Parser.Tactic.tacticSeq took 0.07ms
tactic execution of Lean.Parser.Tactic.first took 0.123ms
tactic execution of Lean.Parser.Tactic.tacticTry_ took 0.1ms
typeclass inference of LT took 0.352ms
typeclass inference of LT took 0.217ms
typeclass inference of LT took 0.271ms
typeclass inference of LT took 0.223ms
typeclass inference of LT took 0.2ms
typeclass inference of LT took 0.154ms
typeclass inference of LT took 0.17ms
typeclass inference of LT took 0.148ms
typeclass inference of LT took 0.168ms
typeclass inference of LT took 0.153ms
typeclass inference of LT took 0.171ms
typeclass inference of LT took 0.153ms
typeclass inference of LT took 0.282ms
typeclass inference of LT took 0.233ms
typeclass inference of LT took 0.27ms
typeclass inference of LT took 0.191ms
typeclass inference of LT took 0.218ms
typeclass inference of LT took 0.154ms
typeclass inference of LT took 0.185ms
typeclass inference of LT took 0.166ms
typeclass inference of LT took 0.191ms
typeclass inference of LT took 0.229ms
typeclass inference of LT took 0.232ms
typeclass inference of LT took 0.156ms
tactic execution of Lean.Parser.Tactic.rewriteSeq took 11.1ms
tactic execution of Lean.Parser.Tactic.tacticSeq1Indented took 0.0559ms
tactic execution of Lean.Parser.Tactic.tacticSeq took 0.0356ms
tactic execution of Lean.Parser.Tactic.paren took 0.046ms
tactic execution of Lean.Parser.Tactic.rwSeq took 0.073ms
tactic execution of Lean.Parser.Tactic.tacticSeq1Indented took 0.0408ms
tactic execution of Lean.Parser.Tactic.tacticSeq took 0.0339ms
tactic execution of Lean.Parser.Tactic.skip took 0.008ms
tactic execution of Lean.Parser.Tactic.tacticSeq1Indented took 0.045ms
tactic execution of Lean.Parser.Tactic.tacticSeq took 0.0483ms
tactic execution of Lean.Parser.Tactic.first took 0.087ms
tactic execution of Lean.Parser.Tactic.tacticTry_ took 0.0788ms
typeclass inference of LE took 0.192ms
typeclass inference of LE took 0.179ms
typeclass inference of LE took 0.295ms
typeclass inference of LE took 0.149ms
typeclass inference of LE took 0.166ms
typeclass inference of LE took 0.136ms
typeclass inference of LE took 0.22ms
typeclass inference of LE took 0.14ms
typeclass inference of LE took 0.159ms
typeclass inference of LE took 0.138ms
typeclass inference of LE took 0.265ms
typeclass inference of LE took 0.21ms
typeclass inference of LE took 0.305ms
typeclass inference of LE took 0.271ms
typeclass inference of LE took 0.326ms
typeclass inference of LE took 0.288ms
typeclass inference of LE took 0.47ms
typeclass inference of LE took 0.156ms
typeclass inference of LE took 0.181ms
typeclass inference of LE took 0.129ms
typeclass inference of LE took 0.309ms
typeclass inference of LE took 0.264ms
typeclass inference of LE took 0.554ms
typeclass inference of LE took 0.451ms
tactic execution of Lean.Parser.Tactic.rewriteSeq took 11.8ms
tactic execution of Lean.Parser.Tactic.tacticSeq1Indented took 0.078ms
tactic execution of Lean.Parser.Tactic.tacticSeq took 0.0602ms
tactic execution of Lean.Parser.Tactic.paren took 0.116ms
tactic execution of Lean.Parser.Tactic.rwSeq took 0.0685ms
tactic execution of Lean.Parser.Tactic.tacticSeq1Indented took 0.0685ms
tactic execution of Lean.Parser.Tactic.tacticSeq took 0.0518ms
tactic execution of Lean.Parser.Tactic.skip took 0.0138ms
tactic execution of Lean.Parser.Tactic.tacticSeq1Indented took 0.0578ms
tactic execution of Lean.Parser.Tactic.tacticSeq took 0.0797ms
tactic execution of Lean.Parser.Tactic.first took 0.12ms
tactic execution of Lean.Parser.Tactic.tacticTry_ took 0.129ms
typeclass inference of LT took 0.636ms
typeclass inference of LT took 0.304ms
typeclass inference of LT took 0.42ms
typeclass inference of LT took 0.293ms
typeclass inference of LT took 0.356ms
typeclass inference of LT took 0.259ms
typeclass inference of LT took 0.373ms
typeclass inference of LT took 0.297ms
typeclass inference of LT took 0.324ms
typeclass inference of LT took 0.214ms
typeclass inference of LT took 0.226ms
typeclass inference of LT took 0.154ms
typeclass inference of LT took 0.201ms
typeclass inference of LT took 0.134ms
typeclass inference of LT took 0.187ms
typeclass inference of LT took 0.135ms
typeclass inference of LT took 0.181ms
typeclass inference of LT took 0.193ms
typeclass inference of LT took 0.165ms
typeclass inference of LT took 0.147ms
typeclass inference of LT took 0.161ms
typeclass inference of LT took 0.144ms
typeclass inference of LT took 0.169ms
typeclass inference of LT took 0.156ms
tactic execution of Lean.Parser.Tactic.rewriteSeq took 13.1ms
tactic execution of Lean.Parser.Tactic.tacticSeq1Indented took 0.0534ms
tactic execution of Lean.Parser.Tactic.tacticSeq took 0.0456ms
tactic execution of Lean.Parser.Tactic.paren took 0.0422ms
tactic execution of Lean.Parser.Tactic.rwSeq took 0.0537ms
tactic execution of Lean.Parser.Tactic.tacticSeq1Indented took 0.0397ms
tactic execution of Lean.Parser.Tactic.tacticSeq took 0.0325ms
tactic execution of Lean.Parser.Tactic.skip took 0.0081ms
tactic execution of Lean.Parser.Tactic.tacticSeq1Indented took 0.0341ms
tactic execution of Lean.Parser.Tactic.tacticSeq took 0.0355ms
tactic execution of Lean.Parser.Tactic.first took 0.0758ms
tactic execution of Lean.Parser.Tactic.tacticTry_ took 0.0753ms
tactic execution of Lean.Parser.Tactic.rewriteSeq took 10ms
tactic execution of Lean.Parser.Tactic.tacticSeq1Indented took 0.103ms
tactic execution of Lean.Parser.Tactic.tacticSeq took 0.0605ms
tactic execution of Lean.Parser.Tactic.paren took 0.0561ms
tactic execution of Lean.Parser.Tactic.rwSeq took 0.0721ms
tactic execution of Lean.Parser.Tactic.tacticSeq1Indented took 0.0536ms
tactic execution of Lean.Parser.Tactic.tacticSeq took 0.0296ms
tactic execution of Lean.Parser.Tactic.skip took 0.0086ms
tactic execution of Lean.Parser.Tactic.tacticSeq1Indented took 0.041ms
tactic execution of Lean.Parser.Tactic.tacticSeq took 0.0864ms
tactic execution of Lean.Parser.Tactic.first took 0.0812ms
tactic execution of Lean.Parser.Tactic.tacticTry_ took 0.0471ms
dsimp took 0.615ms
tactic execution of Lean.Parser.Tactic.dsimp took 1.07ms
tactic execution of Lean.Parser.Tactic.tacticSeq1Indented took 0.0538ms
tactic execution of Lean.Parser.Tactic.tacticSeq took 0.0316ms
tactic execution of Lean.Parser.Tactic.first took 0.0346ms
tactic execution of Lean.Parser.Tactic.tacticTry_ took 0.0501ms
congr simp thm took 0.0186ms
congr simp thm took 0.0084ms
congr simp thm took 0.0179ms
congr simp thm took 0.0053ms
simp took 0.924ms
simp took 0.0304ms
tactic execution of Lean.Parser.Tactic.simp took 5.93ms
tactic execution of Lean.Parser.Tactic.tacticSeq1Indented took 0.0465ms
tactic execution of Lean.Parser.Tactic.tacticSeq took 0.0337ms
tactic execution of Lean.Parser.Tactic.skip took 0.0078ms
tactic execution of Lean.Parser.Tactic.tacticSeq1Indented took 0.0337ms
tactic execution of Lean.Parser.Tactic.tacticSeq took 0.0398ms
tactic execution of Lean.Parser.Tactic.first took 0.0664ms
tactic execution of Lean.Parser.Tactic.tacticTry_ took 0.0495ms
typeclass inference of Decidable took 0.163ms
typeclass inference of LE took 0.0311ms
typeclass inference of LE took 0.0264ms
typeclass inference of Decidable took 0.0245ms
typeclass inference of Decidable took 0.0245ms
instantiate metavars took 0.0049ms
tactic execution of Lean.Parser.Tactic.omega took 5.65ms
tactic execution of Lean.Parser.Tactic.tacticSeq1Indented took 0.6ms
tactic execution of Lean.Parser.Tactic.tacticSeq took 0.052ms
tactic execution of Lean.Parser.Tactic.first took 0.041ms
tactic execution of tacticGet_elem_tactic_extensible took 0.0624ms
tactic execution of Lean.Parser.Tactic.tacticSeq1Indented took 0.0485ms
tactic execution of Lean.Parser.Tactic.tacticSeq took 0.0473ms
tactic execution of Lean.Parser.Tactic.first took 0.147ms
tactic execution of tacticGet_elem_tactic took 0.0576ms
tactic execution of Lean.Parser.Tactic.tacticSeq1Indented took 0.047ms
tactic execution of Lean.Parser.Tactic.tacticSeq took 0.205ms
tactic execution of Lean.Parser.Tactic.done took 0.139ms
tactic execution of Lean.Parser.Tactic.tacticSeq1Indented took 0.0865ms
tactic execution of Lean.Parser.Tactic.tacticSeq took 0.0497ms
tactic execution of Lean.Parser.Tactic.assumption took 1.25ms
tactic execution of Lean.Parser.Tactic.tacticSeq1Indented took 0.0665ms
tactic execution of Lean.Parser.Tactic.tacticSeq took 0.0521ms
typeclass inference of LE took 0.39ms
typeclass inference of LE took 0.162ms
typeclass inference of LE took 0.176ms
typeclass inference of LE took 0.152ms
typeclass inference of LE took 0.183ms
typeclass inference of LE took 0.161ms
typeclass inference of LE took 0.191ms
typeclass inference of LE took 0.158ms
typeclass inference of LE took 0.198ms
typeclass inference of LE took 0.158ms
typeclass inference of LE took 0.16ms
typeclass inference of LE took 0.154ms
typeclass inference of LE took 0.224ms
typeclass inference of LE took 0.154ms
typeclass inference of LE took 0.17ms
typeclass inference of LE took 0.169ms
typeclass inference of LE took 0.172ms
typeclass inference of LE took 0.152ms
typeclass inference of LE took 0.164ms
typeclass inference of LE took 0.148ms
typeclass inference of LE took 0.253ms
typeclass inference of LE took 0.233ms
typeclass inference of LE took 0.19ms
typeclass inference of LE took 0.161ms
tactic execution of Lean.Parser.Tactic.rewriteSeq took 10.4ms
tactic execution of Lean.Parser.Tactic.tacticSeq1Indented took 0.0515ms
tactic execution of Lean.Parser.Tactic.tacticSeq took 0.0343ms
tactic execution of Lean.Parser.Tactic.paren took 0.0466ms
tactic execution of Lean.Parser.Tactic.rwSeq took 0.0495ms
tactic execution of Lean.Parser.Tactic.tacticSeq1Indented took 0.0574ms
tactic execution of Lean.Parser.Tactic.tacticSeq took 0.0449ms
tactic execution of Lean.Parser.Tactic.skip took 0.0089ms
tactic execution of Lean.Parser.Tactic.tacticSeq1Indented took 0.0412ms
tactic execution of Lean.Parser.Tactic.tacticSeq took 0.054ms
tactic execution of Lean.Parser.Tactic.first took 0.0689ms
tactic execution of Lean.Parser.Tactic.tacticTry_ took 0.0438ms
typeclass inference of LE took 0.345ms
typeclass inference of LT took 0.284ms
typeclass inference of LE took 0.17ms
typeclass inference of LT took 0.192ms
typeclass inference of LE took 0.329ms
typeclass inference of LT took 0.195ms
typeclass inference of LE took 0.152ms
typeclass inference of LT took 0.143ms
typeclass inference of LE took 0.195ms
typeclass inference of LT took 0.234ms
typeclass inference of LE took 0.23ms
typeclass inference of LT took 0.234ms
typeclass inference of LE took 0.35ms
typeclass inference of LT took 0.271ms
typeclass inference of LE took 0.266ms
typeclass inference of LT took 0.263ms
typeclass inference of LE took 0.345ms
typeclass inference of LT took 0.353ms
typeclass inference of LE took 0.276ms
typeclass inference of LT took 0.24ms
typeclass inference of LE took 0.278ms
typeclass inference of LT took 0.29ms
typeclass inference of LE took 0.242ms
typeclass inference of LT took 0.249ms
typeclass inference of LE took 0.169ms
typeclass inference of LT took 0.187ms
typeclass inference of LE took 0.16ms
typeclass inference of LT took 0.168ms
typeclass inference of LE took 0.201ms
typeclass inference of LT took 0.15ms
typeclass inference of LE took 0.153ms
typeclass inference of LT took 0.19ms
typeclass inference of LE took 0.188ms
typeclass inference of LT took 0.155ms
typeclass inference of LE took 0.157ms
typeclass inference of LT took 0.15ms
typeclass inference of LE took 0.166ms
typeclass inference of LT took 0.171ms
typeclass inference of LE took 0.21ms
typeclass inference of LT took 0.217ms
typeclass inference of LE took 0.302ms
typeclass inference of LT took 0.278ms
typeclass inference of LE took 0.247ms
typeclass inference of LT took 0.268ms
typeclass inference of LE took 0.473ms
typeclass inference of LT took 0.344ms
typeclass inference of LE took 0.246ms
typeclass inference of LT took 0.247ms
tactic execution of Lean.Parser.Tactic.rewriteSeq took 15.7ms
tactic execution of Lean.Parser.Tactic.tacticSeq1Indented took 0.0755ms
tactic execution of Lean.Parser.Tactic.tacticSeq took 0.0805ms
tactic execution of Lean.Parser.Tactic.paren took 0.057ms
tactic execution of Lean.Parser.Tactic.rwSeq took 0.054ms
tactic execution of Lean.Parser.Tactic.tacticSeq1Indented took 0.0437ms
tactic execution of Lean.Parser.Tactic.tacticSeq took 0.043ms
tactic execution of Lean.Parser.Tactic.skip took 0.0146ms
tactic execution of Lean.Parser.Tactic.tacticSeq1Indented took 0.0582ms
tactic execution of Lean.Parser.Tactic.tacticSeq took 0.0693ms
tactic execution of Lean.Parser.Tactic.first took 0.15ms
tactic execution of Lean.Parser.Tactic.tacticTry_ took 0.0994ms
typeclass inference of LE took 0.513ms
typeclass inference of LE took 0.292ms
typeclass inference of LE took 0.38ms
typeclass inference of LE took 0.236ms
typeclass inference of LE took 0.178ms
typeclass inference of LE took 0.164ms
typeclass inference of LE took 0.186ms
typeclass inference of LE took 0.139ms
typeclass inference of LE took 0.163ms
typeclass inference of LE took 0.15ms
typeclass inference of LE took 0.18ms
typeclass inference of LE took 0.152ms
typeclass inference of LE took 0.191ms
typeclass inference of LE took 0.207ms
typeclass inference of LE took 0.184ms
typeclass inference of LE took 0.144ms
typeclass inference of LE took 0.211ms
typeclass inference of LE took 0.135ms
typeclass inference of LE took 0.293ms
typeclass inference of LE took 0.141ms
typeclass inference of LE took 0.171ms
typeclass inference of LE took 0.15ms
typeclass inference of LE took 0.185ms
typeclass inference of LE took 0.157ms
tactic execution of Lean.Parser.Tactic.rewriteSeq took 11.2ms
tactic execution of Lean.Parser.Tactic.tacticSeq1Indented took 0.0467ms
tactic execution of Lean.Parser.Tactic.tacticSeq took 0.0328ms
tactic execution of Lean.Parser.Tactic.paren took 0.0361ms
tactic execution of Lean.Parser.Tactic.rwSeq took 0.0515ms
tactic execution of Lean.Parser.Tactic.tacticSeq1Indented took 0.0405ms
tactic execution of Lean.Parser.Tactic.tacticSeq took 0.0319ms
tactic execution of Lean.Parser.Tactic.skip took 0.0077ms
tactic execution of Lean.Parser.Tactic.tacticSeq1Indented took 0.0335ms
tactic execution of Lean.Parser.Tactic.tacticSeq took 0.0348ms
tactic execution of Lean.Parser.Tactic.first took 0.0733ms
tactic execution of Lean.Parser.Tactic.tacticTry_ took 0.0764ms
typeclass inference of LE took 0.26ms
typeclass inference of LT took 0.266ms
typeclass inference of LE took 0.228ms
typeclass inference of LT took 0.199ms
typeclass inference of LE took 0.278ms
typeclass inference of LT took 0.241ms
typeclass inference of LE took 0.202ms
typeclass inference of LT took 0.172ms
typeclass inference of LE took 0.191ms
typeclass inference of LT took 0.187ms
typeclass inference of LE took 0.151ms
typeclass inference of LT took 0.167ms
typeclass inference of LE took 0.18ms
typeclass inference of LT took 0.155ms
typeclass inference of LE took 0.144ms
typeclass inference of LT took 0.142ms
typeclass inference of LE took 0.164ms
typeclass inference of LT took 0.166ms
typeclass inference of LE took 0.148ms
typeclass inference of LT took 0.145ms
typeclass inference of LE took 0.176ms
typeclass inference of LT took 0.181ms
typeclass inference of LE took 0.238ms
typeclass inference of LT took 0.152ms
typeclass inference of LE took 0.202ms
typeclass inference of LT took 0.185ms
typeclass inference of LE took 0.154ms
typeclass inference of LT took 0.156ms
typeclass inference of LE took 0.199ms
typeclass inference of LT took 0.207ms
typeclass inference of LE took 0.14ms
typeclass inference of LT took 0.13ms
typeclass inference of LE took 0.174ms
typeclass inference of LT took 0.15ms
typeclass inference of LE took 0.148ms
typeclass inference of LT took 0.148ms
typeclass inference of LE took 0.217ms
typeclass inference of LT took 0.281ms
typeclass inference of LE took 0.302ms
typeclass inference of LT took 0.236ms
typeclass inference of LE took 0.211ms
typeclass inference of LT took 0.259ms
typeclass inference of LE took 0.179ms
typeclass inference of LT took 0.19ms
typeclass inference of LE took 0.232ms
typeclass inference of LT took 0.189ms
typeclass inference of LE took 0.165ms
typeclass inference of LT took 0.133ms
tactic execution of Lean.Parser.Tactic.rewriteSeq took 12.1ms
tactic execution of Lean.Parser.Tactic.tacticSeq1Indented took 0.0884ms
tactic execution of Lean.Parser.Tactic.tacticSeq took 0.0459ms
tactic execution of Lean.Parser.Tactic.paren took 0.0547ms
tactic execution of Lean.Parser.Tactic.rwSeq took 0.0413ms
tactic execution of Lean.Parser.Tactic.tacticSeq1Indented took 0.0393ms
tactic execution of Lean.Parser.Tactic.tacticSeq took 0.0382ms
tactic execution of Lean.Parser.Tactic.skip took 0.0083ms
tactic execution of Lean.Parser.Tactic.tacticSeq1Indented took 0.0356ms
tactic execution of Lean.Parser.Tactic.tacticSeq took 0.0426ms
tactic execution of Lean.Parser.Tactic.first took 0.0714ms
tactic execution of Lean.Parser.Tactic.tacticTry_ took 0.0631ms
typeclass inference of LT took 0.255ms
typeclass inference of LT took 0.283ms
typeclass inference of LT took 0.41ms
typeclass inference of LT took 0.273ms
typeclass inference of LT took 0.282ms
typeclass inference of LT took 0.164ms
typeclass inference of LT took 0.185ms
typeclass inference of LT took 0.164ms
typeclass inference of LT took 0.167ms
typeclass inference of LT took 0.176ms
typeclass inference of LT took 0.22ms
typeclass inference of LT took 0.144ms
typeclass inference of LT took 0.168ms
typeclass inference of LT took 0.147ms
typeclass inference of LT took 0.21ms
typeclass inference of LT took 0.23ms
typeclass inference of LT took 0.197ms
typeclass inference of LT took 0.159ms
typeclass inference of LT took 0.194ms
typeclass inference of LT took 0.149ms
typeclass inference of LT took 0.17ms
typeclass inference of LT took 0.15ms
typeclass inference of LT took 0.181ms
typeclass inference of LT took 0.138ms
tactic execution of Lean.Parser.Tactic.rewriteSeq took 11.2ms
tactic execution of Lean.Parser.Tactic.tacticSeq1Indented took 0.0496ms
tactic execution of Lean.Parser.Tactic.tacticSeq took 0.031ms
tactic execution of Lean.Parser.Tactic.paren took 0.0322ms
tactic execution of Lean.Parser.Tactic.rwSeq took 0.0539ms
tactic execution of Lean.Parser.Tactic.tacticSeq1Indented took 0.0343ms
tactic execution of Lean.Parser.Tactic.tacticSeq took 0.0287ms
tactic execution of Lean.Parser.Tactic.skip took 0.0097ms
tactic execution of Lean.Parser.Tactic.tacticSeq1Indented took 0.0345ms
tactic execution of Lean.Parser.Tactic.tacticSeq took 0.0401ms
tactic execution of Lean.Parser.Tactic.first took 0.0788ms
tactic execution of Lean.Parser.Tactic.tacticTry_ took 0.0627ms
typeclass inference of LT took 0.171ms
typeclass inference of LT took 0.233ms
typeclass inference of LT took 0.251ms
typeclass inference of LT took 0.209ms
typeclass inference of LT took 0.261ms
typeclass inference of LT took 0.197ms
typeclass inference of LT took 0.214ms
typeclass inference of LT took 0.21ms
typeclass inference of LT took 0.233ms
typeclass inference of LT took 0.218ms
typeclass inference of LT took 0.226ms
typeclass inference of LT took 0.188ms
typeclass inference of LT took 0.239ms
typeclass inference of LT took 0.294ms
typeclass inference of LT took 0.287ms
typeclass inference of LT took 0.227ms
typeclass inference of LT took 0.185ms
typeclass inference of LT took 0.162ms
typeclass inference of LT took 0.273ms
typeclass inference of LT took 0.23ms
typeclass inference of LT took 0.174ms
typeclass inference of LT took 0.162ms
typeclass inference of LT took 0.158ms
typeclass inference of LT took 0.139ms
tactic execution of Lean.Parser.Tactic.rewriteSeq took 12.2ms
tactic execution of Lean.Parser.Tactic.tacticSeq1Indented took 0.0686ms
tactic execution of Lean.Parser.Tactic.tacticSeq took 0.0336ms
tactic execution of Lean.Parser.Tactic.paren took 0.037ms
tactic execution of Lean.Parser.Tactic.rwSeq took 0.0362ms
tactic execution of Lean.Parser.Tactic.tacticSeq1Indented took 0.0424ms
tactic execution of Lean.Parser.Tactic.tacticSeq took 0.0274ms
tactic execution of Lean.Parser.Tactic.skip took 0.0074ms
tactic execution of Lean.Parser.Tactic.tacticSeq1Indented took 0.0308ms
tactic execution of Lean.Parser.Tactic.tacticSeq took 0.0457ms
tactic execution of Lean.Parser.Tactic.first took 0.0759ms
tactic execution of Lean.Parser.Tactic.tacticTry_ took 0.0657ms
typeclass inference of LE took 0.18ms
typeclass inference of LE took 0.137ms
typeclass inference of LE took 0.175ms
typeclass inference of LE took 0.149ms
typeclass inference of LE took 0.193ms
typeclass inference of LE took 0.152ms
typeclass inference of LE took 0.172ms
typeclass inference of LE took 0.158ms
typeclass inference of LE took 0.263ms
typeclass inference of LE took 0.164ms
typeclass inference of LE took 0.189ms
typeclass inference of LE took 0.168ms
typeclass inference of LE took 0.344ms
typeclass inference of LE took 0.308ms
typeclass inference of LE took 0.336ms
typeclass inference of LE took 0.221ms
typeclass inference of LE took 0.378ms
typeclass inference of LE took 0.177ms
typeclass inference of LE took 0.424ms
typeclass inference of LE took 0.253ms
typeclass inference of LE took 0.371ms
typeclass inference of LE took 0.221ms
typeclass inference of LE took 0.273ms
typeclass inference of LE took 0.22ms
tactic execution of Lean.Parser.Tactic.rewriteSeq took 11.8ms
tactic execution of Lean.Parser.Tactic.tacticSeq1Indented took 0.0599ms
tactic execution of Lean.Parser.Tactic.tacticSeq took 0.0472ms
tactic execution of Lean.Parser.Tactic.paren took 0.0513ms
tactic execution of Lean.Parser.Tactic.rwSeq took 0.0612ms
tactic execution of Lean.Parser.Tactic.tacticSeq1Indented took 0.0516ms
tactic execution of Lean.Parser.Tactic.tacticSeq took 0.0418ms
tactic execution of Lean.Parser.Tactic.skip took 0.0149ms
tactic execution of Lean.Parser.Tactic.tacticSeq1Indented took 0.0558ms
tactic execution of Lean.Parser.Tactic.tacticSeq took 0.0547ms
tactic execution of Lean.Parser.Tactic.first took 0.105ms
tactic execution of Lean.Parser.Tactic.tacticTry_ took 0.0768ms
typeclass inference of LT took 0.291ms
typeclass inference of LT took 0.203ms
typeclass inference of LT took 0.292ms
typeclass inference of LT took 0.204ms
typeclass inference of LT took 0.24ms
typeclass inference of LT took 0.221ms
typeclass inference of LT took 0.29ms
typeclass inference of LT took 0.176ms
typeclass inference of LT took 0.326ms
typeclass inference of LT took 0.173ms
typeclass inference of LT took 0.283ms
typeclass inference of LT took 0.246ms
typeclass inference of LT took 0.377ms
typeclass inference of LT took 0.25ms
typeclass inference of LT took 0.177ms
typeclass inference of LT took 0.129ms
typeclass inference of LT took 0.18ms
typeclass inference of LT took 0.145ms
typeclass inference of LT took 0.149ms
typeclass inference of LT took 0.133ms
typeclass inference of LT took 0.152ms
typeclass inference of LT took 0.136ms
typeclass inference of LT took 0.207ms
typeclass inference of LT took 0.141ms
tactic execution of Lean.Parser.Tactic.rewriteSeq took 12.3ms
tactic execution of Lean.Parser.Tactic.tacticSeq1Indented took 0.0462ms
tactic execution of Lean.Parser.Tactic.tacticSeq took 0.037ms
tactic execution of Lean.Parser.Tactic.paren took 0.034ms
tactic execution of Lean.Parser.Tactic.rwSeq took 0.0437ms
tactic execution of Lean.Parser.Tactic.tacticSeq1Indented took 0.04ms
tactic execution of Lean.Parser.Tactic.tacticSeq took 0.0314ms
tactic execution of Lean.Parser.Tactic.skip took 0.0078ms
tactic execution of Lean.Parser.Tactic.tacticSeq1Indented took 0.0345ms
tactic execution of Lean.Parser.Tactic.tacticSeq took 0.0363ms
tactic execution of Lean.Parser.Tactic.first took 0.0664ms
tactic execution of Lean.Parser.Tactic.tacticTry_ took 0.0589ms
tactic execution of Lean.Parser.Tactic.rewriteSeq took 7.88ms
tactic execution of Lean.Parser.Tactic.tacticSeq1Indented took 0.086ms
tactic execution of Lean.Parser.Tactic.tacticSeq took 0.054ms
tactic execution of Lean.Parser.Tactic.paren took 0.0443ms
tactic execution of Lean.Parser.Tactic.rwSeq took 0.0652ms
tactic execution of Lean.Parser.Tactic.tacticSeq1Indented took 0.0489ms
tactic execution of Lean.Parser.Tactic.tacticSeq took 0.0356ms
tactic execution of Lean.Parser.Tactic.skip took 0.0112ms
tactic execution of Lean.Parser.Tactic.tacticSeq1Indented took 0.0473ms
tactic execution of Lean.Parser.Tactic.tacticSeq took 0.0564ms
tactic execution of Lean.Parser.Tactic.first took 0.0917ms
tactic execution of Lean.Parser.Tactic.tacticTry_ took 0.0618ms
dsimp took 0.446ms
tactic execution of Lean.Parser.Tactic.dsimp took 0.779ms
tactic execution of Lean.Parser.Tactic.tacticSeq1Indented took 0.0388ms
tactic execution of Lean.Parser.Tactic.tacticSeq took 0.0299ms
tactic execution of Lean.Parser.Tactic.first took 0.0364ms
tactic execution of Lean.Parser.Tactic.tacticTry_ took 0.0584ms
congr simp thm took 0.0087ms
congr simp thm took 0.0046ms
congr simp thm took 0.0113ms
congr simp thm took 0.0043ms
simp took 0.649ms
simp took 0.0284ms
tactic execution of Lean.Parser.Tactic.simp took 4.8ms
tactic execution of Lean.Parser.Tactic.tacticSeq1Indented took 0.0397ms
tactic execution of Lean.Parser.Tactic.tacticSeq took 0.0286ms
tactic execution of Lean.Parser.Tactic.skip took 0.0093ms
tactic execution of Lean.Parser.Tactic.tacticSeq1Indented took 0.0321ms
tactic execution of Lean.Parser.Tactic.tacticSeq took 0.0357ms
tactic execution of Lean.Parser.Tactic.first took 0.0644ms
tactic execution of Lean.Parser.Tactic.tacticTry_ took 0.0474ms
typeclass inference of Decidable took 0.0821ms
typeclass inference of LE took 0.0153ms
typeclass inference of LE took 0.0206ms
typeclass inference of Decidable took 0.166ms
typeclass inference of Decidable took 0.0168ms
instantiate metavars took 0.0038ms
tactic execution of Lean.Parser.Tactic.omega took 3.59ms
tactic execution of Lean.Parser.Tactic.tacticSeq1Indented took 0.462ms
tactic execution of Lean.Parser.Tactic.tacticSeq took 0.0563ms
tactic execution of Lean.Parser.Tactic.first took 0.0546ms
tactic execution of tacticGet_elem_tactic_extensible took 0.0865ms
tactic execution of Lean.Parser.Tactic.tacticSeq1Indented took 0.0585ms
tactic execution of Lean.Parser.Tactic.tacticSeq took 0.0429ms
tactic execution of Lean.Parser.Tactic.first took 0.159ms
tactic execution of tacticGet_elem_tactic took 0.0592ms
tactic execution of Lean.Parser.Tactic.tacticSeq1Indented took 0.0474ms
tactic execution of Lean.Parser.Tactic.tacticSeq took 0.16ms
tactic execution of Lean.Parser.Tactic.done took 0.0891ms
tactic execution of Lean.Parser.Tactic.tacticSeq1Indented took 0.104ms
tactic execution of Lean.Parser.Tactic.tacticSeq took 0.0494ms
tactic execution of Lean.Parser.Tactic.assumption took 0.79ms
tactic execution of Lean.Parser.Tactic.tacticSeq1Indented took 0.0686ms
tactic execution of Lean.Parser.Tactic.tacticSeq took 0.055ms
typeclass inference of LE took 0.372ms
typeclass inference of LE took 0.19ms
typeclass inference of LE took 0.617ms
typeclass inference of LE took 0.311ms
typeclass inference of LE took 0.295ms
typeclass inference of LE took 0.225ms
typeclass inference of LE took 0.188ms
typeclass inference of LE took 0.137ms
typeclass inference of LE took 0.163ms
typeclass inference of LE took 0.143ms
typeclass inference of LE took 0.191ms
typeclass inference of LE took 0.152ms
typeclass inference of LE took 0.16ms
typeclass inference of LE took 0.146ms
typeclass inference of LE took 0.233ms
typeclass inference of LE took 0.208ms
typeclass inference of LE took 0.26ms
typeclass inference of LE took 0.225ms
typeclass inference of LE took 0.291ms
typeclass inference of LE took 0.217ms
typeclass inference of LE took 0.175ms
typeclass inference of LE took 0.17ms
typeclass inference of LE took 0.187ms
typeclass inference of LE took 0.136ms
tactic execution of Lean.Parser.Tactic.rewriteSeq took 12.2ms
tactic execution of Lean.Parser.Tactic.tacticSeq1Indented took 0.0568ms
tactic execution of Lean.Parser.Tactic.tacticSeq took 0.0467ms
tactic execution of Lean.Parser.Tactic.paren took 0.0501ms
tactic execution of Lean.Parser.Tactic.rwSeq took 0.0463ms
tactic execution of Lean.Parser.Tactic.tacticSeq1Indented took 0.0412ms
tactic execution of Lean.Parser.Tactic.tacticSeq took 0.0341ms
tactic execution of Lean.Parser.Tactic.skip took 0.0122ms
tactic execution of Lean.Parser.Tactic.tacticSeq1Indented took 0.0541ms
tactic execution of Lean.Parser.Tactic.tacticSeq took 0.0483ms
tactic execution of Lean.Parser.Tactic.first took 0.0715ms
tactic execution of Lean.Parser.Tactic.tacticTry_ took 0.04ms
typeclass inference of LE took 0.305ms
typeclass inference of LT took 0.264ms
typeclass inference of LE took 0.233ms
typeclass inference of LT took 0.203ms
typeclass inference of LE took 0.293ms
typeclass inference of LT took 0.263ms
typeclass inference of LE took 0.257ms
typeclass inference of LT took 0.223ms
typeclass inference of LE took 0.312ms
typeclass inference of LT took 0.258ms
typeclass inference of LE took 0.239ms
typeclass inference of LT took 0.219ms
typeclass inference of LE took 0.306ms
typeclass inference of LT took 0.252ms
typeclass inference of LE took 0.211ms
typeclass inference of LT took 0.21ms
typeclass inference of LE took 0.309ms
typeclass inference of LT took 0.264ms
typeclass inference of LE took 0.222ms
typeclass inference of LT took 0.228ms
typeclass inference of LE took 0.272ms
typeclass inference of LT took 0.44ms
typeclass inference of LE took 0.221ms
typeclass inference of LT took 0.238ms
typeclass inference of LE took 0.278ms
typeclass inference of LT took 0.226ms
typeclass inference of LE took 0.227ms
typeclass inference of LT took 0.207ms
typeclass inference of LE took 0.284ms
typeclass inference of LT took 0.253ms
typeclass inference of LE took 0.152ms
typeclass inference of LT took 0.121ms
typeclass inference of LE took 0.169ms
typeclass inference of LT took 0.159ms
typeclass inference of LE took 0.138ms
typeclass inference of LT took 0.116ms
typeclass inference of LE took 0.163ms
typeclass inference of LT took 0.141ms
typeclass inference of LE took 0.132ms
typeclass inference of LT took 0.123ms
typeclass inference of LE took 0.164ms
typeclass inference of LT took 0.16ms
typeclass inference of LE took 0.132ms
typeclass inference of LT took 0.129ms
typeclass inference of LE took 0.165ms
typeclass inference of LT took 0.137ms
typeclass inference of LE took 0.127ms
typeclass inference of LT took 0.151ms
tactic execution of Lean.Parser.Tactic.rewriteSeq took 14.1ms
tactic execution of Lean.Parser.Tactic.tacticSeq1Indented took 0.0487ms
tactic execution of Lean.Parser.Tactic.tacticSeq took 0.0301ms
tactic execution of Lean.Parser.Tactic.paren took 0.0374ms
tactic execution of Lean.Parser.Tactic.rwSeq took 0.0463ms
tactic execution of Lean.Parser.Tactic.tacticSeq1Indented took 0.0354ms
tactic execution of Lean.Parser.Tactic.tacticSeq took 0.0245ms
tactic execution of Lean.Parser.Tactic.skip took 0.0076ms
tactic execution of Lean.Parser.Tactic.tacticSeq1Indented took 0.0443ms
tactic execution of Lean.Parser.Tactic.tacticSeq took 0.0408ms
tactic execution of Lean.Parser.Tactic.first took 0.0655ms
tactic execution of Lean.Parser.Tactic.tacticTry_ took 0.0518ms
typeclass inference of LE took 0.23ms
typeclass inference of LE took 0.216ms
typeclass inference of LE took 0.234ms
typeclass inference of LE took 0.153ms
typeclass inference of LE took 0.237ms
typeclass inference of LE took 0.181ms
typeclass inference of LE took 0.304ms
typeclass inference of LE took 0.157ms
typeclass inference of LE took 0.198ms
typeclass inference of LE took 0.174ms
typeclass inference of LE took 0.272ms
typeclass inference of LE took 0.241ms
typeclass inference of LE took 0.411ms
typeclass inference of LE took 0.281ms
typeclass inference of LE took 0.28ms
typeclass inference of LE took 0.15ms
typeclass inference of LE took 0.235ms
typeclass inference of LE took 0.142ms
typeclass inference of LE took 0.172ms
typeclass inference of LE took 0.146ms
typeclass inference of LE took 0.195ms
typeclass inference of LE took 0.144ms
typeclass inference of LE took 0.223ms
typeclass inference of LE took 0.148ms
tactic execution of Lean.Parser.Tactic.rewriteSeq took 10.8ms
tactic execution of Lean.Parser.Tactic.tacticSeq1Indented took 0.0783ms
tactic execution of Lean.Parser.Tactic.tacticSeq took 0.0443ms
tactic execution of Lean.Parser.Tactic.paren took 0.0479ms
tactic execution of Lean.Parser.Tactic.rwSeq took 0.055ms
tactic execution of Lean.Parser.Tactic.tacticSeq1Indented took 0.0373ms
tactic execution of Lean.Parser.Tactic.tacticSeq took 0.0525ms
tactic execution of Lean.Parser.Tactic.skip took 0.0117ms
tactic execution of Lean.Parser.Tactic.tacticSeq1Indented took 0.0482ms
tactic execution of Lean.Parser.Tactic.tacticSeq took 0.0551ms
tactic execution of Lean.Parser.Tactic.first took 0.0997ms
tactic execution of Lean.Parser.Tactic.tacticTry_ took 0.0671ms
typeclass inference of LE took 0.185ms
typeclass inference of LT took 0.201ms
typeclass inference of LE took 0.127ms
typeclass inference of LT took 0.13ms
typeclass inference of LE took 0.161ms
typeclass inference of LT took 0.163ms
typeclass inference of LE took 0.135ms
typeclass inference of LT took 0.123ms
typeclass inference of LE took 0.178ms
typeclass inference of LT took 0.153ms
typeclass inference of LE took 0.146ms
typeclass inference of LT took 0.141ms
typeclass inference of LE took 0.192ms
typeclass inference of LT took 0.163ms
typeclass inference of LE took 0.151ms
typeclass inference of LT took 0.125ms
typeclass inference of LE took 0.163ms
typeclass inference of LT took 0.163ms
typeclass inference of LE took 0.141ms
typeclass inference of LT took 0.127ms
typeclass inference of LE took 0.335ms
typeclass inference of LT took 0.342ms
typeclass inference of LE took 0.245ms
typeclass inference of LT took 0.206ms
typeclass inference of LE took 0.406ms
typeclass inference of LT took 0.331ms
typeclass inference of LE took 0.293ms
typeclass inference of LT took 0.211ms
typeclass inference of LE took 0.207ms
typeclass inference of LT took 0.185ms
typeclass inference of LE took 0.191ms
typeclass inference of LT took 0.197ms
typeclass inference of LE took 0.171ms
typeclass inference of LT took 0.15ms
typeclass inference of LE took 0.141ms
typeclass inference of LT took 0.133ms
typeclass inference of LE took 0.162ms
typeclass inference of LT took 0.164ms
typeclass inference of LE took 0.136ms
typeclass inference of LT took 0.137ms
typeclass inference of LE took 0.177ms
typeclass inference of LT took 0.255ms
typeclass inference of LE took 0.208ms
typeclass inference of LT took 0.223ms
typeclass inference of LE took 0.33ms
typeclass inference of LT took 0.264ms
typeclass inference of LE took 0.212ms
typeclass inference of LT took 0.171ms
tactic execution of Lean.Parser.Tactic.rewriteSeq took 12.7ms
tactic execution of Lean.Parser.Tactic.tacticSeq1Indented took 0.0582ms
tactic execution of Lean.Parser.Tactic.tacticSeq took 0.0411ms
tactic execution of Lean.Parser.Tactic.paren took 0.0735ms
tactic execution of Lean.Parser.Tactic.rwSeq took 0.0651ms
tactic execution of Lean.Parser.Tactic.tacticSeq1Indented took 0.0558ms
tactic execution of Lean.Parser.Tactic.tacticSeq took 0.0368ms
tactic execution of Lean.Parser.Tactic.skip took 0.0083ms
tactic execution of Lean.Parser.Tactic.tacticSeq1Indented took 0.034ms
tactic execution of Lean.Parser.Tactic.tacticSeq took 0.0465ms
tactic execution of Lean.Parser.Tactic.first took 0.0773ms
tactic execution of Lean.Parser.Tactic.tacticTry_ took 0.0928ms
typeclass inference of LT took 0.366ms
typeclass inference of LT took 0.238ms
typeclass inference of LT took 0.789ms
typeclass inference of LT took 0.307ms
typeclass inference of LT took 0.345ms
typeclass inference of LT took 0.178ms
typeclass inference of LT took 0.163ms
typeclass inference of LT took 0.185ms
typeclass inference of LT took 0.18ms
typeclass inference of LT took 0.23ms
typeclass inference of LT took 0.182ms
typeclass inference of LT took 0.183ms
typeclass inference of LT took 0.174ms
typeclass inference of LT took 0.209ms
typeclass inference of LT took 0.197ms
typeclass inference of LT took 0.16ms
typeclass inference of LT took 0.178ms
typeclass inference of LT took 0.172ms
typeclass inference of LT took 0.192ms
typeclass inference of LT took 0.163ms
typeclass inference of LT took 0.172ms
typeclass inference of LT took 0.141ms
typeclass inference of LT took 0.189ms
typeclass inference of LT took 0.131ms
tactic execution of Lean.Parser.Tactic.rewriteSeq took 11.2ms
tactic execution of Lean.Parser.Tactic.tacticSeq1Indented took 0.0705ms
tactic execution of Lean.Parser.Tactic.tacticSeq took 0.045ms
tactic execution of Lean.Parser.Tactic.paren took 0.049ms
tactic execution of Lean.Parser.Tactic.rwSeq took 0.0467ms
tactic execution of Lean.Parser.Tactic.tacticSeq1Indented took 0.0426ms
tactic execution of Lean.Parser.Tactic.tacticSeq took 0.027ms
tactic execution of Lean.Parser.Tactic.skip took 0.0103ms
tactic execution of Lean.Parser.Tactic.tacticSeq1Indented took 0.0356ms
tactic execution of Lean.Parser.Tactic.tacticSeq took 0.0338ms
tactic execution of Lean.Parser.Tactic.first took 0.0592ms
tactic execution of Lean.Parser.Tactic.tacticTry_ took 0.0593ms
typeclass inference of LT took 0.22ms
typeclass inference of LT took 0.184ms
typeclass inference of LT took 0.226ms
typeclass inference of LT took 0.165ms
typeclass inference of LT took 0.292ms
typeclass inference of LT took 0.14ms
typeclass inference of LT took 0.206ms
typeclass inference of LT took 0.2ms
typeclass inference of LT took 0.172ms
typeclass inference of LT took 0.142ms
typeclass inference of LT took 0.176ms
typeclass inference of LT took 0.139ms
typeclass inference of LT took 0.157ms
typeclass inference of LT took 0.148ms
typeclass inference of LT took 0.496ms
typeclass inference of LT took 0.172ms
typeclass inference of LT took 0.262ms
typeclass inference of LT took 0.169ms
typeclass inference of LT took 0.184ms
typeclass inference of LT took 0.175ms
typeclass inference of LT took 0.179ms
typeclass inference of LT took 0.155ms
typeclass inference of LT took 0.161ms
typeclass inference of LT took 0.134ms
tactic execution of Lean.Parser.Tactic.rewriteSeq took 10ms
tactic execution of Lean.Parser.Tactic.tacticSeq1Indented took 0.0427ms
tactic execution of Lean.Parser.Tactic.tacticSeq took 0.0295ms
tactic execution of Lean.Parser.Tactic.paren took 0.0609ms
tactic execution of Lean.Parser.Tactic.rwSeq took 0.0469ms
tactic execution of Lean.Parser.Tactic.tacticSeq1Indented took 0.0348ms
tactic execution of Lean.Parser.Tactic.tacticSeq took 0.029ms
tactic execution of Lean.Parser.Tactic.skip took 0.0101ms
tactic execution of Lean.Parser.Tactic.tacticSeq1Indented took 0.0548ms
tactic execution of Lean.Parser.Tactic.tacticSeq took 0.0407ms
tactic execution of Lean.Parser.Tactic.first took 0.069ms
tactic execution of Lean.Parser.Tactic.tacticTry_ took 0.0478ms
typeclass inference of LE took 0.228ms
typeclass inference of LE took 0.178ms
typeclass inference of LE took 0.211ms
typeclass inference of LE took 0.199ms
typeclass inference of LE took 0.272ms
typeclass inference of LE took 0.216ms
typeclass inference of LE took 0.381ms
typeclass inference of LE took 0.172ms
typeclass inference of LE took 0.297ms
typeclass inference of LE took 0.199ms
typeclass inference of LE took 0.297ms
typeclass inference of LE took 0.199ms
typeclass inference of LE took 0.211ms
typeclass inference of LE took 0.159ms
typeclass inference of LE took 0.368ms
typeclass inference of LE took 0.262ms
typeclass inference of LE took 0.358ms
typeclass inference of LE took 0.191ms
typeclass inference of LE took 0.238ms
typeclass inference of LE took 0.175ms
typeclass inference of LE took 0.171ms
typeclass inference of LE took 0.157ms
typeclass inference of LE took 0.161ms
typeclass inference of LE took 0.14ms
tactic execution of Lean.Parser.Tactic.rewriteSeq took 11ms
tactic execution of Lean.Parser.Tactic.tacticSeq1Indented took 0.0561ms
tactic execution of Lean.Parser.Tactic.tacticSeq took 0.029ms
tactic execution of Lean.Parser.Tactic.paren took 0.0283ms
tactic execution of Lean.Parser.Tactic.rwSeq took 0.0415ms
tactic execution of Lean.Parser.Tactic.tacticSeq1Indented took 0.0327ms
tactic execution of Lean.Parser.Tactic.tacticSeq took 0.0274ms
tactic execution of Lean.Parser.Tactic.skip took 0.0098ms
tactic execution of Lean.Parser.Tactic.tacticSeq1Indented took 0.0359ms
tactic execution of Lean.Parser.Tactic.tacticSeq took 0.0392ms
tactic execution of Lean.Parser.Tactic.first took 0.066ms
tactic execution of Lean.Parser.Tactic.tacticTry_ took 0.0455ms
typeclass inference of LT took 0.232ms
typeclass inference of LT took 0.155ms
typeclass inference of LT took 0.163ms
typeclass inference of LT took 0.139ms
typeclass inference of LT took 0.215ms
typeclass inference of LT took 0.141ms
typeclass inference of LT took 0.187ms
typeclass inference of LT took 0.177ms
typeclass inference of LT took 0.29ms
typeclass inference of LT took 0.22ms
typeclass inference of LT took 0.274ms
typeclass inference of LT took 0.148ms
typeclass inference of LT took 0.24ms
typeclass inference of LT took 0.23ms
typeclass inference of LT took 0.367ms
typeclass inference of LT took 0.157ms
typeclass inference of LT took 0.165ms
typeclass inference of LT took 0.161ms
typeclass inference of LT took 0.165ms
typeclass inference of LT took 0.127ms
typeclass inference of LT took 0.181ms
typeclass inference of LT took 0.146ms
typeclass inference of LT took 0.178ms
typeclass inference of LT took 0.13ms
tactic execution of Lean.Parser.Tactic.rewriteSeq took 9.47ms
tactic execution of Lean.Parser.Tactic.tacticSeq1Indented took 0.0465ms
tactic execution of Lean.Parser.Tactic.tacticSeq took 0.0439ms
tactic execution of Lean.Parser.Tactic.paren took 0.0558ms
tactic execution of Lean.Parser.Tactic.rwSeq took 0.0549ms
tactic execution of Lean.Parser.Tactic.tacticSeq1Indented took 0.042ms
tactic execution of Lean.Parser.Tactic.tacticSeq took 0.0371ms
tactic execution of Lean.Parser.Tactic.skip took 0.0149ms
tactic execution of Lean.Parser.Tactic.tacticSeq1Indented took 0.0393ms
tactic execution of Lean.Parser.Tactic.tacticSeq took 0.0358ms
tactic execution of Lean.Parser.Tactic.first took 0.0613ms
tactic execution of Lean.Parser.Tactic.tacticTry_ took 0.0561ms
tactic execution of Lean.Parser.Tactic.rewriteSeq took 5.22ms
tactic execution of Lean.Parser.Tactic.tacticSeq1Indented took 0.0667ms
tactic execution of Lean.Parser.Tactic.tacticSeq took 0.0296ms
tactic execution of Lean.Parser.Tactic.paren took 0.0308ms
tactic execution of Lean.Parser.Tactic.rwSeq took 0.0444ms
tactic execution of Lean.Parser.Tactic.tacticSeq1Indented took 0.0447ms
tactic execution of Lean.Parser.Tactic.tacticSeq took 0.024ms
tactic execution of Lean.Parser.Tactic.skip took 0.009ms
tactic execution of Lean.Parser.Tactic.tacticSeq1Indented took 0.0391ms
tactic execution of Lean.Parser.Tactic.tacticSeq took 0.0319ms
tactic execution of Lean.Parser.Tactic.first took 0.0554ms
tactic execution of Lean.Parser.Tactic.tacticTry_ took 0.0422ms
dsimp took 0.755ms
tactic execution of Lean.Parser.Tactic.dsimp took 1.29ms
tactic execution of Lean.Parser.Tactic.tacticSeq1Indented took 0.0699ms
tactic execution of Lean.Parser.Tactic.tacticSeq took 0.042ms
tactic execution of Lean.Parser.Tactic.first took 0.0409ms
tactic execution of Lean.Parser.Tactic.tacticTry_ took 0.0872ms
congr simp thm took 0.0112ms
congr simp thm took 0.0098ms
congr simp thm took 0.0157ms
congr simp thm took 0.0066ms
simp took 1.03ms
simp took 0.0451ms
tactic execution of Lean.Parser.Tactic.simp took 7.35ms
tactic execution of Lean.Parser.Tactic.tacticSeq1Indented took 0.0595ms
tactic execution of Lean.Parser.Tactic.tacticSeq took 0.0814ms
tactic execution of Lean.Parser.Tactic.skip took 0.019ms
tactic execution of Lean.Parser.Tactic.tacticSeq1Indented took 0.0667ms
tactic execution of Lean.Parser.Tactic.tacticSeq took 0.0542ms
tactic execution of Lean.Parser.Tactic.first took 0.128ms
tactic execution of Lean.Parser.Tactic.tacticTry_ took 0.112ms
typeclass inference of Decidable took 0.115ms
typeclass inference of LE took 0.0217ms
typeclass inference of LE took 0.0207ms
typeclass inference of Decidable took 0.0185ms
typeclass inference of Decidable took 0.0167ms
instantiate metavars took 0.0042ms
tactic execution of Lean.Parser.Tactic.omega took 5.03ms
tactic execution of Lean.Parser.Tactic.tacticSeq1Indented took 0.487ms
tactic execution of Lean.Parser.Tactic.tacticSeq took 0.0468ms
tactic execution of Lean.Parser.Tactic.first took 0.044ms
tactic execution of tacticGet_elem_tactic_extensible took 0.0622ms
tactic execution of Lean.Parser.Tactic.tacticSeq1Indented took 0.0602ms
tactic execution of Lean.Parser.Tactic.tacticSeq took 0.0582ms
tactic execution of Lean.Parser.Tactic.first took 0.119ms
tactic execution of tacticGet_elem_tactic took 0.0676ms
tactic execution of Lean.Parser.Tactic.tacticSeq1Indented took 0.0416ms
tactic execution of Lean.Parser.Tactic.tacticSeq took 0.159ms
tactic execution of Lean.Parser.Tactic.done took 0.145ms
tactic execution of Lean.Parser.Tactic.tacticSeq1Indented took 0.0942ms
tactic execution of Lean.Parser.Tactic.tacticSeq took 0.0507ms
tactic execution of Lean.Parser.Tactic.assumption took 1.12ms
tactic execution of Lean.Parser.Tactic.tacticSeq1Indented took 0.0805ms
tactic execution of Lean.Parser.Tactic.tacticSeq took 0.0523ms
typeclass inference of LE took 0.426ms
typeclass inference of LE took 0.248ms
typeclass inference of LE took 0.301ms
typeclass inference of LE took 0.27ms
typeclass inference of LE took 0.19ms
typeclass inference of LE took 0.15ms
typeclass inference of LE took 0.191ms
typeclass inference of LE took 0.131ms
typeclass inference of LE took 0.173ms
typeclass inference of LE took 0.159ms
typeclass inference of LE took 0.14ms
typeclass inference of LE took 0.156ms
typeclass inference of LE took 0.196ms
typeclass inference of LE took 0.17ms
typeclass inference of LE took 0.188ms
typeclass inference of LE took 0.137ms
typeclass inference of LE took 0.154ms
typeclass inference of LE took 0.157ms
typeclass inference of LE took 0.157ms
typeclass inference of LE took 0.142ms
typeclass inference of LE took 0.175ms
typeclass inference of LE took 0.131ms
typeclass inference of LE took 0.183ms
typeclass inference of LE took 0.194ms
tactic execution of Lean.Parser.Tactic.rewriteSeq took 10.5ms
tactic execution of Lean.Parser.Tactic.tacticSeq1Indented took 0.0628ms
tactic execution of Lean.Parser.Tactic.tacticSeq took 0.0439ms
tactic execution of Lean.Parser.Tactic.paren took 0.0576ms
tactic execution of Lean.Parser.Tactic.rwSeq took 0.0925ms
tactic execution of Lean.Parser.Tactic.tacticSeq1Indented took 0.0546ms
tactic execution of Lean.Parser.Tactic.tacticSeq took 0.0356ms
tactic execution of Lean.Parser.Tactic.skip took 0.0082ms
tactic execution of Lean.Parser.Tactic.tacticSeq1Indented took 0.0312ms
tactic execution of Lean.Parser.Tactic.tacticSeq took 0.0343ms
tactic execution of Lean.Parser.Tactic.first took 0.0775ms
tactic execution of Lean.Parser.Tactic.tacticTry_ took 0.0425ms
typeclass inference of LE took 0.305ms
typeclass inference of LT took 0.195ms
typeclass inference of LE took 0.141ms
typeclass inference of LT took 0.146ms
typeclass inference of LE took 0.195ms
typeclass inference of LT took 0.165ms
typeclass inference of LE took 0.132ms
typeclass inference of LT took 0.143ms
typeclass inference of LE took 0.165ms
typeclass inference of LT took 0.181ms
typeclass inference of LE took 0.168ms
typeclass inference of LT took 0.145ms
typeclass inference of LE took 0.269ms
typeclass inference of LT took 0.238ms
typeclass inference of LE took 0.2ms
typeclass inference of LT took 0.234ms
typeclass inference of LE took 0.572ms
typeclass inference of LT took 0.312ms
typeclass inference of LE took 0.275ms
typeclass inference of LT took 0.263ms
typeclass inference of LE took 0.316ms
typeclass inference of LT took 0.248ms
typeclass inference of LE took 0.206ms
typeclass inference of LT took 0.139ms
typeclass inference of LE took 0.361ms
typeclass inference of LT took 0.315ms
typeclass inference of LE took 0.331ms
typeclass inference of LT took 0.254ms
typeclass inference of LE took 0.384ms
typeclass inference of LT took 0.26ms
typeclass inference of LE took 0.22ms
typeclass inference of LT took 0.163ms
typeclass inference of LE took 0.162ms
typeclass inference of LT took 0.19ms
typeclass inference of LE took 0.121ms
typeclass inference of LT took 0.148ms
typeclass inference of LE took 0.185ms
typeclass inference of LT took 0.168ms
typeclass inference of LE took 0.146ms
typeclass inference of LT took 0.132ms
typeclass inference of LE took 0.153ms
typeclass inference of LT took 0.166ms
typeclass inference of LE took 0.163ms
typeclass inference of LT took 0.138ms
typeclass inference of LE took 0.177ms
typeclass inference of LT took 0.145ms
typeclass inference of LE took 0.176ms
typeclass inference of LT took 0.138ms
tactic execution of Lean.Parser.Tactic.rewriteSeq took 13.9ms
tactic execution of Lean.Parser.Tactic.tacticSeq1Indented took 0.047ms
tactic execution of Lean.Parser.Tactic.tacticSeq took 0.032ms
tactic execution of Lean.Parser.Tactic.paren took 0.0281ms
tactic execution of Lean.Parser.Tactic.rwSeq took 0.046ms
tactic execution of Lean.Parser.Tactic.tacticSeq1Indented took 0.0369ms
tactic execution of Lean.Parser.Tactic.tacticSeq took 0.0335ms
tactic execution of Lean.Parser.Tactic.skip took 0.0074ms
tactic execution of Lean.Parser.Tactic.tacticSeq1Indented took 0.0361ms
tactic execution of Lean.Parser.Tactic.tacticSeq took 0.0481ms
tactic execution of Lean.Parser.Tactic.first took 0.0715ms
tactic execution of Lean.Parser.Tactic.tacticTry_ took 0.0495ms
typeclass inference of LE took 0.19ms
typeclass inference of LE took 0.127ms
typeclass inference of LE took 0.239ms
typeclass inference of LE took 0.171ms
typeclass inference of LE took 0.193ms
typeclass inference of LE took 0.141ms
typeclass inference of LE took 0.181ms
typeclass inference of LE took 0.127ms
typeclass inference of LE took 0.183ms
typeclass inference of LE took 0.259ms
typeclass inference of LE took 0.287ms
typeclass inference of LE took 0.223ms
typeclass inference of LE took 0.235ms
typeclass inference of LE took 0.133ms
typeclass inference of LE took 0.152ms
typeclass inference of LE took 0.122ms
typeclass inference of LE took 0.183ms
typeclass inference of LE took 0.133ms
typeclass inference of LE took 0.141ms
typeclass inference of LE took 0.135ms
typeclass inference of LE took 0.166ms
typeclass inference of LE took 0.132ms
typeclass inference of LE took 0.162ms
typeclass inference of LE took 0.128ms
tactic execution of Lean.Parser.Tactic.rewriteSeq took 8.94ms
tactic execution of Lean.Parser.Tactic.tacticSeq1Indented took 0.0435ms
tactic execution of Lean.Parser.Tactic.tacticSeq took 0.0342ms
tactic execution of Lean.Parser.Tactic.paren took 0.0338ms
tactic execution of Lean.Parser.Tactic.rwSeq took 0.0459ms
tactic execution of Lean.Parser.Tactic.tacticSeq1Indented took 0.0439ms
tactic execution of Lean.Parser.Tactic.tacticSeq took 0.0334ms
tactic execution of Lean.Parser.Tactic.skip took 0.0078ms
tactic execution of Lean.Parser.Tactic.tacticSeq1Indented took 0.0394ms
tactic execution of Lean.Parser.Tactic.tacticSeq took 0.0349ms
tactic execution of Lean.Parser.Tactic.first took 0.0741ms
tactic execution of Lean.Parser.Tactic.tacticTry_ took 0.0549ms
typeclass inference of LE took 0.217ms
typeclass inference of LT took 0.201ms
typeclass inference of LE took 0.133ms
typeclass inference of LT took 0.136ms
typeclass inference of LE took 0.17ms
typeclass inference of LT took 0.142ms
typeclass inference of LE took 0.132ms
typeclass inference of LT took 0.124ms
typeclass inference of LE took 0.183ms
typeclass inference of LT took 0.173ms
typeclass inference of LE took 0.133ms
typeclass inference of LT took 0.129ms
typeclass inference of LE took 0.15ms
typeclass inference of LT took 0.149ms
typeclass inference of LE took 0.14ms
typeclass inference of LT took 0.138ms
typeclass inference of LE took 0.143ms
typeclass inference of LT took 0.178ms
typeclass inference of LE took 0.13ms
typeclass inference of LT took 0.119ms
typeclass inference of LE took 0.187ms
typeclass inference of LT took 0.162ms
typeclass inference of LE took 0.149ms
typeclass inference of LT took 0.127ms
typeclass inference of LE took 0.222ms
typeclass inference of LT took 0.173ms
typeclass inference of LE took 0.155ms
typeclass inference of LT took 0.333ms
typeclass inference of LE took 0.497ms
typeclass inference of LT took 0.288ms
typeclass inference of LE took 0.245ms
typeclass inference of LT took 0.219ms
typeclass inference of LE took 0.331ms
typeclass inference of LT took 0.267ms
typeclass inference of LE took 0.188ms
typeclass inference of LT took 0.204ms
typeclass inference of LE took 0.377ms
typeclass inference of LT took 0.349ms
typeclass inference of LE took 0.295ms
typeclass inference of LT took 0.247ms
typeclass inference of LE took 0.342ms
typeclass inference of LT took 0.247ms
typeclass inference of LE took 0.202ms
typeclass inference of LT took 0.174ms
typeclass inference of LE took 0.259ms
typeclass inference of LT took 0.246ms
typeclass inference of LE took 0.141ms
typeclass inference of LT took 0.138ms
tactic execution of Lean.Parser.Tactic.rewriteSeq took 13.5ms
tactic execution of Lean.Parser.Tactic.tacticSeq1Indented took 0.0431ms
tactic execution of Lean.Parser.Tactic.tacticSeq took 0.0433ms
tactic execution of Lean.Parser.Tactic.paren took 0.0381ms
tactic execution of Lean.Parser.Tactic.rwSeq took 0.0434ms
tactic execution of Lean.Parser.Tactic.tacticSeq1Indented took 0.0448ms
tactic execution of Lean.Parser.Tactic.tacticSeq took 0.0257ms
tactic execution of Lean.Parser.Tactic.skip took 0.0078ms
tactic execution of Lean.Parser.Tactic.tacticSeq1Indented took 0.0323ms
tactic execution of Lean.Parser.Tactic.tacticSeq took 0.0362ms
tactic execution of Lean.Parser.Tactic.first took 0.0599ms
tactic execution of Lean.Parser.Tactic.tacticTry_ took 0.066ms
typeclass inference of LT took 0.186ms
typeclass inference of LT took 0.133ms
typeclass inference of LT took 0.184ms
typeclass inference of LT took 0.157ms
typeclass inference of LT took 0.198ms
typeclass inference of LT took 0.138ms
typeclass inference of LT took 0.267ms
typeclass inference of LT took 0.195ms
typeclass inference of LT took 0.186ms
typeclass inference of LT took 0.132ms
typeclass inference of LT took 0.163ms
typeclass inference of LT took 0.13ms
typeclass inference of LT took 0.176ms
typeclass inference of LT took 0.131ms
typeclass inference of LT took 0.17ms
typeclass inference of LT took 0.136ms
typeclass inference of LT took 0.299ms
typeclass inference of LT took 0.213ms
typeclass inference of LT took 0.316ms
typeclass inference of LT took 0.209ms
typeclass inference of LT took 0.334ms
typeclass inference of LT took 0.201ms
typeclass inference of LT took 0.308ms
typeclass inference of LT took 0.214ms
tactic execution of Lean.Parser.Tactic.rewriteSeq took 10.9ms
tactic execution of Lean.Parser.Tactic.tacticSeq1Indented took 0.0803ms
tactic execution of Lean.Parser.Tactic.tacticSeq took 0.0473ms
tactic execution of Lean.Parser.Tactic.paren took 0.0502ms
tactic execution of Lean.Parser.Tactic.rwSeq took 0.0545ms
tactic execution of Lean.Parser.Tactic.tacticSeq1Indented took 0.0448ms
tactic execution of Lean.Parser.Tactic.tacticSeq took 0.0386ms
tactic execution of Lean.Parser.Tactic.skip took 0.0102ms
tactic execution of Lean.Parser.Tactic.tacticSeq1Indented took 0.0444ms
tactic execution of Lean.Parser.Tactic.tacticSeq took 0.0555ms
tactic execution of Lean.Parser.Tactic.first took 0.0979ms
tactic execution of Lean.Parser.Tactic.tacticTry_ took 0.0657ms
typeclass inference of LT took 0.297ms
typeclass inference of LT took 0.202ms
typeclass inference of LT took 0.286ms
typeclass inference of LT took 0.223ms
typeclass inference of LT took 0.271ms
typeclass inference of LT took 0.227ms
typeclass inference of LT took 0.297ms
typeclass inference of LT took 0.205ms
typeclass inference of LT took 0.246ms
typeclass inference of LT took 0.175ms
typeclass inference of LT took 0.235ms
typeclass inference of LT took 0.208ms
typeclass inference of LT took 0.25ms
typeclass inference of LT took 0.193ms
typeclass inference of LT took 0.254ms
typeclass inference of LT took 0.22ms
typeclass inference of LT took 0.312ms
typeclass inference of LT took 0.25ms
typeclass inference of LT took 0.378ms
typeclass inference of LT took 0.264ms
typeclass inference of LT took 0.253ms
typeclass inference of LT took 0.138ms
typeclass inference of LT took 0.258ms
typeclass inference of LT took 0.167ms
tactic execution of Lean.Parser.Tactic.rewriteSeq took 13ms
tactic execution of Lean.Parser.Tactic.tacticSeq1Indented took 0.0837ms
tactic execution of Lean.Parser.Tactic.tacticSeq took 0.0575ms
tactic execution of Lean.Parser.Tactic.paren took 0.0553ms
tactic execution of Lean.Parser.Tactic.rwSeq took 0.0607ms
tactic execution of Lean.Parser.Tactic.tacticSeq1Indented took 0.0601ms
tactic execution of Lean.Parser.Tactic.tacticSeq took 0.0724ms
tactic execution of Lean.Parser.Tactic.skip took 0.0152ms
tactic execution of Lean.Parser.Tactic.tacticSeq1Indented took 0.0531ms
tactic execution of Lean.Parser.Tactic.tacticSeq took 0.0867ms
tactic execution of Lean.Parser.Tactic.first took 0.0809ms
tactic execution of Lean.Parser.Tactic.tacticTry_ took 0.0607ms
typeclass inference of LE took 0.768ms
typeclass inference of LE took 0.292ms
typeclass inference of LE took 0.321ms
typeclass inference of LE took 0.216ms
typeclass inference of LE took 0.2ms
typeclass inference of LE took 0.182ms
typeclass inference of LE took 0.146ms
typeclass inference of LE took 0.121ms
typeclass inference of LE took 0.158ms
typeclass inference of LE took 0.125ms
typeclass inference of LE took 0.142ms
typeclass inference of LE took 0.132ms
typeclass inference of LE took 0.18ms
typeclass inference of LE took 0.13ms
typeclass inference of LE took 0.159ms
typeclass inference of LE took 0.122ms
typeclass inference of LE took 0.149ms
typeclass inference of LE took 0.123ms
typeclass inference of LE took 0.159ms
typeclass inference of LE took 0.119ms
typeclass inference of LE took 0.163ms
typeclass inference of LE took 0.119ms
typeclass inference of LE took 0.148ms
typeclass inference of LE took 0.121ms
tactic execution of Lean.Parser.Tactic.rewriteSeq took 10.3ms
tactic execution of Lean.Parser.Tactic.tacticSeq1Indented took 0.0501ms
tactic execution of Lean.Parser.Tactic.tacticSeq took 0.0373ms
tactic execution of Lean.Parser.Tactic.paren took 0.0624ms
tactic execution of Lean.Parser.Tactic.rwSeq took 0.081ms
tactic execution of Lean.Parser.Tactic.tacticSeq1Indented took 0.0273ms
tactic execution of Lean.Parser.Tactic.tacticSeq took 0.0255ms
tactic execution of Lean.Parser.Tactic.skip took 0.0071ms
tactic execution of Lean.Parser.Tactic.tacticSeq1Indented took 0.0297ms
tactic execution of Lean.Parser.Tactic.tacticSeq took 0.0314ms
tactic execution of Lean.Parser.Tactic.first took 0.0625ms
tactic execution of Lean.Parser.Tactic.tacticTry_ took 0.0592ms
typeclass inference of LT took 0.189ms
typeclass inference of LT took 0.127ms
typeclass inference of LT took 0.159ms
typeclass inference of LT took 0.162ms
typeclass inference of LT took 0.242ms
typeclass inference of LT took 0.162ms
typeclass inference of LT took 0.181ms
typeclass inference of LT took 0.138ms
typeclass inference of LT took 0.171ms
typeclass inference of LT took 0.14ms
typeclass inference of LT took 0.155ms
typeclass inference of LT took 0.159ms
typeclass inference of LT took 0.142ms
typeclass inference of LT took 0.125ms
typeclass inference of LT took 0.254ms
typeclass inference of LT took 0.128ms
typeclass inference of LT took 0.161ms
typeclass inference of LT took 0.12ms
typeclass inference of LT took 0.157ms
typeclass inference of LT took 0.14ms
typeclass inference of LT took 0.164ms
typeclass inference of LT took 0.121ms
typeclass inference of LT took 0.172ms
typeclass inference of LT took 0.15ms
tactic execution of Lean.Parser.Tactic.rewriteSeq took 8.15ms
tactic execution of Lean.Parser.Tactic.tacticSeq1Indented took 0.0431ms
tactic execution of Lean.Parser.Tactic.tacticSeq took 0.0272ms
tactic execution of Lean.Parser.Tactic.paren took 0.0316ms
tactic execution of Lean.Parser.Tactic.rwSeq took 0.0535ms
tactic execution of Lean.Parser.Tactic.tacticSeq1Indented took 0.0425ms
tactic execution of Lean.Parser.Tactic.tacticSeq took 0.0269ms
tactic execution of Lean.Parser.Tactic.skip took 0.007ms
tactic execution of Lean.Parser.Tactic.tacticSeq1Indented took 0.0358ms
tactic execution of Lean.Parser.Tactic.tacticSeq took 0.0318ms
tactic execution of Lean.Parser.Tactic.first took 0.06ms
tactic execution of Lean.Parser.Tactic.tacticTry_ took 0.0637ms
tactic execution of Lean.Parser.Tactic.rewriteSeq took 5.06ms
tactic execution of Lean.Parser.Tactic.tacticSeq1Indented took 0.0581ms
tactic execution of Lean.Parser.Tactic.tacticSeq took 0.0312ms
tactic execution of Lean.Parser.Tactic.paren took 0.0398ms
tactic execution of Lean.Parser.Tactic.rwSeq took 0.0406ms
tactic execution of Lean.Parser.Tactic.tacticSeq1Indented took 0.0335ms
tactic execution of Lean.Parser.Tactic.tacticSeq took 0.0502ms
tactic execution of Lean.Parser.Tactic.skip took 0.0066ms
tactic execution of Lean.Parser.Tactic.tacticSeq1Indented took 0.0299ms
tactic execution of Lean.Parser.Tactic.tacticSeq took 0.0292ms
tactic execution of Lean.Parser.Tactic.first took 0.07ms
tactic execution of Lean.Parser.Tactic.tacticTry_ took 0.0505ms
dsimp took 0.617ms
tactic execution of Lean.Parser.Tactic.dsimp took 1.1ms
tactic execution of Lean.Parser.Tactic.tacticSeq1Indented took 0.0685ms
tactic execution of Lean.Parser.Tactic.tacticSeq took 0.047ms
tactic execution of Lean.Parser.Tactic.first took 0.0349ms
tactic execution of Lean.Parser.Tactic.tacticTry_ took 0.0527ms
congr simp thm took 0.008ms
congr simp thm took 0.0045ms
congr simp thm took 0.0107ms
congr simp thm took 0.0046ms
simp took 0.635ms
simp took 0.0268ms
tactic execution of Lean.Parser.Tactic.simp took 4.91ms
tactic execution of Lean.Parser.Tactic.tacticSeq1Indented took 0.0471ms
tactic execution of Lean.Parser.Tactic.tacticSeq took 0.029ms
tactic execution of Lean.Parser.Tactic.skip took 0.0068ms
tactic execution of Lean.Parser.Tactic.tacticSeq1Indented took 0.0281ms
tactic execution of Lean.Parser.Tactic.tacticSeq took 0.0306ms
tactic execution of Lean.Parser.Tactic.first took 0.0549ms
tactic execution of Lean.Parser.Tactic.tacticTry_ took 0.0492ms
typeclass inference of Decidable took 0.46ms
typeclass inference of LE took 0.027ms
typeclass inference of LE took 0.016ms
typeclass inference of Decidable took 0.0118ms
typeclass inference of Decidable took 0.0114ms
instantiate metavars took 0.0029ms
tactic execution of Lean.Parser.Tactic.omega took 4.56ms
tactic execution of Lean.Parser.Tactic.tacticSeq1Indented took 0.385ms
tactic execution of Lean.Parser.Tactic.tacticSeq took 0.0356ms
tactic execution of Lean.Parser.Tactic.first took 0.043ms
tactic execution of tacticGet_elem_tactic_extensible took 0.117ms
tactic execution of Lean.Parser.Tactic.tacticSeq1Indented took 0.0331ms
tactic execution of Lean.Parser.Tactic.tacticSeq took 0.0554ms
tactic execution of Lean.Parser.Tactic.first took 0.174ms
tactic execution of tacticGet_elem_tactic took 0.0499ms
tactic execution of Lean.Parser.Tactic.tacticSeq1Indented took 0.0397ms
tactic execution of Lean.Parser.Tactic.tacticSeq took 0.229ms
tactic execution of Lean.Parser.Tactic.done took 0.0794ms
tactic execution of Lean.Parser.Tactic.tacticSeq1Indented took 0.0557ms
tactic execution of Lean.Parser.Tactic.tacticSeq took 0.0362ms
tactic execution of Lean.Parser.Tactic.assumption took 0.785ms
tactic execution of Lean.Parser.Tactic.tacticSeq1Indented took 0.0486ms
tactic execution of Lean.Parser.Tactic.tacticSeq took 0.0365ms
typeclass inference of LE took 0.461ms
typeclass inference of LE took 0.167ms
typeclass inference of LE took 0.307ms
typeclass inference of LE took 0.207ms
typeclass inference of LE took 0.18ms
typeclass inference of LE took 0.129ms
typeclass inference of LE took 0.181ms
typeclass inference of LE took 0.122ms
typeclass inference of LE took 0.137ms
typeclass inference of LE took 0.123ms
typeclass inference of LE took 0.152ms
typeclass inference of LE took 0.12ms
typeclass inference of LE took 0.152ms
typeclass inference of LE took 0.131ms
typeclass inference of LE took 0.135ms
typeclass inference of LE took 0.12ms
typeclass inference of LE took 0.144ms
typeclass inference of LE took 0.116ms
typeclass inference of LE took 0.146ms
typeclass inference of LE took 0.118ms
typeclass inference of LE took 0.142ms
typeclass inference of LE took 0.121ms
typeclass inference of LE took 0.141ms
typeclass inference of LE took 0.122ms
tactic execution of Lean.Parser.Tactic.rewriteSeq took 9.33ms
tactic execution of Lean.Parser.Tactic.tacticSeq1Indented took 0.0513ms
tactic execution of Lean.Parser.Tactic.tacticSeq took 0.0322ms
tactic execution of Lean.Parser.Tactic.paren took 0.0428ms
tactic execution of Lean.Parser.Tactic.rwSeq took 0.0444ms
tactic execution of Lean.Parser.Tactic.tacticSeq1Indented took 0.0319ms
tactic execution of Lean.Parser.Tactic.tacticSeq took 0.0379ms
tactic execution of Lean.Parser.Tactic.skip took 0.0071ms
tactic execution of Lean.Parser.Tactic.tacticSeq1Indented took 0.0308ms
tactic execution of Lean.Parser.Tactic.tacticSeq took 0.0333ms
tactic execution of Lean.Parser.Tactic.first took 0.0636ms
tactic execution of Lean.Parser.Tactic.tacticTry_ took 0.0354ms
typeclass inference of LE took 0.169ms
typeclass inference of LT took 0.152ms
typeclass inference of LE took 0.12ms
typeclass inference of LT took 0.113ms
typeclass inference of LE took 0.146ms
typeclass inference of LT took 0.147ms
typeclass inference of LE took 0.119ms
typeclass inference of LT took 0.117ms
typeclass inference of LE took 0.138ms
typeclass inference of LT took 0.135ms
typeclass inference of LE took 0.131ms
typeclass inference of LT took 0.117ms
typeclass inference of LE took 0.355ms
typeclass inference of LT took 0.376ms
typeclass inference of LE took 0.187ms
typeclass inference of LT took 0.188ms
typeclass inference of LE took 0.166ms
typeclass inference of LT took 0.148ms
typeclass inference of LE took 0.123ms
typeclass inference of LT took 0.117ms
typeclass inference of LE took 0.17ms
typeclass inference of LT took 0.149ms
typeclass inference of LE took 0.122ms
typeclass inference of LT took 0.155ms
typeclass inference of LE took 0.151ms
typeclass inference of LT took 0.153ms
typeclass inference of LE took 0.123ms
typeclass inference of LT took 0.118ms
typeclass inference of LE took 0.152ms
typeclass inference of LT took 0.137ms
typeclass inference of LE took 0.118ms
typeclass inference of LT took 0.118ms
typeclass inference of LE took 0.149ms
typeclass inference of LT took 0.175ms
typeclass inference of LE took 0.127ms
typeclass inference of LT took 0.125ms
typeclass inference of LE took 0.15ms
typeclass inference of LT took 0.13ms
typeclass inference of LE took 0.12ms
typeclass inference of LT took 0.126ms
typeclass inference of LE took 0.147ms
typeclass inference of LT took 0.141ms
typeclass inference of LE took 0.123ms
typeclass inference of LT took 0.115ms
typeclass inference of LE took 0.144ms
typeclass inference of LT took 0.141ms
typeclass inference of LE took 0.12ms
typeclass inference of LT took 0.114ms
tactic execution of Lean.Parser.Tactic.rewriteSeq took 9.59ms
tactic execution of Lean.Parser.Tactic.tacticSeq1Indented took 0.0394ms
tactic execution of Lean.Parser.Tactic.tacticSeq took 0.0307ms
tactic execution of Lean.Parser.Tactic.paren took 0.0328ms
tactic execution of Lean.Parser.Tactic.rwSeq took 0.0361ms
tactic execution of Lean.Parser.Tactic.tacticSeq1Indented took 0.0309ms
tactic execution of Lean.Parser.Tactic.tacticSeq took 0.0236ms
tactic execution of Lean.Parser.Tactic.skip took 0.0072ms
tactic execution of Lean.Parser.Tactic.tacticSeq1Indented took 0.0377ms
tactic execution of Lean.Parser.Tactic.tacticSeq took 0.0334ms
tactic execution of Lean.Parser.Tactic.first took 0.0578ms
tactic execution of Lean.Parser.Tactic.tacticTry_ took 0.0506ms
typeclass inference of LE took 0.15ms
typeclass inference of LE took 0.12ms
typeclass inference of LE took 0.168ms
typeclass inference of LE took 0.124ms
typeclass inference of LE took 0.15ms
typeclass inference of LE took 0.119ms
typeclass inference of LE took 0.172ms
typeclass inference of LE took 0.166ms
typeclass inference of LE took 0.371ms
typeclass inference of LE took 0.27ms
typeclass inference of LE took 0.435ms
typeclass inference of LE took 0.27ms
typeclass inference of LE took 0.283ms
typeclass inference of LE took 0.218ms
typeclass inference of LE took 0.161ms
typeclass inference of LE took 0.135ms
typeclass inference of LE took 0.199ms
typeclass inference of LE took 0.141ms
typeclass inference of LE took 0.193ms
typeclass inference of LE took 0.156ms
typeclass inference of LE took 0.153ms
typeclass inference of LE took 0.13ms
typeclass inference of LE took 0.22ms
typeclass inference of LE took 0.128ms
tactic execution of Lean.Parser.Tactic.rewriteSeq took 9.89ms
tactic execution of Lean.Parser.Tactic.tacticSeq1Indented took 0.0516ms
tactic execution of Lean.Parser.Tactic.tacticSeq took 0.0435ms
tactic execution of Lean.Parser.Tactic.paren took 0.0572ms
tactic execution of Lean.Parser.Tactic.rwSeq took 0.0404ms
tactic execution of Lean.Parser.Tactic.tacticSeq1Indented took 0.032ms
tactic execution of Lean.Parser.Tactic.tacticSeq took 0.0362ms
tactic execution of Lean.Parser.Tactic.skip took 0.0079ms
tactic execution of Lean.Parser.Tactic.tacticSeq1Indented took 0.033ms
tactic execution of Lean.Parser.Tactic.tacticSeq took 0.0501ms
tactic execution of Lean.Parser.Tactic.first took 0.07ms
tactic execution of Lean.Parser.Tactic.tacticTry_ took 0.0514ms
typeclass inference of LE took 0.163ms
typeclass inference of LT took 0.18ms
typeclass inference of LE took 0.127ms
typeclass inference of LT took 0.12ms
typeclass inference of LE took 0.17ms
typeclass inference of LT took 0.144ms
typeclass inference of LE took 0.118ms
typeclass inference of LT took 0.126ms
typeclass inference of LE took 0.14ms
typeclass inference of LT took 0.142ms
typeclass inference of LE took 0.124ms
typeclass inference of LT took 0.115ms
typeclass inference of LE took 0.144ms
typeclass inference of LT took 0.131ms
typeclass inference of LE took 0.116ms
typeclass inference of LT took 0.111ms
typeclass inference of LE took 0.206ms
typeclass inference of LT took 0.21ms
typeclass inference of LE took 0.187ms
typeclass inference of LT took 0.195ms
typeclass inference of LE took 0.282ms
typeclass inference of LT took 0.253ms
typeclass inference of LE took 0.185ms
typeclass inference of LT took 0.19ms
typeclass inference of LE took 0.166ms
typeclass inference of LT took 0.144ms
typeclass inference of LE took 0.12ms
typeclass inference of LT took 0.123ms
typeclass inference of LE took 0.14ms
typeclass inference of LT took 0.176ms
typeclass inference of LE took 0.132ms
typeclass inference of LT took 0.124ms
typeclass inference of LE took 0.147ms
typeclass inference of LT took 0.17ms
typeclass inference of LE took 0.123ms
typeclass inference of LT took 0.116ms
typeclass inference of LE took 0.14ms
typeclass inference of LT took 0.283ms
typeclass inference of LE took 0.152ms
typeclass inference of LT took 0.119ms
typeclass inference of LE took 0.157ms
typeclass inference of LT took 0.142ms
typeclass inference of LE took 0.118ms
typeclass inference of LT took 0.141ms
typeclass inference of LE took 0.14ms
typeclass inference of LT took 0.143ms
typeclass inference of LE took 0.12ms
typeclass inference of LT took 0.113ms
tactic execution of Lean.Parser.Tactic.rewriteSeq took 10.1ms
tactic execution of Lean.Parser.Tactic.tacticSeq1Indented took 0.039ms
tactic execution of Lean.Parser.Tactic.tacticSeq took 0.0364ms
tactic execution of Lean.Parser.Tactic.paren took 0.0329ms
tactic execution of Lean.Parser.Tactic.rwSeq took 0.0403ms
tactic execution of Lean.Parser.Tactic.tacticSeq1Indented took 0.0304ms
tactic execution of Lean.Parser.Tactic.tacticSeq took 0.0244ms
tactic execution of Lean.Parser.Tactic.skip took 0.0078ms
tactic execution of Lean.Parser.Tactic.tacticSeq1Indented took 0.031ms
tactic execution of Lean.Parser.Tactic.tacticSeq took 0.0373ms
tactic execution of Lean.Parser.Tactic.first took 0.0579ms
tactic execution of Lean.Parser.Tactic.tacticTry_ took 0.0545ms
typeclass inference of LT took 0.153ms
typeclass inference of LT took 0.123ms
typeclass inference of LT took 0.148ms
typeclass inference of LT took 0.123ms
typeclass inference of LT took 0.153ms
typeclass inference of LT took 0.134ms
typeclass inference of LT took 0.142ms
typeclass inference of LT took 0.142ms
typeclass inference of LT took 0.146ms
typeclass inference of LT took 0.14ms
typeclass inference of LT took 0.156ms
typeclass inference of LT took 0.168ms
typeclass inference of LT took 0.179ms
typeclass inference of LT took 0.207ms
typeclass inference of LT took 0.21ms
typeclass inference of LT took 0.158ms
typeclass inference of LT took 0.235ms
typeclass inference of LT took 0.147ms
typeclass inference of LT took 0.189ms
typeclass inference of LT took 0.141ms
typeclass inference of LT took 0.166ms
typeclass inference of LT took 0.133ms
typeclass inference of LT took 0.179ms
typeclass inference of LT took 0.12ms
tactic execution of Lean.Parser.Tactic.rewriteSeq took 8.43ms
tactic execution of Lean.Parser.Tactic.tacticSeq1Indented took 0.0795ms
tactic execution of Lean.Parser.Tactic.tacticSeq took 0.044ms
tactic execution of Lean.Parser.Tactic.paren took 0.0392ms
tactic execution of Lean.Parser.Tactic.rwSeq took 0.0603ms
tactic execution of Lean.Parser.Tactic.tacticSeq1Indented took 0.0508ms
tactic execution of Lean.Parser.Tactic.tacticSeq took 0.0382ms
tactic execution of Lean.Parser.Tactic.skip took 0.012ms
tactic execution of Lean.Parser.Tactic.tacticSeq1Indented took 0.0627ms
tactic execution of Lean.Parser.Tactic.tacticSeq took 0.0618ms
tactic execution of Lean.Parser.Tactic.first took 0.0924ms
tactic execution of Lean.Parser.Tactic.tacticTry_ took 0.0759ms
typeclass inference of LT took 0.48ms
typeclass inference of LT took 0.155ms
typeclass inference of LT took 0.165ms
typeclass inference of LT took 0.12ms
typeclass inference of LT took 0.153ms
typeclass inference of LT took 0.118ms
typeclass inference of LT took 0.141ms
typeclass inference of LT took 0.116ms
typeclass inference of LT took 0.145ms
typeclass inference of LT took 0.121ms
typeclass inference of LT took 0.144ms
typeclass inference of LT took 0.113ms
typeclass inference of LT took 0.154ms
typeclass inference of LT took 0.12ms
typeclass inference of LT took 0.139ms
typeclass inference of LT took 0.167ms
typeclass inference of LT took 0.232ms
typeclass inference of LT took 0.169ms
typeclass inference of LT took 0.159ms
typeclass inference of LT took 0.122ms
typeclass inference of LT took 0.136ms
typeclass inference of LT took 0.123ms
typeclass inference of LT took 0.156ms
typeclass inference of LT took 0.12ms
tactic execution of Lean.Parser.Tactic.rewriteSeq took 8.69ms
tactic execution of Lean.Parser.Tactic.tacticSeq1Indented took 0.0426ms
tactic execution of Lean.Parser.Tactic.tacticSeq took 0.0302ms
tactic execution of Lean.Parser.Tactic.paren took 0.0363ms
tactic execution of Lean.Parser.Tactic.rwSeq took 0.0591ms
tactic execution of Lean.Parser.Tactic.tacticSeq1Indented took 0.038ms
tactic execution of Lean.Parser.Tactic.tacticSeq took 0.0365ms
tactic execution of Lean.Parser.Tactic.skip took 0.0066ms
tactic execution of Lean.Parser.Tactic.tacticSeq1Indented took 0.031ms
tactic execution of Lean.Parser.Tactic.tacticSeq took 0.0363ms
tactic execution of Lean.Parser.Tactic.first took 0.0642ms
tactic execution of Lean.Parser.Tactic.tacticTry_ took 0.0558ms
typeclass inference of LE took 0.184ms
typeclass inference of LE took 0.131ms
typeclass inference of LE took 0.145ms
typeclass inference of LE took 0.134ms
typeclass inference of LE took 0.141ms
typeclass inference of LE took 0.127ms
typeclass inference of LE took 0.135ms
typeclass inference of LE took 0.118ms
typeclass inference of LE took 0.135ms
typeclass inference of LE took 0.177ms
typeclass inference of LE took 0.164ms
typeclass inference of LE took 0.123ms
typeclass inference of LE took 0.138ms
typeclass inference of LE took 0.112ms
typeclass inference of LE took 0.145ms
typeclass inference of LE took 0.112ms
typeclass inference of LE took 0.145ms
typeclass inference of LE took 0.117ms
typeclass inference of LE took 0.147ms
typeclass inference of LE took 0.116ms
typeclass inference of LE took 0.146ms
typeclass inference of LE took 0.115ms
typeclass inference of LE took 0.137ms
typeclass inference of LE took 0.112ms
tactic execution of Lean.Parser.Tactic.rewriteSeq took 7.28ms
tactic execution of Lean.Parser.Tactic.tacticSeq1Indented took 0.0427ms
tactic execution of Lean.Parser.Tactic.tacticSeq took 0.025ms
tactic execution of Lean.Parser.Tactic.paren took 0.0237ms
tactic execution of Lean.Parser.Tactic.rwSeq took 0.0341ms
tactic execution of Lean.Parser.Tactic.tacticSeq1Indented took 0.0283ms
tactic execution of Lean.Parser.Tactic.tacticSeq took 0.0223ms
tactic execution of Lean.Parser.Tactic.skip took 0.007ms
tactic execution of Lean.Parser.Tactic.tacticSeq1Indented took 0.0336ms
tactic execution of Lean.Parser.Tactic.tacticSeq took 0.0331ms
tactic execution of Lean.Parser.Tactic.first took 0.0639ms
tactic execution of Lean.Parser.Tactic.tacticTry_ took 0.0496ms
typeclass inference of LT took 0.154ms
typeclass inference of LT took 0.119ms
typeclass inference of LT took 0.237ms
typeclass inference of LT took 0.179ms
typeclass inference of LT took 0.255ms
typeclass inference of LT took 0.228ms
typeclass inference of LT took 0.286ms
typeclass inference of LT took 0.215ms
typeclass inference of LT took 0.241ms
typeclass inference of LT took 0.167ms
typeclass inference of LT took 0.166ms
typeclass inference of LT took 0.122ms
typeclass inference of LT took 0.149ms
typeclass inference of LT took 0.124ms
typeclass inference of LT took 0.162ms
typeclass inference of LT took 0.119ms
typeclass inference of LT took 0.139ms
typeclass inference of LT took 0.169ms
typeclass inference of LT took 0.144ms
typeclass inference of LT took 0.131ms
typeclass inference of LT took 0.141ms
typeclass inference of LT took 0.122ms
typeclass inference of LT took 0.162ms
typeclass inference of LT took 0.13ms
tactic execution of Lean.Parser.Tactic.rewriteSeq took 8.68ms
tactic execution of Lean.Parser.Tactic.tacticSeq1Indented took 0.0477ms
tactic execution of Lean.Parser.Tactic.tacticSeq took 0.0261ms
tactic execution of Lean.Parser.Tactic.paren took 0.0296ms
tactic execution of Lean.Parser.Tactic.rwSeq took 0.0356ms
tactic execution of Lean.Parser.Tactic.tacticSeq1Indented took 0.0309ms
tactic execution of Lean.Parser.Tactic.tacticSeq took 0.0235ms
tactic execution of Lean.Parser.Tactic.skip took 0.0078ms
tactic execution of Lean.Parser.Tactic.tacticSeq1Indented took 0.0371ms
tactic execution of Lean.Parser.Tactic.tacticSeq took 0.0462ms
tactic execution of Lean.Parser.Tactic.first took 0.0586ms
tactic execution of Lean.Parser.Tactic.tacticTry_ took 0.0613ms
tactic execution of Lean.Parser.Tactic.rewriteSeq took 8.9ms
tactic execution of Lean.Parser.Tactic.tacticSeq1Indented took 0.1ms
tactic execution of Lean.Parser.Tactic.tacticSeq took 0.0366ms
tactic execution of Lean.Parser.Tactic.paren took 0.0331ms
tactic execution of Lean.Parser.Tactic.rwSeq took 0.0592ms
tactic execution of Lean.Parser.Tactic.tacticSeq1Indented took 0.0425ms
tactic execution of Lean.Parser.Tactic.tacticSeq took 0.0243ms
tactic execution of Lean.Parser.Tactic.skip took 0.0077ms
tactic execution of Lean.Parser.Tactic.tacticSeq1Indented took 0.0324ms
tactic execution of Lean.Parser.Tactic.tacticSeq took 0.0353ms
tactic execution of Lean.Parser.Tactic.first took 0.0596ms
tactic execution of Lean.Parser.Tactic.tacticTry_ took 0.0398ms
dsimp took 0.352ms
tactic execution of Lean.Parser.Tactic.dsimp took 0.902ms
tactic execution of Lean.Parser.Tactic.tacticSeq1Indented took 0.0356ms
tactic execution of Lean.Parser.Tactic.tacticSeq took 0.0429ms
tactic execution of Lean.Parser.Tactic.first took 0.0316ms
tactic execution of Lean.Parser.Tactic.tacticTry_ took 0.0519ms
congr simp thm took 0.0078ms
congr simp thm took 0.0044ms
congr simp thm took 0.0103ms
congr simp thm took 0.004ms
simp took 0.613ms
simp took 0.0308ms
tactic execution of Lean.Parser.Tactic.simp took 4.35ms
tactic execution of Lean.Parser.Tactic.tacticSeq1Indented took 0.032ms
tactic execution of Lean.Parser.Tactic.tacticSeq took 0.0305ms
tactic execution of Lean.Parser.Tactic.skip took 0.0065ms
tactic execution of Lean.Parser.Tactic.tacticSeq1Indented took 0.028ms
tactic execution of Lean.Parser.Tactic.tacticSeq took 0.0512ms
tactic execution of Lean.Parser.Tactic.first took 0.0593ms
tactic execution of Lean.Parser.Tactic.tacticTry_ took 0.0386ms
typeclass inference of Decidable took 0.0766ms
typeclass inference of LE took 0.0141ms
typeclass inference of LE took 0.0127ms
typeclass inference of Decidable took 0.0108ms
typeclass inference of Decidable took 0.0105ms
instantiate metavars took 0.0023ms
tactic execution of Lean.Parser.Tactic.omega took 2.95ms
tactic execution of Lean.Parser.Tactic.tacticSeq1Indented took 0.339ms
tactic execution of Lean.Parser.Tactic.tacticSeq took 0.0324ms
tactic execution of Lean.Parser.Tactic.first took 0.031ms
tactic execution of tacticGet_elem_tactic_extensible took 0.094ms
tactic execution of Lean.Parser.Tactic.tacticSeq1Indented took 0.032ms
tactic execution of Lean.Parser.Tactic.tacticSeq took 0.0368ms
tactic execution of Lean.Parser.Tactic.first took 0.0991ms
tactic execution of tacticGet_elem_tactic took 0.0752ms
tactic execution of Lean.Parser.Tactic.tacticSeq1Indented took 0.0684ms
tactic execution of Lean.Parser.Tactic.tacticSeq took 0.136ms
tactic execution of Lean.Parser.Tactic.done took 0.0621ms
tactic execution of Lean.Parser.Tactic.tacticSeq1Indented took 0.0505ms
tactic execution of Lean.Parser.Tactic.tacticSeq took 0.0379ms
tactic execution of Lean.Parser.Tactic.assumption took 0.991ms
tactic execution of Lean.Parser.Tactic.tacticSeq1Indented took 0.0622ms
tactic execution of Lean.Parser.Tactic.tacticSeq took 0.0411ms
typeclass inference of LE took 0.267ms
typeclass inference of LE took 0.135ms
typeclass inference of LE took 0.183ms
typeclass inference of LE took 0.144ms
typeclass inference of LE took 0.195ms
typeclass inference of LE took 0.152ms
typeclass inference of LE took 0.166ms
typeclass inference of LE took 0.134ms
typeclass inference of LE took 0.161ms
typeclass inference of LE took 0.131ms
typeclass inference of LE took 0.281ms
typeclass inference of LE took 0.137ms
typeclass inference of LE took 0.165ms
typeclass inference of LE took 0.127ms
typeclass inference of LE took 0.238ms
typeclass inference of LE took 0.119ms
typeclass inference of LE took 0.155ms
typeclass inference of LE took 0.122ms
typeclass inference of LE took 0.143ms
typeclass inference of LE took 0.113ms
typeclass inference of LE took 0.147ms
typeclass inference of LE took 0.119ms
typeclass inference of LE took 0.142ms
typeclass inference of LE took 0.116ms
tactic execution of Lean.Parser.Tactic.rewriteSeq took 8.22ms
tactic execution of Lean.Parser.Tactic.tacticSeq1Indented took 0.0603ms
tactic execution of Lean.Parser.Tactic.tacticSeq took 0.0431ms
tactic execution of Lean.Parser.Tactic.paren took 0.035ms
tactic execution of Lean.Parser.Tactic.rwSeq took 0.0418ms
tactic execution of Lean.Parser.Tactic.tacticSeq1Indented took 0.0444ms
tactic execution of Lean.Parser.Tactic.tacticSeq took 0.0267ms
tactic execution of Lean.Parser.Tactic.skip took 0.007ms
tactic execution of Lean.Parser.Tactic.tacticSeq1Indented took 0.0359ms
tactic execution of Lean.Parser.Tactic.tacticSeq took 0.031ms
tactic execution of Lean.Parser.Tactic.first took 0.0578ms
tactic execution of Lean.Parser.Tactic.tacticTry_ took 0.0421ms
typeclass inference of LE took 0.154ms
typeclass inference of LT took 0.153ms
typeclass inference of LE took 0.124ms
typeclass inference of LT took 0.118ms
typeclass inference of LE took 0.148ms
typeclass inference of LT took 0.144ms
typeclass inference of LE took 0.127ms
typeclass inference of LT took 0.115ms
typeclass inference of LE took 0.156ms
typeclass inference of LT took 0.158ms
typeclass inference of LE took 0.229ms
typeclass inference of LT took 0.221ms
typeclass inference of LE took 0.249ms
typeclass inference of LT took 0.234ms
typeclass inference of LE took 0.193ms
typeclass inference of LT took 0.183ms
typeclass inference of LE took 0.246ms
typeclass inference of LT took 0.229ms
typeclass inference of LE took 0.191ms
typeclass inference of LT took 0.187ms
typeclass inference of LE took 0.283ms
typeclass inference of LT took 0.222ms
typeclass inference of LE took 0.179ms
typeclass inference of LT took 0.175ms
typeclass inference of LE took 0.216ms
typeclass inference of LT took 0.147ms
typeclass inference of LE took 0.124ms
typeclass inference of LT took 0.129ms
typeclass inference of LE took 0.158ms
typeclass inference of LT took 0.207ms
typeclass inference of LE took 0.159ms
typeclass inference of LT took 0.135ms
typeclass inference of LE took 0.161ms
typeclass inference of LT took 0.154ms
typeclass inference of LE took 0.118ms
typeclass inference of LT took 0.114ms
typeclass inference of LE took 0.183ms
typeclass inference of LT took 0.195ms
typeclass inference of LE took 0.178ms
typeclass inference of LT took 0.178ms
typeclass inference of LE took 0.169ms
typeclass inference of LT took 0.149ms
typeclass inference of LE took 0.121ms
typeclass inference of LT took 0.117ms
typeclass inference of LE took 0.136ms
typeclass inference of LT took 0.147ms
typeclass inference of LE took 0.121ms
typeclass inference of LT took 0.119ms
tactic execution of Lean.Parser.Tactic.rewriteSeq took 11.2ms
tactic execution of Lean.Parser.Tactic.tacticSeq1Indented took 0.055ms
tactic execution of Lean.Parser.Tactic.tacticSeq took 0.0448ms
tactic execution of Lean.Parser.Tactic.paren took 0.0538ms
tactic execution of Lean.Parser.Tactic.rwSeq took 0.0514ms
tactic execution of Lean.Parser.Tactic.tacticSeq1Indented took 0.0433ms
tactic execution of Lean.Parser.Tactic.tacticSeq took 0.0351ms
tactic execution of Lean.Parser.Tactic.skip took 0.0109ms
tactic execution of Lean.Parser.Tactic.tacticSeq1Indented took 0.0488ms
tactic execution of Lean.Parser.Tactic.tacticSeq took 0.0509ms
tactic execution of Lean.Parser.Tactic.first took 0.0697ms
tactic execution of Lean.Parser.Tactic.tacticTry_ took 0.0458ms
typeclass inference of LE took 0.62ms
typeclass inference of LE took 0.461ms
typeclass inference of LE took 0.443ms
typeclass inference of LE took 0.261ms
typeclass inference of LE took 0.313ms
typeclass inference of LE took 0.228ms
typeclass inference of LE took 0.235ms
typeclass inference of LE took 0.207ms
typeclass inference of LE took 0.228ms
typeclass inference of LE took 0.202ms
typeclass inference of LE took 0.425ms
typeclass inference of LE took 0.308ms
typeclass inference of LE took 0.271ms
typeclass inference of LE took 0.293ms
typeclass inference of LE took 0.247ms
typeclass inference of LE took 0.185ms
typeclass inference of LE took 0.208ms
typeclass inference of LE took 0.2ms
typeclass inference of LE took 0.233ms
typeclass inference of LE took 0.205ms
typeclass inference of LE took 0.267ms
typeclass inference of LE took 0.245ms
typeclass inference of LE took 0.258ms
typeclass inference of LE took 0.24ms
tactic execution of Lean.Parser.Tactic.rewriteSeq took 14.1ms
tactic execution of Lean.Parser.Tactic.tacticSeq1Indented took 0.0609ms
tactic execution of Lean.Parser.Tactic.tacticSeq took 0.0542ms
tactic execution of Lean.Parser.Tactic.paren took 0.0479ms
tactic execution of Lean.Parser.Tactic.rwSeq took 0.0543ms
tactic execution of Lean.Parser.Tactic.tacticSeq1Indented took 0.0482ms
tactic execution of Lean.Parser.Tactic.tacticSeq took 0.0568ms
tactic execution of Lean.Parser.Tactic.skip took 0.0113ms
tactic execution of Lean.Parser.Tactic.tacticSeq1Indented took 0.0457ms
tactic execution of Lean.Parser.Tactic.tacticSeq took 0.0486ms
tactic execution of Lean.Parser.Tactic.first took 0.0968ms
tactic execution of Lean.Parser.Tactic.tacticTry_ took 0.0752ms
typeclass inference of LE took 0.283ms
typeclass inference of LT took 0.238ms
typeclass inference of LE took 0.183ms
typeclass inference of LT took 0.187ms
typeclass inference of LE took 0.229ms
typeclass inference of LT took 0.196ms
typeclass inference of LE took 0.165ms
typeclass inference of LT took 0.169ms
typeclass inference of LE took 0.208ms
typeclass inference of LT took 0.187ms
typeclass inference of LE took 0.164ms
typeclass inference of LT took 0.161ms
typeclass inference of LE took 0.146ms
typeclass inference of LT took 0.142ms
typeclass inference of LE took 0.12ms
typeclass inference of LT took 0.11ms
typeclass inference of LE took 0.134ms
typeclass inference of LT took 0.141ms
typeclass inference of LE took 0.116ms
typeclass inference of LT took 0.111ms
typeclass inference of LE took 0.137ms
typeclass inference of LT took 0.138ms
typeclass inference of LE took 0.118ms
typeclass inference of LT took 0.134ms
typeclass inference of LE took 0.145ms
typeclass inference of LT took 0.129ms
typeclass inference of LE took 0.114ms
typeclass inference of LT took 0.107ms
typeclass inference of LE took 0.138ms
typeclass inference of LT took 0.125ms
typeclass inference of LE took 0.112ms
typeclass inference of LT took 0.112ms
typeclass inference of LE took 0.142ms
typeclass inference of LT took 0.224ms
typeclass inference of LE took 0.149ms
typeclass inference of LT took 0.116ms
typeclass inference of LE took 0.417ms
typeclass inference of LT took 0.255ms
typeclass inference of LE took 0.254ms
typeclass inference of LT took 0.235ms
typeclass inference of LE took 0.3ms
typeclass inference of LT took 0.238ms
typeclass inference of LE took 0.177ms
typeclass inference of LT took 0.165ms
typeclass inference of LE took 0.233ms
typeclass inference of LT took 0.231ms
typeclass inference of LE took 0.212ms
typeclass inference of LT took 0.169ms
tactic execution of Lean.Parser.Tactic.rewriteSeq took 12.2ms
tactic execution of Lean.Parser.Tactic.tacticSeq1Indented took 0.0885ms
tactic execution of Lean.Parser.Tactic.tacticSeq took 0.0419ms
tactic execution of Lean.Parser.Tactic.paren took 0.0511ms
tactic execution of Lean.Parser.Tactic.rwSeq took 0.0735ms
tactic execution of Lean.Parser.Tactic.tacticSeq1Indented took 0.0595ms
tactic execution of Lean.Parser.Tactic.tacticSeq took 0.0426ms
tactic execution of Lean.Parser.Tactic.skip took 0.0111ms
tactic execution of Lean.Parser.Tactic.tacticSeq1Indented took 0.0566ms
tactic execution of Lean.Parser.Tactic.tacticSeq took 0.0685ms
tactic execution of Lean.Parser.Tactic.first took 0.0964ms
tactic execution of Lean.Parser.Tactic.tacticTry_ took 0.0935ms
typeclass inference of LT took 0.294ms
typeclass inference of LT took 0.185ms
typeclass inference of LT took 0.177ms
typeclass inference of LT took 0.12ms
typeclass inference of LT took 0.146ms
typeclass inference of LT took 0.114ms
typeclass inference of LT took 0.154ms
typeclass inference of LT took 0.117ms
typeclass inference of LT took 0.133ms
typeclass inference of LT took 0.119ms
typeclass inference of LT took 0.134ms
typeclass inference of LT took 0.13ms
typeclass inference of LT took 0.145ms
typeclass inference of LT took 0.119ms
typeclass inference of LT took 0.164ms
typeclass inference of LT took 0.138ms
typeclass inference of LT took 0.147ms
typeclass inference of LT took 0.115ms
typeclass inference of LT took 0.168ms
typeclass inference of LT took 0.131ms
typeclass inference of LT took 0.135ms
typeclass inference of LT took 0.118ms
typeclass inference of LT took 0.146ms
typeclass inference of LT took 0.131ms
tactic execution of Lean.Parser.Tactic.rewriteSeq took 8.21ms
tactic execution of Lean.Parser.Tactic.tacticSeq1Indented took 0.0417ms
tactic execution of Lean.Parser.Tactic.tacticSeq took 0.0273ms
tactic execution of Lean.Parser.Tactic.paren took 0.032ms
tactic execution of Lean.Parser.Tactic.rwSeq took 0.0367ms
tactic execution of Lean.Parser.Tactic.tacticSeq1Indented took 0.0315ms
tactic execution of Lean.Parser.Tactic.tacticSeq took 0.0254ms
tactic execution of Lean.Parser.Tactic.skip took 0.0072ms
tactic execution of Lean.Parser.Tactic.tacticSeq1Indented took 0.0284ms
tactic execution of Lean.Parser.Tactic.tacticSeq took 0.0306ms
tactic execution of Lean.Parser.Tactic.first took 0.0599ms
tactic execution of Lean.Parser.Tactic.tacticTry_ took 0.0571ms
typeclass inference of LT took 0.248ms
typeclass inference of LT took 0.197ms
typeclass inference of LT took 0.265ms
typeclass inference of LT took 0.199ms
typeclass inference of LT took 0.259ms
typeclass inference of LT took 0.216ms
typeclass inference of LT took 0.233ms
typeclass inference of LT took 0.204ms
typeclass inference of LT took 0.15ms
typeclass inference of LT took 0.142ms
typeclass inference of LT took 0.158ms
typeclass inference of LT took 0.134ms
typeclass inference of LT took 0.166ms
typeclass inference of LT took 0.135ms
typeclass inference of LT took 0.164ms
typeclass inference of LT took 0.135ms
typeclass inference of LT took 0.186ms
typeclass inference of LT took 0.127ms
typeclass inference of LT took 0.146ms
typeclass inference of LT took 0.115ms
typeclass inference of LT took 0.142ms
typeclass inference of LT took 0.124ms
typeclass inference of LT took 0.142ms
typeclass inference of LT took 0.12ms
tactic execution of Lean.Parser.Tactic.rewriteSeq took 8.95ms
tactic execution of Lean.Parser.Tactic.tacticSeq1Indented took 0.0851ms
tactic execution of Lean.Parser.Tactic.tacticSeq took 0.0523ms
tactic execution of Lean.Parser.Tactic.paren took 0.0473ms
tactic execution of Lean.Parser.Tactic.rwSeq took 0.0374ms
tactic execution of Lean.Parser.Tactic.tacticSeq1Indented took 0.0305ms
tactic execution of Lean.Parser.Tactic.tacticSeq took 0.0229ms
tactic execution of Lean.Parser.Tactic.skip took 0.0073ms
tactic execution of Lean.Parser.Tactic.tacticSeq1Indented took 0.0302ms
tactic execution of Lean.Parser.Tactic.tacticSeq took 0.0338ms
tactic execution of Lean.Parser.Tactic.first took 0.058ms
tactic execution of Lean.Parser.Tactic.tacticTry_ took 0.0543ms
typeclass inference of LE took 0.248ms
typeclass inference of LE took 0.124ms
typeclass inference of LE took 0.149ms
typeclass inference of LE took 0.113ms
typeclass inference of LE took 0.19ms
typeclass inference of LE took 0.119ms
typeclass inference of LE took 0.134ms
typeclass inference of LE took 0.121ms
typeclass inference of LE took 0.145ms
typeclass inference of LE took 0.118ms
typeclass inference of LE took 0.166ms
typeclass inference of LE took 0.165ms
typeclass inference of LE took 0.162ms
typeclass inference of LE took 0.124ms
typeclass inference of LE took 0.154ms
typeclass inference of LE took 0.115ms
typeclass inference of LE took 0.147ms
typeclass inference of LE took 0.114ms
typeclass inference of LE took 0.146ms
typeclass inference of LE took 0.121ms
typeclass inference of LE took 0.149ms
typeclass inference of LE took 0.112ms
typeclass inference of LE took 0.141ms
typeclass inference of LE took 0.113ms
tactic execution of Lean.Parser.Tactic.rewriteSeq took 7.44ms
tactic execution of Lean.Parser.Tactic.tacticSeq1Indented took 0.0395ms
tactic execution of Lean.Parser.Tactic.tacticSeq took 0.0252ms
tactic execution of Lean.Parser.Tactic.paren took 0.0294ms
tactic execution of Lean.Parser.Tactic.rwSeq took 0.0373ms
tactic execution of Lean.Parser.Tactic.tacticSeq1Indented took 0.029ms
tactic execution of Lean.Parser.Tactic.tacticSeq took 0.0278ms
tactic execution of Lean.Parser.Tactic.skip took 0.0072ms
tactic execution of Lean.Parser.Tactic.tacticSeq1Indented took 0.0284ms
tactic execution of Lean.Parser.Tactic.tacticSeq took 0.0311ms
tactic execution of Lean.Parser.Tactic.first took 0.0607ms
tactic execution of Lean.Parser.Tactic.tacticTry_ took 0.0621ms
typeclass inference of LT took 0.177ms
typeclass inference of LT took 0.12ms
typeclass inference of LT took 0.147ms
typeclass inference of LT took 0.117ms
typeclass inference of LT took 0.155ms
typeclass inference of LT took 0.123ms
typeclass inference of LT took 0.136ms
typeclass inference of LT took 0.18ms
typeclass inference of LT took 0.156ms
typeclass inference of LT took 0.178ms
typeclass inference of LT took 0.198ms
typeclass inference of LT took 0.139ms
typeclass inference of LT took 0.228ms
typeclass inference of LT took 0.177ms
typeclass inference of LT took 0.169ms
typeclass inference of LT took 0.124ms
typeclass inference of LT took 0.168ms
typeclass inference of LT took 0.119ms
typeclass inference of LT took 0.171ms
typeclass inference of LT took 0.217ms
typeclass inference of LT took 0.303ms
typeclass inference of LT took 0.208ms
typeclass inference of LT took 0.21ms
typeclass inference of LT took 0.139ms
tactic execution of Lean.Parser.Tactic.rewriteSeq took 8.97ms
tactic execution of Lean.Parser.Tactic.tacticSeq1Indented took 0.0437ms
tactic execution of Lean.Parser.Tactic.tacticSeq took 0.0329ms
tactic execution of Lean.Parser.Tactic.paren took 0.0311ms
tactic execution of Lean.Parser.Tactic.rwSeq took 0.0376ms
tactic execution of Lean.Parser.Tactic.tacticSeq1Indented took 0.0307ms
tactic execution of Lean.Parser.Tactic.tacticSeq took 0.0233ms
tactic execution of Lean.Parser.Tactic.skip took 0.0072ms
tactic execution of Lean.Parser.Tactic.tacticSeq1Indented took 0.0309ms
tactic execution of Lean.Parser.Tactic.tacticSeq took 0.0349ms
tactic execution of Lean.Parser.Tactic.first took 0.0564ms
tactic execution of Lean.Parser.Tactic.tacticTry_ took 0.0511ms
tactic execution of Lean.Parser.Tactic.rewriteSeq took 4.79ms
tactic execution of Lean.Parser.Tactic.tacticSeq1Indented took 0.0512ms
tactic execution of Lean.Parser.Tactic.tacticSeq took 0.0333ms
tactic execution of Lean.Parser.Tactic.paren took 0.0346ms
tactic execution of Lean.Parser.Tactic.rwSeq took 0.0369ms
tactic execution of Lean.Parser.Tactic.tacticSeq1Indented took 0.0309ms
tactic execution of Lean.Parser.Tactic.tacticSeq took 0.0238ms
tactic execution of Lean.Parser.Tactic.skip took 0.0073ms
tactic execution of Lean.Parser.Tactic.tacticSeq1Indented took 0.0281ms
tactic execution of Lean.Parser.Tactic.tacticSeq took 0.0287ms
tactic execution of Lean.Parser.Tactic.first took 0.0548ms
tactic execution of Lean.Parser.Tactic.tacticTry_ took 0.0464ms
dsimp took 0.344ms
tactic execution of Lean.Parser.Tactic.dsimp took 0.651ms
tactic execution of Lean.Parser.Tactic.tacticSeq1Indented took 0.0303ms
tactic execution of Lean.Parser.Tactic.tacticSeq took 0.0238ms
tactic execution of Lean.Parser.Tactic.first took 0.0286ms
tactic execution of Lean.Parser.Tactic.tacticTry_ took 0.0381ms
congr simp thm took 0.0083ms
congr simp thm took 0.0046ms
congr simp thm took 0.0106ms
congr simp thm took 0.0043ms
simp took 0.603ms
simp took 0.0242ms
tactic execution of Lean.Parser.Tactic.simp took 5.58ms
tactic execution of Lean.Parser.Tactic.tacticSeq1Indented took 0.0335ms
tactic execution of Lean.Parser.Tactic.tacticSeq took 0.0256ms
tactic execution of Lean.Parser.Tactic.skip took 0.0067ms
tactic execution of Lean.Parser.Tactic.tacticSeq1Indented took 0.0384ms
tactic execution of Lean.Parser.Tactic.tacticSeq took 0.0331ms
tactic execution of Lean.Parser.Tactic.first took 0.0538ms
tactic execution of Lean.Parser.Tactic.tacticTry_ took 0.0384ms
typeclass inference of Decidable took 0.0709ms
typeclass inference of LE took 0.0145ms
typeclass inference of LE took 0.0129ms
typeclass inference of Decidable took 0.0108ms
typeclass inference of Decidable took 0.0102ms
instantiate metavars took 0.0024ms
tactic execution of Lean.Parser.Tactic.omega took 2.92ms
tactic execution of Lean.Parser.Tactic.tacticSeq1Indented took 0.347ms
tactic execution of Lean.Parser.Tactic.tacticSeq took 0.0338ms
tactic execution of Lean.Parser.Tactic.first took 0.035ms
tactic execution of tacticGet_elem_tactic_extensible took 0.0553ms
tactic execution of Lean.Parser.Tactic.tacticSeq1Indented took 0.0337ms
tactic execution of Lean.Parser.Tactic.tacticSeq took 0.0319ms
tactic execution of Lean.Parser.Tactic.first took 0.102ms
tactic execution of tacticGet_elem_tactic took 0.0325ms
tactic execution of Lean.Parser.Tactic.tacticSeq1Indented took 0.0237ms
tactic execution of Lean.Parser.Tactic.tacticSeq took 0.0991ms
tactic execution of Lean.Parser.Tactic.done took 0.0598ms
tactic execution of Lean.Parser.Tactic.tacticSeq1Indented took 0.0464ms
tactic execution of Lean.Parser.Tactic.tacticSeq took 0.0244ms
tactic execution of Lean.Parser.Tactic.assumption took 0.449ms
tactic execution of Lean.Parser.Tactic.tacticSeq1Indented took 0.0418ms
tactic execution of Lean.Parser.Tactic.tacticSeq took 0.0265ms
typeclass inference of LE took 0.208ms
typeclass inference of LE took 0.131ms
typeclass inference of LE took 0.161ms
typeclass inference of LE took 0.132ms
typeclass inference of LE took 0.146ms
typeclass inference of LE took 0.137ms
typeclass inference of LE took 0.34ms
typeclass inference of LE took 0.223ms
typeclass inference of LE took 0.169ms
typeclass inference of LE took 0.136ms
typeclass inference of LE took 0.168ms
typeclass inference of LE took 0.126ms
typeclass inference of LE took 0.163ms
typeclass inference of LE took 0.149ms
typeclass inference of LE took 0.148ms
typeclass inference of LE took 0.139ms
typeclass inference of LE took 0.165ms
typeclass inference of LE took 0.132ms
typeclass inference of LE took 0.147ms
typeclass inference of LE took 0.136ms
tactic execution of Lean.Parser.Tactic.rewriteSeq took 7.31ms
tactic execution of Lean.Parser.Tactic.tacticSeq1Indented took 0.041ms
tactic execution of Lean.Parser.Tactic.tacticSeq took 0.0302ms
tactic execution of Lean.Parser.Tactic.paren took 0.0333ms
tactic execution of Lean.Parser.Tactic.rwSeq took 0.0392ms
tactic execution of Lean.Parser.Tactic.tacticSeq1Indented took 0.0426ms
tactic execution of Lean.Parser.Tactic.tacticSeq took 0.0229ms
tactic execution of Lean.Parser.Tactic.skip took 0.0085ms
tactic execution of Lean.Parser.Tactic.tacticSeq1Indented took 0.0322ms
tactic execution of Lean.Parser.Tactic.tacticSeq took 0.0422ms
tactic execution of Lean.Parser.Tactic.first took 0.0726ms
tactic execution of Lean.Parser.Tactic.tacticTry_ took 0.0335ms
typeclass inference of LE took 0.173ms
typeclass inference of LT took 0.202ms
typeclass inference of LE took 0.132ms
typeclass inference of LT took 0.12ms
typeclass inference of LE took 0.227ms
typeclass inference of LT took 0.135ms
typeclass inference of LE took 0.116ms
typeclass inference of LT took 0.113ms
typeclass inference of LE took 0.144ms
typeclass inference of LT took 0.129ms
typeclass inference of LE took 0.114ms
typeclass inference of LT took 0.114ms
typeclass inference of LE took 0.133ms
typeclass inference of LT took 0.14ms
typeclass inference of LE took 0.116ms
typeclass inference of LT took 0.114ms
typeclass inference of LE took 0.216ms
typeclass inference of LT took 0.152ms
typeclass inference of LE took 0.123ms
typeclass inference of LT took 0.142ms
typeclass inference of LE took 0.148ms
typeclass inference of LT took 0.183ms
typeclass inference of LE took 0.117ms
typeclass inference of LT took 0.112ms
typeclass inference of LE took 0.2ms
typeclass inference of LT took 0.147ms
typeclass inference of LE took 0.125ms
typeclass inference of LT took 0.114ms
typeclass inference of LE took 0.183ms
typeclass inference of LT took 0.164ms
typeclass inference of LE took 0.116ms
typeclass inference of LT took 0.113ms
typeclass inference of LE took 0.145ms
typeclass inference of LT took 0.134ms
typeclass inference of LE took 0.114ms
typeclass inference of LT took 0.109ms
typeclass inference of LE took 0.146ms
typeclass inference of LT took 0.124ms
typeclass inference of LE took 0.117ms
typeclass inference of LT took 0.127ms
tactic execution of Lean.Parser.Tactic.rewriteSeq took 7.83ms
tactic execution of Lean.Parser.Tactic.tacticSeq1Indented took 0.0449ms
tactic execution of Lean.Parser.Tactic.tacticSeq took 0.0375ms
tactic execution of Lean.Parser.Tactic.paren took 0.0346ms
tactic execution of Lean.Parser.Tactic.rwSeq took 0.0508ms
tactic execution of Lean.Parser.Tactic.tacticSeq1Indented took 0.0326ms
tactic execution of Lean.Parser.Tactic.tacticSeq took 0.0251ms
tactic execution of Lean.Parser.Tactic.skip took 0.0073ms
tactic execution of Lean.Parser.Tactic.tacticSeq1Indented took 0.0287ms
tactic execution of Lean.Parser.Tactic.tacticSeq took 0.0306ms
tactic execution of Lean.Parser.Tactic.first took 0.0606ms
tactic execution of Lean.Parser.Tactic.tacticTry_ took 0.0667ms
typeclass inference of LE took 0.237ms
typeclass inference of LE took 0.124ms
typeclass inference of LE took 0.159ms
typeclass inference of LE took 0.12ms
typeclass inference of LE took 0.128ms
typeclass inference of LE took 0.115ms
typeclass inference of LE took 0.157ms
typeclass inference of LE took 0.117ms
typeclass inference of LE took 0.144ms
typeclass inference of LE took 0.116ms
typeclass inference of LE took 0.147ms
typeclass inference of LE took 0.132ms
typeclass inference of LE took 0.143ms
typeclass inference of LE took 0.117ms
typeclass inference of LE took 0.149ms
typeclass inference of LE took 0.125ms
typeclass inference of LE took 0.13ms
typeclass inference of LE took 0.124ms
typeclass inference of LE took 0.147ms
typeclass inference of LE took 0.124ms
tactic execution of Lean.Parser.Tactic.rewriteSeq took 6.16ms
tactic execution of Lean.Parser.Tactic.tacticSeq1Indented took 0.0492ms
tactic execution of Lean.Parser.Tactic.tacticSeq took 0.026ms
tactic execution of Lean.Parser.Tactic.paren took 0.0245ms
tactic execution of Lean.Parser.Tactic.rwSeq took 0.0353ms
tactic execution of Lean.Parser.Tactic.tacticSeq1Indented took 0.0299ms
tactic execution of Lean.Parser.Tactic.tacticSeq took 0.0224ms
tactic execution of Lean.Parser.Tactic.skip took 0.0075ms
tactic execution of Lean.Parser.Tactic.tacticSeq1Indented took 0.0286ms
tactic execution of Lean.Parser.Tactic.tacticSeq took 0.0384ms
tactic execution of Lean.Parser.Tactic.first took 0.0576ms
tactic execution of Lean.Parser.Tactic.tacticTry_ took 0.044ms
typeclass inference of LE took 0.148ms
typeclass inference of LT took 0.164ms
typeclass inference of LE took 0.128ms
typeclass inference of LT took 0.123ms
typeclass inference of LE took 0.141ms
typeclass inference of LT took 0.181ms
typeclass inference of LE took 0.262ms
typeclass inference of LT took 0.218ms
typeclass inference of LE took 0.268ms
typeclass inference of LT took 0.304ms
typeclass inference of LE took 0.157ms
typeclass inference of LT took 0.159ms
typeclass inference of LE took 0.164ms
typeclass inference of LT took 0.192ms
typeclass inference of LE took 0.179ms
typeclass inference of LT took 0.14ms
typeclass inference of LE took 0.273ms
typeclass inference of LT took 0.251ms
typeclass inference of LE took 0.199ms
typeclass inference of LT took 0.189ms
typeclass inference of LE took 0.241ms
typeclass inference of LT took 0.246ms
typeclass inference of LE took 0.229ms
typeclass inference of LT took 0.213ms
typeclass inference of LE took 0.219ms
typeclass inference of LT took 0.245ms
typeclass inference of LE took 0.18ms
typeclass inference of LT took 0.164ms
typeclass inference of LE took 0.227ms
typeclass inference of LT took 0.226ms
typeclass inference of LE took 0.132ms
typeclass inference of LT took 0.135ms
typeclass inference of LE took 0.147ms
typeclass inference of LT took 0.156ms
typeclass inference of LE took 0.133ms
typeclass inference of LT took 0.13ms
typeclass inference of LE took 0.151ms
typeclass inference of LT took 0.172ms
typeclass inference of LE took 0.129ms
typeclass inference of LT took 0.114ms
tactic execution of Lean.Parser.Tactic.rewriteSeq took 10.3ms
tactic execution of Lean.Parser.Tactic.tacticSeq1Indented took 0.0414ms
tactic execution of Lean.Parser.Tactic.tacticSeq took 0.0248ms
tactic execution of Lean.Parser.Tactic.paren took 0.03ms
tactic execution of Lean.Parser.Tactic.rwSeq took 0.0451ms
tactic execution of Lean.Parser.Tactic.tacticSeq1Indented took 0.0296ms
tactic execution of Lean.Parser.Tactic.tacticSeq took 0.0234ms
tactic execution of Lean.Parser.Tactic.skip took 0.0074ms
tactic execution of Lean.Parser.Tactic.tacticSeq1Indented took 0.0291ms
tactic execution of Lean.Parser.Tactic.tacticSeq took 0.0308ms
tactic execution of Lean.Parser.Tactic.first took 0.0573ms
tactic execution of Lean.Parser.Tactic.tacticTry_ took 0.0507ms
typeclass inference of LT took 0.17ms
typeclass inference of LT took 0.115ms
typeclass inference of LT took 0.168ms
typeclass inference of LT took 0.116ms
typeclass inference of LT took 0.144ms
typeclass inference of LT took 0.116ms
typeclass inference of LT took 0.141ms
typeclass inference of LT took 0.116ms
typeclass inference of LT took 0.151ms
typeclass inference of LT took 0.119ms
typeclass inference of LT took 0.135ms
typeclass inference of LT took 0.191ms
typeclass inference of LT took 0.239ms
typeclass inference of LT took 0.207ms
typeclass inference of LT took 0.222ms
typeclass inference of LT took 0.129ms
typeclass inference of LT took 0.141ms
typeclass inference of LT took 0.12ms
typeclass inference of LT took 0.209ms
typeclass inference of LT took 0.183ms
tactic execution of Lean.Parser.Tactic.rewriteSeq took 7.25ms
tactic execution of Lean.Parser.Tactic.tacticSeq1Indented took 0.0493ms
tactic execution of Lean.Parser.Tactic.tacticSeq took 0.0337ms
tactic execution of Lean.Parser.Tactic.paren took 0.0415ms
tactic execution of Lean.Parser.Tactic.rwSeq took 0.0566ms
tactic execution of Lean.Parser.Tactic.tacticSeq1Indented took 0.0399ms
tactic execution of Lean.Parser.Tactic.tacticSeq took 0.0555ms
tactic execution of Lean.Parser.Tactic.skip took 0.0108ms
tactic execution of Lean.Parser.Tactic.tacticSeq1Indented took 0.0439ms
tactic execution of Lean.Parser.Tactic.tacticSeq took 0.0491ms
tactic execution of Lean.Parser.Tactic.first took 0.11ms
tactic execution of Lean.Parser.Tactic.tacticTry_ took 0.0652ms
typeclass inference of LT took 0.246ms
typeclass inference of LT took 0.169ms
typeclass inference of LT took 0.21ms
typeclass inference of LT took 0.173ms
typeclass inference of LT took 0.888ms
typeclass inference of LT took 0.155ms
typeclass inference of LT took 0.365ms
typeclass inference of LT took 0.212ms
typeclass inference of LT took 0.254ms
typeclass inference of LT took 0.19ms
typeclass inference of LT took 0.263ms
typeclass inference of LT took 0.18ms
typeclass inference of LT took 0.161ms
typeclass inference of LT took 0.122ms
typeclass inference of LT took 0.164ms
typeclass inference of LT took 0.117ms
typeclass inference of LT took 0.153ms
typeclass inference of LT took 0.122ms
typeclass inference of LT took 0.134ms
typeclass inference of LT took 0.129ms
tactic execution of Lean.Parser.Tactic.rewriteSeq took 8.37ms
tactic execution of Lean.Parser.Tactic.tacticSeq1Indented took 0.0475ms
tactic execution of Lean.Parser.Tactic.tacticSeq took 0.0269ms
tactic execution of Lean.Parser.Tactic.paren took 0.0361ms
tactic execution of Lean.Parser.Tactic.rwSeq took 0.058ms
tactic execution of Lean.Parser.Tactic.tacticSeq1Indented took 0.0269ms
tactic execution of Lean.Parser.Tactic.tacticSeq took 0.0255ms
tactic execution of Lean.Parser.Tactic.skip took 0.0068ms
tactic execution of Lean.Parser.Tactic.tacticSeq1Indented took 0.0281ms
tactic execution of Lean.Parser.Tactic.tacticSeq took 0.0304ms
tactic execution of Lean.Parser.Tactic.first took 0.0584ms
tactic execution of Lean.Parser.Tactic.tacticTry_ took 0.0789ms
typeclass inference of LE took 0.182ms
typeclass inference of LE took 0.117ms
typeclass inference of LE took 0.151ms
typeclass inference of LE took 0.116ms
typeclass inference of LE took 0.15ms
typeclass inference of LE took 0.116ms
typeclass inference of LE took 0.14ms
typeclass inference of LE took 0.115ms
typeclass inference of LE took 0.134ms
typeclass inference of LE took 0.126ms
typeclass inference of LE took 0.145ms
typeclass inference of LE took 0.136ms
typeclass inference of LE took 0.156ms
typeclass inference of LE took 0.117ms
typeclass inference of LE took 0.163ms
typeclass inference of LE took 0.127ms
typeclass inference of LE took 0.137ms
typeclass inference of LE took 0.114ms
typeclass inference of LE took 0.149ms
typeclass inference of LE took 0.123ms
tactic execution of Lean.Parser.Tactic.rewriteSeq took 6.14ms
tactic execution of Lean.Parser.Tactic.tacticSeq1Indented took 0.0417ms
tactic execution of Lean.Parser.Tactic.tacticSeq took 0.0247ms
tactic execution of Lean.Parser.Tactic.paren took 0.0288ms
tactic execution of Lean.Parser.Tactic.rwSeq took 0.0348ms
tactic execution of Lean.Parser.Tactic.tacticSeq1Indented took 0.028ms
tactic execution of Lean.Parser.Tactic.tacticSeq took 0.0287ms
tactic execution of Lean.Parser.Tactic.skip took 0.0085ms
tactic execution of Lean.Parser.Tactic.tacticSeq1Indented took 0.0328ms
tactic execution of Lean.Parser.Tactic.tacticSeq took 0.0342ms
tactic execution of Lean.Parser.Tactic.first took 0.055ms
tactic execution of Lean.Parser.Tactic.tacticTry_ took 0.0386ms
typeclass inference of LT took 0.161ms
typeclass inference of LT took 0.126ms
typeclass inference of LT took 0.186ms
typeclass inference of LT took 0.128ms
typeclass inference of LT took 0.155ms
typeclass inference of LT took 0.117ms
typeclass inference of LT took 0.147ms
typeclass inference of LT took 0.116ms
typeclass inference of LT took 0.155ms
typeclass inference of LT took 0.125ms
typeclass inference of LT took 0.17ms
typeclass inference of LT took 0.115ms
typeclass inference of LT took 0.13ms
typeclass inference of LT took 0.125ms
typeclass inference of LT took 0.18ms
typeclass inference of LT took 0.115ms
typeclass inference of LT took 0.132ms
typeclass inference of LT took 0.13ms
typeclass inference of LT took 0.151ms
typeclass inference of LT took 0.126ms
tactic execution of Lean.Parser.Tactic.rewriteSeq took 6.14ms
tactic execution of Lean.Parser.Tactic.tacticSeq1Indented took 0.0365ms
tactic execution of Lean.Parser.Tactic.tacticSeq took 0.0244ms
tactic execution of Lean.Parser.Tactic.paren took 0.029ms
tactic execution of Lean.Parser.Tactic.rwSeq took 0.108ms
tactic execution of Lean.Parser.Tactic.tacticSeq1Indented took 0.0323ms
tactic execution of Lean.Parser.Tactic.tacticSeq took 0.0249ms
tactic execution of Lean.Parser.Tactic.skip took 0.0062ms
tactic execution of Lean.Parser.Tactic.tacticSeq1Indented took 0.0283ms
tactic execution of Lean.Parser.Tactic.tacticSeq took 0.0286ms
tactic execution of Lean.Parser.Tactic.first took 0.0617ms
tactic execution of Lean.Parser.Tactic.tacticTry_ took 0.0443ms
tactic execution of Lean.Parser.Tactic.rewriteSeq took 3.97ms
tactic execution of Lean.Parser.Tactic.tacticSeq1Indented took 0.0472ms
tactic execution of Lean.Parser.Tactic.tacticSeq took 0.0249ms
tactic execution of Lean.Parser.Tactic.paren took 0.0289ms
tactic execution of Lean.Parser.Tactic.rwSeq took 0.0331ms
tactic execution of Lean.Parser.Tactic.tacticSeq1Indented took 0.028ms
tactic execution of Lean.Parser.Tactic.tacticSeq took 0.0274ms
tactic execution of Lean.Parser.Tactic.skip took 0.0139ms
tactic execution of Lean.Parser.Tactic.tacticSeq1Indented took 0.0279ms
tactic execution of Lean.Parser.Tactic.tacticSeq took 0.0254ms
tactic execution of Lean.Parser.Tactic.first took 0.0513ms
tactic execution of Lean.Parser.Tactic.tacticTry_ took 0.0352ms
dsimp took 0.313ms
tactic execution of Lean.Parser.Tactic.dsimp took 0.572ms
tactic execution of Lean.Parser.Tactic.tacticSeq1Indented took 0.0293ms
tactic execution of Lean.Parser.Tactic.tacticSeq took 0.0238ms
tactic execution of Lean.Parser.Tactic.skip took 0.0056ms
tactic execution of Lean.Parser.Tactic.tacticSeq1Indented took 0.0265ms
tactic execution of Lean.Parser.Tactic.tacticSeq took 0.0266ms
tactic execution of Lean.Parser.Tactic.first took 0.0515ms
tactic execution of Lean.Parser.Tactic.tacticTry_ took 0.0351ms
congr simp thm took 0.0073ms
congr simp thm took 0.0042ms
congr simp thm took 0.0727ms
simp took 0.446ms
simp took 0.0246ms
tactic execution of Lean.Parser.Tactic.simp took 3.98ms
tactic execution of Lean.Parser.Tactic.tacticSeq1Indented took 0.0282ms
tactic execution of Lean.Parser.Tactic.tacticSeq took 0.0231ms
tactic execution of Lean.Parser.Tactic.skip took 0.0058ms
tactic execution of Lean.Parser.Tactic.tacticSeq1Indented took 0.0271ms
tactic execution of Lean.Parser.Tactic.tacticSeq took 0.0371ms
tactic execution of Lean.Parser.Tactic.first took 0.0514ms
tactic execution of Lean.Parser.Tactic.tacticTry_ took 0.0338ms
typeclass inference of Decidable took 0.281ms
typeclass inference of LE took 0.014ms
typeclass inference of LE took 0.0124ms
typeclass inference of Decidable took 0.011ms
typeclass inference of Decidable took 0.0105ms
instantiate metavars took 0.0023ms
type checking took 10.5ms
tactic execution of Lean.Parser.Tactic.omega took 2.97ms
tactic execution of Lean.Parser.Tactic.tacticSeq1Indented took 0.345ms
tactic execution of Lean.Parser.Tactic.tacticSeq took 0.0306ms
tactic execution of Lean.Parser.Tactic.first took 0.0333ms
tactic execution of tacticGet_elem_tactic_extensible took 0.0529ms
tactic execution of Lean.Parser.Tactic.tacticSeq1Indented took 0.0452ms
tactic execution of Lean.Parser.Tactic.tacticSeq took 0.0273ms
tactic execution of Lean.Parser.Tactic.first took 0.0869ms
tactic execution of tacticGet_elem_tactic took 0.0391ms
tactic execution of Lean.Parser.Tactic.tacticSeq1Indented took 0.0239ms
tactic execution of Lean.Parser.Tactic.tacticSeq took 0.688ms
tactic execution of Lean.Parser.Tactic.done took 0.0757ms
tactic execution of Lean.Parser.Tactic.tacticSeq1Indented took 0.0452ms
tactic execution of Lean.Parser.Tactic.tacticSeq took 0.0253ms
tactic execution of Lean.Parser.Tactic.assumption took 0.545ms
tactic execution of Lean.Parser.Tactic.tacticSeq1Indented took 0.0444ms
tactic execution of Lean.Parser.Tactic.tacticSeq took 0.0287ms
typeclass inference of LE took 0.18ms
typeclass inference of LE took 0.142ms
typeclass inference of LE took 0.135ms
typeclass inference of LE took 0.118ms
typeclass inference of LE took 0.135ms
typeclass inference of LE took 0.136ms
typeclass inference of LE took 0.136ms
typeclass inference of LE took 0.121ms
typeclass inference of LE took 0.135ms
typeclass inference of LE took 0.151ms
typeclass inference of LE took 0.137ms
typeclass inference of LE took 0.117ms
typeclass inference of LE took 0.134ms
typeclass inference of LE took 0.13ms
typeclass inference of LE took 0.138ms
typeclass inference of LE took 0.119ms
typeclass inference of LE took 0.135ms
typeclass inference of LE took 0.14ms
typeclass inference of LE took 0.147ms
typeclass inference of LE took 0.113ms
tactic execution of Lean.Parser.Tactic.rewriteSeq took 6.32ms
tactic execution of Lean.Parser.Tactic.tacticSeq1Indented took 0.0454ms
tactic execution of Lean.Parser.Tactic.tacticSeq took 0.0275ms
tactic execution of Lean.Parser.Tactic.paren took 0.0294ms
tactic execution of Lean.Parser.Tactic.rwSeq took 0.0345ms
tactic execution of Lean.Parser.Tactic.tacticSeq1Indented took 0.0307ms
tactic execution of Lean.Parser.Tactic.tacticSeq took 0.0225ms
tactic execution of Lean.Parser.Tactic.skip took 0.0101ms
tactic execution of Lean.Parser.Tactic.tacticSeq1Indented took 0.0381ms
tactic execution of Lean.Parser.Tactic.tacticSeq took 0.0299ms
tactic execution of Lean.Parser.Tactic.first took 0.0517ms
tactic execution of Lean.Parser.Tactic.tacticTry_ took 0.0325ms
typeclass inference of LE took 0.145ms
typeclass inference of LT took 0.172ms
typeclass inference of LE took 0.116ms
typeclass inference of LT took 0.111ms
typeclass inference of LE took 0.242ms
typeclass inference of LT took 0.132ms
typeclass inference of LE took 0.117ms
typeclass inference of LT took 0.11ms
typeclass inference of LE took 0.131ms
typeclass inference of LT took 0.126ms
typeclass inference of LE took 0.113ms
typeclass inference of LT took 0.12ms
typeclass inference of LE took 0.132ms
typeclass inference of LT took 0.128ms
typeclass inference of LE took 0.118ms
typeclass inference of LT took 0.114ms
typeclass inference of LE took 0.137ms
typeclass inference of LT took 0.131ms
typeclass inference of LE took 0.114ms
typeclass inference of LT took 0.112ms
typeclass inference of LE took 0.132ms
typeclass inference of LT took 0.127ms
typeclass inference of LE took 0.127ms
typeclass inference of LT took 0.11ms
typeclass inference of LE took 0.139ms
typeclass inference of LT took 0.125ms
typeclass inference of LE took 0.115ms
typeclass inference of LT took 0.109ms
typeclass inference of LE took 0.134ms
typeclass inference of LT took 0.129ms
typeclass inference of LE took 0.117ms
typeclass inference of LT took 0.117ms
typeclass inference of LE took 0.152ms
typeclass inference of LT took 0.129ms
typeclass inference of LE took 0.127ms
typeclass inference of LT took 0.114ms
typeclass inference of LE took 0.137ms
typeclass inference of LT took 0.138ms
typeclass inference of LE took 0.217ms
typeclass inference of LT took 0.135ms
tactic execution of Lean.Parser.Tactic.rewriteSeq took 7.3ms
tactic execution of Lean.Parser.Tactic.tacticSeq1Indented took 0.099ms
tactic execution of Lean.Parser.Tactic.tacticSeq took 0.0629ms
tactic execution of Lean.Parser.Tactic.paren took 0.0634ms
tactic execution of Lean.Parser.Tactic.rwSeq took 0.0615ms
tactic execution of Lean.Parser.Tactic.tacticSeq1Indented took 0.0518ms
tactic execution of Lean.Parser.Tactic.tacticSeq took 0.039ms
tactic execution of Lean.Parser.Tactic.skip took 0.0124ms
tactic execution of Lean.Parser.Tactic.tacticSeq1Indented took 0.0506ms
tactic execution of Lean.Parser.Tactic.tacticSeq took 0.0694ms
tactic execution of Lean.Parser.Tactic.first took 0.0883ms
tactic execution of Lean.Parser.Tactic.tacticTry_ took 0.0924ms
typeclass inference of LE took 0.191ms
typeclass inference of LE took 0.135ms
typeclass inference of LE took 0.17ms
typeclass inference of LE took 0.137ms
typeclass inference of LE took 0.154ms
typeclass inference of LE took 0.128ms
typeclass inference of LE took 0.199ms
typeclass inference of LE took 0.143ms
typeclass inference of LE took 0.145ms
typeclass inference of LE took 0.125ms
typeclass inference of LE took 0.145ms
typeclass inference of LE took 0.128ms
typeclass inference of LE took 0.145ms
typeclass inference of LE took 0.139ms
typeclass inference of LE took 0.179ms
typeclass inference of LE took 0.15ms
typeclass inference of LE took 0.361ms
typeclass inference of LE took 0.247ms
typeclass inference of LE took 0.268ms
typeclass inference of LE took 0.142ms
tactic execution of Lean.Parser.Tactic.rewriteSeq took 7.36ms
tactic execution of Lean.Parser.Tactic.tacticSeq1Indented took 0.0419ms
tactic execution of Lean.Parser.Tactic.tacticSeq took 0.0287ms
tactic execution of Lean.Parser.Tactic.paren took 0.0313ms
tactic execution of Lean.Parser.Tactic.rwSeq took 0.0372ms
tactic execution of Lean.Parser.Tactic.tacticSeq1Indented took 0.0311ms
tactic execution of Lean.Parser.Tactic.tacticSeq took 0.0269ms
tactic execution of Lean.Parser.Tactic.skip took 0.0082ms
tactic execution of Lean.Parser.Tactic.tacticSeq1Indented took 0.0321ms
tactic execution of Lean.Parser.Tactic.tacticSeq took 0.0348ms
tactic execution of Lean.Parser.Tactic.first took 0.058ms
tactic execution of Lean.Parser.Tactic.tacticTry_ took 0.0434ms
typeclass inference of LE took 0.247ms
typeclass inference of LT took 0.166ms
typeclass inference of LE took 0.134ms
typeclass inference of LT took 0.125ms
typeclass inference of LE took 0.414ms
typeclass inference of LT took 0.749ms
typeclass inference of LE took 0.369ms
typeclass inference of LT took 0.189ms
typeclass inference of LE took 0.196ms
typeclass inference of LT took 0.153ms
typeclass inference of LE took 0.13ms
typeclass inference of LT took 0.129ms
typeclass inference of LE took 0.16ms
typeclass inference of LT took 0.145ms
typeclass inference of LE took 0.12ms
typeclass inference of LT took 0.113ms
typeclass inference of LE took 0.152ms
typeclass inference of LT took 0.135ms
typeclass inference of LE took 0.113ms
typeclass inference of LT took 0.125ms
typeclass inference of LE took 0.139ms
typeclass inference of LT took 0.131ms
typeclass inference of LE took 0.113ms
typeclass inference of LT took 0.111ms
typeclass inference of LE took 0.13ms
typeclass inference of LT took 0.131ms
typeclass inference of LE took 0.115ms
typeclass inference of LT took 0.113ms
typeclass inference of LE took 0.157ms
typeclass inference of LT took 0.133ms
typeclass inference of LE took 0.126ms
typeclass inference of LT took 0.112ms
typeclass inference of LE took 0.148ms
typeclass inference of LT took 0.137ms
typeclass inference of LE took 0.123ms
typeclass inference of LT took 0.117ms
typeclass inference of LE took 0.142ms
typeclass inference of LT took 0.131ms
typeclass inference of LE took 0.13ms
typeclass inference of LT took 0.113ms
tactic execution of Lean.Parser.Tactic.rewriteSeq took 9ms
tactic execution of Lean.Parser.Tactic.tacticSeq1Indented took 0.0702ms
tactic execution of Lean.Parser.Tactic.tacticSeq took 0.0272ms
tactic execution of Lean.Parser.Tactic.paren took 0.0312ms
tactic execution of Lean.Parser.Tactic.rwSeq took 0.0824ms
tactic execution of Lean.Parser.Tactic.tacticSeq1Indented took 0.0317ms
tactic execution of Lean.Parser.Tactic.tacticSeq took 0.024ms
tactic execution of Lean.Parser.Tactic.skip took 0.0071ms
tactic execution of Lean.Parser.Tactic.tacticSeq1Indented took 0.0294ms
tactic execution of Lean.Parser.Tactic.tacticSeq took 0.0311ms
tactic execution of Lean.Parser.Tactic.first took 0.0515ms
tactic execution of Lean.Parser.Tactic.tacticTry_ took 0.0507ms
typeclass inference of LT took 0.148ms
typeclass inference of LT took 0.136ms
typeclass inference of LT took 0.145ms
typeclass inference of LT took 0.129ms
typeclass inference of LT took 0.141ms
typeclass inference of LT took 0.124ms
typeclass inference of LT took 0.138ms
typeclass inference of LT took 0.124ms
typeclass inference of LT took 0.236ms
typeclass inference of LT took 0.128ms
typeclass inference of LT took 0.181ms
typeclass inference of LT took 0.137ms
typeclass inference of LT took 0.154ms
typeclass inference of LT took 0.126ms
typeclass inference of LT took 0.155ms
typeclass inference of LT took 0.132ms
typeclass inference of LT took 0.144ms
typeclass inference of LT took 0.125ms
typeclass inference of LT took 0.156ms
typeclass inference of LT took 0.124ms
tactic execution of Lean.Parser.Tactic.rewriteSeq took 6.63ms
tactic execution of Lean.Parser.Tactic.tacticSeq1Indented took 0.0453ms
tactic execution of Lean.Parser.Tactic.tacticSeq took 0.0269ms
tactic execution of Lean.Parser.Tactic.paren took 0.0335ms
tactic execution of Lean.Parser.Tactic.rwSeq took 0.0345ms
tactic execution of Lean.Parser.Tactic.tacticSeq1Indented took 0.0292ms
tactic execution of Lean.Parser.Tactic.tacticSeq took 0.0226ms
tactic execution of Lean.Parser.Tactic.skip took 0.0073ms
tactic execution of Lean.Parser.Tactic.tacticSeq1Indented took 0.029ms
tactic execution of Lean.Parser.Tactic.tacticSeq took 0.0355ms
tactic execution of Lean.Parser.Tactic.first took 0.055ms
tactic execution of Lean.Parser.Tactic.tacticTry_ took 0.047ms
typeclass inference of LT took 0.158ms
typeclass inference of LT took 0.119ms
typeclass inference of LT took 0.148ms
typeclass inference of LT took 0.121ms
typeclass inference of LT took 0.138ms
typeclass inference of LT took 0.118ms
typeclass inference of LT took 0.152ms
typeclass inference of LT took 0.119ms
typeclass inference of LT took 0.156ms
typeclass inference of LT took 0.118ms
typeclass inference of LT took 0.139ms
typeclass inference of LT took 0.131ms
typeclass inference of LT took 0.16ms
typeclass inference of LT took 0.123ms
typeclass inference of LT took 0.156ms
typeclass inference of LT took 0.125ms
typeclass inference of LT took 0.168ms
typeclass inference of LT took 0.149ms
typeclass inference of LT took 0.144ms
typeclass inference of LT took 0.127ms
tactic execution of Lean.Parser.Tactic.rewriteSeq took 6.2ms
tactic execution of Lean.Parser.Tactic.tacticSeq1Indented took 0.0504ms
tactic execution of Lean.Parser.Tactic.tacticSeq took 0.0252ms
tactic execution of Lean.Parser.Tactic.paren took 0.0285ms
tactic execution of Lean.Parser.Tactic.rwSeq took 0.0348ms
tactic execution of Lean.Parser.Tactic.tacticSeq1Indented took 0.0283ms
tactic execution of Lean.Parser.Tactic.tacticSeq took 0.0218ms
tactic execution of Lean.Parser.Tactic.skip took 0.0069ms
tactic execution of Lean.Parser.Tactic.tacticSeq1Indented took 0.0284ms
tactic execution of Lean.Parser.Tactic.tacticSeq took 0.028ms
tactic execution of Lean.Parser.Tactic.first took 0.0468ms
tactic execution of Lean.Parser.Tactic.tacticTry_ took 0.0421ms
typeclass inference of LE took 0.287ms
typeclass inference of LE took 0.271ms
typeclass inference of LE took 0.389ms
typeclass inference of LE took 0.316ms
typeclass inference of LE took 0.25ms
typeclass inference of LE took 0.201ms
typeclass inference of LE took 0.156ms
typeclass inference of LE took 0.149ms
typeclass inference of LE took 0.161ms
typeclass inference of LE took 0.14ms
typeclass inference of LE took 0.148ms
typeclass inference of LE took 0.131ms
typeclass inference of LE took 0.21ms
typeclass inference of LE took 0.139ms
typeclass inference of LE took 0.218ms
typeclass inference of LE took 0.175ms
typeclass inference of LE took 0.212ms
typeclass inference of LE took 0.203ms
typeclass inference of LE took 0.183ms
typeclass inference of LE took 0.148ms
tactic execution of Lean.Parser.Tactic.rewriteSeq took 8.27ms
tactic execution of Lean.Parser.Tactic.tacticSeq1Indented took 0.045ms
tactic execution of Lean.Parser.Tactic.tacticSeq took 0.0348ms
tactic execution of Lean.Parser.Tactic.paren took 0.0321ms
tactic execution of Lean.Parser.Tactic.rwSeq took 0.0396ms
tactic execution of Lean.Parser.Tactic.tacticSeq1Indented took 0.0384ms
tactic execution of Lean.Parser.Tactic.tacticSeq took 0.0242ms
tactic execution of Lean.Parser.Tactic.skip took 0.0087ms
tactic execution of Lean.Parser.Tactic.tacticSeq1Indented took 0.0352ms
tactic execution of Lean.Parser.Tactic.tacticSeq took 0.0447ms
tactic execution of Lean.Parser.Tactic.first took 0.0584ms
tactic execution of Lean.Parser.Tactic.tacticTry_ took 0.0471ms
typeclass inference of LT took 0.219ms
typeclass inference of LT took 0.156ms
typeclass inference of LT took 0.157ms
typeclass inference of LT took 0.128ms
typeclass inference of LT took 0.162ms
typeclass inference of LT took 0.127ms
typeclass inference of LT took 0.469ms
typeclass inference of LT took 0.188ms
typeclass inference of LT took 0.308ms
typeclass inference of LT took 0.241ms
typeclass inference of LT took 0.156ms
typeclass inference of LT took 0.141ms
typeclass inference of LT took 0.155ms
typeclass inference of LT took 0.136ms
typeclass inference of LT took 0.175ms
typeclass inference of LT took 0.143ms
typeclass inference of LT took 0.157ms
typeclass inference of LT took 0.123ms
typeclass inference of LT took 0.158ms
typeclass inference of LT took 0.14ms
tactic execution of Lean.Parser.Tactic.rewriteSeq took 7.7ms
tactic execution of Lean.Parser.Tactic.tacticSeq1Indented took 0.0494ms
tactic execution of Lean.Parser.Tactic.tacticSeq took 0.0287ms
tactic execution of Lean.Parser.Tactic.paren took 0.0331ms
tactic execution of Lean.Parser.Tactic.rwSeq took 0.0422ms
tactic execution of Lean.Parser.Tactic.tacticSeq1Indented took 0.0304ms
tactic execution of Lean.Parser.Tactic.tacticSeq took 0.0236ms
tactic execution of Lean.Parser.Tactic.skip took 0.0074ms
tactic execution of Lean.Parser.Tactic.tacticSeq1Indented took 0.0372ms
tactic execution of Lean.Parser.Tactic.tacticSeq took 0.0323ms
tactic execution of Lean.Parser.Tactic.first took 0.0574ms
tactic execution of Lean.Parser.Tactic.tacticTry_ took 0.0568ms
tactic execution of Lean.Parser.Tactic.rewriteSeq took 5.1ms
tactic execution of Lean.Parser.Tactic.tacticSeq1Indented took 0.089ms
tactic execution of Lean.Parser.Tactic.tacticSeq took 0.0364ms
tactic execution of Lean.Parser.Tactic.paren took 0.0315ms
tactic execution of Lean.Parser.Tactic.rwSeq took 0.0646ms
tactic execution of Lean.Parser.Tactic.tacticSeq1Indented took 0.0325ms
tactic execution of Lean.Parser.Tactic.tacticSeq took 0.0242ms
tactic execution of Lean.Parser.Tactic.skip took 0.008ms
tactic execution of Lean.Parser.Tactic.tacticSeq1Indented took 0.0412ms
tactic execution of Lean.Parser.Tactic.tacticSeq took 0.0579ms
tactic execution of Lean.Parser.Tactic.first took 0.0569ms
tactic execution of Lean.Parser.Tactic.tacticTry_ took 0.0403ms
dsimp took 0.364ms
tactic execution of Lean.Parser.Tactic.dsimp took 0.71ms
tactic execution of Lean.Parser.Tactic.tacticSeq1Indented took 0.0425ms
tactic execution of Lean.Parser.Tactic.tacticSeq took 0.0517ms
tactic execution of Lean.Parser.Tactic.skip took 0.0072ms
tactic execution of Lean.Parser.Tactic.tacticSeq1Indented took 0.0296ms
tactic execution of Lean.Parser.Tactic.tacticSeq took 0.0291ms
tactic execution of Lean.Parser.Tactic.first took 0.0811ms
tactic execution of Lean.Parser.Tactic.tacticTry_ took 0.0551ms
congr simp thm took 0.0117ms
congr simp thm took 0.0069ms
congr simp thm took 0.0088ms
simp took 0.497ms
simp took 0.0268ms
tactic execution of Lean.Parser.Tactic.simp took 5.8ms
tactic execution of Lean.Parser.Tactic.tacticSeq1Indented took 0.0417ms
tactic execution of Lean.Parser.Tactic.tacticSeq took 0.0267ms
tactic execution of Lean.Parser.Tactic.skip took 0.0076ms
tactic execution of Lean.Parser.Tactic.tacticSeq1Indented took 0.0309ms
tactic execution of Lean.Parser.Tactic.tacticSeq took 0.0326ms
tactic execution of Lean.Parser.Tactic.first took 0.0566ms
tactic execution of Lean.Parser.Tactic.tacticTry_ took 0.0703ms
typeclass inference of Decidable took 0.328ms
typeclass inference of LE took 0.0738ms
typeclass inference of LE took 0.0143ms
typeclass inference of Decidable took 0.187ms
typeclass inference of Decidable took 0.011ms
instantiate metavars took 0.0034ms
tactic execution of Lean.Parser.Tactic.omega took 2.92ms
tactic execution of Lean.Parser.Tactic.tacticSeq1Indented took 0.33ms
tactic execution of Lean.Parser.Tactic.tacticSeq took 0.0239ms
tactic execution of Lean.Parser.Tactic.first took 0.0358ms
tactic execution of tacticGet_elem_tactic_extensible took 0.0499ms
tactic execution of Lean.Parser.Tactic.tacticSeq1Indented took 0.0303ms
tactic execution of Lean.Parser.Tactic.tacticSeq took 0.0357ms
tactic execution of Lean.Parser.Tactic.first took 0.0888ms
tactic execution of tacticGet_elem_tactic took 0.0381ms
tactic execution of Lean.Parser.Tactic.tacticSeq1Indented took 0.0244ms
tactic execution of Lean.Parser.Tactic.tacticSeq took 0.0401ms
instantiate metavars took 0.0269ms
instantiate metavars took 0.0246ms
instantiate metavars took 0.0009ms
instantiate metavars took 0.0125ms
instantiate metavars took 0.345ms
instantiate metavars took 0.0138ms
instantiate metavars took 0.226ms
instantiate metavars took 0.0043ms
instantiate metavars took 0.0009ms
instantiate metavars took 0.0042ms
instantiate metavars took 0.0015ms
instantiate metavars took 0.0025ms
instantiate metavars took 0.0018ms
instantiate metavars took 0.0262ms
instantiate metavars took 0.0009ms
instantiate metavars took 0.0008ms
instantiate metavars took 0.0005ms
instantiate metavars took 0.0005ms
instantiate metavars took 0.0005ms
share common exprs took 2.62ms
fix level params took 0.262ms
typeclass inference of Inhabited took 0.56ms
let-to-have transformation took 0.0208ms
type checking took 0.156ms
attribute application took 0.0056ms
attribute application took 0.0031ms
typeclass inference of Inhabited took 0.56ms
let-to-have transformation took 0.0079ms
type checking took 0.171ms
attribute application took 0.0041ms
attribute application took 0.003ms
type checking took 3.33ms
attribute application took 0.005ms
attribute application took 0.0014ms
compilation (LCNF base) took 115ms
compilation (LCNF mono) took 16.3ms
compilation (LCNF mono) took 1.55ms
compilation (LCNF impure) took 0.883ms
compilation (IR) took 0.207ms
compilation (LCNF mono) took 1.11ms
compilation (LCNF impure) took 0.596ms
compilation (IR) took 0.141ms
compilation (LCNF mono) took 0.438ms
compilation (LCNF impure) took 0.878ms
compilation (IR) took 0.131ms
compilation (LCNF mono) took 0.578ms
compilation (LCNF impure) took 0.383ms
compilation (IR) took 0.144ms
compilation (LCNF mono) took 0.646ms
compilation (LCNF impure) took 0.881ms
compilation (IR) took 0.331ms
compilation (LCNF mono) took 10ms
compilation (LCNF impure) took 7.67ms
compilation (IR) took 8.73ms
compilation (LCNF mono) took 0.35ms
compilation (LCNF impure) took 0.312ms
compilation (IR) took 0.0581ms
attribute application took 0.0049ms
attribute application took 0.0058ms
type checking took 0.789ms
let-to-have transformation took 0.02ms
let-to-have transformation took 0.0127ms
type checking took 0.272ms
attribute application took 0.0171ms
compilation (LCNF base) took 1.14ms
compilation (LCNF mono) took 0.303ms
compilation (LCNF mono) took 0.764ms
compilation (LCNF impure) took 0.838ms
compilation (IR) took 0.221ms
attribute application took 0.0151ms
process pre-definitions took 88.6ms
interpretation of _private.Mathlib.Tactic.Linter.Header.0.Mathlib.Linter.Style.header.headerLinter._lam_3._boxed took 0.0756ms
interpretation of _private.Mathlib.Tactic.Linter.AuxLemma.0.Mathlib.Linter.AuxLemma.auxLemmaLinter._lam_1._boxed took 1.68ms
interpretation of _private.Mathlib.Tactic.Linter.DeprecatedSyntaxLinter.0.Mathlib.Linter.Style.deprecatedSyntaxLinter._lam_1._boxed took 0.0638ms
interpretation of _private.Mathlib.Tactic.Linter.DocPrime.0.Mathlib.Linter.DocPrime.docPrimeLinter._lam_3._boxed took 0.0285ms
interpretation of _private.Mathlib.Tactic.Linter.DocString.0.Mathlib.Linter.Style.docStringLinter._lam_0._boxed took 3.21ms
interpretation of _private.Mathlib.Tactic.Linter.DocString.0.Mathlib.Linter.Style.moduleDocVersoLinter._lam_0._boxed took 0.0723ms
interpretation of Mathlib.Linter.EmptyLine.emptyLineLinter._lam_2._boxed took 0.0297ms
interpretation of _private.Mathlib.Tactic.Linter.GlobalAttributeIn.0.Mathlib.Linter.globalAttributeInLinter.globalAttributeIn._lam_0._boxed took 2.76ms
interpretation of _private.Mathlib.Tactic.Linter.HashCommandLinter.0.Mathlib.Linter.HashCommandLinter.withSetOptionIn'._boxed took 0.0797ms
interpretation of _private.Mathlib.Tactic.Linter.FlexibleLinter.0.Mathlib.Linter.Flexible.flexibleLinter._lam_0._boxed took 0.0295ms
interpretation of _private.Mathlib.Tactic.Linter.Multigoal.0.Mathlib.Linter.Style.multiGoal.multiGoalLinter._lam_0._boxed took 0.024ms
interpretation of _private.Mathlib.Tactic.Linter.OldObtain.0.Mathlib.Linter.Style.oldObtainLinter._lam_0._boxed took 0.0348ms
interpretation of Mathlib.Linter.UnusedInstancesInType.withSetBoolOptionIn._boxed took 0.0516ms
interpretation of Mathlib.Linter.UnusedInstancesInType.withSetBoolOptionIn._boxed took 0.0359ms
overlappingInstancesLinter took 25.1ms
interpretation of Mathlib.Linter.UnusedInstancesInType.withSetBoolOptionIn._boxed took 0.161ms
interpretation of _private.Mathlib.Tactic.Linter.PrivateModule.0.Mathlib.Linter.privateModule._lam_1._boxed took 0.048ms
interpretation of _private.Mathlib.Tactic.Linter.UnusedTactic.0.Mathlib.Linter.UnusedTactic.unusedTacticLinter._lam_0._boxed took 12.7ms
interpretation of _private.Mathlib.Tactic.Linter.Style.0.Mathlib.Linter.Style.setOption.setOptionLinter._lam_0._boxed took 0.0567ms
interpretation of _private.Mathlib.Tactic.Linter.Style.0.Mathlib.Linter.Style.missingEnd.missingEndLinter._lam_0._boxed took 0.0543ms
interpretation of _private.Mathlib.Tactic.Linter.Style.0.Mathlib.Linter.Style.cdotLinter._lam_0._boxed took 0.0277ms
interpretation of _private.Mathlib.Tactic.Linter.Style.0.Mathlib.Linter.Style.dollarSyntax.dollarSyntaxLinter._lam_0._boxed took 0.0193ms
interpretation of _private.Mathlib.Tactic.Linter.Style.0.Mathlib.Linter.Style.lambdaSyntax.lambdaSyntaxLinter._lam_0._boxed took 0.0178ms
interpretation of _private.Mathlib.Tactic.Linter.Style.0.Mathlib.Linter.Style.longFile.longFileLinter._lam_0._boxed took 0.027ms
interpretation of _private.Mathlib.Tactic.Linter.Style.0.Mathlib.Linter.Style.longLine.longLineLinter._lam_0._boxed took 0.0186ms
interpretation of _private.Mathlib.Tactic.Linter.Style.0.Mathlib.Linter.Style.nameCheck.doubleUnderscore._lam_2._boxed took 0.79ms
interpretation of _private.Mathlib.Tactic.Linter.Style.0.Mathlib.Linter.Style.openClassical.openClassicalLinter._lam_0._boxed took 0.0374ms
interpretation of _private.Mathlib.Tactic.Linter.Whitespace.0.Mathlib.Linter.Style.Whitespace.whitespaceLinter._lam_4._boxed took 0.0296ms
tacticAnalysis took 98.8ms
interpretation of Mathlib.TacticAnalysis.tacticAnalysis._lam_1._boxed took 0.153ms
interpretation of _private.Mathlib.Tactic.Linter.Lint.0.Mathlib.Linter.DupNamespaceLinter.dupNamespace._lam_1._boxed took 0.785ms
linting took 44.1ms
elaboration took 208ms
parsing took 0.849ms
attribute application took 0.0349ms
instantiate metavars took 0.0038ms
instantiate metavars took 0.0014ms
instantiate metavars took 0.002ms
instantiate metavars took 0.0012ms
instantiate metavars took 0.0007ms
instantiate metavars took 0.0007ms
instantiate metavars took 0.0006ms
share common exprs took 0.0262ms
fix level params took 0.0071ms
let-to-have transformation took 0.0043ms
let-to-have transformation took 0.0019ms
type checking took 0.0566ms
attribute application took 0.0121ms
compilation (LCNF base) took 0.751ms
compilation (LCNF mono) took 0.15ms
compilation (LCNF mono) took 0.329ms
compilation (LCNF impure) took 0.428ms
compilation (IR) took 0.147ms
attribute application took 0.0083ms
process pre-definitions took 4.71ms
interpretation of _private.Mathlib.Tactic.Linter.Header.0.Mathlib.Linter.Style.header.headerLinter._lam_3._boxed took 0.118ms
interpretation of _private.Mathlib.Tactic.Linter.AuxLemma.0.Mathlib.Linter.AuxLemma.auxLemmaLinter._lam_1._boxed took 0.265ms
interpretation of _private.Mathlib.Tactic.Linter.DeprecatedSyntaxLinter.0.Mathlib.Linter.Style.deprecatedSyntaxLinter._lam_1._boxed took 0.0769ms
interpretation of _private.Mathlib.Tactic.Linter.DocPrime.0.Mathlib.Linter.DocPrime.docPrimeLinter._lam_3._boxed took 0.0464ms
interpretation of _private.Mathlib.Tactic.Linter.DocString.0.Mathlib.Linter.Style.docStringLinter._lam_0._boxed took 1.42ms
interpretation of _private.Mathlib.Tactic.Linter.DocString.0.Mathlib.Linter.Style.moduleDocVersoLinter._lam_0._boxed took 0.0509ms
interpretation of Mathlib.Linter.EmptyLine.emptyLineLinter._lam_2._boxed took 0.0435ms
interpretation of _private.Mathlib.Tactic.Linter.GlobalAttributeIn.0.Mathlib.Linter.globalAttributeInLinter.globalAttributeIn._lam_0._boxed took 0.342ms
interpretation of _private.Mathlib.Tactic.Linter.HashCommandLinter.0.Mathlib.Linter.HashCommandLinter.withSetOptionIn'._boxed took 0.0865ms
interpretation of _private.Mathlib.Tactic.Linter.FlexibleLinter.0.Mathlib.Linter.Flexible.flexibleLinter._lam_0._boxed took 0.0438ms
interpretation of _private.Mathlib.Tactic.Linter.Multigoal.0.Mathlib.Linter.Style.multiGoal.multiGoalLinter._lam_0._boxed took 0.0711ms
interpretation of _private.Mathlib.Tactic.Linter.OldObtain.0.Mathlib.Linter.Style.oldObtainLinter._lam_0._boxed took 0.034ms
interpretation of Mathlib.Linter.UnusedInstancesInType.withSetBoolOptionIn._boxed took 0.0769ms
interpretation of Mathlib.Linter.UnusedInstancesInType.withSetBoolOptionIn._boxed took 0.0616ms
overlappingInstancesLinter took 0.302ms
interpretation of Mathlib.Linter.UnusedInstancesInType.withSetBoolOptionIn._boxed took 0.133ms
interpretation of _private.Mathlib.Tactic.Linter.PrivateModule.0.Mathlib.Linter.privateModule._lam_1._boxed took 0.0348ms
interpretation of _private.Mathlib.Tactic.Linter.UnusedTactic.0.Mathlib.Linter.UnusedTactic.unusedTacticLinter._lam_0._boxed took 1.16ms
interpretation of _private.Mathlib.Tactic.Linter.Style.0.Mathlib.Linter.Style.setOption.setOptionLinter._lam_0._boxed took 0.0464ms
interpretation of _private.Mathlib.Tactic.Linter.Style.0.Mathlib.Linter.Style.missingEnd.missingEndLinter._lam_0._boxed took 0.086ms
interpretation of _private.Mathlib.Tactic.Linter.Style.0.Mathlib.Linter.Style.cdotLinter._lam_0._boxed took 0.0362ms
interpretation of _private.Mathlib.Tactic.Linter.Style.0.Mathlib.Linter.Style.dollarSyntax.dollarSyntaxLinter._lam_0._boxed took 0.0318ms
interpretation of _private.Mathlib.Tactic.Linter.Style.0.Mathlib.Linter.Style.lambdaSyntax.lambdaSyntaxLinter._lam_0._boxed took 0.0308ms
interpretation of _private.Mathlib.Tactic.Linter.Style.0.Mathlib.Linter.Style.longFile.longFileLinter._lam_0._boxed took 0.0341ms
interpretation of _private.Mathlib.Tactic.Linter.Style.0.Mathlib.Linter.Style.longLine.longLineLinter._lam_0._boxed took 0.0316ms
interpretation of _private.Mathlib.Tactic.Linter.Style.0.Mathlib.Linter.Style.nameCheck.doubleUnderscore._lam_2._boxed took 0.327ms
interpretation of _private.Mathlib.Tactic.Linter.Style.0.Mathlib.Linter.Style.openClassical.openClassicalLinter._lam_0._boxed took 0.0373ms
interpretation of _private.Mathlib.Tactic.Linter.Whitespace.0.Mathlib.Linter.Style.Whitespace.whitespaceLinter._lam_4._boxed took 0.0468ms
tacticAnalysis took 1.21ms
interpretation of Mathlib.TacticAnalysis.tacticAnalysis._lam_1._boxed took 0.112ms
interpretation of _private.Mathlib.Tactic.Linter.Lint.0.Mathlib.Linter.DupNamespaceLinter.dupNamespace._lam_1._boxed took 0.35ms
linting took 1.86ms
elaboration took 2.99ms
interpretation of Lean.Parser.Tactic.Conv.enterArg took 0.721ms
interpretation of Lean.Parser.Tactic.Conv.enterArg took 0.0065ms
interpretation of Lean.Parser.Tactic.Conv.enterArg took 0.0056ms
interpretation of Lean.binderIdent took 0.416ms
interpretation of Lean.binderIdent took 0.0037ms
interpretation of Lean.Parser.Tactic.Conv.enterArg took 0.0046ms
interpretation of Lean.Parser.Tactic.Conv.convSeq1Indented took 0.426ms
parsing took 7ms
attribute application took 0.0064ms
typeclass inference of CoeT took 1.53ms
typeclass inference of CoeT took 1.57ms
typeclass inference of EmptyCollection took 0.248ms
typeclass inference of EmptyCollection took 0.275ms
typeclass inference of CoeT took 1.76ms
instantiate metavars took 0.0179ms
instantiate metavars took 0.0025ms
typeclass inference of Monad took 0.318ms
typeclass inference of Lean.MonadRef took 0.155ms
typeclass inference of Monad took 0.0759ms
typeclass inference of Lean.MonadRef took 0.466ms
typeclass inference of ToString took 0.237ms
typeclass inference of ToString took 0.0721ms
typeclass inference of CoeT took 1.86ms
typeclass inference of Decidable took 0.514ms
typeclass inference of Bind took 0.373ms
typeclass inference of Monad took 0.122ms
typeclass inference of Lean.MonadRef took 0.0924ms
typeclass inference of Monad took 0.0159ms
typeclass inference of Lean.MonadRef took 0.0143ms
typeclass inference of Bind took 0.289ms
typeclass inference of Lean.MonadQuotation took 0.0777ms
typeclass inference of Lean.MonadQuotation took 0.0702ms
typeclass inference of Bind took 0.29ms
typeclass inference of Lean.MonadQuotation took 0.0776ms
typeclass inference of Lean.MonadQuotation took 0.0145ms
typeclass inference of Pure took 0.278ms
typeclass inference of CoeT took 1.45ms
typeclass inference of Pure took 0.57ms
typeclass inference of Bind took 0.224ms
typeclass inference of Bind took 0.0162ms
typeclass inference of Bind took 0.014ms
typeclass inference of Bind took 0.0158ms
do element elaborator of Lean.Parser.Term.doExpr took 8.5ms
typeclass inference of Bind took 0.301ms
typeclass inference of Monad took 0.115ms
typeclass inference of Lean.MonadRef took 0.0884ms
typeclass inference of Monad took 0.0148ms
typeclass inference of Lean.MonadRef took 0.0136ms
typeclass inference of Bind took 0.289ms
typeclass inference of Lean.MonadQuotation took 0.0923ms
typeclass inference of Lean.MonadQuotation took 0.0233ms
typeclass inference of Bind took 0.361ms
typeclass inference of Lean.MonadQuotation took 0.144ms
typeclass inference of Lean.MonadQuotation took 0.0181ms
typeclass inference of Pure took 0.356ms
typeclass inference of CoeT took 0.0155ms
typeclass inference of Pure took 0.0213ms
typeclass inference of Bind took 0.0153ms
typeclass inference of Bind took 0.014ms
typeclass inference of Bind took 0.0135ms
typeclass inference of Bind took 0.015ms
do element elaborator of Lean.Parser.Term.doExpr took 8.23ms
typeclass inference of Monad took 0.167ms
typeclass inference of Lean.MonadQuotation took 0.184ms
typeclass inference of Monad took 0.031ms
typeclass inference of Lean.MonadQuotation took 0.0292ms
typeclass inference of Pure took 0.0309ms
typeclass inference of Pure took 0.048ms
do element elaborator of Lean.Parser.Term.doExpr took 1.91ms
do element elaborator of Lean.Parser.Term.doIf took 1.6ms
do element elaborator of Lean.Parser.Term.doLetArrow took 0.178ms
do element elaborator of Lean.Parser.Term.doLet took 1.01ms
typeclass inference of Bind took 0.0542ms
do element elaborator of Lean.Parser.Term.doExpr took 1.91ms
do element elaborator of Lean.Parser.Term.doLetArrow took 0.14ms
do element elaborator of Lean.Parser.Term.doLet took 0.169ms
typeclass inference of Bind took 0.889ms
typeclass inference of Monad took 0.732ms
typeclass inference of Lean.MonadRef took 0.281ms
typeclass inference of Monad took 0.0405ms
typeclass inference of Lean.MonadRef took 0.0397ms
typeclass inference of Bind took 0.6ms
typeclass inference of Lean.MonadQuotation took 0.127ms
typeclass inference of Lean.MonadQuotation took 0.0219ms
typeclass inference of Bind took 0.41ms
typeclass inference of Lean.MonadQuotation took 0.0827ms
typeclass inference of Lean.MonadQuotation took 0.0155ms
typeclass inference of Pure took 0.283ms
typeclass inference of CoeT took 0.0153ms
typeclass inference of Pure took 0.0417ms
typeclass inference of Bind took 0.0293ms
typeclass inference of Bind took 0.017ms
typeclass inference of Bind took 0.0147ms
typeclass inference of Monad took 0.163ms
typeclass inference of Lean.MonadQuotation took 0.0801ms
typeclass inference of Monad took 0.0256ms
typeclass inference of Lean.MonadQuotation took 0.024ms
typeclass inference of Pure took 0.0273ms
typeclass inference of Pure took 0.0212ms
do element elaborator of Lean.Parser.Term.doExpr took 1.25ms
typeclass inference of Bind took 0.0253ms
do element elaborator of Lean.Parser.Term.doExpr took 10.8ms
do element elaborator of Lean.Parser.Term.doLetArrow took 0.146ms
typeclass inference of CoeT took 2.01ms
typeclass inference of Decidable took 0.344ms
typeclass inference of Monad took 0.202ms
typeclass inference of Lean.MonadRef took 0.103ms
typeclass inference of Monad took 0.0173ms
typeclass inference of Lean.MonadRef took 0.0156ms
typeclass inference of Bind took 0.307ms
typeclass inference of Monad took 0.113ms
typeclass inference of Lean.MonadRef took 0.0898ms
typeclass inference of Monad took 0.0157ms
typeclass inference of Lean.MonadRef took 0.0139ms
typeclass inference of Bind took 0.301ms
typeclass inference of Lean.MonadQuotation took 0.118ms
typeclass inference of Lean.MonadQuotation took 0.0164ms
typeclass inference of Bind took 0.382ms
typeclass inference of Lean.MonadQuotation took 0.124ms
typeclass inference of Lean.MonadQuotation took 0.0226ms
typeclass inference of Pure took 0.471ms
typeclass inference of CoeT took 2.29ms
typeclass inference of Pure took 0.0192ms
typeclass inference of Bind took 0.0254ms
typeclass inference of Bind took 0.0165ms
typeclass inference of Bind took 0.0216ms
typeclass inference of Bind took 0.0239ms
do element elaborator of Lean.Parser.Term.doExpr took 7.03ms
typeclass inference of Bind took 0.0239ms
do element elaborator of Lean.Parser.Term.doExpr took 1.32ms
do element elaborator of Lean.Parser.Term.doLetArrow took 0.121ms
do element elaborator of Lean.Parser.Term.doExpr took 0.0685ms
typeclass inference of Bind took 0.595ms
typeclass inference of Monad took 0.207ms
typeclass inference of Lean.MonadRef took 0.146ms
typeclass inference of Monad took 0.0231ms
typeclass inference of Lean.MonadRef took 0.0243ms
typeclass inference of Bind took 0.46ms
typeclass inference of Lean.MonadQuotation took 0.13ms
typeclass inference of Lean.MonadQuotation took 0.0207ms
typeclass inference of Bind took 0.49ms
typeclass inference of Lean.MonadQuotation took 0.0872ms
typeclass inference of Lean.MonadQuotation took 0.0235ms
typeclass inference of Pure took 0.535ms
typeclass inference of CoeT took 0.039ms
typeclass inference of Pure took 0.0415ms
typeclass inference of Bind took 0.0333ms
typeclass inference of Bind took 0.014ms
typeclass inference of Bind took 0.014ms
typeclass inference of Bind took 0.025ms
do element elaborator of Lean.Parser.Term.doExpr took 9.45ms
typeclass inference of Bind took 0.478ms
typeclass inference of Monad took 0.37ms
typeclass inference of Lean.MonadRef took 0.19ms
typeclass inference of Monad took 0.0271ms
typeclass inference of Lean.MonadRef took 0.0291ms
typeclass inference of Bind took 0.573ms
typeclass inference of Lean.MonadQuotation took 0.171ms
typeclass inference of Lean.MonadQuotation took 0.0262ms
typeclass inference of Bind took 0.445ms
typeclass inference of Lean.MonadQuotation took 0.0864ms
typeclass inference of Lean.MonadQuotation took 0.0151ms
typeclass inference of Pure took 0.291ms
typeclass inference of CoeT took 0.0158ms
typeclass inference of Pure took 0.0189ms
typeclass inference of Bind took 0.0158ms
typeclass inference of Bind took 0.0137ms
typeclass inference of Bind took 0.014ms
typeclass inference of Monad took 0.149ms
typeclass inference of Lean.MonadQuotation took 0.0729ms
typeclass inference of Monad took 0.0152ms
typeclass inference of Lean.MonadQuotation took 0.014ms
typeclass inference of Pure took 0.0155ms
typeclass inference of Pure took 0.0115ms
do element elaborator of Lean.Parser.Term.doExpr took 0.965ms
typeclass inference of Bind took 0.0147ms
do element elaborator of Lean.Parser.Term.doExpr took 7.61ms
do element elaborator of Lean.Parser.Term.doLetArrow took 0.171ms
do element elaborator of Lean.Parser.Term.doIf took 2.4ms
do element elaborator of Lean.Parser.Term.doLetArrow took 0.0949ms
typeclass inference of CoeT took 2.03ms
typeclass inference of Decidable took 0.199ms
typeclass inference of OfNat took 0.199ms
typeclass inference of OfNat took 0.124ms
typeclass inference of HAdd took 0.394ms
typeclass inference of HAdd took 0.438ms
typeclass inference of OfNat took 0.145ms
typeclass inference of OfNat took 0.132ms
typeclass inference of OfNat took 0.112ms
typeclass inference of OfNat took 0.127ms
typeclass inference of HAdd took 0.0162ms
typeclass inference of HAdd took 0.173ms
typeclass inference of Bind took 0.394ms
typeclass inference of Monad took 0.135ms
typeclass inference of Lean.MonadRef took 0.098ms
typeclass inference of Monad took 0.016ms
typeclass inference of Lean.MonadRef took 0.0157ms
typeclass inference of Bind took 0.312ms
typeclass inference of Lean.MonadQuotation took 0.0835ms
typeclass inference of Lean.MonadQuotation took 0.0188ms
typeclass inference of Bind took 0.347ms
typeclass inference of Lean.MonadQuotation took 0.0878ms
typeclass inference of Lean.MonadQuotation took 0.015ms
typeclass inference of Pure took 0.491ms
typeclass inference of CoeT took 2.23ms
typeclass inference of Pure took 0.0245ms
typeclass inference of Bind took 0.0184ms
typeclass inference of Bind took 0.015ms
typeclass inference of Bind took 0.0143ms
typeclass inference of Bind took 0.408ms
typeclass inference of Monad took 0.14ms
typeclass inference of Lean.MonadRef took 0.0973ms
typeclass inference of Monad took 0.016ms
typeclass inference of Lean.MonadRef took 0.0233ms
typeclass inference of Bind took 0.344ms
typeclass inference of Lean.MonadQuotation took 0.0857ms
typeclass inference of Lean.MonadQuotation took 0.0151ms
typeclass inference of Bind took 0.44ms
typeclass inference of Lean.MonadQuotation took 0.136ms
typeclass inference of Lean.MonadQuotation took 0.0232ms
typeclass inference of Pure took 0.44ms
typeclass inference of CoeT took 0.0406ms
typeclass inference of Pure took 0.0649ms
typeclass inference of Bind took 0.0345ms
typeclass inference of Bind took 0.0275ms
typeclass inference of Bind took 0.0185ms
typeclass inference of CoeT took 1.92ms
typeclass inference of Decidable took 0.402ms
do element elaborator of Lean.Parser.Term.doReassign took 1.22ms
do element elaborator of Lean.Parser.Term.InternalSyntax.doSkip took 0.0319ms
typeclass inference of OfNat took 0.172ms
typeclass inference of ForIn took 1.25ms
typeclass inference of Pure took 0.535ms
do element elaborator of Lean.Parser.Term.doReassign took 0.733ms
typeclass inference of Bind took 0.639ms
typeclass inference of Monad took 0.316ms
typeclass inference of Lean.MonadRef took 0.216ms
typeclass inference of Monad took 0.104ms
typeclass inference of Lean.MonadRef took 0.9ms
typeclass inference of Bind took 0.589ms
typeclass inference of Lean.MonadQuotation took 0.131ms
typeclass inference of Lean.MonadQuotation took 0.0672ms
typeclass inference of Bind took 0.376ms
typeclass inference of Lean.MonadQuotation took 0.0785ms
typeclass inference of Lean.MonadQuotation took 0.0147ms
typeclass inference of Pure took 0.317ms
typeclass inference of CoeT took 1.55ms
typeclass inference of CoeT took 1.62ms
typeclass inference of Pure took 0.459ms
typeclass inference of Bind took 0.231ms
typeclass inference of Bind took 0.0142ms
typeclass inference of Bind took 0.0134ms
typeclass inference of Bind took 0.316ms
typeclass inference of Monad took 0.123ms
typeclass inference of Lean.MonadRef took 0.0987ms
typeclass inference of Monad took 0.0611ms
typeclass inference of Lean.MonadRef took 0.388ms
typeclass inference of Bind took 0.269ms
typeclass inference of Lean.MonadQuotation took 0.0726ms
typeclass inference of Lean.MonadQuotation took 0.0577ms
typeclass inference of Bind took 0.275ms
typeclass inference of Lean.MonadQuotation took 0.0697ms
typeclass inference of Lean.MonadQuotation took 0.0132ms
typeclass inference of Pure took 0.255ms
typeclass inference of CoeT took 1.49ms
typeclass inference of Pure took 0.0171ms
typeclass inference of Bind took 0.0169ms
typeclass inference of Bind took 0.0138ms
typeclass inference of Bind took 0.0146ms
typeclass inference of Pure took 0.0227ms
typeclass inference of Pure took 0.0131ms
do element elaborator of Lean.Parser.Term.doExpr took 7.13ms
typeclass inference of Monad took 0.244ms
typeclass inference of Lean.MonadRef took 0.115ms
typeclass inference of Monad took 0.0154ms
typeclass inference of Lean.MonadRef took 0.0157ms
typeclass inference of Bind took 0.611ms
typeclass inference of Monad took 0.271ms
typeclass inference of Lean.MonadRef took 0.122ms
typeclass inference of Monad took 0.0201ms
typeclass inference of Lean.MonadRef took 0.0169ms
typeclass inference of Bind took 0.432ms
typeclass inference of Lean.MonadQuotation took 0.0839ms
typeclass inference of Lean.MonadQuotation took 0.0196ms
typeclass inference of Bind took 0.498ms
typeclass inference of Lean.MonadQuotation took 0.155ms
typeclass inference of Lean.MonadQuotation took 0.02ms
typeclass inference of Pure took 0.403ms
typeclass inference of CoeT took 0.0148ms
typeclass inference of Pure took 0.019ms
typeclass inference of Bind took 0.015ms
typeclass inference of Bind took 0.0134ms
typeclass inference of Bind took 0.0129ms
typeclass inference of Pure took 0.0129ms
typeclass inference of Pure took 0.0106ms
do element elaborator of Lean.Parser.Term.doExpr took 9.63ms
typeclass inference of Bind took 0.0137ms
do element elaborator of Lean.Parser.Term.doExpr took 0.975ms
do element elaborator of Lean.Parser.Term.doLetArrow took 0.0816ms
do element elaborator of Lean.Parser.Term.doExpr took 0.0591ms
typeclass inference of OfNat took 0.137ms
type checking took 0.139ms
do element elaborator of Lean.Parser.Term.doMatch took 3.69ms
typeclass inference of Bind took 0.241ms
do element elaborator of Lean.Parser.Term.doExpr took 8.71ms
do element elaborator of Lean.Parser.Term.doLetArrow took 0.0961ms
do element elaborator of Lean.Parser.Term.doReassign took 0.86ms
typeclass inference of Bind took 0.0162ms
do element elaborator of Lean.Parser.Term.doFor took 2.1ms
do element elaborator of Lean.Parser.Term.doNested took 0.0884ms
do element elaborator of Lean.Parser.Term.doFor took 0.0521ms
do element elaborator of Lean.Parser.Term.doIf took 3.13ms
do element elaborator of Lean.Parser.Term.doIf took 0.152ms
typeclass inference of Bind took 0.0259ms
do element elaborator of Lean.Parser.Term.doExpr took 7.77ms
do element elaborator of Lean.Parser.Term.doLetArrow took 0.163ms
typeclass inference of Bind took 0.016ms
do element elaborator of Lean.Parser.Term.doExpr took 8.79ms
do element elaborator of Lean.Parser.Term.doLetArrow took 0.0748ms
do element elaborator of Lean.Parser.Term.doLet took 0.665ms
do element elaborator of Lean.Parser.Term.doLet took 3.7ms
type checking took 0.186ms
do element elaborator of Lean.Parser.Term.doMatch took 12.2ms
instantiate metavars took 0.122ms
instantiate metavars took 0.0018ms
instantiate metavars took 0.0007ms
instantiate metavars took 0.0009ms
instantiate metavars took 0.0006ms
share common exprs took 1.38ms
fix level params took 0.115ms
type checking took 0.147ms
type checking took 0.101ms
type checking took 0.109ms
type checking took 0.0993ms
let-to-have transformation took 0.0143ms
type checking took 1.76ms
let-to-have transformation took 0.0099ms
type checking took 0.184ms
attribute application took 0.006ms
type checking took 1.62ms
attribute application took 0.0041ms
compilation (LCNF base) took 36.6ms
compilation (LCNF mono) took 8.92ms
compilation (LCNF mono) took 0.159ms
compilation (LCNF impure) took 0.192ms
compilation (IR) took 0.0505ms
compilation (LCNF mono) took 0.779ms
compilation (LCNF impure) took 0.684ms
compilation (IR) took 0.162ms
compilation (LCNF mono) took 0.0873ms
compilation (LCNF impure) took 0.124ms
compilation (IR) took 0.0298ms
compilation (LCNF mono) took 0.146ms
compilation (LCNF impure) took 0.115ms
compilation (IR) took 0.0375ms
compilation (LCNF mono) took 0.115ms
compilation (LCNF impure) took 0.113ms
compilation (IR) took 0.0236ms
compilation (LCNF mono) took 0.398ms
compilation (LCNF impure) took 0.269ms
compilation (IR) took 0.0574ms
compilation (LCNF mono) took 0.161ms
compilation (LCNF impure) took 0.153ms
compilation (IR) took 0.0333ms
compilation (LCNF mono) took 0.304ms
compilation (LCNF impure) took 0.253ms
compilation (IR) took 0.0502ms
compilation (LCNF mono) took 0.949ms
compilation (LCNF impure) took 0.64ms
compilation (IR) took 0.159ms
compilation (LCNF mono) took 0.301ms
compilation (LCNF impure) took 0.24ms
compilation (IR) took 0.0936ms
compilation (LCNF mono) took 1.08ms
compilation (LCNF impure) took 0.669ms
compilation (IR) took 0.145ms
compilation (LCNF mono) took 0.277ms
compilation (LCNF impure) took 0.182ms
compilation (IR) took 0.0299ms
compilation (LCNF mono) took 1.3ms
compilation (LCNF impure) took 0.596ms
compilation (IR) took 0.187ms
compilation (LCNF mono) took 0.333ms
compilation (LCNF impure) took 0.147ms
compilation (IR) took 0.0499ms
compilation (LCNF mono) took 0.285ms
compilation (LCNF impure) took 0.324ms
compilation (IR) took 0.0676ms
compilation (LCNF mono) took 0.356ms
compilation (LCNF impure) took 0.225ms
compilation (IR) took 0.0812ms
compilation (LCNF mono) took 0.457ms
compilation (LCNF impure) took 0.298ms
compilation (IR) took 0.0508ms
compilation (LCNF mono) took 0.221ms
compilation (LCNF impure) took 0.177ms
compilation (IR) took 0.0433ms
compilation (LCNF mono) took 0.409ms
compilation (LCNF impure) took 0.384ms
compilation (IR) took 0.0742ms
compilation (LCNF mono) took 0.171ms
compilation (LCNF impure) took 0.26ms
compilation (IR) took 0.0462ms
compilation (LCNF mono) took 0.542ms
compilation (LCNF impure) took 0.395ms
compilation (IR) took 0.124ms
compilation (LCNF mono) took 0.162ms
compilation (LCNF impure) took 0.115ms
compilation (IR) took 0.0439ms
compilation (LCNF mono) took 0.166ms
compilation (LCNF impure) took 0.15ms
compilation (IR) took 0.0309ms
compilation (LCNF mono) took 0.228ms
compilation (LCNF impure) took 0.155ms
compilation (IR) took 0.0369ms
compilation (LCNF mono) took 0.149ms
compilation (LCNF impure) took 0.116ms
compilation (IR) took 0.0275ms
compilation (LCNF mono) took 0.202ms
compilation (LCNF impure) took 0.199ms
compilation (IR) took 0.0337ms
compilation (LCNF mono) took 0.131ms
compilation (LCNF impure) took 0.14ms
compilation (IR) took 0.0347ms
compilation (LCNF mono) took 0.388ms
compilation (LCNF impure) took 0.298ms
compilation (IR) took 0.0638ms
compilation (LCNF mono) took 0.146ms
compilation (LCNF impure) took 0.123ms
compilation (IR) took 0.0284ms
compilation (LCNF mono) took 0.111ms
compilation (LCNF impure) took 0.0716ms
compilation (IR) took 0.0165ms
compilation (LCNF mono) took 0.418ms
compilation (LCNF impure) took 0.221ms
compilation (IR) took 0.108ms
compilation (LCNF mono) took 0.251ms
compilation (LCNF impure) took 0.466ms
compilation (IR) took 0.05ms
compilation (LCNF mono) took 0.745ms
compilation (LCNF impure) took 0.493ms
compilation (IR) took 0.174ms
compilation (LCNF mono) took 0.251ms
compilation (LCNF impure) took 0.158ms
compilation (IR) took 0.0297ms
compilation (LCNF mono) took 0.317ms
compilation (LCNF impure) took 0.35ms
compilation (IR) took 0.0983ms
compilation (LCNF mono) took 0.0819ms
compilation (LCNF impure) took 0.0717ms
compilation (IR) took 0.0159ms
compilation (LCNF mono) took 1.89ms
compilation (LCNF impure) took 2.29ms
compilation (IR) took 0.581ms
compilation (LCNF mono) took 0.463ms
compilation (LCNF impure) took 0.247ms
compilation (IR) took 0.787ms
attribute application took 0.0065ms
let-to-have transformation took 0.0206ms
let-to-have transformation took 4.45ms
type checking took 2.94ms
attribute application took 0.0164ms
attribute application took 0.002ms
attribute application took 0.0076ms
process pre-definitions took 59.7ms
interpretation of _private.Mathlib.Tactic.Linter.Header.0.Mathlib.Linter.Style.header.headerLinter._lam_3._boxed took 0.172ms
interpretation of _private.Mathlib.Tactic.Linter.AuxLemma.0.Mathlib.Linter.AuxLemma.auxLemmaLinter._lam_1._boxed took 1.24ms
interpretation of _private.Mathlib.Tactic.Linter.DeprecatedSyntaxLinter.0.Mathlib.Linter.Style.deprecatedSyntaxLinter._lam_1._boxed took 0.191ms
interpretation of _private.Mathlib.Tactic.Linter.DocPrime.0.Mathlib.Linter.DocPrime.docPrimeLinter._lam_3._boxed took 0.0616ms
interpretation of _private.Mathlib.Tactic.Linter.DocString.0.Mathlib.Linter.Style.docStringLinter._lam_0._boxed took 3.1ms
interpretation of _private.Mathlib.Tactic.Linter.DocString.0.Mathlib.Linter.Style.moduleDocVersoLinter._lam_0._boxed took 0.0987ms
interpretation of Mathlib.Linter.EmptyLine.emptyLineLinter._lam_2._boxed took 0.0384ms
interpretation of _private.Mathlib.Tactic.Linter.GlobalAttributeIn.0.Mathlib.Linter.globalAttributeInLinter.globalAttributeIn._lam_0._boxed took 3.18ms
interpretation of _private.Mathlib.Tactic.Linter.HashCommandLinter.0.Mathlib.Linter.HashCommandLinter.withSetOptionIn'._boxed took 1.21ms
interpretation of _private.Mathlib.Tactic.Linter.FlexibleLinter.0.Mathlib.Linter.Flexible.flexibleLinter._lam_0._boxed took 0.0648ms
interpretation of _private.Mathlib.Tactic.Linter.Multigoal.0.Mathlib.Linter.Style.multiGoal.multiGoalLinter._lam_0._boxed took 0.0288ms
interpretation of _private.Mathlib.Tactic.Linter.OldObtain.0.Mathlib.Linter.Style.oldObtainLinter._lam_0._boxed took 0.0272ms
interpretation of Mathlib.Linter.UnusedInstancesInType.withSetBoolOptionIn._boxed took 1.35ms
interpretation of Mathlib.Linter.UnusedInstancesInType.withSetBoolOptionIn._boxed took 0.0587ms
overlappingInstancesLinter took 44.8ms
interpretation of Mathlib.Linter.UnusedInstancesInType.withSetBoolOptionIn._boxed took 0.273ms
interpretation of _private.Mathlib.Tactic.Linter.PrivateModule.0.Mathlib.Linter.privateModule._lam_1._boxed took 0.0776ms
interpretation of _private.Mathlib.Tactic.Linter.UnusedTactic.0.Mathlib.Linter.UnusedTactic.unusedTacticLinter._lam_0._boxed took 6.89ms
interpretation of _private.Mathlib.Tactic.Linter.Style.0.Mathlib.Linter.Style.setOption.setOptionLinter._lam_0._boxed took 0.152ms
interpretation of _private.Mathlib.Tactic.Linter.Style.0.Mathlib.Linter.Style.missingEnd.missingEndLinter._lam_0._boxed took 0.15ms
interpretation of _private.Mathlib.Tactic.Linter.Style.0.Mathlib.Linter.Style.cdotLinter._lam_0._boxed took 0.0494ms
interpretation of _private.Mathlib.Tactic.Linter.Style.0.Mathlib.Linter.Style.dollarSyntax.dollarSyntaxLinter._lam_0._boxed took 0.0391ms
interpretation of _private.Mathlib.Tactic.Linter.Style.0.Mathlib.Linter.Style.lambdaSyntax.lambdaSyntaxLinter._lam_0._boxed took 0.0351ms
interpretation of _private.Mathlib.Tactic.Linter.Style.0.Mathlib.Linter.Style.longFile.longFileLinter._lam_0._boxed took 0.103ms
interpretation of _private.Mathlib.Tactic.Linter.Style.0.Mathlib.Linter.Style.longLine.longLineLinter._lam_0._boxed took 0.0337ms
interpretation of _private.Mathlib.Tactic.Linter.Style.0.Mathlib.Linter.Style.nameCheck.doubleUnderscore._lam_2._boxed took 1.42ms
interpretation of _private.Mathlib.Tactic.Linter.Style.0.Mathlib.Linter.Style.openClassical.openClassicalLinter._lam_0._boxed took 0.0983ms
interpretation of _private.Mathlib.Tactic.Linter.Whitespace.0.Mathlib.Linter.Style.Whitespace.whitespaceLinter._lam_4._boxed took 0.0756ms
tacticAnalysis took 14.4ms
interpretation of Mathlib.TacticAnalysis.tacticAnalysis._lam_1._boxed took 0.271ms
interpretation of _private.Mathlib.Tactic.Linter.Lint.0.Mathlib.Linter.DupNamespaceLinter.dupNamespace._lam_1._boxed took 0.678ms
linting took 9.55ms
elaboration took 15.9ms
parsing took 2.09ms
attribute application took 0.0078ms
instantiate metavars took 0.0054ms
instantiate metavars took 0.0008ms
typeclass inference of OfNat took 0.247ms
typeclass inference of GetElem? took 0.257ms
do element elaborator of Lean.Parser.Term.doLet took 0.649ms
do element elaborator of Lean.Parser.Term.doMatch took 0.601ms
do element elaborator of Lean.Parser.Term.doLetArrow took 0.102ms
typeclass inference of Monad took 0.183ms
typeclass inference of Lean.MonadError took 0.233ms
typeclass inference of Lean.ToMessageData took 0.0845ms
typeclass inference of Lean.ToMessageData took 0.0857ms
typeclass inference of Monad took 0.0929ms
typeclass inference of Lean.MonadError took 3.33ms
typeclass inference of Pure took 0.704ms
typeclass inference of Pure took 0.0097ms
do element elaborator of Lean.Parser.Term.doExpr took 1.41ms
typeclass inference of OfNat took 0.254ms
typeclass inference of GetElem? took 0.402ms
do element elaborator of Lean.Parser.Term.doMatch took 2.4ms
do element elaborator of Lean.Parser.Term.doMatch took 0.541ms
do element elaborator of Lean.Parser.Term.doLetElse took 0.302ms
typeclass inference of OfNat took 0.605ms
typeclass inference of GetElem? took 1.06ms
do element elaborator of Lean.Parser.Term.doLet took 1.06ms
do element elaborator of Lean.Parser.Term.doMatch took 1.06ms
do element elaborator of Lean.Parser.Term.doLetArrow took 0.144ms
typeclass inference of Monad took 0.588ms
typeclass inference of Lean.MonadError took 0.639ms
typeclass inference of Lean.ToMessageData took 0.318ms
typeclass inference of Lean.ToMessageData took 0.0209ms
typeclass inference of Monad took 0.0358ms
typeclass inference of Lean.MonadError took 0.0151ms
typeclass inference of Pure took 0.0146ms
typeclass inference of Pure took 0.0088ms
do element elaborator of Lean.Parser.Term.doExpr took 3ms
typeclass inference of OfNat took 0.245ms
typeclass inference of GetElem? took 0.328ms
do element elaborator of Lean.Parser.Term.doMatch took 0.595ms
do element elaborator of Lean.Parser.Term.doLetArrow took 0.182ms
typeclass inference of GetElem? took 0.774ms
typeclass inference of Pure took 0.365ms
typeclass inference of Pure took 0.014ms
typeclass inference of Pure took 0.0094ms
typeclass inference of Bind took 0.288ms
do element elaborator of Lean.Parser.Term.doExpr took 2.27ms
typeclass inference of Pure took 0.277ms
typeclass inference of Pure took 0.0195ms
typeclass inference of Pure took 0.0097ms
typeclass inference of Bind took 0.0102ms
do element elaborator of Lean.Parser.Term.doExpr took 1.95ms
typeclass inference of Bind took 0.0094ms
do element elaborator of Lean.Parser.Term.doExpr took 0.57ms
do element elaborator of Lean.Parser.Term.doLetArrow took 0.0751ms
typeclass inference of Bind took 0.0087ms
do element elaborator of Lean.Parser.Term.doExpr took 0.668ms
do element elaborator of Lean.Parser.Term.doLetArrow took 0.075ms
do element elaborator of Lean.Parser.Term.doNested took 0.036ms
typeclass inference of Monad took 0.158ms
typeclass inference of Lean.MonadError took 0.219ms
typeclass inference of Lean.ToMessageData took 0.0773ms
typeclass inference of Lean.ToMessageData took 0.0098ms
typeclass inference of Monad took 0.0099ms
typeclass inference of Lean.MonadError took 0.0088ms
typeclass inference of Bind took 0.0096ms
do element elaborator of Lean.Parser.Term.doExpr took 1.24ms
type checking took 0.498ms
type checking took 0.24ms
typeclass inference of Monad took 0.203ms
typeclass inference of Lean.MonadMCtx took 0.139ms
typeclass inference of Monad took 0.0981ms
typeclass inference of Lean.MonadMCtx took 0.0728ms
typeclass inference of Bind took 0.434ms
typeclass inference of Monad took 0.126ms
typeclass inference of Lean.MonadRef took 0.119ms
typeclass inference of Monad took 0.02ms
typeclass inference of Lean.MonadRef took 7.17ms
typeclass inference of Bind took 0.48ms
typeclass inference of Lean.MonadQuotation took 0.125ms
typeclass inference of Lean.MonadQuotation took 2.32ms
typeclass inference of Bind took 0.485ms
typeclass inference of Lean.MonadQuotation took 0.0979ms
typeclass inference of Lean.MonadQuotation took 0.0304ms
typeclass inference of Pure took 0.324ms
typeclass inference of CoeT took 2.02ms
typeclass inference of Pure took 1.56ms
typeclass inference of Bind took 0.461ms
typeclass inference of Bind took 0.0113ms
typeclass inference of Bind took 0.0129ms
typeclass inference of Monad took 0.201ms
typeclass inference of Lean.MonadQuotation took 0.0952ms
typeclass inference of Monad took 0.154ms
typeclass inference of Lean.MonadQuotation took 0.065ms
typeclass inference of Monad took 0.105ms
typeclass inference of Lean.MonadQuotation took 0.0625ms
typeclass inference of Monad took 0.104ms
typeclass inference of Lean.MonadQuotation took 0.0723ms
typeclass inference of Monad took 0.105ms
typeclass inference of Lean.MonadQuotation took 0.0819ms
typeclass inference of Monad took 0.277ms
typeclass inference took 3.07ms
typeclass inference of Pure took 0.0121ms
typeclass inference of Pure took 0.0069ms
do element elaborator of Lean.Parser.Term.doExpr took 2.05ms
typeclass inference of Bind took 0.0102ms
do element elaborator of Lean.Parser.Term.doExpr took 8.45ms
do element elaborator of Lean.Parser.Term.doLetArrow took 0.0651ms
do element elaborator of Lean.Parser.Term.doExpr took 0.0519ms
typeclass inference of Bind took 0.0143ms
do element elaborator of Lean.Parser.Term.doExpr took 0.775ms
do element elaborator of Lean.Parser.Term.doLetArrow took 0.0911ms
typeclass inference of Bind took 0.01ms
do element elaborator of Lean.Parser.Term.doExpr took 1.12ms
do element elaborator of Lean.Parser.Term.doLetArrow took 0.0743ms
typeclass inference of Monad took 0.0582ms
typeclass inference of Lean.MonadQuotation took 1.71ms
type checking took 0.244ms
do element elaborator of Lean.Parser.Term.doLet took 5.5ms
do element elaborator of Lean.Parser.Term.doMatch took 6.93ms
do element elaborator of Lean.Parser.Term.doLetArrow took 0.0996ms
typeclass inference of Monad took 0.191ms
typeclass inference of Lean.MonadError took 0.277ms
typeclass inference of Lean.ToMessageData took 0.082ms
typeclass inference of Lean.ToMessageData took 0.0625ms
typeclass inference of Monad took 0.106ms
typeclass inference of Lean.MonadError took 3.28ms
typeclass inference of Pure took 0.806ms
typeclass inference of Pure took 0.0106ms
do element elaborator of Lean.Parser.Term.doExpr took 1.5ms
type checking took 0.251ms
instantiate metavars took 0.101ms
instantiate metavars took 0.0038ms
instantiate metavars took 0.0014ms
instantiate metavars took 0.0012ms
instantiate metavars took 0.0008ms
share common exprs took 1.33ms
fix level params took 0.109ms
let-to-have transformation took 0.0154ms
let-to-have transformation took 0.0736ms
type checking took 1.93ms
attribute application took 0.0156ms
compilation (LCNF base) took 143ms
compilation (LCNF mono) took 21ms
compilation (LCNF mono) took 0.583ms
compilation (LCNF impure) took 0.526ms
compilation (IR) took 0.151ms
compilation (LCNF mono) took 0.151ms
compilation (LCNF impure) took 0.157ms
compilation (IR) took 0.0324ms
compilation (LCNF mono) took 0.357ms
compilation (LCNF impure) took 0.337ms
compilation (IR) took 0.0837ms
compilation (LCNF mono) took 0.287ms
compilation (LCNF impure) took 0.247ms
compilation (IR) took 0.0469ms
compilation (LCNF mono) took 0.216ms
compilation (LCNF impure) took 0.194ms
compilation (IR) took 0.0419ms
compilation (LCNF mono) took 6.61ms
compilation (LCNF impure) took 4.85ms
compilation (IR) took 0.606ms
compilation (LCNF mono) took 2.23ms
compilation (LCNF impure) took 1.97ms
compilation (IR) took 0.532ms
compilation (LCNF mono) took 0.179ms
compilation (LCNF impure) took 0.172ms
compilation (IR) took 0.0435ms
compilation (LCNF mono) took 0.18ms
compilation (LCNF impure) took 0.223ms
compilation (IR) took 0.0448ms
attribute application took 0.0062ms
process pre-definitions took 33.4ms
interpretation of _private.Mathlib.Tactic.Linter.Header.0.Mathlib.Linter.Style.header.headerLinter._lam_3._boxed took 0.0759ms
interpretation of _private.Mathlib.Tactic.Linter.AuxLemma.0.Mathlib.Linter.AuxLemma.auxLemmaLinter._lam_1._boxed took 0.308ms
interpretation of _private.Mathlib.Tactic.Linter.DeprecatedSyntaxLinter.0.Mathlib.Linter.Style.deprecatedSyntaxLinter._lam_1._boxed took 0.0427ms
interpretation of _private.Mathlib.Tactic.Linter.DocPrime.0.Mathlib.Linter.DocPrime.docPrimeLinter._lam_3._boxed took 0.0241ms
interpretation of _private.Mathlib.Tactic.Linter.DocString.0.Mathlib.Linter.Style.docStringLinter._lam_0._boxed took 0.92ms
interpretation of _private.Mathlib.Tactic.Linter.DocString.0.Mathlib.Linter.Style.moduleDocVersoLinter._lam_0._boxed took 0.0245ms
interpretation of Mathlib.Linter.EmptyLine.emptyLineLinter._lam_2._boxed took 0.0234ms
interpretation of _private.Mathlib.Tactic.Linter.GlobalAttributeIn.0.Mathlib.Linter.globalAttributeInLinter.globalAttributeIn._lam_0._boxed took 0.694ms
interpretation of _private.Mathlib.Tactic.Linter.HashCommandLinter.0.Mathlib.Linter.HashCommandLinter.withSetOptionIn'._boxed took 0.0527ms
interpretation of _private.Mathlib.Tactic.Linter.FlexibleLinter.0.Mathlib.Linter.Flexible.flexibleLinter._lam_0._boxed took 0.0253ms
interpretation of _private.Mathlib.Tactic.Linter.Multigoal.0.Mathlib.Linter.Style.multiGoal.multiGoalLinter._lam_0._boxed took 0.0321ms
interpretation of _private.Mathlib.Tactic.Linter.OldObtain.0.Mathlib.Linter.Style.oldObtainLinter._lam_0._boxed took 0.0199ms
interpretation of Mathlib.Linter.UnusedInstancesInType.withSetBoolOptionIn._boxed took 0.0462ms
interpretation of Mathlib.Linter.UnusedInstancesInType.withSetBoolOptionIn._boxed took 0.0322ms
overlappingInstancesLinter took 0.254ms
interpretation of Mathlib.Linter.UnusedInstancesInType.withSetBoolOptionIn._boxed took 0.0787ms
interpretation of _private.Mathlib.Tactic.Linter.PrivateModule.0.Mathlib.Linter.privateModule._lam_1._boxed took 0.0257ms
interpretation of _private.Mathlib.Tactic.Linter.UnusedTactic.0.Mathlib.Linter.UnusedTactic.unusedTacticLinter._lam_0._boxed took 1.81ms
interpretation of _private.Mathlib.Tactic.Linter.Style.0.Mathlib.Linter.Style.setOption.setOptionLinter._lam_0._boxed took 0.0327ms
interpretation of _private.Mathlib.Tactic.Linter.Style.0.Mathlib.Linter.Style.missingEnd.missingEndLinter._lam_0._boxed took 0.0422ms
interpretation of _private.Mathlib.Tactic.Linter.Style.0.Mathlib.Linter.Style.cdotLinter._lam_0._boxed took 0.0286ms
interpretation of _private.Mathlib.Tactic.Linter.Style.0.Mathlib.Linter.Style.dollarSyntax.dollarSyntaxLinter._lam_0._boxed took 0.0178ms
interpretation of _private.Mathlib.Tactic.Linter.Style.0.Mathlib.Linter.Style.lambdaSyntax.lambdaSyntaxLinter._lam_0._boxed took 0.0169ms
interpretation of _private.Mathlib.Tactic.Linter.Style.0.Mathlib.Linter.Style.longFile.longFileLinter._lam_0._boxed took 0.0204ms
interpretation of _private.Mathlib.Tactic.Linter.Style.0.Mathlib.Linter.Style.longLine.longLineLinter._lam_0._boxed took 0.0178ms
interpretation of _private.Mathlib.Tactic.Linter.Style.0.Mathlib.Linter.Style.nameCheck.doubleUnderscore._lam_2._boxed took 0.277ms
interpretation of _private.Mathlib.Tactic.Linter.Style.0.Mathlib.Linter.Style.openClassical.openClassicalLinter._lam_0._boxed took 0.0211ms
interpretation of _private.Mathlib.Tactic.Linter.Whitespace.0.Mathlib.Linter.Style.Whitespace.whitespaceLinter._lam_4._boxed took 0.0265ms
tacticAnalysis took 4.24ms
interpretation of Mathlib.TacticAnalysis.tacticAnalysis._lam_1._boxed took 0.187ms
interpretation of _private.Mathlib.Tactic.Linter.Lint.0.Mathlib.Linter.DupNamespaceLinter.dupNamespace._lam_1._boxed took 0.59ms
linting took 1.81ms
elaboration took 13.6ms
parsing took 1.43ms
attribute application took 0.0054ms
instantiate metavars took 0.0092ms
instantiate metavars took 0.0013ms
typeclass inference of SelectInsertParamsClass took 0.0815ms
typeclass inference of MonadLiftT took 1.61ms
typeclass inference of OfNat took 0.216ms
typeclass inference of String.Slice.Pattern.BackwardPattern took 0.568ms
typeclass inference of Pure took 0.826ms
do element elaborator of Lean.Parser.Term.doReturn took 1.07ms
do element elaborator of Lean.Parser.Term.doLet took 4.72ms
do element elaborator of Lean.Parser.Term.doLet took 0.91ms
typeclass inference of Bind took 0.286ms
do element elaborator of Lean.Parser.Term.doExpr took 1.31ms
do element elaborator of Lean.Parser.Term.doLetArrow took 0.0619ms
typeclass inference of Bind took 0.0131ms
do element elaborator of Lean.Parser.Term.doExpr took 0.705ms
do element elaborator of Lean.Parser.Term.doLetArrow took 0.0601ms
do element elaborator of Lean.Parser.Term.doLet took 0.625ms
instantiate metavars took 0.0281ms
instantiate metavars took 0.0013ms
instantiate metavars took 0.0006ms
instantiate metavars took 0.0007ms
instantiate metavars took 0.0006ms
share common exprs took 0.183ms
fix level params took 0.0265ms
let-to-have transformation took 0.0067ms
let-to-have transformation took 0.589ms
type checking took 0.391ms
attribute application took 0.0087ms
compilation (LCNF base) took 30.7ms
compilation (LCNF mono) took 3.85ms
compilation (LCNF mono) took 1.1ms
compilation (LCNF impure) took 1.13ms
compilation (IR) took 0.215ms
compilation (LCNF mono) took 1.56ms
compilation (LCNF impure) took 1.47ms
compilation (IR) took 1.05ms
attribute application took 0.0067ms
process pre-definitions took 11.1ms
interpretation of _private.Mathlib.Tactic.Linter.Header.0.Mathlib.Linter.Style.header.headerLinter._lam_3._boxed took 0.104ms
interpretation of _private.Mathlib.Tactic.Linter.AuxLemma.0.Mathlib.Linter.AuxLemma.auxLemmaLinter._lam_1._boxed took 0.337ms
interpretation of _private.Mathlib.Tactic.Linter.DeprecatedSyntaxLinter.0.Mathlib.Linter.Style.deprecatedSyntaxLinter._lam_1._boxed took 0.0846ms
interpretation of _private.Mathlib.Tactic.Linter.DocPrime.0.Mathlib.Linter.DocPrime.docPrimeLinter._lam_3._boxed took 0.0494ms
interpretation of _private.Mathlib.Tactic.Linter.DocString.0.Mathlib.Linter.Style.docStringLinter._lam_0._boxed took 1.83ms
interpretation of _private.Mathlib.Tactic.Linter.DocString.0.Mathlib.Linter.Style.moduleDocVersoLinter._lam_0._boxed took 0.091ms
interpretation of Mathlib.Linter.EmptyLine.emptyLineLinter._lam_2._boxed took 0.0492ms
interpretation of _private.Mathlib.Tactic.Linter.GlobalAttributeIn.0.Mathlib.Linter.globalAttributeInLinter.globalAttributeIn._lam_0._boxed took 0.914ms
interpretation of _private.Mathlib.Tactic.Linter.HashCommandLinter.0.Mathlib.Linter.HashCommandLinter.withSetOptionIn'._boxed took 0.098ms
interpretation of _private.Mathlib.Tactic.Linter.FlexibleLinter.0.Mathlib.Linter.Flexible.flexibleLinter._lam_0._boxed took 0.0378ms
interpretation of _private.Mathlib.Tactic.Linter.Multigoal.0.Mathlib.Linter.Style.multiGoal.multiGoalLinter._lam_0._boxed took 0.026ms
interpretation of _private.Mathlib.Tactic.Linter.OldObtain.0.Mathlib.Linter.Style.oldObtainLinter._lam_0._boxed took 0.0239ms
interpretation of Mathlib.Linter.UnusedInstancesInType.withSetBoolOptionIn._boxed took 0.0642ms
interpretation of Mathlib.Linter.UnusedInstancesInType.withSetBoolOptionIn._boxed took 0.0402ms
overlappingInstancesLinter took 0.489ms
interpretation of Mathlib.Linter.UnusedInstancesInType.withSetBoolOptionIn._boxed took 0.161ms
interpretation of _private.Mathlib.Tactic.Linter.PrivateModule.0.Mathlib.Linter.privateModule._lam_1._boxed took 0.0427ms
interpretation of _private.Mathlib.Tactic.Linter.UnusedTactic.0.Mathlib.Linter.UnusedTactic.unusedTacticLinter._lam_0._boxed took 2.41ms
interpretation of _private.Mathlib.Tactic.Linter.Style.0.Mathlib.Linter.Style.setOption.setOptionLinter._lam_0._boxed took 0.102ms
interpretation of _private.Mathlib.Tactic.Linter.Style.0.Mathlib.Linter.Style.missingEnd.missingEndLinter._lam_0._boxed took 0.104ms
interpretation of _private.Mathlib.Tactic.Linter.Style.0.Mathlib.Linter.Style.cdotLinter._lam_0._boxed took 0.0228ms
interpretation of _private.Mathlib.Tactic.Linter.Style.0.Mathlib.Linter.Style.dollarSyntax.dollarSyntaxLinter._lam_0._boxed took 0.0222ms
interpretation of _private.Mathlib.Tactic.Linter.Style.0.Mathlib.Linter.Style.lambdaSyntax.lambdaSyntaxLinter._lam_0._boxed took 0.0208ms
interpretation of _private.Mathlib.Tactic.Linter.Style.0.Mathlib.Linter.Style.longFile.longFileLinter._lam_0._boxed took 0.0289ms
interpretation of _private.Mathlib.Tactic.Linter.Style.0.Mathlib.Linter.Style.longLine.longLineLinter._lam_0._boxed took 0.0206ms
interpretation of _private.Mathlib.Tactic.Linter.Style.0.Mathlib.Linter.Style.nameCheck.doubleUnderscore._lam_2._boxed took 0.398ms
interpretation of _private.Mathlib.Tactic.Linter.Style.0.Mathlib.Linter.Style.openClassical.openClassicalLinter._lam_0._boxed took 0.0279ms
interpretation of _private.Mathlib.Tactic.Linter.Whitespace.0.Mathlib.Linter.Style.Whitespace.whitespaceLinter._lam_4._boxed took 0.0387ms
tacticAnalysis took 2.65ms
interpretation of Mathlib.TacticAnalysis.tacticAnalysis._lam_1._boxed took 0.112ms
interpretation of _private.Mathlib.Tactic.Linter.Lint.0.Mathlib.Linter.DupNamespaceLinter.dupNamespace._lam_1._boxed took 0.566ms
linting took 1.84ms
elaboration took 2.67ms
parsing took 0.537ms
attribute application took 0.0213ms
instantiate metavars took 0.0055ms
instantiate metavars took 0.0018ms
typeclass inference of SelectInsertParamsClass took 0.202ms
typeclass inference of SelectInsertParamsClass took 0.0994ms
instantiate metavars took 0.0037ms
instantiate metavars took 0.0013ms
instantiate metavars took 0.0019ms
instantiate metavars took 0.0008ms
instantiate metavars took 0.0012ms
share common exprs took 0.0273ms
fix level params took 0.0061ms
let-to-have transformation took 0.0038ms
let-to-have transformation took 0.0021ms
type checking took 0.095ms
attribute application took 0.0094ms
compilation (LCNF base) took 35.7ms
compilation (LCNF mono) took 11.4ms
compilation (LCNF mono) took 1.12ms
compilation (LCNF impure) took 1.07ms
compilation (IR) took 0.223ms
compilation (LCNF mono) took 0.256ms
compilation (LCNF impure) took 0.171ms
compilation (IR) took 0.0377ms
compilation (LCNF mono) took 0.143ms
compilation (LCNF impure) took 0.103ms
compilation (IR) took 0.0339ms
compilation (LCNF mono) took 0.279ms
compilation (LCNF impure) took 0.268ms
compilation (IR) took 0.0435ms
compilation (LCNF mono) took 0.607ms
compilation (LCNF impure) took 0.657ms
compilation (IR) took 0.117ms
compilation (LCNF mono) took 0.342ms
compilation (LCNF impure) took 0.536ms
compilation (IR) took 0.121ms
compilation (LCNF mono) took 1.14ms
compilation (LCNF impure) took 1.18ms
compilation (IR) took 0.264ms
compilation (LCNF mono) took 7.39ms
compilation (LCNF impure) took 5.12ms
compilation (IR) took 1.3ms
compilation (LCNF mono) took 1.82ms
compilation (LCNF impure) took 1.09ms
compilation (IR) took 0.123ms
compilation (LCNF mono) took 0.764ms
compilation (LCNF impure) took 0.571ms
compilation (IR) took 0.829ms
compilation (LCNF mono) took 0.568ms
compilation (LCNF impure) took 0.592ms
compilation (IR) took 0.115ms
compilation (LCNF mono) took 0.378ms
compilation (LCNF impure) took 0.351ms
compilation (IR) took 0.0954ms
typeclass inference of Lean.Server.RpcEncodable took 0.157ms
typeclass inference of Lean.Server.RpcEncodable took 0.0826ms
type checking took 0.0859ms
compilation (LCNF base) took 9.29ms
compilation (LCNF mono) took 3.87ms
compilation (LCNF mono) took 0.281ms
compilation (LCNF impure) took 0.191ms
compilation (IR) took 0.0964ms
compilation (LCNF mono) took 0.861ms
compilation (LCNF impure) took 0.761ms
compilation (IR) took 0.199ms
compilation (LCNF mono) took 0.88ms
compilation (LCNF impure) took 0.711ms
compilation (IR) took 0.0837ms
compilation (LCNF mono) took 2ms
compilation (LCNF impure) took 1.51ms
compilation (IR) took 0.519ms
compilation (LCNF mono) took 0.87ms
compilation (LCNF impure) took 0.776ms
compilation (IR) took 0.0606ms
compilation (LCNF mono) took 1.01ms
compilation (LCNF impure) took 0.427ms
compilation (IR) took 0.0787ms
compilation (LCNF mono) took 0.789ms
compilation (LCNF impure) took 0.715ms
compilation (IR) took 0.393ms
compilation (LCNF mono) took 0.28ms
compilation (LCNF impure) took 0.187ms
compilation (IR) took 0.0411ms
attribute application took 7.75ms
process pre-definitions took 6.43ms
interpretation of _private.Mathlib.Tactic.Linter.Header.0.Mathlib.Linter.Style.header.headerLinter._lam_3._boxed took 0.239ms
interpretation of _private.Mathlib.Tactic.Linter.AuxLemma.0.Mathlib.Linter.AuxLemma.auxLemmaLinter._lam_1._boxed took 0.297ms
interpretation of _private.Mathlib.Tactic.Linter.DeprecatedSyntaxLinter.0.Mathlib.Linter.Style.deprecatedSyntaxLinter._lam_1._boxed took 0.099ms
interpretation of _private.Mathlib.Tactic.Linter.DocPrime.0.Mathlib.Linter.DocPrime.docPrimeLinter._lam_3._boxed took 0.0542ms
interpretation of _private.Mathlib.Tactic.Linter.DocString.0.Mathlib.Linter.Style.docStringLinter._lam_0._boxed took 0.694ms
interpretation of _private.Mathlib.Tactic.Linter.DocString.0.Mathlib.Linter.Style.moduleDocVersoLinter._lam_0._boxed took 0.0461ms
interpretation of Mathlib.Linter.EmptyLine.emptyLineLinter._lam_2._boxed took 0.044ms
interpretation of _private.Mathlib.Tactic.Linter.GlobalAttributeIn.0.Mathlib.Linter.globalAttributeInLinter.globalAttributeIn._lam_0._boxed took 0.242ms
interpretation of _private.Mathlib.Tactic.Linter.HashCommandLinter.0.Mathlib.Linter.HashCommandLinter.withSetOptionIn'._boxed took 0.0569ms
interpretation of _private.Mathlib.Tactic.Linter.FlexibleLinter.0.Mathlib.Linter.Flexible.flexibleLinter._lam_0._boxed took 0.0294ms
interpretation of _private.Mathlib.Tactic.Linter.Multigoal.0.Mathlib.Linter.Style.multiGoal.multiGoalLinter._lam_0._boxed took 0.0242ms
interpretation of _private.Mathlib.Tactic.Linter.OldObtain.0.Mathlib.Linter.Style.oldObtainLinter._lam_0._boxed took 0.0227ms
interpretation of Mathlib.Linter.UnusedInstancesInType.withSetBoolOptionIn._boxed took 0.0525ms
interpretation of Mathlib.Linter.UnusedInstancesInType.withSetBoolOptionIn._boxed took 0.0364ms
overlappingInstancesLinter took 0.219ms
interpretation of Mathlib.Linter.UnusedInstancesInType.withSetBoolOptionIn._boxed took 0.0972ms
interpretation of _private.Mathlib.Tactic.Linter.PrivateModule.0.Mathlib.Linter.privateModule._lam_1._boxed took 0.0564ms
interpretation of _private.Mathlib.Tactic.Linter.UnusedTactic.0.Mathlib.Linter.UnusedTactic.unusedTacticLinter._lam_0._boxed took 1.2ms
interpretation of _private.Mathlib.Tactic.Linter.Style.0.Mathlib.Linter.Style.setOption.setOptionLinter._lam_0._boxed took 0.0545ms
interpretation of _private.Mathlib.Tactic.Linter.Style.0.Mathlib.Linter.Style.missingEnd.missingEndLinter._lam_0._boxed took 0.0696ms
interpretation of _private.Mathlib.Tactic.Linter.Style.0.Mathlib.Linter.Style.cdotLinter._lam_0._boxed took 0.0355ms
interpretation of _private.Mathlib.Tactic.Linter.Style.0.Mathlib.Linter.Style.dollarSyntax.dollarSyntaxLinter._lam_0._boxed took 0.0315ms
interpretation of _private.Mathlib.Tactic.Linter.Style.0.Mathlib.Linter.Style.lambdaSyntax.lambdaSyntaxLinter._lam_0._boxed took 0.0283ms
interpretation of _private.Mathlib.Tactic.Linter.Style.0.Mathlib.Linter.Style.longFile.longFileLinter._lam_0._boxed took 0.0317ms
interpretation of _private.Mathlib.Tactic.Linter.Style.0.Mathlib.Linter.Style.longLine.longLineLinter._lam_0._boxed took 0.0303ms
interpretation of _private.Mathlib.Tactic.Linter.Style.0.Mathlib.Linter.Style.nameCheck.doubleUnderscore._lam_2._boxed took 0.414ms
interpretation of _private.Mathlib.Tactic.Linter.Style.0.Mathlib.Linter.Style.openClassical.openClassicalLinter._lam_0._boxed took 0.0359ms
interpretation of _private.Mathlib.Tactic.Linter.Whitespace.0.Mathlib.Linter.Style.Whitespace.whitespaceLinter._lam_4._boxed took 0.044ms
tacticAnalysis took 1.08ms
interpretation of Mathlib.TacticAnalysis.tacticAnalysis._lam_1._boxed took 0.113ms
interpretation of _private.Mathlib.Tactic.Linter.Lint.0.Mathlib.Linter.DupNamespaceLinter.dupNamespace._lam_1._boxed took 0.341ms
linting took 1.74ms
elaboration took 3.07ms
parsing took 0.77ms
attribute application took 0.0175ms
instantiate metavars took 0.003ms
instantiate metavars took 0.0012ms
interpretation of ProofWidgets._aux_ProofWidgets_Component_OfRpcMethod___elabRules_ProofWidgets_termMk_rpc_widget%__1._boxed took 65.9ms
instantiate metavars took 0.0024ms
instantiate metavars took 0.0009ms
instantiate metavars took 0.0005ms
instantiate metavars took 0.0007ms
instantiate metavars took 0.0005ms
share common exprs took 0.0323ms
fix level params took 0.0075ms
type checking took 0.0805ms
let-to-have transformation took 0.0055ms
let-to-have transformation took 0.0054ms
type checking took 0.134ms
attribute application took 0.0136ms
compilation (LCNF base) took 0.857ms
compilation (LCNF mono) took 0.203ms
compilation (LCNF mono) took 0.727ms
compilation (LCNF impure) took 0.666ms
compilation (IR) took 0.247ms
typeclass inference of Lean.Widget.ToModule took 0.509ms
type checking took 0.109ms
compilation (LCNF base) took 0.723ms
compilation (LCNF mono) took 0.485ms
compilation (LCNF mono) took 0.212ms
compilation (LCNF impure) took 0.21ms
compilation (IR) took 0.0598ms
interpretation of _private.Mathlib.Tactic.Widget.Conv.0._tmp._@.Mathlib.Tactic.Widget.Conv.2665745128._hygCtx._hyg.11 took 6.4ms
attribute application took 2.52ms
process pre-definitions took 2ms
interpretation of _private.Mathlib.Tactic.Linter.Header.0.Mathlib.Linter.Style.header.headerLinter._lam_3._boxed took 0.0728ms
interpretation of _private.Mathlib.Tactic.Linter.AuxLemma.0.Mathlib.Linter.AuxLemma.auxLemmaLinter._lam_1._boxed took 0.155ms
interpretation of _private.Mathlib.Tactic.Linter.DeprecatedSyntaxLinter.0.Mathlib.Linter.Style.deprecatedSyntaxLinter._lam_1._boxed took 0.0414ms
interpretation of _private.Mathlib.Tactic.Linter.DocPrime.0.Mathlib.Linter.DocPrime.docPrimeLinter._lam_3._boxed took 0.0245ms
interpretation of _private.Mathlib.Tactic.Linter.DocString.0.Mathlib.Linter.Style.docStringLinter._lam_0._boxed took 0.677ms
interpretation of _private.Mathlib.Tactic.Linter.DocString.0.Mathlib.Linter.Style.moduleDocVersoLinter._lam_0._boxed took 0.0484ms
interpretation of Mathlib.Linter.EmptyLine.emptyLineLinter._lam_2._boxed took 0.041ms
interpretation of _private.Mathlib.Tactic.Linter.GlobalAttributeIn.0.Mathlib.Linter.globalAttributeInLinter.globalAttributeIn._lam_0._boxed took 0.291ms
interpretation of _private.Mathlib.Tactic.Linter.HashCommandLinter.0.Mathlib.Linter.HashCommandLinter.withSetOptionIn'._boxed took 0.096ms
interpretation of _private.Mathlib.Tactic.Linter.FlexibleLinter.0.Mathlib.Linter.Flexible.flexibleLinter._lam_0._boxed took 0.0422ms
interpretation of _private.Mathlib.Tactic.Linter.Multigoal.0.Mathlib.Linter.Style.multiGoal.multiGoalLinter._lam_0._boxed took 0.0366ms
interpretation of _private.Mathlib.Tactic.Linter.OldObtain.0.Mathlib.Linter.Style.oldObtainLinter._lam_0._boxed took 0.0326ms
interpretation of Mathlib.Linter.UnusedInstancesInType.withSetBoolOptionIn._boxed took 0.0737ms
interpretation of Mathlib.Linter.UnusedInstancesInType.withSetBoolOptionIn._boxed took 0.0603ms
overlappingInstancesLinter took 0.228ms
interpretation of Mathlib.Linter.UnusedInstancesInType.withSetBoolOptionIn._boxed took 0.126ms
interpretation of _private.Mathlib.Tactic.Linter.PrivateModule.0.Mathlib.Linter.privateModule._lam_1._boxed took 0.0225ms
interpretation of _private.Mathlib.Tactic.Linter.UnusedTactic.0.Mathlib.Linter.UnusedTactic.unusedTacticLinter._lam_0._boxed took 0.667ms
interpretation of _private.Mathlib.Tactic.Linter.Style.0.Mathlib.Linter.Style.setOption.setOptionLinter._lam_0._boxed took 0.0298ms
interpretation of _private.Mathlib.Tactic.Linter.Style.0.Mathlib.Linter.Style.missingEnd.missingEndLinter._lam_0._boxed took 0.0416ms
interpretation of _private.Mathlib.Tactic.Linter.Style.0.Mathlib.Linter.Style.cdotLinter._lam_0._boxed took 0.0211ms
interpretation of _private.Mathlib.Tactic.Linter.Style.0.Mathlib.Linter.Style.dollarSyntax.dollarSyntaxLinter._lam_0._boxed took 0.0195ms
interpretation of _private.Mathlib.Tactic.Linter.Style.0.Mathlib.Linter.Style.lambdaSyntax.lambdaSyntaxLinter._lam_0._boxed took 0.0174ms
interpretation of _private.Mathlib.Tactic.Linter.Style.0.Mathlib.Linter.Style.longFile.longFileLinter._lam_0._boxed took 0.0197ms
interpretation of _private.Mathlib.Tactic.Linter.Style.0.Mathlib.Linter.Style.longLine.longLineLinter._lam_0._boxed took 0.0179ms
interpretation of _private.Mathlib.Tactic.Linter.Style.0.Mathlib.Linter.Style.nameCheck.doubleUnderscore._lam_2._boxed took 0.208ms
interpretation of _private.Mathlib.Tactic.Linter.Style.0.Mathlib.Linter.Style.openClassical.openClassicalLinter._lam_0._boxed took 0.0207ms
interpretation of _private.Mathlib.Tactic.Linter.Whitespace.0.Mathlib.Linter.Style.Whitespace.whitespaceLinter._lam_4._boxed took 0.0266ms
tacticAnalysis took 0.517ms
interpretation of Mathlib.TacticAnalysis.tacticAnalysis._lam_1._boxed took 0.0554ms
interpretation of _private.Mathlib.Tactic.Linter.Lint.0.Mathlib.Linter.DupNamespaceLinter.dupNamespace._lam_1._boxed took 0.203ms
linting took 1.11ms
elaboration took 1.58ms
parsing took 0.854ms
attribute application took 0.0088ms
instantiate metavars took 0.0023ms
instantiate metavars took 0.0009ms
typeclass inference of OfNat took 0.163ms
instantiate metavars took 0.0051ms
instantiate metavars took 0.001ms
instantiate metavars took 0.0006ms
instantiate metavars took 0.0007ms
instantiate metavars took 0.0006ms
share common exprs took 0.0275ms
fix level params took 0.006ms
let-to-have transformation took 0.0029ms
let-to-have transformation took 0.0041ms
type checking took 0.0609ms
attribute application took 0.0116ms
compilation (LCNF base) took 0.702ms
compilation (LCNF mono) took 0.172ms
compilation (LCNF mono) took 0.619ms
compilation (LCNF impure) took 0.447ms
compilation (IR) took 0.126ms
interpretation of Mathlib.Tactic.Conv.tacticConv? took 5.4ms
interpretation of Mathlib.Tactic.Conv.tacticConv? took 0.0292ms
interpretation of Mathlib.Tactic.Conv.tacticConv? took 0.0155ms
attribute application took 0.29ms
process pre-definitions took 1.27ms
attribute application took 0.0069ms
instantiate metavars took 0.002ms
instantiate metavars took 0.0008ms
typeclass inference of OfNat took 0.15ms
typeclass inference of Lean.MonadFileMap took 0.541ms
typeclass inference of Lean.MonadFileMap took 3.45ms
typeclass inference of CoeT took 3.85ms
typeclass inference of Pure took 0.419ms
typeclass inference of Lean.ToJson took 0.325ms
typeclass inference of Lean.ToJson took 0.0655ms
typeclass inference of Pure took 1.11ms
typeclass inference of MonadLiftT took 4.43ms
typeclass inference of Pure took 0.832ms
typeclass inference of Pure took 0.0094ms
do element elaborator of Lean.Parser.Term.doExpr took 5.29ms
typeclass inference of Pure took 0.0095ms
do element elaborator of Lean.Parser.Term.doReturn took 0.0902ms
type checking took 0.219ms
do element elaborator of Lean.Parser.Term.doMatch took 3.64ms
do element elaborator of Lean.Parser.Term.doMatch took 0.505ms
do element elaborator of Lean.Parser.Term.doLetElse took 0.633ms
typeclass inference of Bind took 0.472ms
do element elaborator of Lean.Parser.Term.doExpr took 1.47ms
do element elaborator of Lean.Parser.Term.doLetArrow took 0.117ms
do element elaborator of Lean.Parser.Term.doLetElse took 0.0818ms
typeclass inference of MonadExceptOf took 0.226ms
typeclass inference of MonadExceptOf took 3.47ms
typeclass inference of Decidable took 0.261ms
instantiate metavars took 0.0022ms
instantiate metavars took 0.0011ms
instantiate metavars took 0.0007ms
instantiate metavars took 0.001ms
instantiate metavars took 0.0008ms
share common exprs took 0.297ms
fix level params took 0.0486ms
let-to-have transformation took 0.0067ms
let-to-have transformation took 0.0222ms
type checking took 1.41ms
attribute application took 0.0551ms
compilation (LCNF base) took 14.2ms
compilation (LCNF mono) took 4.27ms
compilation (LCNF mono) took 0.598ms
compilation (LCNF impure) took 0.504ms
compilation (IR) took 0.198ms
compilation (LCNF mono) took 0.517ms
compilation (LCNF impure) took 0.44ms
compilation (IR) took 0.0872ms
compilation (LCNF mono) took 0.252ms
compilation (LCNF impure) took 0.203ms
compilation (IR) took 0.0372ms
compilation (LCNF mono) took 1.32ms
compilation (LCNF impure) took 0.778ms
compilation (IR) took 0.243ms
interpretation of Mathlib.Tactic.Conv._aux_Mathlib_Tactic_Widget_Conv___elabRules_Mathlib_Tactic_Conv_tacticConv?_1 took 1.4ms
attribute application took 0.281ms
process pre-definitions took 24.3ms
interpretation of _private.Mathlib.Tactic.Linter.Header.0.Mathlib.Linter.Style.header.headerLinter._lam_3._boxed took 0.0804ms
interpretation of _private.Mathlib.Tactic.Linter.AuxLemma.0.Mathlib.Linter.AuxLemma.auxLemmaLinter._lam_1._boxed took 0.218ms
interpretation of _private.Mathlib.Tactic.Linter.DeprecatedSyntaxLinter.0.Mathlib.Linter.Style.deprecatedSyntaxLinter._lam_1._boxed took 0.0572ms
interpretation of _private.Mathlib.Tactic.Linter.DocPrime.0.Mathlib.Linter.DocPrime.docPrimeLinter._lam_3._boxed took 0.041ms
interpretation of _private.Mathlib.Tactic.Linter.DocString.0.Mathlib.Linter.Style.docStringLinter._lam_0._boxed took 0.308ms
interpretation of _private.Mathlib.Tactic.Linter.DocString.0.Mathlib.Linter.Style.moduleDocVersoLinter._lam_0._boxed took 0.0251ms
interpretation of Mathlib.Linter.EmptyLine.emptyLineLinter._lam_2._boxed took 0.0295ms
interpretation of _private.Mathlib.Tactic.Linter.GlobalAttributeIn.0.Mathlib.Linter.globalAttributeInLinter.globalAttributeIn._lam_0._boxed took 0.433ms
interpretation of _private.Mathlib.Tactic.Linter.HashCommandLinter.0.Mathlib.Linter.HashCommandLinter.withSetOptionIn'._boxed took 0.135ms
interpretation of _private.Mathlib.Tactic.Linter.FlexibleLinter.0.Mathlib.Linter.Flexible.flexibleLinter._lam_0._boxed took 0.0318ms
interpretation of _private.Mathlib.Tactic.Linter.Multigoal.0.Mathlib.Linter.Style.multiGoal.multiGoalLinter._lam_0._boxed took 0.0268ms
interpretation of _private.Mathlib.Tactic.Linter.OldObtain.0.Mathlib.Linter.Style.oldObtainLinter._lam_0._boxed took 0.035ms
interpretation of Mathlib.Linter.UnusedInstancesInType.withSetBoolOptionIn._boxed took 0.0857ms
interpretation of Mathlib.Linter.UnusedInstancesInType.withSetBoolOptionIn._boxed took 0.0345ms
overlappingInstancesLinter took 0.281ms
interpretation of Mathlib.Linter.UnusedInstancesInType.withSetBoolOptionIn._boxed took 0.0835ms
interpretation of _private.Mathlib.Tactic.Linter.PrivateModule.0.Mathlib.Linter.privateModule._lam_1._boxed took 0.0229ms
interpretation of _private.Mathlib.Tactic.Linter.UnusedTactic.0.Mathlib.Linter.UnusedTactic.unusedTacticLinter._lam_0._boxed took 1.15ms
interpretation of _private.Mathlib.Tactic.Linter.Style.0.Mathlib.Linter.Style.setOption.setOptionLinter._lam_0._boxed took 0.0432ms
interpretation of _private.Mathlib.Tactic.Linter.Style.0.Mathlib.Linter.Style.missingEnd.missingEndLinter._lam_0._boxed took 0.0548ms
interpretation of _private.Mathlib.Tactic.Linter.Style.0.Mathlib.Linter.Style.cdotLinter._lam_0._boxed took 0.0476ms
interpretation of _private.Mathlib.Tactic.Linter.Style.0.Mathlib.Linter.Style.dollarSyntax.dollarSyntaxLinter._lam_0._boxed took 0.0294ms
interpretation of _private.Mathlib.Tactic.Linter.Style.0.Mathlib.Linter.Style.lambdaSyntax.lambdaSyntaxLinter._lam_0._boxed took 0.0199ms
interpretation of _private.Mathlib.Tactic.Linter.Style.0.Mathlib.Linter.Style.longFile.longFileLinter._lam_0._boxed took 0.0248ms
interpretation of _private.Mathlib.Tactic.Linter.Style.0.Mathlib.Linter.Style.longLine.longLineLinter._lam_0._boxed took 0.0184ms
interpretation of _private.Mathlib.Tactic.Linter.Style.0.Mathlib.Linter.Style.nameCheck.doubleUnderscore._lam_2._boxed took 0.38ms
interpretation of _private.Mathlib.Tactic.Linter.Style.0.Mathlib.Linter.Style.openClassical.openClassicalLinter._lam_0._boxed took 0.0269ms
interpretation of _private.Mathlib.Tactic.Linter.Whitespace.0.Mathlib.Linter.Style.Whitespace.whitespaceLinter._lam_4._boxed took 0.0302ms
tacticAnalysis took 1.96ms
interpretation of Mathlib.TacticAnalysis.tacticAnalysis._lam_1._boxed took 0.101ms
interpretation of _private.Mathlib.Tactic.Linter.Lint.0.Mathlib.Linter.DupNamespaceLinter.dupNamespace._lam_1._boxed took 0.3ms
linting took 1.51ms
elaboration took 7.14ms
parsing took 0.0586ms
interpretation of _private.Mathlib.Tactic.Linter.Header.0.Mathlib.Linter.Style.header.headerLinter._lam_3._boxed took 0.0657ms
interpretation of _private.Mathlib.Tactic.Linter.AuxLemma.0.Mathlib.Linter.AuxLemma.auxLemmaLinter._lam_1._boxed took 0.102ms
interpretation of _private.Mathlib.Tactic.Linter.DeprecatedSyntaxLinter.0.Mathlib.Linter.Style.deprecatedSyntaxLinter._lam_1._boxed took 0.0412ms
interpretation of _private.Mathlib.Tactic.Linter.DocPrime.0.Mathlib.Linter.DocPrime.docPrimeLinter._lam_3._boxed took 0.0237ms
interpretation of _private.Mathlib.Tactic.Linter.DocString.0.Mathlib.Linter.Style.docStringLinter._lam_0._boxed took 0.114ms
interpretation of _private.Mathlib.Tactic.Linter.DocString.0.Mathlib.Linter.Style.moduleDocVersoLinter._lam_0._boxed took 0.0235ms
interpretation of Mathlib.Linter.EmptyLine.emptyLineLinter._lam_2._boxed took 0.0255ms
interpretation of _private.Mathlib.Tactic.Linter.GlobalAttributeIn.0.Mathlib.Linter.globalAttributeInLinter.globalAttributeIn._lam_0._boxed took 0.0796ms
interpretation of _private.Mathlib.Tactic.Linter.HashCommandLinter.0.Mathlib.Linter.HashCommandLinter.withSetOptionIn'._boxed took 0.0596ms
interpretation of _private.Mathlib.Tactic.Linter.FlexibleLinter.0.Mathlib.Linter.Flexible.flexibleLinter._lam_0._boxed took 0.0356ms
interpretation of _private.Mathlib.Tactic.Linter.Multigoal.0.Mathlib.Linter.Style.multiGoal.multiGoalLinter._lam_0._boxed took 0.0232ms
interpretation of _private.Mathlib.Tactic.Linter.OldObtain.0.Mathlib.Linter.Style.oldObtainLinter._lam_0._boxed took 0.021ms
interpretation of Mathlib.Linter.UnusedInstancesInType.withSetBoolOptionIn._boxed took 0.0655ms
interpretation of Mathlib.Linter.UnusedInstancesInType.withSetBoolOptionIn._boxed took 0.0377ms
overlappingInstancesLinter took 0.0567ms
interpretation of Mathlib.Linter.UnusedInstancesInType.withSetBoolOptionIn._boxed took 0.0805ms
interpretation of _private.Mathlib.Tactic.Linter.PrivateModule.0.Mathlib.Linter.privateModule._lam_1._boxed took 0.0219ms
interpretation of _private.Mathlib.Tactic.Linter.UnusedTactic.0.Mathlib.Linter.UnusedTactic.unusedTacticLinter._lam_0._boxed took 0.526ms
interpretation of _private.Mathlib.Tactic.Linter.Style.0.Mathlib.Linter.Style.setOption.setOptionLinter._lam_0._boxed took 0.0308ms
interpretation of _private.Mathlib.Tactic.Linter.Style.0.Mathlib.Linter.Style.missingEnd.missingEndLinter._lam_0._boxed took 0.0425ms
interpretation of _private.Mathlib.Tactic.Linter.Style.0.Mathlib.Linter.Style.cdotLinter._lam_0._boxed took 0.0207ms
interpretation of _private.Mathlib.Tactic.Linter.Style.0.Mathlib.Linter.Style.dollarSyntax.dollarSyntaxLinter._lam_0._boxed took 0.0178ms
interpretation of _private.Mathlib.Tactic.Linter.Style.0.Mathlib.Linter.Style.lambdaSyntax.lambdaSyntaxLinter._lam_0._boxed took 0.0226ms
interpretation of _private.Mathlib.Tactic.Linter.Style.0.Mathlib.Linter.Style.longFile.longFileLinter._lam_0._boxed took 0.0247ms
interpretation of _private.Mathlib.Tactic.Linter.Style.0.Mathlib.Linter.Style.longLine.longLineLinter._lam_0._boxed took 0.0175ms
interpretation of _private.Mathlib.Tactic.Linter.Style.0.Mathlib.Linter.Style.nameCheck.doubleUnderscore._lam_2._boxed took 0.135ms
interpretation of _private.Mathlib.Tactic.Linter.Style.0.Mathlib.Linter.Style.openClassical.openClassicalLinter._lam_0._boxed took 0.0205ms
interpretation of _private.Mathlib.Tactic.Linter.Whitespace.0.Mathlib.Linter.Style.Whitespace.whitespaceLinter._lam_4._boxed took 0.0265ms
tacticAnalysis took 0.318ms
interpretation of Mathlib.TacticAnalysis.tacticAnalysis._lam_1._boxed took 0.0665ms
interpretation of _private.Mathlib.Tactic.Linter.Lint.0.Mathlib.Linter.DupNamespaceLinter.dupNamespace._lam_1._boxed took 0.123ms
linting took 0.824ms
elaboration took 0.149ms
parsing took 0.0023ms
interpretation of _private.Mathlib.Tactic.Linter.Header.0.Mathlib.Linter.Style.header.headerLinter._lam_3._boxed took 0.0414ms
interpretation of _private.Mathlib.Tactic.Linter.AuxLemma.0.Mathlib.Linter.AuxLemma.auxLemmaLinter._lam_1._boxed took 0.0373ms
interpretation of _private.Mathlib.Tactic.Linter.DeprecatedSyntaxLinter.0.Mathlib.Linter.Style.deprecatedSyntaxLinter._lam_1._boxed took 0.0377ms
interpretation of _private.Mathlib.Tactic.Linter.DocPrime.0.Mathlib.Linter.DocPrime.docPrimeLinter._lam_3._boxed took 0.0237ms
interpretation of _private.Mathlib.Tactic.Linter.DocString.0.Mathlib.Linter.Style.docStringLinter._lam_0._boxed took 0.0923ms
interpretation of _private.Mathlib.Tactic.Linter.DocString.0.Mathlib.Linter.Style.moduleDocVersoLinter._lam_0._boxed took 0.0332ms
interpretation of Mathlib.Linter.EmptyLine.emptyLineLinter._lam_2._boxed took 0.0299ms
interpretation of _private.Mathlib.Tactic.Linter.GlobalAttributeIn.0.Mathlib.Linter.globalAttributeInLinter.globalAttributeIn._lam_0._boxed took 0.0689ms
interpretation of _private.Mathlib.Tactic.Linter.HashCommandLinter.0.Mathlib.Linter.HashCommandLinter.withSetOptionIn'._boxed took 0.054ms
interpretation of _private.Mathlib.Tactic.Linter.FlexibleLinter.0.Mathlib.Linter.Flexible.flexibleLinter._lam_0._boxed took 0.0255ms
interpretation of _private.Mathlib.Tactic.Linter.Multigoal.0.Mathlib.Linter.Style.multiGoal.multiGoalLinter._lam_0._boxed took 0.0285ms
interpretation of _private.Mathlib.Tactic.Linter.OldObtain.0.Mathlib.Linter.Style.oldObtainLinter._lam_0._boxed took 0.0311ms
interpretation of Mathlib.Linter.UnusedInstancesInType.withSetBoolOptionIn._boxed took 0.0596ms
interpretation of Mathlib.Linter.UnusedInstancesInType.withSetBoolOptionIn._boxed took 0.0475ms
overlappingInstancesLinter took 0.0527ms
interpretation of Mathlib.Linter.UnusedInstancesInType.withSetBoolOptionIn._boxed took 0.0848ms
interpretation of _private.Mathlib.Tactic.Linter.PrivateModule.0.Mathlib.Linter.privateModule._lam_1._boxed took 1.2ms
interpretation of _private.Mathlib.Tactic.Linter.UnusedTactic.0.Mathlib.Linter.UnusedTactic.unusedTacticLinter._lam_0._boxed took 0.641ms
interpretation of _private.Mathlib.Tactic.Linter.Style.0.Mathlib.Linter.Style.setOption.setOptionLinter._lam_0._boxed took 0.0501ms
interpretation of _private.Mathlib.Tactic.Linter.Style.0.Mathlib.Linter.Style.missingEnd.missingEndLinter._lam_0._boxed took 0.104ms
interpretation of _private.Mathlib.Tactic.Linter.Style.0.Mathlib.Linter.Style.cdotLinter._lam_0._boxed took 0.0258ms
interpretation of _private.Mathlib.Tactic.Linter.Style.0.Mathlib.Linter.Style.dollarSyntax.dollarSyntaxLinter._lam_0._boxed took 0.0331ms
interpretation of _private.Mathlib.Tactic.Linter.Style.0.Mathlib.Linter.Style.lambdaSyntax.lambdaSyntaxLinter._lam_0._boxed took 0.018ms
interpretation of _private.Mathlib.Tactic.Linter.Style.0.Mathlib.Linter.Style.longFile.longFileLinter._lam_0._boxed took 0.0426ms
interpretation of _private.Mathlib.Tactic.Linter.Style.0.Mathlib.Linter.Style.longLine.longLineLinter._lam_0._boxed took 0.03ms
interpretation of _private.Mathlib.Tactic.Linter.Style.0.Mathlib.Linter.Style.nameCheck.doubleUnderscore._lam_2._boxed took 0.192ms
interpretation of _private.Mathlib.Tactic.Linter.Style.0.Mathlib.Linter.Style.openClassical.openClassicalLinter._lam_0._boxed took 0.022ms
interpretation of _private.Mathlib.Tactic.Linter.Whitespace.0.Mathlib.Linter.Style.Whitespace.whitespaceLinter._lam_4._boxed took 0.0283ms
tacticAnalysis took 0.307ms
interpretation of Mathlib.TacticAnalysis.tacticAnalysis._lam_1._boxed took 0.0544ms
interpretation of _private.Mathlib.Tactic.Linter.Lint.0.Mathlib.Linter.DupNamespaceLinter.dupNamespace._lam_1._boxed took 0.117ms
linting took 0.924ms
module linting took 0.0053ms
elaboration took 0.11ms
interpretation of _private.Batteries.Tactic.Lint.Basic.0.Batteries.Tactic.Lint.initFn._lam_2._@.Batteries.Tactic.Lint.Basic.880347739._hygCtx._hyg.2 took 0.0579ms
interpretation of _private.Mathlib.Tactic.Linter.UnusedTacticExtension.0.Mathlib.Linter.UnusedTactic.initFn._lam_0._@.Mathlib.Tactic.Linter.UnusedTacticExtension.2679548081._hygCtx._hyg.2 took 0.0106ms
interpretation of _private.Mathlib.Tactic.TacticAnalysis.0.Mathlib.TacticAnalysis.initFn._lam_2._@.Mathlib.Tactic.TacticAnalysis.358552301._hygCtx._hyg.2._boxed took 1.06ms
interpretation of _private.Batteries.Util.LibraryNote.0.Batteries.Util.LibraryNote.initFn._lam_0._@.Batteries.Util.LibraryNote.1081991270._hygCtx._hyg.2 took 0.0052ms
interpretation of _private.Batteries.Util.ProofWanted.0.initFn._lam_2._@.Batteries.Util.ProofWanted.2313051376._hygCtx._hyg.2 took 0.004ms
interpretation of _private.Batteries.Util.ProofWanted.0.initFn._lam_2._@.Batteries.Util.ProofWanted.3080469459._hygCtx._hyg.2 took 0.0045ms
.olean serialization took 145ms
cumulative profiling times:
	.olean serialization 145ms
	attribute application 11.2ms
	compilation (IR) 23.1ms
	compilation (LCNF base) 394ms
	compilation (LCNF impure) 59.6ms
	compilation (LCNF mono) 146ms
	congr simp thm 1.26ms
	do element elaborator 248ms
	dsimp 8.02ms
	elaboration 323ms
	fix level params 0.576ms
	import 3.52s
	initialization 152ms
	instantiate metavars 1.04ms
	interpretation 2.9s
	let-to-have transformation 5.26ms
	linting 74.6ms
	module linting 0.0046ms
	overlappingInstancesLinter 80.9ms
	parsing 29.2ms
	process pre-definitions 231ms
	share common exprs 5.91ms
	simp 14.5ms
	tactic execution 1.68s
	tacticAnalysis 182ms
	type checking 69.4ms
	typeclass inference 947ms
