interpretation of coeNotation took 0.8ms
interpretation of coeFunNotation took 0.581ms
interpretation of coeSortNotation took 0.561ms
interpretation of Lean.Parser.Syntax.addPrec took 0.679ms
interpretation of Lean.Parser.Syntax.subPrec took 0.606ms
interpretation of Lean.Parser.Syntax.addPrio took 0.393ms
interpretation of Lean.Parser.Syntax.subPrio took 0.346ms
interpretation of precMax took 0.316ms
interpretation of precArg took 0.317ms
interpretation of precLead took 0.308ms
interpretation of prec(_) took 0.338ms
interpretation of precMin took 0.319ms
interpretation of precMin1 took 0.334ms
interpretation of termMax_prec took 0.349ms
interpretation of prioDefault took 0.315ms
interpretation of prioLow took 0.323ms
interpretation of prioMid took 0.316ms
interpretation of prioHigh took 0.448ms
interpretation of prio(_) took 0.474ms
interpretation of stx_+ took 0.331ms
interpretation of stx_* took 0.335ms
interpretation of stx_? took 0.363ms
interpretation of stx_<|>_ took 0.404ms
interpretation of stx_,* took 0.334ms
interpretation of stx_,+ took 0.328ms
interpretation of stx_,*,? took 0.352ms
interpretation of stx_,+,? took 0.363ms
interpretation of stx!_ took 0.337ms
interpretation of rawNatLit took 0.336ms
interpretation of term_∘_ took 0.382ms
interpretation of term_×_ took 0.337ms
interpretation of term_×'_ took 0.362ms
interpretation of term_∣_ took 0.347ms
interpretation of term_|||_ took 0.382ms
interpretation of term_^^^_ took 0.344ms
interpretation of term_&&&_ took 0.342ms
interpretation of term_+_ took 0.357ms
interpretation of term_-_ took 0.342ms
interpretation of term_*_ took 0.354ms
interpretation of term_/_ took 0.341ms
interpretation of term_%_ took 0.341ms
interpretation of term_<<<_ took 0.356ms
interpretation of term_>>>_ took 0.575ms
interpretation of term_^_ took 0.423ms
interpretation of term_++_ took 0.493ms
interpretation of term-_ took 0.462ms
interpretation of term~~~_ took 0.476ms
interpretation of term_⁻¹ took 0.427ms
interpretation of term_•_ took 0.395ms
interpretation of term_>=_ took 0.335ms
interpretation of term_<=_ took 0.385ms
interpretation of term_≤_ took 0.338ms
interpretation of term_<_ took 0.436ms
interpretation of term_≥_ took 0.668ms
interpretation of term_>_ took 0.456ms
interpretation of term_=_ took 0.44ms
interpretation of term_==_ took 0.513ms
interpretation of term_≍_ took 0.642ms
interpretation of term_∧_ took 0.585ms
interpretation of term_∨_ took 0.531ms
interpretation of term¬_ took 0.545ms
interpretation of term_&&_ took 0.55ms
interpretation of term_||_ took 0.534ms
interpretation of term!_ took 0.52ms
interpretation of term_∈_ took 0.489ms
interpretation of term_∉_ took 0.323ms
interpretation of term_::_ took 0.324ms
interpretation of term_<$>_ took 0.338ms
interpretation of term_>>=_ took 0.33ms
interpretation of term_<|>_ took 0.328ms
interpretation of term_>>_ took 0.322ms
interpretation of term_<*>_ took 0.328ms
interpretation of term_<*_ took 0.33ms
interpretation of term_*>_ took 0.322ms
interpretation of termDepIfThenElse took 0.323ms
interpretation of termIfThenElse took 0.319ms
interpretation of termIfLet took 0.311ms
interpretation of boolIfThenElse took 0.331ms
interpretation of term_<|_ took 0.325ms
interpretation of term_|>_ took 0.323ms
interpretation of term_$__ took 0.319ms
interpretation of term{_:_//_} took 0.374ms
interpretation of termWithout_expected_type_ took 0.361ms
interpretation of Lean.byElab took 0.378ms
interpretation of Lean.rawStx.quot took 0.366ms
interpretation of Lean.withAnnotateTerm took 0.417ms
interpretation of Lean.modCast took 0.36ms
interpretation of Lean.deprecated took 0.345ms
interpretation of Lean.deprecated_arg took 0.369ms
interpretation of Lean.suggest_for took 0.546ms
interpretation of Lean.univ_out_params took 0.63ms
interpretation of Lean.Attr.coe took 0.59ms
interpretation of Lean.command_code_action took 0.359ms
interpretation of Lean.builtin_command_code_action took 0.387ms
interpretation of Lean.includeStr took 0.373ms
interpretation of Lean.runCmd took 0.352ms
interpretation of Lean.runElab took 0.363ms
interpretation of Lean.runMeta took 0.35ms
interpretation of Lean.reduceCmd took 0.367ms
interpretation of Lean.guardMsgsCmd took 0.371ms
interpretation of Lean.guardPanicCmd took 0.356ms
interpretation of Lean.infoTreesCmd took 0.353ms
interpretation of Lean.setLibrarySuggestionsCmd took 0.38ms
interpretation of Lean.Parser.checkTactic took 0.38ms
interpretation of Lean.Parser.checkTacticFailure took 0.375ms
interpretation of Lean.Parser.checkSimp took 0.358ms
interpretation of Lean.Parser.checkSimpFailure took 0.37ms
interpretation of Lean.Parser.timeCmd took 0.367ms
interpretation of Lean.Parser.discrTreeKeyCmd took 0.368ms
interpretation of Lean.Parser.discrTreeSimpKeyCmd took 0.374ms
interpretation of Lean.Parser.commandSeal__ took 0.372ms
interpretation of Lean.Parser.commandUnseal__ took 0.385ms
interpretation of Lean.Parser.Tactic.as_aux_lemma took 0.452ms
interpretation of Lean.Parser.Tactic.withAnnotateState took 0.629ms
interpretation of Lean.Parser.Tactic.intro took 0.437ms
interpretation of Lean.Parser.Tactic.intros took 0.386ms
interpretation of Lean.Parser.Tactic.rename took 0.384ms
interpretation of Lean.Parser.Tactic.revert took 0.381ms
interpretation of Lean.Parser.Tactic.clear took 0.39ms
interpretation of Lean.Parser.Tactic.clearValue took 0.39ms
interpretation of Lean.Parser.Tactic.subst took 0.379ms
interpretation of Lean.Parser.Tactic.substVars took 0.395ms
interpretation of Lean.Parser.Tactic.assumption took 0.636ms
interpretation of Lean.Parser.Tactic.contradiction took 0.663ms
interpretation of Lean.Parser.Tactic.falseOrByContra took 0.691ms
interpretation of Lean.Parser.Tactic.apply took 0.657ms
interpretation of Lean.Parser.Tactic.exact took 0.641ms
interpretation of Lean.Parser.Tactic.refine took 0.611ms
interpretation of Lean.Parser.Tactic.refine' took 0.624ms
interpretation of Lean.Parser.Tactic.tacticExfalso took 0.625ms
interpretation of Lean.Parser.Tactic.constructor took 0.63ms
interpretation of Lean.Parser.Tactic.left took 0.474ms
interpretation of Lean.Parser.Tactic.right took 0.395ms
interpretation of Lean.Parser.Tactic.case took 0.365ms
interpretation of Lean.Parser.Tactic.case' took 0.384ms
interpretation of Lean.Parser.Tactic.tacticNext_=>_ took 0.436ms
interpretation of Lean.Parser.Tactic.allGoals took 1.26ms
interpretation of Lean.Parser.Tactic.anyGoals took 0.68ms
interpretation of Lean.Parser.Tactic.focus took 0.567ms
interpretation of Lean.Parser.Tactic.skip took 2.23ms
interpretation of Lean.Parser.Tactic.done took 0.6ms
interpretation of Lean.Parser.Tactic.traceState took 0.576ms
interpretation of Lean.Parser.Tactic.traceMessage took 0.623ms
interpretation of Lean.Parser.Tactic.failIfSuccess took 0.552ms
interpretation of Lean.Parser.Tactic.paren took 0.848ms
interpretation of Lean.Parser.Tactic.withReducible took 0.539ms
interpretation of Lean.Parser.Tactic.withReducibleAndInstances took 0.697ms
interpretation of Lean.Parser.Tactic.withImplicit took 0.629ms
interpretation of Lean.Parser.Tactic.withUnfoldingAll took 0.605ms
interpretation of Lean.Parser.Tactic.withUnfoldingNone took 0.611ms
interpretation of Lean.Parser.Tactic.first took 0.56ms
interpretation of Lean.Parser.Tactic.rotateLeft took 0.575ms
interpretation of Lean.Parser.Tactic.rotateRight took 0.536ms
interpretation of Lean.Parser.Tactic.tacticTry_ took 0.578ms
interpretation of Lean.Parser.Tactic.tactic_<;>_ took 0.625ms
interpretation of Lean.Parser.Tactic.fail took 0.558ms
interpretation of Lean.Parser.Tactic.eqRefl took 0.505ms
interpretation of Lean.Parser.Tactic.tacticRfl took 0.573ms
interpretation of Lean.Parser.Tactic.applyRfl took 0.539ms
interpretation of Lean.Parser.Tactic.tacticRfl' took 0.559ms
interpretation of Lean.Parser.Tactic.acRfl took 0.536ms
interpretation of Lean.Parser.Tactic.tacticSorry took 0.504ms
interpretation of Lean.Parser.Tactic.tacticAdmit took 0.558ms
interpretation of Lean.Parser.Tactic.tacticInfer_instance took 0.576ms
interpretation of Lean.Parser.Tactic.change took 0.55ms
interpretation of Lean.Parser.Tactic.show took 0.539ms
interpretation of Lean.Parser.Tactic.extractLets took 0.57ms
interpretation of Lean.Parser.Tactic.liftLets took 4.9ms
interpretation of Lean.Parser.Tactic.letToHave took 0.615ms
interpretation of Lean.Parser.Tactic.rewriteSeq took 0.57ms
interpretation of Lean.Parser.Tactic.rwSeq took 0.53ms
interpretation of Lean.Parser.Tactic.tacticRwa__ took 0.366ms
interpretation of Lean.Parser.Tactic.injection took 0.352ms
interpretation of Lean.Parser.Tactic.injections took 0.338ms
interpretation of Lean.Parser.Tactic.simp took 0.328ms
interpretation of Lean.Parser.Tactic.simpAll took 0.345ms
interpretation of Lean.Parser.Tactic.dsimp took 0.352ms
interpretation of Lean.Parser.Tactic.simpTrace took 0.405ms
interpretation of Lean.Parser.Tactic.tacticSimp?!_ took 0.378ms
interpretation of Lean.Parser.Tactic.simpAllTrace took 0.358ms
interpretation of Lean.Parser.Tactic.tacticSimp_all?!_ took 0.387ms
interpretation of Lean.Parser.Tactic.dsimpTrace took 0.532ms
interpretation of Lean.Parser.Tactic.tacticDsimp?!_ took 0.676ms
interpretation of Lean.Parser.Tactic.simpa took 0.68ms
interpretation of Lean.Parser.Tactic.simpaUsingBang took 0.676ms
interpretation of Lean.Parser.Tactic.tacticSimpa!_ took 0.682ms
interpretation of Lean.Parser.Tactic.tacticSimpa?_ took 0.678ms
interpretation of Lean.Parser.Tactic.tacticSimpa?!_ took 0.656ms
interpretation of Lean.Parser.Tactic.tacticSimpa!__1 took 0.638ms
interpretation of Lean.Parser.Tactic.tacticSimpa?__1 took 0.399ms
interpretation of Lean.Parser.Tactic.tacticSimpa?!__1 took 0.393ms
interpretation of Lean.Parser.Tactic.delta took 0.475ms
interpretation of Lean.Parser.Tactic.unfold took 0.377ms
interpretation of Lean.Parser.Tactic.tacticRefine_lift_ took 0.394ms
interpretation of Lean.Parser.Tactic.tacticHave__ took 0.372ms
interpretation of Lean.Parser.Tactic.tacticSuffices_ took 0.401ms
interpretation of Lean.Parser.Tactic.tacticLet__ took 0.37ms
interpretation of Lean.Parser.Tactic.letrec took 0.396ms
interpretation of Lean.Parser.Tactic.tacticRefine_lift'_ took 0.391ms
interpretation of Lean.Parser.Tactic.tacticHave' took 0.367ms
interpretation of Lean.Parser.Tactic.tacticLet'__ took 0.372ms
interpretation of Lean.Parser.Tactic.induction took 0.36ms
interpretation of Lean.Parser.Tactic.generalize took 0.391ms
interpretation of Lean.Parser.Tactic.cases took 0.367ms
interpretation of Lean.Parser.Tactic.funInduction took 0.389ms
interpretation of Lean.Parser.Tactic.funCases took 0.376ms
interpretation of Lean.Parser.Tactic.renameI took 0.459ms
interpretation of Lean.Parser.Tactic.tacticRepeat_ took 0.647ms
interpretation of Lean.Parser.Tactic.repeat' took 0.613ms
interpretation of Lean.Parser.Tactic.repeat1' took 0.394ms
interpretation of Lean.Parser.Tactic.tacticTrivial took 0.389ms
interpretation of Lean.Parser.Tactic.classical took 0.371ms
interpretation of Lean.Parser.Tactic.impossible took 0.396ms
interpretation of Lean.Parser.Tactic.split took 0.379ms
interpretation of Lean.Parser.Tactic.dbgTrace took 0.399ms
interpretation of Lean.Parser.Tactic.tacticStop_ took 0.424ms
interpretation of Lean.Parser.Tactic.tacticUnhygienic_ took 0.376ms
interpretation of Lean.Parser.Tactic.sleep took 0.364ms
interpretation of Lean.Parser.Tactic.tacticExists_,, took 0.398ms
interpretation of Lean.Parser.Tactic.congr took 0.365ms
interpretation of Lean.Parser.Tactic.tacIfThenElse took 0.386ms
interpretation of Lean.Parser.Tactic.tacDepIfThenElse took 0.378ms
interpretation of Lean.Parser.Tactic.tacticNofun took 0.359ms
interpretation of Lean.Parser.Tactic.tacticNomatch_,, took 0.379ms
interpretation of Lean.Parser.Tactic.replace took 0.356ms
interpretation of Lean.Parser.Tactic.specialize took 0.367ms
interpretation of Lean.Parser.Tactic.tacticAnd_intros took 0.37ms
interpretation of Lean.Parser.Tactic.substEqs took 0.367ms
interpretation of Lean.Parser.Tactic.runTac took 0.365ms
interpretation of Lean.Parser.Tactic.tacticHaveI__ took 0.396ms
interpretation of Lean.Parser.Tactic.tacticLetI__ took 0.617ms
interpretation of Lean.Parser.Tactic.decide took 0.542ms
interpretation of Lean.Parser.Tactic.nativeDecide took 0.514ms
interpretation of Lean.Parser.Tactic.omega took 0.472ms
interpretation of Lean.Parser.Tactic.tacticBv_omega took 0.444ms
interpretation of Lean.Parser.Tactic.acNf0 took 0.419ms
interpretation of Lean.Parser.Tactic.normCast0 took 0.369ms
interpretation of Lean.Parser.Tactic.tacticAssumption_mod_cast_ took 0.437ms
interpretation of Lean.Parser.Tactic.tacticNorm_cast__ took 0.602ms
interpretation of Lean.Parser.Tactic.pushCast took 0.614ms
interpretation of Lean.Parser.Tactic.normCastAddElim took 0.517ms
interpretation of Lean.Parser.Tactic.tacticAc_nf_ took 0.565ms
interpretation of Lean.Parser.Tactic.symm took 0.519ms
interpretation of Lean.Parser.Tactic.symmSaturate took 0.558ms
interpretation of Lean.Parser.Tactic.solveByElim took 0.585ms
interpretation of Lean.Parser.Tactic.applyAssumption took 0.625ms
interpretation of Lean.Parser.Tactic.applyRules took 0.451ms
interpretation of Lean.Parser.Tactic.exact? took 0.355ms
interpretation of Lean.Parser.Tactic.apply? took 0.528ms
interpretation of Lean.Parser.Tactic.rewrites? took 0.363ms
interpretation of Lean.Parser.Tactic.showTerm took 0.351ms
interpretation of Lean.Parser.Tactic.showTermElab took 0.351ms
interpretation of Lean.Parser.Tactic.by? took 0.43ms
interpretation of Lean.Parser.Tactic.exposeNames took 0.465ms
interpretation of Lean.Parser.Tactic.suggestions took 0.613ms
interpretation of Lean.Parser.Tactic.bvCheck took 0.635ms
interpretation of Lean.Parser.Tactic.bvDecide took 0.595ms
interpretation of Lean.Parser.Tactic.bvTrace took 0.613ms
interpretation of Lean.Parser.Tactic.bvNormalize took 0.631ms
interpretation of Lean.Parser.Tactic.massumptionMacro took 0.67ms
interpretation of Lean.Parser.Tactic.mclearMacro took 0.594ms
interpretation of Lean.Parser.Tactic.mconstructorMacro took 0.703ms
interpretation of Lean.Parser.Tactic.mexactMacro took 0.634ms
interpretation of Lean.Parser.Tactic.mexfalsoMacro took 0.597ms
interpretation of Lean.Parser.Tactic.mexistsMacro took 0.581ms
interpretation of Lean.Parser.Tactic.mframeMacro took 0.642ms
interpretation of Lean.Parser.Tactic.mhaveMacro took 1.02ms
interpretation of Lean.Parser.Tactic.mreplaceMacro took 0.593ms
interpretation of Lean.Parser.Tactic.mleftMacro took 0.592ms
interpretation of Lean.Parser.Tactic.mrightMacro took 0.669ms
interpretation of Lean.Parser.Tactic.mpureMacro took 0.575ms
interpretation of Lean.Parser.Tactic.mpureIntroMacro took 0.585ms
interpretation of Lean.Parser.Tactic.mrevertMacro took 0.592ms
interpretation of Lean.Parser.Tactic.mrenameIMacro took 0.582ms
interpretation of Lean.Parser.Tactic.mspecializeMacro took 0.603ms
interpretation of Lean.Parser.Tactic.mspecializePureMacro took 0.61ms
interpretation of Lean.Parser.Tactic.mstartMacro took 0.56ms
interpretation of Lean.Parser.Tactic.mstopMacro took 0.682ms
interpretation of Lean.Parser.Tactic.mleaveMacro took 0.964ms
interpretation of Lean.Parser.Tactic.mcasesMacro took 0.577ms
interpretation of Lean.Parser.Tactic.mrefineMacro took 0.614ms
interpretation of Lean.Parser.Tactic.mintroMacro took 0.633ms
interpretation of Lean.Parser.Tactic.mspecMacro took 0.678ms
interpretation of Lean.Parser.Tactic.mvcgenMacro took 0.598ms
interpretation of Lean.Parser.Tactic.vcgenMacro took 0.584ms
interpretation of Lean.Parser.Tactic.cbv took 0.571ms
interpretation of Lean.Parser.Tactic.decide_cbv took 0.593ms
interpretation of Lean.Parser.Attr.simp took 0.57ms
interpretation of Lean.Parser.Attr.wf_preprocess took 0.576ms
interpretation of Lean.Parser.Attr.method_specs_simp took 0.652ms
interpretation of Lean.Parser.Attr.cbv_eval took 0.626ms
interpretation of Lean.Parser.Attr.norm_cast took 0.644ms
interpretation of term‹_› took 0.592ms
interpretation of tacticGet_elem_tactic_extensible took 0.717ms
interpretation of tacticGet_elem_tactic_trivial took 0.628ms
interpretation of tacticGet_elem_tactic took 0.61ms
interpretation of Lean.Parser.Syntax.exact? took 0.656ms
interpretation of term_<->_ took 0.592ms
interpretation of term_↔_ took 0.674ms
interpretation of term_⊕_ took 0.748ms
interpretation of term_⊕'_ took 0.592ms
interpretation of term_≈_ took 0.669ms
interpretation of term_⊆_ took 0.614ms
interpretation of term_⊂_ took 0.595ms
interpretation of term_⊇_ took 0.613ms
interpretation of term_⊃_ took 0.556ms
interpretation of term_∪_ took 0.579ms
interpretation of term_∩_ took 0.557ms
interpretation of term_\_ took 0.568ms
interpretation of term{} took 0.503ms
interpretation of term∅ took 0.56ms
interpretation of term_!=_ took 0.529ms
interpretation of term_≠_ took 0.492ms
interpretation of term_<&>_ took 0.613ms
interpretation of term_<||>_ took 0.601ms
interpretation of term_<&&>_ took 0.641ms
interpretation of term_>=>_ took 0.581ms
interpretation of term_<=<_ took 0.596ms
interpretation of term_=<<_ took 0.579ms
interpretation of Lean.Parser.resetGrindAttrs took 0.612ms
interpretation of Lean.Parser.Attr.grind took 0.566ms
interpretation of Lean.Parser.Attr.grind! took 0.659ms
interpretation of Lean.Parser.Attr.grind? took 0.644ms
interpretation of Lean.Parser.Attr.grind!? took 0.617ms
interpretation of Lean.Parser.Attr.lia took 0.469ms
interpretation of Lean.Parser.Attr.lia! took 0.432ms
interpretation of Lean.Parser.Attr.lia? took 0.499ms
interpretation of Lean.Parser.Attr.lia!? took 0.374ms
interpretation of Lean.Parser.Tactic.Grind.grind_filter.quot took 0.417ms
interpretation of Lean.Parser.Tactic.Grind.grind_filter_ took 0.531ms
interpretation of Lean.Parser.Tactic.Grind.grind_filterGen<_ took 0.699ms
interpretation of Lean.Parser.Tactic.Grind.grind_filterGen=_ took 0.622ms
interpretation of Lean.Parser.Tactic.Grind.grind_filterGen!=_ took 0.464ms
interpretation of Lean.Parser.Tactic.Grind.grind_filterGen≤_ took 0.546ms
interpretation of Lean.Parser.Tactic.Grind.grind_filterGen<=_ took 0.571ms
interpretation of Lean.Parser.Tactic.Grind.grind_filterGen>_ took 0.61ms
interpretation of Lean.Parser.Tactic.Grind.grind_filterGen≥_ took 0.647ms
interpretation of Lean.Parser.Tactic.Grind.grind_filterGen>=_ took 0.638ms
interpretation of Lean.Parser.Tactic.Grind.grind_filter(_) took 0.715ms
interpretation of Lean.Parser.Tactic.Grind.grind_filter_&&_ took 0.666ms
interpretation of Lean.Parser.Tactic.Grind.grind_filter_||_ took 0.722ms
interpretation of Lean.Parser.Tactic.Grind.grind_filter!_ took 0.655ms
interpretation of Lean.Parser.Tactic.Grind.grind.quot took 0.758ms
interpretation of Lean.Parser.Tactic.Grind.paren took 0.951ms
interpretation of Lean.Parser.Tactic.Grind.skip took 0.612ms
interpretation of Lean.Parser.Tactic.Grind.lia took 0.576ms
interpretation of Lean.Parser.Tactic.Grind.ring took 0.539ms
interpretation of Lean.Parser.Tactic.Grind.ac took 0.395ms
interpretation of Lean.Parser.Tactic.Grind.linarith took 0.359ms
interpretation of Lean.Parser.Tactic.Grind.sorry took 0.394ms
interpretation of Lean.Parser.Tactic.Grind.instantiate took 0.446ms
interpretation of Lean.Parser.Tactic.Grind.use took 0.48ms
interpretation of Lean.Parser.Tactic.Grind.showAsserted took 0.931ms
interpretation of Lean.Parser.Tactic.Grind.showTrue took 0.65ms
interpretation of Lean.Parser.Tactic.Grind.showFalse took 0.81ms
interpretation of Lean.Parser.Tactic.Grind.showEqcs took 0.721ms
interpretation of Lean.Parser.Tactic.Grind.showCases took 0.682ms
interpretation of Lean.Parser.Tactic.Grind.showState took 0.661ms
interpretation of Lean.Parser.Tactic.Grind.showLocalThms took 0.659ms
interpretation of Lean.Parser.Tactic.Grind.showTerm took 0.598ms
interpretation of Lean.Parser.Tactic.Grind.showGoals took 0.508ms
interpretation of Lean.Parser.Tactic.Grind.grind_ref.quot took 0.543ms
interpretation of Lean.Parser.Tactic.Grind.grind_ref_ took 0.521ms
interpretation of Lean.Parser.Tactic.Grind.grind_ref__/__ took 0.523ms
interpretation of Lean.Parser.Tactic.Grind.grind_ref__1 took 0.516ms
interpretation of Lean.Parser.Tactic.Grind.cases took 0.523ms
interpretation of Lean.Parser.Tactic.Grind.casesTrace took 0.411ms
interpretation of Lean.Parser.Tactic.Grind.casesNext took 0.389ms
interpretation of Lean.Parser.Tactic.Grind.done took 0.572ms
interpretation of Lean.Parser.Tactic.Grind.finish took 0.641ms
interpretation of Lean.Parser.Tactic.Grind.finishTrace took 0.593ms
interpretation of Lean.Parser.Tactic.Grind.have took 0.466ms
interpretation of Lean.Parser.Tactic.Grind.nestedTacticCore took 0.533ms
interpretation of Lean.Parser.Tactic.Grind.allGoals took 0.628ms
interpretation of Lean.Parser.Tactic.Grind.focus took 0.627ms
interpretation of Lean.Parser.Tactic.Grind.next took 0.589ms
interpretation of Lean.Parser.Tactic.Grind.grind·_ took 0.61ms
interpretation of Lean.Parser.Tactic.Grind.case took 0.59ms
interpretation of Lean.Parser.Tactic.Grind.anyGoals took 0.585ms
interpretation of Lean.Parser.Tactic.Grind.withAnnotateState took 0.637ms
interpretation of Lean.Parser.Tactic.Grind.grind_<;>_ took 0.61ms
interpretation of Lean.Parser.Tactic.Grind.first took 0.569ms
interpretation of Lean.Parser.Tactic.Grind.grindTry_ took 0.58ms
interpretation of Lean.Parser.Tactic.Grind.failIfSuccess took 0.592ms
interpretation of Lean.Parser.Tactic.Grind.grindAdmit took 0.583ms
interpretation of Lean.Parser.Tactic.Grind.fail took 0.561ms
interpretation of Lean.Parser.Tactic.Grind.grindRepeat_ took 0.604ms
interpretation of Lean.Parser.Tactic.Grind.renameI took 0.452ms
interpretation of Lean.Parser.Tactic.Grind.exposeNames took 0.366ms
interpretation of Lean.Parser.Tactic.Grind.setOption took 0.368ms
interpretation of Lean.Parser.Tactic.Grind.setConfig took 0.352ms
interpretation of Lean.Parser.Tactic.Grind.haveSilent took 0.352ms
interpretation of Lean.Parser.Tactic.Grind.mbtc took 0.334ms
interpretation of Lean.Parser.Tactic.Grind.symIntro took 0.341ms
interpretation of Lean.Parser.Tactic.Grind.symIntroLight took 0.347ms
interpretation of Lean.Parser.Tactic.Grind.symIntros took 0.349ms
interpretation of Lean.Parser.Tactic.Grind.symIntrosLight took 0.46ms
interpretation of Lean.Parser.Tactic.Grind.symApply took 0.691ms
interpretation of Lean.Parser.Tactic.Grind.symInternalize took 0.641ms
interpretation of Lean.Parser.Tactic.Grind.symInternalizeAll took 0.595ms
interpretation of Lean.Parser.Tactic.Grind.symByContra took 0.571ms
interpretation of Lean.Parser.Tactic.Grind.symSimp took 0.576ms
interpretation of Lean.Parser.Tactic.Grind.symDSimp took 0.583ms
interpretation of Lean.Parser.Tactic.Grind.symRw took 0.621ms
interpretation of Lean.Parser.Tactic.Grind.grindExact_ took 0.636ms
interpretation of Lean.Parser.Tactic.Grind.symCbv took 0.611ms
interpretation of Lean.Parser.Tactic.Grind.bvNormalize took 0.638ms
interpretation of Lean.Parser.Tactic.Grind.bvDecide took 0.586ms
interpretation of Lean.Parser.Tactic.Grind.bvTrace took 0.603ms
interpretation of Lean.Parser.Tactic.Grind.bvCheck took 0.641ms
interpretation of Lean.Parser.Tactic.grind took 0.655ms
interpretation of Lean.Parser.Tactic.grindTrace took 0.757ms
interpretation of Lean.Parser.Tactic.sym took 0.711ms
interpretation of Lean.Parser.Tactic.cutsat took 0.767ms
interpretation of Lean.Parser.Tactic.lia took 0.657ms
interpretation of Lean.Parser.Tactic.grind_order took 0.637ms
interpretation of Lean.Parser.Tactic.grind_linarith took 0.668ms
interpretation of Lean.Parser.Tactic.grobner took 0.668ms
interpretation of Int.term-[_+1] took 0.735ms
interpretation of term[_] took 0.715ms
interpretation of term%[_|_] took 0.732ms
interpretation of List.term_<+_ took 0.897ms
interpretation of List.term_<+:_ took 0.681ms
interpretation of List.term_<:+_ took 0.62ms
interpretation of List.term_<:+:_ took 0.685ms
interpretation of List.term_~_ took 0.603ms
interpretation of tacticSimp_wf took 0.693ms
interpretation of tacticClean_wf took 0.543ms
interpretation of tacticDecreasing_trivial took 0.825ms
interpretation of tacticDecreasing_trivial_pre_omega took 1.21ms
interpretation of tacticDecreasing_with_ took 0.642ms
interpretation of tacticDecreasing_tactic took 0.583ms
interpretation of term__[_] took 0.623ms
interpretation of term__[_]'_ took 0.564ms
interpretation of term__[_]_? took 0.554ms
interpretation of term__[_]_! took 0.583ms
interpretation of term#[_,] took 0.575ms
interpretation of Lean.termEval_prec_ took 0.603ms
interpretation of Lean.termEval_prio_ took 0.572ms
interpretation of Lean.Parser.Tactic.tacticErw___ took 0.636ms
interpretation of Lean.Parser.Tactic.declareSimpLikeTactic took 0.647ms
interpretation of Lean.Parser.Tactic.simpAutoUnfold took 0.695ms
interpretation of Lean.Parser.Tactic.simpArith took 0.742ms
interpretation of Lean.Parser.Tactic.simpArithBang took 0.712ms
interpretation of Lean.Parser.Tactic.simpAllAutoUnfold took 0.657ms
interpretation of Lean.Parser.Tactic.simpAllArith took 0.637ms
interpretation of Lean.Parser.Tactic.simpAllArithBang took 0.78ms
interpretation of Lean.Parser.Tactic.dsimpAutoUnfold took 0.749ms
interpretation of Lean.Parser.Tactic.tacticIterate____ took 0.946ms
interpretation of Lean.Parser.Tactic.tacticRw_mod_cast___ took 0.769ms
interpretation of Lean.Parser.Tactic.tacticExact_mod_cast_ took 0.817ms
interpretation of Lean.Parser.Tactic.tacticApply_mod_cast_ took 0.792ms
interpretation of tacticBy_cases_:_ took 0.645ms
interpretation of Lean.Parser.Tactic.rcasesPat.quot took 0.442ms
interpretation of Lean.Parser.Tactic.rcasesPat.one took 0.415ms
interpretation of Lean.Parser.Tactic.rcasesPat.ignore took 0.469ms
interpretation of Lean.Parser.Tactic.rcasesPat.clear took 0.558ms
interpretation of Lean.Parser.Tactic.rcasesPat.explicit took 0.514ms
interpretation of Lean.Parser.Tactic.rcasesPat.tuple took 0.606ms
interpretation of Lean.Parser.Tactic.rcasesPat.paren took 0.704ms
interpretation of Lean.Parser.Tactic.rintroPat.quot took 0.783ms
interpretation of Lean.Parser.Tactic.rintroPat.one took 0.595ms
interpretation of Lean.Parser.Tactic.rintroPat.binder took 0.526ms
interpretation of Lean.Parser.Tactic.rcases took 0.346ms
interpretation of Lean.Parser.Tactic.obtain took 0.396ms
interpretation of Lean.Parser.Tactic.rintro took 0.578ms
interpretation of Lean.Parser.Tactic.Conv.conv.quot took 0.693ms
interpretation of Lean.Parser.Tactic.Conv.withAnnotateState took 0.659ms
interpretation of Lean.Parser.Tactic.Conv.skip took 0.612ms
interpretation of Lean.Parser.Tactic.Conv.cbv took 0.547ms
interpretation of Lean.Parser.Tactic.Conv.lhs took 0.349ms
interpretation of Lean.Parser.Tactic.Conv.rhs took 0.344ms
interpretation of Lean.Parser.Tactic.Conv.fun took 0.352ms
interpretation of Lean.Parser.Tactic.Conv.whnf took 0.347ms
interpretation of Lean.Parser.Tactic.Conv.zeta took 0.34ms
interpretation of Lean.Parser.Tactic.Conv.reduce took 0.344ms
interpretation of Lean.Parser.Tactic.Conv.congr took 0.341ms
interpretation of Lean.Parser.Tactic.Conv.arg took 0.341ms
interpretation of Lean.Parser.Tactic.Conv.ext took 0.344ms
interpretation of Lean.Parser.Tactic.Conv.change took 0.356ms
interpretation of Lean.Parser.Tactic.Conv.delta took 0.464ms
interpretation of Lean.Parser.Tactic.Conv.unfold took 0.548ms
interpretation of Lean.Parser.Tactic.Conv.pattern took 0.56ms
interpretation of Lean.Parser.Tactic.Conv.rewrite took 0.584ms
interpretation of Lean.Parser.Tactic.Conv.simp took 0.562ms
interpretation of Lean.Parser.Tactic.Conv.simpTrace took 0.592ms
interpretation of Lean.Parser.Tactic.Conv.dsimp took 0.634ms
interpretation of Lean.Parser.Tactic.Conv.dsimpTrace took 0.536ms
interpretation of Lean.Parser.Tactic.Conv.simpMatch took 0.588ms
interpretation of Lean.Parser.Tactic.Conv.clear took 0.547ms
interpretation of Lean.Parser.Tactic.Conv.nestedTacticCore took 0.6ms
interpretation of Lean.Parser.Tactic.Conv.nestedTactic took 0.604ms
interpretation of Lean.Parser.Tactic.Conv.convTactic took 0.596ms
interpretation of Lean.Parser.Tactic.Conv.nestedConv took 0.744ms
interpretation of Lean.Parser.Tactic.Conv.paren took 0.815ms
interpretation of Lean.Parser.Tactic.Conv.convRfl took 0.593ms
interpretation of Lean.Parser.Tactic.Conv.convDone took 0.578ms
interpretation of Lean.Parser.Tactic.Conv.convTrace_state took 0.637ms
interpretation of Lean.Parser.Tactic.Conv.allGoals took 0.597ms
interpretation of Lean.Parser.Tactic.Conv.anyGoals took 0.759ms
interpretation of Lean.Parser.Tactic.Conv.case took 0.672ms
interpretation of Lean.Parser.Tactic.Conv.case' took 0.381ms
interpretation of Lean.Parser.Tactic.Conv.convNext__=>_ took 0.381ms
interpretation of Lean.Parser.Tactic.Conv.focus took 0.392ms
interpretation of Lean.Parser.Tactic.Conv.convConvSeq took 0.522ms
interpretation of Lean.Parser.Tactic.Conv.conv·_ took 0.362ms
interpretation of Lean.Parser.Tactic.Conv.failIfSuccess took 0.511ms
interpretation of Lean.Parser.Tactic.Conv.convRw__ took 0.592ms
interpretation of Lean.Parser.Tactic.Conv.convErw__ took 0.582ms
interpretation of Lean.Parser.Tactic.Conv.convArgs took 0.603ms
interpretation of Lean.Parser.Tactic.Conv.convLeft took 0.592ms
interpretation of Lean.Parser.Tactic.Conv.convRight took 0.588ms
interpretation of Lean.Parser.Tactic.Conv.convIntro___ took 0.599ms
interpretation of Lean.Parser.Tactic.Conv.enter took 0.568ms
interpretation of Lean.Parser.Tactic.Conv.convApply_ took 0.467ms
interpretation of Lean.Parser.Tactic.Conv.first took 0.535ms
interpretation of Lean.Parser.Tactic.Conv.convTry_ took 0.623ms
interpretation of Lean.Parser.Tactic.Conv.conv_<;>_ took 0.733ms
interpretation of Lean.Parser.Tactic.Conv.convRepeat_ took 0.682ms
interpretation of Lean.Parser.Tactic.Conv.extractLets took 0.693ms
interpretation of Lean.Parser.Tactic.Conv.liftLets took 0.647ms
interpretation of Lean.Parser.Tactic.Conv.letToHave took 0.665ms
interpretation of Lean.Parser.Tactic.Conv.conv took 0.606ms
interpretation of Lean.Parser.Tactic.Conv.normCast took 0.581ms
interpretation of Lean.command__Unif_hint____Where_|_-⊢__ took 0.685ms
interpretation of term∃_,_ took 0.563ms
interpretation of termExists_,_ took 0.592ms
interpretation of termΣ_,_ took 0.573ms
interpretation of termΣ'_,_ took 0.583ms
interpretation of term_×__1 took 0.55ms
interpretation of term_×'__1 took 0.569ms
interpretation of Lean.calc took 0.516ms
interpretation of Lean.calcTactic took 0.542ms
interpretation of Lean.convCalc_ took 0.58ms
interpretation of tacticFunext___ took 0.348ms
interpretation of Lean.Parser.Command.classAbbrev took 0.397ms
interpretation of Lean.cdot took 0.416ms
interpretation of Lean.solveTactic took 0.343ms
interpretation of Lean.term_Matches_| took 0.401ms
interpretation of term{_} took 0.335ms
interpretation of Lean.Parser.Attr.ext took 0.379ms
interpretation of Lean.Elab.Tactic.Ext.ext took 0.399ms
interpretation of Lean.Elab.Tactic.Ext.applyExtTheorem took 0.373ms
interpretation of Lean.Elab.Tactic.Ext.tacticExt1___ took 0.383ms
interpretation of Lean.binderPred.quot took 0.357ms
interpretation of Lean.termSatisfies_binder_pred%__ took 0.596ms
interpretation of Lean.term∃__,_ took 0.543ms
interpretation of Lean.term∀__,_ took 0.356ms
interpretation of Lean.binderPred>_ took 0.327ms
interpretation of Lean.binderPred≥_ took 0.339ms
interpretation of Lean.binderPred<_ took 0.4ms
interpretation of Lean.binderPred≤_ took 0.63ms
interpretation of Lean.binderPred≠_ took 0.387ms
interpretation of Lean.binderPred∈_ took 0.557ms
interpretation of Lean.binderPred∉_ took 0.438ms
interpretation of Lean.binderPred⊆_ took 0.346ms
interpretation of Lean.binderPred⊂_ took 0.33ms
interpretation of Lean.binderPred⊇_ took 0.323ms
interpretation of Lean.binderPred⊃_ took 0.345ms
interpretation of Bool.term_^^_ took 0.397ms
interpretation of List.tacticSizeOf_list_dec took 0.359ms
interpretation of BitVec.term__#__ took 0.354ms
interpretation of BitVec.term__#'__ took 0.356ms
interpretation of Std.term_...* took 0.412ms
interpretation of Std.term*...* took 0.366ms
interpretation of Std.term_<...* took 0.568ms
interpretation of Std.term_...<_ took 0.484ms
interpretation of Std.term_..._ took 0.451ms
interpretation of Std.term*...<_ took 0.336ms
interpretation of Std.term*..._ took 0.347ms
interpretation of Std.term_<...<_ took 0.343ms
interpretation of Std.term_<..._ took 0.324ms
interpretation of Std.term_...=_ took 0.319ms
interpretation of Std.term*...=_ took 0.415ms
interpretation of Std.term_<...=_ took 0.484ms
interpretation of Vector.term#v[_,] took 0.634ms
interpretation of Std.Legacy.Range.term[:_] took 0.644ms
interpretation of Std.Legacy.Range.term[_:_] took 0.619ms
interpretation of Std.Legacy.Range.term[:_:_] took 0.597ms
interpretation of Std.Legacy.Range.term[_:_:_] took 0.427ms
interpretation of Array.term__[_:_] took 0.359ms
interpretation of Array.term__[_:] took 0.333ms
interpretation of Array.term__[:_] took 0.324ms
interpretation of String.Internal.tacticOrder took 0.308ms
interpretation of Array.tacticArray_get_dec took 0.305ms
interpretation of Array.tacticArray_mem_dec took 0.305ms
interpretation of Array.term_~_ took 0.301ms
interpretation of commandDeclare_uint_theorems__ took 0.332ms
interpretation of commandDeclare_bitwise_uint_theorems__ took 0.337ms
interpretation of commandDeclare_int_theorems__ took 0.321ms
interpretation of commandDeclare_bitwise_int_theorems__ took 0.367ms
interpretation of termPrintln!__ took 0.311ms
interpretation of termS!_ took 0.294ms
interpretation of Std.termF!_ took 0.308ms
interpretation of Vector.term_~_ took 0.31ms
interpretation of Rat.term_/._ took 0.359ms
interpretation of Lean.Parser.command_Grind_propagator___(_):=_ took 0.386ms
interpretation of Lean.Parser.command_Builtin_grind_propagator____:=_ took 0.381ms
interpretation of Lean.Parser.grindPropagatorBuiltinAttr took 0.336ms
interpretation of DerivingHelpers.tacticDeriving_ReflEq_tactic took 0.357ms
interpretation of tacticDeriving_LawfulEq_tactic_step took 0.573ms
interpretation of tacticDeriving_LawfulEq_tactic took 0.534ms
interpretation of Lean.Parser.Command.grindAnnotated took 0.585ms
interpretation of Lean.Grind.grindLintCheck took 0.625ms
interpretation of Lean.Grind.grindLintInspect took 0.412ms
interpretation of Lean.Grind.grindLintMute took 0.969ms
interpretation of Lean.Grind.grindLintSkip took 0.396ms
interpretation of Lean.Parser.Tactic.guardExpr took 0.379ms
interpretation of Lean.Parser.Tactic.guardExprConv took 0.448ms
interpretation of Lean.Parser.Tactic.guardTarget took 0.369ms
interpretation of Lean.Parser.Tactic.guardTargetConv took 0.357ms
interpretation of Lean.Parser.Tactic.guardHyp took 0.331ms
interpretation of Lean.Parser.Tactic.guardHypConv took 0.359ms
interpretation of Lean.Parser.Command.guardExprCmd took 0.361ms
interpretation of Lean.Parser.Command.guardCmd took 0.357ms
interpretation of Lean.Parser.command__Simproc__[_]_(_):=_ took 0.413ms
interpretation of Lean.Parser.command__Dsimproc__[_]_(_):=_ took 0.531ms
interpretation of Lean.Parser.command_Simproc_decl_(_):=_ took 0.681ms
interpretation of Lean.Parser.command_Dsimproc_decl_(_):=_ took 0.487ms
interpretation of Lean.Parser.command__Builtin_simproc__[_]_(_):=_ took 0.473ms
interpretation of Lean.Parser.command__Builtin_dsimproc__[_]_(_):=_ took 0.495ms
interpretation of Lean.Parser.command_Builtin_simproc_decl_(_):=_ took 0.592ms
interpretation of Lean.Parser.command_Builtin_dsimproc_decl_(_):=_ took 0.636ms
interpretation of Lean.Parser.simprocPattern took 0.436ms
interpretation of Lean.Parser.simprocPatternBuiltin took 0.375ms
interpretation of Lean.Parser.Attr.simprocAttr took 0.36ms
interpretation of Lean.Parser.Attr.sevalprocAttr took 0.406ms
interpretation of Lean.Parser.Attr.simprocBuiltinAttr took 0.393ms
interpretation of Lean.Parser.Attr.sevalprocBuiltinAttr took 0.641ms
interpretation of Lean.Parser.command__Cbv_simproc____(_):=_ took 0.796ms
interpretation of Lean.Parser.command_Cbv_simproc_decl_(_):=_ took 1.19ms
interpretation of Lean.Parser.command__Builtin_cbv_simproc____(_):=_ took 0.789ms
interpretation of Lean.Parser.command_Builtin_cbv_simproc_decl_(_):=_ took 0.784ms
interpretation of Lean.Parser.cbvSimprocPattern took 0.667ms
interpretation of Lean.Parser.cbvSimprocPatternBuiltin took 0.429ms
interpretation of Lean.Parser.Attr.cbvSimprocAttr took 0.417ms
interpretation of Lean.Parser.Attr.cbvSimprocBuiltinAttr took 0.412ms
interpretation of Lean.termMacro.trace[_]_ took 0.462ms
interpretation of Lean.Parser.Sym.Simp.sym_simproc.quot took 0.423ms
interpretation of Lean.Parser.Sym.Simp.sym_discharger.quot took 0.475ms
interpretation of Lean.Parser.Sym.Simp.ground took 0.373ms
interpretation of Lean.Parser.Sym.Simp.telescope took 0.361ms
interpretation of Lean.Parser.Sym.Simp.control took 0.484ms
interpretation of Lean.Parser.Sym.Simp.arrowTelescope took 0.454ms
interpretation of Lean.Parser.Sym.Simp.rewriteSet took 0.418ms
interpretation of Lean.Parser.Sym.Simp.rewriteInline took 0.524ms
interpretation of Lean.Parser.Sym.Simp.self took 0.61ms
interpretation of Lean.Parser.Sym.Simp.none took 0.641ms
interpretation of Lean.Parser.Sym.Simp.andThen took 0.509ms
interpretation of Lean.Parser.Sym.Simp.orElse took 0.61ms
interpretation of Lean.Parser.Sym.Simp.simprocParen took 0.667ms
interpretation of Lean.Parser.Sym.Simp.dischSelf took 0.615ms
interpretation of Lean.Parser.Sym.Simp.dischNone took 0.594ms
interpretation of Lean.Parser.Sym.Simp.dischParen took 0.623ms
interpretation of Lean.Parser.Sym.Simp.dischGrind took 0.755ms
interpretation of Lean.Parser.Command.sym_simp_field.quot took 1.15ms
interpretation of Lean.Parser.Command.symSimpFieldPre took 0.719ms
interpretation of Lean.Parser.Command.symSimpFieldPost took 0.937ms
interpretation of Lean.Parser.Command.symSimpFieldMaxSteps took 1.04ms
interpretation of Lean.Parser.Command.symSimpFieldMaxDischargeDepth took 0.809ms
interpretation of Lean.Parser.Command.registerSymSimp took 0.692ms
interpretation of Lean.Parser.Sym.DSimp.sym_dsimproc.quot took 0.668ms
interpretation of Lean.Parser.Sym.DSimp.none took 0.746ms
interpretation of Lean.Parser.Sym.DSimp.ground took 0.663ms
interpretation of Lean.Parser.Sym.DSimp.beta took 1.03ms
interpretation of Lean.Parser.Sym.DSimp.zeta took 0.699ms
interpretation of Lean.Parser.Sym.DSimp.zetaDelta took 0.775ms
interpretation of Lean.Parser.Sym.DSimp.proj took 1.05ms
interpretation of Lean.Parser.Sym.DSimp.reduceMatch took 0.756ms
interpretation of Lean.Parser.Sym.DSimp.andThen took 0.683ms
interpretation of Lean.Parser.Sym.DSimp.orElse took 0.645ms
interpretation of Lean.Parser.Sym.DSimp.dsimprocParen took 0.589ms
interpretation of Lean.Parser.Command.sym_dsimp_field.quot took 0.662ms
interpretation of Lean.Parser.Command.symDSimpFieldPre took 0.674ms
interpretation of Lean.Parser.Command.symDSimpFieldPost took 0.734ms
interpretation of Lean.Parser.Command.symDSimpFieldMaxSteps took 0.678ms
interpretation of Lean.Parser.Command.registerSymDSimp took 0.695ms
interpretation of Lean.Order.term_⊑_ took 0.735ms
interpretation of Lean.Order.term⊥ took 0.689ms
interpretation of Lean.Order.monotonicity took 0.737ms
interpretation of Lean.Parser.Tactic.tryTrace took 0.633ms
interpretation of Lean.Parser.Tactic.tryTraceWith took 0.602ms
interpretation of Lean.Parser.Tactic.attemptAll took 0.567ms
interpretation of Lean.Parser.Tactic.attemptAllPar took 0.612ms
interpretation of Lean.Parser.Tactic.firstPar took 0.588ms
interpretation of Lean.Parser.Tactic.tryResult took 0.598ms
interpretation of Lean.Parser.Command.registerTryTactic took 0.641ms
interpretation of tactic∎ took 0.562ms
interpretation of term∎ took 0.522ms
interpretation of _aux_Init_Notation___unexpand_Function_comp_1 took 0.209ms
interpretation of _aux_Init_Notation___unexpand_Prod_1 took 0.141ms
interpretation of _aux_Init_Notation___unexpand_PProd_1 took 0.127ms
interpretation of _aux_Init_Notation___unexpand_Dvd_dvd_1 took 0.135ms
interpretation of _aux_Init_Notation___unexpand_HOr_hOr_1 took 0.129ms
interpretation of _aux_Init_Notation___unexpand_HXor_hXor_1 took 0.0977ms
interpretation of _aux_Init_Notation___unexpand_HAnd_hAnd_1 took 0.178ms
interpretation of _aux_Init_Notation___unexpand_HAdd_hAdd_1 took 0.15ms
interpretation of _aux_Init_Notation___unexpand_HSub_hSub_1 took 0.13ms
interpretation of _aux_Init_Notation___unexpand_HMul_hMul_1 took 0.127ms
interpretation of _aux_Init_Notation___unexpand_HDiv_hDiv_1 took 0.158ms
interpretation of _aux_Init_Notation___unexpand_HMod_hMod_1 took 0.131ms
interpretation of _aux_Init_Notation___unexpand_HShiftLeft_hShiftLeft_1 took 0.142ms
interpretation of _aux_Init_Notation___unexpand_HShiftRight_hShiftRight_1 took 0.129ms
interpretation of _aux_Init_Notation___unexpand_HPow_hPow_1 took 0.187ms
interpretation of _aux_Init_Notation___unexpand_HAppend_hAppend_1 took 0.139ms
interpretation of _aux_Init_Notation___unexpand_Neg_neg_1 took 0.131ms
interpretation of _aux_Init_Notation___unexpand_Complement_complement_1 took 0.131ms
interpretation of _aux_Init_Notation___unexpand_Inv_inv_1 took 0.131ms
interpretation of _aux_Init_Notation___unexpand_HSMul_hSMul_1 took 0.142ms
interpretation of _aux_Init_Notation___unexpand_GE_ge_1 took 0.132ms
interpretation of _aux_Init_Notation___unexpand_LE_le_1 took 0.131ms
interpretation of _aux_Init_Notation___unexpand_LE_le_2 took 0.132ms
interpretation of _aux_Init_Notation___unexpand_LT_lt_1 took 0.128ms
interpretation of _aux_Init_Notation___unexpand_GE_ge_2 took 0.129ms
interpretation of _aux_Init_Notation___unexpand_GT_gt_1 took 0.129ms
interpretation of _aux_Init_Notation___unexpand_Eq_1 took 0.156ms
interpretation of _aux_Init_Notation___unexpand_BEq_beq_1 took 0.14ms
interpretation of _aux_Init_Notation___unexpand_HEq_1 took 0.128ms
interpretation of _aux_Init_Notation___unexpand_And_1 took 0.122ms
interpretation of _aux_Init_Notation___unexpand_Or_1 took 0.192ms
interpretation of _aux_Init_Notation___unexpand_Not_1 took 0.222ms
interpretation of _aux_Init_Notation___unexpand_Bool_and_1 took 0.149ms
interpretation of _aux_Init_Notation___unexpand_Bool_or_1 took 0.137ms
interpretation of _aux_Init_Notation___unexpand_Bool_not_1 took 0.133ms
interpretation of _aux_Init_Notation___unexpand_Membership_mem_1 took 0.142ms
interpretation of _aux_Init_Notation___unexpand_List_cons_1 took 0.133ms
interpretation of _aux_Init_Notation___unexpand_Functor_map_1 took 0.132ms
interpretation of _aux_Init_Notation___unexpand_Bind_bind_1 took 0.136ms
interpretation of _aux_Init_Core___unexpand_Iff_1 took 0.17ms
interpretation of _aux_Init_Core___unexpand_Iff_2 took 0.132ms
interpretation of _aux_Init_Core___unexpand_Sum_1 took 0.13ms
interpretation of _aux_Init_Core___unexpand_PSum_1 took 0.152ms
interpretation of _aux_Init_Core___unexpand_HasEquiv_Equiv_1 took 0.14ms
interpretation of _aux_Init_Core___unexpand_HasSubset_Subset_1 took 0.139ms
interpretation of _aux_Init_Core___unexpand_HasSSubset_SSubset_1 took 0.176ms
interpretation of _aux_Init_Core___unexpand_Superset_1 took 0.131ms
interpretation of _aux_Init_Core___unexpand_SSuperset_1 took 0.155ms
interpretation of _aux_Init_Core___unexpand_Union_union_1 took 0.161ms
interpretation of _aux_Init_Core___unexpand_Inter_inter_1 took 0.126ms
interpretation of _aux_Init_Core___unexpand_SDiff_sdiff_1 took 0.159ms
interpretation of _aux_Init_Core___unexpand_EmptyCollection_emptyCollection_1 took 0.145ms
interpretation of _aux_Init_Core___unexpand_EmptyCollection_emptyCollection_2 took 0.163ms
interpretation of _aux_Init_Core___unexpand_bne_1 took 0.129ms
interpretation of _aux_Init_Core___unexpand_Ne_1 took 0.145ms
interpretation of _aux_Init_Control_Basic___unexpand_Functor_mapRev_1 took 0.18ms
interpretation of _aux_Init_Control_Basic___unexpand_orM_1 took 0.14ms
interpretation of _aux_Init_Control_Basic___unexpand_andM_1 took 0.13ms
interpretation of _aux_Init_Control_Basic___unexpand_Bind_kleisliRight_1 took 0.137ms
interpretation of _aux_Init_Control_Basic___unexpand_Bind_kleisliLeft_1 took 0.131ms
interpretation of _aux_Init_Control_Basic___unexpand_Bind_bindLeft_1 took 0.137ms
interpretation of Int._aux_Init_Data_Int_Basic___unexpand_Int_negSucc_1 took 0.135ms
interpretation of List._aux_Init_Data_List_Basic___unexpand_List_Sublist_1 took 0.159ms
interpretation of List._aux_Init_Data_List_Basic___unexpand_List_IsPrefix_1 took 0.14ms
interpretation of List._aux_Init_Data_List_Basic___unexpand_List_IsSuffix_1 took 0.136ms
interpretation of List._aux_Init_Data_List_Basic___unexpand_List_IsInfix_1 took 0.157ms
interpretation of List._aux_Init_Data_List_Basic___unexpand_List_Perm_1 took 0.134ms
interpretation of unexpandUnit took 0.118ms
interpretation of unexpandListNil took 0.107ms
interpretation of unexpandListCons took 0.113ms
interpretation of unexpandListToArray took 0.109ms
interpretation of unexpandProdMk took 0.114ms
interpretation of unexpandIte took 0.107ms
interpretation of unexpandEqNDRec took 0.116ms
interpretation of unexpandEqRec took 0.144ms
interpretation of unexpandExists took 0.115ms
interpretation of unexpandSigma took 0.113ms
interpretation of unexpandPSigma took 0.117ms
interpretation of unexpandSubtype took 0.113ms
interpretation of unexpandTSyntax took 0.119ms
interpretation of unexpandTSyntaxArray took 0.0811ms
interpretation of unexpandTSepArray took 0.0772ms
interpretation of unexpandGetElem took 0.113ms
interpretation of unexpandGetElem! took 0.128ms
interpretation of unexpandGetElem? took 0.115ms
interpretation of unexpandArrayEmpty took 0.0907ms
interpretation of unexpandMkArray0 took 0.0765ms
interpretation of unexpandMkArray1 took 0.1ms
interpretation of unexpandMkArray2 took 0.0778ms
interpretation of unexpandMkArray3 took 0.0953ms
interpretation of unexpandMkArray4 took 0.082ms
interpretation of unexpandMkArray5 took 0.0741ms
interpretation of unexpandMkArray6 took 0.0742ms
interpretation of unexpandMkArray7 took 0.0752ms
interpretation of unexpandMkArray8 took 0.0752ms
interpretation of Lean.singletonUnexpander took 0.11ms
interpretation of Lean.insertUnexpander took 0.079ms
interpretation of Bool._aux_Init_Data_Bool___unexpand_Bool_xor_1 took 0.11ms
interpretation of BitVec.unexpandBitVecOfNat took 0.0935ms
interpretation of BitVec.unexpandBitVecOfNatLt took 0.08ms
interpretation of Vector.unexpandMk took 0.08ms
interpretation of Lean.Grind.toIntUnexpander took 0.0885ms
interpretation of Array._aux_Init_Data_Array_Perm___unexpand_Array_Perm_1 took 0.132ms
interpretation of Vector._aux_Init_Data_Vector_Perm___unexpand_Vector_Perm_1 took 0.0926ms
interpretation of Rat._aux_Init_Data_Rat_Basic___unexpand_Rat_divInt_1 took 0.108ms
interpretation of Lean.Grind.nestedProofUnexpander took 0.143ms
interpretation of Lean.Grind.matchCondUnexpander took 0.122ms
interpretation of Lean.Grind.eqMatchUnexpander took 0.139ms
interpretation of Lean.Grind.offsetUnexpander took 0.267ms
interpretation of Lean.Grind.natCastUnexpander took 0.146ms
interpretation of Lean.Grind.markerUnexpander took 0.108ms
interpretation of Lean.Grind.nodeDefUnexpander took 0.106ms
interpretation of Lean.Grind.NodeDefUnexpander took 0.157ms
interpretation of Lean.Grind.CommRing.OfCommSemiring.toQUnexpander took 0.137ms
interpretation of Lean.Grind.leftInvUnexpander took 0.115ms
interpretation of Lean.Order._aux_Init_Internal_Order_Basic___unexpand_Lean_Order_PartialOrder_rel_1 took 0.167ms
interpretation of Lean.Order._aux_Init_Internal_Order_Basic___unexpand_Lean_Order_bot_1 took 0.181ms
interpretation of Lean.Try.markerUnexpander took 0.199ms
interpretation of _aux_Init_Notation___macroRules_precMax_1 took 0.315ms
interpretation of _aux_Init_Notation___macroRules_precArg_1 took 0.166ms
interpretation of _aux_Init_Notation___macroRules_precLead_1 took 0.144ms
interpretation of _aux_Init_Notation___macroRules_prec(_)_1 took 0.136ms
interpretation of _aux_Init_Notation___macroRules_precMin_1 took 0.123ms
interpretation of _aux_Init_Notation___macroRules_precMin1_1 took 0.151ms
interpretation of _aux_Init_Notation___macroRules_termMax_prec_1 took 0.122ms
interpretation of _aux_Init_Notation___macroRules_prioDefault_1 took 0.118ms
interpretation of _aux_Init_Notation___macroRules_prioLow_1 took 0.145ms
interpretation of _aux_Init_Notation___macroRules_prioMid_1 took 0.132ms
interpretation of _aux_Init_Notation___macroRules_prioHigh_1 took 0.12ms
interpretation of _aux_Init_Notation___macroRules_prio(_)_1 took 0.13ms
interpretation of _aux_Init_Notation___macroRules_stx_+_1 took 0.0823ms
interpretation of _aux_Init_Notation___macroRules_stx_*_1 took 0.0768ms
interpretation of _aux_Init_Notation___macroRules_stx_?_1 took 0.0775ms
interpretation of _aux_Init_Notation___macroRules_stx_<|>__1 took 0.0794ms
interpretation of _aux_Init_Notation___macroRules_stx_,*_1 took 0.0803ms
interpretation of _aux_Init_Notation___macroRules_stx_,+_1 took 0.077ms
interpretation of _aux_Init_Notation___macroRules_stx_,*,?_1 took 0.0789ms
interpretation of _aux_Init_Notation___macroRules_stx_,+,?_1 took 0.0801ms
interpretation of _aux_Init_Notation___macroRules_stx!__1 took 0.0773ms
interpretation of _aux_Init_Notation___macroRules_term_∘__1 took 0.128ms
interpretation of _aux_Init_Notation___macroRules_term_×__1 took 0.119ms
interpretation of _aux_Init_Notation___macroRules_term_×'__1 took 0.141ms
interpretation of _aux_Init_Notation___macroRules_term_∣__1 took 0.137ms
interpretation of _aux_Init_Notation___macroRules_term_|||__1 took 0.133ms
interpretation of _aux_Init_Notation___macroRules_term_^^^__1 took 0.165ms
interpretation of _aux_Init_Notation___macroRules_term_&&&__1 took 0.124ms
interpretation of _aux_Init_Notation___macroRules_term_+__1 took 0.126ms
interpretation of _aux_Init_Notation___macroRules_term_-__1 took 0.112ms
interpretation of _aux_Init_Notation___macroRules_term_*__1 took 0.0784ms
interpretation of _aux_Init_Notation___macroRules_term_/__1 took 0.0875ms
interpretation of _aux_Init_Notation___macroRules_term_%__1 took 0.0784ms
interpretation of _aux_Init_Notation___macroRules_term_<<<__1 took 0.0829ms
interpretation of _aux_Init_Notation___macroRules_term_>>>__1 took 0.076ms
interpretation of _aux_Init_Notation___macroRules_term_^__1 took 0.0745ms
interpretation of _aux_Init_Notation___macroRules_term_++__1 took 0.0751ms
interpretation of _aux_Init_Notation___macroRules_term-__1 took 0.0797ms
interpretation of _aux_Init_Notation___macroRules_term~~~__1 took 0.0772ms
interpretation of _aux_Init_Notation___macroRules_term_⁻¹_1 took 0.0755ms
interpretation of _aux_Init_Notation___macroRules_term_•__1 took 0.0748ms
interpretation of _aux_Init_Notation___macroRules_term_|||__2 took 0.0762ms
interpretation of _aux_Init_Notation___macroRules_term_^^^__2 took 0.0968ms
interpretation of _aux_Init_Notation___macroRules_term_&&&__2 took 0.0779ms
interpretation of _aux_Init_Notation___macroRules_term_+__2 took 0.0931ms
interpretation of _aux_Init_Notation___macroRules_term_-__2 took 0.0794ms
interpretation of _aux_Init_Notation___macroRules_term_*__2 took 0.0771ms
interpretation of _aux_Init_Notation___macroRules_term_/__2 took 0.0979ms
interpretation of _aux_Init_Notation___macroRules_term_%__2 took 0.0782ms
interpretation of _aux_Init_Notation___macroRules_term_^__2 took 0.0765ms
interpretation of _aux_Init_Notation___macroRules_term_++__2 took 0.0942ms
interpretation of _aux_Init_Notation___macroRules_term-__2 took 0.0781ms
interpretation of _aux_Init_Notation___macroRules_term_•__2 took 0.0774ms
interpretation of _aux_Init_Notation___macroRules_term_>=__1 took 0.0778ms
interpretation of _aux_Init_Notation___macroRules_term_<=__1 took 0.0783ms
interpretation of _aux_Init_Notation___macroRules_term_>=__2 took 0.0778ms
interpretation of _aux_Init_Notation___macroRules_term_<=__2 took 0.0779ms
interpretation of _aux_Init_Notation___macroRules_term_≤__1 took 0.0776ms
interpretation of _aux_Init_Notation___macroRules_term_<__1 took 0.0774ms
interpretation of _aux_Init_Notation___macroRules_term_≥__1 took 0.0768ms
interpretation of _aux_Init_Notation___macroRules_term_>__1 took 0.0763ms
interpretation of _aux_Init_Notation___macroRules_term_=__1 took 0.0941ms
interpretation of _aux_Init_Notation___macroRules_term_==__1 took 0.0832ms
interpretation of _aux_Init_Notation___macroRules_term_≍__1 took 0.0807ms
interpretation of _aux_Init_Notation___macroRules_term_≤__2 took 0.113ms
interpretation of _aux_Init_Notation___macroRules_term_<__2 took 0.0859ms
interpretation of _aux_Init_Notation___macroRules_term_>__2 took 0.0803ms
interpretation of _aux_Init_Notation___macroRules_term_≥__2 took 0.0825ms
interpretation of _aux_Init_Notation___macroRules_term_=__2 took 0.0796ms
interpretation of _aux_Init_Notation___macroRules_term_==__2 took 0.0807ms
interpretation of _aux_Init_Notation___macroRules_term_∧__1 took 0.081ms
interpretation of _aux_Init_Notation___macroRules_term_∨__1 took 0.0806ms
interpretation of _aux_Init_Notation___macroRules_term¬__1 took 0.0889ms
interpretation of _aux_Init_Notation___macroRules_term_&&__1 took 0.082ms
interpretation of _aux_Init_Notation___macroRules_term_||__1 took 0.0903ms
interpretation of _aux_Init_Notation___macroRules_term!__1 took 0.0806ms
interpretation of _aux_Init_Notation___macroRules_term_∈__1 took 0.0803ms
interpretation of _aux_Init_Notation___macroRules_term_∉__1 took 0.0809ms
interpretation of _aux_Init_Notation___macroRules_term_::__1 took 0.117ms
interpretation of _aux_Init_Notation___macroRules_term_<$>__1 took 0.123ms
interpretation of _aux_Init_Notation___macroRules_term_>>=__1 took 0.121ms
interpretation of _aux_Init_Notation___macroRules_term_<|>__1 took 0.123ms
interpretation of _aux_Init_Notation___macroRules_term_>>__1 took 0.118ms
interpretation of _aux_Init_Notation___macroRules_term_<*>__1 took 0.129ms
interpretation of _aux_Init_Notation___macroRules_term_<*__1 took 0.151ms
interpretation of _aux_Init_Notation___macroRules_term_*>__1 took 0.137ms
interpretation of _aux_Init_Notation___macroRules_termDepIfThenElse_1 took 0.136ms
interpretation of _aux_Init_Notation___macroRules_termIfThenElse_1 took 0.147ms
interpretation of _aux_Init_Notation___macroRules_termIfLet_1 took 0.156ms
interpretation of _aux_Init_Notation___macroRules_boolIfThenElse_1 took 0.155ms
interpretation of _aux_Init_Notation___macroRules_term_<|__1 took 0.129ms
interpretation of _aux_Init_Notation___macroRules_term_|>__1 took 0.136ms
interpretation of _aux_Init_Notation___macroRules_term_$___1 took 0.124ms
interpretation of _aux_Init_Notation___macroRules_term{_:_//_}_1 took 0.135ms
interpretation of _aux_Init_Notation___macroRules_termWithout_expected_type__1 took 0.137ms
interpretation of Lean.Parser._aux_Init_Notation___macroRules_Lean_Parser_commandSeal___1 took 0.119ms
interpretation of Lean.Parser._aux_Init_Notation___macroRules_Lean_Parser_commandUnseal___1 took 0.0972ms
interpretation of Lean.Parser.Tactic._aux_Init_Tactics___macroRules_Lean_Parser_Tactic_tacticExfalso_1 took 0.114ms
interpretation of Lean.Parser.Tactic._aux_Init_Tactics___macroRules_Lean_Parser_Tactic_tacticNext_=>__1 took 0.118ms
interpretation of Lean.Parser.Tactic._aux_Init_Tactics___macroRules_Lean_Parser_Tactic_tacticTry__1 took 0.104ms
interpretation of Lean.Parser.Tactic._aux_Init_Tactics___macroRules_Lean_Parser_Tactic_tactic_<;>__1 took 0.0978ms
interpretation of Lean.Parser.Tactic._aux_Init_Tactics___macroRules_Lean_Parser_Tactic_tacticRfl_1 took 0.0929ms
interpretation of Lean.Parser.Tactic._aux_Init_Tactics___macroRules_Lean_Parser_Tactic_tacticRfl_2 took 0.0952ms
interpretation of Lean.Parser.Tactic._aux_Init_Tactics___macroRules_Lean_Parser_Tactic_tacticRfl_3 took 0.0934ms
interpretation of Lean.Parser.Tactic._aux_Init_Tactics___macroRules_Lean_Parser_Tactic_tacticRfl'_1 took 0.0952ms
interpretation of Lean.Parser.Tactic._aux_Init_Tactics___macroRules_Lean_Parser_Tactic_tacticSorry_1 took 0.0951ms
interpretation of Lean.Parser.Tactic._aux_Init_Tactics___macroRules_Lean_Parser_Tactic_tacticAdmit_1 took 0.0948ms
interpretation of Lean.Parser.Tactic._aux_Init_Tactics___macroRules_Lean_Parser_Tactic_tacticInfer_instance_1 took 0.0971ms
interpretation of Lean.Parser.Tactic._aux_Init_Tactics___macroRules_Lean_Parser_Tactic_rwSeq_1 took 0.0931ms
interpretation of Lean.Parser.Tactic._aux_Init_Tactics___macroRules_Lean_Parser_Tactic_tacticRwa___1 took 0.0961ms
interpretation of Lean.Parser.Tactic._aux_Init_Tactics___macroRules_Lean_Parser_Tactic_tacticSimp?!__1 took 0.0968ms
interpretation of Lean.Parser.Tactic._aux_Init_Tactics___macroRules_Lean_Parser_Tactic_tacticSimp_all?!__1 took 0.0975ms
interpretation of Lean.Parser.Tactic._aux_Init_Tactics___macroRules_Lean_Parser_Tactic_tacticDsimp?!__1 took 0.106ms
interpretation of Lean.Parser.Tactic._aux_Init_Tactics___macroRules_Lean_Parser_Tactic_tacticSimpa!__1 took 0.0961ms
interpretation of Lean.Parser.Tactic._aux_Init_Tactics___macroRules_Lean_Parser_Tactic_tacticSimpa?__1 took 0.0964ms
interpretation of Lean.Parser.Tactic._aux_Init_Tactics___macroRules_Lean_Parser_Tactic_tacticSimpa?!__1 took 0.0962ms
interpretation of Lean.Parser.Tactic._aux_Init_Tactics___macroRules_Lean_Parser_Tactic_tacticSimpa!__1_1 took 0.0956ms
interpretation of Lean.Parser.Tactic._aux_Init_Tactics___macroRules_Lean_Parser_Tactic_tacticSimpa?__1_1 took 0.0961ms
interpretation of Lean.Parser.Tactic._aux_Init_Tactics___macroRules_Lean_Parser_Tactic_tacticSimpa?!__1_1 took 0.117ms
interpretation of Lean.Parser.Tactic._aux_Init_Tactics___macroRules_Lean_Parser_Tactic_tacticRefine_lift__1 took 0.102ms
interpretation of Lean.Parser.Tactic._aux_Init_Tactics___macroRules_Lean_Parser_Tactic_tacticHave___1 took 0.0996ms
interpretation of Lean.Parser.Tactic._aux_Init_Tactics___macroRules_Lean_Parser_Tactic_tacticSuffices__1 took 0.0991ms
interpretation of Lean.Parser.Tactic._aux_Init_Tactics___macroRules_Lean_Parser_Tactic_tacticLet___1 took 0.0982ms
interpretation of Lean.Parser.Tactic._aux_Init_Tactics___macroRules_Lean_Parser_Tactic_letrec_1 took 0.0977ms
interpretation of Lean.Parser.Tactic._aux_Init_Tactics___macroRules_Lean_Parser_Tactic_tacticRefine_lift'__1 took 0.102ms
interpretation of Lean.Parser.Tactic._aux_Init_Tactics___macroRules_Lean_Parser_Tactic_tacticHave'_1 took 0.109ms
interpretation of Lean.Parser.Tactic._aux_Init_Tactics___macroRules_Lean_Parser_Tactic_tacticLet'___1 took 0.1ms
interpretation of Lean.Parser.Tactic._aux_Init_Tactics___macroRules_Lean_Parser_Tactic_tacticStop__1 took 0.0978ms
interpretation of Lean.Parser.Tactic._aux_Init_Tactics___macroRules_Lean_Parser_Tactic_tacticUnhygienic__1 took 0.0991ms
interpretation of Lean.Parser.Tactic._aux_Init_Tactics___macroRules_Lean_Parser_Tactic_tacticExists_,,_1 took 0.101ms
interpretation of Lean.Parser.Tactic._aux_Init_Tactics___macroRules_Lean_Parser_Tactic_tacticNofun_1 took 0.0985ms
interpretation of Lean.Parser.Tactic._aux_Init_Tactics___macroRules_Lean_Parser_Tactic_tacticNomatch_,,_1 took 0.1ms
interpretation of Lean.Parser.Tactic._aux_Init_Tactics___macroRules_Lean_Parser_Tactic_tacticAnd_intros_1 took 0.0999ms
interpretation of Lean.Parser.Tactic._aux_Init_Tactics___macroRules_Lean_Parser_Tactic_tacticHaveI___1 took 0.119ms
interpretation of Lean.Parser.Tactic._aux_Init_Tactics___macroRules_Lean_Parser_Tactic_tacticLetI___1 took 0.102ms
interpretation of Lean.Parser.Tactic._aux_Init_Tactics___macroRules_Lean_Parser_Tactic_tacticTrivial_1 took 0.102ms
interpretation of Lean.Parser.Tactic._aux_Init_Tactics___macroRules_Lean_Parser_Tactic_tacticTrivial_2 took 0.102ms
interpretation of Lean.Parser.Tactic._aux_Init_Tactics___macroRules_Lean_Parser_Tactic_tacticTrivial_3 took 0.102ms
interpretation of Lean.Parser.Tactic._aux_Init_Tactics___macroRules_Lean_Parser_Tactic_tacticTrivial_4 took 0.112ms
interpretation of Lean.Parser.Tactic._aux_Init_Tactics___macroRules_Lean_Parser_Tactic_tacticTrivial_5 took 0.102ms
interpretation of Lean.Parser.Tactic._aux_Init_Tactics___macroRules_Lean_Parser_Tactic_tacticTrivial_6 took 0.101ms
interpretation of Lean.Parser.Tactic._aux_Init_Tactics___macroRules_Lean_Parser_Tactic_tacticBv_omega_1 took 0.102ms
interpretation of Lean.Parser.Tactic._aux_Init_Tactics___macroRules_Lean_Parser_Tactic_tacticAssumption_mod_cast__1 took 0.107ms
interpretation of Lean.Parser.Tactic._aux_Init_Tactics___macroRules_Lean_Parser_Tactic_tacticNorm_cast___1 took 0.103ms
interpretation of Lean.Parser.Tactic._aux_Init_Tactics___macroRules_Lean_Parser_Tactic_tacticAc_nf__1 took 0.102ms
interpretation of Lean.Parser.Tactic._aux_Init_Tactics___macroRules_Lean_Parser_Tactic_showTermElab_1 took 0.101ms
interpretation of Lean.Parser.Tactic._aux_Init_Tactics___macroRules_Lean_Parser_Tactic_by?_1 took 0.102ms
interpretation of Lean.Parser.Tactic._aux_Init_Tactics___macroRules_Lean_Parser_Tactic_massumptionMacro_1 took 0.104ms
interpretation of Lean.Parser.Tactic._aux_Init_Tactics___macroRules_Lean_Parser_Tactic_mclearMacro_1 took 0.117ms
interpretation of Lean.Parser.Tactic._aux_Init_Tactics___macroRules_Lean_Parser_Tactic_mconstructorMacro_1 took 0.0979ms
interpretation of Lean.Parser.Tactic._aux_Init_Tactics___macroRules_Lean_Parser_Tactic_mexactMacro_1 took 0.0975ms
interpretation of Lean.Parser.Tactic._aux_Init_Tactics___macroRules_Lean_Parser_Tactic_mexfalsoMacro_1 took 0.107ms
interpretation of Lean.Parser.Tactic._aux_Init_Tactics___macroRules_Lean_Parser_Tactic_mexistsMacro_1 took 0.0988ms
interpretation of Lean.Parser.Tactic._aux_Init_Tactics___macroRules_Lean_Parser_Tactic_mframeMacro_1 took 0.0977ms
interpretation of Lean.Parser.Tactic._aux_Init_Tactics___macroRules_Lean_Parser_Tactic_mhaveMacro_1 took 0.0977ms
interpretation of Lean.Parser.Tactic._aux_Init_Tactics___macroRules_Lean_Parser_Tactic_mreplaceMacro_1 took 0.098ms
interpretation of Lean.Parser.Tactic._aux_Init_Tactics___macroRules_Lean_Parser_Tactic_mleftMacro_1 took 0.0972ms
interpretation of Lean.Parser.Tactic._aux_Init_Tactics___macroRules_Lean_Parser_Tactic_mrightMacro_1 took 0.0972ms
interpretation of Lean.Parser.Tactic._aux_Init_Tactics___macroRules_Lean_Parser_Tactic_mpureMacro_1 took 0.0977ms
interpretation of Lean.Parser.Tactic._aux_Init_Tactics___macroRules_Lean_Parser_Tactic_mpureIntroMacro_1 took 0.0986ms
interpretation of Lean.Parser.Tactic._aux_Init_Tactics___macroRules_Lean_Parser_Tactic_mrevertMacro_1 took 0.0973ms
interpretation of Lean.Parser.Tactic._aux_Init_Tactics___macroRules_Lean_Parser_Tactic_mrenameIMacro_1 took 0.0983ms
interpretation of Lean.Parser.Tactic._aux_Init_Tactics___macroRules_Lean_Parser_Tactic_mspecializeMacro_1 took 0.0978ms
interpretation of Lean.Parser.Tactic._aux_Init_Tactics___macroRules_Lean_Parser_Tactic_mspecializePureMacro_1 took 0.0996ms
interpretation of Lean.Parser.Tactic._aux_Init_Tactics___macroRules_Lean_Parser_Tactic_mstartMacro_1 took 0.0971ms
interpretation of Lean.Parser.Tactic._aux_Init_Tactics___macroRules_Lean_Parser_Tactic_mstopMacro_1 took 0.105ms
interpretation of Lean.Parser.Tactic._aux_Init_Tactics___macroRules_Lean_Parser_Tactic_mleaveMacro_1 took 0.0975ms
interpretation of Lean.Parser.Tactic._aux_Init_Tactics___macroRules_Lean_Parser_Tactic_mcasesMacro_1 took 0.0964ms
interpretation of Lean.Parser.Tactic._aux_Init_Tactics___macroRules_Lean_Parser_Tactic_mrefineMacro_1 took 0.0982ms
interpretation of Lean.Parser.Tactic._aux_Init_Tactics___macroRules_Lean_Parser_Tactic_mintroMacro_1 took 0.0968ms
interpretation of Lean.Parser.Tactic._aux_Init_Tactics___macroRules_Lean_Parser_Tactic_mspecMacro_1 took 0.0971ms
interpretation of Lean.Parser.Tactic._aux_Init_Tactics___macroRules_Lean_Parser_Tactic_mvcgenMacro_1 took 0.0966ms
interpretation of Lean.Parser.Tactic._aux_Init_Tactics___macroRules_Lean_Parser_Tactic_vcgenMacro_1 took 0.0968ms
interpretation of _aux_Init_Tactics___macroRules_term‹_›_1 took 0.091ms
interpretation of _aux_Init_Tactics___macroRules_tacticGet_elem_tactic_extensible_1 took 0.093ms
interpretation of _aux_Init_Tactics___macroRules_tacticGet_elem_tactic_extensible_2 took 0.0915ms
interpretation of _aux_Init_Tactics___macroRules_tacticGet_elem_tactic_extensible_3 took 0.0911ms
interpretation of _aux_Init_Tactics___macroRules_tacticGet_elem_tactic_1 took 0.089ms
interpretation of _aux_Init_Core___macroRules_term_<->__1 took 0.0895ms
interpretation of _aux_Init_Core___macroRules_term_↔__1 took 0.0939ms
interpretation of _aux_Init_Core___macroRules_term_⊕__1 took 0.0938ms
interpretation of _aux_Init_Core___macroRules_term_⊕'__1 took 0.0943ms
interpretation of _aux_Init_Core___macroRules_term_≈__1 took 0.0934ms
interpretation of _aux_Init_Core___macroRules_term_⊆__1 took 0.094ms
interpretation of _aux_Init_Core___macroRules_term_⊂__1 took 0.0921ms
interpretation of _aux_Init_Core___macroRules_term_⊇__1 took 0.0928ms
interpretation of _aux_Init_Core___macroRules_term_⊃__1 took 0.0922ms
interpretation of _aux_Init_Core___macroRules_term_∪__1 took 0.0935ms
interpretation of _aux_Init_Core___macroRules_term_∩__1 took 0.0927ms
interpretation of _aux_Init_Core___macroRules_term_\__1 took 0.0914ms
interpretation of _aux_Init_Core___macroRules_term{}_1 took 0.0933ms
interpretation of _aux_Init_Core___macroRules_term∅_1 took 0.0922ms
interpretation of _aux_Init_Core___macroRules_term_!=__1 took 0.128ms
interpretation of _aux_Init_Core___macroRules_term_!=__2 took 0.153ms
interpretation of _aux_Init_Core___macroRules_term_≠__1 took 0.141ms
interpretation of _aux_Init_Core___macroRules_term_≠__2 took 0.142ms
interpretation of _aux_Init_Core___macroRules_Lean_Parser_Tactic_tacticRfl_1 took 0.122ms
interpretation of _aux_Init_Control_Basic___macroRules_term_<&>__1 took 0.0973ms
interpretation of _aux_Init_Control_Basic___macroRules_term_<||>__1 took 0.1ms
interpretation of _aux_Init_Control_Basic___macroRules_term_<&&>__1 took 0.0952ms
interpretation of _aux_Init_Control_Basic___macroRules_term_>=>__1 took 0.0934ms
interpretation of _aux_Init_Control_Basic___macroRules_term_<=<__1 took 0.0934ms
interpretation of _aux_Init_Control_Basic___macroRules_term_=<<__1 took 0.094ms
interpretation of Lean.Parser.Tactic.Grind._aux_Init_Grind_Interactive___macroRules_Lean_Parser_Tactic_Grind_use_1 took 0.113ms
interpretation of Lean.Parser.Tactic.Grind._aux_Init_Grind_Interactive___macroRules_Lean_Parser_Tactic_Grind_grind·__1 took 0.171ms
interpretation of Lean.Parser.Tactic.Grind._aux_Init_Grind_Interactive___macroRules_Lean_Parser_Tactic_Grind_grind_<;>__1 took 0.0875ms
interpretation of Lean.Parser.Tactic.Grind._aux_Init_Grind_Interactive___macroRules_Lean_Parser_Tactic_Grind_grindTry__1 took 0.169ms
interpretation of Lean.Parser.Tactic.Grind._aux_Init_Grind_Interactive___macroRules_Lean_Parser_Tactic_Grind_grindAdmit_1 took 0.162ms
interpretation of Lean.Parser.Tactic.Grind._aux_Init_Grind_Interactive___macroRules_Lean_Parser_Tactic_Grind_grindRepeat__1 took 0.132ms
interpretation of Lean.Parser.Tactic.Grind._aux_Init_Grind_Interactive___macroRules_Lean_Parser_Tactic_Grind_symIntroLight_1 took 0.13ms
interpretation of Lean.Parser.Tactic.Grind._aux_Init_Grind_Interactive___macroRules_Lean_Parser_Tactic_Grind_symIntrosLight_1 took 0.121ms
interpretation of Lean.Parser.Tactic.Grind._aux_Init_Grind_Interactive___macroRules_Lean_Parser_Tactic_Grind_grindExact__1 took 0.155ms
interpretation of Int._aux_Init_Data_Int_Basic___macroRules_Int_term-[_+1]_1 took 0.209ms
interpretation of Lean._aux_Init_Data_List_Notation___macroRules_term[_]_1 took 0.158ms
interpretation of List._aux_Init_Data_List_Basic___macroRules_List_term_<+__1 took 0.151ms
interpretation of List._aux_Init_Data_List_Basic___macroRules_List_term_<+:__1 took 0.122ms
interpretation of List._aux_Init_Data_List_Basic___macroRules_List_term_<:+__1 took 0.11ms
interpretation of List._aux_Init_Data_List_Basic___macroRules_List_term_<:+:__1 took 0.104ms
interpretation of List._aux_Init_Data_List_Basic___macroRules_List_term_~__1 took 0.0982ms
interpretation of _aux_Init_WFTactics___macroRules_tacticSimp_wf_1 took 0.154ms
interpretation of _aux_Init_WFTactics___macroRules_tacticClean_wf_1 took 0.123ms
interpretation of _aux_Init_WFTactics___macroRules_tacticDecreasing_trivial_1 took 0.0989ms
interpretation of _aux_Init_WFTactics___macroRules_tacticDecreasing_trivial_2 took 0.127ms
interpretation of _aux_Init_WFTactics___macroRules_tacticDecreasing_trivial_3 took 0.0946ms
interpretation of _aux_Init_WFTactics___macroRules_tacticDecreasing_trivial_pre_omega_1 took 0.0966ms
interpretation of _aux_Init_WFTactics___macroRules_tacticDecreasing_trivial_pre_omega_2 took 0.0964ms
interpretation of _aux_Init_WFTactics___macroRules_tacticDecreasing_trivial_pre_omega_3 took 0.0959ms
interpretation of _aux_Init_WFTactics___macroRules_tacticDecreasing_with__1 took 0.0924ms
interpretation of _aux_Init_WFTactics___macroRules_tacticDecreasing_tactic_1 took 0.094ms
interpretation of _aux_Init_GetElem___macroRules_term__[_]_1 took 0.0972ms
interpretation of _aux_Init_GetElem___macroRules_term__[_]'__1 took 0.0966ms
interpretation of _aux_Init_GetElem___macroRules_term__[_]_?_1 took 0.0934ms
interpretation of _aux_Init_GetElem___macroRules_term__[_]_!_1 took 0.0918ms
interpretation of Fin._aux_Init_GetElem___macroRules_tacticGet_elem_tactic_extensible_1 took 0.105ms
interpretation of _aux_Init_Data_Array_Basic___macroRules_term#[_,]_1 took 0.098ms
interpretation of Lean._aux_Init_Meta___macroRules_Lean_Parser_Syntax_addPrec_1 took 0.128ms
interpretation of Lean._aux_Init_Meta___macroRules_Lean_Parser_Syntax_subPrec_1 took 0.0968ms
interpretation of Lean._aux_Init_Meta___macroRules_Lean_termEval_prec__1 took 0.111ms
interpretation of Lean._aux_Init_Meta___macroRules_Lean_Parser_Syntax_addPrio_1 took 0.0991ms
interpretation of Lean._aux_Init_Meta___macroRules_Lean_Parser_Syntax_subPrio_1 took 0.0988ms
interpretation of Lean._aux_Init_Meta___macroRules_Lean_termEval_prio__1 took 0.101ms
interpretation of Lean.Parser.Tactic._aux_Init_Meta___macroRules_Lean_Parser_Tactic_tacticErw____1 took 0.116ms
interpretation of Lean.Parser.Tactic._aux_Init_Meta___macroRules_Lean_Parser_Tactic_declareSimpLikeTactic_1 took 0.109ms
interpretation of Lean.Parser.Tactic.expandSimp._@.Init.Meta.4021577198._hygCtx._hyg.3 took 0.123ms
interpretation of Lean.Parser.Tactic.expandSimp._@.Init.Meta.3079349156._hygCtx._hyg.3 took 0.104ms
interpretation of Lean.Parser.Tactic.expandSimp._@.Init.Meta.4207919134._hygCtx._hyg.3 took 0.105ms
interpretation of Lean.Parser.Tactic._aux_Init_TacticsExtra___macroRules_Lean_Parser_Tactic_tacDepIfThenElse_1 took 0.109ms
interpretation of Lean.Parser.Tactic._aux_Init_TacticsExtra___macroRules_Lean_Parser_Tactic_tacIfThenElse_1 took 0.117ms
interpretation of Lean.Parser.Tactic._aux_Init_TacticsExtra___macroRules_Lean_Parser_Tactic_tacticIterate_____1 took 0.112ms
interpretation of Lean.Parser.Tactic._aux_Init_TacticsExtra___macroRules_Lean_Parser_Tactic_tacticRw_mod_cast____1 took 0.112ms
interpretation of Lean.Parser.Tactic._aux_Init_TacticsExtra___macroRules_Lean_Parser_Tactic_tacticExact_mod_cast__1 took 0.111ms
interpretation of Lean.Parser.Tactic._aux_Init_TacticsExtra___macroRules_Lean_Parser_Tactic_tacticApply_mod_cast__1 took 0.125ms
interpretation of _aux_Init_ByCases___macroRules_tacticBy_cases_:__1 took 0.0965ms
interpretation of _aux_Init_ByCases___macroRules_tacticBy_cases_:__2 took 0.0926ms
interpretation of Lean.Parser.Tactic.Conv._aux_Init_Conv___macroRules_Lean_Parser_Tactic_Conv_convRfl_1 took 0.104ms
interpretation of Lean.Parser.Tactic.Conv._aux_Init_Conv___macroRules_Lean_Parser_Tactic_Conv_convDone_1 took 0.103ms
interpretation of Lean.Parser.Tactic.Conv._aux_Init_Conv___macroRules_Lean_Parser_Tactic_Conv_convTrace_state_1 took 0.105ms
interpretation of Lean.Parser.Tactic.Conv._aux_Init_Conv___macroRules_Lean_Parser_Tactic_Conv_allGoals_1 took 0.102ms
interpretation of Lean.Parser.Tactic.Conv._aux_Init_Conv___macroRules_Lean_Parser_Tactic_Conv_anyGoals_1 took 0.104ms
interpretation of Lean.Parser.Tactic.Conv._aux_Init_Conv___macroRules_Lean_Parser_Tactic_Conv_case_1 took 0.113ms
interpretation of Lean.Parser.Tactic.Conv._aux_Init_Conv___macroRules_Lean_Parser_Tactic_Conv_case'_1 took 0.108ms
interpretation of Lean.Parser.Tactic.Conv._aux_Init_Conv___macroRules_Lean_Parser_Tactic_Conv_convNext__=>__1 took 0.11ms
interpretation of Lean.Parser.Tactic.Conv._aux_Init_Conv___macroRules_Lean_Parser_Tactic_Conv_focus_1 took 0.107ms
interpretation of Lean.Parser.Tactic.Conv._aux_Init_Conv___macroRules_Lean_Parser_Tactic_Conv_conv·__1 took 0.109ms
interpretation of Lean.Parser.Tactic.Conv._aux_Init_Conv___macroRules_Lean_Parser_Tactic_Conv_failIfSuccess_1 took 0.109ms
interpretation of Lean.Parser.Tactic.Conv._aux_Init_Conv___macroRules_Lean_Parser_Tactic_Conv_convRw___1 took 0.13ms
interpretation of Lean.Parser.Tactic.Conv._aux_Init_Conv___macroRules_Lean_Parser_Tactic_Conv_convErw___1 took 0.161ms
interpretation of Lean.Parser.Tactic.Conv._aux_Init_Conv___macroRules_Lean_Parser_Tactic_Conv_convArgs_1 took 0.127ms
interpretation of Lean.Parser.Tactic.Conv._aux_Init_Conv___macroRules_Lean_Parser_Tactic_Conv_convLeft_1 took 0.107ms
interpretation of Lean.Parser.Tactic.Conv._aux_Init_Conv___macroRules_Lean_Parser_Tactic_Conv_convRight_1 took 0.107ms
interpretation of Lean.Parser.Tactic.Conv._aux_Init_Conv___macroRules_Lean_Parser_Tactic_Conv_convIntro____1 took 0.111ms
interpretation of Lean.Parser.Tactic.Conv._aux_Init_Conv___macroRules_Lean_Parser_Tactic_Conv_convApply__1 took 0.109ms
interpretation of Lean.Parser.Tactic.Conv._aux_Init_Conv___macroRules_Lean_Parser_Tactic_Conv_convTry__1 took 0.108ms
interpretation of Lean.Parser.Tactic.Conv._aux_Init_Conv___macroRules_Lean_Parser_Tactic_Conv_conv_<;>__1 took 0.11ms
interpretation of Lean.Parser.Tactic.Conv._aux_Init_Conv___macroRules_Lean_Parser_Tactic_Conv_convRepeat__1 took 0.108ms
interpretation of Lean._aux_Init_NotationExtra___macroRules_Lean_command__Unif_hint____Where_|_-⊢___1 took 0.113ms
interpretation of _aux_Init_NotationExtra___macroRules_term∃_,__1 took 0.0998ms
interpretation of _aux_Init_NotationExtra___macroRules_termExists_,__1 took 0.0985ms
interpretation of _aux_Init_NotationExtra___macroRules_termΣ_,__1 took 0.0973ms
interpretation of _aux_Init_NotationExtra___macroRules_termΣ'_,__1 took 0.0987ms
interpretation of _aux_Init_NotationExtra___macroRules_term_×__1_1 took 0.0972ms
interpretation of _aux_Init_NotationExtra___macroRules_term_×'__1_1 took 0.0968ms
interpretation of Lean._aux_Init_NotationExtra___macroRules_Lean_convCalc__1 took 0.099ms
interpretation of _aux_Init_NotationExtra___macroRules_tacticFunext____1 took 0.0971ms
interpretation of _aux_Init_NotationExtra___macroRules_term%[_|_]_1 took 0.0992ms
interpretation of _aux_Init_NotationExtra___macroRules_Lean_Parser_Command_classAbbrev_1 took 0.103ms
interpretation of Lean._aux_Init_NotationExtra___macroRules_Lean_solveTactic_1 took 0.0986ms
interpretation of Lean._aux_Init_NotationExtra___macroRules_Lean_term_Matches_|_1 took 0.0996ms
interpretation of _aux_Init_NotationExtra___macroRules_term{_}_1 took 0.095ms
interpretation of Lean.Elab.Tactic.Ext._aux_Init_Ext___macroRules_Lean_Elab_Tactic_Ext_tacticExt1____1 took 0.192ms
interpretation of Lean._aux_Init_BinderPredicates___macroRules_Lean_term∃__,__1 took 0.18ms
interpretation of Lean._aux_Init_BinderPredicates___macroRules_Lean_term∀__,__1 took 0.168ms
interpretation of Lean._aux_Init_BinderPredicates___macroRules_Lean_termSatisfies_binder_pred%___1 took 0.168ms
interpretation of Lean._aux_Init_BinderPredicates___macroRules_Lean_termSatisfies_binder_pred%___2 took 0.182ms
interpretation of Lean._aux_Init_BinderPredicates___macroRules_Lean_termSatisfies_binder_pred%___3 took 0.169ms
interpretation of Lean._aux_Init_BinderPredicates___macroRules_Lean_termSatisfies_binder_pred%___4 took 0.168ms
interpretation of Lean._aux_Init_BinderPredicates___macroRules_Lean_termSatisfies_binder_pred%___5 took 0.168ms
interpretation of Lean._aux_Init_BinderPredicates___macroRules_Lean_termSatisfies_binder_pred%___6 took 0.17ms
interpretation of Lean._aux_Init_BinderPredicates___macroRules_Lean_termSatisfies_binder_pred%___7 took 0.161ms
interpretation of Lean._aux_Init_BinderPredicates___macroRules_Lean_termSatisfies_binder_pred%___8 took 0.173ms
interpretation of Lean._aux_Init_BinderPredicates___macroRules_Lean_termSatisfies_binder_pred%___9 took 0.171ms
interpretation of Lean._aux_Init_BinderPredicates___macroRules_Lean_termSatisfies_binder_pred%___10 took 0.195ms
interpretation of Lean._aux_Init_BinderPredicates___macroRules_Lean_termSatisfies_binder_pred%___11 took 0.167ms
interpretation of Bool._aux_Init_Data_Bool___macroRules_Bool_term_^^__1 took 0.173ms
interpretation of List._aux_Init_Data_List_BasicAux___macroRules_List_tacticSizeOf_list_dec_1 took 0.167ms
interpretation of List._aux_Init_Data_List_BasicAux___macroRules_tacticDecreasing_trivial_1 took 0.181ms
interpretation of BitVec._aux_Init_Data_BitVec_Basic___macroRules_BitVec_term__#___1 took 0.165ms
interpretation of BitVec._aux_Init_Data_BitVec_Basic___macroRules_BitVec_term__#'___1 took 0.154ms
interpretation of String._aux_Init_Data_String_Termination___macroRules_tacticDecreasing_trivial_1 took 0.191ms
interpretation of String._aux_Init_Data_String_Termination___macroRules_tacticDecreasing_trivial_2 took 0.194ms
interpretation of String._aux_Init_Data_String_Termination___macroRules_tacticDecreasing_trivial_3 took 0.172ms
interpretation of String._aux_Init_Data_String_Termination___macroRules_tacticDecreasing_trivial_4 took 0.132ms
interpretation of String.Legacy.Iterator._aux_Init_Data_String_Iterator___macroRules_tacticDecreasing_trivial_1 took 0.14ms
interpretation of String.Legacy.Iterator._aux_Init_Data_String_Iterator___macroRules_tacticDecreasing_trivial_2 took 0.13ms
interpretation of Std._aux_Init_Data_Iterators_Basic___macroRules_tacticDecreasing_trivial_1 took 0.126ms
interpretation of Std._aux_Init_Data_Iterators_Basic___macroRules_tacticDecreasing_trivial_2 took 0.101ms
interpretation of Std._aux_Init_Data_Iterators_Basic___macroRules_tacticDecreasing_trivial_3 took 0.0991ms
interpretation of Std._aux_Init_Data_Iterators_Basic___macroRules_tacticDecreasing_trivial_4 took 0.111ms
interpretation of Std._aux_Init_Data_Range_Polymorphic_PRange___macroRules_Std_term_...=__1 took 0.103ms
interpretation of Std._aux_Init_Data_Range_Polymorphic_PRange___macroRules_Std_term*...=__1 took 0.102ms
interpretation of Std._aux_Init_Data_Range_Polymorphic_PRange___macroRules_Std_term_...*_1 took 0.112ms
interpretation of Std._aux_Init_Data_Range_Polymorphic_PRange___macroRules_Std_term*...*_1 took 0.103ms
interpretation of Std._aux_Init_Data_Range_Polymorphic_PRange___macroRules_Std_term_<...=__1 took 0.108ms
interpretation of Std._aux_Init_Data_Range_Polymorphic_PRange___macroRules_Std_term_<...*_1 took 0.102ms
interpretation of Std._aux_Init_Data_Range_Polymorphic_PRange___macroRules_Std_term_...<__1 took 0.111ms
interpretation of Std._aux_Init_Data_Range_Polymorphic_PRange___macroRules_Std_term_...__1 took 0.101ms
interpretation of Std._aux_Init_Data_Range_Polymorphic_PRange___macroRules_Std_term*...<__1 took 0.102ms
interpretation of Std._aux_Init_Data_Range_Polymorphic_PRange___macroRules_Std_term*...__1 took 0.102ms
interpretation of Std._aux_Init_Data_Range_Polymorphic_PRange___macroRules_Std_term_<...<__1 took 0.105ms
interpretation of Std._aux_Init_Data_Range_Polymorphic_PRange___macroRules_Std_term_<...__1 took 0.102ms
interpretation of Vector._aux_Init_Data_Vector_Basic___macroRules_Vector_term#v[_,]_1 took 0.125ms
interpretation of Std.Legacy.Range._aux_Init_Data_Range_Basic___macroRules_Std_Legacy_Range_term[:_]_1 took 0.109ms
interpretation of Std.Legacy.Range._aux_Init_Data_Range_Basic___macroRules_Std_Legacy_Range_term[_:_]_1 took 0.109ms
interpretation of Std.Legacy.Range._aux_Init_Data_Range_Basic___macroRules_Std_Legacy_Range_term[_:_:_]_1 took 0.109ms
interpretation of Std.Legacy.Range._aux_Init_Data_Range_Basic___macroRules_Std_Legacy_Range_term[:_:_]_1 took 0.132ms
interpretation of _aux_Init_Data_Range_Basic___macroRules_tacticGet_elem_tactic_extensible_1 took 0.112ms
interpretation of Array._aux_Init_Data_Array_Subarray___macroRules_Array_term__[_:_]_1 took 0.114ms
interpretation of Array._aux_Init_Data_Array_Subarray___macroRules_Array_term__[:_]_1 took 0.101ms
interpretation of Array._aux_Init_Data_Array_Subarray___macroRules_Array_term__[_:]_1 took 0.178ms
interpretation of String.Internal._aux_Init_Data_String_OrderInstances___macroRules_String_Internal_tacticOrder_1 took 0.188ms
interpretation of Array._aux_Init_Data_Array_Mem___macroRules_Array_tacticArray_get_dec_1 took 0.17ms
interpretation of Array._aux_Init_Data_Array_Mem___macroRules_tacticDecreasing_trivial_1 took 0.165ms
interpretation of Array._aux_Init_Data_Array_Mem___macroRules_Array_tacticArray_mem_dec_1 took 0.157ms
interpretation of Array._aux_Init_Data_Array_Mem___macroRules_tacticDecreasing_trivial_2 took 0.157ms
interpretation of Array._aux_Init_Data_Array_Perm___macroRules_Array_term_~__1 took 0.16ms
interpretation of Std._aux_Init_Data_Slice_Notation___macroRules_term__[_]_1 took 0.167ms
interpretation of Std._aux_Init_Data_Range_Polymorphic_Basic___macroRules_tacticGet_elem_tactic_extensible_1 took 0.177ms
interpretation of _aux_Init_Data_UInt_Lemmas___macroRules_commandDeclare_uint_theorems___1 took 0.171ms
interpretation of _aux_Init_Data_UInt_Bitwise___macroRules_commandDeclare_bitwise_uint_theorems___1 took 0.167ms
interpretation of _aux_Init_Data_SInt_Lemmas___macroRules_commandDeclare_int_theorems___1 took 0.163ms
interpretation of _aux_Init_Data_SInt_Bitwise___macroRules_commandDeclare_bitwise_int_theorems___1 took 0.17ms
interpretation of _aux_Init_System_IO___macroRules_termPrintln!___1 took 0.102ms
interpretation of _aux_Init_Data_ToString_Macro___macroRules_termS!__1 took 0.0949ms
interpretation of Std._aux_Init_Data_Format_Macro___macroRules_Std_termF!__1 took 0.102ms
interpretation of Vector._aux_Init_Data_Vector_Perm___macroRules_Vector_term_~__1 took 0.102ms
interpretation of Rat._aux_Init_Data_Rat_Basic___macroRules_Rat_term_/.__1 took 0.111ms
interpretation of Lean.Parser._aux_Init_Grind_Propagator___macroRules_Lean_Parser_command_Builtin_grind_propagator____:=__1 took 0.0868ms
interpretation of DerivingHelpers._aux_Init_LawfulBEqTactics___macroRules_DerivingHelpers_tacticDeriving_ReflEq_tactic_1 took 0.111ms
interpretation of _aux_Init_LawfulBEqTactics___macroRules_tacticDeriving_LawfulEq_tactic_step_1 took 0.13ms
interpretation of _aux_Init_LawfulBEqTactics___macroRules_tacticDeriving_LawfulEq_tactic_step_2 took 0.0989ms
interpretation of _aux_Init_LawfulBEqTactics___macroRules_tacticDeriving_LawfulEq_tactic_step_3 took 0.0988ms
interpretation of _aux_Init_LawfulBEqTactics___macroRules_tacticDeriving_LawfulEq_tactic_step_4 took 0.0988ms
interpretation of _aux_Init_LawfulBEqTactics___macroRules_tacticDeriving_LawfulEq_tactic_step_5 took 0.0979ms
interpretation of _aux_Init_LawfulBEqTactics___macroRules_tacticDeriving_LawfulEq_tactic_step_6 took 0.0979ms
interpretation of _aux_Init_LawfulBEqTactics___macroRules_tacticDeriving_LawfulEq_tactic_1 took 0.0971ms
interpretation of _aux_Init_Data_Range_Polymorphic_GetElemTactic___macroRules_tacticGet_elem_tactic_extensible_1 took 0.118ms
interpretation of Lean.Parser._aux_Init_Simproc___macroRules_Lean_Parser_command_Simproc_decl_(_):=__1 took 0.118ms
interpretation of Lean.Parser._aux_Init_Simproc___macroRules_Lean_Parser_command_Dsimproc_decl_(_):=__1 took 0.107ms
interpretation of Lean.Parser._aux_Init_Simproc___macroRules_Lean_Parser_command_Builtin_simproc_decl_(_):=__1 took 0.0865ms
interpretation of Lean.Parser._aux_Init_Simproc___macroRules_Lean_Parser_command_Builtin_dsimproc_decl_(_):=__1 took 0.102ms
interpretation of Lean.Parser._aux_Init_Simproc___macroRules_Lean_Parser_command__Simproc__[_]_(_):=__1 took 0.08ms
interpretation of Lean.Parser._aux_Init_Simproc___macroRules_Lean_Parser_command__Dsimproc__[_]_(_):=__1 took 0.0841ms
interpretation of Lean.Parser._aux_Init_Simproc___macroRules_Lean_Parser_command__Builtin_simproc__[_]_(_):=__1 took 0.0797ms
interpretation of Lean.Parser._aux_Init_Simproc___macroRules_Lean_Parser_command__Builtin_dsimproc__[_]_(_):=__1 took 0.0811ms
interpretation of Lean.Parser._aux_Init_CbvSimproc___macroRules_Lean_Parser_command_Cbv_simproc_decl_(_):=__1 took 0.0915ms
interpretation of Lean.Parser._aux_Init_CbvSimproc___macroRules_Lean_Parser_command_Builtin_cbv_simproc_decl_(_):=__1 took 0.119ms
interpretation of Lean.Parser._aux_Init_CbvSimproc___macroRules_Lean_Parser_command__Cbv_simproc____(_):=__1 took 0.0826ms
interpretation of Lean.Parser._aux_Init_CbvSimproc___macroRules_Lean_Parser_command__Builtin_cbv_simproc____(_):=__1 took 0.0796ms
interpretation of Lean._aux_Init_MacroTrace___macroRules_Lean_termMacro.trace[_]__1 took 0.102ms
interpretation of Lean.Order._aux_Init_Internal_Order_Basic___macroRules_Lean_Order_term_⊑__1 took 0.106ms
interpretation of Lean.Order._aux_Init_Internal_Order_Basic___macroRules_Lean_Order_term⊥_1 took 0.101ms
interpretation of _aux_Init_Try___macroRules_tactic∎_1 took 0.105ms
interpretation of _aux_Init_Try___macroRules_term∎_1 took 0.0895ms
import took 1.28s
parsing took 0.444ms
linting took 0.902ms
elaboration took 2.29ms
parsing took 0.0801ms
linting took 0.0586ms
elaboration took 0.127ms
parsing took 0.723ms
attribute application took 0.0484ms
typeclass inference of Monad took 0.385ms
typeclass inference of Pure took 0.423ms
typeclass inference of Pure took 0.282ms
typeclass inference of Pure took 0.929ms
instantiate metavars took 0.0385ms
instantiate metavars took 0.0044ms
instantiate metavars took 0.0082ms
instantiate metavars took 0.0012ms
instantiate metavars took 0.0008ms
instantiate metavars took 0.0009ms
instantiate metavars took 0.0008ms
share common exprs took 0.091ms
fix level params took 0.0517ms
let-to-have transformation took 0.0243ms
type checking took 0.668ms
attribute application took 0.608ms
attribute application took 0.449ms
process pre-definitions took 0.929ms
linting took 2.26ms
elaboration took 9.51ms
parsing took 0.508ms
attribute application took 0.0114ms
typeclass inference of Monad took 0.179ms
instantiate metavars took 0.0133ms
instantiate metavars took 0.0018ms
instantiate metavars took 0.0061ms
instantiate metavars took 0.0016ms
instantiate metavars took 0.0011ms
instantiate metavars took 0.0014ms
instantiate metavars took 0.0008ms
share common exprs took 0.0627ms
fix level params took 0.0362ms
let-to-have transformation took 0.0104ms
type checking took 0.377ms
attribute application took 0.331ms
attribute application took 0.307ms
process pre-definitions took 0.455ms
linting took 0.466ms
elaboration took 4ms
parsing took 0.0842ms
attribute application took 0.106ms
linting took 0.0596ms
elaboration took 0.269ms
parsing took 0.343ms
attribute application took 0.0072ms
instantiate metavars took 0.0088ms
instantiate metavars took 0.0018ms
instantiate metavars took 0.006ms
instantiate metavars took 0.0016ms
instantiate metavars took 0.0011ms
instantiate metavars took 0.0012ms
instantiate metavars took 0.0009ms
share common exprs took 0.031ms
fix level params took 0.014ms
let-to-have transformation took 0.0051ms
type checking took 0.19ms
attribute application took 0.248ms
attribute application took 0.17ms
process pre-definitions took 0.267ms
linting took 0.316ms
elaboration took 3.21ms
parsing took 0.471ms
attribute application took 0.0163ms
instantiate metavars took 0.0138ms
instantiate metavars took 0.0013ms
instantiate metavars took 0.0069ms
instantiate metavars took 0.0017ms
instantiate metavars took 0.001ms
instantiate metavars took 0.0012ms
instantiate metavars took 0.0011ms
share common exprs took 0.0451ms
fix level params took 0.0234ms
let-to-have transformation took 0.0077ms
type checking took 0.308ms
attribute application took 0.367ms
attribute application took 0.195ms
process pre-definitions took 0.426ms
linting took 0.223ms
elaboration took 3.67ms
parsing took 0.711ms
attribute application took 0.015ms
typeclass inference of Monad took 0.177ms
typeclass inference of Pure took 0.369ms
typeclass inference of Pure took 0.274ms
typeclass inference of Pure took 0.681ms
instantiate metavars took 0.0201ms
instantiate metavars took 0.0014ms
instantiate metavars took 0.0057ms
instantiate metavars took 0.0012ms
instantiate metavars took 0.0008ms
instantiate metavars took 0.001ms
instantiate metavars took 0.0007ms
share common exprs took 0.0925ms
fix level params took 0.044ms
let-to-have transformation took 0.0096ms
type checking took 0.92ms
attribute application took 0.878ms
attribute application took 0.342ms
process pre-definitions took 0.378ms
linting took 0.394ms
elaboration took 5.29ms
parsing took 0.929ms
attribute application took 0.0112ms
typeclass inference of Monad took 0.305ms
typeclass inference of Bind took 0.408ms
typeclass inference of Monad took 0.17ms
typeclass inference of Monad took 0.0552ms
typeclass inference of Bind took 0.328ms
typeclass inference of Monad took 0.0303ms
instantiate metavars took 0.0176ms
instantiate metavars took 0.0012ms
instantiate metavars took 0.0091ms
instantiate metavars took 0.0014ms
instantiate metavars took 0.0006ms
instantiate metavars took 0.0007ms
instantiate metavars took 0.0005ms
share common exprs took 0.217ms
fix level params took 0.0521ms
let-to-have transformation took 0.0106ms
type checking took 1.22ms
attribute application took 1.64ms
attribute application took 0.395ms
process pre-definitions took 0.55ms
linting took 0.965ms
elaboration took 9.49ms
parsing took 1.4ms
attribute application took 0.015ms
typeclass inference of Monad took 0.282ms
typeclass inference of Pure took 0.429ms
typeclass inference of Pure took 0.379ms
typeclass inference of Pure took 0.853ms
instantiate metavars took 0.0212ms
instantiate metavars took 0.0015ms
tactic execution of Lean.Parser.Tactic.cases took 11.7ms
tactic execution of Lean.Parser.Tactic.skip took 0.0095ms
tactic execution of Lean.Parser.Tactic.withAnnotateState took 0.0588ms
congr simp thm took 0.132ms
congr simp thm took 0.137ms
congr simp thm took 0.0467ms
congr simp thm took 0.0637ms
congr simp thm took 0.0935ms
simp took 5.65ms
simp took 0.0722ms
tactic execution of Lean.Parser.Tactic.simp took 0.835ms
tactic execution of Lean.Parser.Tactic.tacticSeq1Indented took 0.0705ms
tactic execution of Lean.Parser.Tactic.tacticSeq took 0.0386ms
congr simp thm took 0.0103ms
congr simp thm took 0.0075ms
congr simp thm took 0.0874ms
congr simp thm took 0.0105ms
congr simp thm took 0.0838ms
congr simp thm took 0.0784ms
congr simp thm took 0.0201ms
congr simp thm took 0.0032ms
congr simp thm took 0.0122ms
simp took 4.15ms
simp took 0.0906ms
tactic execution of Lean.Parser.Tactic.simp took 0.196ms
tactic execution of Lean.Parser.Tactic.tacticSeq1Indented took 0.0746ms
tactic execution of Lean.Parser.Tactic.tacticSeq took 0.0719ms
tactic execution of Lean.Parser.Tactic.allGoals took 0.631ms
tactic execution of Lean.Parser.Tactic.tacticSeq1Indented took 0.248ms
tactic execution of Lean.Parser.Tactic.tacticSeq took 0.07ms
tactic execution of Lean.Parser.Tactic.focus took 0.558ms
tactic execution of Lean.Parser.Tactic.tactic_<;>_ took 0.079ms
tactic execution of Lean.Parser.Tactic.tacticSeq1Indented took 0.0581ms
tactic execution of Lean.Parser.Tactic.tacticSeq took 0.105ms
instantiate metavars took 0.181ms
instantiate metavars took 0.0023ms
instantiate metavars took 0.0014ms
instantiate metavars took 0.0013ms
instantiate metavars took 0.0011ms
share common exprs took 0.294ms
fix level params took 0.164ms
let-to-have transformation took 0.0551ms
type checking took 2.54ms
attribute application took 0.104ms
attribute application took 0.908ms
process pre-definitions took 1.01ms
linting took 1.14ms
elaboration took 7.52ms
parsing took 1.54ms
attribute application took 0.0493ms
typeclass inference of Monad took 0.475ms
typeclass inference of Monad took 0.127ms
typeclass inference of Monad took 0.0286ms
typeclass inference of Monad took 0.0311ms
instantiate metavars took 0.0147ms
instantiate metavars took 0.0013ms
tactic execution of Lean.Parser.Tactic.cases took 1.05ms
tactic execution of Lean.Parser.Tactic.skip took 0.0112ms
tactic execution of Lean.Parser.Tactic.withAnnotateState took 0.0516ms
congr simp thm took 0.0116ms
congr simp thm took 0.0074ms
congr simp thm took 0.0063ms
congr simp thm took 0.0076ms
congr simp thm took 0.0624ms
congr simp thm took 0.0142ms
congr simp thm took 0.0027ms
simp took 2.6ms
simp took 0.037ms
tactic execution of Lean.Parser.Tactic.simp took 0.191ms
tactic execution of Lean.Parser.Tactic.tacticSeq1Indented took 0.0461ms
tactic execution of Lean.Parser.Tactic.tacticSeq took 0.0243ms
congr simp thm took 0.0042ms
congr simp thm took 0.0038ms
congr simp thm took 0.0046ms
congr simp thm took 0.0037ms
congr simp thm took 0.0018ms
congr simp thm took 0.003ms
simp took 1.45ms
simp took 0.0499ms
tactic execution of Lean.Parser.Tactic.simp took 0.209ms
tactic execution of Lean.Parser.Tactic.tacticSeq1Indented took 0.0984ms
tactic execution of Lean.Parser.Tactic.tacticSeq took 0.0722ms
tactic execution of Lean.Parser.Tactic.allGoals took 0.0919ms
tactic execution of Lean.Parser.Tactic.tacticSeq1Indented took 0.137ms
tactic execution of Lean.Parser.Tactic.tacticSeq took 0.0375ms
tactic execution of Lean.Parser.Tactic.focus took 0.0472ms
tactic execution of Lean.Parser.Tactic.tactic_<;>_ took 0.0571ms
tactic execution of Lean.Parser.Tactic.tacticSeq1Indented took 0.0475ms
tactic execution of Lean.Parser.Tactic.tacticSeq took 0.0463ms
instantiate metavars took 0.124ms
instantiate metavars took 0.0016ms
instantiate metavars took 0.001ms
instantiate metavars took 0.0011ms
instantiate metavars took 0.001ms
share common exprs took 0.246ms
fix level params took 0.113ms
let-to-have transformation took 0.0097ms
type checking took 1.47ms
attribute application took 0.0713ms
attribute application took 0.321ms
process pre-definitions took 0.557ms
linting took 0.467ms
elaboration took 8.04ms
parsing took 0.716ms
attribute application took 0.0081ms
typeclass inference of Monad took 0.146ms
typeclass inference of Monad took 0.104ms
typeclass inference of Monad took 0.102ms
typeclass inference of Monad took 0.242ms
typeclass inference of Monad took 0.182ms
typeclass inference of Monad took 0.109ms
typeclass inference of Monad took 0.134ms
typeclass inference of Bind took 0.331ms
typeclass inference of Bind took 0.287ms
typeclass inference of Monad took 0.188ms
typeclass inference of Monad took 0.0344ms
typeclass inference of Bind took 0.0303ms
typeclass inference of Monad took 0.032ms
instantiate metavars took 0.0295ms
instantiate metavars took 0.002ms
tactic execution of Lean.Parser.Tactic.cases took 2.26ms
tactic execution of Lean.Parser.Tactic.skip took 0.0136ms
tactic execution of Lean.Parser.Tactic.withAnnotateState took 0.0886ms
congr simp thm took 0.0362ms
congr simp thm took 0.0186ms
congr simp thm took 0.056ms
congr simp thm took 0.0175ms
congr simp thm took 0.0184ms
congr simp thm took 0.0194ms
typeclass inference of Monad took 0.28ms
typeclass inference of LawfulMonad took 0.111ms
congr simp thm took 0.0057ms
congr simp thm took 0.0054ms
congr simp thm took 0.0028ms
congr simp thm took 0.0403ms
simp took 10.6ms
simp took 0.101ms
tactic execution of Lean.Parser.Tactic.simp took 0.287ms
tactic execution of Lean.Parser.Tactic.tacticSeq1Indented took 0.0809ms
tactic execution of Lean.Parser.Tactic.tacticSeq took 0.0781ms
congr simp thm took 0.0184ms
congr simp thm took 0.0106ms
congr simp thm took 0.0091ms
congr simp thm took 0.0109ms
congr simp thm took 0.0168ms
congr simp thm took 0.0112ms
congr simp thm took 0.004ms
congr simp thm took 0.0024ms
congr simp thm took 0.0016ms
congr simp thm took 0.0011ms
simp took 4.45ms
simp took 0.0599ms
tactic execution of Lean.Parser.Tactic.simp took 0.174ms
tactic execution of Lean.Parser.Tactic.tacticSeq1Indented took 0.0804ms
tactic execution of Lean.Parser.Tactic.tacticSeq took 0.0764ms
tactic execution of Lean.Parser.Tactic.allGoals took 0.129ms
tactic execution of Lean.Parser.Tactic.tacticSeq1Indented took 0.249ms
tactic execution of Lean.Parser.Tactic.tacticSeq took 0.0258ms
tactic execution of Lean.Parser.Tactic.focus took 0.0547ms
tactic execution of Lean.Parser.Tactic.tactic_<;>_ took 0.0401ms
tactic execution of Lean.Parser.Tactic.tacticSeq1Indented took 0.0323ms
tactic execution of Lean.Parser.Tactic.tacticSeq took 0.0358ms
instantiate metavars took 0.121ms
instantiate metavars took 0.0015ms
instantiate metavars took 0.0006ms
instantiate metavars took 0.0007ms
instantiate metavars took 0.0005ms
share common exprs took 0.28ms
fix level params took 0.115ms
let-to-have transformation took 0.0095ms
type checking took 1.49ms
attribute application took 0.0514ms
attribute application took 0.559ms
process pre-definitions took 0.452ms
linting took 0.916ms
elaboration took 9.11ms
parsing took 0.647ms
attribute application took 0.0073ms
typeclass inference of Monad took 0.141ms
typeclass inference of Monad took 0.0814ms
typeclass inference of Monad took 0.0599ms
typeclass inference of Monad took 0.116ms
typeclass inference of Monad took 0.134ms
typeclass inference of Monad took 0.0391ms
typeclass inference of Monad took 0.134ms
typeclass inference of Monad took 0.131ms
typeclass inference of Bind took 0.289ms
instantiate metavars took 0.0232ms
instantiate metavars took 0.0021ms
congr simp thm took 0.0141ms
congr simp thm took 0.0123ms
congr simp thm took 0.0103ms
congr simp thm took 0.0104ms
congr simp thm took 0.0195ms
congr simp thm took 0.0186ms
congr simp thm took 0.003ms
congr simp thm took 0.0035ms
congr simp thm took 0.0027ms
congr simp thm took 0.0019ms
typeclass inference of LawfulMonad took 0.121ms
simp took 5.13ms
simp took 0.0434ms
tactic execution of Lean.Parser.Tactic.simp took 0.164ms
tactic execution of Lean.Parser.Tactic.tacticSeq1Indented took 0.0544ms
tactic execution of Lean.Parser.Tactic.tacticSeq took 0.0423ms
instantiate metavars took 0.0041ms
instantiate metavars took 0.0013ms
instantiate metavars took 0.0006ms
instantiate metavars took 0.0008ms
instantiate metavars took 0.0005ms
share common exprs took 0.135ms
fix level params took 0.0686ms
let-to-have transformation took 0.0094ms
type checking took 1.39ms
attribute application took 0.0077ms
attribute application took 0.0033ms
process pre-definitions took 0.401ms
linting took 0.78ms
elaboration took 7.38ms
parsing took 0.843ms
attribute application took 0.0125ms
typeclass inference of Monad took 0.0935ms
typeclass inference of Monad took 0.0713ms
typeclass inference of Monad took 0.0945ms
typeclass inference of HAppend took 0.726ms
typeclass inference of HAppend took 0.192ms
typeclass inference of Monad took 0.201ms
typeclass inference of Monad took 0.884ms
typeclass inference of Monad took 0.113ms
typeclass inference of Monad took 0.408ms
typeclass inference of Monad took 0.237ms
typeclass inference of Bind took 0.396ms
instantiate metavars took 0.0373ms
instantiate metavars took 0.002ms
tactic execution of Lean.Parser.Tactic.induction took 3.57ms
tactic execution of Lean.Parser.Tactic.skip took 0.0123ms
tactic execution of Lean.Parser.Tactic.withAnnotateState took 0.0916ms
congr simp thm took 0.0365ms
congr simp thm took 0.0241ms
congr simp thm took 0.186ms
congr simp thm took 0.0131ms
congr simp thm took 0.0037ms
congr simp thm took 0.0235ms
congr simp thm took 0.0017ms
congr simp thm took 0.0081ms
congr simp thm took 0.0025ms
typeclass inference of Monad took 0.199ms
typeclass inference of LawfulMonad took 0.102ms
simp took 5.14ms
simp took 0.0584ms
tactic execution of Lean.Parser.Tactic.simp took 0.538ms
tactic execution of Lean.Parser.Tactic.tacticSeq1Indented took 0.0614ms
tactic execution of Lean.Parser.Tactic.tacticSeq took 0.0345ms
congr simp thm took 0.0115ms
congr simp thm took 0.0091ms
congr simp thm took 0.0092ms
congr simp thm took 0.0075ms
congr simp thm took 0.0025ms
congr simp thm took 0.0025ms
congr simp thm took 0.0123ms
congr simp thm took 0.0132ms
congr simp thm took 0.0201ms
congr simp thm took 0.0021ms
congr simp thm took 0.0027ms
congr simp thm took 0.0019ms
congr simp thm took 0.0017ms
congr simp thm took 0.0027ms
congr simp thm took 0.0016ms
typeclass inference of Monad took 0.0968ms
typeclass inference of Monad took 0.179ms
typeclass inference of Monad took 0.108ms
congr simp thm took 0.004ms
typeclass inference of Monad took 0.0214ms
typeclass inference of Monad took 0.22ms
typeclass inference of Monad took 0.118ms
congr simp thm took 0.0035ms
congr simp thm took 0.0016ms
typeclass inference of Monad took 0.0196ms
typeclass inference of Monad took 0.156ms
typeclass inference of Monad took 0.0929ms
congr simp thm took 0.0034ms
congr simp thm took 0.0027ms
congr simp thm took 0.0022ms
congr simp thm took 0.0038ms
congr simp thm took 0.0022ms
congr simp thm took 0.0013ms
congr simp thm took 0.0022ms
typeclass inference of LawfulMonad took 0.132ms
congr simp thm took 0.0054ms
congr simp thm took 0.003ms
congr simp thm took 0.0019ms
congr simp thm took 0.0035ms
typeclass inference of Monad took 0.0493ms
typeclass inference of LawfulMonad took 0.021ms
congr simp thm took 0.0029ms
typeclass inference of Monad took 0.017ms
typeclass inference of Monad took 0.171ms
typeclass inference of Monad took 0.126ms
simp took 18.9ms
simp took 0.0569ms
tactic execution of Lean.Parser.Tactic.simp took 0.434ms
tactic execution of Lean.Parser.Tactic.tacticSeq1Indented took 0.0627ms
tactic execution of Lean.Parser.Tactic.tacticSeq took 0.0458ms
tactic execution of Lean.Parser.Tactic.allGoals took 0.093ms
tactic execution of Lean.Parser.Tactic.tacticSeq1Indented took 0.216ms
tactic execution of Lean.Parser.Tactic.tacticSeq took 0.0345ms
tactic execution of Lean.Parser.Tactic.focus took 0.0493ms
tactic execution of Lean.Parser.Tactic.tactic_<;>_ took 0.0613ms
tactic execution of Lean.Parser.Tactic.tacticSeq1Indented took 0.104ms
tactic execution of Lean.Parser.Tactic.tacticSeq took 0.0592ms
instantiate metavars took 0.125ms
instantiate metavars took 0.0019ms
instantiate metavars took 0.0008ms
instantiate metavars took 0.0008ms
instantiate metavars took 0.0005ms
share common exprs took 0.42ms
fix level params took 0.159ms
let-to-have transformation took 0.0099ms
type checking took 4.86ms
attribute application took 0.181ms
attribute application took 0.59ms
process pre-definitions took 0.697ms
linting took 1.41ms
elaboration took 11.7ms
parsing took 0.0057ms
linting took 0.0959ms
module linting took 0.0077ms
elaboration took 0.16ms
.olean serialization took 67.7ms
cumulative profiling times:
	.olean serialization 67.7ms
	attribute application 8.99ms
	congr simp thm 1.68ms
	elaboration 81.7ms
	fix level params 0.832ms
	import 1.28s
	initialization 102ms
	instantiate metavars 0.844ms
	interpretation 424ms
	let-to-have transformation 0.137ms
	linting 10.4ms
	module linting 0.0065ms
	parsing 9.43ms
	process pre-definitions 6.11ms
	share common exprs 1.91ms
	simp 58.6ms
	tactic execution 26.4ms
	type checking 15.4ms
	typeclass inference 16.3ms
