63A2601D39E3F103235993B4E9A919807AE4EA6924A134826C24BBF76E331B49	37018	Complexitylib\Asymptotics.ilean
15070CC93F0FDEB31DB5C1B7930518FB95448E71AFA5F19A90C98A5A2BF8E5BA	16	Complexitylib\Asymptotics.ilean.hash
26EE591AF70478038FEA8436D63E88AA171C5946816B3FD3F8C7CCC7FF7CF886	26696	Complexitylib\Asymptotics.ir
F20D796414C4DF79FA429AF97059F61B906A5E278CCF79008FB15D67BF673321	16	Complexitylib\Asymptotics.ir.hash
130B90C576D6601B128C48E413F320505DB4220CBB64049E3C980978343A5B5C	176	Complexitylib\Asymptotics.ir.sig
0D3A0808236CC86F9D2251494AE7556E92CF4955B38D25F3D0F7A7293B27038C	16	Complexitylib\Asymptotics.ir.sig.hash
3C942C7B49777A2EDEF823DB7AC6E820DEF8C3E9AE0C4840F3E37BB9280797F8	70832	Complexitylib\Asymptotics.olean
DA7256914E289CA4F5384BEEC70B090303D1939F103EAF3E14AAA9A4234BA534	16	Complexitylib\Asymptotics.olean.hash
0B8DE4D5650516A836501792316D9874E6C60D91BA67D1A3E7965DE9D3450D91	432784	Complexitylib\Asymptotics.olean.private
CB82E48D608ADAF141B8DF39FB6C12A7D3EA59F6026579F8EEC59FA486639004	16	Complexitylib\Asymptotics.olean.private.hash
AF2C0A15EF2F588027405B36E6E1A824EEE4E605F85406DCAB3B23E6F4EED811	18120	Complexitylib\Asymptotics.olean.server
7DEC08443F5A448DC2C91BF8A48AEB63A8FF17AC85DCEDC77E0B774AF97F7BA7	16	Complexitylib\Asymptotics.olean.server.hash
82F38D5CCA83AFBD490B462F71F66A9B7D784605E25456520B7D2D4CD1734870	3911	Complexitylib\Asymptotics.trace
28B56319B6FAD96BE7A821320D2E49F898131F7D4AB9C755CD6CB1D271E2157D	8876	Complexitylib\Asymptotics\PolyBound.ilean
594D97D3C51BFC74DBBBAF1DEFB55402D9B79B47F0DD9188D15EAF485DC1D2F4	16	Complexitylib\Asymptotics\PolyBound.ilean.hash
F0EB168F5DB548AAEC26A07FE7E3FD5F8B890185FD48F9281DF5A304737189B2	1440	Complexitylib\Asymptotics\PolyBound.ir
CB4D3221C4820DCD3991E93F8742D7EFA8B0A14127E017C44D335EB9BD70B18B	16	Complexitylib\Asymptotics\PolyBound.ir.hash
65D2C47DC355D402B7A37745B9985C4A35C0881E1AE12FFF7AE8C7ED51393F59	176	Complexitylib\Asymptotics\PolyBound.ir.sig
2C02D9F3CDD9AD7405647A854D65D020E74A95CCB772E0724FA5358BA8B68191	16	Complexitylib\Asymptotics\PolyBound.ir.sig.hash
E2E2FFFA74BA38E0877A0A08CC94F98FAB8E7D8AAAF6774D8349C7B9470514BC	16552	Complexitylib\Asymptotics\PolyBound.olean
33C3709E7A26FE2FCABA563991A0D762270DDDA8297CBA749020E26A4C29A76E	16	Complexitylib\Asymptotics\PolyBound.olean.hash
54407EDE1CD84C4C5913C980B9759D1D7B29937CA04DDB8AA09742C497E02005	72952	Complexitylib\Asymptotics\PolyBound.olean.private
A0DE650A847E58E82A7FA306AAA458B99D0E84A34DE29A28AF26E8686B909584	16	Complexitylib\Asymptotics\PolyBound.olean.private.hash
25B0C66E72C73204ED218AF8B55816F37893B63C468B0699A4E67368C71CEBEC	4848	Complexitylib\Asymptotics\PolyBound.olean.server
E73EF0B397C1F192EAADEA0C94EA760C8E28305ADEDE8D8FF354A83A4BDBFAE5	16	Complexitylib\Asymptotics\PolyBound.olean.server.hash
51168132A0AA7F8ABAA07A7265A6E6B9E49C2F08D00E293DDA37EF742DE66F0E	3410	Complexitylib\Asymptotics\PolyBound.trace
C52F7A0415E750FFA9F17F27F95949BB15CBE2938FF46612FE39B25B6EFF507C	2826	Complexitylib\Asymptotics\PolynomialComposition.ilean
532125652529B26B3B5DD82489CBD6D23CFDFBB5022426FA6A3708944E2E5927	16	Complexitylib\Asymptotics\PolynomialComposition.ilean.hash
0D61C673554C778421FAA318B5053333E906307650CB32AD1A5C979A1E4EF301	1440	Complexitylib\Asymptotics\PolynomialComposition.ir
CBE5F28B20144393917A20D06D12C0E559CDAFFBA4F27C5DB376033B64900573	16	Complexitylib\Asymptotics\PolynomialComposition.ir.hash
025823C0F99E96C58A68E5BF4DA1021D90D564539D24681D92B7A91D68F8B8CF	176	Complexitylib\Asymptotics\PolynomialComposition.ir.sig
CEB1026348809AF141D83AE508C0ECAE3C1445CC671EA7FE66E8BC531EFD1329	16	Complexitylib\Asymptotics\PolynomialComposition.ir.sig.hash
7A10D2CEFCC2096CA1E48C00426BD272D4EC20F23BCEDDABB83F80DCEEA57249	13360	Complexitylib\Asymptotics\PolynomialComposition.olean
3D392A636B6C717A036FF91891C28341D89A6A2A67AFC86C141386894F75950D	16	Complexitylib\Asymptotics\PolynomialComposition.olean.hash
E098A74AFB108F570DF55DEFD6162EED220BF13B92786FEE9D9D3EE09828A0CC	16592	Complexitylib\Asymptotics\PolynomialComposition.olean.private
3F235F375446CB59CD99E6CD7E0A8A91BA3100AB204BCCAF742184FCF230F7D7	16	Complexitylib\Asymptotics\PolynomialComposition.olean.private.hash
4E9F4BFE5E20EAF237A126C70E5D4CE3A7C5B8035F2937B2C5CDD98BEEEA9B0D	2328	Complexitylib\Asymptotics\PolynomialComposition.olean.server
7EB9F3CB3BD72C62C0CF97A6541801CCF83B0BE2EEFDF27645D294230D9FE902	16	Complexitylib\Asymptotics\PolynomialComposition.olean.server.hash
8031A730DED9BB10159EC208F3B2897979B12BF2FE272DCA6B9CDFC5DDF4F608	3497	Complexitylib\Asymptotics\PolynomialComposition.trace
9248073FD68DCE4B197B77144E0AC90FB1F994A1A2CC62CE4AA1882F5A9E4FE6	30079	Complexitylib\Circuits\Basic.ilean
AB274668F115686708332587FEAA28F73A759868A75C825CBAE2BD7365916A82	16	Complexitylib\Circuits\Basic.ilean.hash
5184DC52A279A6B91F2CD7B316B7E2CCA14B90EE22D932246608166DF2EC3C87	41256	Complexitylib\Circuits\Basic.ir
E4A65C8555CA7EE827320E2ACA1AAAF81C233A3FE6354151B048E2173D720C31	16	Complexitylib\Circuits\Basic.ir.hash
B80A48EF331E4C38945E9393C1D1803D91B23C567AD595105896EB5F2AA94C0B	176	Complexitylib\Circuits\Basic.ir.sig
51FF2A6B65ACFC4A4810D8BBF1CD303D7B85C2E94F72068A0CE04D42B9619C61	16	Complexitylib\Circuits\Basic.ir.sig.hash
3C4A1691528A292990C4BE53DAEB3D4C93F9B10C645B93E5E52B8B947F78D011	341464	Complexitylib\Circuits\Basic.olean
53D5A3562DCC849AF9158AD7D6E60AFAF164F924248079C43DF992181E624D3F	16	Complexitylib\Circuits\Basic.olean.hash
2042D5CEDBD8EEB1C81E1E7AF85BC719C361A0EE5D42E82EF99DE0A7829DA410	342080	Complexitylib\Circuits\Basic.olean.private
1A6DF04BCF9B7B7CE7A65BC6A921632CB3B4C8F1D22602D496F68DC655B868CB	16	Complexitylib\Circuits\Basic.olean.private.hash
73688463688AE064B36FC7F538216F3190586A9356EA1367755A3587FB2C642A	21160	Complexitylib\Circuits\Basic.olean.server
257E7BF6F8C29D0ADC80C33F9C181B3F4EBECC24E2ED7C1E89EE941DCB0C33F5	16	Complexitylib\Circuits\Basic.olean.server.hash
16504BDD7F365AD27804DC1834D62A1032357EC487ABEBBC32D6D719591F5BFC	3361	Complexitylib\Circuits\Basic.trace
6F9B68CC808F905D46E8CD7069A4D4631B5CD8F0A46C6693ED0AE65D4DC00E01	8555	Complexitylib\Circuits\BitString.ilean
96F3318283C7C971142DAECCBC1AA343527775620BF291969B6DEB055C046C09	16	Complexitylib\Circuits\BitString.ilean.hash
89A5034856BCEF369F256E8A19B42FD943BE8960B72EC7EBF0663F30C8CADEE3	5704	Complexitylib\Circuits\BitString.ir
1E38BFF8CAF805EE4052FFD738A30A90408FD1DD72C3B6291F21211E9C74E410	16	Complexitylib\Circuits\BitString.ir.hash
F7F890A93FBA250784D858B279DACE7DD8DA3ECD0A5E008F53642AD885CE0E50	176	Complexitylib\Circuits\BitString.ir.sig
8C00FDFDA516599C388FF831D0DEF2F84AB6C0687FF68543FC09A6237C1337C3	16	Complexitylib\Circuits\BitString.ir.sig.hash
B90C66C9BAFCB96611D6CB486463C7158F00B7D0ED732CEF9C05962DE04E04E3	31936	Complexitylib\Circuits\BitString.olean
F48FD0BB19C360B667D7B8216EB53CC55FC1CB0CC96FFD70DDB738C5A2875E1E	16	Complexitylib\Circuits\BitString.olean.hash
BE94A2A5D5DEF4BAF703E88B6F138EB338AFB2791FA0F8C3CC821CC2EFD26240	20760	Complexitylib\Circuits\BitString.olean.private
30A14E52EB020C4BC20929B1C792478AE31047F2CD3E8FEF5E8FF80F7FB8CA67	16	Complexitylib\Circuits\BitString.olean.private.hash
A87F1DFD26A977DC082B83D869D29CEB36264FDC8F75AB754B0237404D49C58B	6560	Complexitylib\Circuits\BitString.olean.server
8C66A5EC82862AFE08EF7705BE9E816666E861717DD2A784755DDD08D0E7C61B	16	Complexitylib\Circuits\BitString.olean.server.hash
6A64653AF42D9A5A3E9E5BC84771831853EB88872E9CDCF0EE3CF88C1B7BEFAB	3395	Complexitylib\Circuits\BitString.trace
FCDD0EEFBBE827C61F4C5DC19D3503C971D6E2B2EAB8C672D388F68D90F9F236	30900	Complexitylib\Classes\Containments.ilean
91B8A718329A6271310C66A412C4D7E23CEAC4BD99D5DC954AC188C4DFEABAC6	16	Complexitylib\Classes\Containments.ilean.hash
DB37DD7627DC6F8C29EC762D3AEF2EAFDB7B86BDD9C87CC73F56565C6588F4EF	1936	Complexitylib\Classes\Containments.ir
3CF11960CF65FD8A8A873A1F62ED28E6F1F5B6F9B9863D961A1836BABFA9E79E	16	Complexitylib\Classes\Containments.ir.hash
45CC0332BF0BAC4F015E2659997930310049C9760AA34BFF5FCEA07505B2C680	176	Complexitylib\Classes\Containments.ir.sig
A8D5C557EAD6CCEFBADCFE123EF72E91CCABDE0BB04641F18244D013FA9D88D7	16	Complexitylib\Classes\Containments.ir.sig.hash
74F7BFE615CC928AFCF7A84E021C9744FC59908F5C0EFB007F144E74173E872A	39272	Complexitylib\Classes\Containments.olean
FD456F58EB62828D657E2CD20E69EA8F2B68CCEA505478B6275A913668613CBF	16	Complexitylib\Classes\Containments.olean.hash
AC49F1A358C2634BD41E2B09169809450938686F2C923BB154143C11590756F3	538496	Complexitylib\Classes\Containments.olean.private
A0BF3B57D0FA959D5342978C9DFC1126D2E914743192819CD0FA194493E24453	16	Complexitylib\Classes\Containments.olean.private.hash
634FFAAACB787C229355F357DA19FD5B9B05516EEAD6F096B00C18FB66154A50	15736	Complexitylib\Classes\Containments.olean.server
C289ED81541C46BDA5D270CFAEF820E00C0CB59564092EB0C51CCB5014322DC6	16	Complexitylib\Classes\Containments.olean.server.hash
769B072094B45961426E1E29C443043623B321EE0E3A2836402C04EF4F553DA3	4063	Complexitylib\Classes\Containments.trace
84E5E7DB5F39B794C0283AA16D7656661B29B97682F1583134BBC47E4EF26BED	4707	Complexitylib\Classes\Containments\Defs.ilean
83B1180D58272029053AC01CFFB95ABBB846E65194199BAA66B9F7FA27C2F467	16	Complexitylib\Classes\Containments\Defs.ilean.hash
65A1ACDA7D92BB14E5653A4A9FCF4CE7ED1BA64C24715782E4EAD0E624DB5CDB	3608	Complexitylib\Classes\Containments\Defs.ir
52470E9FBAE2DA9E0E3C1200370B0499739B265CE446BE5AC33AE88675387C40	16	Complexitylib\Classes\Containments\Defs.ir.hash
87FBC4CBFCEA9A4F6E3F66BA5EA3EE61616E75E47754DE2636BA147634208FCD	176	Complexitylib\Classes\Containments\Defs.ir.sig
8B6BC0BC481DD7868658DD4F28D271A4E6C6870D760FBF10EAEDCE40FDE95DA9	16	Complexitylib\Classes\Containments\Defs.ir.sig.hash
7B0B0CCBA127BE857D5EB31E3088CD8CF7CA8EA0DADFABF85E77A16EE8B3DF62	63168	Complexitylib\Classes\Containments\Defs.olean
5FA805F797F3FCA4FE88B865B3A0F2344A8552E7AA0913CFB223E1657CBE45D0	16	Complexitylib\Classes\Containments\Defs.olean.hash
636D6C72C124D40C29F2D1532D19A4B85EA6B78EB0D8FEECDB39B99B777874AC	5568	Complexitylib\Classes\Containments\Defs.olean.private
AC26FB8EBFBA98DF6880D4DC983F54C613A906331360BC7B2AE02CFA55D882F4	16	Complexitylib\Classes\Containments\Defs.olean.private.hash
5659F5A5C2EDFE4F928AFC17EF90BD5E5735BD4A330577F5E580659069805A70	5224	Complexitylib\Classes\Containments\Defs.olean.server
CC3762684DB7589421CD59FC0174C51B6D235E272EEC196427F65AD47F1AF9D2	16	Complexitylib\Classes\Containments\Defs.olean.server.hash
3EB9462A1572DDB55030FF83F4AD0064A886296B72C1DCCC2F3685A511410C3E	3634	Complexitylib\Classes\Containments\Defs.trace
F56629D1C539599528091B82D9110B8AA2E36C15B89B59BAF1A691CB02D403BA	108696	Complexitylib\Classes\Containments\Internal\BinArith.ilean
DB2E76023029C63287ED898D71BA4EF94D9065C82CA705BC2FF8CA1E62098CCD	16	Complexitylib\Classes\Containments\Internal\BinArith.ilean.hash
C975BA0AED2D9143200E8149680867411D234822608E0022981919A14568EB35	63784	Complexitylib\Classes\Containments\Internal\BinArith.ir
21EEEF841871B9F8F2EC625EB7DCF57B22C66E1C7962BCBBD3F2F814821DC208	16	Complexitylib\Classes\Containments\Internal\BinArith.ir.hash
E923D5279A49B5193F6EB97701521D646D5598A9C53A924958201C3726E39448	176	Complexitylib\Classes\Containments\Internal\BinArith.ir.sig
C89FB4BC35C7E7550856F14C70366FB462A87F9577C9B3F8BC1EDA3528BF02F8	16	Complexitylib\Classes\Containments\Internal\BinArith.ir.sig.hash
7D4B13F5D66091866A56FDE17D2F25A074400867359ECBB2B0F6C7FEBC71C810	192944	Complexitylib\Classes\Containments\Internal\BinArith.olean
6D80980B7575BDDC826148EA4884C45407773EF21F56018432BCD1A94A996CF3	16	Complexitylib\Classes\Containments\Internal\BinArith.olean.hash
87558683007BA424BB75BC5ACB3CCC65ED2DCD2D4B197956FAF6FAA568A5C5CD	1235544	Complexitylib\Classes\Containments\Internal\BinArith.olean.private
6BE5859DB27D11CAF1DF2E857139DBE20886343EFBD51DE3C435075BFF2818B8	16	Complexitylib\Classes\Containments\Internal\BinArith.olean.private.hash
C69C33D55A9EF07AE90BF0E0C278101CFBBD2F6AD5F357E4E5D9713F82C8058F	35752	Complexitylib\Classes\Containments\Internal\BinArith.olean.server
A4F01D55822DC6740E0838A3F13A82A2005E534C392A2C4212E228F91A3F179D	16	Complexitylib\Classes\Containments\Internal\BinArith.olean.server.hash
08C17DF783BFFD65598E9213C3A74810546B01DA5DD54C28C720532B9B688FDF	3611	Complexitylib\Classes\Containments\Internal\BinArith.trace
B532DCFB67C3622C18B1E127BEB84159C67B0F610507D32BE313EB98783D2C92	27364	Complexitylib\Classes\Containments\Internal\BlockAccept.ilean
3020D2757E2C607DCB8EC3EE67EF7BC78A5A4842657D2DC29419DFCF680B6B55	16	Complexitylib\Classes\Containments\Internal\BlockAccept.ilean.hash
D9F55D3F54E5F01E622E13541283EA8F6F7BD3A1E4FEAC0A9D1DA6C2912DFDFC	2752	Complexitylib\Classes\Containments\Internal\BlockAccept.ir
7614BE8BA1508F88947362EC382D7C32D806137EDECD159985EE0274321A49B8	16	Complexitylib\Classes\Containments\Internal\BlockAccept.ir.hash
51745AA0763BAE90AE517BAB5EE0730D4C591647C07CF3A44D713A0389926EB4	176	Complexitylib\Classes\Containments\Internal\BlockAccept.ir.sig
07C9FEE74DBDBFCF66A0582EFD269E4DF8467D14BF94010C6C3260A6B2EBF182	16	Complexitylib\Classes\Containments\Internal\BlockAccept.ir.sig.hash
812F27436D4D5CE1CE16EE734C84D71C9FF116F7C350C392F754DE6540D6A5F4	34888	Complexitylib\Classes\Containments\Internal\BlockAccept.olean
CA605ABDA738BE2FC89CE727CF755DCFCF11475A7271E88488F4EF11346BA134	16	Complexitylib\Classes\Containments\Internal\BlockAccept.olean.hash
91C0EC7C2C0D64A37C17699006C45F652EFC69223ED7E2FE92D0E204B0C89710	217576	Complexitylib\Classes\Containments\Internal\BlockAccept.olean.private
AFAA6163A80527D7AEE931F2E3CC79EEF303F2E6465C76EC7F08F46283B4B809	16	Complexitylib\Classes\Containments\Internal\BlockAccept.olean.private.hash
F326D5411ADC0FEB539368A1D2E66A382F6E590CD4942C0C459C6ECD78CBE618	6464	Complexitylib\Classes\Containments\Internal\BlockAccept.olean.server
7394D96AA8FE3E87ED2B4FB1585C1E9A781146946BC334C745597CDC496942EA	16	Complexitylib\Classes\Containments\Internal\BlockAccept.olean.server.hash
8257AFB73574DF5123BC1F6CC9703BA1E455C599F3BD61BE97B107FD60CA319F	3857	Complexitylib\Classes\Containments\Internal\BlockAccept.trace
EAFA99271B2179536D4CB2896CCC2A80442EE16755D9925A1350E06F003845EB	40790	Complexitylib\Classes\Containments\Internal\BlockMember.ilean
B160C74616C57C45F46A0B4EDDD0B96EDE8E87C2CB236799607CA3C0F37F84B6	16	Complexitylib\Classes\Containments\Internal\BlockMember.ilean.hash
EC1351620D447D414D1855ECD5328D41070FEC1FA84012949EE78B03FCB71931	13448	Complexitylib\Classes\Containments\Internal\BlockMember.ir
6F8B03992881294A2AFB79C9A507BE829482EB88379AFE0FEFE1596D78AAD3CC	16	Complexitylib\Classes\Containments\Internal\BlockMember.ir.hash
DAF14F5AD1636FA2D856C7F8C425F156A46ADFE4B144C8B6A6E9AC5EE23A12B7	176	Complexitylib\Classes\Containments\Internal\BlockMember.ir.sig
CFFC338CAE87AAAB0ADF7750C47DAB173CB622D12003BDA428C605D9CE03BAF4	16	Complexitylib\Classes\Containments\Internal\BlockMember.ir.sig.hash
428075C14BBDCFEEE4E1AA8F6E6BAB1C75DD51DF002E1BA19930FCA77A7EBD8C	45432	Complexitylib\Classes\Containments\Internal\BlockMember.olean
98A4C2ABBAB9352ACEC5F2A40B3AAB6AA645A203D5E110EB00F40F6456164464	16	Complexitylib\Classes\Containments\Internal\BlockMember.olean.hash
ED4E036B11F3AEC804E080D1306E4B091B70B8AA90F173DB398B6DEADFA6F488	454192	Complexitylib\Classes\Containments\Internal\BlockMember.olean.private
ADA404F278B66D7721C5CE9E9B208620540CB86742517E38A15A94E369B40F38	16	Complexitylib\Classes\Containments\Internal\BlockMember.olean.private.hash
FD296222BEC01427FDF60C9AA4741C28BD84711757C10DD031C8A0ED704A83C2	9776	Complexitylib\Classes\Containments\Internal\BlockMember.olean.server
2544BFE9F395E581BD714FE36E55D2235C79271EDA50BD59591521CC9A543137	16	Complexitylib\Classes\Containments\Internal\BlockMember.olean.server.hash
D489CB7CBA6BE14F4AC1F512796A5C1AD2E487D8E45B4E064321B99C0CABF51D	3626	Complexitylib\Classes\Containments\Internal\BlockMember.trace
1614AC64492F9BCCCBBFD2103F577CE3D9A8CEF95965DAB21D164AB2CAFC2EFE	31047	Complexitylib\Classes\Containments\Internal\BlockSearch.ilean
919CFFC2666AA239096C8EC11594B0F838044A56B8E9C2028146F47B192C26B4	16	Complexitylib\Classes\Containments\Internal\BlockSearch.ilean.hash
E55A3C982735761A004D75E1769D63F1FF56647407BA787A0686845505FFD644	9976	Complexitylib\Classes\Containments\Internal\BlockSearch.ir
3D92E2EBE4CB9D838AFE98CF01CEF333FF70DE7F5DE7A94F52E653A49F4AC586	16	Complexitylib\Classes\Containments\Internal\BlockSearch.ir.hash
AB0B4D1D89A2BE89AD2D9BA2F372DEDB4EDA99E9179C389ED006207F40210E33	176	Complexitylib\Classes\Containments\Internal\BlockSearch.ir.sig
3D6366F5ED726CC2E9B9EB507A7C7C7DAC0D51C2507FF680D77869D84BF6E2E2	16	Complexitylib\Classes\Containments\Internal\BlockSearch.ir.sig.hash
64ABF7B3A178FD9613D092FAAFA25BA54113D34CF184A529AC5CEB4A1AFB0FF6	51528	Complexitylib\Classes\Containments\Internal\BlockSearch.olean
1F5CA5FA7E85C8CBACD6E89F6996CA40B2D9D68D6AF3EDF2F4F76F157364CBD2	16	Complexitylib\Classes\Containments\Internal\BlockSearch.olean.hash
C60621EE810578EA97AD2A265619B40B83D1ED3DD2AAAAAAE2AC0724F03F1CC6	154584	Complexitylib\Classes\Containments\Internal\BlockSearch.olean.private
903B9D7340E1DCA0FD5E86B579616557BE159B209E412D237DCE45E21834802A	16	Complexitylib\Classes\Containments\Internal\BlockSearch.olean.private.hash
F346C9DFA31421E4034BF14448EDCDD43A10580848ADE771D81FCA83740A31D3	11104	Complexitylib\Classes\Containments\Internal\BlockSearch.olean.server
D274F365F1BACF805323C4DE32B1663A06B941BD310B6755CCFD7568617D211C	16	Complexitylib\Classes\Containments\Internal\BlockSearch.olean.server.hash
7461F9467D2DBFE786F4C550D49590F641A3230603B21CA9A9570463EF45FA0F	3831	Complexitylib\Classes\Containments\Internal\BlockSearch.trace
C28F2B30DD5A7FE7F24585CF5D78730A429F122EDC06DF506A3E15E17FA3E130	41790	Complexitylib\Classes\Containments\Internal\BlockSearchCorrect.ilean
73752ADCFAD0374CAA3D429695D9C10C5C7BFF800A68A5097506C04259F64238	16	Complexitylib\Classes\Containments\Internal\BlockSearchCorrect.ilean.hash
401862BA4568954BC19D36D2E2F83B98CBAA5B866FFD04D85F9F811984D36154	3712	Complexitylib\Classes\Containments\Internal\BlockSearchCorrect.ir
161B28153D2DACAF9D4C761208DA2897690A6E13886D735BB46942ED6A7DD068	16	Complexitylib\Classes\Containments\Internal\BlockSearchCorrect.ir.hash
89DB9D2EC93C8BE3E534296BF88205DFA7ECA97862D1DB6226763AFFF72E6BFF	176	Complexitylib\Classes\Containments\Internal\BlockSearchCorrect.ir.sig
E99EB060363CE3BE2C1D94EA26BD4C20A4647C43F62539D499ACF5CC287A34A0	16	Complexitylib\Classes\Containments\Internal\BlockSearchCorrect.ir.sig.hash
FA4E4D4AACD3137F6585A9ADAB3FE071806C50011F66FDE68006914A4C23C3C1	78048	Complexitylib\Classes\Containments\Internal\BlockSearchCorrect.olean
A1D35D6A7C3185C52ADBEC5AE650021112D6408066A810D7771A8D1726BC16E5	16	Complexitylib\Classes\Containments\Internal\BlockSearchCorrect.olean.hash
A859D9E88EF2C0A42E98C469A35AB724AF83C94626CDC888C446FE4CD87DC1E4	608728	Complexitylib\Classes\Containments\Internal\BlockSearchCorrect.olean.private
B8EE7DA889F2C1EF46DCD3EF164BB4FED52184160474B37DE1C809A34D36B9C1	16	Complexitylib\Classes\Containments\Internal\BlockSearchCorrect.olean.private.hash
E7D87D1F03ECCD4C7FE15016D286C26993D5022D9E319BC81B9FEB244CA7D5F9	9728	Complexitylib\Classes\Containments\Internal\BlockSearchCorrect.olean.server
8951838228B28689945D5B490CFDBF1050660CA84816FB7B821D99E1A5B10D90	16	Complexitylib\Classes\Containments\Internal\BlockSearchCorrect.olean.server.hash
BDF3C2AF87C3DAE74156CE7E8229CECB7BDF7E676720BB8868F8E2F5467913F2	3675	Complexitylib\Classes\Containments\Internal\BlockSearchCorrect.trace
6494E4D8AF6790BF4E3FB1B620E57E5883DEC74356D9023BC7BDC81E999F60F1	17729	Complexitylib\Classes\Containments\Internal\BoundedReach.ilean
B467F11894BB181FE28539F79E43ACFB0DE29767F292605F41CE154BDC67C241	16	Complexitylib\Classes\Containments\Internal\BoundedReach.ilean.hash
091905347A2D8F8AD60A6F3E6E42FA84A1F4D5A9DEA01B15DBC942C91FEDB145	2000	Complexitylib\Classes\Containments\Internal\BoundedReach.ir
38FAD49B47C85D5345B152FD3CF7FC8160DA801CC51C989CB5D06588BD17A46A	16	Complexitylib\Classes\Containments\Internal\BoundedReach.ir.hash
829EFB3FD7079EE0B9EEE01083B7531F6054E185BCC6B4067CBA7A11877F3F78	176	Complexitylib\Classes\Containments\Internal\BoundedReach.ir.sig
8679A071633825BC1CA9819727FB3244F6BA6E7D7B026DE338571C825439FEE3	16	Complexitylib\Classes\Containments\Internal\BoundedReach.ir.sig.hash
02C97B96FE13555A451BB81BB94A14C91A8C9B1C24189478EAB41D5A5E54F484	34864	Complexitylib\Classes\Containments\Internal\BoundedReach.olean
F6F8D2F206D6BE2410300EEC5957A329392F9786E96970F9D5545FCA0185D2CE	16	Complexitylib\Classes\Containments\Internal\BoundedReach.olean.hash
CF633E9112290761B38379A6CD7D636468EB126AEB8761F26604BD3F016B96E9	115976	Complexitylib\Classes\Containments\Internal\BoundedReach.olean.private
ED2913FC4DA163E29598DD5BBB549083302E6A893B5F00E4D988B4F3A98C21B1	16	Complexitylib\Classes\Containments\Internal\BoundedReach.olean.private.hash
1712099514039B6C04908BD96696E1DB4A3E51FD6E0295312052D363DC4BD7A3	5824	Complexitylib\Classes\Containments\Internal\BoundedReach.olean.server
838B8BECB4B56B8A61969A64D327D2EE64EFCF68383A0A2FB2E9AC507F1E9D25	16	Complexitylib\Classes\Containments\Internal\BoundedReach.olean.server.hash
71A47E9880EAE3CDE3B736D4BC1B4CE096DEFBFBBE15034E4B9B15B37FA04D5F	4245	Complexitylib\Classes\Containments\Internal\BoundedReach.trace
6A1FA97948CFA90F7910D8F47F77E3E5399D3D782DC1A2C95E823897B696F21B	18174	Complexitylib\Classes\Containments\Internal\CodeAccept.ilean
07F6DE32A5F7B6A2C13466E7839D012D6DE216E96DD8EC795B2D1EF1A5BDAF70	16	Complexitylib\Classes\Containments\Internal\CodeAccept.ilean.hash
A5635B4AEB34CDB5A9A47A2CA9BA4A5A2A5E68120E8AC7C6E7B8FFCFE6466C45	7552	Complexitylib\Classes\Containments\Internal\CodeAccept.ir
820C02A5B2363827B98DF322818BE7029665CB50AA72B4B48EDDF9F2DC4479DC	16	Complexitylib\Classes\Containments\Internal\CodeAccept.ir.hash
D775CB800B5B4A6656A079D3392C913E1AF45AE992380479B3EE41B0CCDAC7ED	176	Complexitylib\Classes\Containments\Internal\CodeAccept.ir.sig
9D4F9F7E23106F088A4D3C05FE7CFAC89DAF06488B850781E37C6E54A25DB35C	16	Complexitylib\Classes\Containments\Internal\CodeAccept.ir.sig.hash
FD6291DD0FF41815C1CDD70D9EBA28A477DDDF5FFB156B242A5C096ED99C34E8	27160	Complexitylib\Classes\Containments\Internal\CodeAccept.olean
1F5CA36F6C1641EE2750548FB2D66DC58A91114251EDDF7B9550F31AA26558A7	16	Complexitylib\Classes\Containments\Internal\CodeAccept.olean.hash
3A9ECD39C47CFBA08A07B3652EABDDB221AC325C85500FB9707F16EA5D97A042	140624	Complexitylib\Classes\Containments\Internal\CodeAccept.olean.private
56520C6E6B3469F61B7B4E21B236F8525C22EC721FA1B4476F94D60E73EB8588	16	Complexitylib\Classes\Containments\Internal\CodeAccept.olean.private.hash
5E83EF10A3F85CA2117E8F768CD9E3FC68857FA6D360CF11C19B8E1A48DEC480	4176	Complexitylib\Classes\Containments\Internal\CodeAccept.olean.server
86518FB6BCFA3A1574C5E6FE812AAE00E90D4AA7406A1C3C725488A84A1F9440	16	Complexitylib\Classes\Containments\Internal\CodeAccept.olean.server.hash
A4DDB5523EFC7CD3D12A67B262E36FAC480BA07C47A3B2E4A935026079D5187D	3623	Complexitylib\Classes\Containments\Internal\CodeAccept.trace
4D4D3FBDB37F8FF684B806097CA960051B7BDFF5F40A2A93FD3517A740ED6736	18289	Complexitylib\Classes\Containments\Internal\CodeRewind.ilean
922F5F67A6446B247A72B0526C1A8A652DCC4014DE474B50EAC07FF0E4948712	16	Complexitylib\Classes\Containments\Internal\CodeRewind.ilean.hash
94D5BC8A297CD9DB34B5EB654B49975E6B6A8821DFB0412D5FD999A3F9E36921	5856	Complexitylib\Classes\Containments\Internal\CodeRewind.ir
9BA1C650593F6150976ABA0468194CC54A37C1B0B42AC7E366E612B01DB3056E	16	Complexitylib\Classes\Containments\Internal\CodeRewind.ir.hash
C2EC4FD71296ABBEB8E944503933349AFA845DB0DC716E89E65CE7C7954F4748	176	Complexitylib\Classes\Containments\Internal\CodeRewind.ir.sig
A2EED6D15207ACE9BC7FE64F3C003DDF242622BE4E3C350468F83B5F16851F5B	16	Complexitylib\Classes\Containments\Internal\CodeRewind.ir.sig.hash
D6A1EEF8967DC7428ABC5E4209392FC30F5AC45397AED466BF2B827D8E133D7C	32400	Complexitylib\Classes\Containments\Internal\CodeRewind.olean
E6D8CFFC205533DF18730245E8A9007AA7D12B4AC0021400B6BC0563A2F5185A	16	Complexitylib\Classes\Containments\Internal\CodeRewind.olean.hash
2BB84488437F47A943AFF9074B001EF869E729F8EEC9CF0A041C6109227839C8	88896	Complexitylib\Classes\Containments\Internal\CodeRewind.olean.private
C46780AF8CABFBA714891C350CD260420D8E8B9257DCDA3853B34C42BB93FA35	16	Complexitylib\Classes\Containments\Internal\CodeRewind.olean.private.hash
3D8B17CF4AF281839503BD1A04B07AFFF47E052D8CEF80BACDF5E5C8C275821E	6808	Complexitylib\Classes\Containments\Internal\CodeRewind.olean.server
C2B2EF932E3DA8803972B55CA5435048F91AB05E0570C631993BE165F5BD4EF3	16	Complexitylib\Classes\Containments\Internal\CodeRewind.olean.server.hash
F2FE64D15DBD223B60796D62101BF934BE41372404485940F313B6E5FE84B0FC	3619	Complexitylib\Classes\Containments\Internal\CodeRewind.trace
30A66D73AE55D31F1165D65F55DC7728D2FD10E29C5BD6B6F45B57785D8A0A25	17585	Complexitylib\Classes\Containments\Internal\CodeStep.ilean
EADA770BB8E4F98CD836DD50E63B4AF5FD78BAE84EEF17ABC74E76A5F2B9AAA1	16	Complexitylib\Classes\Containments\Internal\CodeStep.ilean.hash
48B4AC484721EF8C50B29E9834F153430A2829394A4522D5A41CF733D659058F	3304	Complexitylib\Classes\Containments\Internal\CodeStep.ir
EB64CEF87A71FA3490FCDD27E21150EA64A9441DA5487E275EEFE24FA7368881	16	Complexitylib\Classes\Containments\Internal\CodeStep.ir.hash
E7CAACEAE5BB6A939A4E3E4BF6C7DEF2C8D5DEFC5B2F79C5D149F64287CEEE1E	176	Complexitylib\Classes\Containments\Internal\CodeStep.ir.sig
161D5411B23CF07E7D52DF32CC000E9E8067A3A73658D7E0174C2B7BBEF0FD2C	16	Complexitylib\Classes\Containments\Internal\CodeStep.ir.sig.hash
EE308E0DCC0D97C8BD0F2F85C7DD5A58ABA9E7043B4DD433FB37AB11CB1ACA8A	40824	Complexitylib\Classes\Containments\Internal\CodeStep.olean
57498BAF4424918A946DD1B12ECD1DBC52F74A24A1E5E8C1605B259219CA1861	16	Complexitylib\Classes\Containments\Internal\CodeStep.olean.hash
BA02D764C07F118A494B1A0EA6E9321B11ED719BC526617B7B4AB245698157B4	130752	Complexitylib\Classes\Containments\Internal\CodeStep.olean.private
CE86962DBFAC07F08F3B297CFEA133AF91C0C620FFC383E7D04F74AB76697278	16	Complexitylib\Classes\Containments\Internal\CodeStep.olean.private.hash
67727CF6605E72F7621FCDC1C169B142ED06F5459889929FF8773D5F3713182A	6520	Complexitylib\Classes\Containments\Internal\CodeStep.olean.server
099532ADA0C6FC5252DCEE6DC56E120BA5104F69C1F18A4905AD26C4F87C8EEC	16	Complexitylib\Classes\Containments\Internal\CodeStep.olean.server.hash
329B4C61146F38809822FF63EB81368231E5ED4DEED8272E45AC24FDAFB3B633	3840	Complexitylib\Classes\Containments\Internal\CodeStep.trace
31D381F95E76D331D5EF9DF565375029F0776DD1A7EAA9DA3E4EF497E471C258	17830	Complexitylib\Classes\Containments\Internal\ConfigCount.ilean
11FD0059FC8648A05FB95934CD265429E7CE97EC838534ABF7ECDD7C31EEA172	16	Complexitylib\Classes\Containments\Internal\ConfigCount.ilean.hash
835134DC4389E91DC8785007950FD3C88D811B4B441E457B8E8986EFAC68CBE5	20424	Complexitylib\Classes\Containments\Internal\ConfigCount.ir
FF83659B1B25084BFC9C9E28A127243B3726BF865523C190F7C5AE0E446BB8DA	16	Complexitylib\Classes\Containments\Internal\ConfigCount.ir.hash
B95C4769E4904955903C430D98676316A8786021DE65A5E693AFE10F24C9552D	176	Complexitylib\Classes\Containments\Internal\ConfigCount.ir.sig
48D9E86D174AE93E6CA35BD7C6275A564AE835D497F42724B75CC0A46531EA84	16	Complexitylib\Classes\Containments\Internal\ConfigCount.ir.sig.hash
C8CD14A195ED47EA12191AA7B150C6ED738C893E1CB35D5821B91A7BC650DB27	83888	Complexitylib\Classes\Containments\Internal\ConfigCount.olean
997A9822D0FC07DA0ECECAB2A61E4CDE22C8D5EB23C6CBD98C31CB46249BF19A	16	Complexitylib\Classes\Containments\Internal\ConfigCount.olean.hash
6A39E80BECB1DC744A44498414032531578C69EB4CB46B5BDADCB36D7450208D	469920	Complexitylib\Classes\Containments\Internal\ConfigCount.olean.private
14E8B3C220DE717746D1ABFC26FA830040C8E2E86F3145CEE1160598DE54BFDA	16	Complexitylib\Classes\Containments\Internal\ConfigCount.olean.private.hash
D274B1B2D21AA631D3830DAD581CFBB1441BA0165147B4C86EFC839085285E64	7680	Complexitylib\Classes\Containments\Internal\ConfigCount.olean.server
59CAB94D6D8A761277EC1286558ABEED7465753E46E7FF9D89770B41BEE00372	16	Complexitylib\Classes\Containments\Internal\ConfigCount.olean.server.hash
E637C4B3763144A17B9C5B28D239C9E6A3873BA75026683CDBFFAEF853A1D4E2	3761	Complexitylib\Classes\Containments\Internal\ConfigCount.trace
5843895C3A7B9876C6EAD149610E4E4DF652EDCA73949A89501F253BB11E161C	18399	Complexitylib\Classes\Containments\Internal\ConfigGraph.ilean
8C777793296E85DB47D35AC54DB382368EB170CACC22F286F4DC453F75040B9D	16	Complexitylib\Classes\Containments\Internal\ConfigGraph.ilean.hash
5809ABE9CFEE8DFE8C3FAE6CC4CECCC475599094F4041EEA3E059C53463CEC79	2032	Complexitylib\Classes\Containments\Internal\ConfigGraph.ir
F2C5655A413D8D9B0858588CB6DAB841F040886B39F74C60A15A1C46943D2923	16	Complexitylib\Classes\Containments\Internal\ConfigGraph.ir.hash
06294D9B5C57AC7CBC3B4209430139C4E80C1006E7F3D916F5C4FD4B92B4B28C	176	Complexitylib\Classes\Containments\Internal\ConfigGraph.ir.sig
A2759AEF38A20781CC0BBF82A6C7A8B24065FD5352EE94D28931C62358E92381	16	Complexitylib\Classes\Containments\Internal\ConfigGraph.ir.sig.hash
7E595845F4E226CB20F701D11B94A1D0AAD58F8520A21861624DA2C8352CD172	24600	Complexitylib\Classes\Containments\Internal\ConfigGraph.olean
94A141F60921DAE30BE82C690502FF2831E903D7E2E066EFC16F3C7CD57378A3	16	Complexitylib\Classes\Containments\Internal\ConfigGraph.olean.hash
CF988B560BE69B20F7BD06477EFA14328AD1F9F3DD10648855FBC456FCFB40DE	194432	Complexitylib\Classes\Containments\Internal\ConfigGraph.olean.private
69166DC3885B02CEEB051BA78E588D029906D80C748539DE87393EC278EAEF20	16	Complexitylib\Classes\Containments\Internal\ConfigGraph.olean.private.hash
FA250D3BC9276046E4C26C494A2D1C27D6614CAC9EFE6D60BE8EE41A1F0D4121	5272	Complexitylib\Classes\Containments\Internal\ConfigGraph.olean.server
72F3595DD8C91742DD00DD56A2816A7621CE53D135503A26320E9B0E007162AE	16	Complexitylib\Classes\Containments\Internal\ConfigGraph.olean.server.hash
03754EF00A1F687020F061381AA4BDC8039EB05FAAA5EC323C5EBDA6E2562CD0	4026	Complexitylib\Classes\Containments\Internal\ConfigGraph.trace
B96A6B16A9D11ED39CB1BD7450DFD3CFE5EA3EC29FA4208EDEEAE5DE0F2B79C5	16591	Complexitylib\Classes\Containments\Internal\FPBridge.ilean
4E70D7A7187DEDC3B864456AC869B7C1E7D0F34DB0BAE92CEF78D6A568C7968E	16	Complexitylib\Classes\Containments\Internal\FPBridge.ilean.hash
4F79E617801CF959328A86A5615DB185E1DBC3BEAC9F448609EC03FEDCE98584	1912	Complexitylib\Classes\Containments\Internal\FPBridge.ir
283F7CD46E911EDD356DD34580A7D085C005D0A15BD50AC7742BC22AF68A306E	16	Complexitylib\Classes\Containments\Internal\FPBridge.ir.hash
EFF96BB0BEA2EEED4A1327EAD36D57958AF238DCF27643664846838AB1EE627F	176	Complexitylib\Classes\Containments\Internal\FPBridge.ir.sig
A5D6B823643130EB3127053F8079F776F06463712F47F20F934851DCCEFC9E92	16	Complexitylib\Classes\Containments\Internal\FPBridge.ir.sig.hash
7446100E8A0784AF7A7B334709F2540CB39129B63EE4E55B3491758473DC5A16	19736	Complexitylib\Classes\Containments\Internal\FPBridge.olean
21B45A0F265C5F18B64FACC417650EFCAB6C85E27FBEAF9298B64F89FABC09D3	16	Complexitylib\Classes\Containments\Internal\FPBridge.olean.hash
94C8F549346C176397939E604F9B3E8946C9AB183C3FAA5CC4B6ED94EFC56396	23480	Complexitylib\Classes\Containments\Internal\FPBridge.olean.private
EF64565A89D9FD4F044FA31E9979902F206ED20D6ABE0E44D424854F8D6118BA	16	Complexitylib\Classes\Containments\Internal\FPBridge.olean.private.hash
7774522115243717F4F46DA2575964BC171B983AB834AF8C9698B301630135EC	7336	Complexitylib\Classes\Containments\Internal\FPBridge.olean.server
4B532F4D60C66262A979078A3BB28F2D51CB44899FFE56BD21F61E88F4E91196	16	Complexitylib\Classes\Containments\Internal\FPBridge.olean.server.hash
783A445F29ABC677FE56E2538A3AD5D4F7E056F41CA9EF9DFAD712A4253C1104	4144	Complexitylib\Classes\Containments\Internal\FPBridge.trace
E66F95090570F6B1AF978C98A15DCD14211A01927778FA7054881A68BD8C3404	51177	Complexitylib\Classes\Containments\Internal\IPEnc.ilean
E7D8A8437DF0C8E9A81A0ECD80DEEB2F3E404D0F14C423EECE6341493AEA3B56	16	Complexitylib\Classes\Containments\Internal\IPEnc.ilean.hash
54B213C336A81AC8B6A8F19EB8E6572A0CF13DB25E49A1D857EA4E0354A89103	12640	Complexitylib\Classes\Containments\Internal\IPEnc.ir
421E737B90538A6871681958A1D782B3F9233C49F717BBE815FE0DB5E1799F09	16	Complexitylib\Classes\Containments\Internal\IPEnc.ir.hash
90D54AFB3C3D7F474F2A266AA510E746CC551F151A78F8AA50414E94C06F63D0	176	Complexitylib\Classes\Containments\Internal\IPEnc.ir.sig
8454DA6399C9EF4E36B92FF6CEE250906A575FDB486AB477EA2ECBD7D25032BB	16	Complexitylib\Classes\Containments\Internal\IPEnc.ir.sig.hash
E40AC92FBDE134B56DDC47742AC4E0B75D97D2FF8D347FB02AB79A1D39E14C83	100408	Complexitylib\Classes\Containments\Internal\IPEnc.olean
DDE8AF426FB426FC54C52764C46F7AA4AAF57DB31090B3DA5A2AACFB016C1B59	16	Complexitylib\Classes\Containments\Internal\IPEnc.olean.hash
887213C8306154DAF2A092DB4BFFC5CD159A80016234FE85E24DB9156A2B2487	549808	Complexitylib\Classes\Containments\Internal\IPEnc.olean.private
2BAE1CAF212E7089495753943B8C3912B0D04865A795A33CD43C1243A89F1111	16	Complexitylib\Classes\Containments\Internal\IPEnc.olean.private.hash
D1F5DC2B1787FDA8AE2D54AFD843C6DA2DD090E687D38AC3E6CE45031E106AAF	14224	Complexitylib\Classes\Containments\Internal\IPEnc.olean.server
FA81464CD4CF1221AB1AE188C1D17A1BA7BAFCFC8B9544934C6D7AD17333D9F7	16	Complexitylib\Classes\Containments\Internal\IPEnc.olean.server.hash
5D65D44B8CFF370BD0AEEA293EA39E65BDF297EA07B3F884CB897D9040AD966D	3578	Complexitylib\Classes\Containments\Internal\IPEnc.trace
98FFF7BDE6A95D9F8B0C8D384862EFBA221154D707F5CFF23304C83D8A807C44	74051	Complexitylib\Classes\Containments\Internal\IPGameTree.ilean
3436E2E00E1F2ED1587D58337D2BEC79BA1F046F32CB4ED875EF27786A957487	16	Complexitylib\Classes\Containments\Internal\IPGameTree.ilean.hash
0AF80BBBDBC72DBF5E6AC2887DED4C161A3FCEA34E8A6371C98759EA1B8F030A	15560	Complexitylib\Classes\Containments\Internal\IPGameTree.ir
0903AD5EEDAD461C7966B7836E53B20C85E45AA7AACAEAEFBD613BF8F79C56E8	16	Complexitylib\Classes\Containments\Internal\IPGameTree.ir.hash
8E15606862BCE6BF220A2C29150B7AD81B1F45EEC91CC2737F2766709199DC57	176	Complexitylib\Classes\Containments\Internal\IPGameTree.ir.sig
B7AA3755C536CBE2A1F439AB7FFB78D1A9F1A57E242A7FB7B05FBD74C8A3A61B	16	Complexitylib\Classes\Containments\Internal\IPGameTree.ir.sig.hash
798DBEDDC8222EA7909E9CBFF9B5363D5673168CE2FA9288755121354F07A213	189440	Complexitylib\Classes\Containments\Internal\IPGameTree.olean
7BD8F57B38DEFD25131ED9DA88FC5C740E7C88B9B0DC6D971C213DB2AD3AC818	16	Complexitylib\Classes\Containments\Internal\IPGameTree.olean.hash
2CEED6BB3F0066990A9D4B009C87E31CE9B6358E12DF4441A68A1AC76A47BAB8	641736	Complexitylib\Classes\Containments\Internal\IPGameTree.olean.private
7D4146BA29AEE2E43BF20DAF030092C038B43C1A5427B85FBE206518231041E2	16	Complexitylib\Classes\Containments\Internal\IPGameTree.olean.private.hash
D1DA42A1DCC54B8ACDB446B636518258DC682C90207BBB394E3AAB73CAC798A7	23104	Complexitylib\Classes\Containments\Internal\IPGameTree.olean.server
5B498F6A0ECC8F731592AC38E3C5559209AD3B723D6B847592FD286EE32CD195	16	Complexitylib\Classes\Containments\Internal\IPGameTree.olean.server.hash
CDDA4769811997BDDEC987728DD209636A3794050EE9AEBBBB06586CC5DED3ED	4089	Complexitylib\Classes\Containments\Internal\IPGameTree.trace
E2C35AC1C2DC82DA189566848E1C54BB0FBDF50B18BCAF51CEA3A98A8C9F9F9C	55308	Complexitylib\Classes\Containments\Internal\IPLeaf.ilean
5F40576DFA613EDE1E66C9B3E20082B5D9B5B13019129A0B8DDE1FD5126E6FB5	16	Complexitylib\Classes\Containments\Internal\IPLeaf.ilean.hash
0BD176459F7C67FBFA498047DFF3E90168A3D583A721E41E804EDD43C2A9ABF3	23000	Complexitylib\Classes\Containments\Internal\IPLeaf.ir
B1DDBD5B6BDCB9C1E52ED5250FF3280CF66591585EEBD8C2E21D9B9FC8DF0D05	16	Complexitylib\Classes\Containments\Internal\IPLeaf.ir.hash
60653432FC7DD15B03C1DBCF29D32F436E994228B0AF6C946F8EDDE26A33F105	176	Complexitylib\Classes\Containments\Internal\IPLeaf.ir.sig
8C36F9DCF7FC07177F67A99EB556B5894CA817D7AB8A2F315FF06F6ECDD34103	16	Complexitylib\Classes\Containments\Internal\IPLeaf.ir.sig.hash
FE2D2CA052D959926179267D7FA4FEEA9A0A9F5A506EC11119EE3C139DA3A7B6	111088	Complexitylib\Classes\Containments\Internal\IPLeaf.olean
4FCB246BB3093377E6CE644C2DF7F2CB9F032C26C25032E1BDCC7BBCA0885BEC	16	Complexitylib\Classes\Containments\Internal\IPLeaf.olean.hash
3B11346E0316FBF5A89D04AFEB6A4AE2DE4D5F0C633B6C36B30BDD5FB31CC270	416360	Complexitylib\Classes\Containments\Internal\IPLeaf.olean.private
9404141BB16D4B79502BA0FE4CD0992EC8E67A2E6FDF472776B38D81150A6C86	16	Complexitylib\Classes\Containments\Internal\IPLeaf.olean.private.hash
43EA3786E4830F8F135500950A322E40B303C70FC10C94B3519A215A3219A40F	12920	Complexitylib\Classes\Containments\Internal\IPLeaf.olean.server
139B13B6170150D2B6F06B9BA0B594B97D679BCF1850ED8B4A3AF309BBC06013	16	Complexitylib\Classes\Containments\Internal\IPLeaf.olean.server.hash
55EA08D0A5E2A67C62A37C49950D0BE4D583184C052B6426C38FEB4C37A9A811	3808	Complexitylib\Classes\Containments\Internal\IPLeaf.trace
C0DDFBE8B0DB983A1503CEC403417D9B6290025A419775E2F664AA3C81762B5B	109566	Complexitylib\Classes\Containments\Internal\IPSem.ilean
DDF3989123ACB5B5A340B242DDC9C0E9EE895CFB3ADA9522E4928925879E6C54	16	Complexitylib\Classes\Containments\Internal\IPSem.ilean.hash
6F238E4A2C5D7DF21C24BB1E6A2A72BB9B98EB9F3A940BA9152914563F569905	60296	Complexitylib\Classes\Containments\Internal\IPSem.ir
18F21088CFF6187504B306E4FF5B5E1E682FCB259EFDDAC7CF7879904BFFC012	16	Complexitylib\Classes\Containments\Internal\IPSem.ir.hash
878FA493CC6D2CD7C84BA2A0D0327680069C3D91BC2D24744BC12251FC86B259	176	Complexitylib\Classes\Containments\Internal\IPSem.ir.sig
2FD13C43ADD7AD6D01F20ADBAD2B2BF59D561EF66A633942EE70DCF83D5BF811	16	Complexitylib\Classes\Containments\Internal\IPSem.ir.sig.hash
C1E442EDE1DC1B568C0FA1F4F1B24E404BF61DACDCE9A12F09B9C6CA481AEF94	259768	Complexitylib\Classes\Containments\Internal\IPSem.olean
59594873C00073F1FD47240103690B9C2B70E6A61C500AC92A5CD51B0C4EC329	16	Complexitylib\Classes\Containments\Internal\IPSem.olean.hash
FDEB736EB5BAD51C8BB13E4F8EF39C075B57CE1A458E17DDBE263E7B71F63D54	1846304	Complexitylib\Classes\Containments\Internal\IPSem.olean.private
5423B4A40D9DE57A7C2554D4EC6343D94603FEF480EE940B156E61BE26F25D60	16	Complexitylib\Classes\Containments\Internal\IPSem.olean.private.hash
7B04FFB6D85D949585CDEDEC95706373CD8AD5EF194059E9606270B87B5759B8	29488	Complexitylib\Classes\Containments\Internal\IPSem.olean.server
4284A5AA9FA17F26FD3694D569622A18E671F31159CC1B5DFBD031E756B68E1B	16	Complexitylib\Classes\Containments\Internal\IPSem.olean.server.hash
A049FDC8F32D175F923F8D96B24C71420BF0497AC356CF20368685451C77C137	3594	Complexitylib\Classes\Containments\Internal\IPSem.trace
2BF8FC96573D98FED599C3A0F9721DFBED9A1A77B66B3C418D29CC6C25E09CFD	79126	Complexitylib\Classes\Containments\Internal\IPStep.ilean
81BDE90A7D5A1B2E1FA26EEA99392466D6BE4D760D7548BF3204671B1F6E89CE	16	Complexitylib\Classes\Containments\Internal\IPStep.ilean.hash
2699F488B4BDFA168A4C6863996F82C474D7D44F66CE2620E2B90A589DAB1471	22664	Complexitylib\Classes\Containments\Internal\IPStep.ir
3E857DF5DC8E002BE781EF5B31BFFE9B16C465723275BC1E8904D08AFF9DF55D	16	Complexitylib\Classes\Containments\Internal\IPStep.ir.hash
CC7653C50C8065A10C40BD276B00F833AEA0732A97AA2D6E08C84D7FDDCF331E	176	Complexitylib\Classes\Containments\Internal\IPStep.ir.sig
81FC5E560034381D9C3352CA9E50B6D17D8FE0E3DA683A47ECACCCBF11C1AE78	16	Complexitylib\Classes\Containments\Internal\IPStep.ir.sig.hash
BEB65E26F11A55A2CFE7CE124C397F8A5E434190EAE6A58D21F4B82C505EA141	85360	Complexitylib\Classes\Containments\Internal\IPStep.olean
C2E146EA248214A40B3EEEA87AE6E29D4AA5E48A8F6712D2606A9CCA5155E485	16	Complexitylib\Classes\Containments\Internal\IPStep.olean.hash
7E8EE4FCF2F43DBC303B7491CE9FC44BAF6CA50F831A6CE2524C160EBA364089	378008	Complexitylib\Classes\Containments\Internal\IPStep.olean.private
D2F1897A9DA22901DE37A096457801DCA4B7A0CE2C3DB74E4B0D39CF66FFBFB6	16	Complexitylib\Classes\Containments\Internal\IPStep.olean.private.hash
0C44D55EFAD7879BFA3DD00FCD992001D92F274EDD4B699B9E39196C5D26E5E8	16584	Complexitylib\Classes\Containments\Internal\IPStep.olean.server
45260E63F629BF7708AB7447A27162C5AD1FD1CFA8334F1D094A06A7CFDB4C14	16	Complexitylib\Classes\Containments\Internal\IPStep.olean.server.hash
BE8F6A103F5552C08B25105AA4C27C46654880DE5906B28AECDB4880E58BDB95	3585	Complexitylib\Classes\Containments\Internal\IPStep.trace
240D7CF90FB548A331D2F5E13521F4927560B78C46D4B78F9E80002641B17E7D	5776	Complexitylib\Classes\Containments\Internal\IPSubsetPSPACE.ilean
1FEEAA1F2B206211FCB9923AA85FAB6EDD37D06AB6C68F525B0755897AE6A2D5	16	Complexitylib\Classes\Containments\Internal\IPSubsetPSPACE.ilean.hash
1D59F03411A7D8DA670107ED8AA90F25CA91BBA71D7E10419E3DB97197A41464	6056	Complexitylib\Classes\Containments\Internal\IPSubsetPSPACE.ir
CEE1C43B902F6216F36FDA5A3C001A4F48B1AD5FFB87F07BF313627500AF69FB	16	Complexitylib\Classes\Containments\Internal\IPSubsetPSPACE.ir.hash
7A1FEA91090EF8FA9EB524CBD7A4B9BF77F1757CAD862F9E8119AFF8B8A26390	176	Complexitylib\Classes\Containments\Internal\IPSubsetPSPACE.ir.sig
DB4C611F24CF87C08D30F79976A341E5357A622343D382AA5841EDC1FD1E211C	16	Complexitylib\Classes\Containments\Internal\IPSubsetPSPACE.ir.sig.hash
4F57FC306D19F57D060264ED46652DFC7D2C36A61F1EBBAE8771C5B8E2413615	44056	Complexitylib\Classes\Containments\Internal\IPSubsetPSPACE.olean
E8C29DA16701A7C9F61AB3A0F91389C6B4CB92D8F23F27DAC2BD17A1365A5B3F	16	Complexitylib\Classes\Containments\Internal\IPSubsetPSPACE.olean.hash
F1560D001C8F6ECAB512CB6781F1310EC5E9E94BAAEEF31624980B394F03147B	94264	Complexitylib\Classes\Containments\Internal\IPSubsetPSPACE.olean.private
F447356FEEDBD9B065BDE36658F3B9EB685C08989FE7275E36DD0DF36043F5B1	16	Complexitylib\Classes\Containments\Internal\IPSubsetPSPACE.olean.private.hash
AF8F7B36E7604BAC836F3B3789A5CF6F67C2BE4167727702DFA78DF457C212F2	3760	Complexitylib\Classes\Containments\Internal\IPSubsetPSPACE.olean.server
06ED1B88FBC96ECEED0AE65C7258568F6D1E10E24A8D9584AD78EB36953D20EE	16	Complexitylib\Classes\Containments\Internal\IPSubsetPSPACE.olean.server.hash
2DCC5CDF338116FA4B88FCFE68F1D5D6833DBBD65DD396E8AE3CFAAFA4D8EDC5	3602	Complexitylib\Classes\Containments\Internal\IPSubsetPSPACE.trace
744AE790D6889D50499AF77779802CD32908BB44FD0F05052BC847D1DA0069C9	22366	Complexitylib\Classes\Containments\Internal\IPWalk.ilean
DBBD3BFD2B3B9701BEEA67E13C9898A21D0CAF38D684234444B0BF536664A012	16	Complexitylib\Classes\Containments\Internal\IPWalk.ilean.hash
0C3CB45538EF9B4BACAB47ECFA1A165BC14CFEE5392EAD96D8E106EFA2C91DE3	1776	Complexitylib\Classes\Containments\Internal\IPWalk.ir
945F798939FD82D8C35551A4D5AEE0E5C1B7486A0B80800C3D94AB220D569E74	16	Complexitylib\Classes\Containments\Internal\IPWalk.ir.hash
9D540D648B6D4CA4B9FA8F1458C76B37FB00E164864AE5F5C17A3FB106973EB1	176	Complexitylib\Classes\Containments\Internal\IPWalk.ir.sig
B3610798182AEE888C320DDDEE643F599048313300B2E2608B8325757E56C377	16	Complexitylib\Classes\Containments\Internal\IPWalk.ir.sig.hash
A9E2F05F76F38F01EEF8D27A9B8CDCE1A52CA4E03A8415C200B2AB7DF4224CDD	35808	Complexitylib\Classes\Containments\Internal\IPWalk.olean
0437B9472D389E4107F0CA6F2DB6BE05544F65A15726DAD32CDAFB5F87947445	16	Complexitylib\Classes\Containments\Internal\IPWalk.olean.hash
40535B1EA866920BDBCF483141F07B00678C048E7559A93CF606218519249C80	92560	Complexitylib\Classes\Containments\Internal\IPWalk.olean.private
6664093C6D7F0240F7794AEEAD70F3A02D26733081AD6FD355FCCFF723557ED9	16	Complexitylib\Classes\Containments\Internal\IPWalk.olean.private.hash
2038B0CDB3DD23821B39B6AA54090040C6A5CA326EDAF7D6D2EC739A9058B31C	4120	Complexitylib\Classes\Containments\Internal\IPWalk.olean.server
D89F1ED8E23F69D3796E08676799411A0004480950847FE5B54CE2C34D82A1A9	16	Complexitylib\Classes\Containments\Internal\IPWalk.olean.server.hash
8DC312E967D51D7FAFF815A11BDE17340461538D56DF073294B756F05B6EB155	3812	Complexitylib\Classes\Containments\Internal\IPWalk.trace
A01E0B7A2554C6DF21196CDD0FF10185AF8010BF075BF9FD77BCCB55A3ADBD01	13210	Complexitylib\Classes\Containments\Internal\LogSpaceBound.ilean
BC931F82CA474EACBB99C24B065F419FDA506A028ADC72AF23BA08660179A16B	16	Complexitylib\Classes\Containments\Internal\LogSpaceBound.ilean.hash
005D58D86EEDFB2F0D04AEF08924135B63535DCC656A7941D4DBAAECA23EEF51	1784	Complexitylib\Classes\Containments\Internal\LogSpaceBound.ir
C32BBD066E7CEDA5503286E62C3309F44BBED1EBBD54FA1F76D308E5851E781A	16	Complexitylib\Classes\Containments\Internal\LogSpaceBound.ir.hash
EAA983E42B3267ECC91C4C1C14F7AC85C23FDD2E2320BDAF4EB2D69C3A8296D4	176	Complexitylib\Classes\Containments\Internal\LogSpaceBound.ir.sig
AEB0179A04A8DB7962F12B06BA38ACAE58977A10EC2DB807130FA8C075EF749D	16	Complexitylib\Classes\Containments\Internal\LogSpaceBound.ir.sig.hash
0C8C0465B18A5B76FFB9D3ED52DC9E19F9D50CDEFE684AB2772B585008C63016	22296	Complexitylib\Classes\Containments\Internal\LogSpaceBound.olean
C7A397B986EC2D8E6E89102A0AA1F26702F02FA4425EA72531B421E97E5D68B5	16	Complexitylib\Classes\Containments\Internal\LogSpaceBound.olean.hash
89AFB95AF7A3B4CAED129B8C53C9413DF485F5985A313DDC8FB7F50BC4252088	285248	Complexitylib\Classes\Containments\Internal\LogSpaceBound.olean.private
9CF1E555057D5C56193B1952AC382DB5B14B045C2C19B386A2B1773C8C84129A	16	Complexitylib\Classes\Containments\Internal\LogSpaceBound.olean.private.hash
599416D0D625156AF0F3D784B25178C5AD1767F38E4E95F47B74EA6E4694FD05	5312	Complexitylib\Classes\Containments\Internal\LogSpaceBound.olean.server
0521114809D5B6C6D70DFD02CA648404E5670294F39E4AC9B2BB0F5494ABD884	16	Complexitylib\Classes\Containments\Internal\LogSpaceBound.olean.server.hash
89048FE3EC50690A772D86C8628AD68B4C2B9CAEF065A6455E752DE0B0B188BD	3806	Complexitylib\Classes\Containments\Internal\LogSpaceBound.trace
41812CF746BEDC7D3F4E64A03B0C1A8CEF7EEF189A6450979AE89C7194985C06	53298	Complexitylib\Classes\Containments\Internal\NLSearchAssemble.ilean
71350913B7F93E83DD4EB4D1099333BF437790919BDB7F96A3CE631C2FF5F2EC	16	Complexitylib\Classes\Containments\Internal\NLSearchAssemble.ilean.hash
83DC37A523714536BE266D20C67E6966F053CF141E1BB117DB3FB4255060E1D9	7120	Complexitylib\Classes\Containments\Internal\NLSearchAssemble.ir
E2E057F0928DAB1BB29F92759DE9969FE82B67D4029F8E7827F4870D9FAB3C0B	16	Complexitylib\Classes\Containments\Internal\NLSearchAssemble.ir.hash
903F0885A81FFE569A7AFF3FEBF6D57C6C990E51F1A626AA56CD2EDA04D7DF6A	176	Complexitylib\Classes\Containments\Internal\NLSearchAssemble.ir.sig
5D40314D3FF11D7E05D19B942C007DC8DA9FC11783FF1ABB4A455D55FBAA972F	16	Complexitylib\Classes\Containments\Internal\NLSearchAssemble.ir.sig.hash
3077E6DCD2853185AD75380A2BD99D7FC2F2D2915941D85FC1FC5CC3B31F1431	73240	Complexitylib\Classes\Containments\Internal\NLSearchAssemble.olean
36DD5B5943FDFC4AAC6E126229C20FC49BF562A966BF931CCCC205C637533B90	16	Complexitylib\Classes\Containments\Internal\NLSearchAssemble.olean.hash
3CA535F0175F5C216690ADBC3F438AEC9ECCC5B42917BFBC952DDE5A5D92B3C3	541184	Complexitylib\Classes\Containments\Internal\NLSearchAssemble.olean.private
5B4F178391BA77432051E513CA1BED8A9C6086F7BBF01F0B0601430CC552C919	16	Complexitylib\Classes\Containments\Internal\NLSearchAssemble.olean.private.hash
1AB259552200D5064E9C51A0996F79127D9BF8D1BDB3698DE3AB7EF14915BC32	10416	Complexitylib\Classes\Containments\Internal\NLSearchAssemble.olean.server
92189D0879F7B83B5072519A2FC311D7F3E6C78E4F075CB9BEA6DA09893CDDB2	16	Complexitylib\Classes\Containments\Internal\NLSearchAssemble.olean.server.hash
C2342C67035A0FDE84238EA3FBCD029D909C4552A2FFAAC6AD5AACC6631151E2	4242	Complexitylib\Classes\Containments\Internal\NLSearchAssemble.trace
82D029998EEF41FE11D61DDF70D4A5BBB492A67D09078255669D126B33E6BB5C	8733	Complexitylib\Classes\Containments\Internal\PolyWindow.ilean
90CE874DC1B6F365027F1D9B176FFDB6CD8A43B4033B538F957FE46000976935	16	Complexitylib\Classes\Containments\Internal\PolyWindow.ilean.hash
8838B367695DC4633B68B1F5F03492776893A3541617E979B8A444E0BA78DEE4	1576	Complexitylib\Classes\Containments\Internal\PolyWindow.ir
6D5B395C4CD40559F3DD3FEA24751EFB048AF28942506A1C3B9210BA962E622A	16	Complexitylib\Classes\Containments\Internal\PolyWindow.ir.hash
E0D931F071EB56AFB6E6CC02E298D1C5D1F1EF2DDC5002D322FAE05C82C9EA94	176	Complexitylib\Classes\Containments\Internal\PolyWindow.ir.sig
5D0DB44F36AE75F3F99A1236C268364AB47AB66C8E997D92A5E45E275B50CA78	16	Complexitylib\Classes\Containments\Internal\PolyWindow.ir.sig.hash
25643459302EA4333B2D5D3DC4E93D72B2ECDD7A5788935673B411A4101A1838	15832	Complexitylib\Classes\Containments\Internal\PolyWindow.olean
71D71E07A4C619DA9C92759BB3B4E021656A5491D6196DB22CFEE4070796847C	16	Complexitylib\Classes\Containments\Internal\PolyWindow.olean.hash
1B6E2FB522D1D3DC0234A77FFC0F0ABA8F9EEEE2453B9586321FA9162B4CE255	77296	Complexitylib\Classes\Containments\Internal\PolyWindow.olean.private
F6F77CFBCAF39F0FD6AE625F8B8596E592F77185FC647F7F2091A146C6B1A461	16	Complexitylib\Classes\Containments\Internal\PolyWindow.olean.private.hash
7B2C41917BDE058C76CC39392B0EC8CACABCEDB9A3B4D25B050CCD5BEA8F05E7	3400	Complexitylib\Classes\Containments\Internal\PolyWindow.olean.server
9C10A3D149DD59C079E71BCA7BAAC2A857B26FCCEF9689F8D3AC7F4510BF27C3	16	Complexitylib\Classes\Containments\Internal\PolyWindow.olean.server.hash
2A7A231B44B13FE671E3EF9CCE7AFBFF9FBFA4AB2BA8BE8C443A3131D6CE0CC4	3564	Complexitylib\Classes\Containments\Internal\PolyWindow.trace
565E3B40A775AECEB8E23CD965F554C9224E1121E5F579FE2D22ACD3A2665B9E	46961	Complexitylib\Classes\Containments\Internal\PVerdict.ilean
88A117A1D7C4E920AF33356556BB96443D36E524B9358FC260B414E01C17F5F1	16	Complexitylib\Classes\Containments\Internal\PVerdict.ilean.hash
C17C607E871760BD1DE7BA304D342403354BA820C96797B087A4F92A4470A210	14216	Complexitylib\Classes\Containments\Internal\PVerdict.ir
F02EBE6AF6070DDB5F52B583DD84B5DCC59B7C16DE144B2916C2FDA54C2860B6	16	Complexitylib\Classes\Containments\Internal\PVerdict.ir.hash
3B9BB9711EE28BB8824EE0273FEF34063D484AC6FEA4C2B3CCB26600883A3EB9	176	Complexitylib\Classes\Containments\Internal\PVerdict.ir.sig
4B9B34CA4496D9A8143341EE39F1D464CE0F19293D09E0542BEC937C8B8E586B	16	Complexitylib\Classes\Containments\Internal\PVerdict.ir.sig.hash
BD529E7B77E77AE50DA7198C41C16029A2542DD8A525CC8DDC3CAD4FFE5C7AE3	70296	Complexitylib\Classes\Containments\Internal\PVerdict.olean
58621458713E2C4C05B0C6FEC5CB45374E908AE7CE0BD74189C6DEA4B8C51218	16	Complexitylib\Classes\Containments\Internal\PVerdict.olean.hash
61D82572101D726455CF33DCCC7CBF76E80F6129A7554D8B2F493EEA95888496	466280	Complexitylib\Classes\Containments\Internal\PVerdict.olean.private
151E8BB77B45CE4583B8A48285E7D2EF10BBA725875030AAB3DD0E05470A1786	16	Complexitylib\Classes\Containments\Internal\PVerdict.olean.private.hash
DECB363A084F2B0140C24D506130334CA920DE78137E70295145951F30F42DE2	11944	Complexitylib\Classes\Containments\Internal\PVerdict.olean.server
8AEF6625E2A214D2D696C03F94EF1E1F3AF1B036CE81F66D891D0CE8AB409C00	16	Complexitylib\Classes\Containments\Internal\PVerdict.olean.server.hash
0B26AEE025686DDAEFB6546035BA6202C06290695B02D103C0F913BFCF8EDD8A	3977	Complexitylib\Classes\Containments\Internal\PVerdict.trace
73290753633535168CF92FA37EF6457DA27AFBA52A832469E9E578D94D425129	22033	Complexitylib\Classes\Containments\Internal\ReachSet.ilean
1638DA94C70B2D965F05577B68D4353E14DCAB766061CEA92C5D68586C3A4874	16	Complexitylib\Classes\Containments\Internal\ReachSet.ilean.hash
3728B5CB53B0A178328117562F5AEB6F8C1A6462B1252C2AA09C96C6F7870583	6432	Complexitylib\Classes\Containments\Internal\ReachSet.ir
907ED466A9D9EE82FDE2C1F233788804E435CCC0C28289D7EE62F8F323283186	16	Complexitylib\Classes\Containments\Internal\ReachSet.ir.hash
05B7CC6A98467E75257205A588F52CEE2943D78B35C5CDDC603F8D16E1616305	176	Complexitylib\Classes\Containments\Internal\ReachSet.ir.sig
59ECB98CF7DB0F0962BFE56C69F0886E393FDB528317A86EC942802771470E12	16	Complexitylib\Classes\Containments\Internal\ReachSet.ir.sig.hash
12F89DDD36347F0934188FBAD08A3892BAEF807FF20687DA8C4CCCED633F98B5	58136	Complexitylib\Classes\Containments\Internal\ReachSet.olean
8CDA9304B6666239A46A877AD84A1BFBE5712774C6755DAC3B234146A10CA258	16	Complexitylib\Classes\Containments\Internal\ReachSet.olean.hash
3FC4E145960AD2D11EB73AA0E16E4B324D74668A65FFE6B989BFD15A95BBAB74	209952	Complexitylib\Classes\Containments\Internal\ReachSet.olean.private
CBB11EB1458E1D5343DE0D59AB4A32F1D26B9319873B4EBD4FB5890D482972E2	16	Complexitylib\Classes\Containments\Internal\ReachSet.olean.private.hash
9B3E9FA01BF65E679C49614C241DB2F535600F586863B5959F2D93AF415002BF	7072	Complexitylib\Classes\Containments\Internal\ReachSet.olean.server
3616FF65B4B43A5A2AE8DB0D0ACB661DAB3E84B6C45E2CA938F0EAF5C8965D21	16	Complexitylib\Classes\Containments\Internal\ReachSet.olean.server.hash
B7F3E12E0421C24436C874798136BD6EEF91103B21CA8F34C83A6EAC85DEEA0B	3756	Complexitylib\Classes\Containments\Internal\ReachSet.trace
6AB3580877A67C5ACDF7D413164DA24132DB9C2715674E93CB1B9BF96E5C776C	36924	Complexitylib\Classes\Containments\Internal\SavitchBits.ilean
E5CFC6ADD2E0E4A87E436AA45D6ADAC44B0AC3728D886506995A26F85F0E80C4	16	Complexitylib\Classes\Containments\Internal\SavitchBits.ilean.hash
F07AE5AA5D7726CD62A7BA44B63B411567D5A4A74F3D29A831E134B3A3CFF4E1	26240	Complexitylib\Classes\Containments\Internal\SavitchBits.ir
2D92F5B882DF6A9C4DFF14312CA22B6A38F27512DD20899A897065FD7BD97648	16	Complexitylib\Classes\Containments\Internal\SavitchBits.ir.hash
8707E048E84DB2E60379A229D5BC423C94982FA852B724274AFCEB84A8944476	176	Complexitylib\Classes\Containments\Internal\SavitchBits.ir.sig
0055FFBE1CD0509EB2050CF340EBDA0C32D23C5A163632F7451E57A87F205EB1	16	Complexitylib\Classes\Containments\Internal\SavitchBits.ir.sig.hash
0843C6865265A5128FD7C65503D9EEF447527BA04DDD389663CC2615D576B90A	89800	Complexitylib\Classes\Containments\Internal\SavitchBits.olean
92738517ABD530A88EF107FED43E8B79BF55C5903AB5A4268B28A5FE747DD24A	16	Complexitylib\Classes\Containments\Internal\SavitchBits.olean.hash
27899D110918DC61D2DC2871454A46071E6669C10CAE7D31486C89E87317CDD5	489248	Complexitylib\Classes\Containments\Internal\SavitchBits.olean.private
043202B18490E8BA63B455040D362E5A2F9A80B16AC00D8ABDBFCE3135ABAFED	16	Complexitylib\Classes\Containments\Internal\SavitchBits.olean.private.hash
392080422C6F6F5D699E007AB48E28DF90582A7F4DEC129FFC061171CDDE4132	13520	Complexitylib\Classes\Containments\Internal\SavitchBits.olean.server
C3563BBA70B19D6D62ADA2E3596914A5802C674357602ABE3BA066B0E861FDD3	16	Complexitylib\Classes\Containments\Internal\SavitchBits.olean.server.hash
7BE4551D36AF6AF0DF06EEF97BB035B038A1DE99C5E419751DFEDE274A868D97	3853	Complexitylib\Classes\Containments\Internal\SavitchBits.trace
2F77D34B0F043D37B1B87468E84E73BB166A4463DD0885BD9D66C471CC47B010	36804	Complexitylib\Classes\Containments\Internal\TranscriptEnc.ilean
FF40D5DB7FEBF96312D73A21440E9EFC5F54CE39645AB522AFCE329F395989DE	16	Complexitylib\Classes\Containments\Internal\TranscriptEnc.ilean.hash
F11D02898E2C8061BA6B0DFFEC6C59BCD0ABADC5B74E52C796D514FECDCCFF0C	22072	Complexitylib\Classes\Containments\Internal\TranscriptEnc.ir
FEB3B388C057BB819C1B9F85B9DAE3A4B2D653273DC43BF5E8174A2B78A6582F	16	Complexitylib\Classes\Containments\Internal\TranscriptEnc.ir.hash
FFBF5A2C3E966AC48DA06113D28D3499D2EAC49F5EC139F2C8C499DB6EDB3CB3	176	Complexitylib\Classes\Containments\Internal\TranscriptEnc.ir.sig
E6F65E23603D360EA8EEB1EB3E806EC967FE04560A9013D78573B3092B75517A	16	Complexitylib\Classes\Containments\Internal\TranscriptEnc.ir.sig.hash
BD051DC60124885789155C440CB4BE7567B8B7CBCBA6CFD46DAD0BFAFCC3103C	65824	Complexitylib\Classes\Containments\Internal\TranscriptEnc.olean
D318FF598A770CBC1CA13C254312122DF0763D402112B370234F60ED77E03EFF	16	Complexitylib\Classes\Containments\Internal\TranscriptEnc.olean.hash
F24EC23D132C808041650D5DE133964D22129902AF745518DADDCD675F2A2808	320648	Complexitylib\Classes\Containments\Internal\TranscriptEnc.olean.private
77ACAA036D2CEF73814BA426D9249689A99592B6CFB281C19BB79AC307C196C7	16	Complexitylib\Classes\Containments\Internal\TranscriptEnc.olean.private.hash
78823DF268D84194FF5406C847A8D48B758F90FA29C263C6FA4830EEA06277D5	12776	Complexitylib\Classes\Containments\Internal\TranscriptEnc.olean.server
2D1789C892A7D4419CF3DA6A6A71FBF59B8E2E2B97F9676BD742063B468A3C01	16	Complexitylib\Classes\Containments\Internal\TranscriptEnc.olean.server.hash
DD51930F26EFFF5718E0B57767DC8203FB73D10510AE7CE8B2791392A1073FDA	4037	Complexitylib\Classes\Containments\Internal\TranscriptEnc.trace
CA869AF1F6ED0C2591E71D15108C64F0CB6408B93AD1701DC5363DF8F5C5BE26	33105	Complexitylib\Classes\Containments\Internal\WitnessEnum.ilean
5C717045EA96458C88101A30150980549D6FA450C976693CF6CF0FB6C3D0F6E7	16	Complexitylib\Classes\Containments\Internal\WitnessEnum.ilean.hash
3E8AB4C0E768EC1F07FBB9A3B011FC31C4D4842364E773D7C81E53BADCE69B97	24224	Complexitylib\Classes\Containments\Internal\WitnessEnum.ir
DE23BE77943F56E5579E4F4387DB25C4B6B5ABFBBE55FD916396299448551A89	16	Complexitylib\Classes\Containments\Internal\WitnessEnum.ir.hash
B78070CF76F3C62FAAEAF8217BD79D20C52C275D501EF2703F72F758DBE83885	176	Complexitylib\Classes\Containments\Internal\WitnessEnum.ir.sig
5900B5311DB57C242FC59D4A4277FA8A7651983CBA17C50DADD5E29E6E8CFBC8	16	Complexitylib\Classes\Containments\Internal\WitnessEnum.ir.sig.hash
E190DC93905D0F777A5E36F0524EBA2A344E27803F97A88DBAA13B3BEDB9A150	136776	Complexitylib\Classes\Containments\Internal\WitnessEnum.olean
EC18BE5D61A1BD76D4A7B25E37F397124B7F8F360676D8430BEF4DFCF1C6E046	16	Complexitylib\Classes\Containments\Internal\WitnessEnum.olean.hash
B3635548C21FFAEB5BF3FF5144D8CAF8A67EBFFAD1730F4439BDB28AE20832BB	707720	Complexitylib\Classes\Containments\Internal\WitnessEnum.olean.private
7FB40868EA8140B2F54402A2B3CC56064841B9F4F80FC476C84452A548162B0C	16	Complexitylib\Classes\Containments\Internal\WitnessEnum.olean.private.hash
11DF269A9493E9E547BE2AA9CE138C3AD76191A00773849E0907A53E0CBF2BA7	19720	Complexitylib\Classes\Containments\Internal\WitnessEnum.olean.server
3FE1408E9DF732ADD0CF5550222B6527EEA1AE2FE8A4E7A06BB85B81F3356BB0	16	Complexitylib\Classes\Containments\Internal\WitnessEnum.olean.server.hash
E357F9F662B60737EBDD4A3CB1CCC56CF6D0AA63B4D901264569365E6979CEC0	3708	Complexitylib\Classes\Containments\Internal\WitnessEnum.trace
9E9F002CD52650C044767ACFCA7FC0B96D9E92620D3AF2E9FA33362676E5F7B9	65229	Complexitylib\Classes\EventProb.ilean
CBF98557CCC8D4453DA07B31030105761A196F2A8221F117CC4813C8783B2E84	16	Complexitylib\Classes\EventProb.ilean.hash
F68E2CC22BE041126B2EE1A4B15C7DA67D88EAE6E33F2A406D887CED8EC8E46B	6240	Complexitylib\Classes\EventProb.ir
F1512DB2ED35CDD34CC14D6F22CA6651110DB708A22E1C6245BBC41E8233B1AE	16	Complexitylib\Classes\EventProb.ir.hash
DB28100A9268E9B1DF86E5C00F74F48485ED26D8A34ECC2733B3DD1CC1B81DB9	176	Complexitylib\Classes\EventProb.ir.sig
0885363D72FC319364BE4F31A58EA05169964FC19729BCE564806774ADF10FBD	16	Complexitylib\Classes\EventProb.ir.sig.hash
C584BA984C2A2AFA324532F8646F1DB175E3850BD2825F7E385FDE6CE7E7EC14	91328	Complexitylib\Classes\EventProb.olean
9176FDD070B8387F7DBA01B32DA8BA26656C792B0B0A724E6DA98321FFDD158D	16	Complexitylib\Classes\EventProb.olean.hash
9B59F7941E06E42EA16CF5582D358BE18CCEF35C679775B6DB277951C60E2527	751384	Complexitylib\Classes\EventProb.olean.private
2A6B3BBB4D11ECA62316D78D4DA8E03D4387913CFDDC6EEFF40D7838428FCCCB	16	Complexitylib\Classes\EventProb.olean.private.hash
97873B227BFF7138AE99E7E9483858740C9D3ED943488436F22247577B368B7F	19440	Complexitylib\Classes\EventProb.olean.server
B045E7C878C11EFFA68660849772F4415719BAA2F4F451AD57D1D96C1388725C	16	Complexitylib\Classes\EventProb.olean.server.hash
49F735DBCB82569D990F71CB6AED32A82A6DA56C04A5989FAE54F018F6FF860A	4432	Complexitylib\Classes\EventProb.trace
CB0BA515BD2D159694C2B90CE1EBC688E31EEB2BA23CC672FA32974BA0676E06	1221	Complexitylib\Classes\Exponential.ilean
0B22976A80D4048AE541EE32277FB69F8DD3A34E67A0F7B65F39E3DCC094936A	16	Complexitylib\Classes\Exponential.ilean.hash
24FFD6E6F4AEA80A3823D29844170AF5F49BFEA09EECF62A4D7D046A47E3AB27	1504	Complexitylib\Classes\Exponential.ir
CFB7A7DA5E4C4BE5A8B8D2F3803D1F1F4D5AC48C397E49FDB9A3ED37458FE6BA	16	Complexitylib\Classes\Exponential.ir.hash
90FCC5003A1860F01059E1E07FA998AB4421E466CADE84DA90300A19AA8E1FFD	176	Complexitylib\Classes\Exponential.ir.sig
790E9A814D47205A17311282E2B39F6726443CAD0530790AC4B134BF8080DE9D	16	Complexitylib\Classes\Exponential.ir.sig.hash
01E8EA8E6F33CF7D84B218A27C65244654E49FA70125B86450AEF40C95B096EA	6064	Complexitylib\Classes\Exponential.olean
54CB77BF3DD75C4C613C52D781A11E186BD7600262656DE1A07C1BD5A97C707C	16	Complexitylib\Classes\Exponential.olean.hash
7B30878EA73F46D756D441F1081EB71FA15597976B35C0E2B944AC5E1F6A582C	1520	Complexitylib\Classes\Exponential.olean.private
410A0A51C15DA0F2AB1D6106C74F44C5619561521C8278082AD8E27D3B8D6CA1	16	Complexitylib\Classes\Exponential.olean.private.hash
7F8A57F4C2C178FA7B1AEE6CD250BC0541F986E1325C671A7892E88FD58BD2C4	1984	Complexitylib\Classes\Exponential.olean.server
26F42A9039E1F65F75AA4B8D581D5C72FB80F0C642DA5D8A3729966FB950F96F	16	Complexitylib\Classes\Exponential.olean.server.hash
867651C934CCF9D9EDEB865344FE6CF6A27E50A7C1082129F551CAD64F487C91	3398	Complexitylib\Classes\Exponential.trace
ED8B036D1B7AF78576D956D21C15B0B33E08282BE0F29B8503B042E17F641CBA	99566	Complexitylib\Classes\FiniteCounting.ilean
A09FF3916EB02A4903860BCD279D3F07CD7A2BB66ED3C6EE20E4FF51502B6F3C	16	Complexitylib\Classes\FiniteCounting.ilean.hash
BD698FC7ECA5A978CB6F0FD67DCEEC0BBC2DDDE1523643995B1810136995896A	29968	Complexitylib\Classes\FiniteCounting.ir
FA5DDBD4D5D4E50E1EE46C4B7A1AA0D45A2CD43205B3025D83E2DE8B3C9B6370	16	Complexitylib\Classes\FiniteCounting.ir.hash
E8694F4D55BF557D791830D4DD30AA1B10B0077B0A53B3A4EC59EEEF3343800B	176	Complexitylib\Classes\FiniteCounting.ir.sig
CDA56884C81E9ABD9F6F0EBE040CDBB073E46B40523E6EEB072024DE229C8A7C	16	Complexitylib\Classes\FiniteCounting.ir.sig.hash
1B8E7360D76199B7D250D631E3B140E9022E2487C17363094A9B9296727DC25B	156144	Complexitylib\Classes\FiniteCounting.olean
0306905E62D5388D0BA15A6A687CC40055E04B7E55C500715D08CCC4DCCB243A	16	Complexitylib\Classes\FiniteCounting.olean.hash
B259947C3003F2603DD59630ED771F8429537CC72B0780FC82B58DCFC78837F4	703048	Complexitylib\Classes\FiniteCounting.olean.private
69164A9C31893DA8115927C1EBBC9698FAAA1D345007F531E18AE38C55FFAA7D	16	Complexitylib\Classes\FiniteCounting.olean.private.hash
37E1229EA8BB16D8B95513EDC927718B4B6F57B04F286FDA7E56C2C32E815C5C	29504	Complexitylib\Classes\FiniteCounting.olean.server
9B61E81C840D671F7C1C89449C2798FADEF56FD276E7E5FEAABF24A9D6F4EC3D	16	Complexitylib\Classes\FiniteCounting.olean.server.hash
D6E54BB460CF34918A9D3DEF3CC15313EE9FFF5BB2F94EA05E52B8B669EDC4C0	4265	Complexitylib\Classes\FiniteCounting.trace
012A1E113C53D7DF39D64BF59C03CF835D894662012A091945F92135886C3FE1	2014	Complexitylib\Classes\FNP\Defs.ilean
CC3345F70B070471172E326B3D08F41AAAE60B2D2F809E257742729A01C1E3D8	16	Complexitylib\Classes\FNP\Defs.ilean.hash
C4FAF1C85ED108AE6F45ED95B2196E6A823E89B6D7884B92BD05A56188506892	1680	Complexitylib\Classes\FNP\Defs.ir
450EDA1B474A6AFFFAB54C428AD799FCD890469CC7DACB8444BDD2A74EF0852A	16	Complexitylib\Classes\FNP\Defs.ir.hash
AD3A6E962AFC791391034519E70911F0800234C73ECFD19C7835B5095DA8E506	176	Complexitylib\Classes\FNP\Defs.ir.sig
EB1EEE4C4899E2EB32F1CC2D0E2AF3632490BAF47FFF56F59D5DB4B51A61971B	16	Complexitylib\Classes\FNP\Defs.ir.sig.hash
2F989C93D164A766D00A83B7B682A4D65CAF8BC619B69FFF7394F798A563374E	7456	Complexitylib\Classes\FNP\Defs.olean
E2C60D11460A75FC787EA73B18FAD7D15F237ADC518CEC959C790866EE021D2B	16	Complexitylib\Classes\FNP\Defs.olean.hash
68DCDE7A03A00BBE815874A604C4E50B9D122BBCF47BF9A9106E7D643AD7FF9B	1520	Complexitylib\Classes\FNP\Defs.olean.private
1E295561EDD11FA936F4F507C1EE3660E5829EB4F7D0E40B40CE98848BDC48E7	16	Complexitylib\Classes\FNP\Defs.olean.private.hash
CFE02F1367BEB2B3264B40D76C707A61EF1D52F411A6F711A37D3757F8A82569	2656	Complexitylib\Classes\FNP\Defs.olean.server
B56D734C7DCFAE1775D64E3BAE2A19F43865CE5CE93CB8AC5D82788ED3F48976	16	Complexitylib\Classes\FNP\Defs.olean.server.hash
D967123798F69A9B952533CD99B259CE47E5A1DBBB78653F95B4FEF9DBADF7AA	3555	Complexitylib\Classes\FNP\Defs.trace
6BED56AF586CAEE3BCE5D2D1C5C15AF05B5F46B46351C5E7F58605B01B7ED3F1	17843	Complexitylib\Classes\Interactive.ilean
98350B76BA6E14660EA6A8BB59704784A654A655F4D2734581524331BF48B1D2	16	Complexitylib\Classes\Interactive.ilean.hash
D1450D941C7535DD33D3534B38A6FC47BABE8447B8607471D050EC0254C23339	14696	Complexitylib\Classes\Interactive.ir
C4B2F20502AF2E46157BE6A75102D02B00DA5B06F3B308DBE774BCE632993353	16	Complexitylib\Classes\Interactive.ir.hash
7B2527BB1ACBF590A34A531F25D2281C5A36AB26B0B6FED4382678EEB7E6FC70	176	Complexitylib\Classes\Interactive.ir.sig
91B77822C89EF9950D5246C13DAE4EB6BE28554FC7BD878C7A67AE766CEEDF71	16	Complexitylib\Classes\Interactive.ir.sig.hash
EBA1A607A119175AC4BBFB904D67E0D2455B78CEE736B764AACA4B2C83CFB5A5	85032	Complexitylib\Classes\Interactive.olean
594252E84A0632010FFF1F51DE1B81BDB7B56D3B42D73FD07BED715179B958E3	16	Complexitylib\Classes\Interactive.olean.hash
591CC9ABF91EC10232F8F78E963BDDA728D65F5C382C403010D75CBF8D083D4F	106576	Complexitylib\Classes\Interactive.olean.private
D0C046994DEDBA2817F0DD5CE70C8C3B7E385A090574BF4CF7481E3C83A4E483	16	Complexitylib\Classes\Interactive.olean.private.hash
AEA3D45AD47A3DD2DFC4364FFFFA663AF59E6D07FC3DEED896F42DEAED220C2C	14544	Complexitylib\Classes\Interactive.olean.server
91D040286645731EA24F3EF8742705B69427F6B0977384B8C0E9019B2C0D748C	16	Complexitylib\Classes\Interactive.olean.server.hash
6D6338D629510405F7A4F03CE91B88F42DE48F6D3ED3D36372464295A2D13E2F	4731	Complexitylib\Classes\Interactive.trace
D8A9151A58B596F4AEC1FD38750F4632C51D242C2E158940A6A2A41025E6B5F2	4248	Complexitylib\Classes\L.ilean
9EE026590D59574A84F33AC68D6025A55B0FC10A867497EB4255E854CA729DF1	16	Complexitylib\Classes\L.ilean.hash
71FB4396ACC36D36C464958B6D00C8A1741458091E71DBD5DD6C69A2CC45A45E	1608	Complexitylib\Classes\L.ir
FE321CB51EECC7385FFDF006B0ACDDE84C7CAE319B6C52C438F2DE04D57B461E	16	Complexitylib\Classes\L.ir.hash
A2F1635F517C4AA486DEF2B9A8D8703FA96B933150A1EF9B0C828D1BB7EB2878	176	Complexitylib\Classes\L.ir.sig
85E401C785CCBC1EC928705F155F7109A1CC887A538C5F1855F2F769E78B0C86	16	Complexitylib\Classes\L.ir.sig.hash
4850B5172CD954447C13349D3516C86132F6DFDD0C3BF6115D46B98F58396A91	11880	Complexitylib\Classes\L.olean
AF8DB10102D227C689B10F6257B63A05D755B385F6D7D8781E9F82F3DB4AE9E4	16	Complexitylib\Classes\L.olean.hash
F077700995DDCE9F67F55E73ADFD18F2BE5CABCA4F6B41B1818C381088B6FD58	1880	Complexitylib\Classes\L.olean.private
7ACB14E6DABC817496BF65622DD9FE530B97B0F7D8996EEE8A3815DC162D3F14	16	Complexitylib\Classes\L.olean.private.hash
433221230E2C4456C25FAF729713E8BAB0463DFEB13171D515594F7FA69DF206	4600	Complexitylib\Classes\L.olean.server
F219D572D30285DEE78716BD0EA6BA0962E5FB32F1AA061CDD9F55AE4773F387	16	Complexitylib\Classes\L.olean.server.hash
DC6DB75FA93BAB0AB5E16AD0BFD4C2434C64A31720ADA78C926921703A41AE0A	3496	Complexitylib\Classes\L.trace
19DCC784D591E62EA2879B8A9CF390FA89FFDB784646B6797C63F8BBF6652211	1651	Complexitylib\Classes\NP.ilean
01F1294BC9A9C66DC0A329C0F018182F6E29F81BC5D69EB474112D896863FE91	16	Complexitylib\Classes\NP.ilean.hash
FDE98B637796E81E246949ADCD8CF8D373FB9A495286B9578275F8AD9BC09D6B	1608	Complexitylib\Classes\NP.ir
B31276BDF3F4284CFD1241C63704029D52DE4DAFE430A2A889A1ED6E8701F4F9	16	Complexitylib\Classes\NP.ir.hash
5D25520C3C7203567972DC7A795BAAB8A982B307DBC9E678C80943D75F2CF17F	176	Complexitylib\Classes\NP.ir.sig
D53369C70A63DBF53A98F196508F944D36EB5C49C48651754025436DD2D28193	16	Complexitylib\Classes\NP.ir.sig.hash
D178B12177F583AD38F99D34C7AD9332D807790AA98DEE8DEA39FD09E554D6AB	6632	Complexitylib\Classes\NP.olean
79AB676193E3C9E7E990821712B75FE6B2FE48C52F69268BCC279E381649F8B2	16	Complexitylib\Classes\NP.olean.hash
FB3D67394B6DF87A9FA904B57EC75AEC1A811395A5F3A1D3ADA68BE3CB105F3B	1616	Complexitylib\Classes\NP.olean.private
3FBDE58DDA72EB66D69ED67FBF23E8D5D21FCBD26E75E415B5CA25684EC3DD40	16	Complexitylib\Classes\NP.olean.private.hash
69FC9DE8AF007215CBAF39EA90403D6791D44C37B75BDD861B37359702D61D09	2424	Complexitylib\Classes\NP.olean.server
457D8B58F9ACAFE23E20F4667723EE12F496B55E9FF2C0AE9B253A6B924AB274	16	Complexitylib\Classes\NP.olean.server.hash
7B030FF8625DD40A8FB001FEC24727C560A9C7DEA4E5EF8BA4E54B1D9C6B83A1	3499	Complexitylib\Classes\NP.trace
95D80B9746358E9BF67D5D5AF249459015B6D7F14CEC4EE5EF184246177052E1	6232	Complexitylib\Classes\NP\Witness.ilean
339ECABAB8F7188861FB84CB2F76DE22D5571B6B19BAEEFBA904536E5590A59A	16	Complexitylib\Classes\NP\Witness.ilean.hash
FC5BE2FD926364DE06CBBD5EC16D068635002DAC4B37C1B026375A7C0C6AC274	1680	Complexitylib\Classes\NP\Witness.ir
31F9A32C9628D6B965629F653B34618B775E8159918E762DA6C8CD058BC858B6	16	Complexitylib\Classes\NP\Witness.ir.hash
AB84C8FFD9A2CEFD64E4258E3D98DAB0F5440443A91E59CEF0E7A918199EFE14	176	Complexitylib\Classes\NP\Witness.ir.sig
0D6A8627F81FD4ABFCEE4500ACED26E842D40FDED2377F072C906BA91890CE18	16	Complexitylib\Classes\NP\Witness.ir.sig.hash
FFE28180133FDE1861DBF93D4909143C9C6A7ED8DC53C9E3BB0829590BCDA5B5	12296	Complexitylib\Classes\NP\Witness.olean
54C79146EF4C52EF2F12765CC2E684F64341DECFA287599DC86EDF60E6CAC043	16	Complexitylib\Classes\NP\Witness.olean.hash
BC6C4DF5A9EE449CEDC7D5D6A25F5575B34DF8D3097DEBB46FCD71CB1A3E3861	30488	Complexitylib\Classes\NP\Witness.olean.private
3467800B6DDA317F8021B678DBDAB9D1B4E7329713D1B857E1DF6482A2806EEF	16	Complexitylib\Classes\NP\Witness.olean.private.hash
F54F49A524EE05D63092C7A7F0973B58075F617597F0741DDBB697D691FD1206	6480	Complexitylib\Classes\NP\Witness.olean.server
17A2F37216EC0156312685A217E5153F3AE9F3F70D83039D7F73D17F618B5F38	16	Complexitylib\Classes\NP\Witness.olean.server.hash
926734D5EAD6C39B7F2FDB521DFA4AFD7D73C50D61D1C93755FAE8836CAA146A	3563	Complexitylib\Classes\NP\Witness.trace
A2BF9551D496CC10DA65920BDF3B2838BC07803DD9DC1B77A12BD39CC47DFC78	3410	Complexitylib\Classes\P.ilean
8FB79F259F30697C6C35D987D043EDF036071F45B46E80E0CFF075096F7F57D8	16	Complexitylib\Classes\P.ilean.hash
CF3F27C9A11FEA21F4C9A28D60DC68A957FE9B4D70EF6A15BA0C69BD1C88475E	2912	Complexitylib\Classes\P.ir
FB5F4379C4D5AFE4225B183155054BC6B124D566A6036AE8A14F6F0E01A7CC7C	16	Complexitylib\Classes\P.ir.hash
E17DBA47426E289FEEF8801BEB1BE2D6DC329811DB22F78F39CDC7D8A4BA1E05	176	Complexitylib\Classes\P.ir.sig
099930715C91456274AF7611C04D6F4110AAE6373266BFDDD928FA702F97A854	16	Complexitylib\Classes\P.ir.sig.hash
83D95B323987AF3F95EACA3FEC1B622F27ECF46E3FE3634A85B40FEDE7B4262A	10000	Complexitylib\Classes\P.olean
EC95A6E100AE918B50745CD49A2FF5F755ED84A0F6624A5A071FE5F5C6971868	16	Complexitylib\Classes\P.olean.hash
1DAE5EC9D47F2BE7B1F1A5314268185CB6B18A8BA7DBE6A82F2505EFB1183DEA	25832	Complexitylib\Classes\P.olean.private
C5EF250D716E55F70F55E0CD71449551DDCB4228432DE0CEDF3E4E95717B8C28	16	Complexitylib\Classes\P.olean.private.hash
06AA6C4AB8791DE0DA8205ADB711884D36FEB82AEF5B20422E2686CB7A31AE49	2976	Complexitylib\Classes\P.olean.server
A7BCB9FE4E68E3B6E325C4C7444A7BDBF188505EAF9D821917D85FD8B4A8BCCE	16	Complexitylib\Classes\P.olean.server.hash
7D217CB69421AEE94034A47B1CA5BB7D5867D644BF77E053C0B5B760D5880DC9	5157	Complexitylib\Classes\P.trace
8B4294AA2F7C6FA6A503C5FC3A6876C4F4033014A985187C1E144CF1B1ED141B	5410	Complexitylib\Classes\P\Cobham.ilean
A619130B5770BBEE88BD51ADD8D5358A4F0D2A9D2E9966B96BAFC09D7686E5FC	16	Complexitylib\Classes\P\Cobham.ilean.hash
85BF6EF1E7CD027722AF4502000113FFEDD25CF632CBF430A196F920D780375B	1928	Complexitylib\Classes\P\Cobham.ir
3D584184B90016DB9609F44F0231534C3821DB85A55296BA05858195B2F4F7B4	16	Complexitylib\Classes\P\Cobham.ir.hash
432B95598F712E118B6C68487E8BEBEF0D74F5DE8A9B442131D2513D9549584F	176	Complexitylib\Classes\P\Cobham.ir.sig
91CD0DDEB38C63FEB82593EB11185D8448F3B0BB34ACC1B5230E335739A074E4	16	Complexitylib\Classes\P\Cobham.ir.sig.hash
5C52E70D995F8AF9200E4AA87B5F029BD6E91C4895641989656E60133E5763B2	10600	Complexitylib\Classes\P\Cobham.olean
CCC21F1ED9B8D2E6E4A14E646C8432CB8DD76AEBEB42A0FF41EA86B360ED6379	16	Complexitylib\Classes\P\Cobham.olean.hash
49F9B2D31F9298BCF97B1725EC418E956234B8795AD7EC7042FBBF29811936C4	4416	Complexitylib\Classes\P\Cobham.olean.private
6197C57C757E836A21A495B72528E9A29780A6C1F731EE06334028CEB1877D98	16	Complexitylib\Classes\P\Cobham.olean.private.hash
95C3651A1BBB482A58FC22FC357A8168736AA9C290FF94EFEC95279E12EE0F74	5864	Complexitylib\Classes\P\Cobham.olean.server
272405D2AC1D38B3E24E0DF7682B178ED74FF574C6502A058FEC62D9058FCA29	16	Complexitylib\Classes\P\Cobham.olean.server.hash
1CB81DBC85F5A9B30C2432AE8003350A31F24BD45D971047E09D6FE56A5D4788	3940	Complexitylib\Classes\P\Cobham.trace
989974BAEBD715AD5363E81F6BF20739077974BDDE95200413460BB31060D573	9158	Complexitylib\Classes\P\Cobham\Defs.ilean
85D5917B760BD55E4F9235F9A04B0DDABA9B6330340C9E2190BC58A7810D99A4	16	Complexitylib\Classes\P\Cobham\Defs.ilean.hash
F06188B516FD985ABE9B056FDECB0E0C97F5FE38C44A0C0FCA72340B962D37DB	8184	Complexitylib\Classes\P\Cobham\Defs.ir
294CE9E1F63471AC748E7593C6BDCE6A787A1F9F97126C069C050A7CAF367FB6	16	Complexitylib\Classes\P\Cobham\Defs.ir.hash
8ABB3A95FB124E7BA1B4D4115F72FCD11D766C0C4A7E7505A87B860189C14B2C	176	Complexitylib\Classes\P\Cobham\Defs.ir.sig
95C6145B851994EED198ED33D79CE6EF348EBA6F053058CF545EC0DEE2ED8085	16	Complexitylib\Classes\P\Cobham\Defs.ir.sig.hash
22A03102095049DF65CEEEB131DA38AC6ABA3932BC6BA0402DE63DB0BFF0D805	108976	Complexitylib\Classes\P\Cobham\Defs.olean
59976C92D62C7D6EE275376A74A8A6FA50C8A19D63879DE354AA3B094CA2E8CE	16	Complexitylib\Classes\P\Cobham\Defs.olean.hash
EEFDE0E9CDC7A024977B9B194674106BF7D2C48DFDB9D5FB01E97D5F44DEC9E6	19864	Complexitylib\Classes\P\Cobham\Defs.olean.private
8F3026C6066F67914BBCD1F1ED73774EBC4236EA460603B92AB443D3320F4782	16	Complexitylib\Classes\P\Cobham\Defs.olean.private.hash
C95884609B009183DEB13AA8394EB238F93755F14DDF3AF2EBAF599FB2FBAF33	8760	Complexitylib\Classes\P\Cobham\Defs.olean.server
0078C5CBCCF57D961571B160BD9E2F060FBB50E62983B9FBDCBEC45F9861DB28	16	Complexitylib\Classes\P\Cobham\Defs.olean.server.hash
BF099017FD92224F07F55491C77287DC49AC69A1561522E86A346705E0B5E1F5	3428	Complexitylib\Classes\P\Cobham\Defs.trace
2D58B7DC54989737A1D9DF249F7A630C47265B5C202FCD8A3471B4BD3F35FB8A	136623	Complexitylib\Classes\P\Cobham\Internal.ilean
29C33BA289F0B8648D00D319951CB24238D82A74BC7C7A598BE5E325CDD43B71	16	Complexitylib\Classes\P\Cobham\Internal.ilean.hash
DEAB7077594A711E5A94A09B4514BA03B43DF4C4FE23C620CFF1CFC8B2F15624	36136	Complexitylib\Classes\P\Cobham\Internal.ir
4652B4B48B019FFD7F46074D2E0DA4DFE5E07FE0B93B3F758B3834213DA0C7BD	16	Complexitylib\Classes\P\Cobham\Internal.ir.hash
A1074B4C61ED43C332686C77E48703570D85C79E91428409920BF9464A5D90D4	176	Complexitylib\Classes\P\Cobham\Internal.ir.sig
9B7132F1F15121C4B8C129852B67E1E0FDFA8AE13057F89267BDE0F0C35B3CED	16	Complexitylib\Classes\P\Cobham\Internal.ir.sig.hash
057DC7160E419DC5554F93120A1D1F1CB860E70244B5607E9C7FF788C758D140	168696	Complexitylib\Classes\P\Cobham\Internal.olean
594B16F71AE0EA2AD3B804D409F5D22D9C3FF373A5E59DF8FE78208E7E0A1A40	16	Complexitylib\Classes\P\Cobham\Internal.olean.hash
AD6C3D218514C6FAD4300255CD0D5C28A3325F042D2E503EFAE566E3E3FC29D3	1130256	Complexitylib\Classes\P\Cobham\Internal.olean.private
253A6873A36822EE01A3EB378FFBB7243AC05D8A286F99162EDB92C296111089	16	Complexitylib\Classes\P\Cobham\Internal.olean.private.hash
5D57FC07A45077B09C204C872B346288A623EC7D5FCFAF10B0AD71EC03C2334D	36960	Complexitylib\Classes\P\Cobham\Internal.olean.server
62E798104ADAB326D2A3F49788804656F4EF26402720C3DE9E4A47105B6ABA79	16	Complexitylib\Classes\P\Cobham\Internal.olean.server.hash
9641F46BE9D1AF658E2823D3CA7CF81AA71BE901B1A8BE29DD7E4EDA5AECC51C	8443	Complexitylib\Classes\P\Cobham\Internal.trace
44652BA522A5DA528A8ECE634B14FB3793F764270989CF6F291666A31E296471	62246	Complexitylib\Classes\P\Cobham\Internal\Algebra.ilean
4D60A205C336A91955DD53A961AA9774F8B9D72D36C086E83C40E8975CA3FF59	16	Complexitylib\Classes\P\Cobham\Internal\Algebra.ilean.hash
2E19B86F6C1D565E536CE3BF56B21C7616F93650CAE3B89F8FAFAC1558B193C3	2808	Complexitylib\Classes\P\Cobham\Internal\Algebra.ir
3FD61FDAD19B0A0583DA93AA6DA2EECF90D08E6AFAFA1A6131A4E4C8FE2C311A	16	Complexitylib\Classes\P\Cobham\Internal\Algebra.ir.hash
E24898B7EB07882322123FC4C52456494F466546E12BE4339AE5CB61C5883A76	176	Complexitylib\Classes\P\Cobham\Internal\Algebra.ir.sig
C31C2CE0FD8334FF26160005A34ED84ABC6CA60916FB4B3BCFD2FA967805A0C3	16	Complexitylib\Classes\P\Cobham\Internal\Algebra.ir.sig.hash
21E8AB2453A3D4991742CAC8F31E953EA6C59CAB99CE2A29D29D1317EAB5D537	51584	Complexitylib\Classes\P\Cobham\Internal\Algebra.olean
73D4EE2B29BF1FC6395DE62628F41719CF0A5CC45AA83F22500D92254FBCFB48	16	Complexitylib\Classes\P\Cobham\Internal\Algebra.olean.hash
6B0233A98E80C82C67EA388B5B1420F11CA59132AD7A799B11CD8D4BBF72FF19	447480	Complexitylib\Classes\P\Cobham\Internal\Algebra.olean.private
3AE27B617B4680E5EFC83BCF8FE7A70BE01D2BCDD3CB60FB0D532BAB63232326	16	Complexitylib\Classes\P\Cobham\Internal\Algebra.olean.private.hash
69EEE7786CA5530EEC09A5ED1F933D9315A5998DB39CCB2B05E73F16C3B1877F	18144	Complexitylib\Classes\P\Cobham\Internal\Algebra.olean.server
4ABCF7B6E058E446E6D7358351938A63FB5419E6134810FA743C49E16619451E	16	Complexitylib\Classes\P\Cobham\Internal\Algebra.olean.server.hash
AC20832A2F089C33E42B31EA023592625BE0D8320BFDEACB45C3220B9CF5A4A3	4539	Complexitylib\Classes\P\Cobham\Internal\Algebra.trace
02E609B06EA4DE005B576FF05F4C748B3101C47872DDDF5758BAF46928F05250	84171	Complexitylib\Classes\P\Cobham\Internal\BlockLoop.ilean
3CFC9499C88F5FD9828E34C8A98EC50BEA5D566F8ED294E2D144142C471DDAEC	16	Complexitylib\Classes\P\Cobham\Internal\BlockLoop.ilean.hash
4F13BC643FE08A50BB5FEE3B9C7B1BFF5E6FE1D4DA52AC3B9037356856C9FC4B	14000	Complexitylib\Classes\P\Cobham\Internal\BlockLoop.ir
7F5632DB7CDB65A89F961B5A8226A89391DC5F70B710E528C070B1219D5F4EF2	16	Complexitylib\Classes\P\Cobham\Internal\BlockLoop.ir.hash
13E133838B1B60A823B4BA87036CED67FD8B44E6F64C9317A172D630CC7EC587	176	Complexitylib\Classes\P\Cobham\Internal\BlockLoop.ir.sig
994A04D428221E8499D94DD40E913D64E0D2BE2A89D217AEE9BA4628E5414570	16	Complexitylib\Classes\P\Cobham\Internal\BlockLoop.ir.sig.hash
267095EE96F721491AE06774C2B5054C1A8470B3359F01A971293A3B9BE4AE7A	134152	Complexitylib\Classes\P\Cobham\Internal\BlockLoop.olean
08DED3ED76AFE847B9ECAAFB833AD7F532059466D28D86221322677BD4EFA472	16	Complexitylib\Classes\P\Cobham\Internal\BlockLoop.olean.hash
0E4C9F7407E44A9FA1E747EAE19D1A458BCEE30CF22B9B7FBB905F0367E37BA6	571032	Complexitylib\Classes\P\Cobham\Internal\BlockLoop.olean.private
14310B01288DE06E6703B7E6490946130537AB8E3F71F4B0D5059B315AD1A949	16	Complexitylib\Classes\P\Cobham\Internal\BlockLoop.olean.private.hash
1980B02F0CEFE6D3A5DFB65359558E2AD15C2EC83C280C913F0544B7B8A585E1	13744	Complexitylib\Classes\P\Cobham\Internal\BlockLoop.olean.server
930B39025C4B778F7F507941DC8AC051C19D73AE8706C9FE8E84ED5DB0D770BE	16	Complexitylib\Classes\P\Cobham\Internal\BlockLoop.olean.server.hash
628E25B3B08AEA6423AF804D8F153B796604235A9E4F972CAC9A66F9FAA944FD	4010	Complexitylib\Classes\P\Cobham\Internal\BlockLoop.trace
CB0AB6ADF74E7DCB557345E007CCEABA1CB372BBC05858165BCCE5C2540FB038	26895	Complexitylib\Classes\P\Cobham\Internal\Blocks.ilean
A311C61831822BE4644C2D5FB5622788F6C73C73A2B12AF144ACBE7B566A4A12	16	Complexitylib\Classes\P\Cobham\Internal\Blocks.ilean.hash
6D3FF10E4977E893DCC84E5B4EDE43D479EC262D4A3A081C54941DB1CA561F6A	14480	Complexitylib\Classes\P\Cobham\Internal\Blocks.ir
C06F34F427F3B1BFCC9D07BBCD6296F6474562BE0AB5324430E14362986FE954	16	Complexitylib\Classes\P\Cobham\Internal\Blocks.ir.hash
88532F1AF7C8200544DE5508D85D3F7D9A9EF5A7F536D12FBE65D90F3187FA20	176	Complexitylib\Classes\P\Cobham\Internal\Blocks.ir.sig
F327AA81024C77F19F1B3C2F313F2223FB85F030647E68B32A3481ADE1B50940	16	Complexitylib\Classes\P\Cobham\Internal\Blocks.ir.sig.hash
B159244619EBEF8284D27FA7DDD52E4C5E157A548A22CE1392483ACA913AA63C	66832	Complexitylib\Classes\P\Cobham\Internal\Blocks.olean
9FBF8CFB715C01483D74BCFD934A5C857B5DF8A74D681A33240C1AD29EA63B54	16	Complexitylib\Classes\P\Cobham\Internal\Blocks.olean.hash
68E3BF89F77A713F62C754855AAEFBBA2DDCD77BE64AE374D006C52F07B1BDAE	324120	Complexitylib\Classes\P\Cobham\Internal\Blocks.olean.private
ACC445DE6F4DB876968517EC89AB299179D2938EDB9192F522C8BEADC53DEFD4	16	Complexitylib\Classes\P\Cobham\Internal\Blocks.olean.private.hash
EC6AF4DB458E570454C46C3E4DED6BF71406C0B184CFA3912EC439587AD1545E	17224	Complexitylib\Classes\P\Cobham\Internal\Blocks.olean.server
8D7040DEBE3994144EEDF3321F2278C379AE3867956B18DABD641DBD3D108084	16	Complexitylib\Classes\P\Cobham\Internal\Blocks.olean.server.hash
4A508ED6F3B6A6ADC3750B185DAD0B37E4076516DDB6F49BC8140E4EDAFCB9F7	3504	Complexitylib\Classes\P\Cobham\Internal\Blocks.trace
D42D5BC005AD2EA1C3C374F5F4AE18366DDA85A182DA02F1D4EBB23524EBDBF3	4764	Complexitylib\Classes\P\Cobham\Internal\BlockScan.ilean
9EF8EBABDC72AD8CF69F842D2EF9985D7AEF68F8051150C36BB296170ED2F7B4	16	Complexitylib\Classes\P\Cobham\Internal\BlockScan.ilean.hash
0ED7D7B6D0C79D9A8A2AB1B0D4CDEB737AA8F5E2D8DF40754209920F6C54DFF2	15664	Complexitylib\Classes\P\Cobham\Internal\BlockScan.ir
EF6DC309F18A8A68DF11D3BAE149CD324B72C439442A71074FE2670A85446EDD	16	Complexitylib\Classes\P\Cobham\Internal\BlockScan.ir.hash
6D3072BF72F31C54A6335500979BD35602F366BFE98D0C773A174C2CA1184533	176	Complexitylib\Classes\P\Cobham\Internal\BlockScan.ir.sig
A38A7FCB08B09E2E0247B08458FE1AA37F49209F97F37D43F264C82A56D4D4B5	16	Complexitylib\Classes\P\Cobham\Internal\BlockScan.ir.sig.hash
79BE37E313A466DD941228364DA31A0003832589ABFBECBDFA15C28370BECB9C	75472	Complexitylib\Classes\P\Cobham\Internal\BlockScan.olean
DD269820B3987F14471301114D115D67A7A619614E29830E4C4B55B33354A3ED	16	Complexitylib\Classes\P\Cobham\Internal\BlockScan.olean.hash
1AD0F3C1E3805411846322BAE74584E1A35346DA64C926557E6AA544D1E9AB7D	64256	Complexitylib\Classes\P\Cobham\Internal\BlockScan.olean.private
74CBAC83529EE7F9B112E5D919F77C9F0694B41052FE4B3D75C0E35BC091AB30	16	Complexitylib\Classes\P\Cobham\Internal\BlockScan.olean.private.hash
085F2FEBBFF9E3AE811940083AAE50276A26EC87337020A0FF709121AB74460A	4496	Complexitylib\Classes\P\Cobham\Internal\BlockScan.olean.server
782271DF1EB0F59E597FD1C391F3D9EDDB9C9DC14E29E58D2C6065761F2A6144	16	Complexitylib\Classes\P\Cobham\Internal\BlockScan.olean.server.hash
0C55E658AB82D4DD7E14A2EDB108E9D999E05A0139DAE788221D1166D2666D4B	3572	Complexitylib\Classes\P\Cobham\Internal\BlockScan.trace
ECC4734839E0B4F6E9B52055CF19870E5C0D2FC00D10FCC88F6475CAC884D6E1	99400	Complexitylib\Classes\P\Cobham\Internal\Cat.ilean
785AB4BFA42A0424C633BA302AE891B035C254A9B81A6C9A65711001AA2C35D4	16	Complexitylib\Classes\P\Cobham\Internal\Cat.ilean.hash
AEA1790295F12CDE7AF24F725AF56300A86995E4E41444F652174AA9BC024205	51968	Complexitylib\Classes\P\Cobham\Internal\Cat.ir
C4E75924DB5C7156F34DA52BAC8CCCCFDFAD0BE4B2F7AC9FC7FD5F9835A30087	16	Complexitylib\Classes\P\Cobham\Internal\Cat.ir.hash
7BA3C334A88890DBBB2B5B9735016B897D5143936817426DE89F1712262D4342	176	Complexitylib\Classes\P\Cobham\Internal\Cat.ir.sig
040DD9C87CD5B4A0F03C9C381DABF6D1914807669A9D6433D4E12EA9CE2805C8	16	Complexitylib\Classes\P\Cobham\Internal\Cat.ir.sig.hash
D4947D25116B0AA4CB9B10E787568F64B00718B397944416A3A3456FEA012C91	91448	Complexitylib\Classes\P\Cobham\Internal\Cat.olean
870BB7D985BAEAC0CCA88CD13E62072AEDA285AF3B3B24E28548AA12780367FE	16	Complexitylib\Classes\P\Cobham\Internal\Cat.olean.hash
A39C66E8FF665FA1ACFAF59C83A75A145E2A53715A941082D0FC172C3649E225	747288	Complexitylib\Classes\P\Cobham\Internal\Cat.olean.private
3D646F2C38B1A476BE7E5E3FEC40DB46A4B052B35BB032A8CAF990F90EA5B1E7	16	Complexitylib\Classes\P\Cobham\Internal\Cat.olean.private.hash
A15F8716B6B2C48503912A96E7A0BC6F78A14FDB329999904382D76609F8464F	4920	Complexitylib\Classes\P\Cobham\Internal\Cat.olean.server
660F1B85E9983934688CFD5C048662D8E92B7757FFBDF1BDF0F8609FAE0826DF	16	Complexitylib\Classes\P\Cobham\Internal\Cat.olean.server.hash
296872CDD0630A199641796D92AB6622FAAFA4200D534DDD6AE270D682381B3C	4144	Complexitylib\Classes\P\Cobham\Internal\Cat.trace
22E8936D009E1805904879889BEB62D53E465FCB076A1353024F7E6892CAB573	98866	Complexitylib\Classes\P\Cobham\Internal\ChoiceSim.ilean
2381D38C0EA80DD6A0431072203B814D85F4ABEDAC9637DE461B0A3EA399443D	16	Complexitylib\Classes\P\Cobham\Internal\ChoiceSim.ilean.hash
CBA6D1ED5758EA92E93166546FEFB921C764E38E8561DEEC3F1B3F44409ACDD4	12720	Complexitylib\Classes\P\Cobham\Internal\ChoiceSim.ir
416A66278C51D474BD65B8DB0962D9A2584993A57D54E0FDF3C29A04812C1ECE	16	Complexitylib\Classes\P\Cobham\Internal\ChoiceSim.ir.hash
1E34905E6CA271DDB223EA91F8E0B22E1F437806C86DF0C4AD89CC125473717E	176	Complexitylib\Classes\P\Cobham\Internal\ChoiceSim.ir.sig
AE0ECCF469289393C20C3E42E65788D1785602049964D8856F8542D8C6314B27	16	Complexitylib\Classes\P\Cobham\Internal\ChoiceSim.ir.sig.hash
2F4E5AA2B3CC4384727C4F048ED2A362CE19EA33EDD4BF91B51FF56FA207D14D	72272	Complexitylib\Classes\P\Cobham\Internal\ChoiceSim.olean
EF6CB1F0F295819BBB441D698A8C653C454189D1B5BF7511AD900226F4878547	16	Complexitylib\Classes\P\Cobham\Internal\ChoiceSim.olean.hash
6E58890F21DB65E16634F3BB6E40DD4AC1DDEA16C793FC94A26C1E063A7B4877	1119424	Complexitylib\Classes\P\Cobham\Internal\ChoiceSim.olean.private
4511EA0FFCDC797E15DA0F91A8250DACDF17ABAA7B2CB1E899686F1C92383285	16	Complexitylib\Classes\P\Cobham\Internal\ChoiceSim.olean.private.hash
A70C38FD39A2774C1B70200261952D12E520CAAE9269A69E925E4771C31DFF3A	13856	Complexitylib\Classes\P\Cobham\Internal\ChoiceSim.olean.server
26E577E6A460979DA317A551DF2E35D5D6595B05588BB8BB3369C82E6FDC887E	16	Complexitylib\Classes\P\Cobham\Internal\ChoiceSim.olean.server.hash
0045B5C534EF9F5148AC0FB286EEAAE146322628A9E25081E912C2360EC0124C	3789	Complexitylib\Classes\P\Cobham\Internal\ChoiceSim.trace
37DE37AF429AC4513583943F0388BE222D4985B5C05FC519A0FC75B21E8A5AA4	44207	Complexitylib\Classes\P\Cobham\Internal\ConsBit.ilean
81155830A00EBF4147917D0B814EB74446C0072BB4D6B8A67712B420FFE9225E	16	Complexitylib\Classes\P\Cobham\Internal\ConsBit.ilean.hash
9DECABB5A8B09415EF36036236CC9C5B275652F146AB00936B07250EF021F453	29600	Complexitylib\Classes\P\Cobham\Internal\ConsBit.ir
F39DE47EE491721D43E7EB7CC58A64F91574DD26FA6C9A0C5E3F2437861A80BA	16	Complexitylib\Classes\P\Cobham\Internal\ConsBit.ir.hash
99FE6CBCF1FD8D3E0C8C63B07DE936ECBC044872DD6BD865F8FB4440C5AB5166	176	Complexitylib\Classes\P\Cobham\Internal\ConsBit.ir.sig
B123D09831FA1081E61A58EF9EF0AD439B0B75A2D80D37EB4586757E4478DC07	16	Complexitylib\Classes\P\Cobham\Internal\ConsBit.ir.sig.hash
446BFE551201F013510F8CD4AA19364B23918BA60C31C4035BAEB1ADFAE37975	77976	Complexitylib\Classes\P\Cobham\Internal\ConsBit.olean
7877FE142FD8B8643B6C4FEFE83A23548B9A1FD0F2D8331A739165AC5ECF5DD6	16	Complexitylib\Classes\P\Cobham\Internal\ConsBit.olean.hash
5A045D62DAA8581382609CB9CC8C0DFA707676979852C68F4A595BE717005DC4	466056	Complexitylib\Classes\P\Cobham\Internal\ConsBit.olean.private
54FEA24CA3905271C962EAC34CFD6B8EEA973F2834CB16D687B8D27D73D4E3E6	16	Complexitylib\Classes\P\Cobham\Internal\ConsBit.olean.private.hash
C476AF51E57ABD552B09EB3AFB602A349B64D26F2EBAD67D58B57885432779F3	5288	Complexitylib\Classes\P\Cobham\Internal\ConsBit.olean.server
790724DADF408DE11B22181A5FB3CE306E6A52C9E538D08E395DD6C4BF700F77	16	Complexitylib\Classes\P\Cobham\Internal\ConsBit.olean.server.hash
B8F4C81F8A09EDBB466C6482FAE7ADA27C698F24E6807A7C22E1642733D18433	3959	Complexitylib\Classes\P\Cobham\Internal\ConsBit.trace
AC8A36CBC0FB321EDFCED251BEEE1864E58B7FEE40CEAFE9D0478D8B667FB31C	121600	Complexitylib\Classes\P\Cobham\Internal\Encoding.ilean
0BF79B04AB87D915F9494C4D781E55C8A76C6469C1AC29EA8B7632AE38935541	16	Complexitylib\Classes\P\Cobham\Internal\Encoding.ilean.hash
F71529F4AA515BB1B87BA085068CA5393AA45E22CA595B440EAEA1A09A1963D2	56688	Complexitylib\Classes\P\Cobham\Internal\Encoding.ir
5E5E760653B7403BD270519464B81C7FA315A63B49597CC61B9B27371512B9FD	16	Complexitylib\Classes\P\Cobham\Internal\Encoding.ir.hash
616C19184511357FAEC1D4C00EC62514AE2A4925AA18E181FECC3517630F04C8	176	Complexitylib\Classes\P\Cobham\Internal\Encoding.ir.sig
E134CB217984B962C643483CF13C7C2788802E36F1993D4342190E79557A754D	16	Complexitylib\Classes\P\Cobham\Internal\Encoding.ir.sig.hash
19A982DD93ECE0CC7C91D62BBF98B5321BAB7DA281E65DC7D906E05548DC08D4	210344	Complexitylib\Classes\P\Cobham\Internal\Encoding.olean
233D20A50871B96E45868F9D03DCB6C173A0741267C3592C88DAFAC14E5F96FC	16	Complexitylib\Classes\P\Cobham\Internal\Encoding.olean.hash
ABA2106F176CA9125558060AD3A10A3554F6BC192989C1738C66B222F61D676A	1217528	Complexitylib\Classes\P\Cobham\Internal\Encoding.olean.private
B67457967027582CD5BE0C1648169BFA855C464252C0C74762215636B5EABBC1	16	Complexitylib\Classes\P\Cobham\Internal\Encoding.olean.private.hash
B6EE55C14C88988D8041A88B308F1B290AA0668A7C73C1F69504915D9E8C2184	45128	Complexitylib\Classes\P\Cobham\Internal\Encoding.olean.server
C28A05C5022F8425D1DA058957D376C7851DF854B8B6C9F46AD2FD30BF8B0596	16	Complexitylib\Classes\P\Cobham\Internal\Encoding.olean.server.hash
C19D6B53573657F26CF0428477CCCFDD1FF924D97895FC66E611FB2BA7F4D940	3952	Complexitylib\Classes\P\Cobham\Internal\Encoding.trace
55B19D2E88569707AF078D83AD9166D22C0CDD540EB765659ACED2EBAB4BA1F3	30278	Complexitylib\Classes\P\Cobham\Internal\Extract.ilean
92AE904F582587FE66694A3FDDDC18BA8FFCB3BAB1358648F35FEC1F166831F5	16	Complexitylib\Classes\P\Cobham\Internal\Extract.ilean.hash
93EA3A3340BF0F7E80F9B3FDF5EE19A7A7D57C253C17306DE4AA4A75E53A23DC	17368	Complexitylib\Classes\P\Cobham\Internal\Extract.ir
0F761931D5C8F80F4F7611923DB35AC2CE267CF294F17158C0E630F6FBEDC20C	16	Complexitylib\Classes\P\Cobham\Internal\Extract.ir.hash
29A9A87DF72532956DE54F813BC6F1BE9D26665C81EB053975E7EC01642004D1	176	Complexitylib\Classes\P\Cobham\Internal\Extract.ir.sig
C8B102E95483CEBF5C935F6EF24614145A10FDF2ED92190EDD8695608D02A983	16	Complexitylib\Classes\P\Cobham\Internal\Extract.ir.sig.hash
2887AE4E5546BA539E6D6347DE5845982223E90D6975047EE824B5E8504EB140	73288	Complexitylib\Classes\P\Cobham\Internal\Extract.olean
8B49B1027466A510C13E5237674E6CAA97BD964A554CB2704D26813B55AC535E	16	Complexitylib\Classes\P\Cobham\Internal\Extract.olean.hash
40CF2B3383C8656BE19D3FFF182A627E90C40365FAEBFE06E4398D8CD2F43033	326264	Complexitylib\Classes\P\Cobham\Internal\Extract.olean.private
A10E55D6A4694B1692E1D790155969B06B62BFCD4F7D2455207364E4E9564981	16	Complexitylib\Classes\P\Cobham\Internal\Extract.olean.private.hash
616F67EA4C90ABBE9B3AB3270C09FFAE6FCD2934A819252B0D37E606BFF4CB0A	10072	Complexitylib\Classes\P\Cobham\Internal\Extract.olean.server
76C80BBD77D43539159D4BFC89CBB5635D7662BDF48CEB8197850F72AB81C7E5	16	Complexitylib\Classes\P\Cobham\Internal\Extract.olean.server.hash
50A9950E0F3F610ABEA68FD6E8ED02693B6D42B774F37D151AE2DD183E37518F	3775	Complexitylib\Classes\P\Cobham\Internal\Extract.trace
33D1155B8778961C469537530E63EE1E46ED448135FD44354FA54592580E9BB0	107190	Complexitylib\Classes\P\Cobham\Internal\FstBlock.ilean
144B9ECF7B8D7E9063B10382893F5A90AD8DB46DF308BCC9BE10084F17F0B933	16	Complexitylib\Classes\P\Cobham\Internal\FstBlock.ilean.hash
18DFA71048B3229A277FFBF23ADC6AF2DB3D64BB175B4A4209183DC81FA3C372	36568	Complexitylib\Classes\P\Cobham\Internal\FstBlock.ir
A0CE8337859900D47DCF33929C246C3D815C12537B934AC081E36D54D9F31D60	16	Complexitylib\Classes\P\Cobham\Internal\FstBlock.ir.hash
5B8679BFFBE4F43D02EBEF4CBFC098B3477B0221045277743506F60585770C5D	176	Complexitylib\Classes\P\Cobham\Internal\FstBlock.ir.sig
2B6A7736481CCF4B945A8065EB9FF8D17E3C37458699EAF0856A988BEDF568D2	16	Complexitylib\Classes\P\Cobham\Internal\FstBlock.ir.sig.hash
78CB1AD49C81144AE9E15AB8D0081BEBA1CE5CEF30EC14FE3ABA0165B0B28682	53112	Complexitylib\Classes\P\Cobham\Internal\FstBlock.olean
37AA28B182B6DE5C03EA2A802CFB1C37361E2172BF016A42355CADA4D99AA21B	16	Complexitylib\Classes\P\Cobham\Internal\FstBlock.olean.hash
47C0BC1DD306DC4FF80ED12F0A58422D9977239FBE058F49DA734C371BE098C6	485208	Complexitylib\Classes\P\Cobham\Internal\FstBlock.olean.private
0FB49A09181965E64599397B09F37E9CFB24DE2E5182B6B229A59F502E2FF3EC	16	Complexitylib\Classes\P\Cobham\Internal\FstBlock.olean.private.hash
BD9D4A4C5A077A1EC46A80C937593E7901E637E2F4127BB99573496722A84DBA	2760	Complexitylib\Classes\P\Cobham\Internal\FstBlock.olean.server
E5B294A1A11EA3C2350919C35D2B591BF27D978835CEAD657155222D7986FDC9	16	Complexitylib\Classes\P\Cobham\Internal\FstBlock.olean.server.hash
FD364B037383971F08C28AC397CF276284DE96CFC147FAED5B7F7296BD26BE6D	4015	Complexitylib\Classes\P\Cobham\Internal\FstBlock.trace
81525B4587E55286426BF068610537AFD10101EF983051AB5F9736A37E619579	24516	Complexitylib\Classes\P\Cobham\Internal\HeadFlag.ilean
81B779B199D1A5C2CECA1D2172DAA1B293E300A87A791D787231A4015B00EF36	16	Complexitylib\Classes\P\Cobham\Internal\HeadFlag.ilean.hash
EA286F5EF144B5F595159DA39F5ABE137D578C3451FA6209D96810C4D8FB8DD1	27144	Complexitylib\Classes\P\Cobham\Internal\HeadFlag.ir
A714495BDE7F05C12042F1652273D86874496894DE887B1670435C5B547089A2	16	Complexitylib\Classes\P\Cobham\Internal\HeadFlag.ir.hash
11FC5771B77822A4B48817EAB93F14917B78487CAF5B92D503DAE8CDC3D3E40D	176	Complexitylib\Classes\P\Cobham\Internal\HeadFlag.ir.sig
C1C316FBA79D6FAFE5A8CC6FA8314DB1BC7B89B110C8919AAD3F3F6574D781B1	16	Complexitylib\Classes\P\Cobham\Internal\HeadFlag.ir.sig.hash
FA86C83AAFD90D53F4E6F63D859C6342DE325105BD4EC046A6E76FAA0FFD3A32	83512	Complexitylib\Classes\P\Cobham\Internal\HeadFlag.olean
25536665FAD5D9EF98D4B56DE691704CF95B330DA95AEAEE91D46AE902DDF968	16	Complexitylib\Classes\P\Cobham\Internal\HeadFlag.olean.hash
6A82C1116595B8AAA56DEBBFA912D48BB5A9BD63DD82D30E4AC0A83D2A45BD4A	279368	Complexitylib\Classes\P\Cobham\Internal\HeadFlag.olean.private
18C463F7C50B1D673A59A7CBF6DCC8A8D89EA6FB10D1126F60F91928F5EB1ACE	16	Complexitylib\Classes\P\Cobham\Internal\HeadFlag.olean.private.hash
812E43291C47BEDAF344D8F107079B074B9C2133482C784302041DD5D22B5C6E	5848	Complexitylib\Classes\P\Cobham\Internal\HeadFlag.olean.server
6213FB51834E1C89392212B29E38D9222C915E0965C556FC4C4EF7BE4ACA4C5C	16	Complexitylib\Classes\P\Cobham\Internal\HeadFlag.olean.server.hash
36EF310B473D697222749D59F6DFED58D7BA1A8AFDBF91E9634C7DD4C59BF08F	3737	Complexitylib\Classes\P\Cobham\Internal\HeadFlag.trace
61EE2208C268E3FE9AA27C9AA3C72DF992FA700EC75F751A89500B49F9AC9D9A	118100	Complexitylib\Classes\P\Cobham\Internal\Iterate.ilean
51F2790BCB0C265E448CD0B39ED8F0D9C37BC7E193CB3EA5A0CA41D1B75945E8	16	Complexitylib\Classes\P\Cobham\Internal\Iterate.ilean.hash
7AA4D2C5AE200BADD7C67003F97E7F0263107A82D4663A9678E258743AA4F608	42864	Complexitylib\Classes\P\Cobham\Internal\Iterate.ir
D2444E13B532D2230516E3F7D1FE77343E8AB965446A49E4741A123FC6117BE0	16	Complexitylib\Classes\P\Cobham\Internal\Iterate.ir.hash
6DC8E1305EF5738BEF86917C09CA34F3B6284BAFF696DD1878F2A2105236AC39	176	Complexitylib\Classes\P\Cobham\Internal\Iterate.ir.sig
C2A13DD28DAE6E7B2239397F7DDA57BA948216309789B55259D0778CC4C70EA0	16	Complexitylib\Classes\P\Cobham\Internal\Iterate.ir.sig.hash
B4A671337356569EFE1355029083CB880AC2A1DB1AA9FE4F86011CB473241007	127168	Complexitylib\Classes\P\Cobham\Internal\Iterate.olean
677AF5B0F749ADC647A91E6206835D3B36859463E1440A4CD8835CAA4F996CC5	16	Complexitylib\Classes\P\Cobham\Internal\Iterate.olean.hash
DB025DCD45726CF9186537C88B454ED9466D0E32DE49A28D37582D22CEA2C5A7	1623424	Complexitylib\Classes\P\Cobham\Internal\Iterate.olean.private
2DCF9916ADC773C6A93D1CABF1908290CFC8E6067D8B130CAD27513E499C4B5F	16	Complexitylib\Classes\P\Cobham\Internal\Iterate.olean.private.hash
0AB28291CCCADA5904C2C3E1E428680358F6D0C2601302B4F438C74D84C0014E	19888	Complexitylib\Classes\P\Cobham\Internal\Iterate.olean.server
69150C743AA83ADFEC0795CA4DDC742B3653DA00CE6E6D2E275D1DB981CE7E72	16	Complexitylib\Classes\P\Cobham\Internal\Iterate.olean.server.hash
C711F3A5BC281A2744EF5201C78FA9E3951DDB66CAD79401297BD03B869B7713	4605	Complexitylib\Classes\P\Cobham\Internal\Iterate.trace
E3DBFDB4CDDBD53A2FF4D108D157214E80260D50A795758EA1FB7E3E5AABB330	67229	Complexitylib\Classes\P\Cobham\Internal\IterateLayout.ilean
62E27D0F67C375C0AECA9E5EAB41F71D593F6652045B6DFB0BD451ED90BFA6BD	16	Complexitylib\Classes\P\Cobham\Internal\IterateLayout.ilean.hash
989CEAAF7D568195AD5F0A795F339E7E935D7F0DCB5DC1096C6F1041F2922E7D	10376	Complexitylib\Classes\P\Cobham\Internal\IterateLayout.ir
C2A1D9346643E649DB32EA895E5C8E41F3DC6A22185995611753A469C0994A27	16	Complexitylib\Classes\P\Cobham\Internal\IterateLayout.ir.hash
6427C282DF229A62538EB413828464B8547B1670144138A54C4A83858F8470BC	176	Complexitylib\Classes\P\Cobham\Internal\IterateLayout.ir.sig
B784464E094918D2905B13CED60CEC92C12733DD75136CB2E88AB37B4CD1BC43	16	Complexitylib\Classes\P\Cobham\Internal\IterateLayout.ir.sig.hash
6CAC0F0A29BE0F1D9D94590C9D2E7249AA8610F1237605FAD112819D00D58153	79288	Complexitylib\Classes\P\Cobham\Internal\IterateLayout.olean
B8688A167900287F2E77BDE3A9593E96F2D310E1C333547A8B0EDBC3E7BE2110	16	Complexitylib\Classes\P\Cobham\Internal\IterateLayout.olean.hash
3DFD6355EDBB51D45453CBDBE77674DE1949CCE686B7009ED113BC8A011D4CB1	782736	Complexitylib\Classes\P\Cobham\Internal\IterateLayout.olean.private
88ADCB467C997AFD2BCD8D733968ADCBAD087C0EBA5C1F4C5DE3189669C2DC3D	16	Complexitylib\Classes\P\Cobham\Internal\IterateLayout.olean.private.hash
FFC57270646BE0DE44E120C0E72C1B592EBD2732EFF1F62153F5AB95794AB7E3	16376	Complexitylib\Classes\P\Cobham\Internal\IterateLayout.olean.server
A1DC1EFFF9C52BA5A81CBD64AFC1579D8A1741C8F6796C0E609A271617DD7956	16	Complexitylib\Classes\P\Cobham\Internal\IterateLayout.olean.server.hash
8E4CF186767556E450CD144671E38D9E05DC26E973C369BFA8ACD44AE95983B4	3865	Complexitylib\Classes\P\Cobham\Internal\IterateLayout.trace
456E2064FBA474DCB53394DB1BD8B84170C60F58C7F8062BC78366A544AB1D47	145614	Complexitylib\Classes\P\Cobham\Internal\MulLen.ilean
D61A3E27E55709EFD197276BDF487E81687058C29BC8B2B9ADC56BE24CB82285	16	Complexitylib\Classes\P\Cobham\Internal\MulLen.ilean.hash
80AF50DA8132A25F55E912482AE8690BAF33443369FE111F6566684E1FAA3BC6	70600	Complexitylib\Classes\P\Cobham\Internal\MulLen.ir
AE1C2E1CD8E42C5E5C3AFFB277A8A360C1AD01BAC5E428C779B769FDBC841499	16	Complexitylib\Classes\P\Cobham\Internal\MulLen.ir.hash
1887E83CFF63FB5E853D3237AFEBA1C31F1C3403D02BA92A88CFBCE7539803E4	176	Complexitylib\Classes\P\Cobham\Internal\MulLen.ir.sig
C2FB6F3B67E668B2F9522099277DD7D1BA3E1283920732A75CAC5C115877972B	16	Complexitylib\Classes\P\Cobham\Internal\MulLen.ir.sig.hash
7E36CC8447D8F940A61285CB675878A56A14572D683CCE35E71A196EBEAAC42F	192544	Complexitylib\Classes\P\Cobham\Internal\MulLen.olean
C692525EAB3A0FAADBCE2E66E1D8774E099948067BD2A22BB990304C38CC8189	16	Complexitylib\Classes\P\Cobham\Internal\MulLen.olean.hash
8DDEBABA02AB3221130E0E671BF9E39153B66A3858F0C5EC52147BCBBF237264	1375568	Complexitylib\Classes\P\Cobham\Internal\MulLen.olean.private
025F7F3A0061C6EE97B752DC7ADED92DA04A3436AAECCE523BD2BC6245314288	16	Complexitylib\Classes\P\Cobham\Internal\MulLen.olean.private.hash
8B2B1C860A1BECA6BF42C4029F1EFC4BE29BA2E428593E6E6DEDE797DEEAF776	13136	Complexitylib\Classes\P\Cobham\Internal\MulLen.olean.server
4AB4B0131F2E3FD1CCF7850F73BEA84F153587C6004BEF649046C151948E563A	16	Complexitylib\Classes\P\Cobham\Internal\MulLen.olean.server.hash
B4A7FB0BDAD9B4E7E7CC0165947F90DD5436BF90EDD4DD17D47FF3C60CF2AFC9	4102	Complexitylib\Classes\P\Cobham\Internal\MulLen.trace
52C740C28865FE61F770C8F5389EEAD6AACA268534C6EB37A5864B0B8D4BB174	11843	Complexitylib\Classes\P\Cobham\Internal\PolyLen.ilean
E9B9F9CE207682FCEF0C6D10220F53D2DE5104B422FB57F6AA8674D8392338D6	16	Complexitylib\Classes\P\Cobham\Internal\PolyLen.ilean.hash
774A6AE27B58F41FE612AE23EC7D9E4027BA6C25D58A532E87CE3396E8CC0EF7	8560	Complexitylib\Classes\P\Cobham\Internal\PolyLen.ir
15EEC3DC92F23EB8CBBCF497C81B6F010978B36D003FA6F751FC487306CEBF76	16	Complexitylib\Classes\P\Cobham\Internal\PolyLen.ir.hash
5A1C6E22474B99BD24604EECD208B46A59BDE7437ED52CF90D954FCF9F544CB1	176	Complexitylib\Classes\P\Cobham\Internal\PolyLen.ir.sig
6BC56B2C9D2640A906FC9F0A1A8AD85B951A1312765D7387ACDF11564B62A7E2	16	Complexitylib\Classes\P\Cobham\Internal\PolyLen.ir.sig.hash
B0A27A03DB8D34CD0EAA33B6F86A69297009C71EE9DE2E7688BA2617183BE687	67712	Complexitylib\Classes\P\Cobham\Internal\PolyLen.olean
B6A757E1B52AEBA818384B8F13ED95D85CE1060812AEC4714A1DDA41A24A3ACE	16	Complexitylib\Classes\P\Cobham\Internal\PolyLen.olean.hash
B64C1400A967469F70052BEC03C5B795E57A709EE00A0118251B943D6372262C	96248	Complexitylib\Classes\P\Cobham\Internal\PolyLen.olean.private
0ADE5C3D5FC5E793B90890E9B35EABF9B9A80411C18E6CE9B664C522678A5FBB	16	Complexitylib\Classes\P\Cobham\Internal\PolyLen.olean.private.hash
E240B26AA6C70FFC6659779D449F5033588361B8B924922284D991E611A1F1A7	4728	Complexitylib\Classes\P\Cobham\Internal\PolyLen.olean.server
74ADA923B6F96C52D43BD7611D5A0923A9D87CF4E897F372D5A520D77518B634	16	Complexitylib\Classes\P\Cobham\Internal\PolyLen.olean.server.hash
949D912B52DFE3B4BA8C5FF85C223C7C077A95756E864F05968DCDD77E03D67E	3759	Complexitylib\Classes\P\Cobham\Internal\PolyLen.trace
168E5BDBE9BFA11E45D5183496AFAB25E50CCCB84BFE40827FB035ADBD816BAC	216106	Complexitylib\Classes\P\Cobham\Internal\Reorder.ilean
27E0C1B1D0A8358D43DB4863B210E3DBBD032880BDF4F72231BB55A0BA6A8406	16	Complexitylib\Classes\P\Cobham\Internal\Reorder.ilean.hash
30B04993B67034A8F4FC9377C956DD695E13FD53257C80422949C280C6136334	77136	Complexitylib\Classes\P\Cobham\Internal\Reorder.ir
29AD0A56F46C30C273E6769160DF86CFE1C1073CBE4A86E25AD4B95F70C21710	16	Complexitylib\Classes\P\Cobham\Internal\Reorder.ir.hash
6EC06AC69F5CF1390EE5B19F1400C84FA53A509029EAFDA62665F2EAC7FD4C3F	176	Complexitylib\Classes\P\Cobham\Internal\Reorder.ir.sig
F30428E0308261744DC10A130CFE727EC01B732D6A4DCFD470C7C84F1692F1F6	16	Complexitylib\Classes\P\Cobham\Internal\Reorder.ir.sig.hash
B4148C0D7F4780E8F84817C5DB45722BCBB4C35BA45858D2A45B8BD10BDD9E74	168840	Complexitylib\Classes\P\Cobham\Internal\Reorder.olean
E8E3CA0DEF081FC0D6146EF7FCAE8FDBC2FB4988A756CB100106423D495CFCF6	16	Complexitylib\Classes\P\Cobham\Internal\Reorder.olean.hash
5D4C13B1ED13646DCC7A136875292B8762ACCBB09DCA635437E78A8680BA4E16	859904	Complexitylib\Classes\P\Cobham\Internal\Reorder.olean.private
3E8C49490F7FE93C93BA98E9820B6F74F66C1CCD6B8B40BC88B280D475CE5B3A	16	Complexitylib\Classes\P\Cobham\Internal\Reorder.olean.private.hash
1F27C95C0836F511A11BA6388DA6AAB5DC0FCE46C00328ABDE5AF79DC69897CD	7064	Complexitylib\Classes\P\Cobham\Internal\Reorder.olean.server
821EA0718330A662F928DC1F5BDB72E0C4C89DC03DE9965E25BAFB8AEF242DFE	16	Complexitylib\Classes\P\Cobham\Internal\Reorder.olean.server.hash
C78B5C19ED4B376115BB8203D0F5319D532216BB60DF6275E2218C4EE52F780D	4172	Complexitylib\Classes\P\Cobham\Internal\Reorder.trace
D8230CF97CF70E9815DC7DE042B18E17FAD8857081D9F5B434E1AAB86A04CB15	60128	Complexitylib\Classes\P\Cobham\Internal\Reverse.ilean
57239D321AB8AF1682E2442B1F81CB4C324A605EA07D0D283265E71234F1D49A	16	Complexitylib\Classes\P\Cobham\Internal\Reverse.ilean.hash
A7D545A8653E92EDC91E15EF4D3E3D93E542B435AAF7FFC4580B87F96F62A550	39032	Complexitylib\Classes\P\Cobham\Internal\Reverse.ir
02615F3FD06EA8FD9CD6F70BB8A3CF44877E3F0E2F7DA3DFDE98C4A5C3C736CD	16	Complexitylib\Classes\P\Cobham\Internal\Reverse.ir.hash
E782ADAC524003FEA53AD360AC03EB5BCB4E886C6A16CDA8ABEAEEFC30377999	176	Complexitylib\Classes\P\Cobham\Internal\Reverse.ir.sig
9A6FF0D455A852A2B87A047ECAFFAF310ACED29DA136E68E4329096E3BA42628	16	Complexitylib\Classes\P\Cobham\Internal\Reverse.ir.sig.hash
1F7A1E798F2C6B4E2C1D2A6CCBDF670791D673B201371B5E7CF15D82DDD26DAC	95824	Complexitylib\Classes\P\Cobham\Internal\Reverse.olean
9E3D222AD503DAEC30A2FE737C7E991631C2851E55C8DDEA32104D2496423558	16	Complexitylib\Classes\P\Cobham\Internal\Reverse.olean.hash
91428021E44E8E1A4DD8C44E003A09E232136447BEC338CBD1DCFC2D56E4378E	561840	Complexitylib\Classes\P\Cobham\Internal\Reverse.olean.private
E31B400BF9D1CEE3C5129774B611C01CD3D6C798C9DDACFEF19DAC33FC5C184C	16	Complexitylib\Classes\P\Cobham\Internal\Reverse.olean.private.hash
B517622818929C59381C1B01E2A8811F297E546F6F925903D3F630BCF4828A77	6512	Complexitylib\Classes\P\Cobham\Internal\Reverse.olean.server
D90751DDB7F4E232B08197A08D3FE20C581D3357E687D605454D14B772D7E49C	16	Complexitylib\Classes\P\Cobham\Internal\Reverse.olean.server.hash
36BADBCCDA1C01D10FA7207D124F9321EBF64676410553050812B408FD91E05E	3943	Complexitylib\Classes\P\Cobham\Internal\Reverse.trace
C601C5ED4B67A2BEB91DF20612ADB796C94D7D7279363FD6C65F92F24402373D	77235	Complexitylib\Classes\P\Cobham\Internal\Simulate.ilean
E0AE6BA206C9E6FFB160916B4DE06234E258B0A61C479E628B1F905EA19AC17D	16	Complexitylib\Classes\P\Cobham\Internal\Simulate.ilean.hash
135DC93CD15A784AA99550FA1577FBDA92804344D2F019777515B9D5B3B709FF	3648	Complexitylib\Classes\P\Cobham\Internal\Simulate.ir
2616060DDD921B16ACFA3D2D34DEAB89B3D4206BA9345D1F81D5F6EB749A3F74	16	Complexitylib\Classes\P\Cobham\Internal\Simulate.ir.hash
C6A687A748105E066681FC6FD3885E11482594B9F83A2A1F953F1005E61A1EF5	176	Complexitylib\Classes\P\Cobham\Internal\Simulate.ir.sig
BBD2700D41D36047EEEC5F35C4EDC8A9C32F5C9735C10B8D99F4236D188E0942	16	Complexitylib\Classes\P\Cobham\Internal\Simulate.ir.sig.hash
E4542FACA15E30BD48579B18DD4AF255CB204B0EBBE10FA61ADF3E3242EA6F8A	57584	Complexitylib\Classes\P\Cobham\Internal\Simulate.olean
A1930BAD42A69E3ED9FA6FCB0D7B08D80A82CE39F77AB4C2DDCCAF4CDCA28B10	16	Complexitylib\Classes\P\Cobham\Internal\Simulate.olean.hash
1A276E028902FDCA8A060BA8641B98701BEC819369BD2FAD6E0872670FA5AEAE	957696	Complexitylib\Classes\P\Cobham\Internal\Simulate.olean.private
627CDC312A8EB0A61084B1C0E228A7CEDB336BB90EA3D2C55F8395A0AA76BD26	16	Complexitylib\Classes\P\Cobham\Internal\Simulate.olean.private.hash
D5343B623B90F19F65758EAFD240823E1F2AD0ED05E85E1021035472BC8473AB	15256	Complexitylib\Classes\P\Cobham\Internal\Simulate.olean.server
70650ABA7E335710FB0DA3BEEA5BE41BF7CFD7A80A9C5C80C98848B60A2A3AC9	16	Complexitylib\Classes\P\Cobham\Internal\Simulate.olean.server.hash
A793FA29021DAAEDC6431F2FF0CF7BA552FBF50B0CFA938A64740BE82D4FC12F	4220	Complexitylib\Classes\P\Cobham\Internal\Simulate.trace
F7F08C625A2C5509F6CDBAB2838D71949B814FF88B46FDB319FB3340F17EEDCC	129577	Complexitylib\Classes\P\Cobham\Internal\SndBlock.ilean
3CEE1167361E618F75B4CF09F0DABCD9CBA5E462EC92E4078191ECD3DF52C516	16	Complexitylib\Classes\P\Cobham\Internal\SndBlock.ilean.hash
1D979F6D9A79DF33274724EF1EC771920914DFBEAD883EA8A23F261859195177	43008	Complexitylib\Classes\P\Cobham\Internal\SndBlock.ir
E38175E2C3B4A7209194E8EE40CE67CC3BB62AB12817F279ECE62DDD445D4A8E	16	Complexitylib\Classes\P\Cobham\Internal\SndBlock.ir.hash
E176ABBDC80364A342440AE5A7B58342C9447B99BCF1368C6DA52A42C67691BD	176	Complexitylib\Classes\P\Cobham\Internal\SndBlock.ir.sig
052BE82F690418F12D7E119824BF86E932CC7D18DCAC01702A10503E22AC2CCF	16	Complexitylib\Classes\P\Cobham\Internal\SndBlock.ir.sig.hash
4FE9F37F3BB4462C6E36E77DC9D442DDC60CFBB78DB502D202AE61E36DC0E756	58240	Complexitylib\Classes\P\Cobham\Internal\SndBlock.olean
7D3605E4DF435ECD178BC763A981DBD81572F91163DDD1F2468E8E1D50AAABDF	16	Complexitylib\Classes\P\Cobham\Internal\SndBlock.olean.hash
FE1912C7C9C2CABA973FC2CE19F362F1F660B001FD41542EF756D05E534B417B	597656	Complexitylib\Classes\P\Cobham\Internal\SndBlock.olean.private
D607B8F4F55A3878C8A2CDE0054C81E97A5DD5DA254F695A7DAE13FB7F3328D9	16	Complexitylib\Classes\P\Cobham\Internal\SndBlock.olean.private.hash
7B24AC2CE084B294A370AC177D01ED36BA573414EA504D570DFBABA00A89AB2B	3472	Complexitylib\Classes\P\Cobham\Internal\SndBlock.olean.server
0A6CC453801CF6239710E0EFE719AF3EBF61B4B9E8B8C34BF2C0E895F0B57BA9	16	Complexitylib\Classes\P\Cobham\Internal\SndBlock.olean.server.hash
70692FDA7DC8EEB4E58E0B9B0BAC325D5031F9016369C4D144959E8EA6ADC6B8	4015	Complexitylib\Classes\P\Cobham\Internal\SndBlock.trace
A1F09D144E38FFCAE1C159498269CC8E24C27B947447D8C839EEF940A826CF7E	117835	Complexitylib\Classes\P\Cobham\Internal\StepAlgebra.ilean
4EFACE0AABBB95FDF14559B2EC0FECFA801CE6BF952C1F5F8806B27676AF41F0	16	Complexitylib\Classes\P\Cobham\Internal\StepAlgebra.ilean.hash
2F20524E7CD3BF581D7989A7545F88BCAE9080DE79BD99B42C03106D961E9CE0	30488	Complexitylib\Classes\P\Cobham\Internal\StepAlgebra.ir
368FEDDEE58E2BEC9E4BC2CF7F3013342E735A729B66D96B756B4894D364C73F	16	Complexitylib\Classes\P\Cobham\Internal\StepAlgebra.ir.hash
72F0C6E41E07D33E127673F48F703054784EF40DC83D26C9DCBCE48952338372	176	Complexitylib\Classes\P\Cobham\Internal\StepAlgebra.ir.sig
F71DF75BC79A639B37D2C6115AB4229B8652EE1BFE0E3EEF57DE87F8EC73440D	16	Complexitylib\Classes\P\Cobham\Internal\StepAlgebra.ir.sig.hash
B32FFF613A959B02C1DE67D9BD01FE8957E232B145DEB951EEE7473CCFA7A9D1	182344	Complexitylib\Classes\P\Cobham\Internal\StepAlgebra.olean
C8F59DA4B3691EAEB4401ED5EBE3B068F34B78F3D1F016BA1523F10E7B0996B8	16	Complexitylib\Classes\P\Cobham\Internal\StepAlgebra.olean.hash
C40908444AE19CCEB3099541DD4ACC4A03856DD11B538F2B75159E34CB3633E4	911648	Complexitylib\Classes\P\Cobham\Internal\StepAlgebra.olean.private
1C84FB3B6A085D02582E88D6EBE8700D4E37672F623E9B616A5C14E9EE7E514F	16	Complexitylib\Classes\P\Cobham\Internal\StepAlgebra.olean.private.hash
95A53730BE8DA6473191583330E856AD29B45246EDE92176B835A65B3ACA6420	26432	Complexitylib\Classes\P\Cobham\Internal\StepAlgebra.olean.server
09DD3F655E38D99672DFCD113775D5CF9AAA85148FA5898CF11D67CEF8C19A8B	16	Complexitylib\Classes\P\Cobham\Internal\StepAlgebra.olean.server.hash
BF83D17DE42449AAE20850F50EC574AEF2AC296D84ACAD85EB2696485E9F07A5	3967	Complexitylib\Classes\P\Cobham\Internal\StepAlgebra.trace
BAF15DD70A30B77127F6F4C4770EAF77F59FDB8474E1191E7BFB8439C48A3F78	59096	Complexitylib\Classes\P\Cobham\Internal\StringOps.ilean
9C293034588A978326EFD241DD831C4B990B981D6FD5AF21016B0B2548523D13	16	Complexitylib\Classes\P\Cobham\Internal\StringOps.ilean.hash
8078795655B79761FBFAA2916195713B95477AD07DF6D5AED22D4DD503445B68	22896	Complexitylib\Classes\P\Cobham\Internal\StringOps.ir
699F669AF052037DCDE23003685B9B55A4B9522BD88B577BA77E81D514D6A8F7	16	Complexitylib\Classes\P\Cobham\Internal\StringOps.ir.hash
7C559CF081D8425D9A5887C0BC0C596AD211EDA45B09FDE9A69DCC5FD8FEB5BF	176	Complexitylib\Classes\P\Cobham\Internal\StringOps.ir.sig
89372CDEF7A186DD6694D2A0645DA1B6EE0C3E50F5C6306426E176C1307EB807	16	Complexitylib\Classes\P\Cobham\Internal\StringOps.ir.sig.hash
56669A4C3AE1F75C7CB8670AF4431EF8828BC22A3C99439DA125629752FE4B14	94464	Complexitylib\Classes\P\Cobham\Internal\StringOps.olean
98ABD01A1DF323BD7369FFFA2C5DD6B9FCA2776B8544C8A5B8DFDB5B338218C1	16	Complexitylib\Classes\P\Cobham\Internal\StringOps.olean.hash
53951AD66B3BE64EE4F16C205C536AB5227BEA1DA060AD34C650ACA2B19B0321	521144	Complexitylib\Classes\P\Cobham\Internal\StringOps.olean.private
305E0338396DDFA47AB21F078B8812C5794336EC356C6B6091AFF68F57B33840	16	Complexitylib\Classes\P\Cobham\Internal\StringOps.olean.private.hash
50DDEE6DF9C0B4A0A63EABDF027FD6880957DB0A4A6BC0A5AB1108DACAA53B5D	13392	Complexitylib\Classes\P\Cobham\Internal\StringOps.olean.server
2DF221BFC85631454C5F5825D97D307C7DB28EE40A2498C44FFAD1C4D596E74B	16	Complexitylib\Classes\P\Cobham\Internal\StringOps.olean.server.hash
8F3450C6E3F5695DB29F977ED1D6E77E9C17D6A1130069C422DD9083247AF1A1	3580	Complexitylib\Classes\P\Cobham\Internal\StringOps.trace
75CAECC5ED63E12E34B5291EA99ABE59F5D213E28CC9983E3F8A48B4A9F5262D	123323	Complexitylib\Classes\P\Cobham\Internal\TakeLen.ilean
69E4745A983A307DB06C0AA545CE6722143DE506FED98940D4F9E98DC217B081	16	Complexitylib\Classes\P\Cobham\Internal\TakeLen.ilean.hash
6E0E27291B653C2992CBF81ED10D4029B9B1B0D6E9D9BD362B9E65902BBEE049	66208	Complexitylib\Classes\P\Cobham\Internal\TakeLen.ir
20CEAEE6B5465D9AD939C51839F6B803ADE599E2E3A2BF6A9C6055DD6D16CB5C	16	Complexitylib\Classes\P\Cobham\Internal\TakeLen.ir.hash
4B40E3FD7280CD44AEF5B43CB38EC33E9BB9732E4661CB313A35B44E2005F70C	176	Complexitylib\Classes\P\Cobham\Internal\TakeLen.ir.sig
3507C808261E3368C63BB36062BA908EFE51B89A9490BADD69066A17EA5B3760	16	Complexitylib\Classes\P\Cobham\Internal\TakeLen.ir.sig.hash
8B288E7CD5059291F99248FA2A3B4652D5E5C193F021000260EDD4DAAD7809EE	184128	Complexitylib\Classes\P\Cobham\Internal\TakeLen.olean
B7A62961A8CA9F1689C06FAC9E62D7E61FABE266D8EA2DDF7A545F6B77E3AB00	16	Complexitylib\Classes\P\Cobham\Internal\TakeLen.olean.hash
B86FC163ACEA877948D1E67455043A2F5D1D5BD4376A1A2E6618BF572C09B6F3	1085624	Complexitylib\Classes\P\Cobham\Internal\TakeLen.olean.private
552456DD58CC12FF6CC79BDAE440AFB83F3BE5CEE4F84EEF8FD6716DB02F42AD	16	Complexitylib\Classes\P\Cobham\Internal\TakeLen.olean.private.hash
A89B7A37AF2198652943360C869C47EADA92953819FAF76438FBD9B4CA331309	11760	Complexitylib\Classes\P\Cobham\Internal\TakeLen.olean.server
CE89EE2060452D6912B7822D41E15642F0B770E433592EF0E302ADADE1F1BA17	16	Complexitylib\Classes\P\Cobham\Internal\TakeLen.olean.server.hash
6ADF282C4D6F5114DEB797DD29A24143E7FC89645E29F536B31663ADF4C36D09	4109	Complexitylib\Classes\P\Cobham\Internal\TakeLen.trace
DE6F953F282F09530E5AA4464A7E184C1F9CF5416573DD72415619F45EF274F6	2229	Complexitylib\Classes\P\Cobham\Internal\Vec.ilean
8F48EAB0B5C2FC09C38B297ADE96C8B2C653429161A4B6025A3358F1577B36DB	16	Complexitylib\Classes\P\Cobham\Internal\Vec.ilean.hash
7C782E6F4FFE2B1D2211C6D003101A58890B3312AC60219BF84093EE759FEAF9	1872	Complexitylib\Classes\P\Cobham\Internal\Vec.ir
188A1340F092BB0EC1EA75F1833E7EAED418F614694FDCC40B93358AA4F40CFF	16	Complexitylib\Classes\P\Cobham\Internal\Vec.ir.hash
2EB9ADF22FCA4E9D6D84B633385321B82C40A6253E306F65E71C5F2D164464ED	176	Complexitylib\Classes\P\Cobham\Internal\Vec.ir.sig
A602250267794BCA5F7CC663B38F17CE88F0DC2F2853014E94BA65BF80C4CAAF	16	Complexitylib\Classes\P\Cobham\Internal\Vec.ir.sig.hash
57AFAD88285C6AFAD5A39DFDC087D6657E046E3AD86205A88EDACE4559E646AC	6832	Complexitylib\Classes\P\Cobham\Internal\Vec.olean
CF606810AB857989664000F4392E9B53848218DE9B653B30FE48AF0E90D3F62B	16	Complexitylib\Classes\P\Cobham\Internal\Vec.olean.hash
5A2ED97C350D1CB2EA5C4AFAE4E62D293C455ED41E347F52159C430149B36A72	6472	Complexitylib\Classes\P\Cobham\Internal\Vec.olean.private
159DCD493105B6F4E1DDDD4D3986FD8A0D7284E09B50149AB124AE78F04A6C17	16	Complexitylib\Classes\P\Cobham\Internal\Vec.olean.private.hash
BD049562B5AC924FB787F418AE35641F9AAE9415DB35F5FF0E9D6547B6252622	2536	Complexitylib\Classes\P\Cobham\Internal\Vec.olean.server
BB5FBCA3E19243CD289A02369EA40490B8AFAE802279AB16D2E3B2EA6657B6C6	16	Complexitylib\Classes\P\Cobham\Internal\Vec.olean.server.hash
7F1D2E21B1EFE9A82EFA31FF39F20100CFE583E33F40C5D8BD5E1F1E121F98D4	3878	Complexitylib\Classes\P\Cobham\Internal\Vec.trace
60497922DCA30B5617EAC43FAD3445BF7194ADBB44F8C93F11970EB3E26EAAE2	10034	Complexitylib\Classes\P\Cobham\Vec.ilean
4EA950D1DBF12128981602EA31E85599553592D1A5CB253DFDDF5A0DB619CD6E	16	Complexitylib\Classes\P\Cobham\Vec.ilean.hash
94A9BC988ADABC30A2A9C75F841E15187436CC54C85FA486EB1F86934760C4B9	12088	Complexitylib\Classes\P\Cobham\Vec.ir
8685F7A825798FBFB07C8D76332CF540DB0BF4D1938E5A8D8DD4635BF9E516C4	16	Complexitylib\Classes\P\Cobham\Vec.ir.hash
3126A25C331999D3B34AF93AB813D2B084FC9B1E7375068D766FD74721205446	176	Complexitylib\Classes\P\Cobham\Vec.ir.sig
DDF6D8B289DD117FAC000ED9F2F86E5CEC81A68CEC0A51649154E9AC584D576C	16	Complexitylib\Classes\P\Cobham\Vec.ir.sig.hash
39D6D7446CE6BB0C059CCBC7B5AF1ED2536907D5AFF667D88E23E253F9300910	55176	Complexitylib\Classes\P\Cobham\Vec.olean
E51AD71DF81C3D12762E534A8343986F70FA7D612D2E545A5A6CEA63056F6293	16	Complexitylib\Classes\P\Cobham\Vec.olean.hash
0553324AC2405DA1AB6C5908B777161B8B01120FCE4167FC12AFA508CF1642C6	194832	Complexitylib\Classes\P\Cobham\Vec.olean.private
B20717E8B884DD9DEC23C60329D0758A0E6FE0049610A74DA836CF10B87B3FA6	16	Complexitylib\Classes\P\Cobham\Vec.olean.private.hash
8581220504A665DF747DD7CB786EB6DEDB4E2431A6A5E0A20FE48D7233B26E02	5816	Complexitylib\Classes\P\Cobham\Vec.olean.server
3885D2BCC7BB9B8658C9A0E5564C1B28DC328758EAEF6C61521946B5A7C225D1	16	Complexitylib\Classes\P\Cobham\Vec.olean.server.hash
1F6645F5C9FF0C7206E5840EBA3735AD7367EAF747A5E4754BFA4CF5BAB7E3D1	3982	Complexitylib\Classes\P\Cobham\Vec.trace
CC6ACBFF9CDEAC6F7251B489CB75770676FB0174F7FE0BEF4443B084D683206D	1069	Complexitylib\Classes\P\Composition.ilean
F35835731C492EBBD79F8125E9068A6A4B5D109A4663520EE86F12E18B35A77D	16	Complexitylib\Classes\P\Composition.ilean.hash
08E19111E6AAD36A016E0F09EABAA602B88060835A074EE30946B443F799CE07	1664	Complexitylib\Classes\P\Composition.ir
97CCE4A587E544A74525C02E48F2CB81E704ABEA918F1149AEC7FE1559CF9CFF	16	Complexitylib\Classes\P\Composition.ir.hash
737DEBD4EC98CDD94088D6B1FC86DD09F86127BBDC1C5B8B86CD35BB261EFCE9	176	Complexitylib\Classes\P\Composition.ir.sig
6B53A49DE9FD250A6151BBF8A5593A4E4456CD61383EEC4986AF1D8126C968FE	16	Complexitylib\Classes\P\Composition.ir.sig.hash
F526B6BE91109119D7D6B23A263E8A7CE5E93AD58BAA4D9949483150658A67D5	6080	Complexitylib\Classes\P\Composition.olean
45C496116A6B38C1A39E25896B91020DF300F0569E30649B4664C64E4E0FA1D1	16	Complexitylib\Classes\P\Composition.olean.hash
E245251D30275DC1BCFC08701D41DA4F2E858FFF1932B1A6411F1074B44672E9	1344	Complexitylib\Classes\P\Composition.olean.private
29C22436A32BB88A1ACF2A249B32CF14AA2C93C7EF0E3C44AEF1DE1A90B33CAF	16	Complexitylib\Classes\P\Composition.olean.private.hash
4D1550A99A2D20F46D09B5CA99CA5CE24AFF98727DD13CFA4CD2FE9335608B7E	1520	Complexitylib\Classes\P\Composition.olean.server
F1A4D60A3E847D8DE804192B555B36705EB2F94E3E256DE780652E4F21332076	16	Complexitylib\Classes\P\Composition.olean.server.hash
CDB3FE905A3E3EB22F6C883BC7746B40D977E272A366150B59D0F48119C7672C	3461	Complexitylib\Classes\P\Composition.trace
32A7D66786823280FED783025C978CC5C389C78CE8EF8CD7DBF1E368008CAEE7	2826	Complexitylib\Classes\P\DecisionFn.ilean
CBF57332FF0D17898D975BADB5A2CA242DC386BC1DCB0ADF6C80739D2C80EEEB	16	Complexitylib\Classes\P\DecisionFn.ilean.hash
1FDC7AA581650B7DDFB372DD21B51506EB1219149AE53848C416164B1392046C	1776	Complexitylib\Classes\P\DecisionFn.ir
2A38BF39E770100D60EBC68FD6F6C8568026FAE7B401ACCBF8FD2904EA4354E9	16	Complexitylib\Classes\P\DecisionFn.ir.hash
79048277A34888737F9E9E9800A0E9B306A4EFE10E8A0608264A97AFD5ED9647	176	Complexitylib\Classes\P\DecisionFn.ir.sig
08EF63AF45F39390ABF74D98F1DBC3E6BBC1DD31058CFC2A708DF1891914BFE4	16	Complexitylib\Classes\P\DecisionFn.ir.sig.hash
F9A778E0C5D24049B85E20AC53664E75A4A7FD16F24C26706331D17C57ED81FE	9592	Complexitylib\Classes\P\DecisionFn.olean
D8A8322F0D0DEFD672E039A4970A8AE75339E63076C9525DA609F908B93C7323	16	Complexitylib\Classes\P\DecisionFn.olean.hash
A18E265EC8FECFB6E632287A006591E90CFFFB708D48540A9479CCFE5B6AFFDE	18376	Complexitylib\Classes\P\DecisionFn.olean.private
A3A0CE0B3A9FE755913A0F2396F251AD5FAED5B9617A03FC0B36B395556A4000	16	Complexitylib\Classes\P\DecisionFn.olean.private.hash
06A28FD90F02E4AD5CC819E044C741EAB0AAC6EF9B4067555DB55CD72AAA692E	2688	Complexitylib\Classes\P\DecisionFn.olean.server
D640BEFE7212A4E96CFC8828657A487BE98AEEB7355F70E7637A4651391D5506	16	Complexitylib\Classes\P\DecisionFn.olean.server.hash
CD69657E36EB07125AE7277DAEB635FF556910BEABD0C03FA2B572303C2E96C2	3597	Complexitylib\Classes\P\DecisionFn.trace
BDF46AF0A657EAD56E9A39FC8E3ED14DA94CE77AD548F7B3A7F33D5CADD98B8E	2111	Complexitylib\Classes\P\Defs.ilean
8A3D3E49C2B8022940482D679AAACFA2FC3791B2445D921B77672DBF1592DEF0	16	Complexitylib\Classes\P\Defs.ilean.hash
EE5DA10EF7DBFA4F98BFF5F58E721D684827B56B40682D2A1813418AE08904FE	1608	Complexitylib\Classes\P\Defs.ir
8E49F1B0C73D03D6BB12008467A51086EEDC4161EE0AD7BC4AF25441E50E5759	16	Complexitylib\Classes\P\Defs.ir.hash
97C619FC51EE13EE620A3AF1FDE726982D9696F8D4F137D153342C23F6A5ED44	176	Complexitylib\Classes\P\Defs.ir.sig
AFB41765FEC2B4F7AF9B6CF195D0B6BC2D412CD6EA67F4D31B34483BEDB9E32C	16	Complexitylib\Classes\P\Defs.ir.sig.hash
BFE3143DBC3BA2695EBC6F26AC56610647167177503D18A5AC7EA838AD9B8752	9216	Complexitylib\Classes\P\Defs.olean
43FC7B970A059527D03FB97ED849AE813296E594DA7C5B95F001673EF9813CBA	16	Complexitylib\Classes\P\Defs.olean.hash
6578554CC1C51BD6A1D5041E36D93DB1A69CE2A22152812F28706EF6F0356F86	2000	Complexitylib\Classes\P\Defs.olean.private
548B4A9A5B21F518C18130D8C17050B09DFC6CBF8CBDEB00F6089E83375914EE	16	Complexitylib\Classes\P\Defs.olean.private.hash
2F6C22501BCB811F80D74FBEF70A2E9AF6172156F8F3D7172C6B42E32E0B9949	2416	Complexitylib\Classes\P\Defs.olean.server
043A7EC78D2EF6D6D72499B3914E8AC02BF166761A6907435B14C5AED8D43524	16	Complexitylib\Classes\P\Defs.olean.server.hash
E551D5EDDEADF193DCE2A1C98B5A625EA8C33591EFF9BB1D1578A911238DD780	3533	Complexitylib\Classes\P\Defs.trace
ADE82B2C2BFE55C3F4EB4B814A8F306E22531C9ECB1C95F25BDD4D9FF260A580	1327	Complexitylib\Classes\P\FinsetDomain.ilean
91816B46310C6205A0A5A44FBB06706DBA5C2370D12B87ED56B5F802159671BA	16	Complexitylib\Classes\P\FinsetDomain.ilean.hash
575E06602C42B7D90E99E636BDA6CE3B657B9363F7EAADADEF36B75EB8738A01	1664	Complexitylib\Classes\P\FinsetDomain.ir
639EC8CACA82339AE6FAC57C82CE2BE1BA40667F2E3A31B71EBDF9CA4796512E	16	Complexitylib\Classes\P\FinsetDomain.ir.hash
0A9BCAC246620DC4143C765764278C1505DE51CDCC32B3CF85D357B5329D8AC2	176	Complexitylib\Classes\P\FinsetDomain.ir.sig
879392E4BC7FC4D351258EE0F7E96D88B0459BEF434CC6E0C62C27F374B09C18	16	Complexitylib\Classes\P\FinsetDomain.ir.sig.hash
40006588B09E6F941B23D5093444E35F2D5E01AB32A6D88CBC587F94CF4AC118	7568	Complexitylib\Classes\P\FinsetDomain.olean
6C7BF665738A3D88F9D900E2B3E7AB6C52EFE42023F0E4C0F6B0314DCBBA2511	16	Complexitylib\Classes\P\FinsetDomain.olean.hash
4B7D8B5162AACF3A3E63F02EE463554656FE44B2BAC9CFF0A2DE838A52BF0A16	1264	Complexitylib\Classes\P\FinsetDomain.olean.private
BB4F1D211154DCDF75E200481A370A7B8173C3367595F4BECC6BC62167177E73	16	Complexitylib\Classes\P\FinsetDomain.olean.private.hash
D982677113904CF40F6CF29E0A45CF2CE6EF2003152CC42DC93C1771A1ECA10E	2408	Complexitylib\Classes\P\FinsetDomain.olean.server
BB4B9A093FD1F9F5A8EC805B680FB9B16270B9F171E670602159BFD315A1B9E9	16	Complexitylib\Classes\P\FinsetDomain.olean.server.hash
D4DF5973536F0A4FBAF582C2376B73580001443FB81EAE926A961780F15591FE	3470	Complexitylib\Classes\P\FinsetDomain.trace
B90299EB3DA580F2B1FACECB8DC172EE57815A4A5BAA497A04DE95D034DC0B58	98650	Complexitylib\Classes\P\FinsetDomain\Internal.ilean
73939DB110350B1AE0174E6FC8291EB922F5BF799E03360B1E6C1F299BC29472	16	Complexitylib\Classes\P\FinsetDomain\Internal.ilean.hash
3EBEE10BF5897A3CF10AC6512C7E7D1E887765800EAB8695CC7D07E2BC323844	87104	Complexitylib\Classes\P\FinsetDomain\Internal.ir
FC8D3DCD312386EA2C63D90059791E2D087DCDAA7EE4408D430B44F595B878EC	16	Complexitylib\Classes\P\FinsetDomain\Internal.ir.hash
1C747615EAEDDCA3314CB22974CBDAA93F61270D179AD561AEC2C690E7C6D383	176	Complexitylib\Classes\P\FinsetDomain\Internal.ir.sig
957CA70B11525E6B1A0598CFEA8E03BEF0E10007EEA034A108E0A16F6CCC7380	16	Complexitylib\Classes\P\FinsetDomain\Internal.ir.sig.hash
9A506EA78C29B9C99BF6828F777CA45F08D8A075E94EF49BAA83622E5AADB64F	159088	Complexitylib\Classes\P\FinsetDomain\Internal.olean
6704B6408C6E58F4DF5724A211D0EF34AE61E68458F4F860DEAD66F530AB3EBD	16	Complexitylib\Classes\P\FinsetDomain\Internal.olean.hash
866777EC0371E98016943B538027486F860C47DC8E732F664A0AF416DB56B726	888408	Complexitylib\Classes\P\FinsetDomain\Internal.olean.private
A976DB954D4C41A4666BB8E55B0AB3ED92BCFDBF462256F0B7CA9E01037E8AEB	16	Complexitylib\Classes\P\FinsetDomain\Internal.olean.private.hash
6AAD47EABF307E77CC6BEA7C04226D08E73E8BAFE68A225AC5E7363AC3577BD3	13560	Complexitylib\Classes\P\FinsetDomain\Internal.olean.server
F4B81E79276BB7A1C25E7CA250875C397FCA8F159525FD2602A8994F7233C24D	16	Complexitylib\Classes\P\FinsetDomain\Internal.olean.server.hash
73055D0F4138F89AC58056BC863D6767F5C7CF6DA62195E844AF88D675BA3D70	4615	Complexitylib\Classes\P\FinsetDomain\Internal.trace
D434FC3706F6A129085C5AACD3209E53947C8C18EA0083D617A95F802A92E478	7119	Complexitylib\Classes\P\Internal.ilean
8B50D8928C4C6359ED93781730945634986790333C2732D55DBB5955AE90FE2C	16	Complexitylib\Classes\P\Internal.ilean.hash
40026D2005217D0CF80E1580BBDAE720B02895EB17A7E00E9F41938C314BCDCC	2000	Complexitylib\Classes\P\Internal.ir
2885BD386C6DC37D927FEBD8F8FA434CFACB040CA5C88B8271D9AA1BA5018F44	16	Complexitylib\Classes\P\Internal.ir.hash
1D8300DBB1964ABCE48C74FD528DF97B2B12DCDF25AF49593D2552CBBB905BE0	176	Complexitylib\Classes\P\Internal.ir.sig
5744C9E07512DE6EAB72471B265606857428207CE7B66BC3EC03F9F5AA4983B2	16	Complexitylib\Classes\P\Internal.ir.sig.hash
B03ABD1BA9EC3FF8C2AA74EDAC353EC9C4D6E0C8DA32D51100CC4FE879B8F499	11640	Complexitylib\Classes\P\Internal.olean
2B8E84D6606D094DF8CF8B61614D652E145D950D5AFE0A973E520D2944EC273A	16	Complexitylib\Classes\P\Internal.olean.hash
5115A5D8D4CC2EC1958F9C045F321BEEAF0EA20049F07BAE5F4D04EA3807DC68	273960	Complexitylib\Classes\P\Internal.olean.private
61D99C61F448E71461E257D534EDAD7CEB18F9301B296D9A2AB43A709ADFD8AD	16	Complexitylib\Classes\P\Internal.olean.private.hash
C7AAC361C8EBCD2D018444503E88657F5F1ED94F1E617322B9D7268510F3502A	2192	Complexitylib\Classes\P\Internal.olean.server
9EA2449E2BE23C9FD2032E0535CD3F13B6A7CFFFF57BCF9D9FE962A39D49C9AC	16	Complexitylib\Classes\P\Internal.olean.server.hash
FA73CC37B3B18C82CF3242D0C0AAD731741917E11998116A9E78353E55165BA9	4088	Complexitylib\Classes\P\Internal.trace
0B853BC89E9C81E5C87426E4F8FF825AA716632EBECBC225D936C44B6F1A1DD2	3326	Complexitylib\Classes\P\Internal\Composition.ilean
F05072924089C4CF718C718B0D2CD5043843E60BF9846D65370FB79550146B3F	16	Complexitylib\Classes\P\Internal\Composition.ilean.hash
96AAE90717CB36B5D389E3701ED192628C451267B04F4BE0BC60B221619B76DB	2128	Complexitylib\Classes\P\Internal\Composition.ir
5E8CB60FC7B4AB1D4326EFC970B7E1F013C288F013EF7D285B3AA77FE0311787	16	Complexitylib\Classes\P\Internal\Composition.ir.hash
83E1A3A56D8829F0D1A6E6945712E439F8E07CC5262C55C1AF4C88F9A11C5EA6	176	Complexitylib\Classes\P\Internal\Composition.ir.sig
D6522ECE0F5A5285D0B417FCF7507DA603608DFBBD47F64193C7FC8E27541009	16	Complexitylib\Classes\P\Internal\Composition.ir.sig.hash
67BB58A9D6EF3F20CF7EFC30BE677296C18CB2B55EF0D15322D483D3EEC46CAC	6552	Complexitylib\Classes\P\Internal\Composition.olean
96652139CC7FF4EEE23A3FE8AA653CC01CDF0CF93B827A37FC08219619946C15	16	Complexitylib\Classes\P\Internal\Composition.olean.hash
B27966AC7C446D94A744B698553616352C2FDBBC1B66AD30786F9510948E7DD7	22448	Complexitylib\Classes\P\Internal\Composition.olean.private
56E01E40B6E6F66F7FDAB45BA5A25910F8333345477E1575E0690891FC15FB16	16	Complexitylib\Classes\P\Internal\Composition.olean.private.hash
B8AB8B9612508EAC9A890642A1EA53F56CE50B16D195993EAC5A644A06B343A2	1648	Complexitylib\Classes\P\Internal\Composition.olean.server
75A3C4D1E9E69BA4EFF915E4965CF7657F2180DC5150883BB5079E3213F27D53	16	Complexitylib\Classes\P\Internal\Composition.olean.server.hash
24971763EED637CE7BD681426916931D5FE0EC484288233410A341B246F74089	3951	Complexitylib\Classes\P\Internal\Composition.trace
FAA1C9900827DA353C6BD519AA7ADEC06C56588CC693D2BA2BFE300A3728FA4C	5346	Complexitylib\Classes\P\Internal\NormalForm.ilean
6868366137338815A06715E14CE5778F9A2E9FDBD94F99DC18372386E0D42560	16	Complexitylib\Classes\P\Internal\NormalForm.ilean.hash
66DBF70DE3B3A42B73FD234ADAA885E7D98AC2A4F793BD479A8342E4EC228873	1576	Complexitylib\Classes\P\Internal\NormalForm.ir
E7107A9F611C83C43E713641654DB4D6770170ADABF62844EC0738222AF5CF18	16	Complexitylib\Classes\P\Internal\NormalForm.ir.hash
C9A278D880175356D31C4ED1F724B8322B752BCA0BF74080245D82E66EBF520C	176	Complexitylib\Classes\P\Internal\NormalForm.ir.sig
08614D81B50B4AFAA7109FDBFFA603F230C58F45884D5D9121689992A4164959	16	Complexitylib\Classes\P\Internal\NormalForm.ir.sig.hash
EDF7DCEFAF96FD302A61957EFE2126D0481FD28F37E8B75F005C72BB2AACCC77	9352	Complexitylib\Classes\P\Internal\NormalForm.olean
18491B2BF68B332D978B6C8F06DB713E75A1EFD9942C5870694342674863CFA3	16	Complexitylib\Classes\P\Internal\NormalForm.olean.hash
AEC69FBEFFDD52C1CCC1B82A90C7059828AE579E18B5ECAFFB6D38F563BC5C2F	32064	Complexitylib\Classes\P\Internal\NormalForm.olean.private
5F3B886F2F4846E9D4308F1C43AF8744B37CB323C4AC34793A8BAFC08C81172E	16	Complexitylib\Classes\P\Internal\NormalForm.olean.private.hash
B2740A656A1A08F9E6432F233E9D93E451751B772D3F10F861C2B2B6023398E0	2200	Complexitylib\Classes\P\Internal\NormalForm.olean.server
63E19D0BA2A1977D7A9961F8DD86ED30BBB5EA56EF5C0AF4E2D78FAEAF637FCA	16	Complexitylib\Classes\P\Internal\NormalForm.olean.server.hash
DFE681B8139C644F4B91FCD4BDB795BFC16D202352578226BDF1FBAA977452AD	3487	Complexitylib\Classes\P\Internal\NormalForm.trace
BB23F56E7CF6D43EC378D94A32D6BB3AAE28EA04DD973C76C31EBEAA48C37592	3466	Complexitylib\Classes\P\Internal\Preimage.ilean
109704394F642400BD8667D859AA1FE1A8C067CD598D5B4CF5EBBFC4F91A4971	16	Complexitylib\Classes\P\Internal\Preimage.ilean.hash
A3BC320C4BE7B5CEDD2FFFAE423A7A0ED907353E0E0F30B48DFC590A03D2F38B	1928	Complexitylib\Classes\P\Internal\Preimage.ir
0EAEF5187FDE6B908B199969E6BF93F1C5188BE87ED29F1B3D45AAAC5151FA60	16	Complexitylib\Classes\P\Internal\Preimage.ir.hash
377F6BBE16D4ECA2B5C2C8A1E264D7E9646ED3FEC8C5E544C52C8880269C34B0	176	Complexitylib\Classes\P\Internal\Preimage.ir.sig
834D23C7F2CC13BF7871A770A201F27DE99AD127135BC21B83F15B9D5AC5CFF1	16	Complexitylib\Classes\P\Internal\Preimage.ir.sig.hash
214E8C17EE52433478C1C856582B01D1FB7F2AC2E80677652D9C2CA499A626D7	6856	Complexitylib\Classes\P\Internal\Preimage.olean
4014595D37BFA543F0722926096CC93DB4B642825691EBE36BC041D66A84D94C	16	Complexitylib\Classes\P\Internal\Preimage.olean.hash
D766A3698F02DF71A675828D5890567DF4DF586BDB54C55449A71680717DE479	30904	Complexitylib\Classes\P\Internal\Preimage.olean.private
0889F58F60B0EAA6BC4984B897CE0CC91FF4BC56D0D86EAC232547F7061ECC15	16	Complexitylib\Classes\P\Internal\Preimage.olean.private.hash
A92B3C21A373ED6653EB7D17F44343DAF7DDF292E57DEA040B3E2C9173BEE2D2	1712	Complexitylib\Classes\P\Internal\Preimage.olean.server
5ACF1418464EC496E97BA5646D4864C6443F1B013956BDFD3AFCE4148F26F2CE	16	Complexitylib\Classes\P\Internal\Preimage.olean.server.hash
121B98D0B45EAD852835180D0C8BA28AD389DABDBCA918ADAA0F13AC097EE371	3719	Complexitylib\Classes\P\Internal\Preimage.trace
68998124B4D9CDEC4005CC46A61E4AC648F5A8200F42560AF9CC9420CD9CBA67	3426	Complexitylib\Classes\P\NormalForm.ilean
B3222A7487AF276E5475D2AB4285696C7599E3BF61E1BE46883F6C0792A9A462	16	Complexitylib\Classes\P\NormalForm.ilean.hash
79FF226AA14B072BCD7C92E87B36A3C5D31B97F84F401E42B5372BDE9E25E1E2	1664	Complexitylib\Classes\P\NormalForm.ir
0BA5D4BA38442C1151AE1772A3DE3C52ED2CB462EF29D00D48648853CD6D2B89	16	Complexitylib\Classes\P\NormalForm.ir.hash
FFD5C7D628A04377C33817AEF476C3EC35E69D5EE6998EAD7E4E881F536CF3A7	176	Complexitylib\Classes\P\NormalForm.ir.sig
202A2082111BF151CBC135072A454203A43A84D4998C1609157B512EE1E4204A	16	Complexitylib\Classes\P\NormalForm.ir.sig.hash
298BBA46AE0A14CB2FB315289DA10020553716DA8E725BBBCFB84A71A69BEBA7	9424	Complexitylib\Classes\P\NormalForm.olean
13861A88784F68B020626180CC49FDF865A6EE473445601D4C2291EB13AF5865	16	Complexitylib\Classes\P\NormalForm.olean.hash
B7B28111048E7CABF3DFDA58BE471BBB44501033883D5B734C7E28F572D1C5CA	2000	Complexitylib\Classes\P\NormalForm.olean.private
30765A1FFC768C2617B3D3B7A52737C69A5490ED790C3DBE08789887A08B02A0	16	Complexitylib\Classes\P\NormalForm.olean.private.hash
BC779B2A5C5790F32E36F6B5247252DA62A57254E7C6C9BC993B664813D4724A	2408	Complexitylib\Classes\P\NormalForm.olean.server
70119DFEC6D26BA677BB16E3BA44744AF9CA1D48A73F487A65D26CD3917006BE	16	Complexitylib\Classes\P\NormalForm.olean.server.hash
F77D1040E933B6358E97C711D5BC2F5E5DF0977DA4B49EBA7A808D60942EC9DD	3452	Complexitylib\Classes\P\NormalForm.trace
BF910ECC6F17A642428B16ED3DC7C84AB0507D1E7B93A55F7597DB137639DFDC	4458	Complexitylib\Classes\P\Pairing.ilean
C9D76E4FD0447CD9BAE2BAE18D25D0D47C4AE357839F8EC1D80BE4A9C446DB80	16	Complexitylib\Classes\P\Pairing.ilean.hash
4EE5834EF4AFF02ABDB4074EC78D2891BF8275BFC5D7E2CEB770F6F643FC4679	1952	Complexitylib\Classes\P\Pairing.ir
5B03657F32583E9C02666FC80064F0B2E1498C4352629F0ED5F155D1D23ED290	16	Complexitylib\Classes\P\Pairing.ir.hash
AFD848E2AFBC78D08AB3913501A6DE97542B03305606023C00B065F6AEF66F85	176	Complexitylib\Classes\P\Pairing.ir.sig
1AA4151467C860A966203B0398DF26E60AC3D2E145BA01EAB4455DE2B9E56F39	16	Complexitylib\Classes\P\Pairing.ir.sig.hash
C8E6A9B1DC066D0036CAA9F2D27D24AF11488240E4270D917C8871D64E282FFE	10648	Complexitylib\Classes\P\Pairing.olean
2210844BEB37A54A88AD01762151E374A2714CB348E7EFBB5B5743890DA665BF	16	Complexitylib\Classes\P\Pairing.olean.hash
718FEDA0AB76DF837FE4C0D3D26A210FA1B489BABF67D4CCCA9EC2A4FFFBFC86	3160	Complexitylib\Classes\P\Pairing.olean.private
33DEB151058DAFAE7E7D793F20F597E27EC5C09A0BFF997A27434C3AB9B5BF38	16	Complexitylib\Classes\P\Pairing.olean.private.hash
816B1B2619AB3F2D8D94B73122BB5204D678AAAD3E40BC0B99497A8503FF0BFE	4312	Complexitylib\Classes\P\Pairing.olean.server
17AA3AE83F9A428AFBF9B13AB148A0B61EE26E4B8D223C5BA89359FADDC18003	16	Complexitylib\Classes\P\Pairing.olean.server.hash
9B507E7A38E42811F46C36D8E858B1971688F3CB9C86D0BBA042C0C8619ADF51	3767	Complexitylib\Classes\P\Pairing.trace
3B5977D03E081589046A35EB294E6CCD5FEB6C00F77AC65B9223F5D1922E67A7	1286	Complexitylib\Classes\P\PairWithInput.ilean
F084D89716374BBA5285245FCF5C40C38EDB34D292EB5C0BCA8C81C94125786E	16	Complexitylib\Classes\P\PairWithInput.ilean.hash
DEAE7224DEECCF1101516CF840D6D5B33933381B8BED920B6D09F4E721926ACB	1664	Complexitylib\Classes\P\PairWithInput.ir
F7F4D56482EF7A374643E492840009F2834DD2571DF58B6ECF452741067B79E7	16	Complexitylib\Classes\P\PairWithInput.ir.hash
B8E2F43FD495874A84898D32440AA7E0FCE5E5A1AA214FF3E6923026C473D836	176	Complexitylib\Classes\P\PairWithInput.ir.sig
95881E6F347A90FCA0F71EF46365CCC44B7820C847D127E006731234189D3D60	16	Complexitylib\Classes\P\PairWithInput.ir.sig.hash
03B16E2DF0D3D2B811371C36C69BCE1C29498ACC89F51E40B965989ADA743A49	5880	Complexitylib\Classes\P\PairWithInput.olean
6724C8B6923A5223B3A4FAB2ACFADA7AA656F352A8664CFDE8D8B3DE010C4450	16	Complexitylib\Classes\P\PairWithInput.olean.hash
7DD36C77D83D91015AFB53AD9FC7D524F77C5A2B81BA12374AC40C36C956F7A7	1088	Complexitylib\Classes\P\PairWithInput.olean.private
E1F88133B4893417AB5C6586069DAF9AD51D9343B4D5E48B34E6CC0D86526797	16	Complexitylib\Classes\P\PairWithInput.olean.private.hash
62726D19E747E1555042ACAF133E1C5A5CB2811AC29B656E6590FFC4666ACDB2	1568	Complexitylib\Classes\P\PairWithInput.olean.server
2874A2EA36EF3FC85C7148AE597CE5157D6F78A86EED9E82659C96AEC70F96A2	16	Complexitylib\Classes\P\PairWithInput.olean.server.hash
83E803D2C21113EC20FFA704E74DDB3B882674097F3F5E70947C46D684A2A6C0	3479	Complexitylib\Classes\P\PairWithInput.trace
A5FDF0C5EDD0A9D42FB4C24BAAFE8755E85472DE4CA507742949DD4B97E3F26F	3676	Complexitylib\Classes\P\PairWithInput\Internal.ilean
D02E72707B7F5DB7505C013B064F5C701D2F1BDC09DEF17B707A43ACF7BFA656	16	Complexitylib\Classes\P\PairWithInput\Internal.ilean.hash
1FF6189BD779EDC8AFE78DCDD5B6C156EB305665F3ADCA719503DBA7A4A79F38	2008	Complexitylib\Classes\P\PairWithInput\Internal.ir
DE57F776F8F79920A91B90FD4CFB4A945A8F12BDF7FC185C35E0E17110213EFE	16	Complexitylib\Classes\P\PairWithInput\Internal.ir.hash
963311C6FE276F15BED3B9F7E1D015FDC0D837070158CFE574DFB619A73CA236	176	Complexitylib\Classes\P\PairWithInput\Internal.ir.sig
6624713E741485579707E759DA480A2A3E155FCD925EBF73DC69D5B998AF391D	16	Complexitylib\Classes\P\PairWithInput\Internal.ir.sig.hash
10B12C8392DDB942DEC941805380EDC74C453F8D4DDD3B3BD6DA985D9A06D45F	9864	Complexitylib\Classes\P\PairWithInput\Internal.olean
DED9CD5CE7B1BF60DEE3CB9944307810E8F9A283456697A6C9D9A2D133C55AAB	16	Complexitylib\Classes\P\PairWithInput\Internal.olean.hash
913E76C279955EEE8BCF27E983B2214C3A8A65FB794A9D89B6CE304BA2051EC3	28432	Complexitylib\Classes\P\PairWithInput\Internal.olean.private
916E0AEB8D25047D8CD003500CC95B20D31CD33AA11E6C791E98CC1AE13BAD73	16	Complexitylib\Classes\P\PairWithInput\Internal.olean.private.hash
1007A2CC2B346C447A02E75D5E5E053DFC6C476B76F8A0DB3E9CB127C6578967	1440	Complexitylib\Classes\P\PairWithInput\Internal.olean.server
8A9E5D8D3212FC766B5DA9910CAEAC401E885CBD99F2C903A6FD250476FA4BF4	16	Complexitylib\Classes\P\PairWithInput\Internal.olean.server.hash
CA9B542D9F2A9D6CEF0BA7D1ED17E2DCF8B48C2F0D3304B8B7326D41E929D86F	3782	Complexitylib\Classes\P\PairWithInput\Internal.trace
EC2B0601B7A8605D3A28496055D93CE9BFEC0D6928F792E50F91007BB678CF0B	1355	Complexitylib\Classes\P\Preimage.ilean
E7CE41D157CA3F00DBC61156B2B7AB879ACE8D6313AA7FD4A4F5D7E467FF68CE	16	Complexitylib\Classes\P\Preimage.ilean.hash
85401CDF70E91A55822CA69DC817D6930E63DAC641C63761A5306860EDF790D3	1664	Complexitylib\Classes\P\Preimage.ir
2CA481EE4D00316D551B104880FA4D06E73BE74ADB669866A9D7A804F9B3472F	16	Complexitylib\Classes\P\Preimage.ir.hash
BACAC452A458F4CC613734A072B2BC09EC76FE27B51CF473CA14D6974E87C6FE	176	Complexitylib\Classes\P\Preimage.ir.sig
A0D09F662E46330E603CB504B8C16976EF06AAFD9A846856782BD741FD6BD594	16	Complexitylib\Classes\P\Preimage.ir.sig.hash
720B3AED0D3AB198017E58EB7D3A87112C1B71F19255C60893A4F94B1A46313F	6584	Complexitylib\Classes\P\Preimage.olean
C5E1FFE7E6DC452BB36F218817DAA3FB00DEF5BE1479CDE8ED717FF1ABBA52E6	16	Complexitylib\Classes\P\Preimage.olean.hash
7F20A16591088A8BB61DC05BF3C01E7A72F2B9BEAD5AEC20493E229868B900AC	1560	Complexitylib\Classes\P\Preimage.olean.private
D8823B9D6B7EFFB634C1305FEEE459E1248F38B2984EBD8A0E9D69C3568724B0	16	Complexitylib\Classes\P\Preimage.olean.private.hash
6C0E3C8499347E67719780E2CD5FDC4AE2ECEB6A452CB13CD3F9E6E8B3AF98E3	1576	Complexitylib\Classes\P\Preimage.olean.server
496D64C654CE3FE97318C9BFD14894BB999A2C0FE867E0416FEF59FB1139732C	16	Complexitylib\Classes\P\Preimage.olean.server.hash
7ED3E5776B3CF23C39F72AEABA024F6BE02FE0167E24251A72A25891A4871C7A	3434	Complexitylib\Classes\P\Preimage.trace
8465F96E93CCA7FA93B168B9768107B96A5ABE0943C29547F7916A95349CFE09	1373	Complexitylib\Classes\P\UnaryLength.ilean
D16814FA5D784BCE96838708A49DA54029D8286882BC3851135CBB280D7EE2EC	16	Complexitylib\Classes\P\UnaryLength.ilean.hash
E0DE361D7780D6569E53D8F8847C49AE7B0761F6C3935CFDEA46A05DE7E0C70F	1664	Complexitylib\Classes\P\UnaryLength.ir
CD7D077EE42DA45C7B9329D5FF34653556DE62CA475F1754CE2B4E6034CBBE81	16	Complexitylib\Classes\P\UnaryLength.ir.hash
9AC0779260055260EE7C805EEFF73C1CA35B77F03EFD31B7A8C6389D9A17080E	176	Complexitylib\Classes\P\UnaryLength.ir.sig
98F9D994B58DD2B47EA3F41D790E08B3F6A62F9243F09467CE3D6FCAA1D7E94D	16	Complexitylib\Classes\P\UnaryLength.ir.sig.hash
947AE9E1C41CCB5FFDADC4749D7E14B300A8A9AB5863221370AD52567ADF5BD7	5784	Complexitylib\Classes\P\UnaryLength.olean
831B71C5057D2E8DDAAB37F7ABF24A7BA8775474C86B101FB04FB735302AF159	16	Complexitylib\Classes\P\UnaryLength.olean.hash
19FD900F2DE4D3462F85202F45A33CD3600A0773A95BA52E55B6B29A965EE170	904	Complexitylib\Classes\P\UnaryLength.olean.private
10D92B9823DB7B8B3D9AE578272D7847A974632FC09F5F2BD05CDDACCCA25D8A	16	Complexitylib\Classes\P\UnaryLength.olean.private.hash
4060D1BEAEC98A1BED18316392C7F8D28DED4D35F8752F44E978D2EB8B3F343F	1512	Complexitylib\Classes\P\UnaryLength.olean.server
CD40A35508A96C8C4048BDEC4EFEC4DD487352E29B98EF1B02E41F20D55AF7A6	16	Complexitylib\Classes\P\UnaryLength.olean.server.hash
D0A4A995C808914DC26B7983C1407E4938366800F8FC046C63D373DCD71248CE	3461	Complexitylib\Classes\P\UnaryLength.trace
B68E79D277F4A76FD0F01E220448C716DC893B37CF861E5B3BE422DEDF642A3E	2722	Complexitylib\Classes\P\UnaryLength\Internal.ilean
18CE9F8785C7F10A19B87DC8BCAE2EF42DBA1B6E9B9AE4A425AF05533AE67BD2	16	Complexitylib\Classes\P\UnaryLength\Internal.ilean.hash
125DA8ED11CC71670C3F9EE1E3B6E78412D766555E0890F09773199CFF2A729B	1920	Complexitylib\Classes\P\UnaryLength\Internal.ir
EB41B16FD1A13FCCADE4B24DE1735D544A71811F275E97856D98ED37EB228989	16	Complexitylib\Classes\P\UnaryLength\Internal.ir.hash
2E706765006C4FC4362D7D8039C9440F1CB282CA5DE4C4CB81A4F96FD699D296	176	Complexitylib\Classes\P\UnaryLength\Internal.ir.sig
979BECC2B8AC7A508752990DA185139CB776130FDC128BC73454F34B76E7D3D1	16	Complexitylib\Classes\P\UnaryLength\Internal.ir.sig.hash
D86FB852443F2BEAE5842668B8E00BCE7422B47ACC9862814EC406A1AA9011AE	6048	Complexitylib\Classes\P\UnaryLength\Internal.olean
C37D2EE3CEEEF6E06B75595065C538E334ABCB1307D43A9FB47C0477E2900258	16	Complexitylib\Classes\P\UnaryLength\Internal.olean.hash
B4E79E711637076F33B61BF00E33E2999417BEB95E0675FA64BF2B5B8DE4B1B7	11344	Complexitylib\Classes\P\UnaryLength\Internal.olean.private
CE68D743466270B8013FFBF3087BE2263BDF8052B1FD526786EB7695F57BA374	16	Complexitylib\Classes\P\UnaryLength\Internal.olean.private.hash
98A7A3C01DB6CB4733A0B7ED9B385570F270D9523D61C4051D180031AEEBC21E	1440	Complexitylib\Classes\P\UnaryLength\Internal.olean.server
1E0F44BB77D7D715BAF805BCA19B5C31A389A0E3C9A735B686F017BC8D89C82A	16	Complexitylib\Classes\P\UnaryLength\Internal.olean.server.hash
5D052877689BE6821A5EA6B6CCCD1BD1D48397A6ED5C2EE953C1BA7C34E3EDC3	3727	Complexitylib\Classes\P\UnaryLength\Internal.trace
B8AD4BE4B28880F46A6BF1611A1D00C7EF9DB9D77FD1188655B88CB558CCB84C	2795	Complexitylib\Classes\Pairing.ilean
AC5A3D54F659FBB2C1B9E28870305378479F9E6A23EA861F8B62A1B3673C08D1	16	Complexitylib\Classes\Pairing.ilean.hash
BE4B9FB7FBA0D73B3E2B0B8EFBECC3A7ED5C4224651EF6F6D0C42723F8E2296A	2096	Complexitylib\Classes\Pairing.ir
5B3076AFB4CEBD608DDF327A7AAFBC31FEB7989429F7ED9B2A04ABB417FCFFF9	16	Complexitylib\Classes\Pairing.ir.hash
4C5118A9A85DD870B567683C84959E5FE8AA172BF5DA2EF39811369EEC16578C	176	Complexitylib\Classes\Pairing.ir.sig
3034531618DF04CD90F34A1A5E43280DEC97B24838493EC198C75ED4AD180D88	16	Complexitylib\Classes\Pairing.ir.sig.hash
969A597751766395CB330986793C1189196F956BB49A8329064259BC064B9D33	11416	Complexitylib\Classes\Pairing.olean
5F320AA051321C79D5EF01240322A6AE4FAAFE8A46B633537D4EEF28CE0B7826	16	Complexitylib\Classes\Pairing.olean.hash
DDC2268F44B12C49A1E91F1516475B883CCF9385D67A347B5F5E32D3C9548BEF	9392	Complexitylib\Classes\Pairing.olean.private
F305AEB7C30EA19A5DA441298C76C954FC69A903108D7BB133C4FB48B658E4A7	16	Complexitylib\Classes\Pairing.olean.private.hash
FE6AFC1EE20E0DA75F733CDEC1969FEA93D42EBD9AE83F6F7A9147EB665C5653	2472	Complexitylib\Classes\Pairing.olean.server
4ACCCEF7A1BBC85EC1C244E6A0598F5536DBA10DE7F7919864E99BC8B390B4AC	16	Complexitylib\Classes\Pairing.olean.server.hash
8255DCDE50AEF4204FE2178D85573B0846AAC8B09E2A33D2B5918F5C23ACA5B2	3745	Complexitylib\Classes\Pairing.trace
4E55ACF31EFD1DD946FC6EF04363F3ED5E7C77E697F8D49D5C7D69757AAF217D	12159	Complexitylib\Classes\PCP\Defs.ilean
69B7A81183DE6134127DFD9EF3B6F3D37BE706FCCA6EC31AEBF05C5E46B435A3	16	Complexitylib\Classes\PCP\Defs.ilean.hash
62B8F811E47E9AF384CBF696AE0BD6C8E25438F34F5CBFB79ABDF1CE529E7BE8	7656	Complexitylib\Classes\PCP\Defs.ir
8DCE2A0422093218D9FE83F58AFF555DE811B5FF54CA6A1E83EF77DFA6E3EE65	16	Complexitylib\Classes\PCP\Defs.ir.hash
41CB8B535B6CD1A13A19BBBA467C4897EB15060C6E403CDCD3F7E3FE2BB9B764	176	Complexitylib\Classes\PCP\Defs.ir.sig
950BCE8C9DA401B7448008F9630124626DFD570A9EF836FE5C5600B10FDC1BEF	16	Complexitylib\Classes\PCP\Defs.ir.sig.hash
633E813A21DA70355E00A91945DFCEED32576F6D7CD40E367403B8D94C88FD69	61440	Complexitylib\Classes\PCP\Defs.olean
83D47C8F189F5DD2ADAE0524C71CD333623C855E07AF5C5C20AD8AC888234385	16	Complexitylib\Classes\PCP\Defs.olean.hash
0F9C7C516FE63215183F39131D3A3CE0D0214B9787E3A38C489EFB1EC61D2362	63928	Complexitylib\Classes\PCP\Defs.olean.private
FE3ECD44CA935E56E74DFF463375CF56823B0CD4149AC803DBF7AE91CB037396	16	Complexitylib\Classes\PCP\Defs.olean.private.hash
858FD1A98D99334F68F72A994C1C59DE738B7434155F7F106D6139D45397E9FF	10664	Complexitylib\Classes\PCP\Defs.olean.server
63A2901AC9024DB69E1B2E0689EC6CEDDB3C065FFAC7655C74DFF0D58B073B69	16	Complexitylib\Classes\PCP\Defs.olean.server.hash
1EA42CFF6846A4FD4A16AAF314DE5853D58099B353A709A70B4BFFC56CD2859C	5052	Complexitylib\Classes\PCP\Defs.trace
EEC9B4533193FE38DD92D00133D29F6938F1CC1AD1DE06CEA63A8605F5035848	41439	Complexitylib\Classes\PCP\Internal\AlgFamily.ilean
BB1A90831B0F84947D2DDCC25E2A728842247C06CE04F97BE78DB42684048FF6	16	Complexitylib\Classes\PCP\Internal\AlgFamily.ilean.hash
2A654F0459BFB4CDBE782D6A77497BD7F0E272705493FC2D4FD6F8531DB746EB	1888	Complexitylib\Classes\PCP\Internal\AlgFamily.ir
00A5A5CC23F2139FE43474E075FFDA4935AA2D6F385BD37D61C413DB875836A6	16	Complexitylib\Classes\PCP\Internal\AlgFamily.ir.hash
AA0D093B598E15CA13FDFF7FCC3643FC03792A90E696124270C12AFE14CDDCE6	176	Complexitylib\Classes\PCP\Internal\AlgFamily.ir.sig
A061096A8CA56E286DB632520F946C6AF55A084798B35C25F39239EB663E8F14	16	Complexitylib\Classes\PCP\Internal\AlgFamily.ir.sig.hash
EE6AC396EB33B1DE017534CABF900E9BD560C178839B8F611BFD987DE7EEF855	46000	Complexitylib\Classes\PCP\Internal\AlgFamily.olean
DC737190DCE06F61102A71892A63ED7AC41C048E0DFD378CFF93E1E1031BD569	16	Complexitylib\Classes\PCP\Internal\AlgFamily.olean.hash
21EEF0FA294D1A4ECD8CACB5F554AE5ED0AB9E91DDAC4DF981E590F78ED6E8CA	292776	Complexitylib\Classes\PCP\Internal\AlgFamily.olean.private
1F167ADA85802B768EE1225E22010E893410A122F5403A2811874E9102F2A264	16	Complexitylib\Classes\PCP\Internal\AlgFamily.olean.private.hash
FAB7EA0D1700300560F23FD447269CDC25555AA1FF7E601DBCD762FAF957D975	6584	Complexitylib\Classes\PCP\Internal\AlgFamily.olean.server
7DF6757CE0782811EFC2DE66210E0DAA14616F49F4ADDE17969E6DFA1A9EC637	16	Complexitylib\Classes\PCP\Internal\AlgFamily.olean.server.hash
B1978E91D58991D7DC5E18BEADBD415F028A8E99F84E4FE8BD37DB08BEEAF10B	3943	Complexitylib\Classes\PCP\Internal\AlgFamily.trace
CE0C2B90DED5D3CA0FB53D70231D2FC47D801A069E2B912FEBA8F414A2910734	37410	Complexitylib\Classes\PCP\Internal\AlgLevel.ilean
77A0F88B537444E4F62EC274E9DB034DEEA548480B28D2CC6B7153DF68ED9460	16	Complexitylib\Classes\PCP\Internal\AlgLevel.ilean.hash
4BAE9240CE57CA1CBA6EC92C18EB8919043144F92C401A974731953BF2E78705	10016	Complexitylib\Classes\PCP\Internal\AlgLevel.ir
B5A0A702516674A05210FCCB8F96152AEB894BDBBA46A5E04FD4B6BD88BF67E7	16	Complexitylib\Classes\PCP\Internal\AlgLevel.ir.hash
F62EED4C3EA5D388E8C9AFB61B28064F0ABBED68063214E4B4796A520316DE42	176	Complexitylib\Classes\PCP\Internal\AlgLevel.ir.sig
CB1C90BE4A17962E8A39235D0D13A50A68E2C403A340D1DB5A6FDC336D320CAF	16	Complexitylib\Classes\PCP\Internal\AlgLevel.ir.sig.hash
BA885132CE4BF35D18F5E7D3A063B4386D57B7C3969966D93BD051D591FD9F7D	76888	Complexitylib\Classes\PCP\Internal\AlgLevel.olean
97C1D6AF47BDDF86D9D1390D42A7D647A7BFE851B6E0E803AD8EF863AAD81F94	16	Complexitylib\Classes\PCP\Internal\AlgLevel.olean.hash
6A883C282D79F69771F989742D98492F03A4C7E99C0CC7FCAC6A38F82A2AAE94	494040	Complexitylib\Classes\PCP\Internal\AlgLevel.olean.private
644D43359D7341835498B7DE4B25DCE244A235DFB6B133086829E18DE3BE041A	16	Complexitylib\Classes\PCP\Internal\AlgLevel.olean.private.hash
2E82834837597FE49BCDC51EB89BEC6A161441E9F2EA6A8D1C9AA766648F3427	9376	Complexitylib\Classes\PCP\Internal\AlgLevel.olean.server
98A6669EEA7C069AD4A611DA0EE56D96B63F41CC7FA9BDA4F50CDC10EB98CE61	16	Complexitylib\Classes\PCP\Internal\AlgLevel.olean.server.hash
D85F6BD87A97BF7A5FF257206A28370E224BC929A73E2CC2016DB1885C3A2E13	3733	Complexitylib\Classes\PCP\Internal\AlgLevel.trace
CBC10C130213D459E32D65B36BB5CCCCA84B7AE9947488BB7BD80A243B1DEE17	12664	Complexitylib\Classes\PCP\Internal\BinToUnary.ilean
0840085052998018DC43E2EF5D0051642CE7F75413FDB6D27D831ADF8F6BA883	16	Complexitylib\Classes\PCP\Internal\BinToUnary.ilean.hash
8FCAB84A8000019AEC945B920425F8C7AEDDEA9634AA5F59F5018423677AED71	9000	Complexitylib\Classes\PCP\Internal\BinToUnary.ir
AF6052E9489E4C8103222A3F3FF84AE49787E9DB57833CAAF15459932A76020C	16	Complexitylib\Classes\PCP\Internal\BinToUnary.ir.hash
DF0F21F3BAB3C1D6C37F61CBB1EECECD2FD773CF29DD1BB9EE6FA31223542E79	176	Complexitylib\Classes\PCP\Internal\BinToUnary.ir.sig
779DE85057D0390B325D789FA995E9FE1D0EA03B53A6088A8CDBA6ED8D8A38FF	16	Complexitylib\Classes\PCP\Internal\BinToUnary.ir.sig.hash
B05CB410A168A2F36AF757EB36FCC6D278C2652A720CBAEC6B819EC6E80A3D9C	22520	Complexitylib\Classes\PCP\Internal\BinToUnary.olean
C757FDEC3D58B2DF403D24A7F4C4E20717324C6BD8AF0132ABF4444083A39B5A	16	Complexitylib\Classes\PCP\Internal\BinToUnary.olean.hash
387CB2B18E5A7469F587D81025C24620B6035493571F19861C44E9E67B897394	128384	Complexitylib\Classes\PCP\Internal\BinToUnary.olean.private
1E8C3E73B23D8A7835CEC2470576A4B5895E20BC83672ACC4C5803B45C8CE6AF	16	Complexitylib\Classes\PCP\Internal\BinToUnary.olean.private.hash
6887086D6BC0AE3D687670635ECB91EE2CCAAACC439987F23820C466946ED073	4824	Complexitylib\Classes\PCP\Internal\BinToUnary.olean.server
11C83456B0799D207B0F4E9ECCA040A03475192532C69E7F227965BC87FE20DB	16	Complexitylib\Classes\PCP\Internal\BinToUnary.olean.server.hash
5A82ED2E08AF04BF354574AE7FEB459630346C13C509E84BE41B87198A44DD30	3538	Complexitylib\Classes\PCP\Internal\BinToUnary.trace
2A0132B5E5875958890719230CE76700D2F9767E2E7ED3A3B53DD1C7639EF08B	75314	Complexitylib\Classes\PCP\Internal\Cheeger.ilean
06121B58058170518B2EAD407E2941AE1130855A24FC1C738F9BC09FCC6ED635	16	Complexitylib\Classes\PCP\Internal\Cheeger.ilean.hash
345196EBD176F809F6EAF31B652B5022B1366E15655310A96A66DF1A32B23E9E	3000	Complexitylib\Classes\PCP\Internal\Cheeger.ir
6DFE69716BE79E4B88AB68A6FE4C7E620EA708F3F0182263B4533B6E2F7EE8CA	16	Complexitylib\Classes\PCP\Internal\Cheeger.ir.hash
1722AF185DC8BC96DE1DA2F0628AD1B883FFF1C37FF27F1ED52A9A9BF4B13F92	176	Complexitylib\Classes\PCP\Internal\Cheeger.ir.sig
2B4C73D8EEB0FBF125A40AB965D4498B1A5EE33381E57CDE0AAECB488574E730	16	Complexitylib\Classes\PCP\Internal\Cheeger.ir.sig.hash
A7A3B73517304BDF4269EAC2994E7DE674823E640CC01FF384DA1FABB3012110	59784	Complexitylib\Classes\PCP\Internal\Cheeger.olean
328CEE4107E270AB5B788AB7838F7680772050BBBBD0224D47AFE3B217C094EF	16	Complexitylib\Classes\PCP\Internal\Cheeger.olean.hash
D437B5BC4B12706CBCC37DF3DA5F6D49BDDCAB896EE93594A872CC4F49FD674B	1496056	Complexitylib\Classes\PCP\Internal\Cheeger.olean.private
3FFE0A56EDB72BA2D958C1E04FB779C71EB67CEA4578509DB633B65CFBA9FAD9	16	Complexitylib\Classes\PCP\Internal\Cheeger.olean.private.hash
7BC48918B76A98CB9B8A8B2774FA43F2B95D9E929592C197FC2F94F9A105174F	12712	Complexitylib\Classes\PCP\Internal\Cheeger.olean.server
E2A0E8A4FBDEAE892B9DD9F15D8958C0C9FAFAE8A86A7A92C983EE459CE8F9D2	16	Complexitylib\Classes\PCP\Internal\Cheeger.olean.server.hash
EB7F31E3543D90F3F544FF75FCD1963A5F943EC9F5759FCED7DEE240592412F2	3736	Complexitylib\Classes\PCP\Internal\Cheeger.trace
A52ACD8D770BB97AA75F748A5982B6F6BCD890634FBD4E8DAA46502C216960C0	18219	Complexitylib\Classes\PCP\Internal\CoinEnum.ilean
0D41EED8A1DD8CD6545A22A8D650655375687FF1334AE6788FC3FE9B9639AA13	16	Complexitylib\Classes\PCP\Internal\CoinEnum.ilean.hash
1523A1D0F8C5E6BEEEF83FAEBC2F5BE0980DDA07B5CA35D9DCAA9AD0D8B3C7A6	3864	Complexitylib\Classes\PCP\Internal\CoinEnum.ir
B2C272C6EB942228C5E0D183B80FE4F4A70D6AAAD92F45A504AD211A27FA86EA	16	Complexitylib\Classes\PCP\Internal\CoinEnum.ir.hash
EB609A19A29011E173CB7F227C63815448886B589418918633441A30C8528BBB	176	Complexitylib\Classes\PCP\Internal\CoinEnum.ir.sig
D21996AE480FAFDEE78E6050BB0A5D885E143FC539BE486EB5FC398CFBEB6FE0	16	Complexitylib\Classes\PCP\Internal\CoinEnum.ir.sig.hash
0A198E4219EF99B55EC18F969ACEA44E5DC0CFCE4971E3D04C7A0D784AB5A036	29568	Complexitylib\Classes\PCP\Internal\CoinEnum.olean
6A1D182736523FEB162821BB836209722B901E870562684EB2D68C73D1894FEB	16	Complexitylib\Classes\PCP\Internal\CoinEnum.olean.hash
F9B2C59A1F90C7211BA2B3C01BE85D5DAFEBDC38B21916D4B6131E09088E5725	119608	Complexitylib\Classes\PCP\Internal\CoinEnum.olean.private
5FDABAE112EF0DA10B9E590EC6FBC1C4B2DCDDBD051E94A1883B3B9A0B5ADFAA	16	Complexitylib\Classes\PCP\Internal\CoinEnum.olean.private.hash
960B276B6817A4B91A7700E2803DE2EAD26811B1CF38EC3BE45A51DA90CAAAE2	5712	Complexitylib\Classes\PCP\Internal\CoinEnum.olean.server
27D0958E5C4D97C805B57586B3B93291E63B35CFBDA1B8D7237C0F387E1F4F37	16	Complexitylib\Classes\PCP\Internal\CoinEnum.olean.server.hash
105A451C6B80C4E849A7CB8FCAD441DED229E6DC34A2D2DBD594F50DE9CC94A4	4420	Complexitylib\Classes\PCP\Internal\CoinEnum.trace
EF315BA41410489754963B3A257A37FEC7CBEF9FE7FCA7F7A48B251BDFD16C24	52977	Complexitylib\Classes\PCP\Internal\DataScan.ilean
615BC41CCD2AB42446C73A90ADC0155170C5199D1B615E728747BDF32B58906F	16	Complexitylib\Classes\PCP\Internal\DataScan.ilean.hash
3289C040789FFECC61EE0D1F29E3BA1DD0B173DC297774DA488FA133C8E2CD2A	17800	Complexitylib\Classes\PCP\Internal\DataScan.ir
E9DE483690E79BA5723544C13662636C42AF05D7A62C91B549310F2EEEF9CFD1	16	Complexitylib\Classes\PCP\Internal\DataScan.ir.hash
9851EE03D7A4D3EDD94B7F0FFC08C08E881BF4447CF6F5323F1AA7F6CA93E7C2	176	Complexitylib\Classes\PCP\Internal\DataScan.ir.sig
E36A43B934BEB3D4F2441BD17FB912D6A1FA5D9D67CADC1F4AF457BC3EDF23A6	16	Complexitylib\Classes\PCP\Internal\DataScan.ir.sig.hash
FDE0E6CF1BDBAEB3EFE29BB80CDF2E9723DCDF683AC9828AF0A930CC35A1C66C	63144	Complexitylib\Classes\PCP\Internal\DataScan.olean
D1A9BAE4A91F8D575F82DAFF29873206CFA85A799C9B88CEF8C9520646ABA535	16	Complexitylib\Classes\PCP\Internal\DataScan.olean.hash
DFB4428D2E0A315A98612AC5D25F3FF38003C221435B3B6CC46F94152E26F2C0	401720	Complexitylib\Classes\PCP\Internal\DataScan.olean.private
90399314B67BAEB010AE9D0E7446C09A3E50D94AC8C58623C8238E03BD9196C5	16	Complexitylib\Classes\PCP\Internal\DataScan.olean.private.hash
CD50136807C2D2F279804E839394A5E77B13A4CC0A999599D58D488C24AD768C	15664	Complexitylib\Classes\PCP\Internal\DataScan.olean.server
E815A65CA03B0351A8B4370681B361D8DF0BC9A2982926BAE0933A754DF1C641	16	Complexitylib\Classes\PCP\Internal\DataScan.olean.server.hash
B1862D1149347D4D94A9DF7B513FD4EF2F54BFED3DF580F53E3D6502F754267E	4515	Complexitylib\Classes\PCP\Internal\DataScan.trace
993F377A6D63AAE1742412F1932B4180867911E8AF3E2276A851A6F882C82AB8	19456	Complexitylib\Classes\PCP\Internal\DataScanSpec.ilean
E4A8A87648A5BE4A2560000A123D3753E3F9662DC4943DB1DC7A60F301E2E354	16	Complexitylib\Classes\PCP\Internal\DataScanSpec.ilean.hash
C05D4A89F4EE441934FC021B9639FD2EB53DF4693564F8740BDEA583C4E55415	13008	Complexitylib\Classes\PCP\Internal\DataScanSpec.ir
F8C10CC80E85389CA04620A12AAD11D31B66EE9710E4D32E0CF9034AB57936D9	16	Complexitylib\Classes\PCP\Internal\DataScanSpec.ir.hash
8E5B23ED0B66BEA89E2E6AD1C47D3611B3690B3445A1E956A8411F7469C31F60	176	Complexitylib\Classes\PCP\Internal\DataScanSpec.ir.sig
29D5F2788BDB46C1F28718BE3B5E264459686BC4FE15DF341C86EE3484DDD12C	16	Complexitylib\Classes\PCP\Internal\DataScanSpec.ir.sig.hash
4EAFD1474852A2A4AFFE51635E0C1AF62ED783D6127703E72067DDE35393FAFD	36496	Complexitylib\Classes\PCP\Internal\DataScanSpec.olean
59F9732837907CEB3A05E9B47847E293B970119F151CDA5C9FC651787E85FA17	16	Complexitylib\Classes\PCP\Internal\DataScanSpec.olean.hash
ED5354FD0D7BCC54E82AD4CA5DF81A68D93ACB09C9D0E6A831D24BAAE176C2D0	324568	Complexitylib\Classes\PCP\Internal\DataScanSpec.olean.private
94A842FC18AA741F6127DE16636F5AC5893D68B055556DC9DC52F5C6BC36328E	16	Complexitylib\Classes\PCP\Internal\DataScanSpec.olean.private.hash
B0AA9D970D8AA133853E9EDB4B38F55E94016618D124A6021B85BEEC9BD68C28	6304	Complexitylib\Classes\PCP\Internal\DataScanSpec.olean.server
50C1EB46BFF2882171624890E72ABE5534C78CE83E11983BB1AC1D2B74A266E4	16	Complexitylib\Classes\PCP\Internal\DataScanSpec.olean.server.hash
1320711B173D702672D6736B469581B8B0638B08561493C89ACF0A93766B2AEA	3525	Complexitylib\Classes\PCP\Internal\DataScanSpec.trace
D363C852D0CEBF1FAB58A968C61D7A660BF2C8EDB7A5C137874A900DD663A11F	17662	Complexitylib\Classes\PCP\Internal\EdgeExpansion.ilean
E801C18D8FB34CC6CEC6FC5AFE6F55B6E9AE9E69352EBF63D7433007562A07DD	16	Complexitylib\Classes\PCP\Internal\EdgeExpansion.ilean.hash
61BABCC0FF2DF7BC25476363AEA5842FEF38AEEAD6FF08D000FE2AA18483E7A3	7056	Complexitylib\Classes\PCP\Internal\EdgeExpansion.ir
A02CAEA91E7C4BD86490EF4A2D76FB0518EF5B0411BCBE4CD03C67246EBEA59E	16	Complexitylib\Classes\PCP\Internal\EdgeExpansion.ir.hash
5C6BD48BE7E29211C4D366A7D83FDC12E03B41C4E956A81746E0B9149F16E7CF	176	Complexitylib\Classes\PCP\Internal\EdgeExpansion.ir.sig
C84BD1D456B51C9F432142CD60B2304E8250DA2D66467E3B9FADB64E63E4AA94	16	Complexitylib\Classes\PCP\Internal\EdgeExpansion.ir.sig.hash
1D57C9DC3E18864BACC1FA884A73DD4575A9CEC64FB77CAC72EC5BEA6EF8CAF5	33296	Complexitylib\Classes\PCP\Internal\EdgeExpansion.olean
7143B9C2E1F66B3E0951FEDA186D2ADAB3178AE76186491442E462E07BC40333	16	Complexitylib\Classes\PCP\Internal\EdgeExpansion.olean.hash
447308102AAE26D18ACF4CF2222574DBBE7BD41F998217E02147439ADBEE0720	395600	Complexitylib\Classes\PCP\Internal\EdgeExpansion.olean.private
D8AD72587A8C76C6E9957A9DA2A5F3511ED198407D5098926B40C40F899250F7	16	Complexitylib\Classes\PCP\Internal\EdgeExpansion.olean.private.hash
14A397FBAE528335444D1CE36E04CD6A8131842437A1241F19882D11305FE1AF	4672	Complexitylib\Classes\PCP\Internal\EdgeExpansion.olean.server
5CC1BEEAD82B59C0CE19F46FDB8C877A3EBBC33A989930E17DDA84B76EA0E803	16	Complexitylib\Classes\PCP\Internal\EdgeExpansion.olean.server.hash
909AF24716ED1B559BF232593F2DEB8545A1C1AB516BD19086BCBD496A57FE4B	3555	Complexitylib\Classes\PCP\Internal\EdgeExpansion.trace
413F8A65038245BC1E2C2117A2612655B79DDCC4B8A6FA2869AFC19CAAC4A461	16276	Complexitylib\Classes\PCP\Internal\Expander.ilean
9BF24549F0F4E51203F59E1B90AF9107FA53D78C7791F1495F6FD04A2D410BC1	16	Complexitylib\Classes\PCP\Internal\Expander.ilean.hash
0BB03FD27F00B80FD26EDB69899CC5C25C6F0213318979561FE0A66A5C7E0636	4560	Complexitylib\Classes\PCP\Internal\Expander.ir
D6E9A9ED7776F333878F4B3AE2D703012CEE3AEF00EF35447205C1E11E5395B6	16	Complexitylib\Classes\PCP\Internal\Expander.ir.hash
44F129BCF9EE8000D9448E273B0CE630ADAF23D8DD3D0B62AB99F8E506D7329A	176	Complexitylib\Classes\PCP\Internal\Expander.ir.sig
34E71A1EDD7B07DA72AADBF20C7E0DEBA4582970250F46D312F96483D021A1FC	16	Complexitylib\Classes\PCP\Internal\Expander.ir.sig.hash
5AF25BCD120F3B85B85E26116222F7575E43397995A929BD24EEBBD2E626B993	72512	Complexitylib\Classes\PCP\Internal\Expander.olean
5785C2B28178D07594F5AE55F178174587251EA8BC79FC5D064DA96023CE9B51	16	Complexitylib\Classes\PCP\Internal\Expander.olean.hash
5DAD597EFD40079085CFFC601A03A6AD481BD91177526B3AC7BC03B0BF59CE7F	89376	Complexitylib\Classes\PCP\Internal\Expander.olean.private
A516318D583C164CE3C23194253116223B14EAC16569065522019BA681C8D2D5	16	Complexitylib\Classes\PCP\Internal\Expander.olean.private.hash
58EAD852207349C1DF94396856264B09E5D07070C2555DBAFDC443C9A5DA38B2	9784	Complexitylib\Classes\PCP\Internal\Expander.olean.server
1B0493333D52CBFF69A46F7F6312EF93B61A506C4A85DD18056C0961C9D59EBA	16	Complexitylib\Classes\PCP\Internal\Expander.olean.server.hash
593DC9AD322C88CEA9D8AFB9491B99E6D487B793058321FB2B4FC6CDD0C560C0	3717	Complexitylib\Classes\PCP\Internal\Expander.trace
2C12D3F50D683DBAA906C5DC6ED27CC94453A7BEE6AE487CBDA7727098E1AB70	13759	Complexitylib\Classes\PCP\Internal\ExpanderExists.ilean
CF4D128AD5BE252713B7B0D27B60D890D53E3B7CBC6FB6BDDF8CA0113538DC29	16	Complexitylib\Classes\PCP\Internal\ExpanderExists.ilean.hash
B6E4CBA280D5F6261703EA742E14FD8E226C40B7F68E2E83D7D48D0562DA1A9E	1992	Complexitylib\Classes\PCP\Internal\ExpanderExists.ir
E391310D84F6A4C4BDB2488F251E89655D9767066A56991BFA927A413C4470A8	16	Complexitylib\Classes\PCP\Internal\ExpanderExists.ir.hash
27F3E70A958CA61310F401182C8A25E4FCC66BE66D03C6639CD078C358E8A77D	176	Complexitylib\Classes\PCP\Internal\ExpanderExists.ir.sig
C30ADAE2545C4F2012F1E4E438B4529D5AF1AD31D6134A26E479C50D9A338A54	16	Complexitylib\Classes\PCP\Internal\ExpanderExists.ir.sig.hash
AD0E09D45DB39983ED3F2713170016FDF931BB71C16A89FD0B759F1133BB3F48	35304	Complexitylib\Classes\PCP\Internal\ExpanderExists.olean
EBCC217581E8CBDDCB63B4B471265D99767B8511F8BD32E71708832AD0338AC8	16	Complexitylib\Classes\PCP\Internal\ExpanderExists.olean.hash
387109020C4E9723F2706A8BED776659FB29BC3FBE7A3F4FED69557F567E860C	41488	Complexitylib\Classes\PCP\Internal\ExpanderExists.olean.private
0A58908EB6723A8F94A824CCCF7D555824D984E1277C7D4360B7AC6D2272C0FB	16	Complexitylib\Classes\PCP\Internal\ExpanderExists.olean.private.hash
042DB2D4FDF869D8F777E6E24BED1D4EEE27CFB641E3A55B656F32D55136B259	7264	Complexitylib\Classes\PCP\Internal\ExpanderExists.olean.server
9020C698A8D3F6279E8EA97738359A2200A68B8E88C4A3BA80AC4B8DA7706723	16	Complexitylib\Classes\PCP\Internal\ExpanderExists.olean.server.hash
463094826F75FC1287BFEF1BCBF9F748400502300B746A9BB5634FB79E0E40A6	4187	Complexitylib\Classes\PCP\Internal\ExpanderExists.trace
D83455526F13329BD4BAA32696D425FE25D5FBE2AA1D00C5C49384EB9F2B3E31	14061	Complexitylib\Classes\PCP\Internal\ExpanderMerge.ilean
5F874215A9BF264DF3D02B53641BB256CFFCF99C4E0B9CE7A5D76B1E980A9DC8	16	Complexitylib\Classes\PCP\Internal\ExpanderMerge.ilean.hash
8C31B130A0E2810DE97DE144A7164497D5753A066CB1E0596976959EDFDEFE7B	6712	Complexitylib\Classes\PCP\Internal\ExpanderMerge.ir
5BBC7117C4843064DA882ACEA3B243B2EC41FAEB07F84366AB048A76EC3C5F5D	16	Complexitylib\Classes\PCP\Internal\ExpanderMerge.ir.hash
6D7EA9D8DDDB5513A8940B128CC290C0FCCB66C66A4AF69C86CE33DB61A83ADB	176	Complexitylib\Classes\PCP\Internal\ExpanderMerge.ir.sig
BCBE68118A48F344CB1B4FEA2ABB69A20E71E3140FFEEEC84783BFBAA8382D77	16	Complexitylib\Classes\PCP\Internal\ExpanderMerge.ir.sig.hash
60988277C8E4AA0BE401D38FC8DE521C4B865DF4E6ED0C2CDBAFEBCF895A27AC	37008	Complexitylib\Classes\PCP\Internal\ExpanderMerge.olean
1364079D49C160735772FF141CDFC7E3CAF067C3C22A4E645A5FB185FF1A9078	16	Complexitylib\Classes\PCP\Internal\ExpanderMerge.olean.hash
CDD40E185006B517DB6536FD92B154A09C13071637598A09E9FECCAC90254793	310864	Complexitylib\Classes\PCP\Internal\ExpanderMerge.olean.private
CB7B9090AF9C6816FA978B0154C744DD0E5664C5EAAA9E07E73C858E63F063D2	16	Complexitylib\Classes\PCP\Internal\ExpanderMerge.olean.private.hash
066571D53CBF33D5FF68CF1FDA8F715740244279E05C190B34196D565BF150C7	5360	Complexitylib\Classes\PCP\Internal\ExpanderMerge.olean.server
D8578114E8D10BB6073B65D1FFB463873C81D48A0A35942B377686F3F9396234	16	Complexitylib\Classes\PCP\Internal\ExpanderMerge.olean.server.hash
922E883C5537C7A3CAE8ED6A2822AE19510C0D01EF8892AE3266E7B53AFEC12B	3758	Complexitylib\Classes\PCP\Internal\ExpanderMerge.trace
BFC59A5CB8AC786859139102B7C3A2E6069A8691BB8A36ECC900DD8DEAE820F9	36412	Complexitylib\Classes\PCP\Internal\ExpanderPad.ilean
21383C9A4607B46F437BCB3D9A7184F194852F408758EB7A21C8F9905766E834	16	Complexitylib\Classes\PCP\Internal\ExpanderPad.ilean.hash
CB0D72B03AE157CE8640714E1C86CCB57A8332B97E9CBFC10BD01C67147C73DE	20032	Complexitylib\Classes\PCP\Internal\ExpanderPad.ir
99EC1C5AE003B73D35C05486B20E79B7F85374A62362AF9B3210B5C945887230	16	Complexitylib\Classes\PCP\Internal\ExpanderPad.ir.hash
9CE50E4CB150F6D5E5872F4169E17211DEAC1A377D60D2E11157E60B99332175	176	Complexitylib\Classes\PCP\Internal\ExpanderPad.ir.sig
BCAB7388D695CABEA44463634DE31D443952F34A4DBDDE5D5FBD2B363E9C2919	16	Complexitylib\Classes\PCP\Internal\ExpanderPad.ir.sig.hash
E1138287BA60AFB7924A2F37CE9C91782FBCD90055129639C4AEC1780943960B	83248	Complexitylib\Classes\PCP\Internal\ExpanderPad.olean
66D30338DA47A0F56B3B609F4933285A674F459604B5DD4B161612F6A3D434FF	16	Complexitylib\Classes\PCP\Internal\ExpanderPad.olean.hash
45CC8A05F3FFC1BB3A55D47E5D977279EB3DDDBC2D75BFC92A09A42879E3A791	446520	Complexitylib\Classes\PCP\Internal\ExpanderPad.olean.private
461055FE9DA6B1E38860F019F1F327FCEE3882A8A3D3F2ED978C8DDE8768BB5A	16	Complexitylib\Classes\PCP\Internal\ExpanderPad.olean.private.hash
F66A96B851A5BC764EBF81945DD45514718464194777EF14726866A10D4D5F4E	10488	Complexitylib\Classes\PCP\Internal\ExpanderPad.olean.server
EF5E389DB21B4969BD1070F42D26951130744944C3E0AA32FD6DFB1D3C8A1D68	16	Complexitylib\Classes\PCP\Internal\ExpanderPad.olean.server.hash
C1F72445CFE6983D00D950298C24C5BF3E85359FB7789392668631CEE1E828F4	3906	Complexitylib\Classes\PCP\Internal\ExpanderPad.trace
07A44464EEAD2545A3FCEAF956984B3FF168B2D32697634FD18872F3E4292AC2	22031	Complexitylib\Classes\PCP\Internal\ExpanderRandom.ilean
8590BBBF74B9075FB92A3FDB72A89EF91DB1C591F2A2C3C0E3DD12A4250ED735	16	Complexitylib\Classes\PCP\Internal\ExpanderRandom.ilean.hash
2685EC9C60B86C806A9D58518927256C788157C1FE23A44D6818BFA233589F76	6024	Complexitylib\Classes\PCP\Internal\ExpanderRandom.ir
AD39F2A72738BD3F97828A3E26A7C34FD276E5C50FC8763A847622F11EC83A75	16	Complexitylib\Classes\PCP\Internal\ExpanderRandom.ir.hash
9ED1855864B43549DAC08188E8BEC6970F1918B21C83AC1CA1EBDEEB65B08E47	176	Complexitylib\Classes\PCP\Internal\ExpanderRandom.ir.sig
80C4DF0742D01966650BEABF8A9A2E50640C4008246F81F2B94BCAEA4E15AF58	16	Complexitylib\Classes\PCP\Internal\ExpanderRandom.ir.sig.hash
870F53B560DEAF8AA9B3B7B76DCC179F14C95C5E48D44775864AF1C1D6BC5F33	27392	Complexitylib\Classes\PCP\Internal\ExpanderRandom.olean
7E44C2C4CB4A049B06C5D859419E82B3CD00DE2DDCDF12AFF56F1443695F3A9F	16	Complexitylib\Classes\PCP\Internal\ExpanderRandom.olean.hash
577E1BA7671350576CE66AE7BA49D0B4963177AAC970922B48156D0078F6E456	534848	Complexitylib\Classes\PCP\Internal\ExpanderRandom.olean.private
223A6AAE9D623F34874AE2CAD1F097AE33A39322B463ACB76904619689D46BF7	16	Complexitylib\Classes\PCP\Internal\ExpanderRandom.olean.private.hash
DDC6B8413CAEB519F6BF1077D1DBEA91AF51A9A0B572D9880E047D9C1FB1EAE0	5552	Complexitylib\Classes\PCP\Internal\ExpanderRandom.olean.server
BC7491E81EBD7EF4834564AAAD8FC56B0F283730D3152E1D3CA5882A2EEA320C	16	Complexitylib\Classes\PCP\Internal\ExpanderRandom.olean.server.hash
3A43CE84A840367A4B7C37B1F62D3815D47490D07DD9525A8EF6D0F544C1CB9A	3773	Complexitylib\Classes\PCP\Internal\ExpanderRandom.trace
B680480BEA9F5E7C9E884FD9861B12E10BE33AD7C0474AEBBE5F04B655687B7B	60913	Complexitylib\Classes\PCP\Internal\FamilyFin.ilean
DD07826F5D98C82B6A3F4B4BCAF5FA6BF695EF43FBA9C6DE2D620F577CD33DD1	16	Complexitylib\Classes\PCP\Internal\FamilyFin.ilean.hash
C64ADD428E7026CC97B840E1C2E22C35F04F12AD2CC2FEDE5E938DA7DA7561B5	4608	Complexitylib\Classes\PCP\Internal\FamilyFin.ir
E61640A8968832649314FE62DFE5C4F11E9296ABBAD1991807AAA46B71124E15	16	Complexitylib\Classes\PCP\Internal\FamilyFin.ir.hash
6AF5B26778F87D8453CB77245E67FF153AFE4E2AA510E3DCDD1E84D6A45BA1AA	176	Complexitylib\Classes\PCP\Internal\FamilyFin.ir.sig
0205663E0BF258D4F905C19068F2ACB7CD78260C3B82E1C6F6F111522D853478	16	Complexitylib\Classes\PCP\Internal\FamilyFin.ir.sig.hash
EA6FC8F86C532DADC875174E1C20EF8C77BD6912E5E127BF057BD8D3DDA991FF	102880	Complexitylib\Classes\PCP\Internal\FamilyFin.olean
C99A09C31F14C15930F89CD8498364E9749C6BAD919298D746FBDB46124F2B7F	16	Complexitylib\Classes\PCP\Internal\FamilyFin.olean.hash
C1EDEA8A4D441BE4E548C391137894BBB1DA02B2599FEC341745CAF09243356F	653032	Complexitylib\Classes\PCP\Internal\FamilyFin.olean.private
BC81E50A40DAA8D20393EA7D10F8F7448825695611BDBDE87C913EBBE30181FA	16	Complexitylib\Classes\PCP\Internal\FamilyFin.olean.private.hash
97BD12971193D4E29EA429E884D645249D12A51AAC4B4A46655D643CC81169D3	18856	Complexitylib\Classes\PCP\Internal\FamilyFin.olean.server
004E28AD118C951A90524BDF8FCE1729840D2B63045ED342485B842488A2E74F	16	Complexitylib\Classes\PCP\Internal\FamilyFin.olean.server.hash
9A24625595702962DF85E354F1EF584EDB518A43ED1D5C95089F64F72443E147	3734	Complexitylib\Classes\PCP\Internal\FamilyFin.trace
89E9BE507A6B650AE0B4EB23A5A14977E676E65B0EB1256DE76D3A7FA05EBCE9	10074	Complexitylib\Classes\PCP\Internal\FiniteKey.ilean
34FE3C9F866DEEAED7FB481B5324BF9DB966967891FFFCE9ED3384BEF5F4DF7D	16	Complexitylib\Classes\PCP\Internal\FiniteKey.ilean.hash
7E6C6FE0FC67FF977402A377BA3D5CD59751A3C243AED2D66D3CDC8D6CBC2D30	2184	Complexitylib\Classes\PCP\Internal\FiniteKey.ir
D5FC320F9FD178D3CD27ECECFFA995772904469838090F0CDDAA87F2D4205DFC	16	Complexitylib\Classes\PCP\Internal\FiniteKey.ir.hash
B6C86708314929153A37114C91084A1BEB8B6B8A015B4139CF07C460D64CBC38	176	Complexitylib\Classes\PCP\Internal\FiniteKey.ir.sig
82969ABBDB2BF3D0362D41BCA29F25A5E22E3870B213A8893EE33EC75CEA3AB5	16	Complexitylib\Classes\PCP\Internal\FiniteKey.ir.sig.hash
11FDA85BF5143C6FA9C302CBD4C86462A600E1CFF214467F95E3B40199F8C9A6	17224	Complexitylib\Classes\PCP\Internal\FiniteKey.olean
DA84EBB834CDCCFBBE00C871D9E36DB7E9815B0C231428BE1A6D00E3522892FC	16	Complexitylib\Classes\PCP\Internal\FiniteKey.olean.hash
11D5AC32E5B317BDC9DB30B59323845E4B80501525AE64966CCE7A81F4F2A58C	78544	Complexitylib\Classes\PCP\Internal\FiniteKey.olean.private
DF68587E05B092FA7ED930FA6570EA67A762B7A4E5393FEDA1DEEDD3B72F1DE7	16	Complexitylib\Classes\PCP\Internal\FiniteKey.olean.private.hash
4D8560A9E35E57278A40F34008F4D782C2BD03E7EDCF60C718A1669C83C46AF9	3872	Complexitylib\Classes\PCP\Internal\FiniteKey.olean.server
7C0D73B04623ACC13C50B1927473E4FBA58DB157FD1B3A1AF7113F59621164C7	16	Complexitylib\Classes\PCP\Internal\FiniteKey.olean.server.hash
11A612EA0001144BF7FB61A67F6FB1FB8AE6F1CFC6E7A668DC5C01BD0EAF5139	4112	Complexitylib\Classes\PCP\Internal\FiniteKey.trace
CAB3B493485EF472DD64225F24F3D0034745A8341C69874B87392D578E17DEF3	22369	Complexitylib\Classes\PCP\Internal\ListEncode.ilean
7651C3D3109D23CFA0E8CF4D9F0BF4F1E93825AA29D38DB1138EAB31F6EBB7A1	16	Complexitylib\Classes\PCP\Internal\ListEncode.ilean.hash
8CB6F2F757F9092E4707E0B8185C4749E62559C01CBCA9E320E75712D3323F3A	7928	Complexitylib\Classes\PCP\Internal\ListEncode.ir
C79242B3F907364066CC47B01D4B2950F3CD64545E1CFBC619359CB4A51667E9	16	Complexitylib\Classes\PCP\Internal\ListEncode.ir.hash
FD1078AFF9204809C961C4F452C1AF504140019D6BB1F5EDBF4F48A39088B315	176	Complexitylib\Classes\PCP\Internal\ListEncode.ir.sig
F9CA30F7D40305EE0DBDC0C02E48D2D6ED7465F04046B2BE86CEC6FD7A71D226	16	Complexitylib\Classes\PCP\Internal\ListEncode.ir.sig.hash
A7A5A0D8210E0ABCFBFE72179B6D39B673978B6E322DBF7397C609527F1D01DC	33672	Complexitylib\Classes\PCP\Internal\ListEncode.olean
E61F833D594886267332B478AF7ABE73420A4612C16334D28455A460D36D4945	16	Complexitylib\Classes\PCP\Internal\ListEncode.olean.hash
60B525AEF5EF9A528EF61AC74503697739720A8F99726855A2ABBAF02108C78D	150640	Complexitylib\Classes\PCP\Internal\ListEncode.olean.private
813BDFD2CB463D2A95C18812106FF28615BD641D99C316CF77930C31C9262CA0	16	Complexitylib\Classes\PCP\Internal\ListEncode.olean.private.hash
65EC9F62BA9CEB83B037AFFACF3DD30AFD28CC3BAA5C5E8D4FDCE06B1F1A3956	5640	Complexitylib\Classes\PCP\Internal\ListEncode.olean.server
58CC6303202618277C424820BD7C117521D6D8D9617C18A124E19186DA5CDA28	16	Complexitylib\Classes\PCP\Internal\ListEncode.olean.server.hash
8CD6B1C9EA5170D74E040E3199816FF553B044D2291E447501B9B2D4DAF4D0B5	3540	Complexitylib\Classes\PCP\Internal\ListEncode.trace
EE59E6FF2550526EC86F9DD6747EF5D0F0E80D0D1E9D425249B9C2437FF358D1	38829	Complexitylib\Classes\PCP\Internal\Materialize.ilean
61DE333DBC0377D92127395153E5AC321AB44F6171EBF13B72F47F484C3B56C4	16	Complexitylib\Classes\PCP\Internal\Materialize.ilean.hash
1766AC2BE0CA4647591B5BC408BB14DF1D966565A58876F0E76B426D04481ABD	1888	Complexitylib\Classes\PCP\Internal\Materialize.ir
24008BDAE1F744C0C239BBE87408FC57753F53D4AD6BCE765F9829FA990EC164	16	Complexitylib\Classes\PCP\Internal\Materialize.ir.hash
D432249EA25AC16A174675F67841E2A31B22638B1ADFD068AE7B0CA4FF26779A	176	Complexitylib\Classes\PCP\Internal\Materialize.ir.sig
A03654D4E82FFA8D8FE6810A175E8949923FC1F958B9F3A201C1344FE177F19D	16	Complexitylib\Classes\PCP\Internal\Materialize.ir.sig.hash
EC254508227DFE7435F00DEA6D7C52E53236810B873A5B072979738A1D552641	38696	Complexitylib\Classes\PCP\Internal\Materialize.olean
70A80E6DACABEBDF84EE846EEB6E79E5B3D47DE7C092104DB3583AEF60C35F12	16	Complexitylib\Classes\PCP\Internal\Materialize.olean.hash
68543C79D688F52654C098C671D9D01759384FB68AAE7E532A3371266C9D00D6	368504	Complexitylib\Classes\PCP\Internal\Materialize.olean.private
7A7F85120A8A66131138DEC4DD85A679FE37952FC4CD2C986C4C85A2D0006BD7	16	Complexitylib\Classes\PCP\Internal\Materialize.olean.private.hash
003EE68B9066EDB07B59C79D3B493CF76A582846EDF7498E3D85E3DB714ECC90	9992	Complexitylib\Classes\PCP\Internal\Materialize.olean.server
D65AF25A2C5D5F8EA86B20D50AC81D434D18942639182C764BBE3F1BC4305143	16	Complexitylib\Classes\PCP\Internal\Materialize.olean.server.hash
E938C23E194B5004EB61FF4A326BBD032510C8C2DA703DF76677BE2FE92B2035	3963	Complexitylib\Classes\PCP\Internal\Materialize.trace
42422C825F62CEEE311C2A76D54BF120D2EC88DA0D0890D96D1FEE02AF7CB05F	54970	Complexitylib\Classes\PCP\Internal\MergeGen.ilean
3E57F6914AC9D9C4A4C5074E9C45B39B9ECB61EDBB88A4A94A30795E5BB102C3	16	Complexitylib\Classes\PCP\Internal\MergeGen.ilean.hash
5EC7F2575C1C5703BEE14DB72DF63D1CE45BF9926739BD2C6EF9429A22D71B9A	18680	Complexitylib\Classes\PCP\Internal\MergeGen.ir
42FDB36ABDFFD9348368DFCFF949B47B8C5BAE4BB2E9828A833DB52F70B6A952	16	Complexitylib\Classes\PCP\Internal\MergeGen.ir.hash
177DF3263A789908AC848B320681D946A9C6A4486DF947D5634CF0A11773CE84	176	Complexitylib\Classes\PCP\Internal\MergeGen.ir.sig
3F993C9BAB83C9C312C761AFADC472D3DF1FA11D191BAF39FB3571F8CD0E72A5	16	Complexitylib\Classes\PCP\Internal\MergeGen.ir.sig.hash
DE16C40BF14CD31FCE3250BD842CAF3B81FE983946B18844993AE1B16B2BD9AA	121056	Complexitylib\Classes\PCP\Internal\MergeGen.olean
17A1DACA01232F0D909E5703A630F85D8F74160EF92A6E7381D54B0F6D6076D3	16	Complexitylib\Classes\PCP\Internal\MergeGen.olean.hash
55112CCE83C79D6B54EE7486B6D764704D7D4AA2B3B57BA3A079CEAD1258A570	864888	Complexitylib\Classes\PCP\Internal\MergeGen.olean.private
F5AC93ABEC26175DADEA5148780AB03B2605B9479585009D0F83B947F29C76BA	16	Complexitylib\Classes\PCP\Internal\MergeGen.olean.private.hash
D67B793C6B8734A4B7A4595E49EE4D73ADBEA54294EF38DC1628FFC9B0F46AE2	10920	Complexitylib\Classes\PCP\Internal\MergeGen.olean.server
C70E1A39B28B41FED11DF1387926ADAE80F4EA6F1D00F1DDE540BA738CEA2F78	16	Complexitylib\Classes\PCP\Internal\MergeGen.olean.server.hash
FE356415C1BB9DD70366064EA0400CA3D4F00F969826021FC4B940A549D11C36	3696	Complexitylib\Classes\PCP\Internal\MergeGen.trace
3F3238AB04529D7BD5085E5C55CEBA9CD33749F798E6A08C588DB158F363AFE2	20307	Complexitylib\Classes\PCP\Internal\Mixing.ilean
80854D063DDEEC4B0103B2D103C67A9B9255CC5EAA4BE6A85642939D3FEFA5AB	16	Complexitylib\Classes\PCP\Internal\Mixing.ilean.hash
4B4950286BC463B9FE874F2EC332424AE021E51C25DC16E2B2B96718A5AE7764	1664	Complexitylib\Classes\PCP\Internal\Mixing.ir
40B86223A3B20D5B7E08C175935EA84D709357C5638F94E1FB9FD96F36F3DDE0	16	Complexitylib\Classes\PCP\Internal\Mixing.ir.hash
29899263347D24361AD80222196D666230DD0E53C274AF1E144CFF12684ECE69	176	Complexitylib\Classes\PCP\Internal\Mixing.ir.sig
93CC31CF109F5B5EE1A540085826E2BD6DAA2EF2521E44C819B4D1B84E0E4588	16	Complexitylib\Classes\PCP\Internal\Mixing.ir.sig.hash
B989F5B4238CD3DC180CFADF4A35B7754C7FE9B1B2C7A3211F8926815B9264B9	29784	Complexitylib\Classes\PCP\Internal\Mixing.olean
398F7FB004F021C9497F0B380D13813C969044C46B600D30C7C15EB79C39F8B3	16	Complexitylib\Classes\PCP\Internal\Mixing.olean.hash
0CDFF10697DF3DB7BA7CB81FC65FB40CC4F0231E973FAA935809A7C06E74AF54	339760	Complexitylib\Classes\PCP\Internal\Mixing.olean.private
C01D8BA5B0EA18B74A56EDA6A3914F4D2C0512CBC6572CEDBDAECCF591165BF1	16	Complexitylib\Classes\PCP\Internal\Mixing.olean.private.hash
7B46EB52B4C0A99229146F274EC36DECB1976E4B582EFDBA81F61F08562EA14F	6312	Complexitylib\Classes\PCP\Internal\Mixing.olean.server
AD2AE234A94940C29164F591A086BEE47B18331E8361C63E0515230E33D67A11	16	Complexitylib\Classes\PCP\Internal\Mixing.olean.server.hash
83A76F6F7BEC7699FD46E6E1B263D7617EF229195DF4D32B8EECA88E0489346C	3518	Complexitylib\Classes\PCP\Internal\Mixing.trace
8036423067AC2AC3F372BDCC73C78931368EFC24FA95CB8D10DEE28DEDE284C2	24795	Complexitylib\Classes\PCP\Internal\NatEncode.ilean
0AE6B94D3F499D604756D3D03605345369B7DEA8EB21714539F427ECC6A75B9C	16	Complexitylib\Classes\PCP\Internal\NatEncode.ilean.hash
031910908EB7FB65E98B0B3865458D2561C1B6E3B6EFBCB5D501BF273E376812	8592	Complexitylib\Classes\PCP\Internal\NatEncode.ir
C3C3494F63D15C27D31F6F7FFB8724CAA7F3A09154F13346B829BFE071F02C91	16	Complexitylib\Classes\PCP\Internal\NatEncode.ir.hash
A50F6292C032505312C80E589A3F3618326AB04AFB84CE7973E0D962F549C3DB	176	Complexitylib\Classes\PCP\Internal\NatEncode.ir.sig
C312F164BBA9DE6DECEF58A37DD6D3A531A6E081FFD3E9912FDD22727F42CBA5	16	Complexitylib\Classes\PCP\Internal\NatEncode.ir.sig.hash
AD002FDD4A58059066C24714E596E0BFB155FC60C5186059D08C2BFA805F0D9A	31352	Complexitylib\Classes\PCP\Internal\NatEncode.olean
96AF84825FF80B9EB5217C09F50847E4B731E67905CA9CD2D44C0F536B132428	16	Complexitylib\Classes\PCP\Internal\NatEncode.olean.hash
6627FACE016711910869004C0890A4315874A206694EB12B65BC643AD553848A	176920	Complexitylib\Classes\PCP\Internal\NatEncode.olean.private
EF26FE755576D0B7FE1C325A6AE1190645AFEE0556900ADC3C1DDA6C0EB91C8A	16	Complexitylib\Classes\PCP\Internal\NatEncode.olean.private.hash
37B65C45A140C195DADFCD3B180AECE77F4365EE1ED902B328BF341005CC0356	7512	Complexitylib\Classes\PCP\Internal\NatEncode.olean.server
A53BB1AAB9A11CC43C063B12726B9CB4C5A224D2C0EE0590C470E6527F420953	16	Complexitylib\Classes\PCP\Internal\NatEncode.olean.server.hash
FA68EAFBC0F6A085D3A64CF3D9E48F3D8C72E9AD7D763B26DF9398C6D407A190	3742	Complexitylib\Classes\PCP\Internal\NatEncode.trace
63BFB77462ACA0229631A9E7C8F340999C3815A109A549953310AFE1FDEB8053	32005	Complexitylib\Classes\PCP\Internal\NumEnc.ilean
E7095DA6450002998F79BB16E844D85184F235BCEA3105BACED9B9825459518E	16	Complexitylib\Classes\PCP\Internal\NumEnc.ilean.hash
474B8C8F0E5CE8F688455A12AA7346C9E17C86E4D6ECDBDF639A0B4E3CFAE39A	31624	Complexitylib\Classes\PCP\Internal\NumEnc.ir
0A9D3B1FB66056016B9BB6BE0CDE175D5457B46D035CBCA754111855570A7E8D	16	Complexitylib\Classes\PCP\Internal\NumEnc.ir.hash
22E3BBDAE4306497C288AF7FEDB633AB081F4733E079977D6553A91D14446871	176	Complexitylib\Classes\PCP\Internal\NumEnc.ir.sig
C0112BA2687298C5280E734909E4D985F4FE8431EB3BABC00F29F342E230DAE3	16	Complexitylib\Classes\PCP\Internal\NumEnc.ir.sig.hash
1DD3BD4A155D7A8BB44324E1B1CEA14EB4EDF1F8B1CEACE6CB67DA390FB9D246	162944	Complexitylib\Classes\PCP\Internal\NumEnc.olean
99A0325FF07A4956A995D584DB5B8A7E13DE59E80DE6930A4FD24AC93386A2C8	16	Complexitylib\Classes\PCP\Internal\NumEnc.olean.hash
D219E455AD7E577E76676F6E0784350C4FCB47FB764A77944B51D73D7F5C5B4E	437560	Complexitylib\Classes\PCP\Internal\NumEnc.olean.private
C00B875209830BE3F0FBEABFDA00BA2BB86342DDEBFBE659E1354ABC19549D4A	16	Complexitylib\Classes\PCP\Internal\NumEnc.olean.private.hash
68B6AC1C5FC1119B8E2451DDAD87E9C5EA925823CC0113E0FD64BF1E36F3BABA	9736	Complexitylib\Classes\PCP\Internal\NumEnc.olean.server
C1E5C3B2F92A2DC56FC4A7B84EAD8BCF78479CF308FD2BF247362DC7D3DD7607	16	Complexitylib\Classes\PCP\Internal\NumEnc.olean.server.hash
5BDCD467596C00F7335B47E7F4067048DD498117A6F14935F274B6A82B7CF606	4076	Complexitylib\Classes\PCP\Internal\NumEnc.trace
0AAA1F728BF4EA942788B1C39B66D76F0CBA637AED59D1EBA5C158A016CE73E4	43735	Complexitylib\Classes\PCP\Internal\PCPtoSAT.ilean
6A7283EA92393DFF71D9AF4866852D9E562E8CDBF53E82793ABEBABE62DB91AF	16	Complexitylib\Classes\PCP\Internal\PCPtoSAT.ilean.hash
3470941311350FC3242B49DF4F3F80832FC3DD4077A8BD09A7CA7022DC492044	51808	Complexitylib\Classes\PCP\Internal\PCPtoSAT.ir
EF4C525FC07658E35FD10B1067218C0F18664D7D47F0E805595F1EBA53D3F705	16	Complexitylib\Classes\PCP\Internal\PCPtoSAT.ir.hash
5A6A9741B8DAE5440F1B66EB1F68310D15609E154BD41AC7E58B81AF1C7970DD	176	Complexitylib\Classes\PCP\Internal\PCPtoSAT.ir.sig
EEC00ECA49CB4C43C8284DD4BB18AE64A67E846CF1320B6EE63F0B14AC9963CE	16	Complexitylib\Classes\PCP\Internal\PCPtoSAT.ir.sig.hash
7BD4CE7BB16763481A1CBF08728D5ADB5DAF1BC47039E6EAE5052F03D1FDD975	85544	Complexitylib\Classes\PCP\Internal\PCPtoSAT.olean
51FCAE74618EC4BBC62AAA7A3034520397BE81C7CF6F922DB91C5C55E7D9F9F8	16	Complexitylib\Classes\PCP\Internal\PCPtoSAT.olean.hash
B1168AD74248DCE9086D4C32882CFB71D3CA33259CD949CC4970111FE6333618	470440	Complexitylib\Classes\PCP\Internal\PCPtoSAT.olean.private
026B855580240D31A02F9E122797EE9AA8F04DE067568734E30F138BDBD69894	16	Complexitylib\Classes\PCP\Internal\PCPtoSAT.olean.private.hash
A70F1634236720EAFC2F68FD4053EE485A8194A6FC282BAD12FE9FE226375164	10136	Complexitylib\Classes\PCP\Internal\PCPtoSAT.olean.server
985458305A616A7CC8382F604AB5C1690435B45B9653833D2E9F263F4C38012F	16	Complexitylib\Classes\PCP\Internal\PCPtoSAT.olean.server.hash
B4AC9E8CC7C0D61AB1FC1B789958294460EFA5CCB279531DF53BCE3F1BE7591E	4012	Complexitylib\Classes\PCP\Internal\PCPtoSAT.trace
FCAE650671E45A0D331B6E35B8B436AD1440CAD58F05BF9845F74709D67D5E43	19522	Complexitylib\Classes\PCP\Internal\PermArith.ilean
28E9F22CC162211AABAF5AE60518634A9C3079CE3F76CD507C97ADAA6FE5899A	16	Complexitylib\Classes\PCP\Internal\PermArith.ilean.hash
5AD3D3056CEC167D489A1236B2BD3088C70111C315EE354FB77D6730742F6AF4	2208	Complexitylib\Classes\PCP\Internal\PermArith.ir
B3716809267F253A1D5DCC1C215ACAD9C0A39494AA557ACDFD2E162CA81710A2	16	Complexitylib\Classes\PCP\Internal\PermArith.ir.hash
0E000EEBBDD5AE7256C9F98035173E46988B65ECD2A57217F6F064B034B7F16A	176	Complexitylib\Classes\PCP\Internal\PermArith.ir.sig
0E06C1F6E1705B6B0E4E0CB37C9618711082F85067F64F3DCA208B87F7DE0EDF	16	Complexitylib\Classes\PCP\Internal\PermArith.ir.sig.hash
1CEE2B42D8B52896474206F1199550C2B671D2419C8B0D2F1DB5A295ABF3290A	19048	Complexitylib\Classes\PCP\Internal\PermArith.olean
3DE1614981032AAD6C743B827B6313BCB822FA81B724C14D708E5A25E520CF22	16	Complexitylib\Classes\PCP\Internal\PermArith.olean.hash
4CAE58ED947C8EA547FD587797E298F6975C674BE120F2F3DF774F57846B9E52	744768	Complexitylib\Classes\PCP\Internal\PermArith.olean.private
2C224B5D9157F246D8085F0E7BE609C6C1E220A262A6D01A353988213559B5EB	16	Complexitylib\Classes\PCP\Internal\PermArith.olean.private.hash
0DBF513EC414B9ECC991EDB093138F60801F52A72BF4D781F3187C067D0FEA5C	6168	Complexitylib\Classes\PCP\Internal\PermArith.olean.server
3E7781A35E13D194601BD3B0AE26BD28748A282A4C22A4A095A468E233E81111	16	Complexitylib\Classes\PCP\Internal\PermArith.olean.server.hash
11DB2A5A2AE6D1929216530D1F2D83375E6454DFCA349CD9222656DB5B3DDD89	4025	Complexitylib\Classes\PCP\Internal\PermArith.trace
92D73DD2C4FA05C04D59DCD86265EFF8C002C0F421C8667A673B74D3D86925EE	20744	Complexitylib\Classes\PCP\Internal\PermCount.ilean
457AEF6AB49239E6758E5C685A8701C513A9E5E6B0DA625328B348AF42BF54F3	16	Complexitylib\Classes\PCP\Internal\PermCount.ilean.hash
09800ED490F6B0830C7CF058C52C1C18B4811EE9B1AC54F2B50111EAD46316E4	2200	Complexitylib\Classes\PCP\Internal\PermCount.ir
D9082FB4CF3F44E55316403C48EB4E546E3C3DCAD3E56DC1B6E2315F2E2858DA	16	Complexitylib\Classes\PCP\Internal\PermCount.ir.hash
26BDB0AB14E9C2DB33E9B5501079590B715A8A6F7C467185505A3DEE5DC98943	176	Complexitylib\Classes\PCP\Internal\PermCount.ir.sig
D66B1C560E6ED6B634C13F664BE29FE9DB98E1162F79F092FFD083E13F1F9810	16	Complexitylib\Classes\PCP\Internal\PermCount.ir.sig.hash
34A02C0EDF683A059D07D3BD2FF627018DF4324789FE20D377F2CBD883BB8F53	35104	Complexitylib\Classes\PCP\Internal\PermCount.olean
265BDCF6CF48724DEB7F77214DD348A35C58FDF3B8CB5136F38D5C3BE651F9D9	16	Complexitylib\Classes\PCP\Internal\PermCount.olean.hash
03FDD6BA72E070EDBF1A4037FD69C276A9AD1F39CF7DB1C48B2B05F21979299D	223784	Complexitylib\Classes\PCP\Internal\PermCount.olean.private
308CCF67363989AE812D4CDC94273FB255D0A6B6CD8193DAC605DA0F1540AC37	16	Complexitylib\Classes\PCP\Internal\PermCount.olean.private.hash
56B1C2CEB33F653E491BC2F4F762FBEA361181B4ED1BEA95474B05A5ADF85362	5656	Complexitylib\Classes\PCP\Internal\PermCount.olean.server
CE4E40AC566C6E91EF0EDD1768B3A8FB42BC2EA61EF7382FC7E54ED1EDEECF93	16	Complexitylib\Classes\PCP\Internal\PermCount.olean.server.hash
97B4EB6C1463727EBEA2E3E095CBEB4F84A4A26BF3D8BFB29FD47BC5B26B4EEA	4020	Complexitylib\Classes\PCP\Internal\PermCount.trace
73C03629791A1FCEC59D483D885EDA718976CA9ABD46CA4F1FFA2A300CBC4FCC	20115	Complexitylib\Classes\PCP\Internal\PermGraph.ilean
3443D5E0A0D8BC8E35EF94C1350DEEC6775ADE6C6C88AE1C985132A9582355BE	16	Complexitylib\Classes\PCP\Internal\PermGraph.ilean.hash
8DD7E09AE89627CEF1422055DC7E30FCDD7B3078218A17B05B5E410A1075DEC7	14544	Complexitylib\Classes\PCP\Internal\PermGraph.ir
CB57B080D9491DAC6C041E6050208738E95D61527B9F56E01169A9D6AECD1C51	16	Complexitylib\Classes\PCP\Internal\PermGraph.ir.hash
A3F89D1EEEAFB0ADA007281775F0ACFAF2E229746F07D33E47A14C74F4D0D5E3	176	Complexitylib\Classes\PCP\Internal\PermGraph.ir.sig
8A0316FCF087AF4D2BD30EF347A56D4F84A4DEBF93673E751A1A03740D52398D	16	Complexitylib\Classes\PCP\Internal\PermGraph.ir.sig.hash
48A012B40F08A0B1318325EB0540170C48B645A33B6B58D58B6CDB8980529893	41816	Complexitylib\Classes\PCP\Internal\PermGraph.olean
B4A84C1203423B57DC894A89069081BA9EC378F19BB63E8EA4B5CB3AD68421BC	16	Complexitylib\Classes\PCP\Internal\PermGraph.olean.hash
FCD1F19B66EDE6DD26AF8B9632A564B853AF47EA9A3EACEF9162C460197AAE6F	252360	Complexitylib\Classes\PCP\Internal\PermGraph.olean.private
43B3BC2FCB65EBA0812A5F833CF8C26C2C813B2D169771C2D8A10D4D26F252C6	16	Complexitylib\Classes\PCP\Internal\PermGraph.olean.private.hash
3EFC3BA72CCD6D057365319696D38D9FBCA1270992A65B66BB16F0D5628A7F41	4688	Complexitylib\Classes\PCP\Internal\PermGraph.olean.server
5DDA3CA0A1D2C833942A95D61958EC056B75F528C89DA5DF797748F2F710411B	16	Complexitylib\Classes\PCP\Internal\PermGraph.olean.server.hash
36EF80ACF5E51855EFFB4529C9429AE4B402D355200C28CFABB2921951B49640	3734	Complexitylib\Classes\PCP\Internal\PermGraph.trace
E96F768F007677269A144531B1DD4E4FB6AF3E6B1FA07641CB8DC9D6D54B59D3	15217	Complexitylib\Classes\PCP\Internal\PositionsFP.ilean
582CF3F09896330DEE98630A479E22A833C5E4464DD38846B432F7753426E74B	16	Complexitylib\Classes\PCP\Internal\PositionsFP.ilean.hash
353B556F6DE77D3F1EBE73F8ED7DFCA21E868F51B951DBFE72BCA3EA06A6CE89	8776	Complexitylib\Classes\PCP\Internal\PositionsFP.ir
EEC386C45DD23A748004708DD1766CC8541AAF79A8C4631193633E12C8DFC850	16	Complexitylib\Classes\PCP\Internal\PositionsFP.ir.hash
D908F7AEFCE3AD8CCA4AE42510329617E1DCF760529C3ECEE94AFF3421C4588D	176	Complexitylib\Classes\PCP\Internal\PositionsFP.ir.sig
B1A2381504CC36F50F326E2EB1CBCB9C4A579618F6B5C69A15EFB4EE60C5979F	16	Complexitylib\Classes\PCP\Internal\PositionsFP.ir.sig.hash
44664B230DD8ACFCF0468E9F2CEFA4FF5D3F40CF3B6D541C1E45A323B621C1C0	90824	Complexitylib\Classes\PCP\Internal\PositionsFP.olean
7896DF8296AD15BC33859BB138C9177542FD56B26DE94571BC7CC3B10D23EC59	16	Complexitylib\Classes\PCP\Internal\PositionsFP.olean.hash
AB2216DEA4BB07354E64723C3A3E4B8093094A1A44A8CC2BE5FA08FD95CD391D	194592	Complexitylib\Classes\PCP\Internal\PositionsFP.olean.private
C7AC098A6B4BF4390873BC02153BF91BC4BFA3FC9EE8F85DE522E5AD8BCC610A	16	Complexitylib\Classes\PCP\Internal\PositionsFP.olean.private.hash
04A4A82671AC1B4124A11757503A6BD45767447BD66B5E33209AA17CAE9D136D	3256	Complexitylib\Classes\PCP\Internal\PositionsFP.olean.server
426143864BFF14DCD068044F4F0017492EF85D592CEDA3323D03160F7B7F58F1	16	Complexitylib\Classes\PCP\Internal\PositionsFP.olean.server.hash
E38921611009AC3488E46C760DD2E5E4465AD589E5162E1108226C64F2D4ED29	3549	Complexitylib\Classes\PCP\Internal\PositionsFP.trace
AEAFDF238C8CFBE9BB47A5F5B10FB78114E145230D9F9C9C571669EE80BC96EB	16234	Complexitylib\Classes\PCP\Internal\PosScan.ilean
431745C0DEBE292F81AC018B5EA7B98F1F6FACDA0EFA1D2932FEDACC6685B73D	16	Complexitylib\Classes\PCP\Internal\PosScan.ilean.hash
0B346FC3DF094BD3DC62ECC4BB5548C9CD68DDEE49543BD24065CF1F70BABD35	4808	Complexitylib\Classes\PCP\Internal\PosScan.ir
B71DE76799F269160D65CFACFA8CA6EC86CC70886FB330F349C476A231535572	16	Complexitylib\Classes\PCP\Internal\PosScan.ir.hash
14743508CB02ADE83BA5FB3CEC1728F226076CAB3284172513C5F9F7323D40F8	176	Complexitylib\Classes\PCP\Internal\PosScan.ir.sig
F4A948EA6DC850B6DE6351B0ABACBC62533F526B69AAC093A0CCD0DBF7D1886D	16	Complexitylib\Classes\PCP\Internal\PosScan.ir.sig.hash
7A707D4EBA927D41337D5CB4F2F81A3DC0A2B20861CD6CA5696874809D3F9613	33328	Complexitylib\Classes\PCP\Internal\PosScan.olean
473F98B7893FF061C451DC67D262677B4E14C48702195CF2AB4619D85AE77BFF	16	Complexitylib\Classes\PCP\Internal\PosScan.olean.hash
2ACA9CFE0A2660B9665EE657A284D91E322477B04194B46089C18019A15981CF	112680	Complexitylib\Classes\PCP\Internal\PosScan.olean.private
3121111C001FEA57E68AFEC3D7BB25632B4FA6B15E170437B15E896D372D92B4	16	Complexitylib\Classes\PCP\Internal\PosScan.olean.private.hash
3DA33BF4772AA6CAAB6A44EF4B494CBB4BB17DC4A35C5615DBB1E7680F4C57FC	6304	Complexitylib\Classes\PCP\Internal\PosScan.olean.server
4155A90BAA1A7F2EFCFD0338876747894BB78B7044324EB3B497A2D84BE15CC1	16	Complexitylib\Classes\PCP\Internal\PosScan.olean.server.hash
57D8280156977B89DA02B263AE9AD7CCCBB6DC61FB393C84F0F38E035B0E02D5	3923	Complexitylib\Classes\PCP\Internal\PosScan.trace
6122B2B37629CF429D43110F9902117082AF26CD6DD6D75067BF73D477B87E8B	21282	Complexitylib\Classes\PCP\Internal\Power.ilean
874018B1D8E000240CDD0906034E6ECFA923CA7B7AA30CBB0A04B1B3563DE9B0	16	Complexitylib\Classes\PCP\Internal\Power.ilean.hash
4E982219145D83DF5B26C9F2A7CE7BA7393C4862646188A43DABF40329A211D2	11232	Complexitylib\Classes\PCP\Internal\Power.ir
0F49DC9ADC0AF211B6E1FA6AA10420A9D2E8B42453329AB74016DC88DCEF77D5	16	Complexitylib\Classes\PCP\Internal\Power.ir.hash
1F3CDB202C0863BD0B84969109EAE486776E825ABFFE98FC2DDB1E586E2EA256	176	Complexitylib\Classes\PCP\Internal\Power.ir.sig
C55F044AD9DC135924D0FCC7B583111EF9CF4A9BFCE691CE99B511D296366FFB	16	Complexitylib\Classes\PCP\Internal\Power.ir.sig.hash
184F4ADF600597ABA88BBEA4B5D5B259AE29DFED994182334BA6F6069A9B0E8D	37096	Complexitylib\Classes\PCP\Internal\Power.olean
00904482876C34D8CB74C938B557D2361730E2217D842793C463B23C1DFBF412	16	Complexitylib\Classes\PCP\Internal\Power.olean.hash
FD4F13E714CB192BB644B486BBF26561F994F5E6A2762E0BB051DC3D32318E68	263192	Complexitylib\Classes\PCP\Internal\Power.olean.private
465C7AF57893E14F53BAA8436C422E40B4580CB376B627F6BF78F04F77F68734	16	Complexitylib\Classes\PCP\Internal\Power.olean.private.hash
C513BB104E93FC5C9E54F7A1D5B598E4E8F14009DD90757BC24AF98AA70DEA0A	8184	Complexitylib\Classes\PCP\Internal\Power.olean.server
11D89BA2994E7F14A618848050277E6AE6C6696E118B56D3A1F67A6D32341238	16	Complexitylib\Classes\PCP\Internal\Power.olean.server.hash
DF6CD5CE4A989B1215A0F15A64C177DC854F69A8E977F5951A99EEF2580E8455	3500	Complexitylib\Classes\PCP\Internal\Power.trace
3AC6995D0B5A3159B62DE5B7CB0567AAA041EF0980414CD9FF5AE5292F9097E0	29462	Complexitylib\Classes\PCP\Internal\RegularGraph.ilean
3F03EBE894374180FE0C7650E15CF492899282F39D8A1273F71C449EC4106CAA	16	Complexitylib\Classes\PCP\Internal\RegularGraph.ilean.hash
F4D6A65B8007AEF3B839BCC818A5AF81F5ED315EE9002F05357A267B12CBAE74	6504	Complexitylib\Classes\PCP\Internal\RegularGraph.ir
AE321F0111AECD3DD7A6217DB8D59377F7F8870D854F712DC2EDA6B83C836D1E	16	Complexitylib\Classes\PCP\Internal\RegularGraph.ir.hash
F7992D6784C1D6C1E955BE92F8E674BF1BCAC755EE7A830C532D9B0EA047E25B	176	Complexitylib\Classes\PCP\Internal\RegularGraph.ir.sig
13C7AA6E3575E87D685557A067209B8A25D8FCA4E4F4E9D69E59C616C9D03C24	16	Complexitylib\Classes\PCP\Internal\RegularGraph.ir.sig.hash
6EC75F981976A6D2CD3225A62D1ECE722FF08DB31B73265ECFEB3A5D024738EF	86464	Complexitylib\Classes\PCP\Internal\RegularGraph.olean
5239B9E2B77C222D97BE8ACB048737F25EC27B84DA5BC22F15EDD9C538267B2F	16	Complexitylib\Classes\PCP\Internal\RegularGraph.olean.hash
8AAE7847E30B502C756F1A2A99DD886DFB2B4940B35807FA804369E44C0E88E1	237376	Complexitylib\Classes\PCP\Internal\RegularGraph.olean.private
34A2E92F535B1EC0DE8CE7DB9A9A7CA09851B5021A9CF1C680FC44A702D5CC1D	16	Complexitylib\Classes\PCP\Internal\RegularGraph.olean.private.hash
6015F0D023475EA6D7A5A96705A266BE73AB9E3705D15AB520AD4709D822C01E	14352	Complexitylib\Classes\PCP\Internal\RegularGraph.olean.server
357E2F74CEAC5458E71AD70F86C469C9021A0074DCFF4A8519F5E6B5359FBADF	16	Complexitylib\Classes\PCP\Internal\RegularGraph.olean.server.hash
FC0E38A97B1297EAFB127B1C83CF0B56122D3B9C8B7F7E828AA29796E1E74E5F	5191	Complexitylib\Classes\PCP\Internal\RegularGraph.trace
E88D4C6A3A207D8B1744988940E4D5BACD75E0229D98CC72DD5014670578CC4E	17353	Complexitylib\Classes\PCP\Internal\StripTrailing.ilean
CEEAF64DE882A48E445EE00B3A1FA0409F278869F07916E821081E9D736EB4A2	16	Complexitylib\Classes\PCP\Internal\StripTrailing.ilean.hash
12D08DFBDB5D01EDD9315DA7906E5574E21D06480025ADFB02C7ED8F7590EF50	9944	Complexitylib\Classes\PCP\Internal\StripTrailing.ir
2CE5E3E13AC304E1032C5407E21238DFB630CDB0CDBCA65974965884BBE5F407	16	Complexitylib\Classes\PCP\Internal\StripTrailing.ir.hash
7D5B6CFCFF1E2D04C01FEE7ADE91140F4EC2B67F4E6C0140DD194F2D8FF7C49B	176	Complexitylib\Classes\PCP\Internal\StripTrailing.ir.sig
78DB8D3C41B89F8CC791755027E596044C766ADBFB2E57841E139DBFA445BB3C	16	Complexitylib\Classes\PCP\Internal\StripTrailing.ir.sig.hash
232A7F9B2764E67834013C752AD6A4FDF77BBB0FB5899484823C505FF08875A3	31184	Complexitylib\Classes\PCP\Internal\StripTrailing.olean
BD167CFDB0ADF73AF532A9B8321495D00EE6A10FD638D2CA00510E4D6F13FF88	16	Complexitylib\Classes\PCP\Internal\StripTrailing.olean.hash
7E482F431738EAAE0B3BC114496F16853430939BB1DD27601A8DA169652517CC	138448	Complexitylib\Classes\PCP\Internal\StripTrailing.olean.private
A6ACD0F0B737C3D15A2F1C4AEAA83B9906B65ADE890F96AA3D522A200CEFC7F7	16	Complexitylib\Classes\PCP\Internal\StripTrailing.olean.private.hash
7B2F9372846895AA24CFD0D459C502C8EB174FC7C05ED313A6FCA258ADEE56DD	5880	Complexitylib\Classes\PCP\Internal\StripTrailing.olean.server
2F126A78FA96741402C0D6B3D0C6CE852E0445241C0866B633BCB6918D21CF5D	16	Complexitylib\Classes\PCP\Internal\StripTrailing.olean.server.hash
363FA6220701E7AB942622331488087F6E5F1D56D0A948D6A9C5CE3CAF8AE2B4	3780	Complexitylib\Classes\PCP\Internal\StripTrailing.trace
692732C4FADE0D21F699813E2143C199E293F3480F8EE1CE9CC4F04B0012FF33	50733	Complexitylib\Classes\PCP\Internal\SubsetNP.ilean
A72C8C481033E9928C4752E438DD098732DAE8725CC8AD1B9A54254DE45B9D86	16	Complexitylib\Classes\PCP\Internal\SubsetNP.ilean.hash
936462F279C4B357E5B5D0AFBD962BF8187E44FDEDFA0932B7B130A15AC7C22E	6768	Complexitylib\Classes\PCP\Internal\SubsetNP.ir
3D2BF99CB72BC88BD599A98BA2E1A1D3871DF1C367A4D7FE957404465F1E26D1	16	Complexitylib\Classes\PCP\Internal\SubsetNP.ir.hash
3FAB0258950F0EF1E3F00374E267C8388CF32463696514C9D3B699308B3E6771	176	Complexitylib\Classes\PCP\Internal\SubsetNP.ir.sig
4B7D0502CEAF2B8866D1DFD6B9F45235B5FE9DB47DA891F8ED2C88C317206A99	16	Complexitylib\Classes\PCP\Internal\SubsetNP.ir.sig.hash
C0B2C3D42D2D99C9F3B6B15C92867165AE0595E88FE42F6E2631886383B1D754	70264	Complexitylib\Classes\PCP\Internal\SubsetNP.olean
0C6B1E8C3E85F81061205A084CDFE1BFEEA832DCA74FCC33B9E5D04C593B233B	16	Complexitylib\Classes\PCP\Internal\SubsetNP.olean.hash
1E1FC338EAF741A18C6325E04C3E992EEA0323988326494061A65A28C23B227D	263664	Complexitylib\Classes\PCP\Internal\SubsetNP.olean.private
92F5D17D79516DFD3CF2C8857A698D24300E9BF0614B0CF445D8B38F49CE7534	16	Complexitylib\Classes\PCP\Internal\SubsetNP.olean.private.hash
A9CB6E5306445BA0E382C6C6EA15ACA8034CAF2EC14B1B51A1FCDF5D3B4CC519	13496	Complexitylib\Classes\PCP\Internal\SubsetNP.olean.server
6DBDA00DBD89CA927A7CD67FF4923BF44BD34BD54FC66C8C941F371276008240	16	Complexitylib\Classes\PCP\Internal\SubsetNP.olean.server.hash
F1B5478864197F0C646816539ABE4C6E468F8FF41CA05F42B5C6C7B4B1197E34	3491	Complexitylib\Classes\PCP\Internal\SubsetNP.trace
BC4E0412E55439507CFEC4093BA92877838019BE4DF185073639A5019EE469EF	75602	Complexitylib\Classes\PCP\Internal\TowerFin.ilean
022FE75BBC9D6F8AB2371AA5ABC0E5EEA0890F8A09F8EC51A48993633E6712AC	16	Complexitylib\Classes\PCP\Internal\TowerFin.ilean.hash
380632A5537399B9AB346FDA731F06DB64B3EC214B16BC99F15D889B5D3FEA84	19160	Complexitylib\Classes\PCP\Internal\TowerFin.ir
652DD9D7FD3E8F73032843822DB393C91566FD089F062B97093A46F88C7CEDF0	16	Complexitylib\Classes\PCP\Internal\TowerFin.ir.hash
53337FD60743FECD6E3B86664D013BB8EE4F283C5C3F9DBC29F096C994DEC15A	176	Complexitylib\Classes\PCP\Internal\TowerFin.ir.sig
EABDBF5D43298DED88C576190432D73B81E8C6B9BE8A2FEA076F80CC175AFDBA	16	Complexitylib\Classes\PCP\Internal\TowerFin.ir.sig.hash
3A85C3FB32F3A1CC062AA3A2AFD9399FFC436A5A101B0AE8C070819239E0CF51	300616	Complexitylib\Classes\PCP\Internal\TowerFin.olean
7BE5E520BD5AF56095AA32136B5BC695A27D6641EC389F59144F85030F619E93	16	Complexitylib\Classes\PCP\Internal\TowerFin.olean.hash
F484A41839B13DF0A071FDCA1A257CA3A260D6EB997F1F3604E51A97C1BF9EA2	456992	Complexitylib\Classes\PCP\Internal\TowerFin.olean.private
CA7915245FA9ABAB322A369145701064C7560B53CC5AB867FF2379ADF5B17F8D	16	Complexitylib\Classes\PCP\Internal\TowerFin.olean.private.hash
056469E6058F27522025A6CBD3B98D59C1E50DCB1234FFB6992E3453234A29FB	22912	Complexitylib\Classes\PCP\Internal\TowerFin.olean.server
B499BF6AB9F8116F93EDE6070400628E9A89F614819D91531828B5F8E8142420	16	Complexitylib\Classes\PCP\Internal\TowerFin.olean.server.hash
47F29CAA96B754B91FEFDC10E20C0CAD0A8CC3C97D3BD7CB5A229C44FB5B11B4	3540	Complexitylib\Classes\PCP\Internal\TowerFin.trace
1E5B5754997ECFA01D8158D6063355ACE9F39C3A5124051239E54E47850FDC55	44324	Complexitylib\Classes\PCP\Internal\TowerTable.ilean
7012EB96205B5B977DE1E024AC774BC10CEA7CD7705E9945D2933AFC2263FD09	16	Complexitylib\Classes\PCP\Internal\TowerTable.ilean.hash
C437260A06037DA707BD590D01A29593BC4FF5AA29B33BC2F4012B67BD530093	3976	Complexitylib\Classes\PCP\Internal\TowerTable.ir
B895261410842E3AFEB91773B85788C3C1F1BE07CBA53E4FD7C996CEFB648100	16	Complexitylib\Classes\PCP\Internal\TowerTable.ir.hash
A5D78C6D8CE3A9E598AAC4712528EA5C2052861383DA289735E463EECB87F507	176	Complexitylib\Classes\PCP\Internal\TowerTable.ir.sig
E8F52FAC3EC827C2B887AF0ECE1B864C28F0862C32C99C5C92ABAF4D6C5B3454	16	Complexitylib\Classes\PCP\Internal\TowerTable.ir.sig.hash
8BA5BE14217D77648D08FA97B10216E467F7532A1CBFCB0F1B7FBE2B2A5473A9	54888	Complexitylib\Classes\PCP\Internal\TowerTable.olean
0FAA00C3325AAEA6FCC20799A8737C3CB4286AE67B890E5DCACAED9E27DD80B9	16	Complexitylib\Classes\PCP\Internal\TowerTable.olean.hash
6B203A24D549FF4180C8929F57E662D70661E2AB78F1F0B991FF700818B04553	575856	Complexitylib\Classes\PCP\Internal\TowerTable.olean.private
6AE2BABE9D8A8F73089F8D77E8C7363E70C984A4DE3AA3BE5ADF29EC661CC2F1	16	Complexitylib\Classes\PCP\Internal\TowerTable.olean.private.hash
0D997F4A546EE6ECC138F5BD2BB206736309E9F93394A8D9DB4BEFDCA86F0C36	9584	Complexitylib\Classes\PCP\Internal\TowerTable.olean.server
21F77A98FE0CF3072C82507710A6EC7407C9730A742011BD9CF06800F045A82B	16	Complexitylib\Classes\PCP\Internal\TowerTable.olean.server.hash
DA7BDB8E03A2470A63F7FC7908E51805DD3C92B185D8E4DFBA724BD64A787992	4134	Complexitylib\Classes\PCP\Internal\TowerTable.trace
B16AD6AA04564083F73A87426EAD1ABCA9875ACFE018E3950ABC0669C4795A14	33277	Complexitylib\Classes\PCP\Internal\UnaryDivMod.ilean
DD916BBE1647158579C1C00C840FACB6DEE1AA1DC77637D086159E5B43020191	16	Complexitylib\Classes\PCP\Internal\UnaryDivMod.ilean.hash
313B2D967B130E12BCD7A6FE075BE8DA2A0EBF481BA11C55CB4F0F2E773C4887	11464	Complexitylib\Classes\PCP\Internal\UnaryDivMod.ir
6A97110BA4A4750DB1C089E2775C421FAF76DBF22F4B7493D1DE941C37FE0219	16	Complexitylib\Classes\PCP\Internal\UnaryDivMod.ir.hash
22A2BC35707830BD3431897A15612FE647012246DFEA528A791039A5C3E90687	176	Complexitylib\Classes\PCP\Internal\UnaryDivMod.ir.sig
2CA94419BF03715B5C56701127352A6B0DB9B9A919BDE0E0C28376818A4C1B2B	16	Complexitylib\Classes\PCP\Internal\UnaryDivMod.ir.sig.hash
F2F71390138153FEB0558C8461263FA3633959FDDD4E2C83450F17EA6C650790	110488	Complexitylib\Classes\PCP\Internal\UnaryDivMod.olean
76C16DCBE345350B9176581B2766B5CBA16506143F76CA05A7126E27E9415E76	16	Complexitylib\Classes\PCP\Internal\UnaryDivMod.olean.hash
87B3461A177A5C873918825E34E78CFC21A123AEDE58236B341E87C114B5646D	401976	Complexitylib\Classes\PCP\Internal\UnaryDivMod.olean.private
8A23638977E844B008017A59477A48462815DC664D49F703E8373FC4D11BD737	16	Complexitylib\Classes\PCP\Internal\UnaryDivMod.olean.private.hash
70BF8EDB112FFFE0E86E5864CE09DADDA16D0F48E39932C665AC9BDCE5A6AF45	9456	Complexitylib\Classes\PCP\Internal\UnaryDivMod.olean.server
93A619DAF216B321418B3655C1376AB4E272A0C73EA55191D78866BF58A18BC5	16	Complexitylib\Classes\PCP\Internal\UnaryDivMod.olean.server.hash
8707F6CB3A3D6764F75839EF6FE95788A8F40393D181626514607917544F0CE9	3782	Complexitylib\Classes\PCP\Internal\UnaryDivMod.trace
6C6DDC0CE23BA66FD850976667756DE393F87176C6B3E89AF530AB90BF72E511	57943	Complexitylib\Classes\PCP\Internal\UnaryList.ilean
A549B7A763DC9DB0A729BA0E3DF5E9A0926BF7455A8EC482689A6567885AB7BE	16	Complexitylib\Classes\PCP\Internal\UnaryList.ilean.hash
1C14EB1C893E4C8BC378A10334F2899224AB090B92F8873400240882B629FE6A	14744	Complexitylib\Classes\PCP\Internal\UnaryList.ir
55FB65D5833FAC20259742460B9F06A658B04BA77EE96DF413809075D5509C4A	16	Complexitylib\Classes\PCP\Internal\UnaryList.ir.hash
E6220D5D911702B8742985CDE48A6438C50F23835CEA698F063A40517373180D	176	Complexitylib\Classes\PCP\Internal\UnaryList.ir.sig
8C1A72D90B37C21B67696DA6EC3949EDDE9E2D3D5A5B9590C3BA85FF52DC8CAD	16	Complexitylib\Classes\PCP\Internal\UnaryList.ir.sig.hash
1EF38C74D6C516E81FED6CF45A56F78374F438BAF9BEC9BDE1C1ED0718166827	112232	Complexitylib\Classes\PCP\Internal\UnaryList.olean
B9A0A18507096EDCACF5837F4E7B6CC85B0D7B63A53C6AFC72AB0B4E119F1AD8	16	Complexitylib\Classes\PCP\Internal\UnaryList.olean.hash
7E95772C219DF1005890E6717D2444C64F57BF85F6D6771A6202CE5EA7A23BF2	322144	Complexitylib\Classes\PCP\Internal\UnaryList.olean.private
93D22563D2FFF6BB26EBF2AA8BF5F16EB3B12A05B75F4DE60A44A65A002917DB	16	Complexitylib\Classes\PCP\Internal\UnaryList.olean.private.hash
A97F2AAF1A9FFADB7EE5F9670E847D2AB9607095B3FB52C824BA1EF3A997647A	20968	Complexitylib\Classes\PCP\Internal\UnaryList.olean.server
9503D115868A4BCCD5A842EA340B9A0970A495F83C8EA718DF83165A49AE5BB1	16	Complexitylib\Classes\PCP\Internal\UnaryList.olean.server.hash
43D6CA26CE5305585EEA4D33B7AABA8FA0494FBD64244DD7E9265AEC80950ACC	3943	Complexitylib\Classes\PCP\Internal\UnaryList.trace
72F79654B40B334CFC4EEB2DD7D0B4A838EE4F611B05B0FC2598A67D5D1F5C6E	29251	Complexitylib\Classes\PCP\Internal\Union.ilean
DF80FD7F84AC3E6C76FADF8490942312277D92C92B87766F7EE05362AC051482	16	Complexitylib\Classes\PCP\Internal\Union.ilean.hash
7009B31B44FDFB8D3946453E2CC95DE7953A5A20B49D5866AD6F58E6307E104F	14736	Complexitylib\Classes\PCP\Internal\Union.ir
09841D92DF37D310A335B27A7AFB9C79AAFBE4D381458E536AED6E215829ED85	16	Complexitylib\Classes\PCP\Internal\Union.ir.hash
B5640D2A673429D0E937F97E7F052AD3C64B46F82281D95067A4F4BA37B159BA	176	Complexitylib\Classes\PCP\Internal\Union.ir.sig
43FCEA672F626665DC0A6B2492487B1A726D21A1C5EF29E6120FFCEFF3C806FD	16	Complexitylib\Classes\PCP\Internal\Union.ir.sig.hash
3D3F03CD5ADE581239EBDAB4E3AA25990BA547A6656207FD10F57217A78ED114	46080	Complexitylib\Classes\PCP\Internal\Union.olean
14631FC0A13DCE3C8D572EECA2023E87F318F00DF65B6B34067FFE38267B82FE	16	Complexitylib\Classes\PCP\Internal\Union.olean.hash
A0E853083B1A1184851FD31CADB53C5F30C09AEBF0F36C780DDDF5C9767E0A0E	435680	Complexitylib\Classes\PCP\Internal\Union.olean.private
5DC041E266C847193D7F7437951C7924335A7B57CA450217B32A585F6EC935C3	16	Complexitylib\Classes\PCP\Internal\Union.olean.private.hash
8C0501C392A9AF889FC27ED1770FB1B1087025C08749634036ED20ED37B8D633	7104	Complexitylib\Classes\PCP\Internal\Union.olean.server
F1275E83392D1F4128255B5852FC4081BA38D3B8F88562AC199465FDF0CA360F	16	Complexitylib\Classes\PCP\Internal\Union.olean.server.hash
2580E57EA0EB5543FC9298DB3BF053429C25653B48E9EDC4E5F8C7B8452B59DB	3508	Complexitylib\Classes\PCP\Internal\Union.trace
DF788884C373AA620F16F8CC926C2810519DDE7789A8857B2A3F154D8F37F66D	10526	Complexitylib\Classes\PCP\Internal\Walk.ilean
B8DADDC6CDD2A00DC199C83D068B4CF4DA1471750C919E2E89B277845C9BFD98	16	Complexitylib\Classes\PCP\Internal\Walk.ilean.hash
9EE938B43685B70F6DF02E068911EEC30E12CBB5D70E5FA6452BC6D2C6FD899C	9208	Complexitylib\Classes\PCP\Internal\Walk.ir
BC0CF93AD85D8C853114D0A2C31133823B4D7BBA30C3CFC983E60A9D5D3B6828	16	Complexitylib\Classes\PCP\Internal\Walk.ir.hash
CE03B000B17BFE379606350336F6D54B4971EDB8EBA7B0786052E2B7A87651C4	176	Complexitylib\Classes\PCP\Internal\Walk.ir.sig
2A0579097641E955A7BB11DDDB00E86ECC9A01E7D517B7C96D41AE2DC86070CC	16	Complexitylib\Classes\PCP\Internal\Walk.ir.sig.hash
AF2251E37DE26F99922B4FD51EE037C4535546E79FBE74C3451578E44DC98A83	76456	Complexitylib\Classes\PCP\Internal\Walk.olean
2701A6241CD13216D268577115A01BD4794E8015089C2E2F3339F5706900AB5C	16	Complexitylib\Classes\PCP\Internal\Walk.olean.hash
FEAFDB6305ED217E60185F98CC0808BD8FAA72B9F683A7781FDB0EE6FEA46F15	156744	Complexitylib\Classes\PCP\Internal\Walk.olean.private
137F02F1A5930E337D7B5D4C51F9B497161A873E58143B3364C90802BAB2DAAA	16	Complexitylib\Classes\PCP\Internal\Walk.olean.private.hash
869BC2BDF56AF216FB4281E63CD36463C824944A36049AAB3005F745FB83DF98	4608	Complexitylib\Classes\PCP\Internal\Walk.olean.server
B8281720D8C3209B64B928A93E56947D6D772E4E4765544E5104C35EA752FF2A	16	Complexitylib\Classes\PCP\Internal\Walk.olean.server.hash
D4F1642BF4D6BFE0FB2E65B0395EA049A337647884EA62466DD3A23AF9A9F803	3655	Complexitylib\Classes\PCP\Internal\Walk.trace
F6DFDE01C37B51ED9FE8AADBA640C43D26324A598477AB991C04462E80625EB0	18933	Complexitylib\Classes\PCP\Internal\WalkPath.ilean
6CE95355922ED13082AA1C18700AE44A1904C9005F7C8E418C3B3CC761EB8DA3	16	Complexitylib\Classes\PCP\Internal\WalkPath.ilean.hash
1611A343DAE0EBBF262189D0110769A01E636E68B575587AE7BA2DA1195C777D	11304	Complexitylib\Classes\PCP\Internal\WalkPath.ir
748E62A6E2F82E34B0E018EA3AD4C3EF1E04415D22861AEEBD8AEF92A9501DC8	16	Complexitylib\Classes\PCP\Internal\WalkPath.ir.hash
BE7924B9882D4FA7679AE746DC2CC9690E8B206405151DD5DF6AB6A26B4A9109	176	Complexitylib\Classes\PCP\Internal\WalkPath.ir.sig
764138F269696B63EA087AB552A1B50292BC18CBCE752D8E83B154E04F7D1ED7	16	Complexitylib\Classes\PCP\Internal\WalkPath.ir.sig.hash
465F08A1B7EE218FCBD974A3839628582D5F4381A6ED0DE515317A2DB053F16E	99064	Complexitylib\Classes\PCP\Internal\WalkPath.olean
A9149383C37F284BC4C1A641E8B472D6679B900D26CD39D36F197FA29D8B0913	16	Complexitylib\Classes\PCP\Internal\WalkPath.olean.hash
BE4ED8E5293C95A782BA4B0EBE34D37E0617C619204477CE568F0C170D0EADA5	213592	Complexitylib\Classes\PCP\Internal\WalkPath.olean.private
421CCB358E14BEA54F7976512F11BAF874E9FC0DAAB0B7F2C4D826BF00AD1962	16	Complexitylib\Classes\PCP\Internal\WalkPath.olean.private.hash
C414A959F84AE4570763E7488383F2CC6314859D9D37CAA00AF098221D60225B	9360	Complexitylib\Classes\PCP\Internal\WalkPath.olean.server
58376858F2AB94F402F0DCAC4DE2F3F0CFB24D71C439C7D79008CDA0901D2E45	16	Complexitylib\Classes\PCP\Internal\WalkPath.olean.server.hash
89D50BC0A17254A8F2181C340CA4454F56CB0C7A7FDB9B39035170EF9DC63762	3516	Complexitylib\Classes\PCP\Internal\WalkPath.trace
492B9A82CFC5B5C4F25B971A53185533F38408F8F8D5FD02AB39E518F1E7D219	111814	Complexitylib\Classes\PCP\Internal\ZigZag.ilean
FDAB73D26F5AA789D179061E222164F15B9F4DD3265AFF4B2417D465C14A1B81	16	Complexitylib\Classes\PCP\Internal\ZigZag.ilean.hash
1EBBEC726DD1824854F19AD5CC4B5BEF3B8761429E16B3197FFCCF65F3273830	18904	Complexitylib\Classes\PCP\Internal\ZigZag.ir
63D5F0528A6B6539058316954CAB49C099635031D4C1A6BCB9E6278090E4F048	16	Complexitylib\Classes\PCP\Internal\ZigZag.ir.hash
C627220162148A2BEC73634434F0409A0BDC5A6134D3EEF024D9DECA665EF719	176	Complexitylib\Classes\PCP\Internal\ZigZag.ir.sig
9FB0500E963EDF4FB89510C1C226D74BD8DC0575D4D34F1DFD4AE0167F428562	16	Complexitylib\Classes\PCP\Internal\ZigZag.ir.sig.hash
727D3329A39820E63B0016A1B864A467BDC8C5252507F86E430795C990AD3DA1	109144	Complexitylib\Classes\PCP\Internal\ZigZag.olean
3770C11402F361D08121FB4AF5362764E031F061146950B36CB576D6AF23C1D8	16	Complexitylib\Classes\PCP\Internal\ZigZag.olean.hash
40FB55AC8B6571EDD6792E486A61B32A5C100A3D169FAB61D932C8B0B8ADB171	1343760	Complexitylib\Classes\PCP\Internal\ZigZag.olean.private
630E10D878F7C575A61AFA2DC7C572064DC570686436AA57C3A1ACD8F0CAF4D0	16	Complexitylib\Classes\PCP\Internal\ZigZag.olean.private.hash
0123CD5A9340CE5AFCC4BF11A8A26F38E21B9725415D220FF20B669F1F45D57E	29128	Complexitylib\Classes\PCP\Internal\ZigZag.olean.server
871259C569911A39092E8D6E647A0623318DE979BE9540D34EE66301BBFFB20A	16	Complexitylib\Classes\PCP\Internal\ZigZag.olean.server.hash
0DB330311F901B3BD7201B13B712DDEBCBEB6CC27DF441EC1D0834FD8C9C0062	3918	Complexitylib\Classes\PCP\Internal\ZigZag.trace
205F30725609A65EDCC1AE01EA1D551EC81DA25D05F344A2373417847DDD3B8C	10846	Complexitylib\Classes\PCP\Internal\ZigZagBaseExists.ilean
3307B4B79157224EA3F5AFE29B33ADAAF1017229D9CF78D9F36BE01FF3886CD1	16	Complexitylib\Classes\PCP\Internal\ZigZagBaseExists.ilean.hash
BE54DCDBB0D8084AF038E60C756F9927067E99A0C8066E8DA66B60E0F672EAF1	1776	Complexitylib\Classes\PCP\Internal\ZigZagBaseExists.ir
9399C3E27F477A03C91355FF4E27650EFB27048BD017DCA5AC6DC4E494DEE457	16	Complexitylib\Classes\PCP\Internal\ZigZagBaseExists.ir.hash
0057D45C8FC1F8566452D68BF0D9185A517CD97B7597B4E160576553A60B4C36	176	Complexitylib\Classes\PCP\Internal\ZigZagBaseExists.ir.sig
AB8275A19726C5CC67883F940CC447A1D781CD3F1BA08E92AE6BF08C7FA84DDE	16	Complexitylib\Classes\PCP\Internal\ZigZagBaseExists.ir.sig.hash
26A2EFCA2884C7733042D58F709A16E233152A22894871D3D8FA2CE7847565A4	23656	Complexitylib\Classes\PCP\Internal\ZigZagBaseExists.olean
CAC8E48C3D0A9314E120ABA145EF0F126DDAC3F7043E636CD2B43EF2C93A090E	16	Complexitylib\Classes\PCP\Internal\ZigZagBaseExists.olean.hash
5E87BF686B918CCEA715FB12846ADBD446B60C42AF2562AAD57B0824675BD32A	60288	Complexitylib\Classes\PCP\Internal\ZigZagBaseExists.olean.private
30AC0B72197FD1AC288EA82B0401D35CBBF553BBAB1085D219C35A50A43CBA65	16	Complexitylib\Classes\PCP\Internal\ZigZagBaseExists.olean.private.hash
267B42B61D3439A1843CF7E4C09625A84967FAD0CC9B3FCE78994F0DD65ECFD1	4568	Complexitylib\Classes\PCP\Internal\ZigZagBaseExists.olean.server
486AB672A88FD78D4492DF6CF7DE80810465CFD1EBACE96FA1AF4F4A4571BEE0	16	Complexitylib\Classes\PCP\Internal\ZigZagBaseExists.olean.server.hash
7E6D1E029C4F7DFFD669E7623BFD316FF8C6A3E350BC4E11867F9AA8FEE7AB36	3801	Complexitylib\Classes\PCP\Internal\ZigZagBaseExists.trace
379CE8269CD94B2ACDC7141BCB8D62184392CE805CB0EA58C4556116B259C1CC	16533	Complexitylib\Classes\PCP\Internal\ZigZagTower.ilean
1C3F477A61AF7131A880CC87AC0B6409AA1A85C3AC58C676CE777DAE828C6C06	16	Complexitylib\Classes\PCP\Internal\ZigZagTower.ilean.hash
86711DD1DCEACB321EE1DF9FE4283159BC6F900B5960EBF3BC322F3527362CC7	1872	Complexitylib\Classes\PCP\Internal\ZigZagTower.ir
C6245BB161CE51D528564217E15C7ECB97FB63A285E24C6F78E49130663A9AF3	16	Complexitylib\Classes\PCP\Internal\ZigZagTower.ir.hash
B0D17AE45D0D3E132D87D6970A8938CAD9FE3915EF1082A544A79D0A23103C41	176	Complexitylib\Classes\PCP\Internal\ZigZagTower.ir.sig
DFB68868A684B365BDF0BCE440E2414B1735BB8AD7CAF1835377D382C6862F55	16	Complexitylib\Classes\PCP\Internal\ZigZagTower.ir.sig.hash
C6996B99A2C76CC4D675FB7B3B3FBE51695916F4D03BBC5A39A9927001C76A78	86264	Complexitylib\Classes\PCP\Internal\ZigZagTower.olean
426D3DD4EE5019BB4984EDA852632ADA3DC523445D3D5C56923BAC51BEBC83CF	16	Complexitylib\Classes\PCP\Internal\ZigZagTower.olean.hash
77E3F7169F99636976B30B260F6935E63A663EBEB689B56406112A64920F3703	265056	Complexitylib\Classes\PCP\Internal\ZigZagTower.olean.private
74438F3D0AAF9044689F0CD50658216CF060F84B0F3A1DC1074A4D39AEC69EA5	16	Complexitylib\Classes\PCP\Internal\ZigZagTower.olean.private.hash
91A416A9E0A4433FB3475402E4BB409A314C0F08E7F77DCBF1FCFB9E6EB0B6DB	9072	Complexitylib\Classes\PCP\Internal\ZigZagTower.olean.server
F1F3F20B48975FA3320D18E00762DA77AD2FDF6FAB9C15EAF2185955EB812CBF	16	Complexitylib\Classes\PCP\Internal\ZigZagTower.olean.server.hash
4A70494D7BDDEBA31DCFB56A58EDAA9A98CE103C46F51658CC4CEF08D6830C97	3947	Complexitylib\Classes\PCP\Internal\ZigZagTower.trace
A689DCE43CC7D56A948F49568F2010644B2F108D51705199B81A805438B5D34D	20613	Complexitylib\Classes\PH.ilean
C38132F157810DB7206D073DFD8034F311DCC2F9F61E935BAC42047629B99BB9	16	Complexitylib\Classes\PH.ilean.hash
04C498C553F290627F357224B1BCDF98EDA4A976047633AF2CDD553713B6A59A	2088	Complexitylib\Classes\PH.ir
C95222D277EC6E6B9D89E1464A53DBA39A000B631A9A78D86DED74BCF998B1D0	16	Complexitylib\Classes\PH.ir.hash
4A8C4A04DBB6A46038C09ABB20E672BF04D283C39732A6FAC596A4CE27CD09D2	176	Complexitylib\Classes\PH.ir.sig
7AB19F6DA3C5070B6F662269CBBF02AA87E79D568162CF313979C8A06F83F08B	16	Complexitylib\Classes\PH.ir.sig.hash
610DAEB27CB221BA7279761A749C806492E111EACD3C69C61CC1B95F24C4B5C3	41976	Complexitylib\Classes\PH.olean
69EF74792AFCE10D2B000D7A614B67A29497A0DCCB5745F8CE6B53428C8F480F	16	Complexitylib\Classes\PH.olean.hash
78BEE328424B7D36A77A3643D7A20641A97DB3865BD5C18847D34D2BC76BAFF0	97144	Complexitylib\Classes\PH.olean.private
0210833D83C233856B9D52DE590F8D2FFD0DF3C138F504299AA4751588F5B667	16	Complexitylib\Classes\PH.olean.private.hash
EF1E940444AD4672882FDC1496F07ACECC210E4D370F24D970CE2E530E559087	16280	Complexitylib\Classes\PH.olean.server
176ACA743A950FF60EFAB2BA639BB8D314CD10AEF9C3AEC11327008F3C8B0551	16	Complexitylib\Classes\PH.olean.server.hash
CF3F684AE896DA4C98384EA9947A3DB89B00C25A67D0BC7F0BB7F08F67FD8061	3712	Complexitylib\Classes\PH.trace
CDC7D92A3A50848785502A33EC5F60A0D0904A52E158C67512EADAA8F6226D3A	5537	Complexitylib\Classes\Randomized.ilean
BB0E669970D7321E5196AAA50A5E31FCCF2A3B844357C3DCCE6A8052201E6AB6	16	Complexitylib\Classes\Randomized.ilean.hash
1F88A1887FF1589B2D012274D1DE872FEB99119F29D770B9F355CE062F5D10B2	1504	Complexitylib\Classes\Randomized.ir
08E49D5183840DF0F9AFDC697A00E864379A4F360C1084F8DB3885F859DB3A40	16	Complexitylib\Classes\Randomized.ir.hash
597C826A40F244021DC2175351E510D9F620E4653406B22F22E3CEC27E9C21DB	176	Complexitylib\Classes\Randomized.ir.sig
D4C53DDF253A027271C3E177A0885AF171191B79B915F82EDD2CAA033B063C9A	16	Complexitylib\Classes\Randomized.ir.sig.hash
62CC9510E52736E5A5BADB0A664C1C460E4975DECBD96DE588199AF33C5F7826	19824	Complexitylib\Classes\Randomized.olean
ECD10237CE50FAE1F9154CF524CA0B7CA64BC358C3EFB02D352F0EF557D161B0	16	Complexitylib\Classes\Randomized.olean.hash
7FF96726761F2882AA3C4C6CF0F586ED4442B3CE5F8E5B9E10279C5AE3492FA1	2432	Complexitylib\Classes\Randomized.olean.private
ED4050CE5E0139A52ECC511F8C0A8C13058784E1AF27CF3A3087EBB9DACD8365	16	Complexitylib\Classes\Randomized.olean.private.hash
29A44E32C81797C19574CC1E49264826AE3528D570B91DAE66C3DEF0089F6030	6784	Complexitylib\Classes\Randomized.olean.server
1CEAC36B8A41E3C4A725AA90A7FC35AE00EDB0AE38B9F27652EBCB7D0B910F62	16	Complexitylib\Classes\Randomized.olean.server.hash
AB546BDAE2777D95D2DCF78F6DA453C00A02A2173A889536C727E86F3EE4887D	3391	Complexitylib\Classes\Randomized.trace
6B94C4B31FEDBCADBA1B286E8F3B3743340ABC4FDA13B0C7FA43A23CECDDEB0C	1901	Complexitylib\Classes\Space.ilean
D7C13B9D56355BE47D61DB6CC3363E41F869D60A1B74288BD977262463EDFE42	16	Complexitylib\Classes\Space.ilean.hash
89CEB2CC1BCC0A80353C5A14EE594FDA03C50ADFE5F3D53DE0732409AA5C5090	1624	Complexitylib\Classes\Space.ir
674C3B4EF802334D8CFC6E6E99125613151BE8ACDD4BFE0E9972D7E6FBADECDB	16	Complexitylib\Classes\Space.ir.hash
E25F65A4A75863D50C4A621F19C3EE474FA5DA9551AEC1F38D9CABDA7B45381A	176	Complexitylib\Classes\Space.ir.sig
596DFAD93272BF2CB2A8A34D11AE7305173522914ACB7477479C6A11DD54B30A	16	Complexitylib\Classes\Space.ir.sig.hash
1CAB8D82E62867237EB18FA7D461731D87E8DB2B52FCED852E00A3021D6768BA	6776	Complexitylib\Classes\Space.olean
F4CD680320CD0A8CED82E26AF594F3AFCBDE042CC22375853C1FE4B00A8AF619	16	Complexitylib\Classes\Space.olean.hash
01E9F3E7B36B89C91AF6FD5A88062B6B9BC4E3A5AAF68B415AC2511FFC413E09	1504	Complexitylib\Classes\Space.olean.private
382F745E4B49A0CBE4785B441DA03EF8F0B3FD7D9227D2F0B3C1E62443B7DDED	16	Complexitylib\Classes\Space.olean.private.hash
48D821951888EDBC69D4289CDE6C6EFD92EAED51B10003939296613B599B1361	2392	Complexitylib\Classes\Space.olean.server
0B88AB76F1FE5E807693204D28483DE4C1F8ACFD6B021E7ED7D702C30302F5C8	16	Complexitylib\Classes\Space.olean.server.hash
C319CCE35F59E29F10BEE896B2ACC3DD46A9A3972B840C3D484918541F0A7EA0	3532	Complexitylib\Classes\Space.trace
0AF3B63F3562637EE4E99D420D4167E31878C8AB4C35BF9FF0C63090EA4DDA9F	3446	Complexitylib\Classes\Time.ilean
93A5289132B95D0861759F5A9DB3D6B69506D208814291F1B402DFC163803FBC	16	Complexitylib\Classes\Time.ilean.hash
5BE8CA78DC9F9A127354A6E21B0D20CD0543BBE02C7D866BEEDA700558AF7D84	1624	Complexitylib\Classes\Time.ir
AB2D3A125AC0583F127DFD5EFB2BEAE32D3B9139F56552CB25002E767146B774	16	Complexitylib\Classes\Time.ir.hash
01002DE1C6ACA591F489A1A8AFD2884BA055E9FFC10C904D9365475092867DA2	176	Complexitylib\Classes\Time.ir.sig
591978C12EDC167876B4F700EDEB28CE08A325211A723DD468B7705B72889130	16	Complexitylib\Classes\Time.ir.sig.hash
ACD40842D7FF26846A2F634D3E67AAB9DE95D8A8DE3675F22B7D4CC392BD628F	14040	Complexitylib\Classes\Time.olean
19EAD16E6305CA797280FF9E5582F3120D4568F559BA4687413CA26509242006	16	Complexitylib\Classes\Time.olean.hash
556E3ED1AB4A85A0DB9A09C4FCEB3BB6A74F409F9E562694C8F070F2F93A1962	8264	Complexitylib\Classes\Time.olean.private
E1A0EB25D6CC767A55BCA300A5448AC4133F888A20E9E9360D9069A169CC2D5C	16	Complexitylib\Classes\Time.olean.private.hash
6704A8886B0D8D9B45A911F24AC3B5C25A881FFDC7274C5906360991E967C3A6	3736	Complexitylib\Classes\Time.olean.server
3581840D8B98B061B6FD2E1034BA6C2B3B087E183B329C8AE099D6920749C7BD	16	Complexitylib\Classes\Time.olean.server.hash
08288FE72B5EC237EF11969F14509B8211C485AC719C6F8F9F4A5FA71F260F19	3525	Complexitylib\Classes\Time.trace
242FE7485D32469564965CA25B66CF3EBC3B84A5973970E7F7BB890562A8EDA2	21427	Complexitylib\Encoding\Data.ilean
C956DD3ED9FE9A77DF0D0EC5E031B519CC02C8032B34D2B49259B206B5D249F5	16	Complexitylib\Encoding\Data.ilean.hash
78F4230B088553FED91D389CC4C9DD36498FF2B7EC5D5386F946C62241C24EC7	54696	Complexitylib\Encoding\Data.ir
BD02201838727D2E6685E82F374E6B4CFE8413A5E305EECA2296DEC2134C8697	16	Complexitylib\Encoding\Data.ir.hash
4E98AB1A5341B45D9AF391285CC5F7A7810F2FF8C05EAEE5D9EE27E8625CA74B	176	Complexitylib\Encoding\Data.ir.sig
4AFC816FDC5229548223C108E3D7C3D981506BD92D4479AA056D624C96AE1542	16	Complexitylib\Encoding\Data.ir.sig.hash
CDB8E52E58021EF9FB2163F1147A35075DBFA4D7CF69663C9B43E3CB006C2D9E	129608	Complexitylib\Encoding\Data.olean
0FDBB18BB6D4826BE11913D64F2B4F9422EC0258771FB5A89868C0C59A1F279D	16	Complexitylib\Encoding\Data.olean.hash
770161CD5751FE74DA292AF93C7751A99753C6C5A872CB9F28CFB3AC492E8B4B	375536	Complexitylib\Encoding\Data.olean.private
F59DF72A1242819C05E0374115A119BBDF94F179A9201703533E32E8DECC5B43	16	Complexitylib\Encoding\Data.olean.private.hash
44F882649764539676E0F75878B539118409BA1BED37173646A5B51ED7177F13	11408	Complexitylib\Encoding\Data.olean.server
A1BB585EAD87F514CD709AC1B4829CC92A386F502517E7E2C4691AE66BBBB76D	16	Complexitylib\Encoding\Data.olean.server.hash
FB9118248F6FCEF5072A5AC4EC5A2B7F1D306918DE55D8E86A988CA236388BFA	4265	Complexitylib\Encoding\Data.trace
9A30F12ABFCD16940FF74904269677B6EBAA5302CCCB39BF8DEC15E15A565836	12122	Complexitylib\Encoding\DataEncode.ilean
D85599C110DA1541E2C31BC172DD537A09F77C084F7181CA782E796B54C50F4B	16	Complexitylib\Encoding\DataEncode.ilean.hash
55DA0549AA89DB62D31BA5B398A6E0C29ED6616B6E746B689A91649777390339	16288	Complexitylib\Encoding\DataEncode.ir
D00D0C5CEDC0D0F3246BC8D2C4F20B453AD7ECA0349638E65769AEEBEE37E7D7	16	Complexitylib\Encoding\DataEncode.ir.hash
F9582C0283A396D825226D37F3FB38C0712C7CDE24ECD243C0F1FDDAD9B900BD	176	Complexitylib\Encoding\DataEncode.ir.sig
0382D4E8B1348F773CE48CAE13BBB55EB555474214AFC8E145D7E40FB93016B3	16	Complexitylib\Encoding\DataEncode.ir.sig.hash
78E415963DD6FB087E58EE2953B10453FA2948555B5BBF11F127BB1A34C64EC0	87120	Complexitylib\Encoding\DataEncode.olean
7B55AF4917FB3AA8B282D273A7375CAA94530911B259DB91C529F79C1B2135A9	16	Complexitylib\Encoding\DataEncode.olean.hash
5412BEA3CFD31A9675172FB5878845701EDB9DC91CA9C116705CA25AC6176D13	88288	Complexitylib\Encoding\DataEncode.olean.private
D8B9717C805AB6BE8EA503586D6D3A79206559AFB3D0CA89CFF2248EF03CD4A0	16	Complexitylib\Encoding\DataEncode.olean.private.hash
0A462DA4878A3FB086E6C8DD130027ACCFC8BC04DFE8E7A8748E7BD0A9F780CD	6576	Complexitylib\Encoding\DataEncode.olean.server
65636AAFFD5DAFB4AA692B7F0F727FA8E9C57A3D797391379B41869B471F8E05	16	Complexitylib\Encoding\DataEncode.olean.server.hash
137D7F14BE784978D1B14145FEA4D19EEC36231D334C8CA6F6CABBF5E066E071	3701	Complexitylib\Encoding\DataEncode.trace
428C768D85974CC698CB669A614EACDC46A347CEE5D77B1DD4F6661217271844	21270	Complexitylib\Encoding\Delimit.ilean
1B983030DD8372DA00A1325BD7BB6D8B685DA7D613A8EC941733C95160CF3813	16	Complexitylib\Encoding\Delimit.ilean.hash
3E9CEAD5F42264C34046419774DF050CC6E3C7455BF4F5C65A56BC91C656EE0E	46624	Complexitylib\Encoding\Delimit.ir
5889C825D39D067DE1C04984ACF2E26B795227ED1F97A96D0033AE2663B6DCDF	16	Complexitylib\Encoding\Delimit.ir.hash
ADA9CE0C986FB5435B8B68A510E0A659B120A73ACDB2641F83E922B9FCFACCA5	176	Complexitylib\Encoding\Delimit.ir.sig
E9F7C5B7C241ED9BE6D4795C7780F73BED33E005A04F9B4653589A1AE24F1543	16	Complexitylib\Encoding\Delimit.ir.sig.hash
CEBE1132CEC5526E911D247C1F435B95D603005A886A1F1A15EA406632411185	284488	Complexitylib\Encoding\Delimit.olean
41B49063258D07E248EA2C9FB279622823888F52A534BD616990DEB23E59AC60	16	Complexitylib\Encoding\Delimit.olean.hash
44564F10B092734B6C517183C4387CCB67907F062D556077CA0E8E7234F38578	239672	Complexitylib\Encoding\Delimit.olean.private
719207AA9DC171CB4C7B362D8CED56666B259176F8560326C9210D91973083A3	16	Complexitylib\Encoding\Delimit.olean.private.hash
237F2390AB883263918E9449E64DE5CA3EE2BFA5B7A521455AF369C0C988B3C2	9872	Complexitylib\Encoding\Delimit.olean.server
1CBCDF6A72B2FCB86C6B1E98DAAEC28B3EDB6BBA86F2FBC2698973C4E1898437	16	Complexitylib\Encoding\Delimit.olean.server.hash
A6991C631050EB442DC9F1A189C41E03A445ABA62F7BE5B587A5E67F09847719	4259	Complexitylib\Encoding\Delimit.trace
28867E520FD68A5D60146D5F27B85847420E1D4878A77DF8AABE379444D59055	24435	Complexitylib\Encoding\Pairing.ilean
B1C01419FA2B309B26630F441F18241C12108A0F674A0C5998180C9D924C717F	16	Complexitylib\Encoding\Pairing.ilean.hash
6FA2928064F34F021371D5F82F8209CA43EAABA22C62AA9DBD21E3E48438B745	16600	Complexitylib\Encoding\Pairing.ir
C1CD47470980310CAA6AECEAED1D8C25C2ABA5D0999854BBCE024089C8359AF5	16	Complexitylib\Encoding\Pairing.ir.hash
A37DFEFDC0D40E4E3FC1C25D7D78669C52AD8A55B1904365DC0419DFE88BB835	176	Complexitylib\Encoding\Pairing.ir.sig
9DBA2C7C34FB8B5D63CA6821E62364001A763B6FB0194E1A03A16DEE08125899	16	Complexitylib\Encoding\Pairing.ir.sig.hash
8742D8544ED08A40D5CCECC4B4DE50BBBFE26C2B2D9939BE300570F4222041E3	147376	Complexitylib\Encoding\Pairing.olean
012B6DA390E959ADC9C07894811C5A29F044A07E37E1E596F3C8ECE96C395583	16	Complexitylib\Encoding\Pairing.olean.hash
A19822D7A15A62A6B842AE9DD80D971EF0F657E34D953C4B87642C8742F1432B	364608	Complexitylib\Encoding\Pairing.olean.private
75B291444A21B7AC95E47646B8FA7585D2481D444DDCB3865CACF9FA1E2BF173	16	Complexitylib\Encoding\Pairing.olean.private.hash
B6C39277531421A49F21D8611F38E9B0FB12B64391F41854279B15F714C7BEA5	9520	Complexitylib\Encoding\Pairing.olean.server
06D44E283E03032878D320E4550C0D76BDD5135E21030B7ED14F4F544FC478C3	16	Complexitylib\Encoding\Pairing.olean.server.hash
F47330A161C0B4F8EAD88BB2CF7E61DBA3CB53C257B9129A1D412C69011FC88A	4273	Complexitylib\Encoding\Pairing.trace
4DDE5E91E6C84F6CA26D6423AC323CBE1209281453CB7415D1A158FC22BF2C4C	13345	Complexitylib\Languages\Contains.ilean
BB7D7DC123E5740551A9713246869542DB4DD3B90F9BAF3AC1D42E12FB7DC8AD	16	Complexitylib\Languages\Contains.ilean.hash
5E49F4F507443BACE3805BC7079AB4C50C70DFADC373A53AF6D126ED75AC794F	20480	Complexitylib\Languages\Contains.ir
4780795E947C1D1A9BDF39849A589080E96240FE30E0EB422328F8295F177737	16	Complexitylib\Languages\Contains.ir.hash
FC33371D844AD97B478A5264F247A1D8F77A34DA555A376686D6A7E54CC9FE62	176	Complexitylib\Languages\Contains.ir.sig
E8E59CC111B70B2A923E291B7CC0148E05D2D236D0E50B5E2CD9C94DC4750114	16	Complexitylib\Languages\Contains.ir.sig.hash
85EDE273CF08BF0679FDF6B33C6B943D42883BFC2D6AAC8985737D5001399B4D	16480	Complexitylib\Languages\Contains.olean
594524B5210C85AD3F722031D41A97E89AB2ED10D0229B6DE7A63C1D16155594	16	Complexitylib\Languages\Contains.olean.hash
3576DC13F77F75ECB026BEA81BBAB870A05AACA8C847CA99877A70E014096B1A	107200	Complexitylib\Languages\Contains.olean.private
ACA2FE65F27049052FC0D029E8D15EB2BE7D23CE83852589AD6C53A91E89A2F9	16	Complexitylib\Languages\Contains.olean.private.hash
41F92F6A85F7C65166E7C64669509B4B223E1ECD15E570FB4C73C7EFDCA8FE4B	5944	Complexitylib\Languages\Contains.olean.server
577114EC8171E5F814C9244C3160B8A48DEE6E659AC9501094118A8A5EAF5186	16	Complexitylib\Languages\Contains.olean.server.hash
33DD4776BCA2306D12C0E98753B88380A30463AFA5ED45EE8C4CB031B13F0CA7	3859	Complexitylib\Languages\Contains.trace
E83665B925D9861FBA8AB9ECB7946967AA12A3A8E1777FFFA8D12CE45F8441C8	6159	Complexitylib\Mathlib\FinsetPrefixes.ilean
D6113ECC138BE5742A8FC4723ABD65F3655E540F7AD7CD5328DD492733077106	16	Complexitylib\Mathlib\FinsetPrefixes.ilean.hash
9CF01D3886B9CB9E3EA6ED98D2FD688212DB1D9379489297FAA010733D4B1CA5	4984	Complexitylib\Mathlib\FinsetPrefixes.ir
876DBB6EBB094CD5DBC3F888ECDD0D55A4206CE8126ADFE56046EB190CDF3E17	16	Complexitylib\Mathlib\FinsetPrefixes.ir.hash
9F84FA55EEFD6FFBA6F4D6C59638129BBF16124E343BB2B029366E27D12BDE89	176	Complexitylib\Mathlib\FinsetPrefixes.ir.sig
CFDFA1B5431AEBB4B048576DC58DD7A534B79B5641240E18B338EC62FAA711EC	16	Complexitylib\Mathlib\FinsetPrefixes.ir.sig.hash
CC423AC9D752FFA91CF9956C7FD050BE765E44EF780168B5D4A401D08BC848A6	27896	Complexitylib\Mathlib\FinsetPrefixes.olean
BA40C785A9C94826DD55A153E61A5E3CD094FC411A3597D172CDC3CDD987E606	16	Complexitylib\Mathlib\FinsetPrefixes.olean.hash
FB49B002A12BFD0E45F5E99128FCC0823587DFE40ECB596DF2921DB3B867A8EC	38112	Complexitylib\Mathlib\FinsetPrefixes.olean.private
6CDDF036BC12C81161C6416A3AB3B3D5E586413C670FD491EFB909FC19A0E3FB	16	Complexitylib\Mathlib\FinsetPrefixes.olean.private.hash
DE7EE3702328D221F03E7070E62632ABEF7B6988289E4C515251597BAE04A77F	4472	Complexitylib\Mathlib\FinsetPrefixes.olean.server
E449B785C23B08AC8A9EDBBAE38484F9A735AA695B7DAAB7F2702BFE2157D4C2	16	Complexitylib\Mathlib\FinsetPrefixes.olean.server.hash
362AA892DA66FE1BCF85DBFC2146C751030C8A2D4689F7586F8A58B071CA0935	3573	Complexitylib\Mathlib\FinsetPrefixes.trace
9659F354E215F2F168431053AB537C74047F7056867795DA24645203F561584D	83169	Complexitylib\Models\TuringMachine.ilean
A0E24DC99C2F140410BA42A7A848AC98D73BACA79F26DB6C60948E769F7D0B3B	16	Complexitylib\Models\TuringMachine.ilean.hash
33D980516E61CB43A9E105C7DFF1837BEE844815EBE30D5A4ECB107451BFA6B2	89088	Complexitylib\Models\TuringMachine.ir
D7B38A3BFBB943565AFA5AD3AA74EF21A539754F08ADF970D67E6B06F170D528	16	Complexitylib\Models\TuringMachine.ir.hash
34986E6BB851BC1C3A2FBCC85CC0F13C3DB87710841A0AF2343592DD5F63025A	176	Complexitylib\Models\TuringMachine.ir.sig
BFEB6C8E71490682558348EB3618C4CC5071B7E8228908C81B7E3EF0379CBC4D	16	Complexitylib\Models\TuringMachine.ir.sig.hash
13E09309546065EA1BFD8539EFE579125897C64D8DCE8A3BA3632965D11C59B8	594224	Complexitylib\Models\TuringMachine.olean
DB971E47D7710C92556333A4123B691722D1F7358D7872697B26A1DCD9C7FD99	16	Complexitylib\Models\TuringMachine.olean.hash
4F77FCE424C69B5A0938021B9117F32D1E8A07DCF846C17A9056682E04FB9B9F	668784	Complexitylib\Models\TuringMachine.olean.private
53613438672F41624ECB34EA96B9902CC78129977C319AE5D405B6C115C5A690	16	Complexitylib\Models\TuringMachine.olean.private.hash
FC4EC29B7D292DCC7C4724921A6722BEBCDC24D4CFDDA5989F25514ED73B2B46	55864	Complexitylib\Models\TuringMachine.olean.server
F65DD3FFB6746E75010D95DBDF4B4EE6176F45E203ACBE2AB57B622111C9E110	16	Complexitylib\Models\TuringMachine.olean.server.hash
00EB7D41F5968DA68C41624ED757D78E10FDCA846A26ED2BF1A824357C8B4ED5	3544	Complexitylib\Models\TuringMachine.trace
E68BDD703EE0A884C9B7CEABCE47E3ACDA84897C4F58ED3B8BDAD85E92B2A865	8324	Complexitylib\Models\TuringMachine\Branch.ilean
BBAF772E09F7256FDB2E5777406732BC3E8653D31C22959C888F868721A2159D	16	Complexitylib\Models\TuringMachine\Branch.ilean.hash
617F8922E81793E55C7FBF9AD74EE930903047B28FA74667EAE834AF5E79AC77	5712	Complexitylib\Models\TuringMachine\Branch.ir
BD7D3CAC913F4A1265F98887F8C9C12F936B31F718307B8FA283761A5C07C63C	16	Complexitylib\Models\TuringMachine\Branch.ir.hash
F836BB6B92E85E3A3C4199D1F67D1CFE87123BA0BC0975CAA0BD96705C1D04A5	176	Complexitylib\Models\TuringMachine\Branch.ir.sig
B17FDC3AE40394A783F3019833B2658434E061AD7DBD361FCA1A0B1DA55EFA46	16	Complexitylib\Models\TuringMachine\Branch.ir.sig.hash
1246659A0120F2A663DFAD1809C30AF2219CE7B639DEE7984B6D1B7D838FCE6D	23800	Complexitylib\Models\TuringMachine\Branch.olean
D07551E6FBCDD37B5654DF99EDE97878C996096D046E7CC1878CD5F2C547970E	16	Complexitylib\Models\TuringMachine\Branch.olean.hash
1196E67AD2BEAECA5270681B9E9D1641D87E2DDF90B0BDB1728090C4172143B9	22976	Complexitylib\Models\TuringMachine\Branch.olean.private
8FC47C71E72BCB3F54C1EB6BE19250BE3185703D9052BB4720900B0B5F6DE8B4	16	Complexitylib\Models\TuringMachine\Branch.olean.private.hash
F0B3FF3DED3E33D68A1A8B48269F7DE6EFA18AC35354182789403F8A39941251	4440	Complexitylib\Models\TuringMachine\Branch.olean.server
0422E0ED7129010E52A132401E9618FFF01916B6D9D352EDE5BE9A718B91EEF8	16	Complexitylib\Models\TuringMachine\Branch.olean.server.hash
864B8A5518EDCA01F64EB1691895A4D6A56091B33DA93C28BB212201EC5A856C	3508	Complexitylib\Models\TuringMachine\Branch.trace
3EDB1DDB5E9ABE2228BE5804D1CE3C2BBBDA9E0C87ECDAED1EFD0410D0E34D45	20148	Complexitylib\Models\TuringMachine\ChoiceTape.ilean
38DDF52CA2B866DB16FE9999FBFB9E1B30DD1F7E58F135EC855B83A3C9B458A7	16	Complexitylib\Models\TuringMachine\ChoiceTape.ilean.hash
441B5584F5E8F0EF87C19C7C1852C431E50B8838B240E00476BDF008DC04DE0D	34912	Complexitylib\Models\TuringMachine\ChoiceTape.ir
866AACFEC0755B39A948D83E813CB91F0C187EA4A3EDCC841260AE63C87D5247	16	Complexitylib\Models\TuringMachine\ChoiceTape.ir.hash
598E387E0E61E952F1053B5788B6F985E78DF2CCA61B90350915B45172EFB9C5	176	Complexitylib\Models\TuringMachine\ChoiceTape.ir.sig
95133124BB9914CDEB03039AF4A0675D5690B6CAD0C623BE3C7BBFCCA8A58B5B	16	Complexitylib\Models\TuringMachine\ChoiceTape.ir.sig.hash
61CEE6E5D77E527C7619E8C8A63533B8BC70476AE348C129E10E97D0EDBB02DD	80104	Complexitylib\Models\TuringMachine\ChoiceTape.olean
2B02ADCA78C4A4BA736CDDA1AA159C97CAC98C0D19E348543400B6D0A49D1557	16	Complexitylib\Models\TuringMachine\ChoiceTape.olean.hash
19D202E396184EE2951FA9C9A45D54518D283566A262875AA852B19503DBEF66	258456	Complexitylib\Models\TuringMachine\ChoiceTape.olean.private
EF3F61FEFCF37A1ECED68F17E4A9877694FEE8412298BF75586CEA1FC2507941	16	Complexitylib\Models\TuringMachine\ChoiceTape.olean.private.hash
CC3F6326C882FAD9EFD2333A5D25D66EB64C24B9767CE37E4C8AD238A344D27A	5672	Complexitylib\Models\TuringMachine\ChoiceTape.olean.server
D51470FA8E58F514DB78D233FE4235D99DD1BF721D92E5B7BD399F969207E66D	16	Complexitylib\Models\TuringMachine\ChoiceTape.olean.server.hash
FBB0252C303C08B09EF1AEED2B7704A9033C9FC03BF62BD2344C744A78059D9F	3538	Complexitylib\Models\TuringMachine\ChoiceTape.trace
0DC5E6EB12CCF4D1127B5EF9BA4A45C91EB21C6E73F2D3D5F2E853473863D624	59505	Complexitylib\Models\TuringMachine\Combinators.ilean
F40A4A58354B72ADD745E57B60E1F74A32F4CB68AD53FAE7E693BD8BB62A0BBF	16	Complexitylib\Models\TuringMachine\Combinators.ilean.hash
F041372E70F2E7CC26B093CCEDCA7797E5DC5DBBB7EBDD865B46759D2B429241	195936	Complexitylib\Models\TuringMachine\Combinators.ir
CA96A163E9B9A316F767EC06F7E87466CE249E6B8D171F4FEB269EFAD2C2C231	16	Complexitylib\Models\TuringMachine\Combinators.ir.hash
A3EC8226C5D782347193BA7989CAB103DA14238B1D58EAA7E8C7599A9C16DC79	176	Complexitylib\Models\TuringMachine\Combinators.ir.sig
4F6CCB2640E80F5E93DEFF714B6AAAE8D6BFBE2C08FBCDC6D1B5077BB3CEA03E	16	Complexitylib\Models\TuringMachine\Combinators.ir.sig.hash
D3E13876F77F7EE115D68B198E3FC4F5AA9ECBBA92BB990E8C994D9952EF1750	452712	Complexitylib\Models\TuringMachine\Combinators.olean
81667BE4DB5E21B7492F7A242FD3391C0913E028710D6FC7282BEAB1A57C3B75	16	Complexitylib\Models\TuringMachine\Combinators.olean.hash
0819C330E8E5B393E6EF98303E87D46352E433B93401471D128E265E5489DAC7	1021904	Complexitylib\Models\TuringMachine\Combinators.olean.private
BFA9387572EC37555EE9723D4EF9C844FE9151E12A2B2691AE0B49828135B7E6	16	Complexitylib\Models\TuringMachine\Combinators.olean.private.hash
53345FC3D20CFB3535FC20E8AFB34406C60BCEC5E0D485BF37E1F5856497304A	25664	Complexitylib\Models\TuringMachine\Combinators.olean.server
A307E450A319B211EDA1F00E819CDF64BA7488EAE6E054B23D22FBE134E8FF42	16	Complexitylib\Models\TuringMachine\Combinators.olean.server.hash
01059080DE51BEA3ABBDA04B3AB99A470071ED24FA3D6C396C73AB9DDB7F73D7	3672	Complexitylib\Models\TuringMachine\Combinators.trace
4ED504F85CE36F659459EE31E79146B84176F55076F884C9A5A05B61D87155D2	19937	Complexitylib\Models\TuringMachine\Combinators\Apply.ilean
9F2D3D32504ABB82A745FC57C9A6B925092DD211CF9F84BA845B8F1D757995C7	16	Complexitylib\Models\TuringMachine\Combinators\Apply.ilean.hash
92EE0C780F6B7E644C8FEDF5D144762690AF980A2438687A6A40F43BF921F566	4592	Complexitylib\Models\TuringMachine\Combinators\Apply.ir
207B4EBFC3A7B215405D7C5CB964BD97B4AE73C94E9263EC9392C4BC642404FC	16	Complexitylib\Models\TuringMachine\Combinators\Apply.ir.hash
A83F607987EA8EAA8FD164990BDB96917815D1E515FB8B5C866D790F49C4607D	176	Complexitylib\Models\TuringMachine\Combinators\Apply.ir.sig
98EF3F8C0BD9F5F41CC7BBB5A4BF998687F1CCB47638254B934B7D5F7BEB1CA4	16	Complexitylib\Models\TuringMachine\Combinators\Apply.ir.sig.hash
781D4159C512D073E6C3C006B1E88EBA531A71BD85BAB0738DE9BA7256C93E97	29776	Complexitylib\Models\TuringMachine\Combinators\Apply.olean
31763009D8F3069C690747E8096D3EB6B1ADB9028079D539AB8DB7D6AC040E15	16	Complexitylib\Models\TuringMachine\Combinators\Apply.olean.hash
FFD0F3E287E14567F1096E4646FA17FFF92DB8D0C01D488744B865F5E40075D2	205896	Complexitylib\Models\TuringMachine\Combinators\Apply.olean.private
423619C74B69A67C2E2A318D26481D6CE2A0F05299DC5D8C7429E8C844574100	16	Complexitylib\Models\TuringMachine\Combinators\Apply.olean.private.hash
D2CBC5DBED1CC013C4F2FBEF882B54ED77A2EAD56E060C42A52560B77CEA6B0B	5864	Complexitylib\Models\TuringMachine\Combinators\Apply.olean.server
BD99593DC3DBBD1B7033092B390E1CD73AD02CBB3D2FBA5B94D65116D5C31809	16	Complexitylib\Models\TuringMachine\Combinators\Apply.olean.server.hash
14FEE7BE4EC3BEACCB76CD1D824C7A1C66F4D0FE8B557A25821CE5A2B205BC03	4049	Complexitylib\Models\TuringMachine\Combinators\Apply.trace
05A57B62A9FA1CD8D1F5912FB01443E736751AD5A5B9FC070AA6A5123AE1D103	803	Complexitylib\Models\TuringMachine\Combinators\Internal.ilean
430F181680AF0552D065CF3E9FB8A2644773D63B26F115DBE37FA9014F0981B3	16	Complexitylib\Models\TuringMachine\Combinators\Internal.ilean.hash
E87BDBD1C9B9F5F6D8190DCE53B59FC2A105793958BF580BEC82CA78CED8E729	2488	Complexitylib\Models\TuringMachine\Combinators\Internal.ir
46AA8FB8F9D92126B660F4E7E61C62E9356412E06971E5198815163316ADB61E	16	Complexitylib\Models\TuringMachine\Combinators\Internal.ir.hash
C13F596B411E6AF173C132E21DCF66428879F9188E5651271B121EFB701EC180	176	Complexitylib\Models\TuringMachine\Combinators\Internal.ir.sig
97582EB1CF4F2464F26A18752A78D713E7CF0B2AD2E25863DD1BF49FB44D16CA	16	Complexitylib\Models\TuringMachine\Combinators\Internal.ir.sig.hash
95CA921827368C43AC2A735C955D08B3C75BEE88631E2A75BEE27D3C46FEAFE0	2624	Complexitylib\Models\TuringMachine\Combinators\Internal.olean
D1297ADD65573FF837139A5E117DD0011BB645D60A8692FB22FE9AE054698359	16	Complexitylib\Models\TuringMachine\Combinators\Internal.olean.hash
86E2E3541231915D77E0BF2C3B91062AE63C5BE43DA271952A37E71DBF3703B0	96	Complexitylib\Models\TuringMachine\Combinators\Internal.olean.private
B49ACEBE48A3C383B756D1D869D6CDBA3A1E12D682398F57BC4015EB784C0973	16	Complexitylib\Models\TuringMachine\Combinators\Internal.olean.private.hash
7BE0BA50F3C884BDA28826B9597690E1CD45780C610DD818498271BC4D15E196	1088	Complexitylib\Models\TuringMachine\Combinators\Internal.olean.server
9BEB3D724DFA64FAE46A9018F9B43FB9C174AF3915D803F0868D1686C1552A09	16	Complexitylib\Models\TuringMachine\Combinators\Internal.olean.server.hash
37409D71F1E79E044A363DED5360ADDB1CA784D4CB454FFC3D6F0E9F4637395D	5329	Complexitylib\Models\TuringMachine\Combinators\Internal.trace
AF02DBF6B3A808F38156F7BF7F54F9DF03652C4C0E2C0BEDA304DB6E3E499E56	40568	Complexitylib\Models\TuringMachine\Combinators\Internal\Complement.ilean
0449751DA9DCC343CF933ECD81C15B1A759813D39E92EDAB78C4C7E12F580DC7	16	Complexitylib\Models\TuringMachine\Combinators\Internal\Complement.ilean.hash
2B5FB215B3141D4240522EF4C0E18719EADB30DE60F3AC51BA7744DC45BBC493	19544	Complexitylib\Models\TuringMachine\Combinators\Internal\Complement.ir
317A9A937BE793331C1F17AF3874AA1E818C18599963926BA1115EF8956F8C1B	16	Complexitylib\Models\TuringMachine\Combinators\Internal\Complement.ir.hash
F168729B35A8F22495B7A52B4167961DE9D7ACB5EBB1D7A8781795304E9DC4B1	176	Complexitylib\Models\TuringMachine\Combinators\Internal\Complement.ir.sig
5FA67F955062EC069E6B08BC98D81AF6AE61AC6CC9136CAE3A8B8571AA1C63DA	16	Complexitylib\Models\TuringMachine\Combinators\Internal\Complement.ir.sig.hash
E6925B0669E9668797E53E3B6363D462394447D3DBF2CCA1E580F0F156312844	68664	Complexitylib\Models\TuringMachine\Combinators\Internal\Complement.olean
0ECF2C3AD0B91BF3B8D1DC4CEC953631042A1F8249AFF4768ECCF835C0EC4759	16	Complexitylib\Models\TuringMachine\Combinators\Internal\Complement.olean.hash
38D5BD348F80C4DFB642A3AD8CA81C97DB7BB601AB8B56A652EE4003B38CAD29	483088	Complexitylib\Models\TuringMachine\Combinators\Internal\Complement.olean.private
03E39C57C5346868C0F4ED2460A96EA975055A924D4E198707F1459F3E011DF0	16	Complexitylib\Models\TuringMachine\Combinators\Internal\Complement.olean.private.hash
AD2546413F08A2353412018E1A91C903C496D2385FABC4EACDB3B83984A08F6D	5512	Complexitylib\Models\TuringMachine\Combinators\Internal\Complement.olean.server
0F3C857AA5AC4A576749D8BFBB6119850528DA26DDB3EA9572F3D2A51F9955F6	16	Complexitylib\Models\TuringMachine\Combinators\Internal\Complement.olean.server.hash
DC310E675FE2B185651236E0286AF7A6725084DCD24635F8C30B92625D18980E	4143	Complexitylib\Models\TuringMachine\Combinators\Internal\Complement.trace
D5BF735A8EB6C719DDD82E83CD9103E10466D8AD668704E9D9CA162B20787418	37212	Complexitylib\Models\TuringMachine\Combinators\Internal\Generic.ilean
E17A8AF7217E5FFAB7AC16D593D1803DEBFB5B57B514DEE9B84BEC659F199B7E	16	Complexitylib\Models\TuringMachine\Combinators\Internal\Generic.ilean.hash
75ED8777DCD855A92CF18D9881CCF0740F642F12625EC4005ECDE54C764B3E6D	8088	Complexitylib\Models\TuringMachine\Combinators\Internal\Generic.ir
7A988CE9668C72091482270617D84925E49EC1F820A334D8ED6B656FA19F9D16	16	Complexitylib\Models\TuringMachine\Combinators\Internal\Generic.ir.hash
4B3CCA658A84BE6F2C50BCFDA4D60927A9B9DE5F1C8559CB6F9EE4A26466D381	176	Complexitylib\Models\TuringMachine\Combinators\Internal\Generic.ir.sig
9F4068E4300C4730EA30645506BBC95AA302A887D48B8FB6B3F0800C999500AD	16	Complexitylib\Models\TuringMachine\Combinators\Internal\Generic.ir.sig.hash
AF6FCD9A8BE32ECE7B7B552D0A30F547B9003F51FFF2A26081D6E89561420C73	61976	Complexitylib\Models\TuringMachine\Combinators\Internal\Generic.olean
E8D7747FACC4ABFDBB0837819AE0C29C5C2BB79F2BE93D1B5C4984108049BB1E	16	Complexitylib\Models\TuringMachine\Combinators\Internal\Generic.olean.hash
F2ACB210BCFFC1FFC2E928B73E1344E8F8C2BA0209A37D064E186DC92804BC29	310520	Complexitylib\Models\TuringMachine\Combinators\Internal\Generic.olean.private
3D4F8C36A012E5812E1AA0F001932390E420B8716CE5D77083F5C76A5A60BEE7	16	Complexitylib\Models\TuringMachine\Combinators\Internal\Generic.olean.private.hash
FB9BDE1F8CBE20246C5AC1FE0B19DDE7CFAA0920C74703F782647D3AC4A7CC0E	9856	Complexitylib\Models\TuringMachine\Combinators\Internal\Generic.olean.server
4FC84B473BD445D497FA97CFF8DC6C6ACB4B43D79875B6B51228B5C562ABF30D	16	Complexitylib\Models\TuringMachine\Combinators\Internal\Generic.olean.server.hash
9C3364DC5D6B3B595600B693BDD2DE7D296D867EE6489DC49AD8F46296E0306E	3676	Complexitylib\Models\TuringMachine\Combinators\Internal\Generic.trace
96EE035A9BC5BDE46907F807B5C1DEA7EE711FB0867431E504DC5BD06ECBA961	58470	Complexitylib\Models\TuringMachine\Combinators\Internal\If.ilean
AAD23915E2EEEE6091809DEA7A5985D008201511AF19654B6B11EF7DBF1BB6BB	16	Complexitylib\Models\TuringMachine\Combinators\Internal\If.ilean.hash
7B8E9941D68DA78BA3865226578CD7C01B22F4063BEB0A22AD5D2036FCE23496	19000	Complexitylib\Models\TuringMachine\Combinators\Internal\If.ir
B8A1BECE86407F4D916A3DF2DD5AB70D1BEE1E579D3C047ACB9A386D9A4035F2	16	Complexitylib\Models\TuringMachine\Combinators\Internal\If.ir.hash
3575E9CC5D676333D3D5C1CA1DFC58B6C565C20B42E3AD3CCFD7FCA02AA3BC59	176	Complexitylib\Models\TuringMachine\Combinators\Internal\If.ir.sig
64D20E87C6F36D82F3F269098C19A5EC115B6CBA74BA400576743AF03B6EB9F9	16	Complexitylib\Models\TuringMachine\Combinators\Internal\If.ir.sig.hash
453C80EB743CF2DDB6C1CF48C0DACD8693EEF1E51D60ED8DC61C53F483138798	101800	Complexitylib\Models\TuringMachine\Combinators\Internal\If.olean
30C63B4FED300E05C90B115ACE04EB271A47B8C5D5560C8CBBA5F87747FABD3F	16	Complexitylib\Models\TuringMachine\Combinators\Internal\If.olean.hash
A15BC4EFB533730400F473496AACB9FD332329CD2DAB55943D02B08A5A082E0B	496208	Complexitylib\Models\TuringMachine\Combinators\Internal\If.olean.private
FBA6BEFD8282AE253CF4D30DE9C878DFC7ADE8CFFA7A3C771CD04E538ED75B26	16	Complexitylib\Models\TuringMachine\Combinators\Internal\If.olean.private.hash
9F953950403C98424D98642889CCAE6305CF76FC8FB7B682379966AED4BB61A2	9368	Complexitylib\Models\TuringMachine\Combinators\Internal\If.olean.server
D9E0D1E3745B61EE9E603CF11994F3846DB297A8237514758B32E9F9BD4B16D1	16	Complexitylib\Models\TuringMachine\Combinators\Internal\If.olean.server.hash
0A35E2397E112BD900F4562A0536FC87DB63CD9268CE0B05A63C6AC47103070B	3675	Complexitylib\Models\TuringMachine\Combinators\Internal\If.trace
7B405CFA0466B7B2989600D615C71C2AC4DEFEAC558D1F4AE11A2A02E7BFA236	45741	Complexitylib\Models\TuringMachine\Combinators\Internal\Loop.ilean
C0C814317ADC9A1BFB516C97BAD0A27BFE9BE681D5DF4ECDA9999C313A192B95	16	Complexitylib\Models\TuringMachine\Combinators\Internal\Loop.ilean.hash
BED3A97B8ADDF421BF5C044155875EC108E422549BA7F2BE71B556DFF572188E	15056	Complexitylib\Models\TuringMachine\Combinators\Internal\Loop.ir
BC8496018D05069C41AF235340F7F1E6E86732A6504CFC5262290D171E65C613	16	Complexitylib\Models\TuringMachine\Combinators\Internal\Loop.ir.hash
750127171808A2B0BF1FB349B6E6E17A209D723711AD41CB68219E40ACB7CB8A	176	Complexitylib\Models\TuringMachine\Combinators\Internal\Loop.ir.sig
4E3C1F0310B75F4FD04E840A12A3BD53C33D60C7615E2166E76DE5F95FDEF3D4	16	Complexitylib\Models\TuringMachine\Combinators\Internal\Loop.ir.sig.hash
6C3A2B2D0F5BED7F2CD8483AE8DB2D317DC338AE9172F76BD21124673C0C923E	79408	Complexitylib\Models\TuringMachine\Combinators\Internal\Loop.olean
ECE64290276CD213782777D8497E0E4E2EFE5A61BF74F7BEAFEF82812B771385	16	Complexitylib\Models\TuringMachine\Combinators\Internal\Loop.olean.hash
3A95D524CD133FE8AC9653FA002779358818BD304B4ABAEA5BB4216CB20074DC	431256	Complexitylib\Models\TuringMachine\Combinators\Internal\Loop.olean.private
D2A2D00E7EAF9F06FDBB454CAC82E9392D6BFB4EB7B9491DFB52AE2310FF2806	16	Complexitylib\Models\TuringMachine\Combinators\Internal\Loop.olean.private.hash
5FC0EE41ABF53186DF0EF661CD3EE86FD986ED031FAFA31153FE58F9E9565F66	8344	Complexitylib\Models\TuringMachine\Combinators\Internal\Loop.olean.server
07C9C11CD6A8C21B691C9E5E3F58CD4FDE84CF7A1B6F02CE9780C9D9D45B6102	16	Complexitylib\Models\TuringMachine\Combinators\Internal\Loop.olean.server.hash
1C65E71B7933CE18A1073C519599EC22E9273866E73EB5AAEA6D7BD76C0309BD	3689	Complexitylib\Models\TuringMachine\Combinators\Internal\Loop.trace
8C7B068B31185A4584534E1B2DDA56B785B7BC672D6DA7FB782F381A2667C63D	85749	Complexitylib\Models\TuringMachine\Combinators\Internal\Retarget.ilean
8F663489A8D8E17D1033EBDFC34BA5E81BA91DC2FBC003E78723402B917B29F0	16	Complexitylib\Models\TuringMachine\Combinators\Internal\Retarget.ilean.hash
574ABA28B32E7B78B7D6756190685A1B6E0F6195BE800BDB4C9A889042169461	15928	Complexitylib\Models\TuringMachine\Combinators\Internal\Retarget.ir
8685920CD906F39968A43389EA19E72B07570DC0542D8E1CDAE19F2908047C3E	16	Complexitylib\Models\TuringMachine\Combinators\Internal\Retarget.ir.hash
7F2814570278A012971153EDB20FFF854AA26E773C443F7837872FEC4AFA60E5	176	Complexitylib\Models\TuringMachine\Combinators\Internal\Retarget.ir.sig
E880CCA0E950CFF50A56123E3624891E38DE3ADD263E06A995220964E864F6C5	16	Complexitylib\Models\TuringMachine\Combinators\Internal\Retarget.ir.sig.hash
98BFB5FE7792480407910A03756481397D43F902AEB435112E16D55CC2587E47	82688	Complexitylib\Models\TuringMachine\Combinators\Internal\Retarget.olean
A0241816885BE560AE894D671B38C4517BB87D11A60094D7F35698D230D38342	16	Complexitylib\Models\TuringMachine\Combinators\Internal\Retarget.olean.hash
B537F7EDF44CF65AA53E33872107F74C0CFEE346B720572B580F7D26C59BAE2D	644280	Complexitylib\Models\TuringMachine\Combinators\Internal\Retarget.olean.private
30C1B1B66CCC12DD3499D72C5987BEBEA13B4C8757FBD7731734ADF2B0B49275	16	Complexitylib\Models\TuringMachine\Combinators\Internal\Retarget.olean.private.hash
B833DC68B72B1433ED21DEF879EE79B4491320F7D3BC034822EAF5679DEA611A	16136	Complexitylib\Models\TuringMachine\Combinators\Internal\Retarget.olean.server
3E6F13EFEE49C2936E4A15B2AC2F689F3483E3CF736ACA1EC2148404A03FD85A	16	Complexitylib\Models\TuringMachine\Combinators\Internal\Retarget.olean.server.hash
4881962B4B6A5631ACCCA3BED0BF7B086368786206C4FE2321B34E7FF330E77B	3926	Complexitylib\Models\TuringMachine\Combinators\Internal\Retarget.trace
C182EBC69356FBA89E29760F365A9767008901443440C954119E74CA0A2D8D5B	43188	Complexitylib\Models\TuringMachine\Combinators\Internal\Scanner.ilean
529A081103CD699DE79378A1363991ECC6819869615A88F94FFAC1BDD92DC790	16	Complexitylib\Models\TuringMachine\Combinators\Internal\Scanner.ilean.hash
BF4CDE2A41F32F922A40B973704049F08AD4A1CBA5A0B42EBAEA0B6236190443	9200	Complexitylib\Models\TuringMachine\Combinators\Internal\Scanner.ir
341EC67459511BDC218A62F75B2DA5D84BEAB9775BAF2E6C71EBF66A01392FF5	16	Complexitylib\Models\TuringMachine\Combinators\Internal\Scanner.ir.hash
8D55145AC305DFE48B222B19DDD687C4BDC51DA8D37AD11A42CFC72AA31253F3	176	Complexitylib\Models\TuringMachine\Combinators\Internal\Scanner.ir.sig
BACFBB718FF56DCED97B2AEF43E36056714269F2F82966524DEAE4DCF37FE325	16	Complexitylib\Models\TuringMachine\Combinators\Internal\Scanner.ir.sig.hash
912CACC1BED2A6D0782BDCCAE558A523A17156DDFEEA44719A46A7435DB7E45C	38248	Complexitylib\Models\TuringMachine\Combinators\Internal\Scanner.olean
2EA42D2966EB202F7F00561DDCAB889AA63F55AABAE7DC8510D553E3D8CE475B	16	Complexitylib\Models\TuringMachine\Combinators\Internal\Scanner.olean.hash
E0940FD4410D3135ABE7B840DD1186AE8DF907BA4ABD16706EFE076E342CF9EA	363048	Complexitylib\Models\TuringMachine\Combinators\Internal\Scanner.olean.private
4CDA0AE1B1C6E26DFF825943E9B219A65A583EF2A5FB2853C6BB8A94E7EBC347	16	Complexitylib\Models\TuringMachine\Combinators\Internal\Scanner.olean.private.hash
C5920D53F5B1166B0796D4558E6A02DF1E002BD70F285BF6AA4B73046C98E177	4904	Complexitylib\Models\TuringMachine\Combinators\Internal\Scanner.olean.server
7CE1477A25B94CE018CDA7484641C3289B074C8119203E5851A9243B4A2E115A	16	Complexitylib\Models\TuringMachine\Combinators\Internal\Scanner.olean.server.hash
DAD0B113751538C38CDEEF2EE5B4CE69897138CB555DA95100B50A8C68E3C8BD	3919	Complexitylib\Models\TuringMachine\Combinators\Internal\Scanner.trace
8FE883B7BD1EC289ECE98AC8357C8054ED911997E23B15E84B59D45DD6D8B0E2	15746	Complexitylib\Models\TuringMachine\Combinators\Internal\Seq.ilean
D41CEA70B4215702C5C243ADBCA8AA91F13E37F5C9B25336AD2A9871B1DFA3D2	16	Complexitylib\Models\TuringMachine\Combinators\Internal\Seq.ilean.hash
B7AA46DEF7BFF51E97590580DF50D3549AB1A6C9EE43B7D67C31B8CF71D4C30D	9328	Complexitylib\Models\TuringMachine\Combinators\Internal\Seq.ir
F72BF74EB7816D786F06380911223DE24BA556DB85ECE2FA692518478D1F3954	16	Complexitylib\Models\TuringMachine\Combinators\Internal\Seq.ir.hash
7A012BC1E3EA36EEDD53D3B73B6B26AF3B28A86394889C630128CD5473BF9C7B	176	Complexitylib\Models\TuringMachine\Combinators\Internal\Seq.ir.sig
BEAA2732B57177A596AF018EDE6F32E5C851225463D5C38232086568589DAD67	16	Complexitylib\Models\TuringMachine\Combinators\Internal\Seq.ir.sig.hash
27B80B613FD4A53C7341F808D273C44EE026885D15C834525BAE00900E2952C1	53080	Complexitylib\Models\TuringMachine\Combinators\Internal\Seq.olean
CFA3DE893C9A7B5BC314E62CA2211C6C5B06945BAB466A7706AA7494248D9CAD	16	Complexitylib\Models\TuringMachine\Combinators\Internal\Seq.olean.hash
31D853794F9495E49DEE55489E296681912D994366CB653C31C01B496A2F6BBB	135976	Complexitylib\Models\TuringMachine\Combinators\Internal\Seq.olean.private
474EFCB50A6350CB0512CC55AFE7125F161F9F89D0A797BF933DCE87F462B46E	16	Complexitylib\Models\TuringMachine\Combinators\Internal\Seq.olean.private.hash
999AC3211396137BA7C1FC91C943ADA468A2B3BB8BF13CE93F1BEBDA72A5F440	5184	Complexitylib\Models\TuringMachine\Combinators\Internal\Seq.olean.server
63B89FBD43D3F47D935BCFEC767CDC12DCA6B9A59BEBD61C0C91D31D8B15F33B	16	Complexitylib\Models\TuringMachine\Combinators\Internal\Seq.olean.server.hash
1C6D8E94CA6E1466E4EFF5E528B5E4528FF3B449C75CE49602639A8A1FAF7F37	3682	Complexitylib\Models\TuringMachine\Combinators\Internal\Seq.trace
70A4094B7BEDE487371EBD8DB2C37CA8DE901B9534E702D5A612329FA347CC3F	291702	Complexitylib\Models\TuringMachine\Combinators\Internal\Union.ilean
F84B0F33794EF57F1095B717DC260E7F7CA4CFEE7CA4221619AD4695BA79BDFB	16	Complexitylib\Models\TuringMachine\Combinators\Internal\Union.ilean.hash
E76FEB0F98CEB6F0592A5E1986E83A8CDFEF8E84A369659A3167A9846D0EDB60	20192	Complexitylib\Models\TuringMachine\Combinators\Internal\Union.ir
8DC926B5AFDEACB8B2142D7537AD697DB402FB75A9CBC76A8A45490D1C543CE6	16	Complexitylib\Models\TuringMachine\Combinators\Internal\Union.ir.hash
7CDB7B94D22F135E89EE161CD36DA5BC235249055B57986276FED15218CC49B5	176	Complexitylib\Models\TuringMachine\Combinators\Internal\Union.ir.sig
412DD3A37EB5AC8DB31790D9C10F74E2BD86CF01E6A792E4ACC3A4AA8BA2487B	16	Complexitylib\Models\TuringMachine\Combinators\Internal\Union.ir.sig.hash
1ADAD15D31AB1BB0FE2E95197A5AAA0AAACD06EFD9C5098167DBBC27E8FD3408	114000	Complexitylib\Models\TuringMachine\Combinators\Internal\Union.olean
D177E7F196256F8792421AFC697544D437A741A05EAAACF8D6E58BC910883DB1	16	Complexitylib\Models\TuringMachine\Combinators\Internal\Union.olean.hash
0B2B0D49365D424E2E2E807DFADC7E6258B7F1B09DA89DE1845D879FA37400EA	1829984	Complexitylib\Models\TuringMachine\Combinators\Internal\Union.olean.private
9C8613A56A0F4AA1B10DB79365D73454D91DCCBBBDB069C43B8D5FC99FB6AFA1	16	Complexitylib\Models\TuringMachine\Combinators\Internal\Union.olean.private.hash
F30F1565ED3693BB6D44E7ECC8A6EB6E615FDA5F0F72DFA35355A6500792E878	26056	Complexitylib\Models\TuringMachine\Combinators\Internal\Union.olean.server
2BDB5A14FAEC25596002F6C6008E071F1CBA481BF509540B109446B8B97DFDA2	16	Complexitylib\Models\TuringMachine\Combinators\Internal\Union.olean.server.hash
D88028EF4DF277C3FDB6A5887DE20D0B9B1922DA1255FF7D8152A720D0C92D35	3865	Complexitylib\Models\TuringMachine\Combinators\Internal\Union.trace
D25EDC6878C4D8038096ED812D64AD309E8B86F04D87C967C62725D4826F4EDC	23603	Complexitylib\Models\TuringMachine\Combinators\RetargetCompute.ilean
96F6B53F40002999AD92887B152BD982B596BEE5FE78105E8418630521A7953B	16	Complexitylib\Models\TuringMachine\Combinators\RetargetCompute.ilean.hash
61648224BF8929CCD915DCCABA96D826237748D99E34115CF0EDF761DDFE263B	1856	Complexitylib\Models\TuringMachine\Combinators\RetargetCompute.ir
E00B78D07F63A9791C22F4A2579529DC361D65CE368BBF7E62FDDF5C6E89B2D0	16	Complexitylib\Models\TuringMachine\Combinators\RetargetCompute.ir.hash
0B526AC2A304DC41516FAC51CD0BB3DCAFD9E9D53F1BDCEECEAF262E6184A46B	176	Complexitylib\Models\TuringMachine\Combinators\RetargetCompute.ir.sig
6AFD872D9CE0ECFF04049BA828FF83314868A35A750CB6682E3E7FE0977FFF8F	16	Complexitylib\Models\TuringMachine\Combinators\RetargetCompute.ir.sig.hash
8E658945DCBDCA1041BCDE9BF87C5C82BF837D33B38C0DC231139A22B5B8E279	37776	Complexitylib\Models\TuringMachine\Combinators\RetargetCompute.olean
CC82D041AF7A951B0FFE36E20175054B59ECF0D3D6E58F146F875B3133FA6785	16	Complexitylib\Models\TuringMachine\Combinators\RetargetCompute.olean.hash
FF9029B1602B934C330AB8B8A1EAFC96AAE4270201D4AB91E6C424A98647DC43	8768	Complexitylib\Models\TuringMachine\Combinators\RetargetCompute.olean.private
3E66B8237F6DFBC68407F46EF579DBA7DA7AB471B2689A12BF7317BEDCD8AC81	16	Complexitylib\Models\TuringMachine\Combinators\RetargetCompute.olean.private.hash
4089223005DC3C16218B8C560C88044880054A27E959DAA8D16F943B36A4B917	5880	Complexitylib\Models\TuringMachine\Combinators\RetargetCompute.olean.server
564EB80AB1D0149120514ECFAF54950151C254D90EDA16E3E93F38826E0339A8	16	Complexitylib\Models\TuringMachine\Combinators\RetargetCompute.olean.server.hash
C6BFAF37372C7C94E76C654BBBF327499C00CDE38F8A8C54BD5C17130D07D8F1	3964	Complexitylib\Models\TuringMachine\Combinators\RetargetCompute.trace
4676D081A5E4A177248357C05F473280D98613F3FAE269C7B728EC53DD265793	10723	Complexitylib\Models\TuringMachine\Combinators\RetargetCompute\Defs.ilean
2F550F918EAF5496485487D645A8D5EBEBFF93E5CADB523707E18E25423AC41E	16	Complexitylib\Models\TuringMachine\Combinators\RetargetCompute\Defs.ilean.hash
90F4DB25EA6674E454BE2EB5F8B6B4BF03DBC9065F8DF12B83FC27E71317C8D9	14528	Complexitylib\Models\TuringMachine\Combinators\RetargetCompute\Defs.ir
06519B776527175FF9124767849A64DE58B9FD9BB53BED0E2EBE161EC645B5F3	16	Complexitylib\Models\TuringMachine\Combinators\RetargetCompute\Defs.ir.hash
F86ADB42B4FA90A6D05DA2A19BCFC8211A32E72CC1F98B22F70649C015CBB57C	176	Complexitylib\Models\TuringMachine\Combinators\RetargetCompute\Defs.ir.sig
094E0DF178C313BE7FDA5E9ABA3F1A6FCE5B77EED1F741576D416CBF3BEA2AEC	16	Complexitylib\Models\TuringMachine\Combinators\RetargetCompute\Defs.ir.sig.hash
1690B5D7A1FC534C8EC6D61C14DEE328FFCC7F570E7F48033475EEFFFE57B520	33440	Complexitylib\Models\TuringMachine\Combinators\RetargetCompute\Defs.olean
381D688E233B6DD2F2C401A61F5E531BDA6CCB79341996E4568835D8B11B745A	16	Complexitylib\Models\TuringMachine\Combinators\RetargetCompute\Defs.olean.hash
F761B8D3447E2BA52DCA084421D542425C48A09150F99A4A667003E6A3E7099A	45224	Complexitylib\Models\TuringMachine\Combinators\RetargetCompute\Defs.olean.private
0AD8FF40B223724E33858CCB45B2E8E771643FDA2B008A48A5D23A187A6F4D31	16	Complexitylib\Models\TuringMachine\Combinators\RetargetCompute\Defs.olean.private.hash
0483F2137D5A8E5D0027451154417CF61B1E2895416551949E4B0E06CAED8559	4448	Complexitylib\Models\TuringMachine\Combinators\RetargetCompute\Defs.olean.server
7DDEF452A82F55886AC938C51483DADE8B6991BDCBE56851F3D2F69BF8F7F00C	16	Complexitylib\Models\TuringMachine\Combinators\RetargetCompute\Defs.olean.server.hash
C8B21C2BFEEA4DD1C1FDE8D70D549EEC0E568A4A0455B79CDDEB2405221E7574	3704	Complexitylib\Models\TuringMachine\Combinators\RetargetCompute\Defs.trace
E36FC7B926198E8AE142757CADE81347EF2D9775782390BBEFF7DAC453046DC8	45455	Complexitylib\Models\TuringMachine\Combinators\RetargetCompute\Internal.ilean
ADE6A3E9882DA976C4856737491D71FF32F544914F0B60860CC31916DA9525F1	16	Complexitylib\Models\TuringMachine\Combinators\RetargetCompute\Internal.ilean.hash
88E4E113699575AED3326C215F680EA04E697756A6F194F14F9ECC7D9408F097	6680	Complexitylib\Models\TuringMachine\Combinators\RetargetCompute\Internal.ir
3D8C1888A23E74B2C50FC04E813CA7C44A44F2E083CDA92B7FE5138BF914F922	16	Complexitylib\Models\TuringMachine\Combinators\RetargetCompute\Internal.ir.hash
45F56B42D7686B45FA11C81154637D3AB11743B0030068A22A8756788E892A7E	176	Complexitylib\Models\TuringMachine\Combinators\RetargetCompute\Internal.ir.sig
81D9F9669E5A1C494EDADF9C564375FC16587E2882AFF8A655A41E754004742C	16	Complexitylib\Models\TuringMachine\Combinators\RetargetCompute\Internal.ir.sig.hash
A200890C6111AF0852A10F2053FD8A835D21FFBA67654BD4D107DD8834DE76E7	50824	Complexitylib\Models\TuringMachine\Combinators\RetargetCompute\Internal.olean
E156A2D72ED084AE022327E2D5D03A6CECF65DB9F781838ADF6C3702779000CE	16	Complexitylib\Models\TuringMachine\Combinators\RetargetCompute\Internal.olean.hash
E7DF5C5496E87887F2D149158DF4B8413819C8974F3D2AA99C89B890EAA513D0	356296	Complexitylib\Models\TuringMachine\Combinators\RetargetCompute\Internal.olean.private
9F38E7C757BC65FD72ED1901269D0BD0EA5506021BD789BFF538DDA9D9336B6D	16	Complexitylib\Models\TuringMachine\Combinators\RetargetCompute\Internal.olean.private.hash
0B66BD80DFA8E509BC2C0EDD80C561812ADDABE51DBB18139EA6735B936140E3	6016	Complexitylib\Models\TuringMachine\Combinators\RetargetCompute\Internal.olean.server
7C72B69EDCC70684B43F9100965DC61B480217B64C596992A13D308577CCD937	16	Complexitylib\Models\TuringMachine\Combinators\RetargetCompute\Internal.olean.server.hash
FC46B06C7F7FFF68832B053FDD305F52FC18D625FFA5EEFD12E09A97C5ACAEBC	4242	Complexitylib\Models\TuringMachine\Combinators\RetargetCompute\Internal.trace
2E0497EBDBEC2B3FCB1346A1DDFDF89E3898ECE22A20D6C78C401E9DC3056F61	3749	Complexitylib\Models\TuringMachine\Composition.ilean
E520DA525A59E607DD89EC9BF0CB1762A3CA0628DAF86121B6790A4874CBA610	16	Complexitylib\Models\TuringMachine\Composition.ilean.hash
01EE5BCB75CE96BD6CABDB2C430F899FA3CCD4ED607B0AB8B1E1033E5DF47A65	1776	Complexitylib\Models\TuringMachine\Composition.ir
0C24BE6A29FD10C8883B597F30731B64B003D736F90C666DEE4C94E962711941	16	Complexitylib\Models\TuringMachine\Composition.ir.hash
0797A10404606F0F575B50D164EFB3F3469C52188AE3135B1CEBB99AF1C6A2A2	176	Complexitylib\Models\TuringMachine\Composition.ir.sig
A87B38267A1018D2ECF9DF9CE0D6EB48B7F2D80DBF6C4A8C702D105F8B0AD0DE	16	Complexitylib\Models\TuringMachine\Composition.ir.sig.hash
B616ECE022B54129BA2F9885B5926E9994907141B4E8772A223167B28230BA72	12240	Complexitylib\Models\TuringMachine\Composition.olean
BBC0E41B166C8E6ED3B4FD9DC042B95F7182F06400DB5F99619032346E0CDFB0	16	Complexitylib\Models\TuringMachine\Composition.olean.hash
915614785D05F6F9291F264630A8CBAD24C919CF52AA1E2EE28F86890FB35AFB	3344	Complexitylib\Models\TuringMachine\Composition.olean.private
0478DAB501C2CDA4114D5563786D17160B5310FCF77681F641FE8A952F220913	16	Complexitylib\Models\TuringMachine\Composition.olean.private.hash
CCCD0BA5A4152B49AF3805D91425C841A1741427D9D2542978C9FEF256816B0C	2560	Complexitylib\Models\TuringMachine\Composition.olean.server
50CA54F8491A63DC62057384522A7C86C8913AF7370C4F5FE8DAE69C25369D97	16	Complexitylib\Models\TuringMachine\Composition.olean.server.hash
6A7CE9AE16E7B141E3305885264CA8A4918B7BDE1F9773A555964A90A2D2A2C6	3782	Complexitylib\Models\TuringMachine\Composition.trace
4EA8C6189A047DA5B678AAC167451A8CC85498C4EE270B389E2606ED2411D31F	11515	Complexitylib\Models\TuringMachine\Composition\Defs.ilean
D8BFE3BA339F55A6103FB46FFDF9D259204EDBBC38FB25874D9462F8302828B3	16	Complexitylib\Models\TuringMachine\Composition\Defs.ilean.hash
0E1B65A5E6F479A3953BDC1FC11131BA5350DA0A98FDEC3385A61C1EBB462979	10880	Complexitylib\Models\TuringMachine\Composition\Defs.ir
9E6CDF090E81714E9366929125A074E5B61F05050FA653A18257C14A3E1F699D	16	Complexitylib\Models\TuringMachine\Composition\Defs.ir.hash
5A21E148DF48A713FD487AA36872D874B11EC2E5E15A02B7BAE3BDD627B531FE	176	Complexitylib\Models\TuringMachine\Composition\Defs.ir.sig
B4453082DEF352177BF12DA2B0AE92142136B5D879600DA68D915A1E7852C754	16	Complexitylib\Models\TuringMachine\Composition\Defs.ir.sig.hash
A8E22005C899BF01423D53233A2BEC7FBD38D109D7D2F7E39D48C727B98D4C66	37256	Complexitylib\Models\TuringMachine\Composition\Defs.olean
ACCEB212736950AEE00E9709F24A688BFA340EDB5118EEC2E642787CB6080615	16	Complexitylib\Models\TuringMachine\Composition\Defs.olean.hash
5C181D2474E9F4949F298124CBD3E43812DE3622D60A19BE40EF75EFAC79B029	64984	Complexitylib\Models\TuringMachine\Composition\Defs.olean.private
A809F62958A4BF724E9826981D30DFC744EE0589385EF0342E01C7C2A4CB9B33	16	Complexitylib\Models\TuringMachine\Composition\Defs.olean.private.hash
9665015E927464D2A7C12EA640A0746B0DDFBAF1B8962F79DE3B664134CBE515	7424	Complexitylib\Models\TuringMachine\Composition\Defs.olean.server
2EEE472E89212AA48CAAB6CE7B87932FE38A86A9291B559A46D76CD9949AF597	16	Complexitylib\Models\TuringMachine\Composition\Defs.olean.server.hash
855724BED6B3C7A179A0B468AAB0731393CD05BE8D5326FB363E5B5653ABC2EC	4247	Complexitylib\Models\TuringMachine\Composition\Defs.trace
A471CF6525D580252103D4973B030240CF6A2C3EE82CA8D15174F23D753884A3	12145	Complexitylib\Models\TuringMachine\Composition\Internal.ilean
3DBF6FF1287CEF512D10D9250969DD003D02DD25B4BCA3D38A0BEE2814D0E697	16	Complexitylib\Models\TuringMachine\Composition\Internal.ilean.hash
2BC488AEF63A42F830B58D45B22433DE58F63635BF5C038B16C03BFECDA094F2	1968	Complexitylib\Models\TuringMachine\Composition\Internal.ir
13A64BAADB49CB1CD1A345B2A67F48184AA35AF215C70BD7B955B703242D7E68	16	Complexitylib\Models\TuringMachine\Composition\Internal.ir.hash
2538F81B118CA0709FB73DCD1838A21166C5E183C01EE19EE89728F3FD768935	176	Complexitylib\Models\TuringMachine\Composition\Internal.ir.sig
71F1CA15CBE641F1BCC44C547BB04F9A13A0CE4C2ADEDEE2584EEE91A8B9A893	16	Complexitylib\Models\TuringMachine\Composition\Internal.ir.sig.hash
F4351848953BF01B660CA29605D035CFF38CAE0BD23E7C409D7722C25BF2C352	14520	Complexitylib\Models\TuringMachine\Composition\Internal.olean
B0D1A693D7C20A0B03EA57D37AA1841DE63DBD58875CAE035B23E1C5EFB30623	16	Complexitylib\Models\TuringMachine\Composition\Internal.olean.hash
67980D50FD6CB0C48DEC73783F140E308974C7B610A433CFA26DC64220D99C36	269096	Complexitylib\Models\TuringMachine\Composition\Internal.olean.private
634AA8F229CF7C72756369BBFCFC76CA9893172C3CE6967CC9ED766CA330FA19	16	Complexitylib\Models\TuringMachine\Composition\Internal.olean.private.hash
96725079EA65526B6E232A091A2A5058CC463DCEA451E1E804023FF971880E63	2088	Complexitylib\Models\TuringMachine\Composition\Internal.olean.server
52D0B47D253F8E50684D2CE5ED9A09011BD7AC193E041059173E6FDB79FDF77A	16	Complexitylib\Models\TuringMachine\Composition\Internal.olean.server.hash
D636D68864B9DAFFB47C9536CD6916E5F912C029456FF46E88F342F70296528E	4102	Complexitylib\Models\TuringMachine\Composition\Internal.trace
93A18C35600168D3C654D5004DCDAF64F5BAE0BD4944EDA3ED8148D1B01122EF	31128	Complexitylib\Models\TuringMachine\Composition\Internal\FirstPhase.ilean
789EDA971521DBF30BE1147D38DB65197CCCF4C5974966B42B37077C6D1D4CBA	16	Complexitylib\Models\TuringMachine\Composition\Internal\FirstPhase.ilean.hash
3154C537DDC80A37CF558637B2C0DBA013731D1B69BCBD77D191A06E5A327365	2136	Complexitylib\Models\TuringMachine\Composition\Internal\FirstPhase.ir
15524553DC3A84434CA3C498CDA39F8F859EEBAA5171B47FD456B2EBA9BDC3B6	16	Complexitylib\Models\TuringMachine\Composition\Internal\FirstPhase.ir.hash
651F37BC94227F4C7958F15055B3B14910347999821096017C5CD519C1459296	176	Complexitylib\Models\TuringMachine\Composition\Internal\FirstPhase.ir.sig
1EC2CD45EE308DB810C1D2D74EB512D80963EC4059E3258ED7D0B274BF14EF3C	16	Complexitylib\Models\TuringMachine\Composition\Internal\FirstPhase.ir.sig.hash
2167028D8E414CC666B6A4468D6E92C0561CEB12FCD62A2D8FB03771CE6E5632	21672	Complexitylib\Models\TuringMachine\Composition\Internal\FirstPhase.olean
3E1DFBC747E20ED04B6F6659E6D6780B675E247484702F05CAB92AD59527A7ED	16	Complexitylib\Models\TuringMachine\Composition\Internal\FirstPhase.olean.hash
C249EA7C80D25D0528BB75406B4437271B6AE2456D3945E6B1B5BCA6B3714D7D	238888	Complexitylib\Models\TuringMachine\Composition\Internal\FirstPhase.olean.private
F1AC8CFCF7FC7FF177EBD0AB9713E60FC0C06E923FAEA98F0DC70B80597CA2CA	16	Complexitylib\Models\TuringMachine\Composition\Internal\FirstPhase.olean.private.hash
AA539EEFD362986D31AD8858BD03A127BDFBFA603B01157DB356970D321F5327	4088	Complexitylib\Models\TuringMachine\Composition\Internal\FirstPhase.olean.server
7B9FA2EAB8236B99C117214B235047EFDD535B241CDB40561CD497D37BD9CF1E	16	Complexitylib\Models\TuringMachine\Composition\Internal\FirstPhase.olean.server.hash
B8BBF7675D9495AD939903E5556148E222C0E12B239CACCA2F026291F87FF780	4376	Complexitylib\Models\TuringMachine\Composition\Internal\FirstPhase.trace
8E897920D38ED6185159010F21E82EA02CFCD434BF39017DBE43DF1F1FF21E53	109993	Complexitylib\Models\TuringMachine\Composition\Internal\Tail.ilean
212C76F2D93551CDEE715D559DDE3F5095839D7CB6825CF2701FD0B423CF28ED	16	Complexitylib\Models\TuringMachine\Composition\Internal\Tail.ilean.hash
4B9A5B13627E8CF0314F86F0FB6EF21DCFD53C54C5DF0C137F1849CFDE5A4D28	2048	Complexitylib\Models\TuringMachine\Composition\Internal\Tail.ir
CA289E5599EE6417154C1144907C63D6A18D933C0C6CE3799624EC84BFE2D81C	16	Complexitylib\Models\TuringMachine\Composition\Internal\Tail.ir.hash
725B70D640C854DE103C9CF324B826734C9074B3F8972205FC35CB80277FB0EF	176	Complexitylib\Models\TuringMachine\Composition\Internal\Tail.ir.sig
2B1D34AD2F9564461D232518E3A9A53F698849A1362EC8EE016C38A07F0D59FE	16	Complexitylib\Models\TuringMachine\Composition\Internal\Tail.ir.sig.hash
166B5765C8424DAF08D2FC17F072B750B028AE7C7A6B0594AC08568197C0D8BF	19048	Complexitylib\Models\TuringMachine\Composition\Internal\Tail.olean
E210BED0339A141D5937FC424F9C8A8D3656DEC0BB058391A2983EB091B6B29A	16	Complexitylib\Models\TuringMachine\Composition\Internal\Tail.olean.hash
EC8E324825C27BDF8366550FD4294BED17942D332067CC7E90EB29766672A5C4	687512	Complexitylib\Models\TuringMachine\Composition\Internal\Tail.olean.private
B7D570D44719C4616B877C2D77A645719DB03605727CDAB30005F2A53F19A169	16	Complexitylib\Models\TuringMachine\Composition\Internal\Tail.olean.private.hash
4F67E109A12EB26D1FE87B17BBD48B92616579E03EBFCB26BF8B9DC7A404F1D0	4800	Complexitylib\Models\TuringMachine\Composition\Internal\Tail.olean.server
08CAC3FE0C32DE7D0FB9CFF8F5ECEADB527E416D7D7F0B1C018D9B20EF7EAEA9	16	Complexitylib\Models\TuringMachine\Composition\Internal\Tail.olean.server.hash
DD8C8BA8AE1964D068CDF6172DF00A30E05D37AC2E49FAF8F37D4598019298E9	4145	Complexitylib\Models\TuringMachine\Composition\Internal\Tail.trace
7A8DF3DA8DB258CA228CE9C4DB0F13C10FF577E1BBDB624B7E40400D27AF44F7	2460	Complexitylib\Models\TuringMachine\Composition\PairWithInput.ilean
948FE719891E5B819B6A2173872FB90732B32250A7C42BF10F05A76A7015D6D3	16	Complexitylib\Models\TuringMachine\Composition\PairWithInput.ilean.hash
BD2EDF6DF1F25FCADF3C2828D05EF651DBCEEBD3F2898A0DB8AB7C3BE61967F1	1856	Complexitylib\Models\TuringMachine\Composition\PairWithInput.ir
76416A59EE134A19D8F966C18D3EB66157F70A7903F8571800609518219871D6	16	Complexitylib\Models\TuringMachine\Composition\PairWithInput.ir.hash
7B655F3FAEBCC517481D18BDB817C22F1B26F656484A2BE5B37D9D88E1C0B079	176	Complexitylib\Models\TuringMachine\Composition\PairWithInput.ir.sig
9303F55BDEA47E74A8BE5069ABA10EEC9277B079BEBDB5077634D5CA520B4479	16	Complexitylib\Models\TuringMachine\Composition\PairWithInput.ir.sig.hash
61D641FB1EFD688783B1AAE6573417CCED48325D6EED247B149F9B546C617788	6992	Complexitylib\Models\TuringMachine\Composition\PairWithInput.olean
F139FA60D3E13DF623030DA63358962FA44F5FD1D2BEBE2197153C9D94AC141C	16	Complexitylib\Models\TuringMachine\Composition\PairWithInput.olean.hash
ABEE8F0BEDD992C88419C2675E7546054DCF5CF37C10171DBF8EC75728C44BE8	1488	Complexitylib\Models\TuringMachine\Composition\PairWithInput.olean.private
E4CEA3AB3AA5151F89AFC16F311910C536DB1734BA52400C465404B83A348E1B	16	Complexitylib\Models\TuringMachine\Composition\PairWithInput.olean.private.hash
0EF62E58FB6394158124B1B91C7D882D925826730F10937F7439906641BBB71A	1808	Complexitylib\Models\TuringMachine\Composition\PairWithInput.olean.server
5056CB3AD919A47F7FE045F0AD5CE5CECF84051470E7FA57D25DDD6B7DF5FE4D	16	Complexitylib\Models\TuringMachine\Composition\PairWithInput.olean.server.hash
B1A0919E3687E70589B688FB5A81197108403A36E81307E299B3307D5A2B8A7B	3942	Complexitylib\Models\TuringMachine\Composition\PairWithInput.trace
A4D400C141A2165C91F06F04F052C1EC97FCD8897B3BD34400FE9080477EEC4F	4461	Complexitylib\Models\TuringMachine\Composition\PairWithInput\Defs.ilean
F71CC2880867AAA38251D62667839DD9904B66D8093C049F869AF0ECBE07C603	16	Complexitylib\Models\TuringMachine\Composition\PairWithInput\Defs.ilean.hash
D9ADBBF231B4A129779EC284AD6EFCAEBC85CBA46A5773A75CDB6FF20F55B7C9	6760	Complexitylib\Models\TuringMachine\Composition\PairWithInput\Defs.ir
BB9E3BEE4F1C91818C2EDA2D793233B974D6AB9721DC7DE42A8539EE8BEE6D32	16	Complexitylib\Models\TuringMachine\Composition\PairWithInput\Defs.ir.hash
5D9F3EFED02A9B54D000DF1E661F5A7405F768405D4828DA7D8B2131A8A69502	176	Complexitylib\Models\TuringMachine\Composition\PairWithInput\Defs.ir.sig
FCE627123F9DDB8CC6E9D0475A3EC602AF049F2F0E6E45415D835F70E0FE1162	16	Complexitylib\Models\TuringMachine\Composition\PairWithInput\Defs.ir.sig.hash
42524ECF31EE675DFC0336828C9CB8E9399926276768FC4FBC33D1856580512B	15856	Complexitylib\Models\TuringMachine\Composition\PairWithInput\Defs.olean
6E0FC62ABA73F8EB39C9D5C8EB6AD6FD3C1BA8F35BE1CB960492C0BC6AFD594D	16	Complexitylib\Models\TuringMachine\Composition\PairWithInput\Defs.olean.hash
1CE62B320C2217C6144BA5E5E6E770FAE73072FB206FB0A54C6484C5677C3659	6288	Complexitylib\Models\TuringMachine\Composition\PairWithInput\Defs.olean.private
BBDA005218D5B0584D569BBAB2BBBB05FE25442D901550DFBA858F8A2D9DFA35	16	Complexitylib\Models\TuringMachine\Composition\PairWithInput\Defs.olean.private.hash
F318E1C9AA3DB9A5BF227EFD8FAFFDC83B62D7A9B889321918FE735FBCBCF4D6	3880	Complexitylib\Models\TuringMachine\Composition\PairWithInput\Defs.olean.server
877E6E8176B021CB0D9E79CE56EF953DAED753EF552F0C90A1525F50E03D90D2	16	Complexitylib\Models\TuringMachine\Composition\PairWithInput\Defs.olean.server.hash
2B0636445154DC451089F52E8725C8D1FCB127047EEB500BF92128BC121E5E87	3937	Complexitylib\Models\TuringMachine\Composition\PairWithInput\Defs.trace
1931B4C9522FD9A680240D883602A2B7FD8AA530FB59C0C040A525192A65924E	32796	Complexitylib\Models\TuringMachine\Composition\PairWithInput\Internal.ilean
E1C23E256ABC7885919AF9AD75EADA72D7CDF76A9D1F510E5BAA5DAEB459FCA4	16	Complexitylib\Models\TuringMachine\Composition\PairWithInput\Internal.ilean.hash
CB6A703248085ECD6FA404613FB5B0622D640BBD8605B71ACA51F70A8CCC4A09	2304	Complexitylib\Models\TuringMachine\Composition\PairWithInput\Internal.ir
8FFDE308ADDD9404B8D3D9E830D0BA1C19919370F1F1DFC9DA406284EE6084D4	16	Complexitylib\Models\TuringMachine\Composition\PairWithInput\Internal.ir.hash
80224D1C8EE7329D8D380BA9FDF1A230DC6DBA3173D8174F02CA1C158BBDD829	176	Complexitylib\Models\TuringMachine\Composition\PairWithInput\Internal.ir.sig
71A11AC7BD17FB24A708CA4864890717339047FE4E89E9426573925A0DF11663	16	Complexitylib\Models\TuringMachine\Composition\PairWithInput\Internal.ir.sig.hash
A46FF797E84DD2E26143587B1A538DD48E9B9F89709D1E45D34FBCA25D0AB84E	21008	Complexitylib\Models\TuringMachine\Composition\PairWithInput\Internal.olean
610E1D8938C4650E20B4C8B475C1FC01F37FD2CE7F4EC58E4300CFEAE04ABC97	16	Complexitylib\Models\TuringMachine\Composition\PairWithInput\Internal.olean.hash
8187B7CB07080C386C203C474B16F3DF233B8564465414F729BF2BE7D6602808	376736	Complexitylib\Models\TuringMachine\Composition\PairWithInput\Internal.olean.private
77FE79C1F00CA07CCE43C948E77E95D07F9EE5801DC9F0BA5DB36668647BD2E0	16	Complexitylib\Models\TuringMachine\Composition\PairWithInput\Internal.olean.private.hash
BEE1103C770B598E41CD78B4F1A7AB36D1E23C49D2DF497E222BDE0ED7010C57	3280	Complexitylib\Models\TuringMachine\Composition\PairWithInput\Internal.olean.server
88DF82D71335C80559B827C3D2F907388594B7FF1C233137862151399C68E522	16	Complexitylib\Models\TuringMachine\Composition\PairWithInput\Internal.olean.server.hash
92DA28C56537A080CE3A30E6624B2E40F6676BA59F28AF2AC71F021B0ADAC1E1	4670	Complexitylib\Models\TuringMachine\Composition\PairWithInput\Internal.trace
9D16DD03C44BAF1CBE0C70AD7B6E5504F34177D9393108FFAA7C462ED733167C	22529	Complexitylib\Models\TuringMachine\Frame.ilean
40A7DAD8F23C24F585089ECA8CAE92EBBC016F1C9D28BEAD1945F055F0D12135	16	Complexitylib\Models\TuringMachine\Frame.ilean.hash
409C605EE0D73416915D47D587EDD5799B11A821769786C818FC9051AE189A2A	3728	Complexitylib\Models\TuringMachine\Frame.ir
D2B1BA72508DA87F479C4C47DFD1CA42767C657D8242DF44970E6D7B55D98393	16	Complexitylib\Models\TuringMachine\Frame.ir.hash
3B30EAE4E282D0B890C47964D41BF421A0D2423ADB8F2F74F4DBD63AEB439CB1	176	Complexitylib\Models\TuringMachine\Frame.ir.sig
DEA2539CB2EB79CE148BCF2F79765699CA278096F89FD68697F21CA5D105A8B6	16	Complexitylib\Models\TuringMachine\Frame.ir.sig.hash
0FF225EE5CF7638C8E6EDF0E2CFEC5898E1DAF1B2BA5E775747251A7B3EBF9CE	39544	Complexitylib\Models\TuringMachine\Frame.olean
8F735E37937836F1900346824B69DFA9F2A7A346D51E5122E4215CEA76CB0C84	16	Complexitylib\Models\TuringMachine\Frame.olean.hash
0923B0ABD18E473A72FDDD8100AA62F75198B058D9B34CE64EB8B620C9BEC496	259656	Complexitylib\Models\TuringMachine\Frame.olean.private
87AD2AA0E31D43E20FD9B5500100727AC3AF95617B67AF97DD61D00F27646F87	16	Complexitylib\Models\TuringMachine\Frame.olean.private.hash
2DEA5068C3E1FCE5E3C05933D27A3830CF7ACEE67CDA1D3E9CB8946FB671AB85	7952	Complexitylib\Models\TuringMachine\Frame.olean.server
628A7426F298F79843C50DC02BF1F09FF29B6BC4600FDECA8ADB4DF05E4D6CE6	16	Complexitylib\Models\TuringMachine\Frame.olean.server.hash
B2DEAE69C58E059D1C73FEEAC5E60EB0B5F5B34C392539681D97BCDD9457E34C	4328	Complexitylib\Models\TuringMachine\Frame.trace
5AD0D5BB3144CC58962528756853641F60F8EC00D9693C4017B16FC973A880BB	33074	Complexitylib\Models\TuringMachine\Hoare.ilean
74B03F9019480CD1184AD36A577E93D20A806228D26EDCD617B589FE9307EEAC	16	Complexitylib\Models\TuringMachine\Hoare.ilean.hash
357AF9403BD7EF5509F47FA25EFE4E4A741BF84510F64E7DEC24A4944B2D4BA8	2136	Complexitylib\Models\TuringMachine\Hoare.ir
4802B077832A00877767BB979E143B0244FF47826B3228D1AD9F029BE944B42D	16	Complexitylib\Models\TuringMachine\Hoare.ir.hash
B080F46BD33F7A2F1BADD2443A98E83946B63C9812F7823FE483B44447B62644	176	Complexitylib\Models\TuringMachine\Hoare.ir.sig
1645C2CBAF7BEDC7077F9622E49D833D11614AA30ACC0022D95498A629D1D9B5	16	Complexitylib\Models\TuringMachine\Hoare.ir.sig.hash
333132846CABDF276AFC57FBB22E2AADC1BF83EB143BD0625817243D4D6741F1	42248	Complexitylib\Models\TuringMachine\Hoare.olean
3EE9B29D5CFD78B56FECD96DB5DE58B4F7970207A4252321FE6C3CD2DB842662	16	Complexitylib\Models\TuringMachine\Hoare.olean.hash
ED2B87AA14222A5BCEB948308A0EAB28A515ECD1C9D9AA3EA588B57145487EA8	667528	Complexitylib\Models\TuringMachine\Hoare.olean.private
885ACAD4C5D0970D3965F109756BC2E15ADD5941373D88C30B1F600084346C7A	16	Complexitylib\Models\TuringMachine\Hoare.olean.private.hash
07EDF09232203DFD64B4A08AC232D67F10EA4CF2729D481B8A61448ED4E4DAE9	6104	Complexitylib\Models\TuringMachine\Hoare.olean.server
584091ED3D9794CA002777FD88FDF123E5CCE99E947F2BCB51B7643DD00173DF	16	Complexitylib\Models\TuringMachine\Hoare.olean.server.hash
35314845B52836A195A00F5C27B2915D8DE45C5D12ADFB6D96BB0B266EF17401	4215	Complexitylib\Models\TuringMachine\Hoare.trace
D84620FF02575559E0A9339221D96A3F0771144281AAE8D6E9C2B1AD3558901F	26868	Complexitylib\Models\TuringMachine\Hoare\Defs.ilean
31879556A08CB0593209D92B5DBFA6704796695A548A2BBDA0E374AC10EC7E2B	16	Complexitylib\Models\TuringMachine\Hoare\Defs.ilean.hash
7E3A469C472A8E6E752A564C62A4B30A5B79743FFBF4AE3D846E264047194A1D	1624	Complexitylib\Models\TuringMachine\Hoare\Defs.ir
CE8579C1C77F0D6203AE246586A96390C9F6824AD3FC26CEDC92AB88B5CB0A06	16	Complexitylib\Models\TuringMachine\Hoare\Defs.ir.hash
DF5D41793756EE990A0C646D1881DCEBF162DD48CF7B42C02E0A6B2F443905B2	176	Complexitylib\Models\TuringMachine\Hoare\Defs.ir.sig
30DBC1A4E3D07D6F94566914D8D358F879A51E491D703268DEF075A7A992BBD8	16	Complexitylib\Models\TuringMachine\Hoare\Defs.ir.sig.hash
11D832C7FB6275506D3DF2C111B4A97FBBCDB9C4B73D134F17EC19C82D8D79E5	48248	Complexitylib\Models\TuringMachine\Hoare\Defs.olean
E497FDCD3AE5A9C8D5AC1402DFD395B38C2B1C9F48A74FD63A48AEFA4711D97C	16	Complexitylib\Models\TuringMachine\Hoare\Defs.olean.hash
60C7B5A3C613BFBB40925A04FDB1C2A7FDD53543436C74E76FAA530C610C3060	158000	Complexitylib\Models\TuringMachine\Hoare\Defs.olean.private
6F00679B62D8FF89AD31313EBB730F607DD87CB99B07158FB9D89DEAA31ADAE7	16	Complexitylib\Models\TuringMachine\Hoare\Defs.olean.private.hash
A2BF48185DEE5085951B326A2F5E0C43DE36C9BABADA674D17FDE35F4039FB08	10488	Complexitylib\Models\TuringMachine\Hoare\Defs.olean.server
BCD1DD20B06635868D68D5C478328C6D6ABCF2296C9D9E2993127AA1D979FC85	16	Complexitylib\Models\TuringMachine\Hoare\Defs.olean.server.hash
803BA8BB7B0E31130EEB5940F3B4AB4D4E080474F576EE874C43C73EE0D084E7	3716	Complexitylib\Models\TuringMachine\Hoare\Defs.trace
FA6ECF0905BD763A96D5C742F3CAF551E72085F5B2E964D7F9CC17EB3C0986A8	6881	Complexitylib\Models\TuringMachine\Hoare\RetargetOutput.ilean
9005B6F99C8851714DFD73C9E49ADB3651F6D68595EA31D08236DCAA239525E6	16	Complexitylib\Models\TuringMachine\Hoare\RetargetOutput.ilean.hash
75C1A3D6384B771F04E9DEA6C7FE787FCBB0BAA8E98E81BBFA186BE2ABF8F0D9	1760	Complexitylib\Models\TuringMachine\Hoare\RetargetOutput.ir
93E64EDECAE50794D6CCF2AB4B875154010F7BB94DDF9418BE77E344F8CEB13F	16	Complexitylib\Models\TuringMachine\Hoare\RetargetOutput.ir.hash
4D2FFFFD067D3272DF5E019727F61B01C51AE6B068C03D446EE73392258AC5B8	176	Complexitylib\Models\TuringMachine\Hoare\RetargetOutput.ir.sig
F7243DD9ED4149A4DD7DA1C708D5564BD3A7F9295139AFA7478E6186B139847E	16	Complexitylib\Models\TuringMachine\Hoare\RetargetOutput.ir.sig.hash
0F32229DADAFAAA5FAE2BC3FF7E2F85AE4CE44F06FEDEBE64F8384732E75B91A	11192	Complexitylib\Models\TuringMachine\Hoare\RetargetOutput.olean
BC7F6F78275198555C3A0A4D16D80AC7AB54C6D67978B717239B63E074EBD9A6	16	Complexitylib\Models\TuringMachine\Hoare\RetargetOutput.olean.hash
D5CB65BAAA328D6668337AE01571D57EF5114ED39AE4D9FDE6CED9850C56F911	76224	Complexitylib\Models\TuringMachine\Hoare\RetargetOutput.olean.private
D818E4379DB4262002C39DBFF11A548585C3C02B44382022E90096C1B3C40DE2	16	Complexitylib\Models\TuringMachine\Hoare\RetargetOutput.olean.private.hash
123776C66BCDDDD217AAB9F260E3802E8736BE6536C63192A5F96E2AB2A2EF19	1640	Complexitylib\Models\TuringMachine\Hoare\RetargetOutput.olean.server
5C1EA0E3EFF02A2DE3F9EA5E44CD3012487620E02BABDABD7DE830B108453053	16	Complexitylib\Models\TuringMachine\Hoare\RetargetOutput.olean.server.hash
213C305BBEB33B9A20C75BA9AF624097649D866F30D5D39D7CB78F0D25E6EF12	3807	Complexitylib\Models\TuringMachine\Hoare\RetargetOutput.trace
971E31C1ADFAEB690D91D77F9173D7C61CCBF3BD4D091E0FDA0FAC67A472A591	90410	Complexitylib\Models\TuringMachine\Internal.ilean
F9F5A9F92FA79042646FCAE2D2B29AEB23D1CF10072F28ED34B6C3ABA0BC5BDC	16	Complexitylib\Models\TuringMachine\Internal.ilean.hash
806348BDF23FDDF4AACC163AA3983F981A55492CDD06908148D2B3E1E8C2A70C	6488	Complexitylib\Models\TuringMachine\Internal.ir
16DAC4033010A5379FC2C084FD0321C9F040C7AE4CB69946A076C3E630E5D26E	16	Complexitylib\Models\TuringMachine\Internal.ir.hash
F881F8521940C6048E2B7ACAA04EEA799359A042ED1FEC7D4FDBEDE70E39FF28	176	Complexitylib\Models\TuringMachine\Internal.ir.sig
C2A1ED9F537A53C60778C83C838684E0ADD975A6C42E47D2297317696DE30F4D	16	Complexitylib\Models\TuringMachine\Internal.ir.sig.hash
779050F5BD7584D117A3F072B64768F05564B0F37FB830B82ED78093F2BBACA7	77032	Complexitylib\Models\TuringMachine\Internal.olean
544A32F5C388395410A8979E8BDAA08B1055FD7CFCACBFFE6158EBE4C5CB94CD	16	Complexitylib\Models\TuringMachine\Internal.olean.hash
39BA971D67859DCB4F20DD08E3581A2B896EAF1FE1B2DDED615A0E86E06FE9C1	1023120	Complexitylib\Models\TuringMachine\Internal.olean.private
3DA28DC410DD2803A3DD1FC072D40F4D9563E34C1AECC9F36202DA7AF4E11F91	16	Complexitylib\Models\TuringMachine\Internal.olean.private.hash
73263D0F1C4CD3893BE16900A1392BD06F180F0990180F33416B04545308B677	19112	Complexitylib\Models\TuringMachine\Internal.olean.server
155C9081DBA121A7483E339B18846116D258B1C33070E6FB5031E200478A8C21	16	Complexitylib\Models\TuringMachine\Internal.olean.server.hash
85F01EF76A282323D71990A4E41896AB06ACA81C6D40668293C51F409CA49EAE	3667	Complexitylib\Models\TuringMachine\Internal.trace
E66610554C482508B9ECF8FFB27946AA9992719F0E8C852887A2A5FCD0F6757E	12927	Complexitylib\Models\TuringMachine\Internal\OutputBounds.ilean
A0C3112DCEC0D611C0CABF9D43D9F8114B32654859E39C7ACEAFBA29D44A3479	16	Complexitylib\Models\TuringMachine\Internal\OutputBounds.ilean.hash
116ACC67C0757E81AF0EC5C08EF7715AEB71413B80517EFC4205FE8A4639762A	1592	Complexitylib\Models\TuringMachine\Internal\OutputBounds.ir
F18AF97C751F76077951142DCA74062FAC515DB65BD283F64E6B0B5ED77500B4	16	Complexitylib\Models\TuringMachine\Internal\OutputBounds.ir.hash
5780C99681588C29842F1DEAD895601685437A08E142D37952B514FCD18DFF8C	176	Complexitylib\Models\TuringMachine\Internal\OutputBounds.ir.sig
8D64510A606E7113C28DBAACCAF3332A884DED6141213A8F9AEA849CB5B93B8F	16	Complexitylib\Models\TuringMachine\Internal\OutputBounds.ir.sig.hash
BD567587A1D6312F1169A28BA74AB04B61482BC2E87DCF1963F7338AB9969BFF	13312	Complexitylib\Models\TuringMachine\Internal\OutputBounds.olean
1C98A048D958D1794C11DE1C756E0BF4636B06731F89DC29600C432E7D4203CA	16	Complexitylib\Models\TuringMachine\Internal\OutputBounds.olean.hash
87039A8E4243889F460A67402247C9F0651D9D280015EFF44F71F1F6EEB846F6	161752	Complexitylib\Models\TuringMachine\Internal\OutputBounds.olean.private
E342E7069910BFEDBCD7404FF32EDC5B39D58C44D2BCA008CC342CBA06349D88	16	Complexitylib\Models\TuringMachine\Internal\OutputBounds.olean.private.hash
20AD49A449367B4E39E0182B4D2F0D89B8DFF887FC9589D47CD96BB4FC68D308	3328	Complexitylib\Models\TuringMachine\Internal\OutputBounds.olean.server
DA168494F04A646F6CF402538B4FEA52BA6434EA7FF9038B20806045BCB2284E	16	Complexitylib\Models\TuringMachine\Internal\OutputBounds.olean.server.hash
CF939BA29EAD55AB5BC8F936D058FDA02198377F937AD3D4A4C4D39FA234AE4E	3615	Complexitylib\Models\TuringMachine\Internal\OutputBounds.trace
B65817DC2460384CF6E515D433ACF993299ED9BF598A01223FD763FA9F195746	91985	Complexitylib\Models\TuringMachine\Lift.ilean
1DFFE7D7F4F04FB8E26CBD63197192BDB3A7A39552499A64D9DD1360BEC80F91	16	Complexitylib\Models\TuringMachine\Lift.ilean.hash
F07855E6B52BC899F8663EA419C6495371279B19B9AF26F727A072033BDB8758	35896	Complexitylib\Models\TuringMachine\Lift.ir
D9B4FB9BC3A8001C73FF4F793F5EC2AF6172F0F15B2A1E82F7D7B697EDAEACFE	16	Complexitylib\Models\TuringMachine\Lift.ir.hash
89B6F117CBF4BCDBA27628C97FD69BC5776152E9AC79DFDA7F0E6B54937E8B40	176	Complexitylib\Models\TuringMachine\Lift.ir.sig
4445C9C1925A05B6D70DA99BEA2BF19056C7865D7D2626E67DFF0377DAE5D853	16	Complexitylib\Models\TuringMachine\Lift.ir.sig.hash
96483437F599B2AA65A252976057A66A152932DF914B88AD75A3A575186015C7	82336	Complexitylib\Models\TuringMachine\Lift.olean
1008072D2B7067B808B51208ED0EDD3DA30016DFEFAB714B6309CAF20439A27C	16	Complexitylib\Models\TuringMachine\Lift.olean.hash
A07834691A5B843F2C80FA400AF420707B5309DEFC077206B1BBD0FCBDB9161C	668824	Complexitylib\Models\TuringMachine\Lift.olean.private
0D47363A2834416F50FDED1BD1DD81FCAB7878B620DD85ECCACDC254AD86656B	16	Complexitylib\Models\TuringMachine\Lift.olean.private.hash
16552F81E1B6E63F8D0ACC4E3B9271EE87FDA4AF1704F211C07CFF3C4C77DCEA	20392	Complexitylib\Models\TuringMachine\Lift.olean.server
5ADB463179596E2125B3ECE18953AE11D624D94E62647EB1989E3AD9C4A8664E	16	Complexitylib\Models\TuringMachine\Lift.olean.server.hash
52C92364E89AEE7FA51E0DC66BD9D3CBBDC3FBCE5C6B60BA11272AEDC3AB780A	3493	Complexitylib\Models\TuringMachine\Lift.trace
F1C1514DC032AEBAB50EF9EE8FD405AE4F0429548A609DA348805AFE27BEB0CF	5208	Complexitylib\Models\TuringMachine\OutputBounds.ilean
B5745259091DDD915426418947B58F41C34E865B1AC6351E8797197279E84359	16	Complexitylib\Models\TuringMachine\OutputBounds.ilean.hash
7613BBB1101BC4748EF58E3738C81629135FB758EC9265FED5F12ADA2319875B	1672	Complexitylib\Models\TuringMachine\OutputBounds.ir
B249227A0FB7E754B4CBD9E955BFA4CD4DA529AAAE3481487968F1213F500794	16	Complexitylib\Models\TuringMachine\OutputBounds.ir.hash
756557AA37CB52CBABCE51DDBA6CE953BB4DA5FF155C775D93D125DEC7BD63AF	176	Complexitylib\Models\TuringMachine\OutputBounds.ir.sig
D439222424A93D174A9264391188DA404F2876EB37DE8AE024E185495AB2045F	16	Complexitylib\Models\TuringMachine\OutputBounds.ir.sig.hash
48A9D0F96E97D87A13C6807195435EE67FA63F8C09F25F6C0728A4BA9C84083A	13712	Complexitylib\Models\TuringMachine\OutputBounds.olean
948F997E06C7684B5D1A7BDB362E2089DDDA3F9FA7B3F8595014FA65485EF600	16	Complexitylib\Models\TuringMachine\OutputBounds.olean.hash
A6960E68E8B67040E7FC1662712A958762BB1E9A6993939A7F49E242B6032D2C	3536	Complexitylib\Models\TuringMachine\OutputBounds.olean.private
D655D624332185EDE5E9A86F06DEF6D6FE023EE9D49921AA7F127963CAD66D87	16	Complexitylib\Models\TuringMachine\OutputBounds.olean.private.hash
202C2880997BAFFE177BCBB6580614B946648E922790F138289CC93C68A5D79B	2664	Complexitylib\Models\TuringMachine\OutputBounds.olean.server
26E4F3DB1EF421B91336982FD4BDEA1037B351F9FE795BF9DF55DF7764EFEF9E	16	Complexitylib\Models\TuringMachine\OutputBounds.olean.server.hash
38FA4FA1EB58A7A3468CF323622DDA472176244A70508621A3F9481359EA1E82	3572	Complexitylib\Models\TuringMachine\OutputBounds.trace
628A881897000DBE28BC4A065160775DCD9B571F7D79004C05E092997E520E43	29630	Complexitylib\Models\TuringMachine\OutputSemantics.ilean
82E9AD262203C953FFE6A712F8807D22298421F214CA8B4F231622C1FE51FADE	16	Complexitylib\Models\TuringMachine\OutputSemantics.ilean.hash
37B29E1D70BE615C42B7B2D0BE904D972629B92C80533FD86749AF21E7613D4A	11000	Complexitylib\Models\TuringMachine\OutputSemantics.ir
347CC2B30DE07A61756046B3C68F24C0E2C7C6FAA393527A9CCE10572D09ED96	16	Complexitylib\Models\TuringMachine\OutputSemantics.ir.hash
691DA3D3F8409F90671722DE32C01FE0CBBC5FD40508BDB4CB5470B7AADA3E90	176	Complexitylib\Models\TuringMachine\OutputSemantics.ir.sig
77E601F0D1ED5A7EF3B090BBF2EB92D5A3EA151490CB2DE5F5DC5F0AD0419074	16	Complexitylib\Models\TuringMachine\OutputSemantics.ir.sig.hash
BD77714587200AF72AAEF84DBA528F342CB3F6980793FCDB88C0A07BB62850A5	64256	Complexitylib\Models\TuringMachine\OutputSemantics.olean
D5914CBB9B78A9A8890AC99E7E4514132D2E274C6E6521C74F310B8931D5D090	16	Complexitylib\Models\TuringMachine\OutputSemantics.olean.hash
676A9CB54AD1EDBBC09B475AAA76FCF0D9430D1900870EEA4935164917B617D6	31048	Complexitylib\Models\TuringMachine\OutputSemantics.olean.private
F476FB74D64312C5B6AB9D5FB428C68816BF8A18CFDBB46A75DED4B838178BE6	16	Complexitylib\Models\TuringMachine\OutputSemantics.olean.private.hash
A78A40914E2135B6E31160A277BC139A4BB83DCD49BA40B0158C93E94CF40B5F	13384	Complexitylib\Models\TuringMachine\OutputSemantics.olean.server
8F5702F04DFA2BF16EB3BE54847A71AFBE0D05AE8E4A5B4E40BB49B6EC88DAD8	16	Complexitylib\Models\TuringMachine\OutputSemantics.olean.server.hash
49D9E8E9FDF3E81E8C6F6F002EB61B03805DB7DBCD92A5B058C30B0521B833ED	3599	Complexitylib\Models\TuringMachine\OutputSemantics.trace
DA64E8FB119396BB5ABB8A28F762031EBA86CA17B6A9E2A9C590D04E1401AAB8	4269	Complexitylib\Models\TuringMachine\OutputSemantics\Defs.ilean
0EF037F7C3E5E43812181D17B5867BEE2D5CAA0E400C5EDBAE2917354145DCED	16	Complexitylib\Models\TuringMachine\OutputSemantics\Defs.ilean.hash
419BEF8C35CE08518A5E19AF32BA8CBE2C16943ABB8E4F6EDDDABD699A586673	5824	Complexitylib\Models\TuringMachine\OutputSemantics\Defs.ir
BEA839688C4F9F340752DC05ECA819B7157E50E2B54FAEB4670A42A5D901BD7D	16	Complexitylib\Models\TuringMachine\OutputSemantics\Defs.ir.hash
EC4EA99F0D1657A2DE067E8E5C011E1CFC213B250DC4AEC687C98C638EF1127F	176	Complexitylib\Models\TuringMachine\OutputSemantics\Defs.ir.sig
9BA3DA5B0F6A3E389934EAC96ED6E6CF7AC6B68F6AB266E163DB2B2F5FC5A74E	16	Complexitylib\Models\TuringMachine\OutputSemantics\Defs.ir.sig.hash
2F5519C34BE3B89D6DA6A1A497DBABBE9075DA349D431F2F48EF270CDD727C1E	28336	Complexitylib\Models\TuringMachine\OutputSemantics\Defs.olean
6CE0CF518ABAF7D27DA5B3A87C3C75CFEACBF02FA088ED7133C4BB685ABF6E3D	16	Complexitylib\Models\TuringMachine\OutputSemantics\Defs.olean.hash
671A713C7E98687283FCAD871EFEC97101EE019FCA642519FD8415B258AC29EF	5088	Complexitylib\Models\TuringMachine\OutputSemantics\Defs.olean.private
1E7E974B982ABD394E160EC54319685B45DD3A4009AA547468D842BCD6B8068D	16	Complexitylib\Models\TuringMachine\OutputSemantics\Defs.olean.private.hash
F7497C23B65F0AF033891A7377C86B15D6163B48CAA7FF4AE4448083E494F751	3976	Complexitylib\Models\TuringMachine\OutputSemantics\Defs.olean.server
C9F1EFA3C099FE9A651B39201886C811A49CA04A143F2358452DE0F8C2AD7FD6	16	Complexitylib\Models\TuringMachine\OutputSemantics\Defs.olean.server.hash
9385CE4B54B9B61F4AA6C58C5DD957BB395831ECCA549B6F17524B03B0AB92CE	3583	Complexitylib\Models\TuringMachine\OutputSemantics\Defs.trace
270AC6BBDEF454F11F6D23F5E36D8D2FC6400B8369A18544B93267F7F58DB0D4	55843	Complexitylib\Models\TuringMachine\OutputSemantics\Internal.ilean
7DB61C5D5927D8AF6B3517663DDDA5F330B7870CA473BC2B682F56A8F67E22FB	16	Complexitylib\Models\TuringMachine\OutputSemantics\Internal.ilean.hash
35C855515005C98B1740CB24044EBEA79E4BFD97BF10CEB4DE597660B7BFB8F9	6160	Complexitylib\Models\TuringMachine\OutputSemantics\Internal.ir
7B2878AF3452B835C81547AD5F5EDCCE2C96280D222D598C0BDCF64E115474BB	16	Complexitylib\Models\TuringMachine\OutputSemantics\Internal.ir.hash
B08277608964D580E0CDFAB4F0CF5A68622AAE1BC76E6EC9B5924B36E65B8C77	176	Complexitylib\Models\TuringMachine\OutputSemantics\Internal.ir.sig
4B4F3771AEDA51A2C59A15892C378703FB778B6D5D408874FFA5C1F283110E67	16	Complexitylib\Models\TuringMachine\OutputSemantics\Internal.ir.sig.hash
DE1B818A2C40CDCA6A91800648F061C5892689C47523EFA91BD21EA8394403C9	62992	Complexitylib\Models\TuringMachine\OutputSemantics\Internal.olean
B345AA29B7AC158550423919D07B559BE29819D8E550D3FC9D821E8A703C0D01	16	Complexitylib\Models\TuringMachine\OutputSemantics\Internal.olean.hash
87419C4587A94216BEE3A96EB48504AB2DF07161B4EB4D70C0988F90C4608C27	381184	Complexitylib\Models\TuringMachine\OutputSemantics\Internal.olean.private
EE463A272300E54AA965785C2F6C0205C95285981EB1F2598E1B5B452953DE0D	16	Complexitylib\Models\TuringMachine\OutputSemantics\Internal.olean.private.hash
57DC93119803ED8191BE6447044CCFA084FF1AE06AFA4879B4DA47A1B923B630	9504	Complexitylib\Models\TuringMachine\OutputSemantics\Internal.olean.server
24FBAC4DCA9B596C6A966C30678BFB3E9FFB16DFE472B74A8B3378A96FD5E5E7	16	Complexitylib\Models\TuringMachine\OutputSemantics\Internal.olean.server.hash
5521FA7EF87E059EEEC1BAB7DA64966B909D08494E2E33054FF55DDDB55E8E3F	3863	Complexitylib\Models\TuringMachine\OutputSemantics\Internal.trace
5802676C038951F71F5FF755F0B33938C517BE5F27C158A3542729D3875FEA54	17974	Complexitylib\Models\TuringMachine\Placement.ilean
0DED7C6E8395F7A13B7AB2D4A8E169DEDDDAB7E04B8229C71637C7A2752E888E	16	Complexitylib\Models\TuringMachine\Placement.ilean.hash
7E2A79F1686B662CD112815F65FD22046B3EE9F19176CA0153BD7C82F266A240	1776	Complexitylib\Models\TuringMachine\Placement.ir
B32BF0FEF2F52B727C40C1844CF014CD7044BC38EA6FD86CB26BB6CB96AC2242	16	Complexitylib\Models\TuringMachine\Placement.ir.hash
CC9B9FBDE00739C55EF56A180AD1A72FCA812DA4F0BDBF5484228E7C2A06BB15	176	Complexitylib\Models\TuringMachine\Placement.ir.sig
0CC25B50D0302329E5213F92F40EAA1E479343742E44EAE9ACD824E5A2083DBB	16	Complexitylib\Models\TuringMachine\Placement.ir.sig.hash
B68599A4C7C025ECAA0B60C3585598B1219F6DF1CA0FAB955D77122A3968109C	35064	Complexitylib\Models\TuringMachine\Placement.olean
00D683FEE4B48FA58648E7AEF39B6C8BDF02C7AAD2AF6C66966A6BD323C3916F	16	Complexitylib\Models\TuringMachine\Placement.olean.hash
2413385C787CF00C90F8EE026C45711678DA8B15A418AE2DCF57F3E8B791843B	12312	Complexitylib\Models\TuringMachine\Placement.olean.private
B4C3E1ADE4FDD668C31670CE08FD53A8AED631B66CC9DEFBE021EB49F6EA76BB	16	Complexitylib\Models\TuringMachine\Placement.olean.private.hash
D7EAD00E978EFF3A4222E2FBA597663B59A4953B7170633A47C6D48360E9A6F8	5864	Complexitylib\Models\TuringMachine\Placement.olean.server
4938AB74FA320E6FFAE26697A195E83CE99AEA2F90A19F027AEE01EA0AC99D61	16	Complexitylib\Models\TuringMachine\Placement.olean.server.hash
BB821B99487F1867D1F3B4C9E8576E396E95FC35D934F350CD1C995D5767133D	3760	Complexitylib\Models\TuringMachine\Placement.trace
BBA2AE1AE4DD292D57035062CCC5CF9BF532B72E924E64AC6BE81E3D2541F0BA	19246	Complexitylib\Models\TuringMachine\Placement\Defs.ilean
F394989B8005CB5F1B8C53BDDDAD1B9DD87EE3D2854FEABD1E860711F2F6EAD8	16	Complexitylib\Models\TuringMachine\Placement\Defs.ilean.hash
23AC7F944049500C7401EA873350310DACE9E3CDCF7ED6EA336487491DF2C4C4	28592	Complexitylib\Models\TuringMachine\Placement\Defs.ir
7CDAB85106A136CE2DFF6BA260A310ED247A6C0DD15A89AC9CB46D78C2DAB2E7	16	Complexitylib\Models\TuringMachine\Placement\Defs.ir.hash
2C2FDC7B3E5782351D2A49FD2AB5A0D48DB476C5DBA08D8A8D0BE4885FC9D7C9	176	Complexitylib\Models\TuringMachine\Placement\Defs.ir.sig
D86DD4B4AFFD27EE548577E82F7C5193195E41342298A245056786090E267FE3	16	Complexitylib\Models\TuringMachine\Placement\Defs.ir.sig.hash
F05A640149D69CF9653A8FCFE4825B83B26F5D3FC4D9E5D5D4E48B37890BEEE5	79048	Complexitylib\Models\TuringMachine\Placement\Defs.olean
592CC7DCF6866B74572CB9574F7D562CC05C58FD12253ADED55575F3ADBE1392	16	Complexitylib\Models\TuringMachine\Placement\Defs.olean.hash
6A3A57A7BC1425D26FF69C25AA76498F6912284A1BBB1C51CA3352957C14B350	193000	Complexitylib\Models\TuringMachine\Placement\Defs.olean.private
A4F96EC4032BBB202D068BCEF34D88C49E954EDDEB0E8DAB85691802DB0F9159	16	Complexitylib\Models\TuringMachine\Placement\Defs.olean.private.hash
77189D37D42798C264B79ECB7361F1B0BBE03C5C67DCDF814E0E4B15DB6C050F	7768	Complexitylib\Models\TuringMachine\Placement\Defs.olean.server
23779491A976719B53BB9FEE4387691B92C78180C8F7F5F7925884B9FF31E0D0	16	Complexitylib\Models\TuringMachine\Placement\Defs.olean.server.hash
E5001B1FC3BEE886F703398ECF08A879C5E58FDF2FE53ED74AD61307CF54D7DD	3572	Complexitylib\Models\TuringMachine\Placement\Defs.trace
81742D01986F38BB9F465F093F8B3FBD4F43ED5E74C6F842015A6BA58A995088	33497	Complexitylib\Models\TuringMachine\Placement\Internal.ilean
C7D173621917018A51E526D66EC7F8CBDF75B21DDA3E14012B158088F0403071	16	Complexitylib\Models\TuringMachine\Placement\Internal.ilean.hash
70B441A9671D9D435E5CAA4C3958C373C0A36407F6B5271D1B1B6C206C90944C	6280	Complexitylib\Models\TuringMachine\Placement\Internal.ir
23CAF4441BAD08ED1A3F24BC6A00B245522F4520D17E817DA497090F016A5578	16	Complexitylib\Models\TuringMachine\Placement\Internal.ir.hash
44598EF9B0CFDD4BBAB304255968A3FA192293CA6E89E6F2A9D547FB8BE393C6	176	Complexitylib\Models\TuringMachine\Placement\Internal.ir.sig
2E7065BB133D8C3847D427E63A2A9351D8E6B9199C401215C877312CC0FDC98A	16	Complexitylib\Models\TuringMachine\Placement\Internal.ir.sig.hash
B38B6D9E3034C56EEF7D858951085DFA40EEF321422C5B51EAFE23349764029D	46952	Complexitylib\Models\TuringMachine\Placement\Internal.olean
89CEAEA22777734B2B0BA6C564623FC3FCE78C2520DE1F1F9CD35005AB11EFB5	16	Complexitylib\Models\TuringMachine\Placement\Internal.olean.hash
3B4F2CB3D7D407B8D3B9B30A7E0385F10587A483BF181C06DDEF2471FEA7B476	257624	Complexitylib\Models\TuringMachine\Placement\Internal.olean.private
AE94B56FE67E80F94BE9C554F9E250E4B3712A9AD4D52C9DD46DA7A9D8850364	16	Complexitylib\Models\TuringMachine\Placement\Internal.olean.private.hash
3E15D1C9F761F4E8A0F58BCF59961BDEBDC7C8BFB851238D08B4A893EE6096E8	5720	Complexitylib\Models\TuringMachine\Placement\Internal.olean.server
BFFBE65AFCEC42ABEAA22CA5AC4C1A7EBF551B20545835DF1F6350BC73665978	16	Complexitylib\Models\TuringMachine\Placement\Internal.olean.server.hash
06981A0CB2E065F3D853F39D36F3BF6488506A33628BDB0094040E21EA27C8B4	3606	Complexitylib\Models\TuringMachine\Placement\Internal.trace
E6A7131DD9A6589327C109E00EAD597A4936DCAF8E1315C565AEFCB017E2287F	21331	Complexitylib\Models\TuringMachine\Registers.ilean
D8B7239FF29414A8ECE066FC1171877AA4A77FFAA0B415AB8CB69A1C3BB5A18D	16	Complexitylib\Models\TuringMachine\Registers.ilean.hash
A864524E107AFF94286B613C912BD1E742E3C368A6909532F7D19AF1DFC3CB3F	4640	Complexitylib\Models\TuringMachine\Registers.ir
FE0C859A2FA83722A7416C64AA1536986D2BFE26E1140C924111C19FD83BD327	16	Complexitylib\Models\TuringMachine\Registers.ir.hash
F1B2ECD03AB3A4522B0BCFF0823542A14CDE4171515A6BC2B5EFC07E726C50D3	176	Complexitylib\Models\TuringMachine\Registers.ir.sig
DE8043E22F3860970DD3B02714481B1235453954ED4A45814BEBA8E31286FAF4	16	Complexitylib\Models\TuringMachine\Registers.ir.sig.hash
A41FC9CE945ED99F54F3BF8804F81B6EE8C4B7F97782931E7F73EAC13F61DF9E	36184	Complexitylib\Models\TuringMachine\Registers.olean
9DD1EF9D2634CB4A86A1836E65846F1DB24B9C52CE7BAF03DCC098D14B195C39	16	Complexitylib\Models\TuringMachine\Registers.olean.hash
BCA2C0A1964B3A5DC12E16CD06988976277FEE33CB325B4F8F0D8F4251817FA2	185432	Complexitylib\Models\TuringMachine\Registers.olean.private
B3575A0B4486998C98D4E31D3977AFBBC9C329DF95244FEBCB71A73D7FA1E2D2	16	Complexitylib\Models\TuringMachine\Registers.olean.private.hash
FF368DAEA187452C207180FB62D789676598B2E7BF7BF76BCB14E47305A95772	13016	Complexitylib\Models\TuringMachine\Registers.olean.server
DD1B478C7FE0A1A821B95521C0117BA52F3220A5800C4821DC440C33BF66D034	16	Complexitylib\Models\TuringMachine\Registers.olean.server.hash
15E095BAF511944D7DE9F1EE701AC4A0871B1572BA32CA264C634A3EFC6AE68B	3547	Complexitylib\Models\TuringMachine\Registers.trace
821F5B56E3A41F4EF2933755E21EEA2E26339E138FBDC21C7758505EC1BB7AE5	22096	Complexitylib\Models\TuringMachine\Registers\Arith.ilean
775806A18F6571593A9327B5587D086C9A6323CCAE40266F699BE300CBCD12EB	16	Complexitylib\Models\TuringMachine\Registers\Arith.ilean.hash
CA4B362C2983B7C9E44552F1F273B03ECB3F42E5B0AC7B12996134780B433564	9488	Complexitylib\Models\TuringMachine\Registers\Arith.ir
4EBD97D329350F446B7047A8B713BDEDCE22ECA30F20E9BE08A9D66B998969ED	16	Complexitylib\Models\TuringMachine\Registers\Arith.ir.hash
ACD63E968DCD8875D33C9C3DBB405971CFE1126E16A3FFC6E54E84E55C531A47	176	Complexitylib\Models\TuringMachine\Registers\Arith.ir.sig
D69817A756BBCAD725E992D789BA5D6A7617B483FFDC39FA8CAC757C7F06D52A	16	Complexitylib\Models\TuringMachine\Registers\Arith.ir.sig.hash
5538AF73F4E0F7B3AB5A297789C273DA59956B5241851FE9C4546C889729DA4C	45552	Complexitylib\Models\TuringMachine\Registers\Arith.olean
4E2B9240B998B255B1B85765781B898F3DCA198A18D7AFFA22DD85688BA8D69E	16	Complexitylib\Models\TuringMachine\Registers\Arith.olean.hash
620DA31CDAD05B17292DD465D52C207C48B75D7CF0DA64FB1FC157C857782F45	335584	Complexitylib\Models\TuringMachine\Registers\Arith.olean.private
7F67743612472A98C05C4BA3CA49E1007A476E520DB70B7A05ACCE76FF7003F4	16	Complexitylib\Models\TuringMachine\Registers\Arith.olean.private.hash
0AB29E2696C7AEB0F9A9B0292A070B2FF7D7EC35FF1FDD5A37910540A8FC0620	4816	Complexitylib\Models\TuringMachine\Registers\Arith.olean.server
AC6B4ABE131F3707FFC077F2DF48457D9CFB609B71E4C0332FA87AB7BDE5070C	16	Complexitylib\Models\TuringMachine\Registers\Arith.olean.server.hash
E306704530E0981A5CAD8F8DDBCF084F99AB0B3A974185775AF267E1689CACA4	3818	Complexitylib\Models\TuringMachine\Registers\Arith.trace
BDA568283D772AE9AEC9F8DDE62C154163568DDEC6062DD4F417808482356665	137902	Complexitylib\Models\TuringMachine\Registers\Emit.ilean
30938A7C5DA7EF497C85CB059F49935CFE66E61FB541A9E5FC2916A662FA716C	16	Complexitylib\Models\TuringMachine\Registers\Emit.ilean.hash
6860A9D85384237C9968D93B6CFCFB3DFFBDF874965154ED9627645C65AEA3D8	50520	Complexitylib\Models\TuringMachine\Registers\Emit.ir
68C4E6F21E33DDBF891C0E462900FF716D0BCFE23D5F58443ACC521CC8CA3C1C	16	Complexitylib\Models\TuringMachine\Registers\Emit.ir.hash
8721649CBFEEDA0716FFA28BBE394FA563F010438BBD31B36037F9E56DD792FB	176	Complexitylib\Models\TuringMachine\Registers\Emit.ir.sig
AE39C77B03195B943214BA172834A4C1E6824B3B6144DD07393A9838BCB6F8C1	16	Complexitylib\Models\TuringMachine\Registers\Emit.ir.sig.hash
128BE2BD52069E79F03D93B7C1B0498B00E4D35B0E03F33D9AB0A6A2DFAF8DD9	167472	Complexitylib\Models\TuringMachine\Registers\Emit.olean
072EAB5387ABD92D511B2DA4132277E126DF73E71F4973232D282340B3025080	16	Complexitylib\Models\TuringMachine\Registers\Emit.olean.hash
D716C09FF28C3B34E3309143C7B78B471B55832D05BC58FF34DD257EFE3CFADF	1364848	Complexitylib\Models\TuringMachine\Registers\Emit.olean.private
6CB52A0A7B828EA5135341364BF4BB17F0CCBBE9B0B28299CCDE38C904443B6B	16	Complexitylib\Models\TuringMachine\Registers\Emit.olean.private.hash
367DAA7D2B62B53E4649530A91154C33185D748C7B029D135F8FA315F7CDE9E8	21136	Complexitylib\Models\TuringMachine\Registers\Emit.olean.server
29E1BD8394745EAA6180C5FEBFE1B0B7E4E79C2F9883E2AD572C5009AC9B6E73	16	Complexitylib\Models\TuringMachine\Registers\Emit.olean.server.hash
CB48DEA700E5C2B63EFCA5E087C8F5EAD9B9BA6F0A202B50FE6BAD49F53B8393	3765	Complexitylib\Models\TuringMachine\Registers\Emit.trace
CE5A63F9C938A05A7E7FF80914DA81AE058F1D31368777EEFCDB06DAB5D8B163	5303	Complexitylib\Models\TuringMachine\Registers\EmitSeq.ilean
AE978D8ECF63F575686EC5B6F30E72B3B2A6FB006064DC8A3DA2829DC0510E8E	16	Complexitylib\Models\TuringMachine\Registers\EmitSeq.ilean.hash
53FC37E445BDF04C713DD1EF9FAC3E1E61C02A19EED639DDA8B1940031337B58	3896	Complexitylib\Models\TuringMachine\Registers\EmitSeq.ir
D5E346D733A042551B70DC45346AAC9A282A0E8D5CCDEDF087ECB58DF79E5E31	16	Complexitylib\Models\TuringMachine\Registers\EmitSeq.ir.hash
F516B614175271F84644180F982127772063713350121E70791BA2888A4F1C3F	176	Complexitylib\Models\TuringMachine\Registers\EmitSeq.ir.sig
2D5069C9115C12AF5E85A7D4186519A7C8DADBED5D7B55FD5B64DFD51E2921C9	16	Complexitylib\Models\TuringMachine\Registers\EmitSeq.ir.sig.hash
B6153BB27E6EBE4E21EE48B622697DFE26A3998C046E19EFC36E14EE03183DC7	27008	Complexitylib\Models\TuringMachine\Registers\EmitSeq.olean
ABAAB912B4210200F3C3E76F4D61D153B69302E2F346E60930C69A323EC3980C	16	Complexitylib\Models\TuringMachine\Registers\EmitSeq.olean.hash
82130827B3E80D113C91C88CDCCD7F1040EB7F6B2935965D059491E20CE57C9C	63336	Complexitylib\Models\TuringMachine\Registers\EmitSeq.olean.private
2DE5F5CAF6E87527969D90A25FDE735FC8A8EEBAE55B97A29F4D8114C8FC8964	16	Complexitylib\Models\TuringMachine\Registers\EmitSeq.olean.private.hash
A6BD0D068781A66720B863432714EE1E3DE2E01ADD94323C1C737F05147FC456	2272	Complexitylib\Models\TuringMachine\Registers\EmitSeq.olean.server
47B6FF2B5D13C2C6B75B7A571A6ED65299A114CD2E6C168A614CDF330105719A	16	Complexitylib\Models\TuringMachine\Registers\EmitSeq.olean.server.hash
622054662D3E4460BEDA9866A28EB3C11B65EE48919594860B111DAA512D2589	3613	Complexitylib\Models\TuringMachine\Registers\EmitSeq.trace
EBCF6877921CCE51D02469820054CD7CEC947D89BABEED7538D4F404739C0321	96555	Complexitylib\Models\TuringMachine\Registers\ForReg.ilean
C2088CF69BD4E149BC42128CB3EDEF34A415C1592F5812FB0B3D27A0F910EE9E	16	Complexitylib\Models\TuringMachine\Registers\ForReg.ilean.hash
A1BB6BC926328400344F1CBD7A81302E47C2C733E991CE915927840B680731D4	46992	Complexitylib\Models\TuringMachine\Registers\ForReg.ir
71AA5A1C6DC9D7817651A4A8B7119419054F35977C47493EFCDC3E3E549F90E7	16	Complexitylib\Models\TuringMachine\Registers\ForReg.ir.hash
EF5933966C0259CC5AA18A232E75000DEBAA5A4722D685C9245D212CCBCAB2EE	176	Complexitylib\Models\TuringMachine\Registers\ForReg.ir.sig
6231DE281318F1266C7FDAC39A348D23A88D6423D69E8FDEDF3C7D09F3A5F116	16	Complexitylib\Models\TuringMachine\Registers\ForReg.ir.sig.hash
9AADC9BCB9801A21AC4FD9B7793E9184E399AC9CEB00883AB704A91F43E9EC42	98392	Complexitylib\Models\TuringMachine\Registers\ForReg.olean
0CF1DEF210373A03B8DF914838A3E30ADD55A57C20ECB6D58C5DF2CF422C1C87	16	Complexitylib\Models\TuringMachine\Registers\ForReg.olean.hash
867A5CD5CBDA1F769230DD6A40BCE04B858EBBCB6A4A56AAC2846279514436D0	961464	Complexitylib\Models\TuringMachine\Registers\ForReg.olean.private
4C1C7B27F2E26E9A24EE682E1BAF64BF25BB9AF682AF47BC5BCF63C6C84F34FC	16	Complexitylib\Models\TuringMachine\Registers\ForReg.olean.private.hash
4D35D12F1E5B763F8B1026C5D85779C00A8C30D6B6722BDF21A73CB932D573C5	8912	Complexitylib\Models\TuringMachine\Registers\ForReg.olean.server
CBD4CF22C954B9DF2C555A00B212D9C72C32EB695B3FB06F98EF2DF78C965D12	16	Complexitylib\Models\TuringMachine\Registers\ForReg.olean.server.hash
857BC25DA85C4B3523CA45A6713FDB4AF62B34F54E2F43FD5CD68F8BCB715540	3592	Complexitylib\Models\TuringMachine\Registers\ForReg.trace
DDC8BD7E78C65A3AD417868C459DA7A676E89603A041D19598B14A157DEC05EE	51194	Complexitylib\Models\TuringMachine\Registers\Horner.ilean
73BE404B72EA48E00BC2A56C6BBD367D994F66265FD2E9D18E9A8B172CAC2BF2	16	Complexitylib\Models\TuringMachine\Registers\Horner.ilean.hash
D7A379356577C3361CB9937863E932D11407E6E6F712F39A35C24A4201850355	26136	Complexitylib\Models\TuringMachine\Registers\Horner.ir
50C1EBF61DECB57F33B66741D44F1E81B66B2269BC3C9C1ECC2B8AF6EF073FFA	16	Complexitylib\Models\TuringMachine\Registers\Horner.ir.hash
A47C87D10334C109AACCCDE32B948A59CD32C3E0193F5EB25B3541FAFC882C12	176	Complexitylib\Models\TuringMachine\Registers\Horner.ir.sig
29D19E959703F0E1744009A7490794CB4A07ED96AD6ACE6AA0C43C3828CABF0E	16	Complexitylib\Models\TuringMachine\Registers\Horner.ir.sig.hash
1FE5223B8D4BEFFE1A9268B7EF8143C22C685109C8E2ED0B57BC0C6898AD2C52	86296	Complexitylib\Models\TuringMachine\Registers\Horner.olean
349E2FF9FF1EDDF66EF3F674E5E45E232B392773163F0B43F6C13E7F29F0608B	16	Complexitylib\Models\TuringMachine\Registers\Horner.olean.hash
37AED3D2B8853D0D550F38066719030305D490C3E6518F7F3423062EFC2D3F32	1229872	Complexitylib\Models\TuringMachine\Registers\Horner.olean.private
DFFA04C0CCA48001FCB9BA11714E4CAF9AE6D6D5481E4DE2819B911E52CADA77	16	Complexitylib\Models\TuringMachine\Registers\Horner.olean.private.hash
F1A0ED1DF4D585C77883A5D9C155D3F7BB8B9DE06AAF16E4F65C22FB6D4870C8	14392	Complexitylib\Models\TuringMachine\Registers\Horner.olean.server
1B803BA6BF08CEE48E1D38AF3763E337F0E6D82C5A9B2157E1E57CFDEDCA1264	16	Complexitylib\Models\TuringMachine\Registers\Horner.olean.server.hash
0AF5B051A0193E247067891DAB740FBA4D5846ED483F3CFB84CBF4336EE8F78C	4183	Complexitylib\Models\TuringMachine\Registers\Horner.trace
6C57F79EA1DCC36410703381B771497507B0530826F33D09707748FD326DC8BD	100323	Complexitylib\Models\TuringMachine\Registers\InputLen.ilean
69732DC0630729624B6273812CD59263EFEEFBB9A33A03A2BDBBE0E69AEEE702	16	Complexitylib\Models\TuringMachine\Registers\InputLen.ilean.hash
F04D43FCA87A9BD224C3E2CEB47D0B04EA76814B156C22E0F36D26DC5EDAFF39	26416	Complexitylib\Models\TuringMachine\Registers\InputLen.ir
15EC74A00D2CA87ED22DE7BF1CCF23985370B3A6FF5D5C3EFAD3B9E98602DC8D	16	Complexitylib\Models\TuringMachine\Registers\InputLen.ir.hash
2612F0169D1E2B82AB1806C1F63E4930E327622557890080C25AC120AA0FE366	176	Complexitylib\Models\TuringMachine\Registers\InputLen.ir.sig
D875F2386D7A94A6F96CE207C38812D808D4D7E17BADEF84B61E840429FB43B6	16	Complexitylib\Models\TuringMachine\Registers\InputLen.ir.sig.hash
976047B52342C36B39F2BB576A5EA5A7D15850625FF05BF076FE21CE64D9EA19	26424	Complexitylib\Models\TuringMachine\Registers\InputLen.olean
4FD544953D69D804E5A3ED0EAE9D3960DC24DA983074323687B79CB34FD7F4A7	16	Complexitylib\Models\TuringMachine\Registers\InputLen.olean.hash
67A3E10852CD71A71DDDA4EC485697606DD9F08D1A1127B0A61089C4D478BF38	849136	Complexitylib\Models\TuringMachine\Registers\InputLen.olean.private
E7697AF8E6C6B9886E790236D6014927734A080846E3023AB00752D6A7B28821	16	Complexitylib\Models\TuringMachine\Registers\InputLen.olean.private.hash
28A2D2E0FDD83F04AD5780A414B6DCEDCD57E0FEB2666677EE3E2925E79414B6	5856	Complexitylib\Models\TuringMachine\Registers\InputLen.olean.server
D1F109C42234FBFCE96CBE47105C20917C5A28FE845562D09EAAD5BC969269C9	16	Complexitylib\Models\TuringMachine\Registers\InputLen.olean.server.hash
E7FDED5A187D680932C374C0E1CA143BA09BC3370913E3474EAF3A33E8CC4FBE	3620	Complexitylib\Models\TuringMachine\Registers\InputLen.trace
07C86B20A76D1EE69D5755B3A5F5029B1E7256E430FBCE6AD95AEE27817BB6A2	167079	Complexitylib\Models\TuringMachine\Registers\RegisterOps.ilean
A131945CD73A20A730E47344A9773E01AFDECDDB2BA22C47627E105B713FA455	16	Complexitylib\Models\TuringMachine\Registers\RegisterOps.ilean.hash
2CAEE0FE12B05048512D6F0448CF4FC88B059E21D92A596775BEC2BB66BEB2DD	39544	Complexitylib\Models\TuringMachine\Registers\RegisterOps.ir
07D32847A8D137157A2B881B33DB55C0A488BFCC39EA2D1E621D50BF04FF8DE2	16	Complexitylib\Models\TuringMachine\Registers\RegisterOps.ir.hash
37D4726368BA334E8087913BFD9C88478B9E67B20694E844D891BD7BF4227B13	176	Complexitylib\Models\TuringMachine\Registers\RegisterOps.ir.sig
CA96697AA11F1BBD364D5127CEA351C940320ED7286208FA597DE653F8F741B9	16	Complexitylib\Models\TuringMachine\Registers\RegisterOps.ir.sig.hash
863BF52F587505343B3FEABE91FC688BCDA69FA0BA6353670360BC8C34C77A63	108632	Complexitylib\Models\TuringMachine\Registers\RegisterOps.olean
7D77EB4CCE5961AB2386A524E36218B34C2B0EA96FF3E0C1830D7F3351162B53	16	Complexitylib\Models\TuringMachine\Registers\RegisterOps.olean.hash
2AB4A729E9A5D573727125B2A6A9B341CA992F223684C9C0EF6A8052334F586A	1338616	Complexitylib\Models\TuringMachine\Registers\RegisterOps.olean.private
92CBF5FEFF17A00521513A9B0511171A5D5D8D6453A3BEF7F435E5669B0F6DAF	16	Complexitylib\Models\TuringMachine\Registers\RegisterOps.olean.private.hash
C3E15AE537103D8D66914B47475680DA192D5E09746D4E1AF3AB41F042B2BE29	15056	Complexitylib\Models\TuringMachine\Registers\RegisterOps.olean.server
B36306C82C8B288021B41FD8BC2D91F0C8E51A17E673815E9EF4683116489024	16	Complexitylib\Models\TuringMachine\Registers\RegisterOps.olean.server.hash
87D93618A39B77EF9E795451ACBEC555739CA68CC91D332161405EA5D73F9946	3627	Complexitylib\Models\TuringMachine\Registers\RegisterOps.trace
2A7C18993B27129DEDC62DB9E3AFA6AFDD8F27FE4833CFCAFA5EE98732B66420	6984	Complexitylib\Models\TuringMachine\SpaceTime\Defs.ilean
96AEB91A85C812F50493CE4641817AE1B4A31ADE9DAE943BDCFD11912D470E4D	16	Complexitylib\Models\TuringMachine\SpaceTime\Defs.ilean.hash
BF8500F505EAB60C6E8B92C311600F203767335EAD5E345FCC7673D6731743B7	13480	Complexitylib\Models\TuringMachine\SpaceTime\Defs.ir
1BFC69FD586926397BC4ACEDEB3921E49F705B987F2AF611FB9750F6024391A1	16	Complexitylib\Models\TuringMachine\SpaceTime\Defs.ir.hash
49872D8919779E37C6269E9C7EC76811F2B3CA2DF9DA186ADC3BF6F1B2139C46	176	Complexitylib\Models\TuringMachine\SpaceTime\Defs.ir.sig
1B9410A20DF145FD57963288320B47B27603ABD7E8DB8C8CD522518A0BAA33D6	16	Complexitylib\Models\TuringMachine\SpaceTime\Defs.ir.sig.hash
B68E8419861FB6F1D9FE8212046AF6517F290375D8F70EEF625E442A0AC1F02C	36632	Complexitylib\Models\TuringMachine\SpaceTime\Defs.olean
A2B854D05DCE5B52B44E1D0F34260A0F4ECBB387CC1CE18710E29160272A399C	16	Complexitylib\Models\TuringMachine\SpaceTime\Defs.olean.hash
2DF53C90E77F48060DA0D049A9A5CD7CC01F503780931EDA098877025F22A58E	55416	Complexitylib\Models\TuringMachine\SpaceTime\Defs.olean.private
44DB3BCF8674E47C56C37356CE64B3949EDF28E582BE1F618993488E0B3A6BE2	16	Complexitylib\Models\TuringMachine\SpaceTime\Defs.olean.private.hash
DBF08AB415AA65BA86A4F283CD6EA59AB04E4F161EDF419678EC7236EF5527BA	5424	Complexitylib\Models\TuringMachine\SpaceTime\Defs.olean.server
9E93CF15E3C6FB289FF04CECC96482EC66194D06F79A5AC75871382DDF126005	16	Complexitylib\Models\TuringMachine\SpaceTime\Defs.olean.server.hash
E91CB6EB95C5FFDCBD4FAD192E4A6EB624DB8D6CBFC2E0DDF1CABEC286E5C6AC	3717	Complexitylib\Models\TuringMachine\SpaceTime\Defs.trace
053458C542A43C86E1A5466DA3BD4506FCD83931871C32F7E993EDEC71762693	32524	Complexitylib\Models\TuringMachine\Subroutines.ilean
1107E9F98C4A18D5DFD53E84BB6E4456634BBA784271200B624CFB5A0B1D3BFF	16	Complexitylib\Models\TuringMachine\Subroutines.ilean.hash
6A992722DBAB96F77CDDAA1F4F02A195A6BAF52216A9246FD09A86C8E84FDB81	89256	Complexitylib\Models\TuringMachine\Subroutines.ir
AE7CBBF09055F7196B34681CA1E6D38D4FE632E40AEFF34BE96C6066F4E9F62E	16	Complexitylib\Models\TuringMachine\Subroutines.ir.hash
55E545D93A5001B54A5B824B74FDB2430C96858B939A8E734A5D178C7405B002	176	Complexitylib\Models\TuringMachine\Subroutines.ir.sig
A5443D63FA6C717322A35F282998FA1D2508FDE13B479E047E2BC08B410FA595	16	Complexitylib\Models\TuringMachine\Subroutines.ir.sig.hash
0CF5EB38DFCBFCED9386D280F4711BFEF5C8A794F9698CE3D842D460E282ADAC	245488	Complexitylib\Models\TuringMachine\Subroutines.olean
04BA4374B48F8B5CFA7D6FEAE7324020BBA29E8FE46CEAD7597F86D049CD004C	16	Complexitylib\Models\TuringMachine\Subroutines.olean.hash
AFBEA94779DF4C55A71AC5D87DC0D4E8B9068BF4390A766A66F40C58F1258EEB	446240	Complexitylib\Models\TuringMachine\Subroutines.olean.private
75A68B01857CC6A96DD198ED609CD3A39D6A7672067020128CDBD2E018FE94D4	16	Complexitylib\Models\TuringMachine\Subroutines.olean.private.hash
330CF8482960DCAB66E05C5AF4191263A4D5C945624874ADB6C865D940B7EAF7	14664	Complexitylib\Models\TuringMachine\Subroutines.olean.server
66E768A3236F4AA36555B4E61F57DBF7AA77C5BB22CB4D55F022378E622D368F	16	Complexitylib\Models\TuringMachine\Subroutines.olean.server.hash
E959D450E4B08AC68991A17DFD36180D42CADE87F90F070FD717060CFA2548AC	3545	Complexitylib\Models\TuringMachine\Subroutines.trace
49600221F9FC0E725EEFAA35FA0DF17000107D71D73A4CFAB5D174058F67EC44	1478	Complexitylib\Models\TuringMachine\Subroutines\CopyOutput.ilean
AA44723D4C28850F49C9756048CFCC90253AC1BADF6D21804BB040FCD350A688	16	Complexitylib\Models\TuringMachine\Subroutines\CopyOutput.ilean.hash
F6C814B1C77B7F212EA2538AD9280A13B37F82BD08804F03DD43C62482911DEB	1784	Complexitylib\Models\TuringMachine\Subroutines\CopyOutput.ir
74BCB35A3EF844B91ACF443EABF6F80902D43C901077695F55DB10CB1991744C	16	Complexitylib\Models\TuringMachine\Subroutines\CopyOutput.ir.hash
C932521BC64B07D648677647895478B9C2735628F4BAE8D32037E898FFFFA16B	176	Complexitylib\Models\TuringMachine\Subroutines\CopyOutput.ir.sig
AE9C1F2F71DA70025FE7EF11B75F25C4E7583F313DD57A193F5D0B3552577164	16	Complexitylib\Models\TuringMachine\Subroutines\CopyOutput.ir.sig.hash
16CA2DC8BAB582D09D24EA9D85B4AE56993CA01945170300A316AA2684009EEE	6456	Complexitylib\Models\TuringMachine\Subroutines\CopyOutput.olean
652F3DB5448CDDE0CC210C1EF2B209FF0170FE9C65C04998D0A9B41EAB5A676F	16	Complexitylib\Models\TuringMachine\Subroutines\CopyOutput.olean.hash
86599C1915901A338CF36614D04514CB6D2515C9432ADC5D1DE626C2CBBD9FF7	1376	Complexitylib\Models\TuringMachine\Subroutines\CopyOutput.olean.private
E8D06510A27542C7FB9705C33FF40C554654B16B18981AF5D34FD6910A79B572	16	Complexitylib\Models\TuringMachine\Subroutines\CopyOutput.olean.private.hash
420E642BBD22667A419615AC4EE23589C94FFA13FD67980705B90C4069C24A5C	1784	Complexitylib\Models\TuringMachine\Subroutines\CopyOutput.olean.server
CFE4502FFA125089AA975A8E7EAA288F6E37F3C9902622F54453BB3F85C6E864	16	Complexitylib\Models\TuringMachine\Subroutines\CopyOutput.olean.server.hash
81D0D6000C854604FB8EDACF5EC9CC4049145AC354699D4654E8363AE54E8908	3877	Complexitylib\Models\TuringMachine\Subroutines\CopyOutput.trace
6D6506A93A906DFEE6C78CF0BD0EB80FBF33D12AC7368DD08800F02428CF2A85	20704	Complexitylib\Models\TuringMachine\Subroutines\CopyToVirtualInput.ilean
2F7ADBCB5765EFB24630B84195850975E6B99E04358ADE079BBAF759D0725B7F	16	Complexitylib\Models\TuringMachine\Subroutines\CopyToVirtualInput.ilean.hash
AB45F3E56FCFF3E512CECEAA951ADF36129124EB7F438023B7C2CAB525972EA0	3720	Complexitylib\Models\TuringMachine\Subroutines\CopyToVirtualInput.ir
F24B8CDA5C5ADDEB48F96711EF4F816DE730A3D4EEBE4083CC5A413FFD9DC8D8	16	Complexitylib\Models\TuringMachine\Subroutines\CopyToVirtualInput.ir.hash
7735B6EDB73E1F8E76DB3D13E3EC6764EF69401819CB390F70B8EB174EA5F47C	176	Complexitylib\Models\TuringMachine\Subroutines\CopyToVirtualInput.ir.sig
443F543C938675E2BF73DC62E568D17485014F823D6EBC9F2D9F9A85EB6063BD	16	Complexitylib\Models\TuringMachine\Subroutines\CopyToVirtualInput.ir.sig.hash
66977FF66FCBCF6CCE7907EA1958C1209546B27A10029847994B06130B4526B2	23904	Complexitylib\Models\TuringMachine\Subroutines\CopyToVirtualInput.olean
AE37BD7BB71566998F2DC15D6A06F246A5BF00836050FE80EBB63BF11CDAC3B1	16	Complexitylib\Models\TuringMachine\Subroutines\CopyToVirtualInput.olean.hash
F21EB4C4603EC7400F6C7EB60F4B8446A454AF4F5AF296B5CDDEB3DC4D16A36B	433576	Complexitylib\Models\TuringMachine\Subroutines\CopyToVirtualInput.olean.private
8FB378EFBF2859667BD4CEF8576499DA72EFDAA96B6D5AF6366D3E7DE3CD0AC2	16	Complexitylib\Models\TuringMachine\Subroutines\CopyToVirtualInput.olean.private.hash
F7EF9BD031077CED401B9AF4F068503E1BCE26A35D3C03E60984AFEC4EDBBDEE	2976	Complexitylib\Models\TuringMachine\Subroutines\CopyToVirtualInput.olean.server
4459642587871BD290705AAE2CEC5BABCB0A0322FB5905481A84F560979CC1F2	16	Complexitylib\Models\TuringMachine\Subroutines\CopyToVirtualInput.olean.server.hash
0D289E3F7690ED9C5E827C35802D3F23364FE63F0A8EF6FE2A8961BAD47A9844	3945	Complexitylib\Models\TuringMachine\Subroutines\CopyToVirtualInput.trace
40437D4AFC09D0722E1907EF0453B62986DEDBAFEB799B884FE0C8F84D39B991	11872	Complexitylib\Models\TuringMachine\Subroutines\CopyWorkOutput.ilean
070DF3122193E6F840F5941A6E5B780310C12261806373423AE3C8D28560F911	16	Complexitylib\Models\TuringMachine\Subroutines\CopyWorkOutput.ilean.hash
4FBA5BFA53774D1F11476777158818CB6EDEAD0FD0114145691CA8B6092E3AC0	1752	Complexitylib\Models\TuringMachine\Subroutines\CopyWorkOutput.ir
51468F09CCD58AC4C926CC370EF7C58A51190BDD5A97518428ED209ADA7D611B	16	Complexitylib\Models\TuringMachine\Subroutines\CopyWorkOutput.ir.hash
9AC00797CB9D2E1CCACCD0105F79FEDCA4108F7F83B5BC1722F641F44B30CF1A	176	Complexitylib\Models\TuringMachine\Subroutines\CopyWorkOutput.ir.sig
C2014B0A2903EEB98610FC491138BC57682D21B6D0894280892D2E5EB74412D2	16	Complexitylib\Models\TuringMachine\Subroutines\CopyWorkOutput.ir.sig.hash
4C46F7CCF1440BBD6F190B814FBD5B951C734D5BEF9F4D97685B8530EE606AAA	25912	Complexitylib\Models\TuringMachine\Subroutines\CopyWorkOutput.olean
6802F6ACB7D98A5CFBBAA9E16BA302FED90A1DD4CD94BD07DA6BAB762D6C520B	16	Complexitylib\Models\TuringMachine\Subroutines\CopyWorkOutput.olean.hash
F857A697BB699CDDC292175D5246C1824784484A6471F0A2739E90CB52380B2F	4256	Complexitylib\Models\TuringMachine\Subroutines\CopyWorkOutput.olean.private
CBDEE97C8083A6FF0F3B5A0228CAA86BA2CC1194892FF04793BB9AAED9F7D5E3	16	Complexitylib\Models\TuringMachine\Subroutines\CopyWorkOutput.olean.private.hash
8C672C194017CED4D4A1900DB0C6DAD00E32AFC7B5667FF247B1D076BD0EBC09	2864	Complexitylib\Models\TuringMachine\Subroutines\CopyWorkOutput.olean.server
E18D61E51E75332DF37C13436A4E1B4ED2C3EA278A9EB9619361D218DF5E3D1C	16	Complexitylib\Models\TuringMachine\Subroutines\CopyWorkOutput.olean.server.hash
97267DBBBAA1A0CDB743A521EF36E8C176F1BD686BAA713D93728E56C7FA6C43	3704	Complexitylib\Models\TuringMachine\Subroutines\CopyWorkOutput.trace
4061963E5D8EE08C3AEC2850E450AFEF033F88FAADEC5572CB03FADC691CD49D	239836	Complexitylib\Models\TuringMachine\Subroutines\Counter.ilean
4D9F2326DDDABD0C42550AD31E7220C97293E110397927A5B82E177DC119F96D	16	Complexitylib\Models\TuringMachine\Subroutines\Counter.ilean.hash
A9A14D0D70E001FB9BBA1BE27F79A2468E1C32C6F6C6C1DC2DA6636275EA2B56	39504	Complexitylib\Models\TuringMachine\Subroutines\Counter.ir
3ABD34D0563F94150A16C185C55CAD5B1090D945EED3DFE828DAAF5C9EAE7F33	16	Complexitylib\Models\TuringMachine\Subroutines\Counter.ir.hash
3898B403997052459A1BA6C8250BF8E7CBCD8C3087A247B6D1D5A84F51E7B320	176	Complexitylib\Models\TuringMachine\Subroutines\Counter.ir.sig
C52B534A04925A8008BE193CAA5A038B272C44DE8DC0F97152A09136C232A054	16	Complexitylib\Models\TuringMachine\Subroutines\Counter.ir.sig.hash
CB37122E9EA8F3F84FCCB21A2203FCD507DA4170D42AE19A9BA95900BDAD9704	162776	Complexitylib\Models\TuringMachine\Subroutines\Counter.olean
AA9EEC97E228ED00C468E7B6F4E2E5CA0C41ADBF6A51183F999F8D2E55F944FF	16	Complexitylib\Models\TuringMachine\Subroutines\Counter.olean.hash
C212DC3E6877371F5C512E671E3B44B1CDD7BF2AB8F13AF1E638A44302A4E33C	2143552	Complexitylib\Models\TuringMachine\Subroutines\Counter.olean.private
AC11862434AF31F01840809D07EE688870EA29CC60385E6A77885C01D6418B64	16	Complexitylib\Models\TuringMachine\Subroutines\Counter.olean.private.hash
7CC9B39B9D07F2F8533FDCCE6D5DFD748278EAA0631B14C9FA654D0F6B36B2C7	27136	Complexitylib\Models\TuringMachine\Subroutines\Counter.olean.server
2DB4A5EA6FEDE9F11038872FF7A0C7C0623631A7CD9B77D8E93C37E92EBF2CDC	16	Complexitylib\Models\TuringMachine\Subroutines\Counter.olean.server.hash
3C72D0EA086520C118516F56D724DABB75DCCDF1A7F3D4BCECE23DA121E5E7FE	3848	Complexitylib\Models\TuringMachine\Subroutines\Counter.trace
DE379E98C109D7AFE52DB6C1631CBBA3D8494C89804E2248A3B72AFDDF3B6066	304871	Complexitylib\Models\TuringMachine\Subroutines\Internal.ilean
6C9E7AD33D057485E1974A0AC7FE5BE1BEAC4194C71B0B5031479D0E05BD3BD7	16	Complexitylib\Models\TuringMachine\Subroutines\Internal.ilean.hash
FE4BBB04B4672FFD3DCB0F4DB0573E1CCF01D6E65F12ACE3134682B9D779AF1A	17512	Complexitylib\Models\TuringMachine\Subroutines\Internal.ir
B9563EC671FC64551DA9DAEA63B604BADE8442E1F9980D80ED851AC180C4963C	16	Complexitylib\Models\TuringMachine\Subroutines\Internal.ir.hash
9F1EE2FC993C534B513E48F1126C5FC0DF24E531D927FC80A5A79DCB35727317	176	Complexitylib\Models\TuringMachine\Subroutines\Internal.ir.sig
3D46C5F268FC3BEE2117447A28C2A1F1C02DB355D8372BA9E66AC95E1E45B570	16	Complexitylib\Models\TuringMachine\Subroutines\Internal.ir.sig.hash
EE6D33D4C119481BDBEFE2639A765739286D7348657F9337ABAB26E4B30FAF3A	110800	Complexitylib\Models\TuringMachine\Subroutines\Internal.olean
BD08BE04F83FEC6EBD908DEDE6E8A3FDBCFD58785AE32AE0AC8BBAAC66C3240F	16	Complexitylib\Models\TuringMachine\Subroutines\Internal.olean.hash
50C2328E255CC92560FECD4A05AF22CE43822A578578F155278906E0FB7EEE9B	3110888	Complexitylib\Models\TuringMachine\Subroutines\Internal.olean.private
1BB0369B10DE7B279A871AA2AFB68305C6AA89001B9FC2756394E89B9239C6C4	16	Complexitylib\Models\TuringMachine\Subroutines\Internal.olean.private.hash
2D47C1C3C03E9EB4C043AFE6531CF79A31140AC5BC1117C8136706C68DE4396F	14912	Complexitylib\Models\TuringMachine\Subroutines\Internal.olean.server
9751FF27AAD2051C30C271ED234D3C5696632C25C23ACA24B4D2D3D95F40683A	16	Complexitylib\Models\TuringMachine\Subroutines\Internal.olean.server.hash
744C17A7F20E0711CE2FABFA70C7E0CC7DB0C8A6DC0F71D2ABC74C68641C5CEF	4231	Complexitylib\Models\TuringMachine\Subroutines\Internal.trace
AC18ABFE896A4DED466642E189F7960033397B02B923D745C3799F39EC1FDFA4	41340	Complexitylib\Models\TuringMachine\Subroutines\Internal\CopyOutput.ilean
D7F173E85DA029EC7D7BFE8C225C7FCF5473DB07EA8404E937D3FD86E54ADE3C	16	Complexitylib\Models\TuringMachine\Subroutines\Internal\CopyOutput.ilean.hash
3F475F8D18AE9BA099385EDBA27E097C162E911CE51F06482FA979C38E3CB345	12688	Complexitylib\Models\TuringMachine\Subroutines\Internal\CopyOutput.ir
218D28B58BBD8803AD0B1072D276F0E20FA1506D18D0920D22542386442DAE6C	16	Complexitylib\Models\TuringMachine\Subroutines\Internal\CopyOutput.ir.hash
8EDA82C96C7B36D37FF14CD897FEC521B872E987149A0855308E8C7BFD17F177	176	Complexitylib\Models\TuringMachine\Subroutines\Internal\CopyOutput.ir.sig
9A7AFC128E5401BB36CE27CD863B6CF7B28E63478BB5C506AFF484D120E79900	16	Complexitylib\Models\TuringMachine\Subroutines\Internal\CopyOutput.ir.sig.hash
310012F046EBBCFE2B36E4689635BB2DFA15D8F7275AC7BCCAC9E04692B7D33C	30432	Complexitylib\Models\TuringMachine\Subroutines\Internal\CopyOutput.olean
6641885B9BA024A092C227F0C7E36BC61E52E50171681D8D477FB9F6CD654050	16	Complexitylib\Models\TuringMachine\Subroutines\Internal\CopyOutput.olean.hash
9FBDD9CEC7219878925EEB55109C8C4AF2A3734C7E4DD15845EDE5F44998BCE1	376424	Complexitylib\Models\TuringMachine\Subroutines\Internal\CopyOutput.olean.private
D11172265CB36EA0F4CC2DD20EB47330CF2F4AF6601D7BE25D17E66D08519707	16	Complexitylib\Models\TuringMachine\Subroutines\Internal\CopyOutput.olean.private.hash
99B371CA04F8AF1896A48557296234AED2E0F00D34C049108E4F28493F00F8F8	2736	Complexitylib\Models\TuringMachine\Subroutines\Internal\CopyOutput.olean.server
0063D31EEAF2C39A57CC95E83CE108DAA7D7B39592C27696211D67528BD197C2	16	Complexitylib\Models\TuringMachine\Subroutines\Internal\CopyOutput.olean.server.hash
50691B606DAD08E03CC58F06B1B961ACE712AFA261415EE64777FE1D99553275	4153	Complexitylib\Models\TuringMachine\Subroutines\Internal\CopyOutput.trace
C5F16536166F34D445F4BF1F2AE007735EF3571F5B85C260216B4F385E3E5AB6	72416	Complexitylib\Models\TuringMachine\Subroutines\Internal\CopyWorkOutput.ilean
609F5C4C59F322B97B67B253C9120D76E0748B270AE03D6A348B2FFE4B46E9A1	16	Complexitylib\Models\TuringMachine\Subroutines\Internal\CopyWorkOutput.ilean.hash
0788625050EDD1EA1727544D4F8764A42AEF2EDB88A3538C928DEDEAC0509F63	14784	Complexitylib\Models\TuringMachine\Subroutines\Internal\CopyWorkOutput.ir
FBA93053A352DA889EE1F4FD11188CE0E75C193F62D02C349A83749A5E524062	16	Complexitylib\Models\TuringMachine\Subroutines\Internal\CopyWorkOutput.ir.hash
B1AEEA4E434A6D46BB377856C89EF97252ED24973057B8B3623788112F13DC65	176	Complexitylib\Models\TuringMachine\Subroutines\Internal\CopyWorkOutput.ir.sig
82E18ACE45166E4E032C6DE61D8208C772F1370D3BD974BA6D659672594451AB	16	Complexitylib\Models\TuringMachine\Subroutines\Internal\CopyWorkOutput.ir.sig.hash
25E93DD0EEFD58BAACC58D8D9CF2991CA552220D46C168866085ACC98918D7EB	62440	Complexitylib\Models\TuringMachine\Subroutines\Internal\CopyWorkOutput.olean
2723EDEBA26D440521BF52B190A025ECF3927DDEAA2E41AEA139D4944E04B811	16	Complexitylib\Models\TuringMachine\Subroutines\Internal\CopyWorkOutput.olean.hash
FAF8BC3B78AF493D952ECB03E5F7849F211734F2952FCEFC9615A8D55A16F67E	599920	Complexitylib\Models\TuringMachine\Subroutines\Internal\CopyWorkOutput.olean.private
CBCE5739BB0D3E5696E69A22C32FB7A37CC0D747276AF8BA671DE1EC9ED5EF87	16	Complexitylib\Models\TuringMachine\Subroutines\Internal\CopyWorkOutput.olean.private.hash
4FBB28587919B752F6322EEC6689F0725990E3A0A72E971EBDF9C45FE5A50A78	5560	Complexitylib\Models\TuringMachine\Subroutines\Internal\CopyWorkOutput.olean.server
5B78DCF3275DB3814E4099975927A2ED28F1EF121E68B79959D84FA53796D943	16	Complexitylib\Models\TuringMachine\Subroutines\Internal\CopyWorkOutput.olean.server.hash
BB4316A3B972356BB995ED2912729D8097079F0334E8DB17C85AF86020A3F614	4388	Complexitylib\Models\TuringMachine\Subroutines\Internal\CopyWorkOutput.trace
4E6D6FC20A5CEB4F61B2FF63C630F2A43C510F8AFBE824385B97BF20AF434D38	11140	Complexitylib\Models\TuringMachine\Subroutines\MoveLeftStep.ilean
655BE989C7DF5B3D8AEE9C80E787DD756291FFA70B9CDE53528268028021E9A0	16	Complexitylib\Models\TuringMachine\Subroutines\MoveLeftStep.ilean.hash
727E37C2246E82278ADB2884613494AE516F4A3614ED358D2B24B42B59CC7150	12832	Complexitylib\Models\TuringMachine\Subroutines\MoveLeftStep.ir
36598DB5B808993C8384E8FE8176555586933B21699A124A8B6EE2F9F41750E2	16	Complexitylib\Models\TuringMachine\Subroutines\MoveLeftStep.ir.hash
D37A84790BF2452921BA15D69D65425DC3F69AD83AE1FF9E36061FE7D673CDBA	176	Complexitylib\Models\TuringMachine\Subroutines\MoveLeftStep.ir.sig
9BFC1568426E296F4D0E79A2B75F5AD5D94AC5DD277223E6D8A74E4C57E921C3	16	Complexitylib\Models\TuringMachine\Subroutines\MoveLeftStep.ir.sig.hash
6818A89A80BFE4C6958771B9CABB9172C61E973E6AB2F8BBCF0CA56B223525D9	26384	Complexitylib\Models\TuringMachine\Subroutines\MoveLeftStep.olean
6099CBFC574780BA95ABC691727177E475B407DEA9405B5C34B5C967C9F3464E	16	Complexitylib\Models\TuringMachine\Subroutines\MoveLeftStep.olean.hash
6FCBDE70B362393CD47B78C4D87799062FB3BBEEF90D59777E96253965D8F672	152984	Complexitylib\Models\TuringMachine\Subroutines\MoveLeftStep.olean.private
7CEBF156381468A0167341BE6FDE769F5552109E3A2A354AA72267A90BED2204	16	Complexitylib\Models\TuringMachine\Subroutines\MoveLeftStep.olean.private.hash
7606F7C481D73B9C6B9B95B454427A0BF3DE6E1ED8568B0C92C24D4993A55C76	3152	Complexitylib\Models\TuringMachine\Subroutines\MoveLeftStep.olean.server
D752DC72A2EC037D6C54E219A9308425F320A60D933E28263CF22130EEFDC2FE	16	Complexitylib\Models\TuringMachine\Subroutines\MoveLeftStep.olean.server.hash
02536613D0414812E77520B5C8F672F07B747A2D46993D28D62E8B43F1700C39	3660	Complexitylib\Models\TuringMachine\Subroutines\MoveLeftStep.trace
FA5BEF1FA8346759792477CD1CE330115287427FEBC0ECE4004D6E0F0EEC7A05	8137	Complexitylib\Models\TuringMachine\Subroutines\PairEmit.ilean
A81B4EA0783C192E887FF61ADB8092937ACF413EF0DB5591C730C6FC73D73637	16	Complexitylib\Models\TuringMachine\Subroutines\PairEmit.ilean.hash
E7EEE7CEAD7FDF17E7EB7BD92545FE8DBA6894F73AC4AFF4843AEEB42ADFE3D4	1856	Complexitylib\Models\TuringMachine\Subroutines\PairEmit.ir
7629408BD715336B20D94C8A588D8C35EF7BB67AB6E82B904C5B2BD39860B821	16	Complexitylib\Models\TuringMachine\Subroutines\PairEmit.ir.hash
6D4D6F541F7D85B9D9140B1897B2B274A1C89B5CB7E9DECAE5677259C24AF0BC	176	Complexitylib\Models\TuringMachine\Subroutines\PairEmit.ir.sig
CE78CEA485CFA88DE99EF99E9B6FA3593E26774FF44665D848FC57C7461ADCC5	16	Complexitylib\Models\TuringMachine\Subroutines\PairEmit.ir.sig.hash
F0C874C5B87235D110D89924D9DC03F5472AC7AFB5C8AA0CA6168446600A569D	19376	Complexitylib\Models\TuringMachine\Subroutines\PairEmit.olean
65F10EFC24E2850E48F6317B6FC7D41417EC4534D00CBCBDE1D9FF0B38B6D4EE	16	Complexitylib\Models\TuringMachine\Subroutines\PairEmit.olean.hash
5DC10755F7832BC7B3E502433355547C865395A6942EE5AFECAB662ABF303A13	3160	Complexitylib\Models\TuringMachine\Subroutines\PairEmit.olean.private
3722F9821BABD22E887545CC49C3DD766B1B28E2DC4559229822275435B25ECB	16	Complexitylib\Models\TuringMachine\Subroutines\PairEmit.olean.private.hash
7E50D8E115FC4C11CB69396D32FCD6CAB8D18488B129649B305960ECAE06F232	2288	Complexitylib\Models\TuringMachine\Subroutines\PairEmit.olean.server
B2A901CB8A3368DA0A492E58F7612D131E2B06C159BA008DB64E36D42AF23E47	16	Complexitylib\Models\TuringMachine\Subroutines\PairEmit.olean.server.hash
21FB7A3E15A5D3C3D0D8E57AF8D94B145C9923F3987AFCC147C9B48CDE38A317	3887	Complexitylib\Models\TuringMachine\Subroutines\PairEmit.trace
648BA5B29AFF3F345248B3DA3DC61D491FAA8C89DB7FA060F2326F8C6EB3718F	12157	Complexitylib\Models\TuringMachine\Subroutines\PairEmit\Defs.ilean
4840B76E92731758382C9FB6F28B653B1B1101E64481B27A6EBAE5B7D18CD647	16	Complexitylib\Models\TuringMachine\Subroutines\PairEmit\Defs.ilean.hash
80C0CE9362C74971E16F3400A7C6EF99DE875D3441363A1AF4BE21F3D5CC4F8F	33424	Complexitylib\Models\TuringMachine\Subroutines\PairEmit\Defs.ir
8A8F7E719EBBF01AA9BC262C5958A9FCE21AFC4FAA8A04C14C359277308E1E10	16	Complexitylib\Models\TuringMachine\Subroutines\PairEmit\Defs.ir.hash
602AC478907868B084D006564ADFDC7C58046BCCEF04CB8495EB24ABE07A6BCB	176	Complexitylib\Models\TuringMachine\Subroutines\PairEmit\Defs.ir.sig
D8086848CBF5FED49AD4305384EBFC72C743BD25720FAF6B50D54CEF80790217	16	Complexitylib\Models\TuringMachine\Subroutines\PairEmit\Defs.ir.sig.hash
3DC3FA6677DD6B94EB7E9F144827E2304697FB0DBBC5FB46D035C771211CD7D1	121800	Complexitylib\Models\TuringMachine\Subroutines\PairEmit\Defs.olean
46A87B5D49C7135FF160C541855E841CDD4655C68DE2C42B9022C9206C104338	16	Complexitylib\Models\TuringMachine\Subroutines\PairEmit\Defs.olean.hash
951500893765AB311A32623F7BBC060C3BAD8A5CA979976506B458B682228C22	156448	Complexitylib\Models\TuringMachine\Subroutines\PairEmit\Defs.olean.private
D8345495071A11E80C2DEEBA0F348B23C790FB04416A907620D317007CB06622	16	Complexitylib\Models\TuringMachine\Subroutines\PairEmit\Defs.olean.private.hash
D8E6601B1594FF0CE8B0DA91F9CE4E588DA878A0A9A418F5A491107E0C134C1D	4840	Complexitylib\Models\TuringMachine\Subroutines\PairEmit\Defs.olean.server
F486E7F68A0983C214695DBEDF213D22843EDC5830AC52AAF6B69D62AA42154E	16	Complexitylib\Models\TuringMachine\Subroutines\PairEmit\Defs.olean.server.hash
E7AC6BD5041DA9A5AC8398EE1E991C637D7AFCD6E77A5C1FD0B88329CB429DEC	3655	Complexitylib\Models\TuringMachine\Subroutines\PairEmit\Defs.trace
A630FE2FD59CB4318A967DD7400713B9D2F96E3DCEF6A29274FA0CC47037A183	75928	Complexitylib\Models\TuringMachine\Subroutines\PairEmit\Internal.ilean
48A447B0588A76B7593830EFEEE7270D179166622C29AA55645B3BE15D2F6EFD	16	Complexitylib\Models\TuringMachine\Subroutines\PairEmit\Internal.ilean.hash
4E5C4DA311C61E316BCAB22793107E1F1C364E28650A3FFE3328FEBCAF219774	23496	Complexitylib\Models\TuringMachine\Subroutines\PairEmit\Internal.ir
8E22F53880DDC2A0C23C873A74F0CD6B28143C354A9D6A655D977E6FF0A01734	16	Complexitylib\Models\TuringMachine\Subroutines\PairEmit\Internal.ir.hash
C99A63050FDD13B1B452D8866C02D3EF16EF6CBEBDBA5753A5A4296F5A92C61C	176	Complexitylib\Models\TuringMachine\Subroutines\PairEmit\Internal.ir.sig
52322405467ADFEE8E43522633F0BDFCF0C0789866AD0A4C0476EB9357C51968	16	Complexitylib\Models\TuringMachine\Subroutines\PairEmit\Internal.ir.sig.hash
E52C28CBA0C9ED5E3E73F7054595589C12FEB7B46DB29E2194B0DBDD935090F3	64664	Complexitylib\Models\TuringMachine\Subroutines\PairEmit\Internal.olean
40BF3FFC5D33A06AFF2E09F96A216A8C5183B1F174D5A32BA797ECBCA947ADD3	16	Complexitylib\Models\TuringMachine\Subroutines\PairEmit\Internal.olean.hash
03800755571DCB2460E3AA8D9BFD0F50354CB421B1161E2928F6153B469679C4	531616	Complexitylib\Models\TuringMachine\Subroutines\PairEmit\Internal.olean.private
A1FBEE2B6A41AFFCAE6397D3CBA22EF3E5C439F262F2710685DA0BF2FE410AFA	16	Complexitylib\Models\TuringMachine\Subroutines\PairEmit\Internal.olean.private.hash
30A5A990F38215DDDD350EAFDBBBD553C00719094576D84A3506999F6F8EEE43	3488	Complexitylib\Models\TuringMachine\Subroutines\PairEmit\Internal.olean.server
F5222BD8B6706630496128A75839D398761DE7886525059AE94BDB346C5EFDD3	16	Complexitylib\Models\TuringMachine\Subroutines\PairEmit\Internal.olean.server.hash
639AAC2D7A04FCC37274E07DACA32BD7E9ED2CFD3F5A49694F726BAF5B1AA52D	4544	Complexitylib\Models\TuringMachine\Subroutines\PairEmit\Internal.trace
39FB81D6C1B306A4AF1897AA98148A93D17AFFEDEBF797DAB374D8E9CA4CAB5F	9880	Complexitylib\Models\TuringMachine\Subroutines\ParkAll.ilean
AD962F79B75E55ED31875D7B573B9CFD32205113E214296FF3B7FC66B6B1C650	16	Complexitylib\Models\TuringMachine\Subroutines\ParkAll.ilean.hash
DA81BEF6FA0FE3A35763FD86D832A76DF64FD30CF51334829141ABDE85BADD33	1864	Complexitylib\Models\TuringMachine\Subroutines\ParkAll.ir
DDA1FEA8CAD386DF12B6E119CDA32012BEBC996ADA0633CA6BAC11845249A4AB	16	Complexitylib\Models\TuringMachine\Subroutines\ParkAll.ir.hash
3233DD4AC5871BD89B4452FFA4200E9B453F84678ACB92BFFAF7A4333A229EFF	176	Complexitylib\Models\TuringMachine\Subroutines\ParkAll.ir.sig
7D796875B7A5D5C2048A955D4477148EAACA843017BC53A74BAE25B83914DE97	16	Complexitylib\Models\TuringMachine\Subroutines\ParkAll.ir.sig.hash
06CD9D9254F0C8E3CE45AD0667EEFB064B32A7E0070C577498B941E7468D0D1A	13088	Complexitylib\Models\TuringMachine\Subroutines\ParkAll.olean
40304BE058F7AE444EDFBD00A8ABC852DFA0E017D7CDBBB61BD8F20BC2DA0E2F	16	Complexitylib\Models\TuringMachine\Subroutines\ParkAll.olean.hash
C3D160DC429BA98708C2DD373E6D832A4C832820B57B31F4AA975B2B2DA5D540	124272	Complexitylib\Models\TuringMachine\Subroutines\ParkAll.olean.private
92F9BBE6942DB38F709459620E56E0A2FD3AD64CFEE88E094461F47E9C0A50CE	16	Complexitylib\Models\TuringMachine\Subroutines\ParkAll.olean.private.hash
D48D59FA9497CE05D2D73BF19BC074D8D5936EACF592363C7958BB9A5544B1A8	2776	Complexitylib\Models\TuringMachine\Subroutines\ParkAll.olean.server
C3B2295A17ACC718448EC2AF7A58D87F3762EE837E070E4CD84FA7B9FD1364B6	16	Complexitylib\Models\TuringMachine\Subroutines\ParkAll.olean.server.hash
8E5F56FBDCC594FF38637CF85A3C5972BB7C7FD6E06EEEE6EB04AF2E418C1375	3862	Complexitylib\Models\TuringMachine\Subroutines\ParkAll.trace
1E1B0CE56FD13231FD703F1EE34A2E67D79487419DDB92FAE9EB4FAFDDFDBD0E	26683	Complexitylib\Models\TuringMachine\Subroutines\ResetTapes.ilean
2B88120D77D4DD8932DCA0FBDC24D8677432BCD0C311314B28BBA2F80EB91AE2	16	Complexitylib\Models\TuringMachine\Subroutines\ResetTapes.ilean.hash
E84CD9BB964283C164607AB9377A5A50D59EA6C5396B8A3258FCCB4EB7C38BCD	7696	Complexitylib\Models\TuringMachine\Subroutines\ResetTapes.ir
0740D4538AB7863E4D5A8AF15399E21BB660C641A59CE995088B89F945B27BF1	16	Complexitylib\Models\TuringMachine\Subroutines\ResetTapes.ir.hash
43F72721D468EE4281B4536DABA0F07736176EEFFBF429EBBB38D9AB509DF9E2	176	Complexitylib\Models\TuringMachine\Subroutines\ResetTapes.ir.sig
57AF5517B0493410BCE846E8DBAA078C27AF655845F327A5A8CD0017B90F7C1C	16	Complexitylib\Models\TuringMachine\Subroutines\ResetTapes.ir.sig.hash
FDB83A7ECBF7210E16E9B1D93E377FB62EA8D9B20A2C59CFC3BD7A71ECA6210B	33728	Complexitylib\Models\TuringMachine\Subroutines\ResetTapes.olean
921A00988D95BE5A6C29F5C276871A9CCE49C6A8112330DEB25FC91063FF973A	16	Complexitylib\Models\TuringMachine\Subroutines\ResetTapes.olean.hash
AC94752078EF943D5C1A8912159211041018B5E2B233743CC72FFF79BA6DC0D2	517472	Complexitylib\Models\TuringMachine\Subroutines\ResetTapes.olean.private
40107B772F76935E6D36F2255EA294C11C768107034796A4F1BA19AB51928089	16	Complexitylib\Models\TuringMachine\Subroutines\ResetTapes.olean.private.hash
910BF5E992573A71CD79BA232323D7FF545DEAC752697C75D13D8F8ABD93E29D	3800	Complexitylib\Models\TuringMachine\Subroutines\ResetTapes.olean.server
ECBD12E42E6F89C98330E103C4B0502DE6595B7681490C18D602CCFC312B70D8	16	Complexitylib\Models\TuringMachine\Subroutines\ResetTapes.olean.server.hash
235876A54478D2A591822088F67A36DFDDB1937475D4669C047A8761FCECEB4B	3877	Complexitylib\Models\TuringMachine\Subroutines\ResetTapes.trace
E60633059DAB5256147188AC5BD931003D66B98CB6F1483AD400D2A87E004C68	13685	Complexitylib\Models\TuringMachine\Subroutines\RewindList.ilean
9CFFF6C225CE4F19BE7B8004EA21C8C47B109B29C92123C0636539CBFC5834F3	16	Complexitylib\Models\TuringMachine\Subroutines\RewindList.ilean.hash
23B32B9153E7BFADC6C86A97F35857B41AD1704F210707A0977B1F48FE27A964	5936	Complexitylib\Models\TuringMachine\Subroutines\RewindList.ir
573CB32AD30617FAE8CFC698A0FF4D716D3E1C03F4A4001105BDB02959720F9E	16	Complexitylib\Models\TuringMachine\Subroutines\RewindList.ir.hash
1BA727E269E78AF14DE76992EDB83066D0890E4DC3426462056DF922FF450977	176	Complexitylib\Models\TuringMachine\Subroutines\RewindList.ir.sig
DF2C0015ABDC886DA7540F74D7AF12FC7377647D6BC1B971D4EDE78EC763D96F	16	Complexitylib\Models\TuringMachine\Subroutines\RewindList.ir.sig.hash
1E6C8480691895BD58B6F79924E2B48EED9FAAA8D9A6DB8464821EB80CC6E8E4	43464	Complexitylib\Models\TuringMachine\Subroutines\RewindList.olean
DC314FFCD0EF61922353B5A41A6A8724E111BD769494BEC5F76AEF6569C0FC16	16	Complexitylib\Models\TuringMachine\Subroutines\RewindList.olean.hash
68EBAC2A7820C649791FCBBC61F76168EDC9DA02EF34E295EA2D655D4409CA73	277072	Complexitylib\Models\TuringMachine\Subroutines\RewindList.olean.private
0059EFDFA6BB6117741AC9134E1867EBD539C6B30C86C429521B788B6FE1533A	16	Complexitylib\Models\TuringMachine\Subroutines\RewindList.olean.private.hash
963B4C05CA47E2121064A7E5D6545AA10F4124DFA30F5D41C5EAB6EB46FC319D	2128	Complexitylib\Models\TuringMachine\Subroutines\RewindList.olean.server
F4A98546AA3FFB11A9D0E551B7D00982781FCB41D2CFF1581A41204753F49040	16	Complexitylib\Models\TuringMachine\Subroutines\RewindList.olean.server.hash
BC8126972A39056BC5F91084E3F2EC40B2B7EDFE2005F42585C13BC8F24B40AD	4215	Complexitylib\Models\TuringMachine\Subroutines\RewindList.trace
E924C958B2D0EAA9316031675D28C02258FD057CA65D7DFD875AD5AF36C7F2B0	1774	Complexitylib\Models\TuringMachine\Subroutines\UnaryLength.ilean
6C8B4CAD8C0ECF2C6FB3C45FA326E1CB29CBA610ADF033D8580BB92A69548303	16	Complexitylib\Models\TuringMachine\Subroutines\UnaryLength.ilean.hash
DBC5F4D8E57A498E21A2CD7B644E6D0A83773EB44483F1A9C354A267F93BD6D6	1856	Complexitylib\Models\TuringMachine\Subroutines\UnaryLength.ir
0487E6D05A16B18F819047CC82A5FF2925A8BB3A673C230517F0D6DB7FB691D8	16	Complexitylib\Models\TuringMachine\Subroutines\UnaryLength.ir.hash
94C7D5563C1870033F558B670701B50381A46F0BFD94ED02FDCAEF4E58AB8CEB	176	Complexitylib\Models\TuringMachine\Subroutines\UnaryLength.ir.sig
78687F7CEC350CEAD46E5A4CBA560D8F14EAEDD95CFECA30448D8B101AF4DC99	16	Complexitylib\Models\TuringMachine\Subroutines\UnaryLength.ir.sig.hash
AA8204075149DF4240DD5EF82D01FB8B747891985917C9912B7D9BF4F2BFFDD4	6976	Complexitylib\Models\TuringMachine\Subroutines\UnaryLength.olean
1BC53F939CD27DDD4D9C05745CF95BB9DB32F8EA170D97B32DBB975B5F2B2205	16	Complexitylib\Models\TuringMachine\Subroutines\UnaryLength.olean.hash
7DB1AD6F2B5C079277DF1FABE502222B671EBDE1F20BCDE55D0D208BA47BA57B	1368	Complexitylib\Models\TuringMachine\Subroutines\UnaryLength.olean.private
2FE6A1852D1714F99FC92FF01359765D4F394D02367E11AA2FB55233D75FE5DC	16	Complexitylib\Models\TuringMachine\Subroutines\UnaryLength.olean.private.hash
F2EEDB537EDBD43ACD02A469EDB05D92E330559A706CAE604D287D59195DA850	1704	Complexitylib\Models\TuringMachine\Subroutines\UnaryLength.olean.server
60D233A6EBBB4CD07BFE90983B5044F806E73D122F01668943FEDB86A12F271D	16	Complexitylib\Models\TuringMachine\Subroutines\UnaryLength.olean.server.hash
9D22ABC556FCCFD50DEDF41002B0A090AEDEF2415D560FA3595BED7E9065D0A6	3920	Complexitylib\Models\TuringMachine\Subroutines\UnaryLength.trace
488D1D3FA8754DAD1253D47FD4673BFF9B3BEA7D2E7039CAD50C1D144244479C	5480	Complexitylib\Models\TuringMachine\Subroutines\UnaryLength\Defs.ilean
D4577DA12A2AB1C494A639553BE49BC6C7EB861188CDD8F8AF7EC5037BB35BC6	16	Complexitylib\Models\TuringMachine\Subroutines\UnaryLength\Defs.ilean.hash
553AAB43301EC9A7CC190D7189B2B6C67A46C2537290ABCB7021A335851FC9F0	17208	Complexitylib\Models\TuringMachine\Subroutines\UnaryLength\Defs.ir
0D1E0DC84169B49B74495BEB085E353227D09F13B7DB4A6B2C29E22363DDA118	16	Complexitylib\Models\TuringMachine\Subroutines\UnaryLength\Defs.ir.hash
D7DBD0094966B04BB4B30325203A78CDA2A258BF7E10E9DAE21DB69BAC359E4A	176	Complexitylib\Models\TuringMachine\Subroutines\UnaryLength\Defs.ir.sig
209C6D4F61B8669CBD1F327B110F656A7CA42E3F4448BC8103A8326240430006	16	Complexitylib\Models\TuringMachine\Subroutines\UnaryLength\Defs.ir.sig.hash
1924CCB4966655D31737F250AAB87D65397088DC515EA39CBFE08AB99F51B235	61096	Complexitylib\Models\TuringMachine\Subroutines\UnaryLength\Defs.olean
E64F9E278D5CE634FA89BA744B9F864E7FB30FF2ECBAA10CB102CA5A1D72361B	16	Complexitylib\Models\TuringMachine\Subroutines\UnaryLength\Defs.olean.hash
889603BA1AD3F852DAAEB3E7DF7EE23C15E097087412C0F932B1E116846C1E76	65056	Complexitylib\Models\TuringMachine\Subroutines\UnaryLength\Defs.olean.private
2CD686856D7164F18AEB9D967CD423E4D03B113B9DBE79420E84471767B7AF0E	16	Complexitylib\Models\TuringMachine\Subroutines\UnaryLength\Defs.olean.private.hash
692D9CF3CA55D15DB74818C14C1AEFBA90F5004F877793DDC4A0494EAE49A5FF	3056	Complexitylib\Models\TuringMachine\Subroutines\UnaryLength\Defs.olean.server
094D55964C46C97FC3E85EEB39CECAEDF1EB4200685D3C632E7BF53E08BADD0A	16	Complexitylib\Models\TuringMachine\Subroutines\UnaryLength\Defs.olean.server.hash
F0DC46B06326D35CF5216E2B4557D4B500132A2FEA571FDBC70546AED4FBEA31	3676	Complexitylib\Models\TuringMachine\Subroutines\UnaryLength\Defs.trace
E4C6138E613ECA928C5D45D08B1BA3BCDFC9124713C7A7524D5F32CE9C9935A3	34610	Complexitylib\Models\TuringMachine\Subroutines\UnaryLength\Internal.ilean
F21D821791ED44FDF6E432620CB2C0B4B84A529003305CE23AE8D79CB2228FBD	16	Complexitylib\Models\TuringMachine\Subroutines\UnaryLength\Internal.ilean.hash
B0010C39DF491C94A924C338E83A2F1DE733851591BA31CDD2BD413DC150083D	12752	Complexitylib\Models\TuringMachine\Subroutines\UnaryLength\Internal.ir
B2DBEEAB21D1A009AB02C39E5C62FA8C7FB9412643D4434E0DB0EAC1E4A10045	16	Complexitylib\Models\TuringMachine\Subroutines\UnaryLength\Internal.ir.hash
E737849E1AB2B44077295E28247B913124237AC8939F6EE0B44E073F416C8DB2	176	Complexitylib\Models\TuringMachine\Subroutines\UnaryLength\Internal.ir.sig
D516C4F23CBB3C2814FFFB6B1757C9FBA4B52C2D3F5C7BD4DDF4CE8EE4A506C0	16	Complexitylib\Models\TuringMachine\Subroutines\UnaryLength\Internal.ir.sig.hash
5C05E279B990FCD613656975C4347633D15272645032749F1C112ED941D19B6A	30752	Complexitylib\Models\TuringMachine\Subroutines\UnaryLength\Internal.olean
378830808CD24C57D8CB8AA7B51896CF474F1139506F6C804B365CBA48D78571	16	Complexitylib\Models\TuringMachine\Subroutines\UnaryLength\Internal.olean.hash
78B64F78D68EC1B73C3CF407F9B62A8D8976BC934D93DDBBF7800C751E9BEC68	347184	Complexitylib\Models\TuringMachine\Subroutines\UnaryLength\Internal.olean.private
76057DB543801799B2146EBE3C0FF509CAF7E742D3E0FA6EFE28C12AA81CDAA1	16	Complexitylib\Models\TuringMachine\Subroutines\UnaryLength\Internal.olean.private.hash
B526031BA8685876FC143C9E7936C326DAFC979CF6FBBF5282B0EABB8C7A5804	2288	Complexitylib\Models\TuringMachine\Subroutines\UnaryLength\Internal.olean.server
F5468A04A8A73714D7C5897062B7494C8B8EAE6F211530AC828FACF791483C55	16	Complexitylib\Models\TuringMachine\Subroutines\UnaryLength\Internal.olean.server.hash
595EA83A898017C26292B8CF19D68388E4EA03A702CF07D93A5BA149BBED9E92	4194	Complexitylib\Models\TuringMachine\Subroutines\UnaryLength\Internal.trace
1037A2EF35FB7EE191F41C6D609686C0AEB1BA3CA4CDC08E8CD4B732CDDF4C09	24393	Complexitylib\Models\TuringMachine\Subroutines\WipeLoop.ilean
FB6C5F881A3C3DBE6494281908CBA9883E5474649AB6B5F11B467F03B4CE5F8D	16	Complexitylib\Models\TuringMachine\Subroutines\WipeLoop.ilean.hash
5A6E6DF87B1F9C27DE0B479C38F75C819C7BC00C32669A52A4C619F621008FB0	4192	Complexitylib\Models\TuringMachine\Subroutines\WipeLoop.ir
EA3FDFE45B73BBBB0F97103A463D04BD029E3480484482C1CB4F9E446E61FBD1	16	Complexitylib\Models\TuringMachine\Subroutines\WipeLoop.ir.hash
9A49CCED7F89EDF3C7578E56CFE47EE570D2F6D78A4427711C99A98EFF948BF4	176	Complexitylib\Models\TuringMachine\Subroutines\WipeLoop.ir.sig
FFC22832F4FAE0033EF5E650E62966AAA117FFC73290DA9681E6647BD41F4249	16	Complexitylib\Models\TuringMachine\Subroutines\WipeLoop.ir.sig.hash
F6824687D2085D38177AE3621F6384DAC70101B1093E4CC209196DB7A4040C42	33552	Complexitylib\Models\TuringMachine\Subroutines\WipeLoop.olean
BF0F5D6C84F01D54D537E4C9A09ECACF6615A6CB52C52E181031DAF9978207F9	16	Complexitylib\Models\TuringMachine\Subroutines\WipeLoop.olean.hash
8C43758A506127A8E5352FC181265CB838E5D80D8DD4013EE95211E783EC32F6	450128	Complexitylib\Models\TuringMachine\Subroutines\WipeLoop.olean.private
2CE68BCE695CDC41BE11411D6F7A903564642C693F213A4F2F27E30AF5FABF82	16	Complexitylib\Models\TuringMachine\Subroutines\WipeLoop.olean.private.hash
B51EA1CD9509A9BABF6627A78FC3856BF0C523CF7F74766FD513E26DB22E3EDC	6512	Complexitylib\Models\TuringMachine\Subroutines\WipeLoop.olean.server
37E1B3C1C60D32B0288F8B313B88992CBDFF68F9CAF889FDA0669E0770E43DE6	16	Complexitylib\Models\TuringMachine\Subroutines\WipeLoop.olean.server.hash
4568E51FAD14081DF83D5F9648E3EEBC78F18DD7B1E75035F630354DF01FB01A	3851	Complexitylib\Models\TuringMachine\Subroutines\WipeLoop.trace
962C438609712B078C921DE3CA56B9E9D075D84225B41D50E42A05D00D01F4FC	9704	Complexitylib\Models\TuringMachine\Subroutines\WipeStep.ilean
C174CE883ADDADB36C60F141F24DAF1C49CC47FF5DDC18994D4751ECABEAB11E	16	Complexitylib\Models\TuringMachine\Subroutines\WipeStep.ilean.hash
C57EECBC9D617D8E3D2789BFCFA9452F2E5CE4B838FEABA43D57A51B305B2B81	19248	Complexitylib\Models\TuringMachine\Subroutines\WipeStep.ir
F5D5DEF9D9060B64B166842BF2A9C7CD87A9525AFC6F9E0ED7CBB242568A8E83	16	Complexitylib\Models\TuringMachine\Subroutines\WipeStep.ir.hash
81834FD5F239EB67FF43684CD0C827452074FF9787FB6D431B72E72CEFBC1304	176	Complexitylib\Models\TuringMachine\Subroutines\WipeStep.ir.sig
40958F4A460FD727922CBF4BFBD63C69DA55B78A78B0D8A262839443EFFB0327	16	Complexitylib\Models\TuringMachine\Subroutines\WipeStep.ir.sig.hash
AC6271C3F5AB2825CC8E5AFBDAF2558A322697426406D8348A9EDF3CCCE62D55	65760	Complexitylib\Models\TuringMachine\Subroutines\WipeStep.olean
D52F9670783C360820ED36CF5CABFB8A539D5B5126591586E1342DAEECB02FE2	16	Complexitylib\Models\TuringMachine\Subroutines\WipeStep.olean.hash
2DFF102CFDC0AAA2B2ACB95B05851D5C9ED060B597572F7F1FCC2FE1CC6EC3EE	143336	Complexitylib\Models\TuringMachine\Subroutines\WipeStep.olean.private
7F7386A0EAF21218C96CBF549D9F2CC43116BB87B0EB9D29DFA9BA0199F069AD	16	Complexitylib\Models\TuringMachine\Subroutines\WipeStep.olean.private.hash
E62113261E89235F4370086B3395320F7BE1E0BF843B1A8A031887EECF925187	4296	Complexitylib\Models\TuringMachine\Subroutines\WipeStep.olean.server
54E4B6304D061A25CA21D4B929AA60F6F898F092C0E30AD338A0B0C5981FC720	16	Complexitylib\Models\TuringMachine\Subroutines\WipeStep.olean.server.hash
C1238DB7DDA062248D5BBB91900D7BD99241A9EADF9D4A3A410C90D85C5BB585	3602	Complexitylib\Models\TuringMachine\Subroutines\WipeStep.trace
677D209C2BB6CCD6576DF737FF53C96BAEB5927E42D5C4703BFABF825C431466	42258	Complexitylib\Models\TuringMachine\Tape\Encoding.ilean
D71AF99B90754130FCA11DC0AA4E9466EFA98275CB5186FA5E0FE115C1F0DFD8	16	Complexitylib\Models\TuringMachine\Tape\Encoding.ilean.hash
338194A31D40304C4318C355B452676A3F0A501CD4E7DD0CAFFB17FC28D3CB36	1512	Complexitylib\Models\TuringMachine\Tape\Encoding.ir
4881A5145F6A0FC1BCDCE7B6914F1DB6D4E482D7B6A4F9A9E143D8B0D2A7A37E	16	Complexitylib\Models\TuringMachine\Tape\Encoding.ir.hash
202528D725B2CCE0AC6D01A3F2F4B79095DB6B761D5AA77BA029F211BEF51CFB	176	Complexitylib\Models\TuringMachine\Tape\Encoding.ir.sig
CA22CF9455008AD046C3F0D8BF70C257E0DCBF7E90D88B4D2ECB608382A82F6F	16	Complexitylib\Models\TuringMachine\Tape\Encoding.ir.sig.hash
A432814D962AFD253BA1FDCA5B3F6755A68A10B9645A18D4C880D1BDA8E49819	41680	Complexitylib\Models\TuringMachine\Tape\Encoding.olean
F52604AA2A4A9EC24CCDC74F5B01271379A58D75C6B8A6D1B3649641AE8E9363	16	Complexitylib\Models\TuringMachine\Tape\Encoding.olean.hash
84060277DCCA75998720B1EC29BB5D2D2F47CB42E6EA9B54381EB70E9B1FE669	329792	Complexitylib\Models\TuringMachine\Tape\Encoding.olean.private
8B24EB62AB5909F85E913FFB011662623005DE3EE7446459A5E7A4FC6A254A91	16	Complexitylib\Models\TuringMachine\Tape\Encoding.olean.private.hash
1B21E59B504EC5D80164FC0E2B5AE63CE2E1B50ED20099FB72FC15837E9EA226	14480	Complexitylib\Models\TuringMachine\Tape\Encoding.olean.server
C85B3EB2355C018BDDA1D9C84C0A6220EE5414F9691556FF905BB83B727C8E79	16	Complexitylib\Models\TuringMachine\Tape\Encoding.olean.server.hash
F550F7D9EBDB513AD883816CC46320BBA60F6F259DA15B383667331A746B9C1D	3534	Complexitylib\Models\TuringMachine\Tape\Encoding.trace
831A831F95002D5B689753E3D3593ACD7CAD0CB040613C38F5A0A1AA2EB06D04	21116	Complexitylib\SAT\Encoding.ilean
4A7EC28660C8ED4BF6EAC29DEC8A9876C7E28780AD9E360BA3E5E179A3F18619	16	Complexitylib\SAT\Encoding.ilean.hash
83097B5F5C8C782B33261C552147B31E0C2FB8C2618E905D0A31C376599BD869	11816	Complexitylib\SAT\Encoding.ir
66FA66D47560651C164C983B0CE9A929EDB01D8B1EB918C73CB68BD30CDA06D2	16	Complexitylib\SAT\Encoding.ir.hash
D206333BA2B866ADC2653A96AAFCEBC689D7F4DC35FE55A1BF7D68B60E9418E8	176	Complexitylib\SAT\Encoding.ir.sig
F6B1582C1D4B9D73D32CC93344AD09C7031CA1C187D133E06B851D4ECC595362	16	Complexitylib\SAT\Encoding.ir.sig.hash
133DB6DAF2760B70A0C31C3A8157179552832AC757DA4907B74D5B549B862BD1	51968	Complexitylib\SAT\Encoding.olean
BEC19752740664FE29CF3B5F6F662A8D9593F25F93A2C2AFC9F1A8991A93874E	16	Complexitylib\SAT\Encoding.olean.hash
67116DD4B2A4EC11E5A4032E5761B5E03B6F9F96909AC18EA7C4031B6A64F6A9	234064	Complexitylib\SAT\Encoding.olean.private
909B1C5B135A20400EAF6CD381C851267721E1CDAAD015A6CF56833EAE88959B	16	Complexitylib\SAT\Encoding.olean.private.hash
D294E50B012C1161FB3F69A30C787A5216E6A619EEDAA36E7AEB726810993C0C	13192	Complexitylib\SAT\Encoding.olean.server
7115CFC0396AAAAC8EDD054792834570D97D4148127B02E4BFD5BF8E72D2E580	16	Complexitylib\SAT\Encoding.olean.server.hash
25F80FEB1C2250A74C5153FCF3B51D55E982DEE01A563F9C617B5F3B56D93AD6	3513	Complexitylib\SAT\Encoding.trace
2E468CC2C3C1A7C41D142AFDF287A4C71DD23EA03F0885C1C882CAFD72ACFB8D	7678	Complexitylib\SAT\Language.ilean
0DAB6CE5186AB90D87B82A8CB46A6336A9F8D533B3636CF0E50A582DF57AC534	16	Complexitylib\SAT\Language.ilean.hash
1B8E184D2EA6F0C1CB34101963942210A2E9FC80E343A95C7DED4E1A6018248D	1760	Complexitylib\SAT\Language.ir
14AE8E9553370B142D2A19F1238E13342D709D1EFC72092942D7C916B08AD769	16	Complexitylib\SAT\Language.ir.hash
5F27228FD09F7DD33A50D16E68B7B29CCE8CD37DC565CCE6F50E06E4C503B09A	176	Complexitylib\SAT\Language.ir.sig
356DBF7DB81F2285B60D2C33AD83FB90E02380A57C00B543084A3EEEE6C68D1D	16	Complexitylib\SAT\Language.ir.sig.hash
7C9A1AFA54D4980030822F9B3C48FA3057876DB1FE803345C023F259E77E44AB	13920	Complexitylib\SAT\Language.olean
AE6414FC64E175DA1984CFDE3672781199FCAAA69857E94D5D1FD5E9791E7FD1	16	Complexitylib\SAT\Language.olean.hash
610DD4FBDBCA23FC33E00598494E1297130E6691DAD14D6A216A446D51A468AC	46816	Complexitylib\SAT\Language.olean.private
C2C0CE133440C965A9F7277402F34869610359CF7E1F43662EC11A53686C4B22	16	Complexitylib\SAT\Language.olean.private.hash
FC57903E3C85D9AB09D59D464CC6495C87860E8A231A41AD56C6FECBCD0C12BF	5800	Complexitylib\SAT\Language.olean.server
E66CD0B88499582A3E531D955782D0161E3DF51F3B539EA045A0542459F406D9	16	Complexitylib\SAT\Language.olean.server.hash
987CC5454DC44BC90697696D0FA5768EF0ECE1A727797EF20F131D5F9107C6C4	3523	Complexitylib\SAT\Language.trace
DDE9D1BAEB1303F6CE8BAFBB741D1CEAE65958A36A0B79293D6DF9D7824524B1	31492	Complexitylib\SAT\Semantics.ilean
6ABD2CF28398AC6A2C5C1943BBE8AC7B87E2154561EE06273F74EC46BF3DCB51	16	Complexitylib\SAT\Semantics.ilean.hash
23D00BEDB21BCA6CEC46DED48D61625FF22320C5AE14E9884EB24F78E5A0CC16	16376	Complexitylib\SAT\Semantics.ir
93C0390A2015AE18998D1E4985BAB372B51B8BE64B8A4C6FD20CEE77EF1319F3	16	Complexitylib\SAT\Semantics.ir.hash
43E803A96AADACDA3684E64F2F83E1AA712E9F75E1C5C9E68F34DB10E3F34E02	176	Complexitylib\SAT\Semantics.ir.sig
2129C1FD1973C85A41FC89CCF4F431C8E63BCAAD9739576D33E7FA9E080A53DC	16	Complexitylib\SAT\Semantics.ir.sig.hash
7806A5DD1E0F666508E37CC3385C38CD6EFD8A0493365C8AE579AE2C05C05B37	122136	Complexitylib\SAT\Semantics.olean
95816CDDA89155D622999C4454AFC252CBBD0147EFBD4A87AA92603EF8BB57B2	16	Complexitylib\SAT\Semantics.olean.hash
68B8D973509D1663ED8426B63C536E81A661D7267571D32088B02B79989B0732	254440	Complexitylib\SAT\Semantics.olean.private
0272B2712A72759B51986B238382E4D4C7E7B35CC5A75CEDE414C9FEBE396599	16	Complexitylib\SAT\Semantics.olean.private.hash
46D0F6CDCF1B3B1392EAABD8B706FAEFA517F520EBB6C2DE8F5AD75C76460515	17192	Complexitylib\SAT\Semantics.olean.server
6D0D412BCCCA171B9C4A492BF0E93A34E796188491BF8219B86CB7E0FD352FB2	16	Complexitylib\SAT\Semantics.olean.server.hash
5F04A97460F952E4E57D162ED0B6F4457B68A5C4E9BB09216759F9D160CFF86E	4186	Complexitylib\SAT\Semantics.trace
72C143D26F27D5B3154FFA563C69099DB1311CEC810E5B753C4176F6F7F0DBFD	44459	Complexitylib\SAT\Verifier.ilean
CADB8ED9CECAFFCA74FB570977714BBEE5CAFEACED7D64365E184759CBA5CAC4	16	Complexitylib\SAT\Verifier.ilean.hash
EE2BCF9616B719DEF3CABBE7E59BDE8C57F3E2C01D017E9878FF1CAB259E810B	79320	Complexitylib\SAT\Verifier.ir
73448C1D57463D9E1A9407E2A21FF611FBBFE519BCB720A5838B9C0E1BAE48E8	16	Complexitylib\SAT\Verifier.ir.hash
65C75F1F38EAC8B1A03D410760521F1044C78DF974EEDAF3BBAF2508BD2E702E	176	Complexitylib\SAT\Verifier.ir.sig
7F21576E17B5F7FA59726887739653E0B739484AFADD26CE0B9F91CBD0B76868	16	Complexitylib\SAT\Verifier.ir.sig.hash
42D53BADD4DCBE3F76813D1F8B17E13144C8E68325E16C443A16A451A2A8A3AE	260288	Complexitylib\SAT\Verifier.olean
3C66FC408840B2B9BD8C4BC790FCEFB17B3744EC58DC807867DF876719B6315D	16	Complexitylib\SAT\Verifier.olean.hash
988195F251E6528FAFA19622661C87B509F8DE7012DE9461A682BE466D92DC64	395400	Complexitylib\SAT\Verifier.olean.private
DAA3B400A997C647DDD31870910B239A0D1C7E6284935990F9170BFD6EB6E155	16	Complexitylib\SAT\Verifier.olean.private.hash
B14DC24EE3260B89C7573F6B20060A40620B6E504558E10CEEF1AC572C5E0761	16120	Complexitylib\SAT\Verifier.olean.server
C48879378D147C8E2D6D316734A43FC5E6BF2A0C9AEBCED43C688BB09E192708	16	Complexitylib\SAT\Verifier.olean.server.hash
1CA5ED41D70A7E318D7D5EB98DB167E59B5A184BBA58910D2BE4B6C2622DDEED	3349	Complexitylib\SAT\Verifier.trace
565A8BCEF75DF071639A0C601FC2E0AAD58D8163BE040C671F484B6035F41C24	237704	PvNP\RealizableHardness\ActualCloudSoundness.olean
EBECEF02030AFB46F2B6C3FB8BE1CA2B37F78782689DD3E8B7EA8A8EF08E2B2E	353728	PvNP\RealizableHardness\ActualCompactSourceLookup.olean
DD913CA8463BF3641470B5D5203814D7549BB26BDC749E089AB180A584396211	1059512	PvNP\RealizableHardness\ActualEqualityCloud.olean
D0C261685F8D23FD615B3ED0B13C976D1E9EFD306B1933A18B0A848DD68B22BC	442952	PvNP\RealizableHardness\ActualEqualityCloudDegree.olean
B3E143F46FDCF759DE1E5816052AC354C1F3A9ADBDD6677E616CA541A496EDC0	86536	PvNP\RealizableHardness\ActualGadgetRowProducer.olean
BD53DC8DE913B0C7D225CE4AA496A1984FA5A15894B3C288A078A6AE524EDF1C	2672	PvNP\RealizableHardness\ActualGadgetRowProducerChecks.olean
D47CA0D290D16A1E7362C1D2B05F13CD6EC47D56F6386AE467316C1E0C5D7C6E	324424	PvNP\RealizableHardness\ActualGadgetRowProducerGeometry.olean
CC02A35CD6FC28C52A1D322927B7A6061B552C3F0C8C280D3B99AC1528C680E7	181408	PvNP\RealizableHardness\ActualGadgetRowProducerMachine.olean
2A59581F6A09F3BB7F6E5293A2050CE58CF6C92E1CAF747B6D4B1B5D63A95DEE	623744	PvNP\RealizableHardness\ActualGadgetRowProducerRows.olean
6EF6DAF0B177376F958647058EEC171B5E9CAD2C637853946CF2CA283B96EB23	315776	PvNP\RealizableHardness\ActualGraphEdges.olean
653FD7EB40DA96C8A539C7A7653905DDC1A5D1BE4DFF93035C1F5BB2196B6F27	59816	PvNP\RealizableHardness\ActualGraphIncidence.olean
FBE931AA066B5E2CEC7B5639F2668D2E41A0BCE81880B25EF28BAAC3F648FEC3	746544	PvNP\RealizableHardness\ActualOccurrenceAllocation.olean
236E6F1F8753B0315F24041CBE60A7AF0B2469605F917CE5DCACF1ABECD768A1	458416	PvNP\RealizableHardness\ActualOccurrenceCode.olean
A38774E4B9D0272F627E8CCB58C9D7A3F5C1573FBA94E05E371B5AAAE7B39DDE	125576	PvNP\RealizableHardness\ActualOccurrenceCompleteness.olean
EE772ECE842F5A060813B0F03A05ACD49DFAEEDA24543259BBCE74592A1109FE	168600	PvNP\RealizableHardness\ActualOccurrenceCountFP.olean
B24B82683C3E85C30FC46111E25224FE7C977877E03AF403980141F03C953866	421040	PvNP\RealizableHardness\ActualOccurrenceCounts.olean
C943BA4E793AD8388632AB54C91A0DB1D58E2019932A99AB8D44D3027C283A9F	244464	PvNP\RealizableHardness\ActualOccurrenceDegree.olean
70E47347D3F726687AE77B3BADD481F4BC497DC60CD969C95556ADF13C069996	348192	PvNP\RealizableHardness\ActualOccurrenceLookup.olean
736AF980093803A1D55C170B6038481CA1CB58C940F653D32F38F47CA76E5125	235192	PvNP\RealizableHardness\ActualOccurrenceOrdinals.olean
E6BCBBE7EAE5DA4850A713C001731BCEC0DF85934E6FF9C7E30A8E90DEE9B379	306048	PvNP\RealizableHardness\ActualOccurrencePrefix.olean
63F30FBA6002F6EFAA035A60766716674736727629DB399BD2E3A5853B9A94AB	311128	PvNP\RealizableHardness\ActualOccurrenceSoundness.olean
63E7B29FF5A4C9411E337AFE33707BE176BABBFC00CE0B2D4D28C6853E721D94	372304	PvNP\RealizableHardness\ActualRegularization.olean
2DA0CFC44C34A0E9D58394FAD5CF94D366C47B3550576B49241E09855B288D26	408136	PvNP\RealizableHardness\ActualSourceFirstOccurrence.olean
0ACA2836C45911907E83F380EC8EB312FEEF7F2D9E2D752CCC321F91B5FB34CC	260760	PvNP\RealizableHardness\ActualSourceNormalization.olean
79DB32A5534CFF44E65D4D0983A8AC1803779A0A9E53AB78FAE1EF314571F864	289720	PvNP\RealizableHardness\ActualSourceNormalizedTable.olean
B8CB2ED95F1AAC873150BE248889DBBE181EAE318E872E583A13D2184010741F	6363	PvNP\RealizableHardness\ActualStarQuestionSupport.ilean
7B725FA38638B7C39D63DCE1F83B558A21E0DE05F30CB336F698D5A672CF307C	62128	PvNP\RealizableHardness\ActualStarQuestionSupport.olean
C334B3A96B385D2F57BEABA2339A429E2B1CCD209A270701EAD90B08437B0E30	283920	PvNP\RealizableHardness\EqualityGadget.olean
7723BE10F459A069A8F36EFE8CA806F746BB13F3234C5FF0A80416FCE02181F9	619648	PvNP\RealizableHardness\ExceptionRepair.olean
0553B0959E14DDBB20EB866447E2554853BB128F043218DD253166F30572C9F3	323880	PvNP\RealizableHardness\ExecutablePortRotation.olean
1CD5E6ABB6BE788F3C0A264C9DFA519AF90B1DB4F8DABCE1A11ED99B1F6BC10D	377160	PvNP\RealizableHardness\ExpanderCutInstantiation.olean
9BAE96BEB84328186CBCC61F55CB8F9F0E5F375E1D9AE8D7EDA53DA74EE1AFB7	3232	PvNP\RealizableHardness\ExpanderCutInstantiationChecks.olean
400BF18C73EC885E68935A3B590C6E8028FEAC44BC47F3EC7547B9DA2C735E5E	112736	PvNP\RealizableHardness\FixedPortCycleFamily.olean
C6084255433014C23D976B90A008D0AB5FBE4E293C8AF7DBA452D3A6A2E6C30E	2904	PvNP\RealizableHardness\FixedPortCycleFamilyChecks.olean
2BB25E4B503B9A13921FB5B9702B7BD0032197D9D691EA9DA8BD343AAFF3EA41	423552	PvNP\RealizableHardness\Formula.olean
452C9274B7F66C7C35D4A549C5DCDFD39ADA10FD214FECA00ADB2F5BBC9A3D8F	807864	PvNP\RealizableHardness\PortCycleReplacement.olean
814D4AF0EC511A675C07B4C3DF1308C88D4D4FEE53AE796A57E57526C5D9E153	4160	PvNP\RealizableHardness\PortCycleReplacementChecks.olean
42C4AEEC789971E74051F2F077A90766308D6769ACB1F3D7262A27697B0F95AD	886064	PvNP\RealizableHardness\StarListDecoding.olean
