interpretation of Mathlib.Linter.linter.directoryDependency took 14.4ms
interpretation of _private.Mathlib.Tactic.Linter.Header.0.Mathlib.Linter.inLibraryRootMutex took 3.38ms
interpretation of Mathlib.Linter.linter.style.header took 11.5ms
interpretation of Mathlib.Linter.linter.style.header.license took 7.29ms
interpretation of _private.Mathlib.Tactic.Linter.Header.0.Mathlib.Linter.Style.header.initFn._@.Mathlib.Tactic.Linter.Header.1276962649._hygCtx._hyg.2 took 0.736ms
interpretation of _private.Mathlib.Tactic.Linter.Header.0.Mathlib.Linter.Style.header.initFn._@.Mathlib.Tactic.Linter.Header.1276962649._hygCtx._hyg.2._boxed took 31.6ms
interpretation of _private.Mathlib.Tactic.AdaptationNote.0.initFn._@.Mathlib.Tactic.AdaptationNote.1330411147._hygCtx._hyg.2 took 1.12ms
interpretation of _private.Mathlib.Tactic.AdaptationNote.0.initFn._@.Mathlib.Tactic.AdaptationNote.1330411147._hygCtx._hyg.2._boxed took 23.6ms
interpretation of Mathlib.Linter.AuxLemma.linter.auxLemma took 10.3ms
interpretation of _private.Mathlib.Tactic.Linter.AuxLemma.0.Mathlib.Linter.AuxLemma.initFn._@.Mathlib.Tactic.Linter.AuxLemma.2530988339._hygCtx._hyg.2 took 0.735ms
interpretation of _private.Mathlib.Tactic.Linter.AuxLemma.0.Mathlib.Linter.AuxLemma.initFn._@.Mathlib.Tactic.Linter.AuxLemma.2530988339._hygCtx._hyg.2._boxed took 26.8ms
interpretation of Mathlib.Linter.Style.linter.style.refine took 10.5ms
interpretation of Mathlib.Linter.Style.linter.style.cases took 6.18ms
interpretation of Mathlib.Linter.Style.linter.style.induction took 7.75ms
interpretation of Mathlib.Linter.Style.linter.style.admit took 6.79ms
interpretation of Mathlib.Linter.Style.linter.style.nativeDecide took 6.57ms
interpretation of Mathlib.Linter.Style.linter.style.maxHeartbeats took 6.07ms
interpretation of _private.Mathlib.Tactic.Linter.DeprecatedSyntaxLinter.0.Mathlib.Linter.Style.initFn._@.Mathlib.Tactic.Linter.DeprecatedSyntaxLinter.2374602524._hygCtx._hyg.2 took 0.893ms
interpretation of _private.Mathlib.Tactic.Linter.DeprecatedSyntaxLinter.0.Mathlib.Linter.Style.initFn._@.Mathlib.Tactic.Linter.DeprecatedSyntaxLinter.2374602524._hygCtx._hyg.2._boxed took 19.5ms
interpretation of Mathlib.Linter.linter.docPrime took 10.1ms
interpretation of _private.Mathlib.Tactic.Linter.DocPrime.0.Mathlib.Linter.DocPrime.initFn._@.Mathlib.Tactic.Linter.DocPrime.856601495._hygCtx._hyg.2 took 0.777ms
interpretation of _private.Mathlib.Tactic.Linter.DocPrime.0.Mathlib.Linter.DocPrime.initFn._@.Mathlib.Tactic.Linter.DocPrime.856601495._hygCtx._hyg.2._boxed took 28ms
interpretation of Mathlib.Linter.linter.style.docString took 9.11ms
interpretation of Mathlib.Linter.linter.style.docString.empty took 5.63ms
interpretation of Mathlib.Linter.linter.style.docStringVerso took 6.2ms
interpretation of _private.Mathlib.Tactic.Linter.DocString.0.Mathlib.Linter.Style.initFn._@.Mathlib.Tactic.Linter.DocString.3364454516._hygCtx._hyg.2 took 0.715ms
interpretation of _private.Mathlib.Tactic.Linter.DocString.0.Mathlib.Linter.Style.initFn._@.Mathlib.Tactic.Linter.DocString.3364454516._hygCtx._hyg.2._boxed took 24.3ms
interpretation of _private.Mathlib.Tactic.Linter.DocString.0.Mathlib.Linter.Style.initFn._@.Mathlib.Tactic.Linter.DocString.3183647073._hygCtx._hyg.2 took 0.731ms
interpretation of _private.Mathlib.Tactic.Linter.DocString.0.Mathlib.Linter.Style.initFn._@.Mathlib.Tactic.Linter.DocString.3183647073._hygCtx._hyg.2._boxed took 8.91ms
interpretation of Mathlib.Linter.linter.style.emptyLine took 13.4ms
interpretation of _private.Mathlib.Tactic.Linter.EmptyLine.0.Mathlib.Linter.EmptyLine.initFn._@.Mathlib.Tactic.Linter.EmptyLine.1134681162._hygCtx._hyg.2 took 0.957ms
interpretation of _private.Mathlib.Tactic.Linter.EmptyLine.0.Mathlib.Linter.EmptyLine.initFn._@.Mathlib.Tactic.Linter.EmptyLine.1134681162._hygCtx._hyg.2._boxed took 10.8ms
interpretation of Mathlib.Linter.linter.globalAttributeIn took 8.55ms
interpretation of _private.Mathlib.Tactic.Linter.GlobalAttributeIn.0.Mathlib.Linter.globalAttributeInLinter.initFn._@.Mathlib.Tactic.Linter.GlobalAttributeIn.3315358037._hygCtx._hyg.2 took 1.02ms
interpretation of _private.Mathlib.Tactic.Linter.GlobalAttributeIn.0.Mathlib.Linter.globalAttributeInLinter.initFn._@.Mathlib.Tactic.Linter.GlobalAttributeIn.3315358037._hygCtx._hyg.2._boxed took 16.8ms
interpretation of Mathlib.Linter.linter.hashCommand took 13.3ms
interpretation of _private.Mathlib.Tactic.Linter.HashCommandLinter.0.Mathlib.Linter.HashCommandLinter.initFn._@.Mathlib.Tactic.Linter.HashCommandLinter.682754668._hygCtx._hyg.2 took 0.939ms
interpretation of _private.Mathlib.Tactic.Linter.HashCommandLinter.0.Mathlib.Linter.HashCommandLinter.initFn._@.Mathlib.Tactic.Linter.HashCommandLinter.682754668._hygCtx._hyg.2._boxed took 25.9ms
interpretation of Mathlib.Linter.HaveILetI.linter.style.haveILetI took 16ms
interpretation of Mathlib.Linter.linter.flexible took 11.1ms
interpretation of _private.Mathlib.Tactic.Linter.FlexibleLinter.0.Mathlib.Linter.Flexible.initFn._@.Mathlib.Tactic.Linter.FlexibleLinter.242819373._hygCtx._hyg.2 took 0.772ms
interpretation of _private.Mathlib.Tactic.Linter.FlexibleLinter.0.Mathlib.Linter.Flexible.initFn._@.Mathlib.Tactic.Linter.FlexibleLinter.242819373._hygCtx._hyg.2._boxed took 24.8ms
interpretation of Mathlib.Linter.linter.style.multiGoal took 14.8ms
interpretation of _private.Mathlib.Tactic.Linter.Multigoal.0.Mathlib.Linter.Style.multiGoal.initFn._@.Mathlib.Tactic.Linter.Multigoal.276707340._hygCtx._hyg.2 took 1.12ms
interpretation of _private.Mathlib.Tactic.Linter.Multigoal.0.Mathlib.Linter.Style.multiGoal.initFn._@.Mathlib.Tactic.Linter.Multigoal.276707340._hygCtx._hyg.2._boxed took 29.2ms
interpretation of Mathlib.Linter.Style.linter.oldObtain took 14.5ms
interpretation of _private.Mathlib.Tactic.Linter.OldObtain.0.Mathlib.Linter.Style.initFn._@.Mathlib.Tactic.Linter.OldObtain.3115300298._hygCtx._hyg.2 took 0.701ms
interpretation of _private.Mathlib.Tactic.Linter.OldObtain.0.Mathlib.Linter.Style.initFn._@.Mathlib.Tactic.Linter.OldObtain.3115300298._hygCtx._hyg.2._boxed took 20.8ms
interpretation of Batteries.Tactic.Lint.batteriesLinterExt took 19.1ms
interpretation of _private.Batteries.Tactic.Lint.Basic.0.Batteries.Tactic.Lint.initFn._@.Batteries.Tactic.Lint.Basic.3164034710._hygCtx._hyg.2 took 0.753ms
interpretation of _private.Batteries.Tactic.Lint.Basic.0.Batteries.Tactic.Lint.initFn._@.Batteries.Tactic.Lint.Basic.3164034710._hygCtx._hyg.2._boxed took 29.8ms
interpretation of Batteries.Tactic.Lint.nolintAttr took 11.9ms
interpretation of Mathlib.Linter.UnusedInstancesInType.linter.unusedDecidableInType took 8.6ms
interpretation of _private.Mathlib.Tactic.Linter.UnusedInstancesInType.0.Mathlib.Linter.UnusedInstancesInType.initFn._@.Mathlib.Tactic.Linter.UnusedInstancesInType.1258466126._hygCtx._hyg.2 took 0.719ms
interpretation of _private.Mathlib.Tactic.Linter.UnusedInstancesInType.0.Mathlib.Linter.UnusedInstancesInType.initFn._@.Mathlib.Tactic.Linter.UnusedInstancesInType.1258466126._hygCtx._hyg.2._boxed took 17.7ms
interpretation of Mathlib.Linter.UnusedInstancesInType.linter.unusedFintypeInType took 6.03ms
interpretation of _private.Mathlib.Tactic.Linter.UnusedInstancesInType.0.Mathlib.Linter.UnusedInstancesInType.initFn._@.Mathlib.Tactic.Linter.UnusedInstancesInType.2867144287._hygCtx._hyg.2 took 0.802ms
interpretation of _private.Mathlib.Tactic.Linter.UnusedInstancesInType.0.Mathlib.Linter.UnusedInstancesInType.initFn._@.Mathlib.Tactic.Linter.UnusedInstancesInType.2867144287._hygCtx._hyg.2._boxed took 5.08ms
interpretation of _private.Mathlib.Tactic.Linter.OverlappingInstances.0.Mathlib.Linter.OverlappingInstances.classProjectionsCache took 2.1ms
interpretation of _private.Mathlib.Tactic.Linter.OverlappingInstances.0.Mathlib.Linter.OverlappingInstances.linter.overlappingInstances took 23.6ms
interpretation of _private.Mathlib.Tactic.Linter.OverlappingInstances.0.Mathlib.Linter.OverlappingInstances.initFn._@.Mathlib.Tactic.Linter.OverlappingInstances.2887050497._hygCtx._hyg.2 took 1.22ms
interpretation of _private.Mathlib.Tactic.Linter.OverlappingInstances.0.Mathlib.Linter.OverlappingInstances.initFn._@.Mathlib.Tactic.Linter.OverlappingInstances.2887050497._hygCtx._hyg.2._boxed took 12.2ms
interpretation of _private.Mathlib.Tactic.Linter.OverlappingInstances.0.Mathlib.Linter.OverlappingInstances.initFn._@.Mathlib.Tactic.Linter.OverlappingInstances.4094535516._hygCtx._hyg.2 took 1.36ms
interpretation of _private.Mathlib.Tactic.Linter.OverlappingInstances.0.Mathlib.Linter.OverlappingInstances.initFn._@.Mathlib.Tactic.Linter.OverlappingInstances.4094535516._hygCtx._hyg.2._boxed took 5.46ms
interpretation of Mathlib.Linter.linter.privateModule took 8.56ms
interpretation of _private.Mathlib.Tactic.Linter.PrivateModule.0.Mathlib.Linter.initFn._@.Mathlib.Tactic.Linter.PrivateModule.3751228466._hygCtx._hyg.2 took 1.41ms
interpretation of _private.Mathlib.Tactic.Linter.PrivateModule.0.Mathlib.Linter.initFn._@.Mathlib.Tactic.Linter.PrivateModule.3751228466._hygCtx._hyg.2._boxed took 16.8ms
interpretation of Mathlib.Linter.UnusedTactic.allowedUnusedTacticExt took 13.4ms
interpretation of Mathlib.Linter.UnusedTactic.allowedRef took 45.3ms
interpretation of Mathlib.Linter.linter.unusedTactic took 9.85ms
interpretation of _private.Mathlib.Tactic.Linter.UnusedTactic.0.Mathlib.Linter.UnusedTactic.ignoreTacticKindsRef took 54ms
interpretation of _private.Mathlib.Tactic.Linter.UnusedTactic.0.Mathlib.Linter.UnusedTactic.initFn._@.Mathlib.Tactic.Linter.UnusedTactic.300650473._hygCtx._hyg.2 took 0.739ms
interpretation of _private.Mathlib.Tactic.Linter.UnusedTactic.0.Mathlib.Linter.UnusedTactic.initFn._@.Mathlib.Tactic.Linter.UnusedTactic.300650473._hygCtx._hyg.2._boxed took 18.3ms
interpretation of Mathlib.Linter.linter.style.setOption took 11ms
interpretation of _private.Mathlib.Tactic.Linter.Style.0.Mathlib.Linter.Style.setOption.initFn._@.Mathlib.Tactic.Linter.Style.3512398344._hygCtx._hyg.2 took 0.709ms
interpretation of _private.Mathlib.Tactic.Linter.Style.0.Mathlib.Linter.Style.setOption.initFn._@.Mathlib.Tactic.Linter.Style.3512398344._hygCtx._hyg.2._boxed took 20.3ms
interpretation of Mathlib.Linter.linter.style.missingEnd took 5.28ms
interpretation of _private.Mathlib.Tactic.Linter.Style.0.Mathlib.Linter.Style.missingEnd.initFn._@.Mathlib.Tactic.Linter.Style.3360231377._hygCtx._hyg.2 took 0.742ms
interpretation of _private.Mathlib.Tactic.Linter.Style.0.Mathlib.Linter.Style.missingEnd.initFn._@.Mathlib.Tactic.Linter.Style.3360231377._hygCtx._hyg.2._boxed took 10.2ms
interpretation of Mathlib.Linter.linter.style.cdot took 4.96ms
interpretation of _private.Mathlib.Tactic.Linter.Style.0.Mathlib.Linter.Style.initFn._@.Mathlib.Tactic.Linter.Style.1823831825._hygCtx._hyg.2 took 0.683ms
interpretation of _private.Mathlib.Tactic.Linter.Style.0.Mathlib.Linter.Style.initFn._@.Mathlib.Tactic.Linter.Style.1823831825._hygCtx._hyg.2._boxed took 6.54ms
interpretation of Mathlib.Linter.linter.style.dollarSyntax took 5.62ms
interpretation of _private.Mathlib.Tactic.Linter.Style.0.Mathlib.Linter.Style.dollarSyntax.initFn._@.Mathlib.Tactic.Linter.Style.1303717341._hygCtx._hyg.2 took 0.71ms
interpretation of _private.Mathlib.Tactic.Linter.Style.0.Mathlib.Linter.Style.dollarSyntax.initFn._@.Mathlib.Tactic.Linter.Style.1303717341._hygCtx._hyg.2._boxed took 7.87ms
interpretation of Mathlib.Linter.linter.style.lambdaSyntax took 5.83ms
interpretation of _private.Mathlib.Tactic.Linter.Style.0.Mathlib.Linter.Style.lambdaSyntax.initFn._@.Mathlib.Tactic.Linter.Style.1166937461._hygCtx._hyg.2 took 0.768ms
interpretation of _private.Mathlib.Tactic.Linter.Style.0.Mathlib.Linter.Style.lambdaSyntax.initFn._@.Mathlib.Tactic.Linter.Style.1166937461._hygCtx._hyg.2._boxed took 10.1ms
interpretation of Mathlib.Linter.linter.style.longFile took 5.46ms
interpretation of Mathlib.Linter.linter.style.longFileDefValue took 7.5ms
interpretation of _private.Mathlib.Tactic.Linter.Style.0.Mathlib.Linter.Style.longFile.initFn._@.Mathlib.Tactic.Linter.Style.3199531762._hygCtx._hyg.2 took 1.15ms
interpretation of _private.Mathlib.Tactic.Linter.Style.0.Mathlib.Linter.Style.longFile.initFn._@.Mathlib.Tactic.Linter.Style.3199531762._hygCtx._hyg.2._boxed took 7.63ms
interpretation of Mathlib.Linter.linter.style.longLine took 6.58ms
interpretation of Mathlib.Linter.linter.style.longLine.maxLineLength took 6.77ms
interpretation of _private.Mathlib.Tactic.Linter.Style.0.Mathlib.Linter.Style.longLine.initFn._@.Mathlib.Tactic.Linter.Style.724867545._hygCtx._hyg.2 took 0.88ms
interpretation of _private.Mathlib.Tactic.Linter.Style.0.Mathlib.Linter.Style.longLine.initFn._@.Mathlib.Tactic.Linter.Style.724867545._hygCtx._hyg.2._boxed took 8.65ms
interpretation of Mathlib.Linter.linter.style.nameCheck took 4.64ms
interpretation of _private.Mathlib.Tactic.Linter.Style.0.Mathlib.Linter.Style.nameCheck.initFn._@.Mathlib.Tactic.Linter.Style.1285535146._hygCtx._hyg.2 took 0.652ms
interpretation of _private.Mathlib.Tactic.Linter.Style.0.Mathlib.Linter.Style.nameCheck.initFn._@.Mathlib.Tactic.Linter.Style.1285535146._hygCtx._hyg.2._boxed took 12.2ms
interpretation of Mathlib.Linter.linter.style.openClassical took 4.6ms
interpretation of _private.Mathlib.Tactic.Linter.Style.0.Mathlib.Linter.Style.openClassical.initFn._@.Mathlib.Tactic.Linter.Style.273924139._hygCtx._hyg.2 took 0.661ms
interpretation of _private.Mathlib.Tactic.Linter.Style.0.Mathlib.Linter.Style.openClassical.initFn._@.Mathlib.Tactic.Linter.Style.273924139._hygCtx._hyg.2._boxed took 7.34ms
interpretation of Mathlib.Linter.linter.style.show took 8.13ms
interpretation of Mathlib.Linter.linter.style.whitespace took 9.33ms
interpretation of Mathlib.Linter.linter.style.whitespace.verbose took 4.71ms
interpretation of _private.Mathlib.Tactic.Linter.Whitespace.0.Mathlib.Linter.Style.Whitespace.initFn._@.Mathlib.Tactic.Linter.Whitespace.391367517._hygCtx._hyg.2 took 0.635ms
interpretation of _private.Mathlib.Tactic.Linter.Whitespace.0.Mathlib.Linter.Style.Whitespace.initFn._@.Mathlib.Tactic.Linter.Whitespace.391367517._hygCtx._hyg.2._boxed took 27.4ms
interpretation of linter.tacticAnalysis took 4.99ms
interpretation of Mathlib.TacticAnalysis.tacticAnalysisExt took 14.7ms
interpretation of _private.Mathlib.Tactic.TacticAnalysis.0.Mathlib.TacticAnalysis.initFn._@.Mathlib.Tactic.TacticAnalysis.2535838111._hygCtx._hyg.2 took 0.618ms
interpretation of _private.Mathlib.Tactic.TacticAnalysis.0.Mathlib.TacticAnalysis.initFn._@.Mathlib.Tactic.TacticAnalysis.2535838111._hygCtx._hyg.2._boxed took 21.5ms
interpretation of _private.Mathlib.Tactic.TacticAnalysis.0.Mathlib.TacticAnalysis.initFn._@.Mathlib.Tactic.TacticAnalysis.1736486024._hygCtx._hyg.2 took 0.616ms
interpretation of _private.Mathlib.Tactic.TacticAnalysis.0.Mathlib.TacticAnalysis.initFn._@.Mathlib.Tactic.TacticAnalysis.1736486024._hygCtx._hyg.2._boxed took 6.51ms
interpretation of linter.tacticAnalysis.dummy took 3.67ms
interpretation of linter.tacticAnalysis.regressions.linarithToGrind took 6.61ms
interpretation of linter.tacticAnalysis.regressions.ringToGrind took 2.63ms
interpretation of linter.tacticAnalysis.regressions.omegaToLia took 2.62ms
interpretation of linter.tacticAnalysis.omegaToLia took 3.57ms
interpretation of linter.tacticAnalysis.rwMerge took 2.83ms
interpretation of linter.tacticAnalysis.mergeWithGrind took 2.69ms
interpretation of linter.tacticAnalysis.terminalToGrind took 3.8ms
interpretation of linter.tacticAnalysis.tryAtEachStep.fraction took 4.63ms
interpretation of linter.tacticAnalysis.tryAtEachStep.showTiming took 3.33ms
interpretation of linter.tacticAnalysis.tryAtEachStep.selfReplacements took 2.66ms
interpretation of linter.tacticAnalysis.tryAtEachStepGrind took 2.6ms
interpretation of linter.tacticAnalysis.tryAtEachStepSimpAll took 2.61ms
interpretation of linter.tacticAnalysis.tryAtEachStepAesop took 2.59ms
interpretation of linter.tacticAnalysis.tryAtEachStepGrindSuggestions took 2.65ms
interpretation of linter.tacticAnalysis.tryAtEachStepSimpAllSuggestions took 2.62ms
interpretation of linter.tacticAnalysis.tryAtEachStepFromEnv took 2.58ms
interpretation of linter.tacticAnalysis.introMerge took 2.55ms
interpretation of linter.tacticAnalysis.verifyGrind took 2.54ms
interpretation of linter.tacticAnalysis.verifyGrindSuggestions took 2.59ms
interpretation of linter.tacticAnalysis.verifyGrindOnly took 3.85ms
interpretation of Batteries.Util.LibraryNote.libraryNoteExt took 11.7ms
interpretation of _private.Batteries.Util.ProofWanted.0.wantedInstancesExt took 15.8ms
interpretation of _private.Batteries.Util.ProofWanted.0.wantedArityExt took 11.3ms
interpretation of Batteries.Tactic.Lint.linter.simpNF.respectTransparency took 7.96ms
interpretation of _private.Batteries.Tactic.Lint.Frontend.0.Batteries.Tactic.Lint.initFn._@.Batteries.Tactic.Lint.Frontend.971841226._hygCtx._hyg.2 took 0.608ms
interpretation of _private.Batteries.Tactic.Lint.Frontend.0.Batteries.Tactic.Lint.initFn._@.Batteries.Tactic.Lint.Frontend.971841226._hygCtx._hyg.2._boxed took 19.4ms
interpretation of Mathlib.Linter.linter.dupNamespace took 6.8ms
interpretation of _private.Mathlib.Tactic.Linter.Lint.0.Mathlib.Linter.DupNamespaceLinter.initFn._@.Mathlib.Tactic.Linter.Lint.3996576634._hygCtx._hyg.2 took 0.641ms
interpretation of _private.Mathlib.Tactic.Linter.Lint.0.Mathlib.Linter.DupNamespaceLinter.initFn._@.Mathlib.Tactic.Linter.Lint.3996576634._hygCtx._hyg.2._boxed took 19.8ms
interpretation of linter.mathlibStandardSet took 4.08ms
interpretation of linter.nightlyRegressionSet took 3.15ms
interpretation of linter.weeklyLintSet took 3.95ms
interpretation of _private.Mathlib.Tactic.Widget.SelectInsertParamsClass.0.Lean.Elab.initFn._@.Mathlib.Tactic.Widget.SelectInsertParamsClass.1629491121._hygCtx._hyg.2 took 0.656ms
interpretation of _private.Mathlib.Tactic.Widget.SelectInsertParamsClass.0.Lean.Elab.initFn._@.Mathlib.Tactic.Widget.SelectInsertParamsClass.1629491121._hygCtx._hyg.2._boxed took 6.33ms
interpretation of Batteries.CodeAction.tacticSeqCodeActionExt took 14.6ms
interpretation of Batteries.CodeAction.tacticCodeActionExt took 13.5ms
interpretation of _private.Batteries.CodeAction.Attr.0.Batteries.CodeAction.initFn._@.Batteries.CodeAction.Attr.2443277903._hygCtx._hyg.2 took 0.588ms
interpretation of _private.Batteries.CodeAction.Attr.0.Batteries.CodeAction.initFn._@.Batteries.CodeAction.Attr.2443277903._hygCtx._hyg.2._boxed took 18.3ms
interpretation of ProofWidgets.runningRequests took 4.12ms
interpretation of _private.ProofWidgets.Cancellable.0.ProofWidgets.initFn._@.ProofWidgets.Cancellable.680169540._hygCtx._hyg.2 took 0.603ms
interpretation of _private.ProofWidgets.Cancellable.0.ProofWidgets.initFn._@.ProofWidgets.Cancellable.680169540._hygCtx._hyg.2._boxed took 19.2ms
interpretation of _private.Mathlib.Tactic.TacticAnalysis.0.Mathlib.TacticAnalysis.initFn._lam_5._@.Mathlib.Tactic.TacticAnalysis.358552301._hygCtx._hyg.2._boxed took 0.769ms
interpretation of _private.Batteries.CodeAction.Attr.0.Batteries.CodeAction.initFn._lam_5._@.Batteries.CodeAction.Attr.3685358032._hygCtx._hyg.2._boxed took 0.592ms
interpretation of _private.Batteries.CodeAction.Attr.0.Batteries.CodeAction.initFn._lam_5._@.Batteries.CodeAction.Attr.2519722026._hygCtx._hyg.2._boxed took 0.594ms
interpretation of coeNotation took 0.622ms
interpretation of coeFunNotation took 0.632ms
interpretation of coeSortNotation took 0.601ms
interpretation of Lean.Parser.Syntax.addPrec took 0.716ms
interpretation of Lean.Parser.Syntax.subPrec took 0.645ms
interpretation of Lean.Parser.Syntax.addPrio took 0.645ms
interpretation of Lean.Parser.Syntax.subPrio took 0.625ms
interpretation of precMax took 0.452ms
interpretation of precArg took 0.369ms
interpretation of precLead took 0.346ms
interpretation of prec(_) took 0.357ms
interpretation of precMin took 0.341ms
interpretation of precMin1 took 0.343ms
interpretation of termMax_prec took 0.356ms
interpretation of prioDefault took 0.354ms
interpretation of prioLow took 0.34ms
interpretation of prioMid took 0.34ms
interpretation of prioHigh took 0.382ms
interpretation of prio(_) took 0.356ms
interpretation of stx_+ took 0.37ms
interpretation of stx_* took 0.346ms
interpretation of stx_? took 0.356ms
interpretation of stx_<|>_ took 0.37ms
interpretation of stx_,* took 0.355ms
interpretation of stx_,+ took 0.354ms
interpretation of stx_,*,? took 0.378ms
interpretation of stx_,+,? took 0.369ms
interpretation of stx!_ took 0.348ms
interpretation of rawNatLit took 0.347ms
interpretation of term_∘_ took 0.369ms
interpretation of term_×_ took 0.358ms
interpretation of term_×'_ took 0.363ms
interpretation of term_∣_ took 0.576ms
interpretation of term_|||_ took 0.609ms
interpretation of term_^^^_ took 0.634ms
interpretation of term_&&&_ took 0.745ms
interpretation of term_+_ took 0.657ms
interpretation of term_-_ took 0.645ms
interpretation of term_*_ took 0.617ms
interpretation of term_/_ took 0.413ms
interpretation of term_%_ took 0.428ms
interpretation of term_<<<_ took 0.403ms
interpretation of term_>>>_ took 0.381ms
interpretation of term_^_ took 0.368ms
interpretation of term_++_ took 0.371ms
interpretation of term-_ took 0.355ms
interpretation of term~~~_ took 0.371ms
interpretation of term_⁻¹ took 0.371ms
interpretation of term_•_ took 0.359ms
interpretation of term_>=_ took 0.363ms
interpretation of term_<=_ took 0.361ms
interpretation of term_≤_ took 0.367ms
interpretation of term_<_ took 0.356ms
interpretation of term_≥_ took 0.36ms
interpretation of term_>_ took 0.356ms
interpretation of term_=_ took 0.364ms
interpretation of term_==_ took 0.363ms
interpretation of term_≍_ took 0.36ms
interpretation of term_∧_ took 0.358ms
interpretation of term_∨_ took 0.358ms
interpretation of term¬_ took 0.364ms
interpretation of term_&&_ took 0.365ms
interpretation of term_||_ took 0.362ms
interpretation of term!_ took 0.352ms
interpretation of term_∈_ took 0.37ms
interpretation of term_∉_ took 0.358ms
interpretation of term_::_ took 0.363ms
interpretation of term_<$>_ took 0.62ms
interpretation of term_>>=_ took 0.776ms
interpretation of term_<|>_ took 0.631ms
interpretation of term_>>_ took 0.408ms
interpretation of term_<*>_ took 0.443ms
interpretation of term_<*_ took 0.413ms
interpretation of term_*>_ took 0.377ms
interpretation of termDepIfThenElse took 0.368ms
interpretation of termIfThenElse took 0.36ms
interpretation of termIfLet took 0.35ms
interpretation of boolIfThenElse took 0.371ms
interpretation of term_<|_ took 0.366ms
interpretation of term_|>_ took 0.363ms
interpretation of term_$__ took 0.36ms
interpretation of term{_:_//_} took 0.512ms
interpretation of termWithout_expected_type_ took 0.391ms
interpretation of Lean.byElab took 0.605ms
interpretation of Lean.rawStx.quot took 0.398ms
interpretation of Lean.withAnnotateTerm took 0.395ms
interpretation of Lean.modCast took 0.392ms
interpretation of Lean.deprecated took 0.373ms
interpretation of Lean.deprecated_arg took 0.38ms
interpretation of Lean.suggest_for took 0.41ms
interpretation of Lean.univ_out_params took 0.507ms
interpretation of Lean.Attr.coe took 0.597ms
interpretation of Lean.command_code_action took 0.402ms
interpretation of Lean.builtin_command_code_action took 0.401ms
interpretation of Lean.includeStr took 0.458ms
interpretation of Lean.runCmd took 0.368ms
interpretation of Lean.runElab took 0.365ms
interpretation of Lean.runMeta took 0.576ms
interpretation of Lean.reduceCmd took 0.593ms
interpretation of Lean.guardMsgsCmd took 0.451ms
interpretation of Lean.guardPanicCmd took 0.54ms
interpretation of Lean.infoTreesCmd took 0.369ms
interpretation of Lean.setLibrarySuggestionsCmd took 0.399ms
interpretation of Lean.Parser.checkTactic took 0.434ms
interpretation of Lean.Parser.checkTacticFailure took 0.43ms
interpretation of Lean.Parser.checkSimp took 0.373ms
interpretation of Lean.Parser.checkSimpFailure took 0.387ms
interpretation of Lean.Parser.timeCmd took 0.38ms
interpretation of Lean.Parser.discrTreeKeyCmd took 0.383ms
interpretation of Lean.Parser.discrTreeSimpKeyCmd took 0.392ms
interpretation of Lean.Parser.commandSeal__ took 0.388ms
interpretation of Lean.Parser.commandUnseal__ took 0.401ms
interpretation of Lean.Parser.Tactic.as_aux_lemma took 0.403ms
interpretation of Lean.Parser.Tactic.withAnnotateState took 0.408ms
interpretation of Lean.Parser.Tactic.intro took 0.378ms
interpretation of Lean.Parser.Tactic.intros took 0.393ms
interpretation of Lean.Parser.Tactic.rename took 0.381ms
interpretation of Lean.Parser.Tactic.revert took 0.379ms
interpretation of Lean.Parser.Tactic.clear took 0.501ms
interpretation of Lean.Parser.Tactic.clearValue took 0.39ms
interpretation of Lean.Parser.Tactic.subst took 0.38ms
interpretation of Lean.Parser.Tactic.substVars took 0.388ms
interpretation of Lean.Parser.Tactic.assumption took 0.396ms
interpretation of Lean.Parser.Tactic.contradiction took 0.398ms
interpretation of Lean.Parser.Tactic.falseOrByContra took 0.396ms
interpretation of Lean.Parser.Tactic.apply took 0.377ms
interpretation of Lean.Parser.Tactic.exact took 0.387ms
interpretation of Lean.Parser.Tactic.refine took 0.38ms
interpretation of Lean.Parser.Tactic.refine' took 0.387ms
interpretation of Lean.Parser.Tactic.tacticExfalso took 0.597ms
interpretation of Lean.Parser.Tactic.constructor took 0.449ms
interpretation of Lean.Parser.Tactic.left took 0.386ms
interpretation of Lean.Parser.Tactic.right took 0.386ms
interpretation of Lean.Parser.Tactic.case took 0.406ms
interpretation of Lean.Parser.Tactic.case' took 0.405ms
interpretation of Lean.Parser.Tactic.tacticNext_=>_ took 0.448ms
interpretation of Lean.Parser.Tactic.allGoals took 0.443ms
interpretation of Lean.Parser.Tactic.anyGoals took 0.395ms
interpretation of Lean.Parser.Tactic.focus took 0.38ms
interpretation of Lean.Parser.Tactic.skip took 0.377ms
interpretation of Lean.Parser.Tactic.done took 0.387ms
interpretation of Lean.Parser.Tactic.traceState took 0.387ms
interpretation of Lean.Parser.Tactic.traceMessage took 0.392ms
interpretation of Lean.Parser.Tactic.failIfSuccess took 0.688ms
interpretation of Lean.Parser.Tactic.paren took 0.638ms
interpretation of Lean.Parser.Tactic.withReducible took 0.533ms
interpretation of Lean.Parser.Tactic.withReducibleAndInstances took 0.566ms
interpretation of Lean.Parser.Tactic.withImplicit took 0.396ms
interpretation of Lean.Parser.Tactic.withUnfoldingAll took 0.592ms
interpretation of Lean.Parser.Tactic.withUnfoldingNone took 0.455ms
interpretation of Lean.Parser.Tactic.first took 0.409ms
interpretation of Lean.Parser.Tactic.rotateLeft took 0.48ms
interpretation of Lean.Parser.Tactic.rotateRight took 0.405ms
interpretation of Lean.Parser.Tactic.tacticTry_ took 0.394ms
interpretation of Lean.Parser.Tactic.tactic_<;>_ took 0.414ms
interpretation of Lean.Parser.Tactic.fail took 0.38ms
interpretation of Lean.Parser.Tactic.eqRefl took 0.389ms
interpretation of Lean.Parser.Tactic.tacticRfl took 0.385ms
interpretation of Lean.Parser.Tactic.applyRfl took 0.388ms
interpretation of Lean.Parser.Tactic.tacticRfl' took 0.402ms
interpretation of Lean.Parser.Tactic.acRfl took 0.405ms
interpretation of Lean.Parser.Tactic.tacticSorry took 0.39ms
interpretation of Lean.Parser.Tactic.tacticAdmit took 0.388ms
interpretation of Lean.Parser.Tactic.tacticInfer_instance took 0.416ms
interpretation of Lean.Parser.Tactic.change took 0.381ms
interpretation of Lean.Parser.Tactic.show took 0.377ms
interpretation of Lean.Parser.Tactic.extractLets took 0.389ms
interpretation of Lean.Parser.Tactic.liftLets took 0.395ms
interpretation of Lean.Parser.Tactic.letToHave took 0.397ms
interpretation of Lean.Parser.Tactic.rewriteSeq took 0.392ms
interpretation of Lean.Parser.Tactic.rwSeq took 0.394ms
interpretation of Lean.Parser.Tactic.tacticRwa__ took 0.398ms
interpretation of Lean.Parser.Tactic.injection took 0.391ms
interpretation of Lean.Parser.Tactic.injections took 0.402ms
interpretation of Lean.Parser.Tactic.simp took 0.377ms
interpretation of Lean.Parser.Tactic.simpAll took 0.385ms
interpretation of Lean.Parser.Tactic.dsimp took 0.39ms
interpretation of Lean.Parser.Tactic.simpTrace took 0.392ms
interpretation of Lean.Parser.Tactic.tacticSimp?!_ took 0.414ms
interpretation of Lean.Parser.Tactic.simpAllTrace took 0.404ms
interpretation of Lean.Parser.Tactic.tacticSimp_all?!_ took 0.422ms
interpretation of Lean.Parser.Tactic.dsimpTrace took 0.39ms
interpretation of Lean.Parser.Tactic.tacticDsimp?!_ took 0.427ms
interpretation of Lean.Parser.Tactic.simpa took 0.383ms
interpretation of Lean.Parser.Tactic.simpaUsingBang took 0.4ms
interpretation of Lean.Parser.Tactic.tacticSimpa!_ took 0.408ms
interpretation of Lean.Parser.Tactic.tacticSimpa?_ took 0.408ms
interpretation of Lean.Parser.Tactic.tacticSimpa?!_ took 0.426ms
interpretation of Lean.Parser.Tactic.tacticSimpa!__1 took 0.411ms
interpretation of Lean.Parser.Tactic.tacticSimpa?__1 took 0.409ms
interpretation of Lean.Parser.Tactic.tacticSimpa?!__1 took 0.483ms
interpretation of Lean.Parser.Tactic.delta took 0.385ms
interpretation of Lean.Parser.Tactic.unfold took 0.382ms
interpretation of Lean.Parser.Tactic.tacticRefine_lift_ took 0.423ms
interpretation of Lean.Parser.Tactic.tacticHave__ took 0.402ms
interpretation of Lean.Parser.Tactic.tacticSuffices_ took 0.403ms
interpretation of Lean.Parser.Tactic.tacticLet__ took 0.407ms
interpretation of Lean.Parser.Tactic.letrec took 0.384ms
interpretation of Lean.Parser.Tactic.tacticRefine_lift'_ took 0.419ms
interpretation of Lean.Parser.Tactic.tacticHave' took 0.404ms
interpretation of Lean.Parser.Tactic.tacticLet'__ took 0.404ms
interpretation of Lean.Parser.Tactic.induction took 0.387ms
interpretation of Lean.Parser.Tactic.generalize took 0.393ms
interpretation of Lean.Parser.Tactic.cases took 0.382ms
interpretation of Lean.Parser.Tactic.funInduction took 0.396ms
interpretation of Lean.Parser.Tactic.funCases took 0.394ms
interpretation of Lean.Parser.Tactic.renameI took 0.393ms
interpretation of Lean.Parser.Tactic.tacticRepeat_ took 0.399ms
interpretation of Lean.Parser.Tactic.repeat' took 0.388ms
interpretation of Lean.Parser.Tactic.repeat1' took 0.395ms
interpretation of Lean.Parser.Tactic.tacticTrivial took 0.4ms
interpretation of Lean.Parser.Tactic.classical took 0.385ms
interpretation of Lean.Parser.Tactic.impossible took 0.387ms
interpretation of Lean.Parser.Tactic.split took 0.387ms
interpretation of Lean.Parser.Tactic.dbgTrace took 0.385ms
interpretation of Lean.Parser.Tactic.tacticStop_ took 0.554ms
interpretation of Lean.Parser.Tactic.tacticUnhygienic_ took 0.635ms
interpretation of Lean.Parser.Tactic.sleep took 0.666ms
interpretation of Lean.Parser.Tactic.tacticExists_,, took 0.583ms
interpretation of Lean.Parser.Tactic.congr took 0.422ms
interpretation of Lean.Parser.Tactic.tacIfThenElse took 0.671ms
interpretation of Lean.Parser.Tactic.tacDepIfThenElse took 0.521ms
interpretation of Lean.Parser.Tactic.tacticNofun took 0.481ms
interpretation of Lean.Parser.Tactic.tacticNomatch_,, took 0.419ms
interpretation of Lean.Parser.Tactic.replace took 0.389ms
interpretation of Lean.Parser.Tactic.specialize took 0.405ms
interpretation of Lean.Parser.Tactic.tacticAnd_intros took 0.436ms
interpretation of Lean.Parser.Tactic.substEqs took 0.634ms
interpretation of Lean.Parser.Tactic.runTac took 0.661ms
interpretation of Lean.Parser.Tactic.tacticHaveI__ took 0.703ms
interpretation of Lean.Parser.Tactic.tacticLetI__ took 0.591ms
interpretation of Lean.Parser.Tactic.decide took 0.413ms
interpretation of Lean.Parser.Tactic.nativeDecide took 0.616ms
interpretation of Lean.Parser.Tactic.omega took 0.663ms
interpretation of Lean.Parser.Tactic.tacticBv_omega took 0.844ms
interpretation of Lean.Parser.Tactic.acNf0 took 0.669ms
interpretation of Lean.Parser.Tactic.normCast0 took 0.639ms
interpretation of Lean.Parser.Tactic.tacticAssumption_mod_cast_ took 0.472ms
interpretation of Lean.Parser.Tactic.tacticNorm_cast__ took 0.435ms
interpretation of Lean.Parser.Tactic.pushCast took 0.389ms
interpretation of Lean.Parser.Tactic.normCastAddElim took 0.405ms
interpretation of Lean.Parser.Tactic.tacticAc_nf_ took 0.414ms
interpretation of Lean.Parser.Tactic.symm took 0.386ms
interpretation of Lean.Parser.Tactic.symmSaturate took 0.398ms
interpretation of Lean.Parser.Tactic.solveByElim took 0.456ms
interpretation of Lean.Parser.Tactic.applyAssumption took 0.406ms
interpretation of Lean.Parser.Tactic.applyRules took 0.393ms
interpretation of Lean.Parser.Tactic.exact? took 0.39ms
interpretation of Lean.Parser.Tactic.apply? took 0.39ms
interpretation of Lean.Parser.Tactic.rewrites? took 0.398ms
interpretation of Lean.Parser.Tactic.showTerm took 0.387ms
interpretation of Lean.Parser.Tactic.showTermElab took 0.623ms
interpretation of Lean.Parser.Tactic.by? took 0.596ms
interpretation of Lean.Parser.Tactic.exposeNames took 0.686ms
interpretation of Lean.Parser.Tactic.suggestions took 0.621ms
interpretation of Lean.Parser.Tactic.bvCheck took 0.477ms
interpretation of Lean.Parser.Tactic.bvDecide took 0.462ms
interpretation of Lean.Parser.Tactic.bvTrace took 0.437ms
interpretation of Lean.Parser.Tactic.bvNormalize took 0.426ms
interpretation of Lean.Parser.Tactic.massumptionMacro took 0.434ms
interpretation of Lean.Parser.Tactic.mclearMacro took 0.418ms
interpretation of Lean.Parser.Tactic.mconstructorMacro took 0.43ms
interpretation of Lean.Parser.Tactic.mexactMacro took 0.431ms
interpretation of Lean.Parser.Tactic.mexfalsoMacro took 0.395ms
interpretation of Lean.Parser.Tactic.mexistsMacro took 0.412ms
interpretation of Lean.Parser.Tactic.mframeMacro took 0.419ms
interpretation of Lean.Parser.Tactic.mhaveMacro took 0.425ms
interpretation of Lean.Parser.Tactic.mreplaceMacro took 0.422ms
interpretation of Lean.Parser.Tactic.mleftMacro took 0.411ms
interpretation of Lean.Parser.Tactic.mrightMacro took 0.391ms
interpretation of Lean.Parser.Tactic.mpureMacro took 0.41ms
interpretation of Lean.Parser.Tactic.mpureIntroMacro took 0.421ms
interpretation of Lean.Parser.Tactic.mrevertMacro took 0.452ms
interpretation of Lean.Parser.Tactic.mrenameIMacro took 0.434ms
interpretation of Lean.Parser.Tactic.mspecializeMacro took 0.554ms
interpretation of Lean.Parser.Tactic.mspecializePureMacro took 0.487ms
interpretation of Lean.Parser.Tactic.mstartMacro took 0.44ms
interpretation of Lean.Parser.Tactic.mstopMacro took 0.391ms
interpretation of Lean.Parser.Tactic.mleaveMacro took 0.422ms
interpretation of Lean.Parser.Tactic.mcasesMacro took 0.422ms
interpretation of Lean.Parser.Tactic.mrefineMacro took 0.406ms
interpretation of Lean.Parser.Tactic.mintroMacro took 0.391ms
interpretation of Lean.Parser.Tactic.mspecMacro took 0.557ms
interpretation of Lean.Parser.Tactic.mvcgenMacro took 0.624ms
interpretation of Lean.Parser.Tactic.vcgenMacro took 0.622ms
interpretation of Lean.Parser.Tactic.cbv took 0.425ms
interpretation of Lean.Parser.Tactic.decide_cbv took 0.416ms
interpretation of Lean.Parser.Attr.simp took 0.389ms
interpretation of Lean.Parser.Attr.wf_preprocess took 0.422ms
interpretation of Lean.Parser.Attr.method_specs_simp took 0.432ms
interpretation of Lean.Parser.Attr.cbv_eval took 0.414ms
interpretation of Lean.Parser.Attr.norm_cast took 0.415ms
interpretation of term‹_› took 0.403ms
interpretation of tacticGet_elem_tactic_extensible took 0.437ms
interpretation of tacticGet_elem_tactic_trivial took 0.416ms
interpretation of tacticGet_elem_tactic took 0.375ms
interpretation of Lean.Parser.Syntax.exact? took 0.424ms
interpretation of term_<->_ took 0.405ms
interpretation of term_↔_ took 0.404ms
interpretation of term_⊕_ took 0.386ms
interpretation of term_⊕'_ took 0.394ms
interpretation of term_≈_ took 0.364ms
interpretation of term_⊆_ took 0.598ms
interpretation of term_⊂_ took 0.399ms
interpretation of term_⊇_ took 0.381ms
interpretation of term_⊃_ took 0.405ms
interpretation of term_∪_ took 0.364ms
interpretation of term_∩_ took 0.375ms
interpretation of term_\_ took 0.365ms
interpretation of term{} took 0.365ms
interpretation of term∅ took 0.353ms
interpretation of term_!=_ took 0.366ms
interpretation of term_≠_ took 0.36ms
interpretation of term_<&>_ took 0.38ms
interpretation of term_<||>_ took 0.39ms
interpretation of term_<&&>_ took 0.38ms
interpretation of term_>=>_ took 0.742ms
interpretation of term_<=<_ took 0.643ms
interpretation of term_=<<_ took 0.529ms
interpretation of Lean.Parser.resetGrindAttrs took 0.484ms
interpretation of Lean.Parser.Attr.grind took 0.39ms
interpretation of Lean.Parser.Attr.grind! took 0.39ms
interpretation of Lean.Parser.Attr.grind? took 0.389ms
interpretation of Lean.Parser.Attr.grind!? took 0.399ms
interpretation of Lean.Parser.Attr.lia took 0.387ms
interpretation of Lean.Parser.Attr.lia! took 0.395ms
interpretation of Lean.Parser.Attr.lia? took 0.4ms
interpretation of Lean.Parser.Attr.lia!? took 0.396ms
interpretation of Lean.Parser.Tactic.Grind.grind_filter.quot took 0.425ms
interpretation of Lean.Parser.Tactic.Grind.grind_filter_ took 0.43ms
interpretation of Lean.Parser.Tactic.Grind.grind_filterGen<_ took 0.429ms
interpretation of Lean.Parser.Tactic.Grind.grind_filterGen=_ took 0.425ms
interpretation of Lean.Parser.Tactic.Grind.grind_filterGen!=_ took 0.441ms
interpretation of Lean.Parser.Tactic.Grind.grind_filterGen≤_ took 0.428ms
interpretation of Lean.Parser.Tactic.Grind.grind_filterGen<=_ took 0.431ms
interpretation of Lean.Parser.Tactic.Grind.grind_filterGen>_ took 0.424ms
interpretation of Lean.Parser.Tactic.Grind.grind_filterGen≥_ took 0.498ms
interpretation of Lean.Parser.Tactic.Grind.grind_filterGen>=_ took 0.455ms
interpretation of Lean.Parser.Tactic.Grind.grind_filter(_) took 0.523ms
interpretation of Lean.Parser.Tactic.Grind.grind_filter_&&_ took 0.572ms
interpretation of Lean.Parser.Tactic.Grind.grind_filter_||_ took 0.434ms
interpretation of Lean.Parser.Tactic.Grind.grind_filter!_ took 0.42ms
interpretation of Lean.Parser.Tactic.Grind.grind.quot took 0.409ms
interpretation of Lean.Parser.Tactic.Grind.paren took 0.392ms
interpretation of Lean.Parser.Tactic.Grind.skip took 0.391ms
interpretation of Lean.Parser.Tactic.Grind.lia took 0.386ms
interpretation of Lean.Parser.Tactic.Grind.ring took 0.395ms
interpretation of Lean.Parser.Tactic.Grind.ac took 0.434ms
interpretation of Lean.Parser.Tactic.Grind.linarith took 0.402ms
interpretation of Lean.Parser.Tactic.Grind.sorry took 0.389ms
interpretation of Lean.Parser.Tactic.Grind.instantiate took 0.407ms
interpretation of Lean.Parser.Tactic.Grind.use took 0.396ms
interpretation of Lean.Parser.Tactic.Grind.showAsserted took 0.41ms
interpretation of Lean.Parser.Tactic.Grind.showTrue took 0.4ms
interpretation of Lean.Parser.Tactic.Grind.showFalse took 0.399ms
interpretation of Lean.Parser.Tactic.Grind.showEqcs took 0.404ms
interpretation of Lean.Parser.Tactic.Grind.showCases took 0.395ms
interpretation of Lean.Parser.Tactic.Grind.showState took 0.393ms
interpretation of Lean.Parser.Tactic.Grind.showLocalThms took 0.402ms
interpretation of Lean.Parser.Tactic.Grind.showTerm took 0.395ms
interpretation of Lean.Parser.Tactic.Grind.showGoals took 0.398ms
interpretation of Lean.Parser.Tactic.Grind.grind_ref.quot took 0.407ms
interpretation of Lean.Parser.Tactic.Grind.grind_ref_ took 0.414ms
interpretation of Lean.Parser.Tactic.Grind.grind_ref__/__ took 0.423ms
interpretation of Lean.Parser.Tactic.Grind.grind_ref__1 took 0.405ms
interpretation of Lean.Parser.Tactic.Grind.cases took 0.386ms
interpretation of Lean.Parser.Tactic.Grind.casesTrace took 0.405ms
interpretation of Lean.Parser.Tactic.Grind.casesNext took 0.41ms
interpretation of Lean.Parser.Tactic.Grind.done took 0.385ms
interpretation of Lean.Parser.Tactic.Grind.finish took 0.396ms
interpretation of Lean.Parser.Tactic.Grind.finishTrace took 0.406ms
interpretation of Lean.Parser.Tactic.Grind.have took 0.406ms
interpretation of Lean.Parser.Tactic.Grind.nestedTacticCore took 0.412ms
interpretation of Lean.Parser.Tactic.Grind.allGoals took 0.423ms
interpretation of Lean.Parser.Tactic.Grind.focus took 0.405ms
interpretation of Lean.Parser.Tactic.Grind.next took 0.455ms
interpretation of Lean.Parser.Tactic.Grind.grind·_ took 0.434ms
interpretation of Lean.Parser.Tactic.Grind.case took 0.418ms
interpretation of Lean.Parser.Tactic.Grind.anyGoals took 0.422ms
interpretation of Lean.Parser.Tactic.Grind.withAnnotateState took 0.448ms
interpretation of Lean.Parser.Tactic.Grind.grind_<;>_ took 0.524ms
interpretation of Lean.Parser.Tactic.Grind.first took 0.449ms
interpretation of Lean.Parser.Tactic.Grind.grindTry_ took 0.407ms
interpretation of Lean.Parser.Tactic.Grind.failIfSuccess took 0.42ms
interpretation of Lean.Parser.Tactic.Grind.grindAdmit took 0.401ms
interpretation of Lean.Parser.Tactic.Grind.fail took 0.386ms
interpretation of Lean.Parser.Tactic.Grind.grindRepeat_ took 0.41ms
interpretation of Lean.Parser.Tactic.Grind.renameI took 0.406ms
interpretation of Lean.Parser.Tactic.Grind.exposeNames took 0.402ms
interpretation of Lean.Parser.Tactic.Grind.setOption took 0.396ms
interpretation of Lean.Parser.Tactic.Grind.setConfig took 0.414ms
interpretation of Lean.Parser.Tactic.Grind.haveSilent took 0.403ms
interpretation of Lean.Parser.Tactic.Grind.mbtc took 0.389ms
interpretation of Lean.Parser.Tactic.Grind.symIntro took 0.395ms
interpretation of Lean.Parser.Tactic.Grind.symIntroLight took 0.415ms
interpretation of Lean.Parser.Tactic.Grind.symIntros took 0.398ms
interpretation of Lean.Parser.Tactic.Grind.symIntrosLight took 0.407ms
interpretation of Lean.Parser.Tactic.Grind.symApply took 0.403ms
interpretation of Lean.Parser.Tactic.Grind.symInternalize took 0.405ms
interpretation of Lean.Parser.Tactic.Grind.symInternalizeAll took 0.411ms
interpretation of Lean.Parser.Tactic.Grind.symByContra took 0.403ms
interpretation of Lean.Parser.Tactic.Grind.symSimp took 0.399ms
interpretation of Lean.Parser.Tactic.Grind.symDSimp took 0.395ms
interpretation of Lean.Parser.Tactic.Grind.symRw took 0.389ms
interpretation of Lean.Parser.Tactic.Grind.grindExact_ took 0.407ms
interpretation of Lean.Parser.Tactic.Grind.symCbv took 0.399ms
interpretation of Lean.Parser.Tactic.Grind.bvNormalize took 0.669ms
interpretation of Lean.Parser.Tactic.Grind.bvDecide took 0.561ms
interpretation of Lean.Parser.Tactic.Grind.bvTrace took 0.457ms
interpretation of Lean.Parser.Tactic.Grind.bvCheck took 0.4ms
interpretation of Lean.Parser.Tactic.grind took 0.4ms
interpretation of Lean.Parser.Tactic.grindTrace took 0.422ms
interpretation of Lean.Parser.Tactic.sym took 0.695ms
interpretation of Lean.Parser.Tactic.cutsat took 0.394ms
interpretation of Lean.Parser.Tactic.lia took 0.392ms
interpretation of Lean.Parser.Tactic.grind_order took 0.396ms
interpretation of Lean.Parser.Tactic.grind_linarith took 0.4ms
interpretation of Lean.Parser.Tactic.grobner took 0.398ms
interpretation of Int.term-[_+1] took 0.405ms
interpretation of term[_] took 0.364ms
interpretation of term%[_|_] took 0.383ms
interpretation of List.term_<+_ took 0.427ms
interpretation of List.term_<+:_ took 0.385ms
interpretation of List.term_<:+_ took 0.383ms
interpretation of List.term_<:+:_ took 0.391ms
interpretation of List.term_~_ took 0.379ms
interpretation of tacticSimp_wf took 0.454ms
interpretation of tacticClean_wf took 0.395ms
interpretation of tacticDecreasing_trivial took 0.408ms
interpretation of tacticDecreasing_trivial_pre_omega took 0.401ms
interpretation of tacticDecreasing_with_ took 0.38ms
interpretation of tacticDecreasing_tactic took 0.505ms
interpretation of term__[_] took 0.397ms
interpretation of term__[_]'_ took 0.641ms
interpretation of term__[_]_? took 0.425ms
interpretation of term__[_]_! took 0.403ms
interpretation of term#[_,] took 0.389ms
interpretation of Lean.termEval_prec_ took 0.385ms
interpretation of Lean.termEval_prio_ took 0.553ms
interpretation of Lean.Parser.Tactic.tacticErw___ took 0.472ms
interpretation of Lean.Parser.Tactic.declareSimpLikeTactic took 0.44ms
interpretation of Lean.Parser.Tactic.simpAutoUnfold took 0.414ms
interpretation of Lean.Parser.Tactic.simpArith took 0.447ms
interpretation of Lean.Parser.Tactic.simpArithBang took 0.411ms
interpretation of Lean.Parser.Tactic.simpAllAutoUnfold took 0.407ms
interpretation of Lean.Parser.Tactic.simpAllArith took 0.397ms
interpretation of Lean.Parser.Tactic.simpAllArithBang took 0.414ms
interpretation of Lean.Parser.Tactic.dsimpAutoUnfold took 0.401ms
interpretation of Lean.Parser.Tactic.tacticIterate____ took 0.418ms
interpretation of Lean.Parser.Tactic.tacticRw_mod_cast___ took 0.433ms
interpretation of Lean.Parser.Tactic.tacticExact_mod_cast_ took 0.423ms
interpretation of Lean.Parser.Tactic.tacticApply_mod_cast_ took 0.417ms
interpretation of tacticBy_cases_:_ took 0.394ms
interpretation of Lean.Parser.Tactic.rcasesPat.quot took 0.403ms
interpretation of Lean.Parser.Tactic.rcasesPat.one took 0.395ms
interpretation of Lean.Parser.Tactic.rcasesPat.ignore took 0.399ms
interpretation of Lean.Parser.Tactic.rcasesPat.clear took 0.406ms
interpretation of Lean.Parser.Tactic.rcasesPat.explicit took 0.403ms
interpretation of Lean.Parser.Tactic.rcasesPat.tuple took 0.398ms
interpretation of Lean.Parser.Tactic.rcasesPat.paren took 0.41ms
interpretation of Lean.Parser.Tactic.rintroPat.quot took 0.47ms
interpretation of Lean.Parser.Tactic.rintroPat.one took 0.397ms
interpretation of Lean.Parser.Tactic.rintroPat.binder took 0.419ms
interpretation of Lean.Parser.Tactic.rcases took 0.466ms
interpretation of Lean.Parser.Tactic.obtain took 0.408ms
interpretation of Lean.Parser.Tactic.rintro took 0.421ms
interpretation of Lean.Parser.Tactic.Conv.conv.quot took 0.429ms
interpretation of Lean.Parser.Tactic.Conv.withAnnotateState took 0.421ms
interpretation of Lean.Parser.Tactic.Conv.skip took 0.4ms
interpretation of Lean.Parser.Tactic.Conv.cbv took 0.402ms
interpretation of Lean.Parser.Tactic.Conv.lhs took 0.396ms
interpretation of Lean.Parser.Tactic.Conv.rhs took 0.382ms
interpretation of Lean.Parser.Tactic.Conv.fun took 0.388ms
interpretation of Lean.Parser.Tactic.Conv.whnf took 0.737ms
interpretation of Lean.Parser.Tactic.Conv.zeta took 0.66ms
interpretation of Lean.Parser.Tactic.Conv.reduce took 0.67ms
interpretation of Lean.Parser.Tactic.Conv.congr took 0.45ms
interpretation of Lean.Parser.Tactic.Conv.arg took 0.465ms
interpretation of Lean.Parser.Tactic.Conv.ext took 0.4ms
interpretation of Lean.Parser.Tactic.Conv.change took 0.413ms
interpretation of Lean.Parser.Tactic.Conv.delta took 0.391ms
interpretation of Lean.Parser.Tactic.Conv.unfold took 0.39ms
interpretation of Lean.Parser.Tactic.Conv.pattern took 0.392ms
interpretation of Lean.Parser.Tactic.Conv.rewrite took 0.392ms
interpretation of Lean.Parser.Tactic.Conv.simp took 0.391ms
interpretation of Lean.Parser.Tactic.Conv.simpTrace took 0.402ms
interpretation of Lean.Parser.Tactic.Conv.dsimp took 0.391ms
interpretation of Lean.Parser.Tactic.Conv.dsimpTrace took 0.4ms
interpretation of Lean.Parser.Tactic.Conv.simpMatch took 0.408ms
interpretation of Lean.Parser.Tactic.Conv.clear took 0.387ms
interpretation of Lean.Parser.Tactic.Conv.nestedTacticCore took 0.407ms
interpretation of Lean.Parser.Tactic.Conv.nestedTactic took 0.408ms
interpretation of Lean.Parser.Tactic.Conv.convTactic took 0.395ms
interpretation of Lean.Parser.Tactic.Conv.nestedConv took 0.396ms
interpretation of Lean.Parser.Tactic.Conv.paren took 0.444ms
interpretation of Lean.Parser.Tactic.Conv.convRfl took 0.403ms
interpretation of Lean.Parser.Tactic.Conv.convDone took 0.4ms
interpretation of Lean.Parser.Tactic.Conv.convTrace_state took 0.408ms
interpretation of Lean.Parser.Tactic.Conv.allGoals took 0.391ms
interpretation of Lean.Parser.Tactic.Conv.anyGoals took 0.403ms
interpretation of Lean.Parser.Tactic.Conv.case took 0.385ms
interpretation of Lean.Parser.Tactic.Conv.case' took 0.395ms
interpretation of Lean.Parser.Tactic.Conv.convNext__=>_ took 0.433ms
interpretation of Lean.Parser.Tactic.Conv.focus took 0.388ms
interpretation of Lean.Parser.Tactic.Conv.convConvSeq took 0.399ms
interpretation of Lean.Parser.Tactic.Conv.conv·_ took 0.443ms
interpretation of Lean.Parser.Tactic.Conv.failIfSuccess took 0.458ms
interpretation of Lean.Parser.Tactic.Conv.convRw__ took 0.465ms
interpretation of Lean.Parser.Tactic.Conv.convErw__ took 0.416ms
interpretation of Lean.Parser.Tactic.Conv.convArgs took 0.397ms
interpretation of Lean.Parser.Tactic.Conv.convLeft took 0.39ms
interpretation of Lean.Parser.Tactic.Conv.convRight took 0.393ms
interpretation of Lean.Parser.Tactic.Conv.convIntro___ took 0.416ms
interpretation of Lean.Parser.Tactic.Conv.enter took 0.394ms
interpretation of Lean.Parser.Tactic.Conv.convApply_ took 0.403ms
interpretation of Lean.Parser.Tactic.Conv.first took 0.387ms
interpretation of Lean.Parser.Tactic.Conv.convTry_ took 0.406ms
interpretation of Lean.Parser.Tactic.Conv.conv_<;>_ took 0.418ms
interpretation of Lean.Parser.Tactic.Conv.convRepeat_ took 0.401ms
interpretation of Lean.Parser.Tactic.Conv.extractLets took 0.407ms
interpretation of Lean.Parser.Tactic.Conv.liftLets took 0.394ms
interpretation of Lean.Parser.Tactic.Conv.letToHave took 0.395ms
interpretation of Lean.Parser.Tactic.Conv.conv took 0.385ms
interpretation of Lean.Parser.Tactic.Conv.normCast took 0.403ms
interpretation of Lean.command__Unif_hint____Where_|_-⊢__ took 0.697ms
interpretation of term∃_,_ took 0.66ms
interpretation of termExists_,_ took 0.635ms
interpretation of termΣ_,_ took 0.704ms
interpretation of termΣ'_,_ took 0.608ms
interpretation of term_×__1 took 0.428ms
interpretation of term_×'__1 took 0.37ms
interpretation of Lean.calc took 0.365ms
interpretation of Lean.calcTactic took 0.368ms
interpretation of Lean.convCalc_ took 0.631ms
interpretation of tacticFunext___ took 0.628ms
interpretation of Lean.Parser.Command.classAbbrev took 0.44ms
interpretation of Lean.cdot took 0.399ms
interpretation of Lean.solveTactic took 0.378ms
interpretation of Lean.term_Matches_| took 0.392ms
interpretation of term{_} took 0.362ms
interpretation of Lean.Parser.Attr.ext took 0.383ms
interpretation of Lean.Elab.Tactic.Ext.ext took 0.425ms
interpretation of Lean.Elab.Tactic.Ext.applyExtTheorem took 0.428ms
interpretation of Lean.Elab.Tactic.Ext.tacticExt1___ took 0.407ms
interpretation of Lean.binderPred.quot took 0.389ms
interpretation of Lean.termSatisfies_binder_pred%__ took 0.413ms
interpretation of Lean.term∃__,_ took 0.386ms
interpretation of Lean.term∀__,_ took 0.383ms
interpretation of Lean.binderPred>_ took 0.376ms
interpretation of Lean.binderPred≥_ took 0.388ms
interpretation of Lean.binderPred<_ took 0.372ms
interpretation of Lean.binderPred≤_ took 0.376ms
interpretation of Lean.binderPred≠_ took 0.375ms
interpretation of Lean.binderPred∈_ took 0.383ms
interpretation of Lean.binderPred∉_ took 0.374ms
interpretation of Lean.binderPred⊆_ took 0.374ms
interpretation of Lean.binderPred⊂_ took 0.375ms
interpretation of Lean.binderPred⊇_ took 0.397ms
interpretation of Lean.binderPred⊃_ took 0.377ms
interpretation of Bool.term_^^_ took 0.413ms
interpretation of List.tacticSizeOf_list_dec took 0.392ms
interpretation of BitVec.term__#__ took 0.389ms
interpretation of BitVec.term__#'__ took 0.388ms
interpretation of Std.term_...* took 0.433ms
interpretation of Std.term*...* took 0.432ms
interpretation of Std.term_<...* took 0.398ms
interpretation of Std.term_...<_ took 0.387ms
interpretation of Std.term_..._ took 0.382ms
interpretation of Std.term*...<_ took 0.447ms
interpretation of Std.term*..._ took 0.394ms
interpretation of Std.term_<...<_ took 0.554ms
interpretation of Std.term_<..._ took 0.647ms
interpretation of Std.term_...=_ took 0.647ms
interpretation of Std.term*...=_ took 0.644ms
interpretation of Std.term_<...=_ took 0.681ms
interpretation of Vector.term#v[_,] took 0.435ms
interpretation of Std.Legacy.Range.term[:_] took 0.464ms
interpretation of Std.Legacy.Range.term[_:_] took 0.439ms
interpretation of Std.Legacy.Range.term[:_:_] took 0.409ms
interpretation of Std.Legacy.Range.term[_:_:_] took 0.412ms
interpretation of Array.term__[_:_] took 0.406ms
interpretation of Array.term__[_:] took 0.386ms
interpretation of Array.term__[:_] took 0.385ms
interpretation of String.Internal.tacticOrder took 0.386ms
interpretation of Array.tacticArray_get_dec took 0.394ms
interpretation of Array.tacticArray_mem_dec took 0.381ms
interpretation of Array.term_~_ took 0.369ms
interpretation of commandDeclare_uint_theorems__ took 0.424ms
interpretation of commandDeclare_bitwise_uint_theorems__ took 0.432ms
interpretation of commandDeclare_int_theorems__ took 0.475ms
interpretation of commandDeclare_bitwise_int_theorems__ took 0.421ms
interpretation of termPrintln!__ took 0.388ms
interpretation of termS!_ took 0.371ms
interpretation of Std.termF!_ took 0.374ms
interpretation of Vector.term_~_ took 0.386ms
interpretation of Rat.term_/._ took 0.487ms
interpretation of Lean.Parser.command_Grind_propagator___(_):=_ took 0.704ms
interpretation of Lean.Parser.command_Builtin_grind_propagator____:=_ took 0.597ms
interpretation of Lean.Parser.grindPropagatorBuiltinAttr took 0.435ms
interpretation of DerivingHelpers.tacticDeriving_ReflEq_tactic took 0.487ms
interpretation of tacticDeriving_LawfulEq_tactic_step took 0.451ms
interpretation of tacticDeriving_LawfulEq_tactic took 0.405ms
interpretation of Lean.Parser.Command.grindAnnotated took 0.418ms
interpretation of Lean.Grind.grindLintCheck took 0.437ms
interpretation of Lean.Grind.grindLintInspect took 0.402ms
interpretation of Lean.Grind.grindLintMute took 0.399ms
interpretation of Lean.Grind.grindLintSkip took 0.663ms
interpretation of Lean.Parser.Tactic.guardExpr took 0.752ms
interpretation of Lean.Parser.Tactic.guardExprConv took 0.702ms
interpretation of Lean.Parser.Tactic.guardTarget took 0.59ms
interpretation of Lean.Parser.Tactic.guardTargetConv took 0.414ms
interpretation of Lean.Parser.Tactic.guardHyp took 0.44ms
interpretation of Lean.Parser.Tactic.guardHypConv took 0.399ms
interpretation of Lean.Parser.Command.guardExprCmd took 0.414ms
interpretation of Lean.Parser.Command.guardCmd took 0.402ms
interpretation of Lean.Parser.command__Simproc__[_]_(_):=_ took 0.463ms
interpretation of Lean.Parser.command__Dsimproc__[_]_(_):=_ took 0.471ms
interpretation of Lean.Parser.command_Simproc_decl_(_):=_ took 0.601ms
interpretation of Lean.Parser.command_Dsimproc_decl_(_):=_ took 0.75ms
interpretation of Lean.Parser.command__Builtin_simproc__[_]_(_):=_ took 0.827ms
interpretation of Lean.Parser.command__Builtin_dsimproc__[_]_(_):=_ took 0.959ms
interpretation of Lean.Parser.command_Builtin_simproc_decl_(_):=_ took 0.71ms
interpretation of Lean.Parser.command_Builtin_dsimproc_decl_(_):=_ took 0.488ms
interpretation of Lean.Parser.simprocPattern took 0.471ms
interpretation of Lean.Parser.simprocPatternBuiltin took 0.424ms
interpretation of Lean.Parser.Attr.simprocAttr took 0.43ms
interpretation of Lean.Parser.Attr.sevalprocAttr took 0.408ms
interpretation of Lean.Parser.Attr.simprocBuiltinAttr took 0.447ms
interpretation of Lean.Parser.Attr.sevalprocBuiltinAttr took 0.407ms
interpretation of Lean.Parser.command__Cbv_simproc____(_):=_ took 0.487ms
interpretation of Lean.Parser.command_Cbv_simproc_decl_(_):=_ took 0.485ms
interpretation of Lean.Parser.command__Builtin_cbv_simproc____(_):=_ took 0.475ms
interpretation of Lean.Parser.command_Builtin_cbv_simproc_decl_(_):=_ took 0.49ms
interpretation of Lean.Parser.cbvSimprocPattern took 0.391ms
interpretation of Lean.Parser.cbvSimprocPatternBuiltin took 0.416ms
interpretation of Lean.Parser.Attr.cbvSimprocAttr took 0.395ms
interpretation of Lean.Parser.Attr.cbvSimprocBuiltinAttr took 0.473ms
interpretation of Lean.termMacro.trace[_]_ took 0.421ms
interpretation of Lean.Parser.Sym.Simp.sym_simproc.quot took 0.438ms
interpretation of Lean.Parser.Sym.Simp.sym_discharger.quot took 0.412ms
interpretation of Lean.Parser.Sym.Simp.ground took 0.444ms
interpretation of Lean.Parser.Sym.Simp.telescope took 0.395ms
interpretation of Lean.Parser.Sym.Simp.control took 0.441ms
interpretation of Lean.Parser.Sym.Simp.arrowTelescope took 0.409ms
interpretation of Lean.Parser.Sym.Simp.rewriteSet took 0.414ms
interpretation of Lean.Parser.Sym.Simp.rewriteInline took 0.453ms
interpretation of Lean.Parser.Sym.Simp.self took 0.605ms
interpretation of Lean.Parser.Sym.Simp.none took 0.604ms
interpretation of Lean.Parser.Sym.Simp.andThen took 0.553ms
interpretation of Lean.Parser.Sym.Simp.orElse took 0.391ms
interpretation of Lean.Parser.Sym.Simp.simprocParen took 0.41ms
interpretation of Lean.Parser.Sym.Simp.dischSelf took 0.39ms
interpretation of Lean.Parser.Sym.Simp.dischNone took 0.41ms
interpretation of Lean.Parser.Sym.Simp.dischParen took 0.392ms
interpretation of Lean.Parser.Sym.Simp.dischGrind took 0.401ms
interpretation of Lean.Parser.Command.sym_simp_field.quot took 0.411ms
interpretation of Lean.Parser.Command.symSimpFieldPre took 0.401ms
interpretation of Lean.Parser.Command.symSimpFieldPost took 0.405ms
interpretation of Lean.Parser.Command.symSimpFieldMaxSteps took 0.429ms
interpretation of Lean.Parser.Command.symSimpFieldMaxDischargeDepth took 0.433ms
interpretation of Lean.Parser.Command.registerSymSimp took 0.408ms
interpretation of Lean.Parser.Sym.DSimp.sym_dsimproc.quot took 0.428ms
interpretation of Lean.Parser.Sym.DSimp.none took 0.385ms
interpretation of Lean.Parser.Sym.DSimp.ground took 0.632ms
interpretation of Lean.Parser.Sym.DSimp.beta took 0.685ms
interpretation of Lean.Parser.Sym.DSimp.zeta took 0.667ms
interpretation of Lean.Parser.Sym.DSimp.zetaDelta took 0.689ms
interpretation of Lean.Parser.Sym.DSimp.proj took 0.669ms
interpretation of Lean.Parser.Sym.DSimp.reduceMatch took 0.704ms
interpretation of Lean.Parser.Sym.DSimp.andThen took 0.694ms
interpretation of Lean.Parser.Sym.DSimp.orElse took 0.728ms
interpretation of Lean.Parser.Sym.DSimp.dsimprocParen took 0.497ms
interpretation of Lean.Parser.Command.sym_dsimp_field.quot took 0.601ms
interpretation of Lean.Parser.Command.symDSimpFieldPre took 0.871ms
interpretation of Lean.Parser.Command.symDSimpFieldPost took 0.783ms
interpretation of Lean.Parser.Command.symDSimpFieldMaxSteps took 0.7ms
interpretation of Lean.Parser.Command.registerSymDSimp took 0.581ms
interpretation of Lean.Order.term_⊑_ took 0.571ms
interpretation of Lean.Order.term⊥ took 0.563ms
interpretation of Lean.Order.monotonicity took 0.483ms
interpretation of Lean.Parser.Tactic.tryTrace took 0.855ms
interpretation of Lean.Parser.Tactic.tryTraceWith took 1.07ms
interpretation of Lean.Parser.Tactic.attemptAll took 0.626ms
interpretation of Lean.Parser.Tactic.attemptAllPar took 0.487ms
interpretation of Lean.Parser.Tactic.firstPar took 0.403ms
interpretation of Lean.Parser.Tactic.tryResult took 0.405ms
interpretation of Lean.Parser.Command.registerTryTactic took 0.412ms
interpretation of tactic∎ took 0.366ms
interpretation of term∎ took 0.353ms
interpretation of Std.DHashMap.Raw.term_~m_ took 0.456ms
interpretation of Std.DHashMap.term_~m_ took 0.394ms
interpretation of Std.HashMap.term_~m_ took 0.394ms
interpretation of Std.HashSet.term_~m_ took 0.436ms
interpretation of Std.DTreeMap.Internal.Impl.tacticTree_tac took 0.418ms
interpretation of Std.DTreeMap.Internal.Impl.term✓ took 0.404ms
interpretation of Std.DTreeMap.Internal.Impl.term_~m_ took 0.414ms
interpretation of Std.DTreeMap.term_~m_ took 0.415ms
interpretation of Std.TreeMap.term_~m_ took 0.4ms
interpretation of Std.TreeSet.term_~m_ took 0.384ms
interpretation of Std.HashMap.Raw.term_~m_ took 0.428ms
interpretation of Lean.Option.registerBuiltinOption took 0.597ms
interpretation of Lean.Option.registerOption took 0.646ms
interpretation of Std.DTreeMap.Raw.term_~m_ took 0.427ms
interpretation of Std.TreeMap.Raw.term_~m_ took 0.402ms
interpretation of Lean.termM!_ took 0.526ms
interpretation of Lean.termThrowError__ took 0.546ms
interpretation of Lean.termThrowErrorAt____ took 0.548ms
interpretation of Lean.doElemTrace[_]__ took 0.56ms
interpretation of Lean.termRegister_parser_alias(Kind:=_)______ took 0.67ms
interpretation of Lean.PrettyPrinter.Delaborator.attrApp_delab_ took 0.643ms
interpretation of Lean.Doc.Syntax.arg_val.quot took 0.581ms
interpretation of Lean.Doc.Syntax.arg_str took 0.533ms
interpretation of Lean.Doc.Syntax.arg_ident took 0.533ms
interpretation of Lean.Doc.Syntax.arg_num took 0.539ms
interpretation of Lean.Doc.Syntax.doc_arg.quot took 0.543ms
interpretation of Lean.Doc.Syntax.anon took 0.525ms
interpretation of Lean.Doc.Syntax.named took 0.53ms
interpretation of Lean.Doc.Syntax.named_no_paren took 0.552ms
interpretation of Lean.Doc.Syntax.flag_on took 0.527ms
interpretation of Lean.Doc.Syntax.flag_off took 0.541ms
interpretation of Lean.Doc.Syntax.link_target.quot took 0.829ms
interpretation of Lean.Doc.Syntax.url took 0.857ms
interpretation of Lean.Doc.Syntax.ref took 0.908ms
interpretation of Lean.Doc.Syntax.inline.quot took 0.963ms
interpretation of Lean.Doc.Syntax.text took 0.843ms
interpretation of Lean.Doc.Syntax.emph took 0.669ms
interpretation of Lean.Doc.Syntax.bold took 0.579ms
interpretation of Lean.Doc.Syntax.link took 0.532ms
interpretation of Lean.Doc.Syntax.image took 0.55ms
interpretation of Lean.Doc.Syntax.footnote took 0.546ms
interpretation of Lean.Doc.Syntax.linebreak took 0.559ms
interpretation of Lean.Doc.Syntax.code took 0.542ms
interpretation of Lean.Doc.Syntax.role took 0.532ms
interpretation of Lean.Doc.Syntax.inline_math took 0.548ms
interpretation of Lean.Doc.Syntax.display_math took 0.564ms
interpretation of Lean.Doc.Syntax.block.quot took 0.54ms
interpretation of Lean.Doc.Syntax.list_item.quot took 0.564ms
interpretation of Lean.Doc.Syntax.li took 0.614ms
interpretation of Lean.Doc.Syntax.desc_item.quot took 0.624ms
interpretation of Lean.Doc.Syntax.desc took 0.538ms
interpretation of Lean.Doc.Syntax.para took 0.524ms
interpretation of Lean.Doc.Syntax.ul took 0.518ms
interpretation of Lean.Doc.Syntax.dl took 0.58ms
interpretation of Lean.Doc.Syntax.ol took 0.588ms
interpretation of Lean.Doc.Syntax.codeblock took 0.581ms
interpretation of Lean.Doc.Syntax.blockquote took 0.576ms
interpretation of Lean.Doc.Syntax.link_ref took 0.623ms
interpretation of Lean.Doc.Syntax.footnote_ref took 0.641ms
interpretation of Lean.Doc.Syntax.directive took 0.605ms
interpretation of Lean.Doc.Syntax.header took 0.576ms
interpretation of Lean.Doc.Syntax.metadata_block took 0.586ms
interpretation of Lean.Doc.Syntax.metadataContents took 0.572ms
interpretation of Lean.Doc.Syntax.command took 0.979ms
interpretation of Lean.Parser.Term.InternalSyntax.doSkip took 1.18ms
interpretation of Lean.Parser.Command.InternalSyntax.end_local_scope took 0.883ms
interpretation of Lean.Json.json.quot took 0.604ms
interpretation of Lean.Json.jsonNull took 0.528ms
interpretation of Lean.Json.jsonTrue took 0.516ms
interpretation of Lean.Json.jsonFalse took 0.517ms
interpretation of Lean.Json.json_ took 0.593ms
interpretation of Lean.Json.json-_ took 0.538ms
interpretation of Lean.Json.json-__1 took 0.538ms
interpretation of Lean.Json.json[_] took 0.537ms
interpretation of Lean.Json.json{_} took 0.546ms
interpretation of Lean.Json.termJson%_ took 0.543ms
interpretation of Lean.Linter.command_Register_linter_set_:=_ took 0.459ms
interpretation of adaptationNoteCmd took 12.2ms
interpretation of tactic#adaptation_note_ took 4.15ms
interpretation of adaptationNoteTermStx took 5.58ms
interpretation of lemma took 20.2ms
interpretation of Mathlib.Linter.HaveILetI.tacticHaveI__ took 11.7ms
interpretation of Mathlib.Linter.HaveILetI.tacticLetI__ took 5.81ms
interpretation of Lean.commandDeclare_uint_simprocs_ took 0.599ms
interpretation of Lean.commandDeclare_sint_simprocs_ took 0.572ms
interpretation of Lean.Parser.Command.registerSimpAttr took 0.582ms
interpretation of Batteries.Tactic.Lint.env_linter took 9.36ms
interpretation of Batteries.Tactic.Lint.nolint took 13.2ms
interpretation of Mathlib.Linter.UnusedTactic.command#allow_unused_tactic!___ took 27.1ms
interpretation of Mathlib.Linter.UnusedTactic.command#show_kind_ took 10.6ms
interpretation of Batteries.Tactic.unreachable took 5.96ms
interpretation of Batteries.Tactic.unreachableConv took 3.29ms
interpretation of Mathlib.Linter.Style.show took 8ms
interpretation of Mathlib.Command.MinImports.minImpsStx took 14.1ms
interpretation of Mathlib.Command.MinImports.command#min_importsIn_ took 5.95ms
interpretation of Mathlib.Tactic.ExtractGoal.extractGoal took 38.4ms
interpretation of Mathlib.GuardExceptions.parseCmd took 15.1ms
interpretation of Lean.Elab.Term.termSort* took 7.21ms
interpretation of Lean.Elab.Term.termType* took 4.54ms
interpretation of Batteries.Util.LibraryNote.commandLibrary_note___ took 17.7ms
interpretation of Batteries.Tactic.command#help_Option___ took 29.7ms
interpretation of Lean.Parser.rawIdent took 0.578ms
interpretation of Batteries.Tactic.command#help_AttrAttribute___ took 15.3ms
interpretation of Lean.Parser.rawIdent took 0.0071ms
interpretation of Batteries.Tactic.command#help_Cats___ took 9.01ms
interpretation of Lean.Parser.rawIdent took 0.0086ms
interpretation of Batteries.Tactic.command#help_Cat+______ took 23.7ms
interpretation of Lean.Parser.rawIdent took 0.0049ms
interpretation of Batteries.Tactic.command#help_Note___ took 15.9ms
interpretation of Lean.Parser.strLit took 0.76ms
interpretation of Batteries.Tactic.command#help_Term+____ took 9.28ms
interpretation of Lean.Parser.rawIdent took 0.0049ms
interpretation of Batteries.Tactic.command#help_Tactic+____ took 8.07ms
interpretation of Lean.Parser.rawIdent took 0.0062ms
interpretation of Batteries.Tactic.command#help_Conv+____ took 8.19ms
interpretation of Lean.Parser.rawIdent took 0.0047ms
interpretation of Batteries.Tactic.command#help_Command+____ took 11.2ms
interpretation of Lean.Parser.rawIdent took 0.0048ms
interpretation of wantedRef took 15.2ms
interpretation of theorem_wanted took 21.3ms
interpretation of proof_wanted took 7.81ms
interpretation of def_wanted took 9.37ms
interpretation of instance_wanted took 10.6ms
interpretation of command#find_home!_ took 13.1ms
interpretation of command#import_diff_ took 16.1ms
interpretation of command#min_imports took 4.1ms
interpretation of command#minimize_imports took 4.35ms
interpretation of command#redundant_imports took 4.79ms
interpretation of Lean.Elab.Command.openPrivate took 29.8ms
interpretation of Lean.Elab.Command.exportPrivate took 8.68ms
interpretation of Batteries.Tactic.Lint.command#lint+-*Only___ took 51.4ms
interpretation of Batteries.Tactic.Lint.command#list_linters took 5ms
interpretation of ProofWidgets.Jsx.proofWidgetsJsxElement.quot took 20.9ms
interpretation of ProofWidgets.Jsx.proofWidgetsJsxChild.quot took 8.63ms
interpretation of ProofWidgets.Jsx.proofWidgetsJsxAttr.quot took 9.56ms
interpretation of ProofWidgets.Jsx.proofWidgetsJsxAttrVal.quot took 8.42ms
interpretation of ProofWidgets.Jsx.proofWidgetsJsxAttrVal_ took 9.39ms
interpretation of ProofWidgets.Jsx.proofWidgetsJsxAttrVal{_} took 13.6ms
interpretation of ProofWidgets.Jsx.proofWidgetsJsxAttr_=_ took 8.39ms
interpretation of ProofWidgets.Jsx.proofWidgetsJsxAttr{..._} took 7.07ms
interpretation of ProofWidgets.Jsx.proofWidgetsJsxElement<__/> took 10.8ms
interpretation of ProofWidgets.Jsx.proofWidgetsJsxElement<__>_</_> took 12.8ms
interpretation of ProofWidgets.Jsx.proofWidgetsJsxChild_ took 4.88ms
interpretation of ProofWidgets.Jsx.jsxText took 8.7ms
interpretation of ProofWidgets.Jsx.proofWidgetsJsxChild{..._} took 6.08ms
interpretation of ProofWidgets.Jsx.proofWidgetsJsxChild{_} took 2.9ms
interpretation of ProofWidgets.Jsx.proofWidgetsJsxChild__1 took 3.21ms
interpretation of ProofWidgets.Jsx.term_ took 2.84ms
interpretation of Batteries.CodeAction.tactic_code_action took 17.7ms
interpretation of ProofWidgets.termMk_rpc_widget%_ took 8.78ms
interpretation of theorem_wanted.formatter took 0.606ms
interpretation of proof_wanted.formatter took 0.592ms
interpretation of def_wanted.formatter took 0.575ms
interpretation of instance_wanted.formatter took 0.596ms
interpretation of theorem_wanted.parenthesizer took 0.649ms
interpretation of proof_wanted.parenthesizer took 0.641ms
interpretation of def_wanted.parenthesizer took 0.696ms
interpretation of instance_wanted.parenthesizer took 0.683ms
interpretation of ProofWidgets.Jsx.delabHtmlElement took 0.673ms
interpretation of ProofWidgets.Jsx.delabHtmlOfComponent took 0.66ms
interpretation of _aux_Init_Notation___unexpand_Function_comp_1 took 0.161ms
interpretation of _aux_Init_Notation___unexpand_Prod_1 took 0.101ms
interpretation of _aux_Init_Notation___unexpand_PProd_1 took 0.0887ms
interpretation of _aux_Init_Notation___unexpand_Dvd_dvd_1 took 0.0962ms
interpretation of _aux_Init_Notation___unexpand_HOr_hOr_1 took 0.091ms
interpretation of _aux_Init_Notation___unexpand_HXor_hXor_1 took 0.102ms
interpretation of _aux_Init_Notation___unexpand_HAnd_hAnd_1 took 0.0888ms
interpretation of _aux_Init_Notation___unexpand_HAdd_hAdd_1 took 0.0938ms
interpretation of _aux_Init_Notation___unexpand_HSub_hSub_1 took 0.0898ms
interpretation of _aux_Init_Notation___unexpand_HMul_hMul_1 took 0.0907ms
interpretation of _aux_Init_Notation___unexpand_HDiv_hDiv_1 took 0.0955ms
interpretation of _aux_Init_Notation___unexpand_HMod_hMod_1 took 0.0889ms
interpretation of _aux_Init_Notation___unexpand_HShiftLeft_hShiftLeft_1 took 0.104ms
interpretation of _aux_Init_Notation___unexpand_HShiftRight_hShiftRight_1 took 0.102ms
interpretation of _aux_Init_Notation___unexpand_HPow_hPow_1 took 0.0885ms
interpretation of _aux_Init_Notation___unexpand_HAppend_hAppend_1 took 0.828ms
interpretation of _aux_Init_Notation___unexpand_Neg_neg_1 took 0.0956ms
interpretation of _aux_Init_Notation___unexpand_Complement_complement_1 took 0.0935ms
interpretation of _aux_Init_Notation___unexpand_Inv_inv_1 took 0.0888ms
interpretation of _aux_Init_Notation___unexpand_HSMul_hSMul_1 took 0.103ms
interpretation of _aux_Init_Notation___unexpand_GE_ge_1 took 0.0908ms
interpretation of _aux_Init_Notation___unexpand_LE_le_1 took 0.0874ms
interpretation of _aux_Init_Notation___unexpand_LE_le_2 took 0.0874ms
interpretation of _aux_Init_Notation___unexpand_LT_lt_1 took 0.0915ms
interpretation of _aux_Init_Notation___unexpand_GE_ge_2 took 0.0885ms
interpretation of _aux_Init_Notation___unexpand_GT_gt_1 took 0.0865ms
interpretation of _aux_Init_Notation___unexpand_Eq_1 took 0.0882ms
interpretation of _aux_Init_Notation___unexpand_BEq_beq_1 took 0.0884ms
interpretation of _aux_Init_Notation___unexpand_HEq_1 took 0.0867ms
interpretation of _aux_Init_Notation___unexpand_And_1 took 0.0853ms
interpretation of _aux_Init_Notation___unexpand_Or_1 took 0.0879ms
interpretation of _aux_Init_Notation___unexpand_Not_1 took 0.0859ms
interpretation of _aux_Init_Notation___unexpand_Bool_and_1 took 0.0887ms
interpretation of _aux_Init_Notation___unexpand_Bool_or_1 took 0.097ms
interpretation of _aux_Init_Notation___unexpand_Bool_not_1 took 0.0987ms
interpretation of _aux_Init_Notation___unexpand_Membership_mem_1 took 0.0901ms
interpretation of _aux_Init_Notation___unexpand_List_cons_1 took 0.0887ms
interpretation of _aux_Init_Notation___unexpand_Functor_map_1 took 0.0884ms
interpretation of _aux_Init_Notation___unexpand_Bind_bind_1 took 0.0874ms
interpretation of _aux_Init_Core___unexpand_Iff_1 took 0.0986ms
interpretation of _aux_Init_Core___unexpand_Iff_2 took 0.0874ms
interpretation of _aux_Init_Core___unexpand_Sum_1 took 0.0864ms
interpretation of _aux_Init_Core___unexpand_PSum_1 took 0.0885ms
interpretation of _aux_Init_Core___unexpand_HasEquiv_Equiv_1 took 0.0886ms
interpretation of _aux_Init_Core___unexpand_HasSubset_Subset_1 took 0.0895ms
interpretation of _aux_Init_Core___unexpand_HasSSubset_SSubset_1 took 0.0907ms
interpretation of _aux_Init_Core___unexpand_Superset_1 took 0.0874ms
interpretation of _aux_Init_Core___unexpand_SSuperset_1 took 0.0874ms
interpretation of _aux_Init_Core___unexpand_Union_union_1 took 0.0966ms
interpretation of _aux_Init_Core___unexpand_Inter_inter_1 took 0.0883ms
interpretation of _aux_Init_Core___unexpand_SDiff_sdiff_1 took 0.0909ms
interpretation of _aux_Init_Core___unexpand_EmptyCollection_emptyCollection_1 took 0.0943ms
interpretation of _aux_Init_Core___unexpand_EmptyCollection_emptyCollection_2 took 0.0933ms
interpretation of _aux_Init_Core___unexpand_bne_1 took 0.0864ms
interpretation of _aux_Init_Core___unexpand_Ne_1 took 0.0854ms
interpretation of _aux_Init_Control_Basic___unexpand_Functor_mapRev_1 took 0.0966ms
interpretation of _aux_Init_Control_Basic___unexpand_orM_1 took 0.0878ms
interpretation of _aux_Init_Control_Basic___unexpand_andM_1 took 0.0882ms
interpretation of _aux_Init_Control_Basic___unexpand_Bind_kleisliRight_1 took 0.0927ms
interpretation of _aux_Init_Control_Basic___unexpand_Bind_kleisliLeft_1 took 0.0922ms
interpretation of _aux_Init_Control_Basic___unexpand_Bind_bindLeft_1 took 0.0907ms
interpretation of Int._aux_Init_Data_Int_Basic___unexpand_Int_negSucc_1 took 0.0981ms
interpretation of List._aux_Init_Data_List_Basic___unexpand_List_Sublist_1 took 0.107ms
interpretation of List._aux_Init_Data_List_Basic___unexpand_List_IsPrefix_1 took 0.0971ms
interpretation of List._aux_Init_Data_List_Basic___unexpand_List_IsSuffix_1 took 0.0947ms
interpretation of List._aux_Init_Data_List_Basic___unexpand_List_IsInfix_1 took 0.092ms
interpretation of List._aux_Init_Data_List_Basic___unexpand_List_Perm_1 took 0.093ms
interpretation of unexpandUnit took 0.0835ms
interpretation of unexpandListNil took 0.0817ms
interpretation of unexpandListCons took 0.0815ms
interpretation of unexpandListToArray took 0.0823ms
interpretation of unexpandProdMk took 0.0785ms
interpretation of unexpandIte took 0.08ms
interpretation of unexpandEqNDRec took 0.0813ms
interpretation of unexpandEqRec took 0.0787ms
interpretation of unexpandExists took 0.08ms
interpretation of unexpandSigma took 0.0794ms
interpretation of unexpandPSigma took 0.0867ms
interpretation of unexpandSubtype took 0.0793ms
interpretation of unexpandTSyntax took 0.0786ms
interpretation of unexpandTSyntaxArray took 0.0813ms
interpretation of unexpandTSepArray took 0.081ms
interpretation of unexpandGetElem took 0.0794ms
interpretation of unexpandGetElem! took 0.0814ms
interpretation of unexpandGetElem? took 0.0806ms
interpretation of unexpandArrayEmpty took 0.0807ms
interpretation of unexpandMkArray0 took 0.0792ms
interpretation of unexpandMkArray1 took 0.0795ms
interpretation of unexpandMkArray2 took 0.0801ms
interpretation of unexpandMkArray3 took 0.0792ms
interpretation of unexpandMkArray4 took 0.0784ms
interpretation of unexpandMkArray5 took 0.0784ms
interpretation of unexpandMkArray6 took 0.0787ms
interpretation of unexpandMkArray7 took 0.0817ms
interpretation of unexpandMkArray8 took 0.079ms
interpretation of Lean.singletonUnexpander took 0.0847ms
interpretation of Lean.insertUnexpander took 0.083ms
interpretation of Bool._aux_Init_Data_Bool___unexpand_Bool_xor_1 took 0.0994ms
interpretation of BitVec.unexpandBitVecOfNat took 0.0889ms
interpretation of BitVec.unexpandBitVecOfNatLt took 0.0847ms
interpretation of Vector.unexpandMk took 0.0836ms
interpretation of Lean.Grind.toIntUnexpander took 0.0855ms
interpretation of Array._aux_Init_Data_Array_Perm___unexpand_Array_Perm_1 took 0.109ms
interpretation of Vector._aux_Init_Data_Vector_Perm___unexpand_Vector_Perm_1 took 0.0949ms
interpretation of Rat._aux_Init_Data_Rat_Basic___unexpand_Rat_divInt_1 took 0.0955ms
interpretation of Lean.Grind.nestedProofUnexpander took 0.086ms
interpretation of Lean.Grind.matchCondUnexpander took 0.0835ms
interpretation of Lean.Grind.eqMatchUnexpander took 0.0848ms
interpretation of Lean.Grind.offsetUnexpander took 0.0836ms
interpretation of Lean.Grind.natCastUnexpander took 0.0828ms
interpretation of Lean.Grind.markerUnexpander took 0.0831ms
interpretation of Lean.Grind.nodeDefUnexpander took 0.0839ms
interpretation of Lean.Grind.NodeDefUnexpander took 0.0831ms
interpretation of Lean.Grind.CommRing.OfCommSemiring.toQUnexpander took 0.0918ms
interpretation of Lean.Grind.leftInvUnexpander took 0.0832ms
interpretation of Lean.Order._aux_Init_Internal_Order_Basic___unexpand_Lean_Order_PartialOrder_rel_1 took 0.118ms
interpretation of Lean.Order._aux_Init_Internal_Order_Basic___unexpand_Lean_Order_bot_1 took 0.0983ms
interpretation of Lean.Try.markerUnexpander took 0.105ms
interpretation of Std.DHashMap.Raw._aux_Std_Data_DHashMap_Raw___unexpand_Std_DHashMap_Raw_Equiv_1 took 0.105ms
interpretation of Std.DHashMap._aux_Std_Data_DHashMap_Basic___unexpand_Std_DHashMap_Equiv_1 took 0.101ms
interpretation of Std.HashMap._aux_Std_Data_HashMap_Basic___unexpand_Std_HashMap_Equiv_1 took 0.106ms
interpretation of Std.HashSet._aux_Std_Data_HashSet_Basic___unexpand_Std_HashSet_Equiv_1 took 0.102ms
interpretation of Std.DTreeMap.Internal.Impl._aux_Std_Data_DTreeMap_Internal_Queries___unexpand_Std_DTreeMap_Internal_Impl_Equiv_1 took 0.098ms
interpretation of Std.DTreeMap._aux_Std_Data_DTreeMap_Basic___unexpand_Std_DTreeMap_Equiv_1 took 0.105ms
interpretation of Std.TreeMap._aux_Std_Data_TreeMap_Basic___unexpand_Std_TreeMap_Equiv_1 took 0.0992ms
interpretation of Std.TreeSet._aux_Std_Data_TreeSet_Basic___unexpand_Std_TreeSet_Equiv_1 took 0.106ms
interpretation of Std.HashMap.Raw._aux_Std_Data_HashMap_Raw___unexpand_Std_HashMap_Raw_Equiv_1 took 0.102ms
interpretation of Std.DTreeMap.Raw._aux_Std_Data_DTreeMap_Raw_Basic___unexpand_Std_DTreeMap_Raw_Equiv_1 took 0.108ms
interpretation of Std.TreeMap.Raw._aux_Std_Data_TreeMap_Raw_Basic___unexpand_Std_TreeMap_Raw_Equiv_1 took 0.114ms
interpretation of _aux_Init_Notation___macroRules_precMax_1 took 0.118ms
interpretation of _aux_Init_Notation___macroRules_precArg_1 took 0.0903ms
interpretation of _aux_Init_Notation___macroRules_precLead_1 took 0.0863ms
interpretation of _aux_Init_Notation___macroRules_prec(_)_1 took 0.0875ms
interpretation of _aux_Init_Notation___macroRules_precMin_1 took 0.0848ms
interpretation of _aux_Init_Notation___macroRules_precMin1_1 took 0.0858ms
interpretation of _aux_Init_Notation___macroRules_termMax_prec_1 took 0.0885ms
interpretation of _aux_Init_Notation___macroRules_prioDefault_1 took 0.0871ms
interpretation of _aux_Init_Notation___macroRules_prioLow_1 took 0.0851ms
interpretation of _aux_Init_Notation___macroRules_prioMid_1 took 0.084ms
interpretation of _aux_Init_Notation___macroRules_prioHigh_1 took 0.0844ms
interpretation of _aux_Init_Notation___macroRules_prio(_)_1 took 0.0866ms
interpretation of _aux_Init_Notation___macroRules_stx_+_1 took 0.0852ms
interpretation of _aux_Init_Notation___macroRules_stx_*_1 took 0.0947ms
interpretation of _aux_Init_Notation___macroRules_stx_?_1 took 0.0852ms
interpretation of _aux_Init_Notation___macroRules_stx_<|>__1 took 0.0878ms
interpretation of _aux_Init_Notation___macroRules_stx_,*_1 took 0.0872ms
interpretation of _aux_Init_Notation___macroRules_stx_,+_1 took 0.0858ms
interpretation of _aux_Init_Notation___macroRules_stx_,*,?_1 took 0.0885ms
interpretation of _aux_Init_Notation___macroRules_stx_,+,?_1 took 0.0881ms
interpretation of _aux_Init_Notation___macroRules_stx!__1 took 0.0853ms
interpretation of _aux_Init_Notation___macroRules_term_∘__1 took 0.0872ms
interpretation of _aux_Init_Notation___macroRules_term_×__1 took 0.0865ms
interpretation of _aux_Init_Notation___macroRules_term_×'__1 took 0.0876ms
interpretation of _aux_Init_Notation___macroRules_term_∣__1 took 0.0868ms
interpretation of _aux_Init_Notation___macroRules_term_|||__1 took 0.0882ms
interpretation of _aux_Init_Notation___macroRules_term_^^^__1 took 0.106ms
interpretation of _aux_Init_Notation___macroRules_term_&&&__1 took 0.0889ms
interpretation of _aux_Init_Notation___macroRules_term_+__1 took 0.0881ms
interpretation of _aux_Init_Notation___macroRules_term_-__1 took 0.0863ms
interpretation of _aux_Init_Notation___macroRules_term_*__1 took 0.0855ms
interpretation of _aux_Init_Notation___macroRules_term_/__1 took 0.0876ms
interpretation of _aux_Init_Notation___macroRules_term_%__1 took 0.0877ms
interpretation of _aux_Init_Notation___macroRules_term_<<<__1 took 0.0883ms
interpretation of _aux_Init_Notation___macroRules_term_>>>__1 took 0.0874ms
interpretation of _aux_Init_Notation___macroRules_term_^__1 took 0.0849ms
interpretation of _aux_Init_Notation___macroRules_term_++__1 took 0.0868ms
interpretation of _aux_Init_Notation___macroRules_term-__1 took 0.0869ms
interpretation of _aux_Init_Notation___macroRules_term~~~__1 took 0.0887ms
interpretation of _aux_Init_Notation___macroRules_term_⁻¹_1 took 0.0866ms
interpretation of _aux_Init_Notation___macroRules_term_•__1 took 0.0862ms
interpretation of _aux_Init_Notation___macroRules_term_|||__2 took 0.0875ms
interpretation of _aux_Init_Notation___macroRules_term_^^^__2 took 0.089ms
interpretation of _aux_Init_Notation___macroRules_term_&&&__2 took 0.0967ms
interpretation of _aux_Init_Notation___macroRules_term_+__2 took 0.0868ms
interpretation of _aux_Init_Notation___macroRules_term_-__2 took 0.0862ms
interpretation of _aux_Init_Notation___macroRules_term_*__2 took 0.0882ms
interpretation of _aux_Init_Notation___macroRules_term_/__2 took 0.11ms
interpretation of _aux_Init_Notation___macroRules_term_%__2 took 0.108ms
interpretation of _aux_Init_Notation___macroRules_term_^__2 took 0.087ms
interpretation of _aux_Init_Notation___macroRules_term_++__2 took 0.0893ms
interpretation of _aux_Init_Notation___macroRules_term-__2 took 0.0881ms
interpretation of _aux_Init_Notation___macroRules_term_•__2 took 0.106ms
interpretation of _aux_Init_Notation___macroRules_term_>=__1 took 0.123ms
interpretation of _aux_Init_Notation___macroRules_term_<=__1 took 0.131ms
interpretation of _aux_Init_Notation___macroRules_term_>=__2 took 0.131ms
interpretation of _aux_Init_Notation___macroRules_term_<=__2 took 0.132ms
interpretation of _aux_Init_Notation___macroRules_term_≤__1 took 0.168ms
interpretation of _aux_Init_Notation___macroRules_term_<__1 took 0.13ms
interpretation of _aux_Init_Notation___macroRules_term_≥__1 took 0.128ms
interpretation of _aux_Init_Notation___macroRules_term_>__1 took 0.127ms
interpretation of _aux_Init_Notation___macroRules_term_=__1 took 0.132ms
interpretation of _aux_Init_Notation___macroRules_term_==__1 took 0.134ms
interpretation of _aux_Init_Notation___macroRules_term_≍__1 took 0.127ms
interpretation of _aux_Init_Notation___macroRules_term_≤__2 took 0.123ms
interpretation of _aux_Init_Notation___macroRules_term_<__2 took 0.105ms
interpretation of _aux_Init_Notation___macroRules_term_>__2 took 0.0944ms
interpretation of _aux_Init_Notation___macroRules_term_≥__2 took 0.0868ms
interpretation of _aux_Init_Notation___macroRules_term_=__2 took 0.086ms
interpretation of _aux_Init_Notation___macroRules_term_==__2 took 0.0875ms
interpretation of _aux_Init_Notation___macroRules_term_∧__1 took 0.0882ms
interpretation of _aux_Init_Notation___macroRules_term_∨__1 took 0.0861ms
interpretation of _aux_Init_Notation___macroRules_term¬__1 took 0.0861ms
interpretation of _aux_Init_Notation___macroRules_term_&&__1 took 0.0867ms
interpretation of _aux_Init_Notation___macroRules_term_||__1 took 0.0872ms
interpretation of _aux_Init_Notation___macroRules_term!__1 took 0.0857ms
interpretation of _aux_Init_Notation___macroRules_term_∈__1 took 0.0908ms
interpretation of _aux_Init_Notation___macroRules_term_∉__1 took 0.0864ms
interpretation of _aux_Init_Notation___macroRules_term_::__1 took 0.0869ms
interpretation of _aux_Init_Notation___macroRules_term_<$>__1 took 0.0874ms
interpretation of _aux_Init_Notation___macroRules_term_>>=__1 took 0.101ms
interpretation of _aux_Init_Notation___macroRules_term_<|>__1 took 0.0882ms
interpretation of _aux_Init_Notation___macroRules_term_>>__1 took 0.087ms
interpretation of _aux_Init_Notation___macroRules_term_<*>__1 took 0.0896ms
interpretation of _aux_Init_Notation___macroRules_term_<*__1 took 0.0869ms
interpretation of _aux_Init_Notation___macroRules_term_*>__1 took 0.0865ms
interpretation of _aux_Init_Notation___macroRules_termDepIfThenElse_1 took 0.0881ms
interpretation of _aux_Init_Notation___macroRules_termIfThenElse_1 took 0.0856ms
interpretation of _aux_Init_Notation___macroRules_termIfLet_1 took 0.0855ms
interpretation of _aux_Init_Notation___macroRules_boolIfThenElse_1 took 0.0857ms
interpretation of _aux_Init_Notation___macroRules_term_<|__1 took 0.0869ms
interpretation of _aux_Init_Notation___macroRules_term_|>__1 took 0.0867ms
interpretation of _aux_Init_Notation___macroRules_term_$___1 took 0.0865ms
interpretation of _aux_Init_Notation___macroRules_term{_:_//_}_1 took 0.101ms
interpretation of _aux_Init_Notation___macroRules_termWithout_expected_type__1 took 0.103ms
interpretation of Lean.Parser._aux_Init_Notation___macroRules_Lean_Parser_commandSeal___1 took 0.101ms
interpretation of Lean.Parser._aux_Init_Notation___macroRules_Lean_Parser_commandUnseal___1 took 0.0966ms
interpretation of Lean.Parser.Tactic._aux_Init_Tactics___macroRules_Lean_Parser_Tactic_tacticExfalso_1 took 0.159ms
interpretation of Lean.Parser.Tactic._aux_Init_Tactics___macroRules_Lean_Parser_Tactic_tacticNext_=>__1 took 0.103ms
interpretation of Lean.Parser.Tactic._aux_Init_Tactics___macroRules_Lean_Parser_Tactic_tacticTry__1 took 0.105ms
interpretation of Lean.Parser.Tactic._aux_Init_Tactics___macroRules_Lean_Parser_Tactic_tactic_<;>__1 took 0.1ms
interpretation of Lean.Parser.Tactic._aux_Init_Tactics___macroRules_Lean_Parser_Tactic_tacticRfl_1 took 0.0999ms
interpretation of Lean.Parser.Tactic._aux_Init_Tactics___macroRules_Lean_Parser_Tactic_tacticRfl_2 took 0.12ms
interpretation of Lean.Parser.Tactic._aux_Init_Tactics___macroRules_Lean_Parser_Tactic_tacticRfl_3 took 0.108ms
interpretation of Lean.Parser.Tactic._aux_Init_Tactics___macroRules_Lean_Parser_Tactic_tacticRfl'_1 took 0.1ms
interpretation of Lean.Parser.Tactic._aux_Init_Tactics___macroRules_Lean_Parser_Tactic_tacticSorry_1 took 0.0986ms
interpretation of Lean.Parser.Tactic._aux_Init_Tactics___macroRules_Lean_Parser_Tactic_tacticAdmit_1 took 0.0983ms
interpretation of Lean.Parser.Tactic._aux_Init_Tactics___macroRules_Lean_Parser_Tactic_tacticInfer_instance_1 took 0.109ms
interpretation of Lean.Parser.Tactic._aux_Init_Tactics___macroRules_Lean_Parser_Tactic_rwSeq_1 took 0.126ms
interpretation of Lean.Parser.Tactic._aux_Init_Tactics___macroRules_Lean_Parser_Tactic_tacticRwa___1 took 0.102ms
interpretation of Lean.Parser.Tactic._aux_Init_Tactics___macroRules_Lean_Parser_Tactic_tacticSimp?!__1 took 0.153ms
interpretation of Lean.Parser.Tactic._aux_Init_Tactics___macroRules_Lean_Parser_Tactic_tacticSimp_all?!__1 took 0.157ms
interpretation of Lean.Parser.Tactic._aux_Init_Tactics___macroRules_Lean_Parser_Tactic_tacticDsimp?!__1 took 0.104ms
interpretation of Lean.Parser.Tactic._aux_Init_Tactics___macroRules_Lean_Parser_Tactic_tacticSimpa!__1 took 0.101ms
interpretation of Lean.Parser.Tactic._aux_Init_Tactics___macroRules_Lean_Parser_Tactic_tacticSimpa?__1 took 0.102ms
interpretation of Lean.Parser.Tactic._aux_Init_Tactics___macroRules_Lean_Parser_Tactic_tacticSimpa?!__1 took 0.155ms
interpretation of Lean.Parser.Tactic._aux_Init_Tactics___macroRules_Lean_Parser_Tactic_tacticSimpa!__1_1 took 0.123ms
interpretation of Lean.Parser.Tactic._aux_Init_Tactics___macroRules_Lean_Parser_Tactic_tacticSimpa?__1_1 took 0.121ms
interpretation of Lean.Parser.Tactic._aux_Init_Tactics___macroRules_Lean_Parser_Tactic_tacticSimpa?!__1_1 took 0.101ms
interpretation of Lean.Parser.Tactic._aux_Init_Tactics___macroRules_Lean_Parser_Tactic_tacticRefine_lift__1 took 0.102ms
interpretation of Lean.Parser.Tactic._aux_Init_Tactics___macroRules_Lean_Parser_Tactic_tacticHave___1 took 0.0989ms
interpretation of Lean.Parser.Tactic._aux_Init_Tactics___macroRules_Lean_Parser_Tactic_tacticSuffices__1 took 0.106ms
interpretation of Lean.Parser.Tactic._aux_Init_Tactics___macroRules_Lean_Parser_Tactic_tacticLet___1 took 0.104ms
interpretation of Lean.Parser.Tactic._aux_Init_Tactics___macroRules_Lean_Parser_Tactic_letrec_1 took 0.0973ms
interpretation of Lean.Parser.Tactic._aux_Init_Tactics___macroRules_Lean_Parser_Tactic_tacticRefine_lift'__1 took 0.109ms
interpretation of Lean.Parser.Tactic._aux_Init_Tactics___macroRules_Lean_Parser_Tactic_tacticHave'_1 took 0.103ms
interpretation of Lean.Parser.Tactic._aux_Init_Tactics___macroRules_Lean_Parser_Tactic_tacticLet'___1 took 0.0999ms
interpretation of Lean.Parser.Tactic._aux_Init_Tactics___macroRules_Lean_Parser_Tactic_tacticStop__1 took 0.0972ms
interpretation of Lean.Parser.Tactic._aux_Init_Tactics___macroRules_Lean_Parser_Tactic_tacticUnhygienic__1 took 0.0987ms
interpretation of Lean.Parser.Tactic._aux_Init_Tactics___macroRules_Lean_Parser_Tactic_tacticExists_,,_1 took 0.103ms
interpretation of Lean.Parser.Tactic._aux_Init_Tactics___macroRules_Lean_Parser_Tactic_tacticNofun_1 took 0.109ms
interpretation of Lean.Parser.Tactic._aux_Init_Tactics___macroRules_Lean_Parser_Tactic_tacticNomatch_,,_1 took 0.102ms
interpretation of Lean.Parser.Tactic._aux_Init_Tactics___macroRules_Lean_Parser_Tactic_tacticAnd_intros_1 took 0.1ms
interpretation of Lean.Parser.Tactic._aux_Init_Tactics___macroRules_Lean_Parser_Tactic_tacticHaveI___1 took 0.1ms
interpretation of Lean.Parser.Tactic._aux_Init_Tactics___macroRules_Lean_Parser_Tactic_tacticLetI___1 took 0.0982ms
interpretation of Lean.Parser.Tactic._aux_Init_Tactics___macroRules_Lean_Parser_Tactic_tacticTrivial_1 took 0.0983ms
interpretation of Lean.Parser.Tactic._aux_Init_Tactics___macroRules_Lean_Parser_Tactic_tacticTrivial_2 took 0.0984ms
interpretation of Lean.Parser.Tactic._aux_Init_Tactics___macroRules_Lean_Parser_Tactic_tacticTrivial_3 took 0.0997ms
interpretation of Lean.Parser.Tactic._aux_Init_Tactics___macroRules_Lean_Parser_Tactic_tacticTrivial_4 took 0.0994ms
interpretation of Lean.Parser.Tactic._aux_Init_Tactics___macroRules_Lean_Parser_Tactic_tacticTrivial_5 took 0.098ms
interpretation of Lean.Parser.Tactic._aux_Init_Tactics___macroRules_Lean_Parser_Tactic_tacticTrivial_6 took 0.099ms
interpretation of Lean.Parser.Tactic._aux_Init_Tactics___macroRules_Lean_Parser_Tactic_tacticBv_omega_1 took 0.0987ms
interpretation of Lean.Parser.Tactic._aux_Init_Tactics___macroRules_Lean_Parser_Tactic_tacticAssumption_mod_cast__1 took 0.103ms
interpretation of Lean.Parser.Tactic._aux_Init_Tactics___macroRules_Lean_Parser_Tactic_tacticNorm_cast___1 took 0.113ms
interpretation of Lean.Parser.Tactic._aux_Init_Tactics___macroRules_Lean_Parser_Tactic_tacticAc_nf__1 took 0.0988ms
interpretation of Lean.Parser.Tactic._aux_Init_Tactics___macroRules_Lean_Parser_Tactic_showTermElab_1 took 0.0977ms
interpretation of Lean.Parser.Tactic._aux_Init_Tactics___macroRules_Lean_Parser_Tactic_by?_1 took 0.0965ms
interpretation of Lean.Parser.Tactic._aux_Init_Tactics___macroRules_Lean_Parser_Tactic_massumptionMacro_1 took 0.0994ms
interpretation of Lean.Parser.Tactic._aux_Init_Tactics___macroRules_Lean_Parser_Tactic_mclearMacro_1 took 0.097ms
interpretation of Lean.Parser.Tactic._aux_Init_Tactics___macroRules_Lean_Parser_Tactic_mconstructorMacro_1 took 0.098ms
interpretation of Lean.Parser.Tactic._aux_Init_Tactics___macroRules_Lean_Parser_Tactic_mexactMacro_1 took 0.0971ms
interpretation of Lean.Parser.Tactic._aux_Init_Tactics___macroRules_Lean_Parser_Tactic_mexfalsoMacro_1 took 0.0995ms
interpretation of Lean.Parser.Tactic._aux_Init_Tactics___macroRules_Lean_Parser_Tactic_mexistsMacro_1 took 0.0994ms
interpretation of Lean.Parser.Tactic._aux_Init_Tactics___macroRules_Lean_Parser_Tactic_mframeMacro_1 took 0.102ms
interpretation of Lean.Parser.Tactic._aux_Init_Tactics___macroRules_Lean_Parser_Tactic_mhaveMacro_1 took 0.0999ms
interpretation of Lean.Parser.Tactic._aux_Init_Tactics___macroRules_Lean_Parser_Tactic_mreplaceMacro_1 took 0.0987ms
interpretation of Lean.Parser.Tactic._aux_Init_Tactics___macroRules_Lean_Parser_Tactic_mleftMacro_1 took 0.099ms
interpretation of Lean.Parser.Tactic._aux_Init_Tactics___macroRules_Lean_Parser_Tactic_mrightMacro_1 took 0.108ms
interpretation of Lean.Parser.Tactic._aux_Init_Tactics___macroRules_Lean_Parser_Tactic_mpureMacro_1 took 0.0992ms
interpretation of Lean.Parser.Tactic._aux_Init_Tactics___macroRules_Lean_Parser_Tactic_mpureIntroMacro_1 took 0.099ms
interpretation of Lean.Parser.Tactic._aux_Init_Tactics___macroRules_Lean_Parser_Tactic_mrevertMacro_1 took 0.0987ms
interpretation of Lean.Parser.Tactic._aux_Init_Tactics___macroRules_Lean_Parser_Tactic_mrenameIMacro_1 took 0.0986ms
interpretation of Lean.Parser.Tactic._aux_Init_Tactics___macroRules_Lean_Parser_Tactic_mspecializeMacro_1 took 0.0981ms
interpretation of Lean.Parser.Tactic._aux_Init_Tactics___macroRules_Lean_Parser_Tactic_mspecializePureMacro_1 took 0.0995ms
interpretation of Lean.Parser.Tactic._aux_Init_Tactics___macroRules_Lean_Parser_Tactic_mstartMacro_1 took 0.0985ms
interpretation of Lean.Parser.Tactic._aux_Init_Tactics___macroRules_Lean_Parser_Tactic_mstopMacro_1 took 0.0963ms
interpretation of Lean.Parser.Tactic._aux_Init_Tactics___macroRules_Lean_Parser_Tactic_mleaveMacro_1 took 0.0965ms
interpretation of Lean.Parser.Tactic._aux_Init_Tactics___macroRules_Lean_Parser_Tactic_mcasesMacro_1 took 0.128ms
interpretation of Lean.Parser.Tactic._aux_Init_Tactics___macroRules_Lean_Parser_Tactic_mrefineMacro_1 took 0.123ms
interpretation of Lean.Parser.Tactic._aux_Init_Tactics___macroRules_Lean_Parser_Tactic_mintroMacro_1 took 0.17ms
interpretation of Lean.Parser.Tactic._aux_Init_Tactics___macroRules_Lean_Parser_Tactic_mspecMacro_1 took 0.157ms
interpretation of Lean.Parser.Tactic._aux_Init_Tactics___macroRules_Lean_Parser_Tactic_mvcgenMacro_1 took 0.135ms
interpretation of Lean.Parser.Tactic._aux_Init_Tactics___macroRules_Lean_Parser_Tactic_vcgenMacro_1 took 0.137ms
interpretation of _aux_Init_Tactics___macroRules_term‹_›_1 took 0.158ms
interpretation of _aux_Init_Tactics___macroRules_tacticGet_elem_tactic_extensible_1 took 0.148ms
interpretation of _aux_Init_Tactics___macroRules_tacticGet_elem_tactic_extensible_2 took 0.143ms
interpretation of _aux_Init_Tactics___macroRules_tacticGet_elem_tactic_extensible_3 took 0.172ms
interpretation of _aux_Init_Tactics___macroRules_tacticGet_elem_tactic_1 took 0.163ms
interpretation of _aux_Init_Core___macroRules_term_<->__1 took 0.162ms
interpretation of _aux_Init_Core___macroRules_term_↔__1 took 0.156ms
interpretation of _aux_Init_Core___macroRules_term_⊕__1 took 0.152ms
interpretation of _aux_Init_Core___macroRules_term_⊕'__1 took 0.145ms
interpretation of _aux_Init_Core___macroRules_term_≈__1 took 0.134ms
interpretation of _aux_Init_Core___macroRules_term_⊆__1 took 0.159ms
interpretation of _aux_Init_Core___macroRules_term_⊂__1 took 0.139ms
interpretation of _aux_Init_Core___macroRules_term_⊇__1 took 0.185ms
interpretation of _aux_Init_Core___macroRules_term_⊃__1 took 0.14ms
interpretation of _aux_Init_Core___macroRules_term_∪__1 took 0.137ms
interpretation of _aux_Init_Core___macroRules_term_∩__1 took 0.134ms
interpretation of _aux_Init_Core___macroRules_term_\__1 took 0.138ms
interpretation of _aux_Init_Core___macroRules_term{}_1 took 0.151ms
interpretation of _aux_Init_Core___macroRules_term∅_1 took 0.133ms
interpretation of _aux_Init_Core___macroRules_term_!=__1 took 0.136ms
interpretation of _aux_Init_Core___macroRules_term_!=__2 took 0.189ms
interpretation of _aux_Init_Core___macroRules_term_≠__1 took 0.131ms
interpretation of _aux_Init_Core___macroRules_term_≠__2 took 0.139ms
interpretation of _aux_Init_Core___macroRules_Lean_Parser_Tactic_tacticRfl_1 took 0.146ms
interpretation of _aux_Init_Control_Basic___macroRules_term_<&>__1 took 0.144ms
interpretation of _aux_Init_Control_Basic___macroRules_term_<||>__1 took 0.148ms
interpretation of _aux_Init_Control_Basic___macroRules_term_<&&>__1 took 0.133ms
interpretation of _aux_Init_Control_Basic___macroRules_term_>=>__1 took 0.134ms
interpretation of _aux_Init_Control_Basic___macroRules_term_<=<__1 took 0.145ms
interpretation of _aux_Init_Control_Basic___macroRules_term_=<<__1 took 0.157ms
interpretation of Lean.Parser.Tactic.Grind._aux_Init_Grind_Interactive___macroRules_Lean_Parser_Tactic_Grind_use_1 took 0.214ms
interpretation of Lean.Parser.Tactic.Grind._aux_Init_Grind_Interactive___macroRules_Lean_Parser_Tactic_Grind_grind·__1 took 0.17ms
interpretation of Lean.Parser.Tactic.Grind._aux_Init_Grind_Interactive___macroRules_Lean_Parser_Tactic_Grind_grind_<;>__1 took 0.129ms
interpretation of Lean.Parser.Tactic.Grind._aux_Init_Grind_Interactive___macroRules_Lean_Parser_Tactic_Grind_grindTry__1 took 0.157ms
interpretation of Lean.Parser.Tactic.Grind._aux_Init_Grind_Interactive___macroRules_Lean_Parser_Tactic_Grind_grindAdmit_1 took 0.157ms
interpretation of Lean.Parser.Tactic.Grind._aux_Init_Grind_Interactive___macroRules_Lean_Parser_Tactic_Grind_grindRepeat__1 took 0.145ms
interpretation of Lean.Parser.Tactic.Grind._aux_Init_Grind_Interactive___macroRules_Lean_Parser_Tactic_Grind_symIntroLight_1 took 0.119ms
interpretation of Lean.Parser.Tactic.Grind._aux_Init_Grind_Interactive___macroRules_Lean_Parser_Tactic_Grind_symIntrosLight_1 took 0.133ms
interpretation of Lean.Parser.Tactic.Grind._aux_Init_Grind_Interactive___macroRules_Lean_Parser_Tactic_Grind_grindExact__1 took 0.118ms
interpretation of Int._aux_Init_Data_Int_Basic___macroRules_Int_term-[_+1]_1 took 0.15ms
interpretation of Lean._aux_Init_Data_List_Notation___macroRules_term[_]_1 took 0.171ms
interpretation of List._aux_Init_Data_List_Basic___macroRules_List_term_<+__1 took 0.143ms
interpretation of List._aux_Init_Data_List_Basic___macroRules_List_term_<+:__1 took 0.167ms
interpretation of List._aux_Init_Data_List_Basic___macroRules_List_term_<:+__1 took 0.138ms
interpretation of List._aux_Init_Data_List_Basic___macroRules_List_term_<:+:__1 took 0.141ms
interpretation of List._aux_Init_Data_List_Basic___macroRules_List_term_~__1 took 0.132ms
interpretation of _aux_Init_WFTactics___macroRules_tacticSimp_wf_1 took 0.146ms
interpretation of _aux_Init_WFTactics___macroRules_tacticClean_wf_1 took 0.154ms
interpretation of _aux_Init_WFTactics___macroRules_tacticDecreasing_trivial_1 took 0.132ms
interpretation of _aux_Init_WFTactics___macroRules_tacticDecreasing_trivial_2 took 0.125ms
interpretation of _aux_Init_WFTactics___macroRules_tacticDecreasing_trivial_3 took 0.137ms
interpretation of _aux_Init_WFTactics___macroRules_tacticDecreasing_trivial_pre_omega_1 took 0.133ms
interpretation of _aux_Init_WFTactics___macroRules_tacticDecreasing_trivial_pre_omega_2 took 0.149ms
interpretation of _aux_Init_WFTactics___macroRules_tacticDecreasing_trivial_pre_omega_3 took 0.142ms
interpretation of _aux_Init_WFTactics___macroRules_tacticDecreasing_with__1 took 0.154ms
interpretation of _aux_Init_WFTactics___macroRules_tacticDecreasing_tactic_1 took 0.13ms
interpretation of _aux_Init_GetElem___macroRules_term__[_]_1 took 0.148ms
interpretation of _aux_Init_GetElem___macroRules_term__[_]'__1 took 0.153ms
interpretation of _aux_Init_GetElem___macroRules_term__[_]_?_1 took 0.146ms
interpretation of _aux_Init_GetElem___macroRules_term__[_]_!_1 took 0.0996ms
interpretation of Fin._aux_Init_GetElem___macroRules_tacticGet_elem_tactic_extensible_1 took 0.105ms
interpretation of _aux_Init_Data_Array_Basic___macroRules_term#[_,]_1 took 0.101ms
interpretation of Lean._aux_Init_Meta___macroRules_Lean_Parser_Syntax_addPrec_1 took 0.11ms
interpretation of Lean._aux_Init_Meta___macroRules_Lean_Parser_Syntax_subPrec_1 took 0.094ms
interpretation of Lean._aux_Init_Meta___macroRules_Lean_termEval_prec__1 took 0.106ms
interpretation of Lean._aux_Init_Meta___macroRules_Lean_Parser_Syntax_addPrio_1 took 0.125ms
interpretation of Lean._aux_Init_Meta___macroRules_Lean_Parser_Syntax_subPrio_1 took 0.107ms
interpretation of Lean._aux_Init_Meta___macroRules_Lean_termEval_prio__1 took 0.107ms
interpretation of Lean.Parser.Tactic._aux_Init_Meta___macroRules_Lean_Parser_Tactic_tacticErw____1 took 0.114ms
interpretation of Lean.Parser.Tactic._aux_Init_Meta___macroRules_Lean_Parser_Tactic_declareSimpLikeTactic_1 took 0.102ms
interpretation of Lean.Parser.Tactic.expandSimp._@.Init.Meta.4021577198._hygCtx._hyg.3 took 0.102ms
interpretation of Lean.Parser.Tactic.expandSimp._@.Init.Meta.3079349156._hygCtx._hyg.3 took 0.112ms
interpretation of Lean.Parser.Tactic.expandSimp._@.Init.Meta.4207919134._hygCtx._hyg.3 took 0.115ms
interpretation of Lean.Parser.Tactic._aux_Init_TacticsExtra___macroRules_Lean_Parser_Tactic_tacDepIfThenElse_1 took 0.105ms
interpretation of Lean.Parser.Tactic._aux_Init_TacticsExtra___macroRules_Lean_Parser_Tactic_tacIfThenElse_1 took 0.126ms
interpretation of Lean.Parser.Tactic._aux_Init_TacticsExtra___macroRules_Lean_Parser_Tactic_tacticIterate_____1 took 0.132ms
interpretation of Lean.Parser.Tactic._aux_Init_TacticsExtra___macroRules_Lean_Parser_Tactic_tacticRw_mod_cast____1 took 0.11ms
interpretation of Lean.Parser.Tactic._aux_Init_TacticsExtra___macroRules_Lean_Parser_Tactic_tacticExact_mod_cast__1 took 0.113ms
interpretation of Lean.Parser.Tactic._aux_Init_TacticsExtra___macroRules_Lean_Parser_Tactic_tacticApply_mod_cast__1 took 0.103ms
interpretation of _aux_Init_ByCases___macroRules_tacticBy_cases_:__1 took 0.097ms
interpretation of _aux_Init_ByCases___macroRules_tacticBy_cases_:__2 took 0.0916ms
interpretation of Lean.Parser.Tactic.Conv._aux_Init_Conv___macroRules_Lean_Parser_Tactic_Conv_convRfl_1 took 0.139ms
interpretation of Lean.Parser.Tactic.Conv._aux_Init_Conv___macroRules_Lean_Parser_Tactic_Conv_convDone_1 took 0.124ms
interpretation of Lean.Parser.Tactic.Conv._aux_Init_Conv___macroRules_Lean_Parser_Tactic_Conv_convTrace_state_1 took 0.158ms
interpretation of Lean.Parser.Tactic.Conv._aux_Init_Conv___macroRules_Lean_Parser_Tactic_Conv_allGoals_1 took 0.143ms
interpretation of Lean.Parser.Tactic.Conv._aux_Init_Conv___macroRules_Lean_Parser_Tactic_Conv_anyGoals_1 took 0.142ms
interpretation of Lean.Parser.Tactic.Conv._aux_Init_Conv___macroRules_Lean_Parser_Tactic_Conv_case_1 took 0.142ms
interpretation of Lean.Parser.Tactic.Conv._aux_Init_Conv___macroRules_Lean_Parser_Tactic_Conv_case'_1 took 0.159ms
interpretation of Lean.Parser.Tactic.Conv._aux_Init_Conv___macroRules_Lean_Parser_Tactic_Conv_convNext__=>__1 took 0.16ms
interpretation of Lean.Parser.Tactic.Conv._aux_Init_Conv___macroRules_Lean_Parser_Tactic_Conv_focus_1 took 0.218ms
interpretation of Lean.Parser.Tactic.Conv._aux_Init_Conv___macroRules_Lean_Parser_Tactic_Conv_conv·__1 took 0.121ms
interpretation of Lean.Parser.Tactic.Conv._aux_Init_Conv___macroRules_Lean_Parser_Tactic_Conv_failIfSuccess_1 took 0.133ms
interpretation of Lean.Parser.Tactic.Conv._aux_Init_Conv___macroRules_Lean_Parser_Tactic_Conv_convRw___1 took 0.117ms
interpretation of Lean.Parser.Tactic.Conv._aux_Init_Conv___macroRules_Lean_Parser_Tactic_Conv_convErw___1 took 0.105ms
interpretation of Lean.Parser.Tactic.Conv._aux_Init_Conv___macroRules_Lean_Parser_Tactic_Conv_convArgs_1 took 0.103ms
interpretation of Lean.Parser.Tactic.Conv._aux_Init_Conv___macroRules_Lean_Parser_Tactic_Conv_convLeft_1 took 0.1ms
interpretation of Lean.Parser.Tactic.Conv._aux_Init_Conv___macroRules_Lean_Parser_Tactic_Conv_convRight_1 took 0.1ms
interpretation of Lean.Parser.Tactic.Conv._aux_Init_Conv___macroRules_Lean_Parser_Tactic_Conv_convIntro____1 took 0.107ms
interpretation of Lean.Parser.Tactic.Conv._aux_Init_Conv___macroRules_Lean_Parser_Tactic_Conv_convApply__1 took 0.136ms
interpretation of Lean.Parser.Tactic.Conv._aux_Init_Conv___macroRules_Lean_Parser_Tactic_Conv_convTry__1 took 0.12ms
interpretation of Lean.Parser.Tactic.Conv._aux_Init_Conv___macroRules_Lean_Parser_Tactic_Conv_conv_<;>__1 took 0.109ms
interpretation of Lean.Parser.Tactic.Conv._aux_Init_Conv___macroRules_Lean_Parser_Tactic_Conv_convRepeat__1 took 0.111ms
interpretation of Lean._aux_Init_NotationExtra___macroRules_Lean_command__Unif_hint____Where_|_-⊢___1 took 0.127ms
interpretation of _aux_Init_NotationExtra___macroRules_term∃_,__1 took 0.106ms
interpretation of _aux_Init_NotationExtra___macroRules_termExists_,__1 took 0.093ms
interpretation of _aux_Init_NotationExtra___macroRules_termΣ_,__1 took 0.0922ms
interpretation of _aux_Init_NotationExtra___macroRules_termΣ'_,__1 took 0.0914ms
interpretation of _aux_Init_NotationExtra___macroRules_term_×__1_1 took 0.0963ms
interpretation of _aux_Init_NotationExtra___macroRules_term_×'__1_1 took 0.0927ms
interpretation of Lean._aux_Init_NotationExtra___macroRules_Lean_convCalc__1 took 0.0967ms
interpretation of _aux_Init_NotationExtra___macroRules_tacticFunext____1 took 0.0963ms
interpretation of _aux_Init_NotationExtra___macroRules_term%[_|_]_1 took 0.0946ms
interpretation of _aux_Init_NotationExtra___macroRules_Lean_Parser_Command_classAbbrev_1 took 0.113ms
interpretation of Lean._aux_Init_NotationExtra___macroRules_Lean_solveTactic_1 took 0.0927ms
interpretation of Lean._aux_Init_NotationExtra___macroRules_Lean_term_Matches_|_1 took 0.0961ms
interpretation of _aux_Init_NotationExtra___macroRules_term{_}_1 took 0.0935ms
interpretation of Lean.Elab.Tactic.Ext._aux_Init_Ext___macroRules_Lean_Elab_Tactic_Ext_tacticExt1____1 took 0.121ms
interpretation of Lean._aux_Init_BinderPredicates___macroRules_Lean_term∃__,__1 took 0.122ms
interpretation of Lean._aux_Init_BinderPredicates___macroRules_Lean_term∀__,__1 took 0.0961ms
interpretation of Lean._aux_Init_BinderPredicates___macroRules_Lean_termSatisfies_binder_pred%___1 took 0.102ms
interpretation of Lean._aux_Init_BinderPredicates___macroRules_Lean_termSatisfies_binder_pred%___2 took 0.114ms
interpretation of Lean._aux_Init_BinderPredicates___macroRules_Lean_termSatisfies_binder_pred%___3 took 0.0981ms
interpretation of Lean._aux_Init_BinderPredicates___macroRules_Lean_termSatisfies_binder_pred%___4 took 0.0982ms
interpretation of Lean._aux_Init_BinderPredicates___macroRules_Lean_termSatisfies_binder_pred%___5 took 0.1ms
interpretation of Lean._aux_Init_BinderPredicates___macroRules_Lean_termSatisfies_binder_pred%___6 took 0.109ms
interpretation of Lean._aux_Init_BinderPredicates___macroRules_Lean_termSatisfies_binder_pred%___7 took 0.098ms
interpretation of Lean._aux_Init_BinderPredicates___macroRules_Lean_termSatisfies_binder_pred%___8 took 0.1ms
interpretation of Lean._aux_Init_BinderPredicates___macroRules_Lean_termSatisfies_binder_pred%___9 took 0.1ms
interpretation of Lean._aux_Init_BinderPredicates___macroRules_Lean_termSatisfies_binder_pred%___10 took 0.104ms
interpretation of Lean._aux_Init_BinderPredicates___macroRules_Lean_termSatisfies_binder_pred%___11 took 0.0993ms
interpretation of Bool._aux_Init_Data_Bool___macroRules_Bool_term_^^__1 took 0.117ms
interpretation of List._aux_Init_Data_List_BasicAux___macroRules_List_tacticSizeOf_list_dec_1 took 0.108ms
interpretation of List._aux_Init_Data_List_BasicAux___macroRules_tacticDecreasing_trivial_1 took 0.115ms
interpretation of BitVec._aux_Init_Data_BitVec_Basic___macroRules_BitVec_term__#___1 took 0.0981ms
interpretation of BitVec._aux_Init_Data_BitVec_Basic___macroRules_BitVec_term__#'___1 took 0.113ms
interpretation of String._aux_Init_Data_String_Termination___macroRules_tacticDecreasing_trivial_1 took 0.105ms
interpretation of String._aux_Init_Data_String_Termination___macroRules_tacticDecreasing_trivial_2 took 0.101ms
interpretation of String._aux_Init_Data_String_Termination___macroRules_tacticDecreasing_trivial_3 took 0.104ms
interpretation of String._aux_Init_Data_String_Termination___macroRules_tacticDecreasing_trivial_4 took 0.098ms
interpretation of String.Legacy.Iterator._aux_Init_Data_String_Iterator___macroRules_tacticDecreasing_trivial_1 took 0.108ms
interpretation of String.Legacy.Iterator._aux_Init_Data_String_Iterator___macroRules_tacticDecreasing_trivial_2 took 0.102ms
interpretation of Std._aux_Init_Data_Iterators_Basic___macroRules_tacticDecreasing_trivial_1 took 0.111ms
interpretation of Std._aux_Init_Data_Iterators_Basic___macroRules_tacticDecreasing_trivial_2 took 0.0968ms
interpretation of Std._aux_Init_Data_Iterators_Basic___macroRules_tacticDecreasing_trivial_3 took 0.0975ms
interpretation of Std._aux_Init_Data_Iterators_Basic___macroRules_tacticDecreasing_trivial_4 took 0.101ms
interpretation of Std._aux_Init_Data_Range_Polymorphic_PRange___macroRules_Std_term_...=__1 took 0.105ms
interpretation of Std._aux_Init_Data_Range_Polymorphic_PRange___macroRules_Std_term*...=__1 took 0.0997ms
interpretation of Std._aux_Init_Data_Range_Polymorphic_PRange___macroRules_Std_term_...*_1 took 0.0985ms
interpretation of Std._aux_Init_Data_Range_Polymorphic_PRange___macroRules_Std_term*...*_1 took 0.0996ms
interpretation of Std._aux_Init_Data_Range_Polymorphic_PRange___macroRules_Std_term_<...=__1 took 0.1ms
interpretation of Std._aux_Init_Data_Range_Polymorphic_PRange___macroRules_Std_term_<...*_1 took 0.099ms
interpretation of Std._aux_Init_Data_Range_Polymorphic_PRange___macroRules_Std_term_...<__1 took 0.0986ms
interpretation of Std._aux_Init_Data_Range_Polymorphic_PRange___macroRules_Std_term_...__1 took 0.0975ms
interpretation of Std._aux_Init_Data_Range_Polymorphic_PRange___macroRules_Std_term*...<__1 took 0.098ms
interpretation of Std._aux_Init_Data_Range_Polymorphic_PRange___macroRules_Std_term*...__1 took 0.0983ms
interpretation of Std._aux_Init_Data_Range_Polymorphic_PRange___macroRules_Std_term_<...<__1 took 0.101ms
interpretation of Std._aux_Init_Data_Range_Polymorphic_PRange___macroRules_Std_term_<...__1 took 0.0999ms
interpretation of Vector._aux_Init_Data_Vector_Basic___macroRules_Vector_term#v[_,]_1 took 0.101ms
interpretation of Std.Legacy.Range._aux_Init_Data_Range_Basic___macroRules_Std_Legacy_Range_term[:_]_1 took 0.105ms
interpretation of Std.Legacy.Range._aux_Init_Data_Range_Basic___macroRules_Std_Legacy_Range_term[_:_]_1 took 0.104ms
interpretation of Std.Legacy.Range._aux_Init_Data_Range_Basic___macroRules_Std_Legacy_Range_term[_:_:_]_1 took 0.127ms
interpretation of Std.Legacy.Range._aux_Init_Data_Range_Basic___macroRules_Std_Legacy_Range_term[:_:_]_1 took 0.106ms
interpretation of _aux_Init_Data_Range_Basic___macroRules_tacticGet_elem_tactic_extensible_1 took 0.101ms
interpretation of Array._aux_Init_Data_Array_Subarray___macroRules_Array_term__[_:_]_1 took 0.105ms
interpretation of Array._aux_Init_Data_Array_Subarray___macroRules_Array_term__[:_]_1 took 0.0989ms
interpretation of Array._aux_Init_Data_Array_Subarray___macroRules_Array_term__[_:]_1 took 0.0976ms
interpretation of String.Internal._aux_Init_Data_String_OrderInstances___macroRules_String_Internal_tacticOrder_1 took 0.108ms
interpretation of Array._aux_Init_Data_Array_Mem___macroRules_Array_tacticArray_get_dec_1 took 0.0996ms
interpretation of Array._aux_Init_Data_Array_Mem___macroRules_tacticDecreasing_trivial_1 took 0.142ms
interpretation of Array._aux_Init_Data_Array_Mem___macroRules_Array_tacticArray_mem_dec_1 took 0.34ms
interpretation of Array._aux_Init_Data_Array_Mem___macroRules_tacticDecreasing_trivial_2 took 0.16ms
interpretation of Array._aux_Init_Data_Array_Perm___macroRules_Array_term_~__1 took 0.142ms
interpretation of Std._aux_Init_Data_Slice_Notation___macroRules_term__[_]_1 took 0.148ms
interpretation of Std._aux_Init_Data_Range_Polymorphic_Basic___macroRules_tacticGet_elem_tactic_extensible_1 took 0.144ms
interpretation of _aux_Init_Data_UInt_Lemmas___macroRules_commandDeclare_uint_theorems___1 took 0.106ms
interpretation of _aux_Init_Data_UInt_Bitwise___macroRules_commandDeclare_bitwise_uint_theorems___1 took 0.106ms
interpretation of _aux_Init_Data_SInt_Lemmas___macroRules_commandDeclare_int_theorems___1 took 0.0986ms
interpretation of _aux_Init_Data_SInt_Bitwise___macroRules_commandDeclare_bitwise_int_theorems___1 took 0.105ms
interpretation of _aux_Init_System_IO___macroRules_termPrintln!___1 took 0.148ms
interpretation of _aux_Init_Data_ToString_Macro___macroRules_termS!__1 took 0.139ms
interpretation of Std._aux_Init_Data_Format_Macro___macroRules_Std_termF!__1 took 0.146ms
interpretation of Vector._aux_Init_Data_Vector_Perm___macroRules_Vector_term_~__1 took 0.156ms
interpretation of Rat._aux_Init_Data_Rat_Basic___macroRules_Rat_term_/.__1 took 0.107ms
interpretation of Lean.Parser._aux_Init_Grind_Propagator___macroRules_Lean_Parser_command_Builtin_grind_propagator____:=__1 took 0.099ms
interpretation of DerivingHelpers._aux_Init_LawfulBEqTactics___macroRules_DerivingHelpers_tacticDeriving_ReflEq_tactic_1 took 0.12ms
interpretation of _aux_Init_LawfulBEqTactics___macroRules_tacticDeriving_LawfulEq_tactic_step_1 took 0.1ms
interpretation of _aux_Init_LawfulBEqTactics___macroRules_tacticDeriving_LawfulEq_tactic_step_2 took 0.101ms
interpretation of _aux_Init_LawfulBEqTactics___macroRules_tacticDeriving_LawfulEq_tactic_step_3 took 0.0978ms
interpretation of _aux_Init_LawfulBEqTactics___macroRules_tacticDeriving_LawfulEq_tactic_step_4 took 0.0975ms
interpretation of _aux_Init_LawfulBEqTactics___macroRules_tacticDeriving_LawfulEq_tactic_step_5 took 0.097ms
interpretation of _aux_Init_LawfulBEqTactics___macroRules_tacticDeriving_LawfulEq_tactic_step_6 took 0.0939ms
interpretation of _aux_Init_LawfulBEqTactics___macroRules_tacticDeriving_LawfulEq_tactic_1 took 0.114ms
interpretation of _aux_Init_Data_Range_Polymorphic_GetElemTactic___macroRules_tacticGet_elem_tactic_extensible_1 took 0.111ms
interpretation of Lean.Parser._aux_Init_Simproc___macroRules_Lean_Parser_command_Simproc_decl_(_):=__1 took 0.129ms
interpretation of Lean.Parser._aux_Init_Simproc___macroRules_Lean_Parser_command_Dsimproc_decl_(_):=__1 took 0.12ms
interpretation of Lean.Parser._aux_Init_Simproc___macroRules_Lean_Parser_command_Builtin_simproc_decl_(_):=__1 took 0.093ms
interpretation of Lean.Parser._aux_Init_Simproc___macroRules_Lean_Parser_command_Builtin_dsimproc_decl_(_):=__1 took 0.127ms
interpretation of Lean.Parser._aux_Init_Simproc___macroRules_Lean_Parser_command__Simproc__[_]_(_):=__1 took 0.102ms
interpretation of Lean.Parser._aux_Init_Simproc___macroRules_Lean_Parser_command__Dsimproc__[_]_(_):=__1 took 0.0788ms
interpretation of Lean.Parser._aux_Init_Simproc___macroRules_Lean_Parser_command__Builtin_simproc__[_]_(_):=__1 took 0.0784ms
interpretation of Lean.Parser._aux_Init_Simproc___macroRules_Lean_Parser_command__Builtin_dsimproc__[_]_(_):=__1 took 0.0807ms
interpretation of Lean.Parser._aux_Init_CbvSimproc___macroRules_Lean_Parser_command_Cbv_simproc_decl_(_):=__1 took 0.0958ms
interpretation of Lean.Parser._aux_Init_CbvSimproc___macroRules_Lean_Parser_command_Builtin_cbv_simproc_decl_(_):=__1 took 0.0786ms
interpretation of Lean.Parser._aux_Init_CbvSimproc___macroRules_Lean_Parser_command__Cbv_simproc____(_):=__1 took 0.0808ms
interpretation of Lean.Parser._aux_Init_CbvSimproc___macroRules_Lean_Parser_command__Builtin_cbv_simproc____(_):=__1 took 0.0776ms
interpretation of Lean._aux_Init_MacroTrace___macroRules_Lean_termMacro.trace[_]__1 took 0.099ms
interpretation of Lean.Order._aux_Init_Internal_Order_Basic___macroRules_Lean_Order_term_⊑__1 took 0.108ms
interpretation of Lean.Order._aux_Init_Internal_Order_Basic___macroRules_Lean_Order_term⊥_1 took 0.0976ms
interpretation of _aux_Init_Try___macroRules_tactic∎_1 took 0.0905ms
interpretation of _aux_Init_Try___macroRules_term∎_1 took 0.0874ms
interpretation of Std.DHashMap.Raw._aux_Std_Data_DHashMap_Raw___macroRules_Std_DHashMap_Raw_term_~m__1 took 0.125ms
interpretation of Std.DHashMap._aux_Std_Data_DHashMap_Basic___macroRules_Std_DHashMap_term_~m__1 took 0.102ms
interpretation of Std.HashMap._aux_Std_Data_HashMap_Basic___macroRules_Std_HashMap_term_~m__1 took 0.103ms
interpretation of Std.HashSet._aux_Std_Data_HashSet_Basic___macroRules_Std_HashSet_term_~m__1 took 0.101ms
interpretation of Std.DTreeMap.Internal.Impl._aux_Std_Data_DTreeMap_Internal_Balancing___macroRules_Std_DTreeMap_Internal_Impl_tacticTree_tac_1 took 0.086ms
interpretation of Std.DTreeMap.Internal.Impl._aux_Std_Data_DTreeMap_Internal_Balancing___macroRules_Std_DTreeMap_Internal_Impl_term✓_1 took 0.0874ms
interpretation of Std.DTreeMap.Internal.Impl._aux_Std_Data_DTreeMap_Internal_Queries___macroRules_Std_DTreeMap_Internal_Impl_term_~m__1 took 0.0812ms
interpretation of Std.DTreeMap._aux_Std_Data_DTreeMap_Basic___macroRules_Std_DTreeMap_term_~m__1 took 0.103ms
interpretation of Std.TreeMap._aux_Std_Data_TreeMap_Basic___macroRules_Std_TreeMap_term_~m__1 took 0.11ms
interpretation of Std.TreeSet._aux_Std_Data_TreeSet_Basic___macroRules_Std_TreeSet_term_~m__1 took 0.0998ms
interpretation of Std.HashMap.Raw._aux_Std_Data_HashMap_Raw___macroRules_Std_HashMap_Raw_term_~m__1 took 0.11ms
interpretation of Lean.Option._aux_Lean_Data_Options___macroRules_Lean_Option_registerBuiltinOption_1 took 0.395ms
interpretation of Lean.Option._aux_Lean_Data_Options___macroRules_Lean_Option_registerOption_1 took 0.319ms
interpretation of Std.DTreeMap.Raw._aux_Std_Data_DTreeMap_Raw_Basic___macroRules_Std_DTreeMap_Raw_term_~m__1 took 0.114ms
interpretation of Std.TreeMap.Raw._aux_Std_Data_TreeMap_Raw_Basic___macroRules_Std_TreeMap_Raw_term_~m__1 took 0.107ms
interpretation of Lean._aux_Lean_Message___macroRules_Lean_termM!__1 took 0.305ms
interpretation of Lean._aux_Lean_Exception___macroRules_Lean_termThrowError___1 took 0.299ms
interpretation of Lean._aux_Lean_Exception___macroRules_Lean_termThrowErrorAt_____1 took 0.311ms
interpretation of Lean._aux_Lean_Util_Trace___macroRules_Lean_doElemTrace[_]___1 took 0.299ms
interpretation of Lean._aux_Lean_Parser_Extra___macroRules_Lean_termRegister_parser_alias(Kind:=_)_______1 took 0.223ms
interpretation of Lean.PrettyPrinter.Delaborator._aux_Lean_PrettyPrinter_Delaborator_Basic___macroRules_Lean_PrettyPrinter_Delaborator_attrApp_delab__1 took 0.41ms
interpretation of Lean.Json._aux_Lean_Data_Json_Elab___macroRules_Lean_Json_termJson%__1 took 0.469ms
interpretation of expandLemma took 0.674ms
interpretation of Lean._aux_Lean_Meta_Tactic_Simp_BuiltinSimprocs_UInt___macroRules_Lean_commandDeclare_uint_simprocs__1 took 0.271ms
interpretation of Lean._aux_Lean_Meta_Tactic_Simp_BuiltinSimprocs_SInt___macroRules_Lean_commandDeclare_sint_simprocs__1 took 0.287ms
interpretation of Lean.Meta.Simp._aux_Lean_Meta_Tactic_Simp_RegisterCommand___macroRules_Lean_Meta_Simp__root__Lean_Parser_Command_registerSimpAttr_1 took 0.318ms
interpretation of Batteries.Tactic._aux_Batteries_Tactic_Unreachable___macroRules_Batteries_Tactic_unreachableConv_1 took 0.992ms
interpretation of Batteries.Tactic._aux_Batteries_Tactic_HelpCmd___macroRules_Batteries_Tactic_command#help_Term+_____1 took 0.61ms
interpretation of Batteries.Tactic._aux_Batteries_Tactic_HelpCmd___macroRules_Batteries_Tactic_command#help_Tactic+_____1 took 0.553ms
interpretation of Batteries.Tactic._aux_Batteries_Tactic_HelpCmd___macroRules_Batteries_Tactic_command#help_Conv+_____1 took 0.703ms
interpretation of Batteries.Tactic._aux_Batteries_Tactic_HelpCmd___macroRules_Batteries_Tactic_command#help_Command+_____1 took 0.577ms
interpretation of ProofWidgets.Jsx._aux_ProofWidgets_Data_Html___macroRules_ProofWidgets_Jsx_term__1 took 0.907ms
interpretation of adaptationNoteTermElab took 0.68ms
interpretation of Lean.Elab.Term._aux_Mathlib_Tactic_TypeStar___elabRules_Lean_Elab_Term_termSort*_1 took 0.86ms
interpretation of Lean.Elab.Term._aux_Mathlib_Tactic_TypeStar___elabRules_Lean_Elab_Term_termType*_1 took 1.39ms
interpretation of elabWantedRef took 0.981ms
interpretation of ProofWidgets._aux_ProofWidgets_Component_OfRpcMethod___elabRules_ProofWidgets_termMk_rpc_widget%__1 took 0.754ms
interpretation of _aux_Mathlib_Tactic_AdaptationNote___elabRules_tactic#adaptation_note__1 took 0.806ms
interpretation of Mathlib.Linter.HaveILetI._aux_Mathlib_Tactic_Linter_HaveILetI___elabRules_Mathlib_Linter_HaveILetI_tacticHaveI___1 took 0.538ms
interpretation of Mathlib.Linter.HaveILetI._aux_Mathlib_Tactic_Linter_HaveILetI___elabRules_Mathlib_Linter_HaveILetI_tacticLetI___1 took 0.543ms
interpretation of Batteries.Tactic._aux_Batteries_Tactic_Unreachable___elabRules_Batteries_Tactic_unreachable_1 took 0.82ms
interpretation of Mathlib.Linter.Style._aux_Mathlib_Tactic_Linter_Style___elabRules_Mathlib_Linter_Style_show_1 took 0.818ms
interpretation of Mathlib.Tactic.ExtractGoal._aux_Mathlib_Tactic_ExtractGoal___elabRules_Mathlib_Tactic_ExtractGoal_extractGoal_1 took 0.648ms
interpretation of Lean.Linter._aux_Lean_Linter_Sets___elabRules_Lean_Linter_command_Register_linter_set_:=__1 took 0.117ms
interpretation of _aux_Mathlib_Tactic_AdaptationNote___elabRules_adaptationNoteCmd_1 took 0.808ms
interpretation of Mathlib.Linter.UnusedTactic._aux_Mathlib_Tactic_Linter_UnusedTacticExtension___elabRules_Mathlib_Linter_UnusedTactic_command#allow_unused_tactic!____1 took 0.581ms
interpretation of Mathlib.Linter.UnusedTactic._aux_Mathlib_Tactic_Linter_UnusedTacticExtension___elabRules_Mathlib_Linter_UnusedTactic_command#show_kind__1 took 0.531ms
interpretation of Mathlib.Command.MinImports._aux_Mathlib_Tactic_MinImports___elabRules_Mathlib_Command_MinImports_minImpsStx_1 took 0.609ms
interpretation of Mathlib.Command.MinImports._aux_Mathlib_Tactic_MinImports___elabRules_Mathlib_Command_MinImports_command#min_importsIn__1 took 0.555ms
interpretation of Mathlib.GuardExceptions._aux_Mathlib_Util_ParseCommand___elabRules_Mathlib_GuardExceptions_parseCmd_1 took 0.693ms
interpretation of Batteries.Util.LibraryNote._aux_Batteries_Util_LibraryNote___elabRules_Batteries_Util_LibraryNote_commandLibrary_note____1 took 0.54ms
interpretation of Batteries.Tactic._aux_Batteries_Tactic_HelpCmd___elabRules_Batteries_Tactic_command#help_Option____1 took 0.551ms
interpretation of Batteries.Tactic._aux_Batteries_Tactic_HelpCmd___elabRules_Batteries_Tactic_command#help_AttrAttribute____1 took 0.529ms
interpretation of Batteries.Tactic._aux_Batteries_Tactic_HelpCmd___elabRules_Batteries_Tactic_command#help_Cats____1 took 0.559ms
interpretation of Batteries.Tactic._aux_Batteries_Tactic_HelpCmd___elabRules_Batteries_Tactic_command#help_Cat+_______1 took 0.518ms
interpretation of Batteries.Tactic._aux_Batteries_Tactic_HelpCmd___elabRules_Batteries_Tactic_command#help_Note____1 took 0.511ms
interpretation of elabTheoremWanted took 0.58ms
interpretation of elabProofWanted took 0.562ms
interpretation of elabDefWanted took 0.557ms
interpretation of elabInstanceWanted took 0.559ms
interpretation of _aux_ImportGraph_Tools_FindHome___elabRules_command#find_home!__1 took 0.768ms
interpretation of _aux_ImportGraph_Tools_ImportDiff___elabRules_command#import_diff__1 took 0.766ms
interpretation of _aux_ImportGraph_Tools_MinImports___elabRules_command#min_imports_1 took 0.752ms
interpretation of _aux_ImportGraph_Tools_MinImports___elabRules_command#minimize_imports_1 took 0.788ms
interpretation of _aux_ImportGraph_Tools_RedundantImports___elabRules_command#redundant_imports_1 took 0.813ms
interpretation of Lean.Elab.Command.elabOpenPrivate took 0.648ms
interpretation of Lean.Elab.Command.elabExportPrivate took 0.641ms
interpretation of Batteries.Tactic.Lint._aux_Batteries_Tactic_Lint_Frontend___elabRules_Batteries_Tactic_Lint_command#lint+-*Only____1 took 0.563ms
interpretation of Batteries.Tactic.Lint._aux_Batteries_Tactic_Lint_Frontend___elabRules_Batteries_Tactic_Lint_command#list_linters_1 took 0.573ms
interpretation of _private.Batteries.Tactic.Lint.Basic.0.Batteries.Tactic.Lint.initFn._lam_1._@.Batteries.Tactic.Lint.Basic.880347739._hygCtx._hyg.2._boxed took 4.3ms
interpretation of _private.Mathlib.Tactic.Linter.UnusedTacticExtension.0.Mathlib.Linter.UnusedTactic.initFn._lam_1._@.Mathlib.Tactic.Linter.UnusedTacticExtension.2679548081._hygCtx._hyg.2._boxed took 1.95ms
interpretation of linarithToGrindRegressions took 12.9ms
interpretation of linter.tacticAnalysis.regressions.linarithToGrind took 0.0071ms
interpretation of ringToGrindRegressions took 5.44ms
interpretation of linter.tacticAnalysis.regressions.ringToGrind took 0.0056ms
interpretation of omegaToLiaRegressions took 9.05ms
interpretation of linter.tacticAnalysis.regressions.omegaToLia took 0.005ms
interpretation of omegaToLia took 1.24ms
interpretation of linter.tacticAnalysis.omegaToLia took 0.005ms
interpretation of Mathlib.TacticAnalysis.rwMerge took 8.23ms
interpretation of linter.tacticAnalysis.rwMerge took 0.0051ms
interpretation of Mathlib.TacticAnalysis.mergeWithGrind took 4.47ms
interpretation of linter.tacticAnalysis.mergeWithGrind took 0.005ms
interpretation of Mathlib.TacticAnalysis.terminalToGrind took 2.22ms
interpretation of linter.tacticAnalysis.terminalToGrind took 0.005ms
interpretation of tryAtEachStepGrind took 4.29ms
interpretation of linter.tacticAnalysis.tryAtEachStepGrind took 0.0052ms
interpretation of tryAtEachStepSimpAll took 7.38ms
interpretation of linter.tacticAnalysis.tryAtEachStepSimpAll took 0.016ms
interpretation of tryAtEachStepAesop took 3.92ms
interpretation of linter.tacticAnalysis.tryAtEachStepAesop took 0.0072ms
interpretation of tryAtEachStepGrindSuggestions took 3.54ms
interpretation of linter.tacticAnalysis.tryAtEachStepGrindSuggestions took 0.0064ms
interpretation of tryAtEachStepSimpAllSuggestions took 2.57ms
interpretation of linter.tacticAnalysis.tryAtEachStepSimpAllSuggestions took 0.0035ms
interpretation of tryAtEachStepFromEnv took 2ms
interpretation of linter.tacticAnalysis.tryAtEachStepFromEnv took 0.0033ms
interpretation of Mathlib.TacticAnalysis.introMerge took 5.9ms
interpretation of linter.tacticAnalysis.introMerge took 0.0064ms
interpretation of verifyGrind took 4.47ms
interpretation of linter.tacticAnalysis.verifyGrind took 0.0071ms
interpretation of verifyGrindSuggestions took 3.04ms
interpretation of linter.tacticAnalysis.verifyGrindSuggestions took 0.0029ms
interpretation of verifyGrindOnly took 2.29ms
interpretation of linter.tacticAnalysis.verifyGrindOnly took 0.0028ms
interpretation of _private.Mathlib.Tactic.TacticAnalysis.0.Mathlib.TacticAnalysis.initFn._lam_4._@.Mathlib.Tactic.TacticAnalysis.358552301._hygCtx._hyg.2._boxed took 10.6ms
interpretation of _private.Batteries.Util.LibraryNote.0.Batteries.Util.LibraryNote.initFn._lam_1._@.Batteries.Util.LibraryNote.1081991270._hygCtx._hyg.2._boxed took 1.26ms
interpretation of _private.Batteries.Util.ProofWanted.0.initFn._lam_1._@.Batteries.Util.ProofWanted.2313051376._hygCtx._hyg.2._boxed took 0.021ms
interpretation of _private.Batteries.Util.ProofWanted.0.initFn._lam_1._@.Batteries.Util.ProofWanted.3080469459._hygCtx._hyg.2._boxed took 0.0061ms
interpretation of _private.Batteries.CodeAction.Attr.0.Batteries.CodeAction.initFn._lam_4._@.Batteries.CodeAction.Attr.3685358032._hygCtx._hyg.2._boxed took 1.93ms
interpretation of _private.Batteries.CodeAction.Attr.0.Batteries.CodeAction.initFn._lam_4._@.Batteries.CodeAction.Attr.2519722026._hygCtx._hyg.2._boxed took 1.96ms
import took 3.61s
parsing took 0.0959ms
interpretation of _private.Mathlib.Tactic.Linter.Header.0.Mathlib.Linter.Style.header.headerLinter._lam_3._boxed took 5.76ms
interpretation of _private.Mathlib.Tactic.Linter.AuxLemma.0.Mathlib.Linter.AuxLemma.auxLemmaLinter._lam_1._boxed took 6.77ms
interpretation of _private.Mathlib.Tactic.Linter.DeprecatedSyntaxLinter.0.Mathlib.Linter.Style.deprecatedSyntaxLinter._lam_1._boxed took 2.24ms
interpretation of _private.Mathlib.Tactic.Linter.DocPrime.0.Mathlib.Linter.DocPrime.docPrimeLinter._lam_3._boxed took 2.4ms
interpretation of _private.Mathlib.Tactic.Linter.DocString.0.Mathlib.Linter.Style.docStringLinter._lam_0._boxed took 13.6ms
interpretation of _private.Mathlib.Tactic.Linter.DocString.0.Mathlib.Linter.Style.moduleDocVersoLinter._lam_0._boxed took 1.3ms
interpretation of Mathlib.Linter.EmptyLine.emptyLineLinter._lam_2._boxed took 2.99ms
interpretation of _private.Mathlib.Tactic.Linter.GlobalAttributeIn.0.Mathlib.Linter.globalAttributeInLinter.globalAttributeIn._lam_0._boxed took 10.3ms
interpretation of _private.Mathlib.Tactic.Linter.HashCommandLinter.0.Mathlib.Linter.HashCommandLinter.withSetOptionIn'._boxed took 8.26ms
interpretation of _private.Mathlib.Tactic.Linter.FlexibleLinter.0.Mathlib.Linter.Flexible.flexibleLinter._lam_0._boxed took 2.65ms
interpretation of _private.Mathlib.Tactic.Linter.Multigoal.0.Mathlib.Linter.Style.multiGoal.multiGoalLinter._lam_0._boxed took 3.21ms
interpretation of _private.Mathlib.Tactic.Linter.OldObtain.0.Mathlib.Linter.Style.oldObtainLinter._lam_0._boxed took 3.82ms
interpretation of Mathlib.Linter.UnusedInstancesInType.withSetBoolOptionIn._boxed took 6.56ms
interpretation of Mathlib.Linter.UnusedInstancesInType.withSetBoolOptionIn._boxed took 0.817ms
overlappingInstancesLinter took 12.3ms
interpretation of Mathlib.Linter.UnusedInstancesInType.withSetBoolOptionIn._boxed took 4.56ms
interpretation of _private.Mathlib.Tactic.Linter.PrivateModule.0.Mathlib.Linter.privateModule._lam_1._boxed took 8.95ms
interpretation of _private.Mathlib.Tactic.Linter.UnusedTactic.0.Mathlib.Linter.UnusedTactic.unusedTacticLinter._lam_0._boxed took 39.3ms
interpretation of _private.Mathlib.Tactic.Linter.Style.0.Mathlib.Linter.Style.setOption.setOptionLinter._lam_0._boxed took 3.37ms
interpretation of _private.Mathlib.Tactic.Linter.Style.0.Mathlib.Linter.Style.missingEnd.missingEndLinter._lam_0._boxed took 8.43ms
interpretation of _private.Mathlib.Tactic.Linter.Style.0.Mathlib.Linter.Style.cdotLinter._lam_0._boxed took 1.46ms
interpretation of _private.Mathlib.Tactic.Linter.Style.0.Mathlib.Linter.Style.dollarSyntax.dollarSyntaxLinter._lam_0._boxed took 1.5ms
interpretation of _private.Mathlib.Tactic.Linter.Style.0.Mathlib.Linter.Style.lambdaSyntax.lambdaSyntaxLinter._lam_0._boxed took 1.4ms
interpretation of _private.Mathlib.Tactic.Linter.Style.0.Mathlib.Linter.Style.longFile.longFileLinter._lam_0._boxed took 3.19ms
interpretation of _private.Mathlib.Tactic.Linter.Style.0.Mathlib.Linter.Style.longLine.longLineLinter._lam_0._boxed took 1.63ms
interpretation of _private.Mathlib.Tactic.Linter.Style.0.Mathlib.Linter.Style.nameCheck.doubleUnderscore._lam_2._boxed took 18.5ms
interpretation of _private.Mathlib.Tactic.Linter.Style.0.Mathlib.Linter.Style.openClassical.openClassicalLinter._lam_0._boxed took 0.957ms
interpretation of _private.Mathlib.Tactic.Linter.Whitespace.0.Mathlib.Linter.Style.Whitespace.whitespaceLinter._lam_4._boxed took 2.06ms
tacticAnalysis took 53.6ms
interpretation of Mathlib.TacticAnalysis.tacticAnalysis._lam_1._boxed took 1.81ms
interpretation of _private.Mathlib.Tactic.Linter.Lint.0.Mathlib.Linter.DupNamespaceLinter.dupNamespace._lam_1._boxed took 12.3ms
linting took 3.53ms
elaboration took 0.274ms
parsing took 0.319ms
interpretation of _private.Mathlib.Tactic.Linter.Header.0.Mathlib.Linter.Style.header.headerLinter._lam_3._boxed took 0.0996ms
interpretation of _private.Mathlib.Tactic.Linter.AuxLemma.0.Mathlib.Linter.AuxLemma.auxLemmaLinter._lam_1._boxed took 0.069ms
interpretation of _private.Mathlib.Tactic.Linter.DeprecatedSyntaxLinter.0.Mathlib.Linter.Style.deprecatedSyntaxLinter._lam_1._boxed took 0.0474ms
interpretation of _private.Mathlib.Tactic.Linter.DocPrime.0.Mathlib.Linter.DocPrime.docPrimeLinter._lam_3._boxed took 0.0272ms
interpretation of _private.Mathlib.Tactic.Linter.DocString.0.Mathlib.Linter.Style.docStringLinter._lam_0._boxed took 0.16ms
interpretation of _private.Mathlib.Tactic.Linter.DocString.0.Mathlib.Linter.Style.moduleDocVersoLinter._lam_0._boxed took 0.0265ms
interpretation of Mathlib.Linter.EmptyLine.emptyLineLinter._lam_2._boxed took 0.0296ms
interpretation of _private.Mathlib.Tactic.Linter.GlobalAttributeIn.0.Mathlib.Linter.globalAttributeInLinter.globalAttributeIn._lam_0._boxed took 0.103ms
interpretation of _private.Mathlib.Tactic.Linter.HashCommandLinter.0.Mathlib.Linter.HashCommandLinter.withSetOptionIn'._boxed took 0.0545ms
interpretation of _private.Mathlib.Tactic.Linter.FlexibleLinter.0.Mathlib.Linter.Flexible.flexibleLinter._lam_0._boxed took 0.0294ms
interpretation of _private.Mathlib.Tactic.Linter.Multigoal.0.Mathlib.Linter.Style.multiGoal.multiGoalLinter._lam_0._boxed took 0.0248ms
interpretation of _private.Mathlib.Tactic.Linter.OldObtain.0.Mathlib.Linter.Style.oldObtainLinter._lam_0._boxed took 0.0231ms
interpretation of Mathlib.Linter.UnusedInstancesInType.withSetBoolOptionIn._boxed took 0.051ms
interpretation of Mathlib.Linter.UnusedInstancesInType.withSetBoolOptionIn._boxed took 0.038ms
overlappingInstancesLinter took 0.0817ms
interpretation of Mathlib.Linter.UnusedInstancesInType.withSetBoolOptionIn._boxed took 0.129ms
interpretation of _private.Mathlib.Tactic.Linter.PrivateModule.0.Mathlib.Linter.privateModule._lam_1._boxed took 0.0271ms
interpretation of _private.Mathlib.Tactic.Linter.UnusedTactic.0.Mathlib.Linter.UnusedTactic.unusedTacticLinter._lam_0._boxed took 1.1ms
interpretation of _private.Mathlib.Tactic.Linter.Style.0.Mathlib.Linter.Style.setOption.setOptionLinter._lam_0._boxed took 0.0349ms
interpretation of _private.Mathlib.Tactic.Linter.Style.0.Mathlib.Linter.Style.missingEnd.missingEndLinter._lam_0._boxed took 0.048ms
interpretation of _private.Mathlib.Tactic.Linter.Style.0.Mathlib.Linter.Style.cdotLinter._lam_0._boxed took 0.0262ms
interpretation of _private.Mathlib.Tactic.Linter.Style.0.Mathlib.Linter.Style.dollarSyntax.dollarSyntaxLinter._lam_0._boxed took 0.02ms
interpretation of _private.Mathlib.Tactic.Linter.Style.0.Mathlib.Linter.Style.lambdaSyntax.lambdaSyntaxLinter._lam_0._boxed took 0.0195ms
interpretation of _private.Mathlib.Tactic.Linter.Style.0.Mathlib.Linter.Style.longFile.longFileLinter._lam_0._boxed took 0.0218ms
interpretation of _private.Mathlib.Tactic.Linter.Style.0.Mathlib.Linter.Style.longLine.longLineLinter._lam_0._boxed took 0.0199ms
interpretation of _private.Mathlib.Tactic.Linter.Style.0.Mathlib.Linter.Style.nameCheck.doubleUnderscore._lam_2._boxed took 0.158ms
interpretation of _private.Mathlib.Tactic.Linter.Style.0.Mathlib.Linter.Style.openClassical.openClassicalLinter._lam_0._boxed took 0.0225ms
interpretation of _private.Mathlib.Tactic.Linter.Whitespace.0.Mathlib.Linter.Style.Whitespace.whitespaceLinter._lam_4._boxed took 0.0287ms
tacticAnalysis took 0.295ms
interpretation of Mathlib.TacticAnalysis.tacticAnalysis._lam_1._boxed took 0.0703ms
interpretation of _private.Mathlib.Tactic.Linter.Lint.0.Mathlib.Linter.DupNamespaceLinter.dupNamespace._lam_1._boxed took 0.0884ms
linting took 1.11ms
elaboration took 0.201ms
parsing took 0.0604ms
interpretation of _private.Mathlib.Tactic.Linter.Header.0.Mathlib.Linter.Style.header.headerLinter._lam_3._boxed took 0.0552ms
interpretation of _private.Mathlib.Tactic.Linter.AuxLemma.0.Mathlib.Linter.AuxLemma.auxLemmaLinter._lam_1._boxed took 11.7ms
interpretation of _private.Mathlib.Tactic.Linter.DeprecatedSyntaxLinter.0.Mathlib.Linter.Style.deprecatedSyntaxLinter._lam_1._boxed took 0.118ms
interpretation of _private.Mathlib.Tactic.Linter.DocPrime.0.Mathlib.Linter.DocPrime.docPrimeLinter._lam_3._boxed took 0.0715ms
interpretation of _private.Mathlib.Tactic.Linter.DocString.0.Mathlib.Linter.Style.docStringLinter._lam_0._boxed took 0.211ms
interpretation of _private.Mathlib.Tactic.Linter.DocString.0.Mathlib.Linter.Style.moduleDocVersoLinter._lam_0._boxed took 0.0286ms
interpretation of Mathlib.Linter.EmptyLine.emptyLineLinter._lam_2._boxed took 0.028ms
interpretation of _private.Mathlib.Tactic.Linter.GlobalAttributeIn.0.Mathlib.Linter.globalAttributeInLinter.globalAttributeIn._lam_0._boxed took 0.162ms
interpretation of _private.Mathlib.Tactic.Linter.HashCommandLinter.0.Mathlib.Linter.HashCommandLinter.withSetOptionIn'._boxed took 0.0764ms
interpretation of _private.Mathlib.Tactic.Linter.FlexibleLinter.0.Mathlib.Linter.Flexible.flexibleLinter._lam_0._boxed took 0.0372ms
interpretation of _private.Mathlib.Tactic.Linter.Multigoal.0.Mathlib.Linter.Style.multiGoal.multiGoalLinter._lam_0._boxed took 0.0285ms
interpretation of _private.Mathlib.Tactic.Linter.OldObtain.0.Mathlib.Linter.Style.oldObtainLinter._lam_0._boxed took 0.0557ms
interpretation of Mathlib.Linter.UnusedInstancesInType.withSetBoolOptionIn._boxed took 0.104ms
interpretation of Mathlib.Linter.UnusedInstancesInType.withSetBoolOptionIn._boxed took 0.0513ms
overlappingInstancesLinter took 0.0817ms
interpretation of Mathlib.Linter.UnusedInstancesInType.withSetBoolOptionIn._boxed took 0.228ms
interpretation of _private.Mathlib.Tactic.Linter.PrivateModule.0.Mathlib.Linter.privateModule._lam_1._boxed took 0.0364ms
interpretation of _private.Mathlib.Tactic.Linter.UnusedTactic.0.Mathlib.Linter.UnusedTactic.unusedTacticLinter._lam_0._boxed took 0.906ms
interpretation of _private.Mathlib.Tactic.Linter.Style.0.Mathlib.Linter.Style.setOption.setOptionLinter._lam_0._boxed took 0.0548ms
interpretation of _private.Mathlib.Tactic.Linter.Style.0.Mathlib.Linter.Style.missingEnd.missingEndLinter._lam_0._boxed took 0.047ms
interpretation of _private.Mathlib.Tactic.Linter.Style.0.Mathlib.Linter.Style.cdotLinter._lam_0._boxed took 0.0225ms
interpretation of _private.Mathlib.Tactic.Linter.Style.0.Mathlib.Linter.Style.dollarSyntax.dollarSyntaxLinter._lam_0._boxed took 0.0201ms
interpretation of _private.Mathlib.Tactic.Linter.Style.0.Mathlib.Linter.Style.lambdaSyntax.lambdaSyntaxLinter._lam_0._boxed took 0.0193ms
interpretation of _private.Mathlib.Tactic.Linter.Style.0.Mathlib.Linter.Style.longFile.longFileLinter._lam_0._boxed took 0.022ms
interpretation of _private.Mathlib.Tactic.Linter.Style.0.Mathlib.Linter.Style.longLine.longLineLinter._lam_0._boxed took 0.0197ms
interpretation of _private.Mathlib.Tactic.Linter.Style.0.Mathlib.Linter.Style.nameCheck.doubleUnderscore._lam_2._boxed took 0.182ms
interpretation of _private.Mathlib.Tactic.Linter.Style.0.Mathlib.Linter.Style.openClassical.openClassicalLinter._lam_0._boxed took 0.0219ms
interpretation of _private.Mathlib.Tactic.Linter.Whitespace.0.Mathlib.Linter.Style.Whitespace.whitespaceLinter._lam_4._boxed took 0.0293ms
tacticAnalysis took 0.308ms
interpretation of Mathlib.TacticAnalysis.tacticAnalysis._lam_1._boxed took 0.0618ms
interpretation of _private.Mathlib.Tactic.Linter.Lint.0.Mathlib.Linter.DupNamespaceLinter.dupNamespace._lam_1._boxed took 0.0876ms
linting took 1.09ms
elaboration took 0.129ms
parsing took 0.0686ms
interpretation of _private.Mathlib.Tactic.Linter.Header.0.Mathlib.Linter.Style.header.headerLinter._lam_3._boxed took 0.0476ms
interpretation of _private.Mathlib.Tactic.Linter.AuxLemma.0.Mathlib.Linter.AuxLemma.auxLemmaLinter._lam_1._boxed took 0.0966ms
interpretation of _private.Mathlib.Tactic.Linter.DeprecatedSyntaxLinter.0.Mathlib.Linter.Style.deprecatedSyntaxLinter._lam_1._boxed took 0.0441ms
interpretation of _private.Mathlib.Tactic.Linter.DocPrime.0.Mathlib.Linter.DocPrime.docPrimeLinter._lam_3._boxed took 0.0248ms
interpretation of _private.Mathlib.Tactic.Linter.DocString.0.Mathlib.Linter.Style.docStringLinter._lam_0._boxed took 0.142ms
interpretation of _private.Mathlib.Tactic.Linter.DocString.0.Mathlib.Linter.Style.moduleDocVersoLinter._lam_0._boxed took 0.0247ms
interpretation of Mathlib.Linter.EmptyLine.emptyLineLinter._lam_2._boxed took 0.0259ms
interpretation of _private.Mathlib.Tactic.Linter.GlobalAttributeIn.0.Mathlib.Linter.globalAttributeInLinter.globalAttributeIn._lam_0._boxed took 0.0816ms
interpretation of _private.Mathlib.Tactic.Linter.HashCommandLinter.0.Mathlib.Linter.HashCommandLinter.withSetOptionIn'._boxed took 0.0507ms
interpretation of _private.Mathlib.Tactic.Linter.FlexibleLinter.0.Mathlib.Linter.Flexible.flexibleLinter._lam_0._boxed took 0.0287ms
interpretation of _private.Mathlib.Tactic.Linter.Multigoal.0.Mathlib.Linter.Style.multiGoal.multiGoalLinter._lam_0._boxed took 0.0421ms
interpretation of _private.Mathlib.Tactic.Linter.OldObtain.0.Mathlib.Linter.Style.oldObtainLinter._lam_0._boxed took 0.0225ms
interpretation of Mathlib.Linter.UnusedInstancesInType.withSetBoolOptionIn._boxed took 0.0495ms
interpretation of Mathlib.Linter.UnusedInstancesInType.withSetBoolOptionIn._boxed took 0.037ms
overlappingInstancesLinter took 0.0515ms
interpretation of Mathlib.Linter.UnusedInstancesInType.withSetBoolOptionIn._boxed took 0.0841ms
interpretation of _private.Mathlib.Tactic.Linter.PrivateModule.0.Mathlib.Linter.privateModule._lam_1._boxed took 0.0225ms
interpretation of _private.Mathlib.Tactic.Linter.UnusedTactic.0.Mathlib.Linter.UnusedTactic.unusedTacticLinter._lam_0._boxed took 0.437ms
interpretation of _private.Mathlib.Tactic.Linter.Style.0.Mathlib.Linter.Style.setOption.setOptionLinter._lam_0._boxed took 0.036ms
interpretation of _private.Mathlib.Tactic.Linter.Style.0.Mathlib.Linter.Style.missingEnd.missingEndLinter._lam_0._boxed took 0.0485ms
interpretation of _private.Mathlib.Tactic.Linter.Style.0.Mathlib.Linter.Style.cdotLinter._lam_0._boxed took 0.0367ms
interpretation of _private.Mathlib.Tactic.Linter.Style.0.Mathlib.Linter.Style.dollarSyntax.dollarSyntaxLinter._lam_0._boxed took 0.0225ms
interpretation of _private.Mathlib.Tactic.Linter.Style.0.Mathlib.Linter.Style.lambdaSyntax.lambdaSyntaxLinter._lam_0._boxed took 0.0305ms
interpretation of _private.Mathlib.Tactic.Linter.Style.0.Mathlib.Linter.Style.longFile.longFileLinter._lam_0._boxed took 0.0256ms
interpretation of _private.Mathlib.Tactic.Linter.Style.0.Mathlib.Linter.Style.longLine.longLineLinter._lam_0._boxed took 0.0197ms
interpretation of _private.Mathlib.Tactic.Linter.Style.0.Mathlib.Linter.Style.nameCheck.doubleUnderscore._lam_2._boxed took 0.152ms
interpretation of _private.Mathlib.Tactic.Linter.Style.0.Mathlib.Linter.Style.openClassical.openClassicalLinter._lam_0._boxed took 0.0216ms
interpretation of _private.Mathlib.Tactic.Linter.Whitespace.0.Mathlib.Linter.Style.Whitespace.whitespaceLinter._lam_4._boxed took 0.0278ms
tacticAnalysis took 0.339ms
interpretation of Mathlib.TacticAnalysis.tacticAnalysis._lam_1._boxed took 0.0642ms
interpretation of _private.Mathlib.Tactic.Linter.Lint.0.Mathlib.Linter.DupNamespaceLinter.dupNamespace._lam_1._boxed took 0.0923ms
linting took 0.943ms
elaboration took 0.276ms
parsing took 0.105ms
interpretation of _private.Mathlib.Tactic.Linter.Header.0.Mathlib.Linter.Style.header.headerLinter._lam_3._boxed took 0.126ms
interpretation of _private.Mathlib.Tactic.Linter.AuxLemma.0.Mathlib.Linter.AuxLemma.auxLemmaLinter._lam_1._boxed took 0.278ms
interpretation of _private.Mathlib.Tactic.Linter.DeprecatedSyntaxLinter.0.Mathlib.Linter.Style.deprecatedSyntaxLinter._lam_1._boxed took 0.0978ms
interpretation of _private.Mathlib.Tactic.Linter.DocPrime.0.Mathlib.Linter.DocPrime.docPrimeLinter._lam_3._boxed took 0.0663ms
interpretation of _private.Mathlib.Tactic.Linter.DocString.0.Mathlib.Linter.Style.docStringLinter._lam_0._boxed took 0.384ms
interpretation of _private.Mathlib.Tactic.Linter.DocString.0.Mathlib.Linter.Style.moduleDocVersoLinter._lam_0._boxed took 0.0716ms
interpretation of Mathlib.Linter.EmptyLine.emptyLineLinter._lam_2._boxed took 0.0765ms
interpretation of _private.Mathlib.Tactic.Linter.GlobalAttributeIn.0.Mathlib.Linter.globalAttributeInLinter.globalAttributeIn._lam_0._boxed took 0.264ms
interpretation of _private.Mathlib.Tactic.Linter.HashCommandLinter.0.Mathlib.Linter.HashCommandLinter.withSetOptionIn'._boxed took 0.194ms
interpretation of _private.Mathlib.Tactic.Linter.FlexibleLinter.0.Mathlib.Linter.Flexible.flexibleLinter._lam_0._boxed took 0.0959ms
interpretation of _private.Mathlib.Tactic.Linter.Multigoal.0.Mathlib.Linter.Style.multiGoal.multiGoalLinter._lam_0._boxed took 0.0515ms
interpretation of _private.Mathlib.Tactic.Linter.OldObtain.0.Mathlib.Linter.Style.oldObtainLinter._lam_0._boxed took 0.0526ms
interpretation of Mathlib.Linter.UnusedInstancesInType.withSetBoolOptionIn._boxed took 0.178ms
interpretation of Mathlib.Linter.UnusedInstancesInType.withSetBoolOptionIn._boxed took 0.0737ms
overlappingInstancesLinter took 0.178ms
interpretation of Mathlib.Linter.UnusedInstancesInType.withSetBoolOptionIn._boxed took 0.165ms
interpretation of _private.Mathlib.Tactic.Linter.PrivateModule.0.Mathlib.Linter.privateModule._lam_1._boxed took 0.0458ms
interpretation of _private.Mathlib.Tactic.Linter.UnusedTactic.0.Mathlib.Linter.UnusedTactic.unusedTacticLinter._lam_0._boxed took 1.08ms
interpretation of _private.Mathlib.Tactic.Linter.Style.0.Mathlib.Linter.Style.setOption.setOptionLinter._lam_0._boxed took 0.0721ms
interpretation of _private.Mathlib.Tactic.Linter.Style.0.Mathlib.Linter.Style.missingEnd.missingEndLinter._lam_0._boxed took 0.15ms
interpretation of _private.Mathlib.Tactic.Linter.Style.0.Mathlib.Linter.Style.cdotLinter._lam_0._boxed took 0.0494ms
interpretation of _private.Mathlib.Tactic.Linter.Style.0.Mathlib.Linter.Style.dollarSyntax.dollarSyntaxLinter._lam_0._boxed took 0.0388ms
interpretation of _private.Mathlib.Tactic.Linter.Style.0.Mathlib.Linter.Style.lambdaSyntax.lambdaSyntaxLinter._lam_0._boxed took 0.0373ms
interpretation of _private.Mathlib.Tactic.Linter.Style.0.Mathlib.Linter.Style.longFile.longFileLinter._lam_0._boxed took 0.0557ms
interpretation of _private.Mathlib.Tactic.Linter.Style.0.Mathlib.Linter.Style.longLine.longLineLinter._lam_0._boxed took 0.0335ms
interpretation of _private.Mathlib.Tactic.Linter.Style.0.Mathlib.Linter.Style.nameCheck.doubleUnderscore._lam_2._boxed took 0.318ms
interpretation of _private.Mathlib.Tactic.Linter.Style.0.Mathlib.Linter.Style.openClassical.openClassicalLinter._lam_0._boxed took 0.0341ms
interpretation of _private.Mathlib.Tactic.Linter.Whitespace.0.Mathlib.Linter.Style.Whitespace.whitespaceLinter._lam_4._boxed took 0.113ms
tacticAnalysis took 0.588ms
interpretation of Mathlib.TacticAnalysis.tacticAnalysis._lam_1._boxed took 0.113ms
interpretation of _private.Mathlib.Tactic.Linter.Lint.0.Mathlib.Linter.DupNamespaceLinter.dupNamespace._lam_1._boxed took 0.109ms
linting took 1.63ms
elaboration took 0.327ms
parsing took 4.58ms
attribute application took 0.0429ms
instantiate metavars took 0.0084ms
instantiate metavars took 0.0018ms
typeclass inference of CoeT took 3.47ms
typeclass inference of Decidable took 0.365ms
typeclass inference of Pure took 1.13ms
do element elaborator of Lean.Parser.Term.doReturn took 1.47ms
do element elaborator of Lean.Parser.Term.InternalSyntax.doSkip took 0.0895ms
typeclass inference of Monad took 0.256ms
typeclass inference of MonadReaderOf took 0.182ms
typeclass inference of Monad took 0.518ms
typeclass inference of MonadReaderOf took 0.516ms
typeclass inference of Inhabited took 0.111ms
typeclass inference of Inhabited took 0.0416ms
typeclass inference of OfNat took 0.582ms
typeclass inference of GetElem? took 0.474ms
typeclass inference of Inhabited took 2.6ms
typeclass inference of OfNat took 0.395ms
typeclass inference of GetElem? took 0.576ms
typeclass inference of Inhabited took 2.39ms
typeclass inference of GetElem? took 1.09ms
typeclass inference of Inhabited took 0.138ms
typeclass inference of EmptyCollection took 0.221ms
typeclass inference of EmptyCollection took 0.0521ms
typeclass inference of MonadControlT took 0.201ms
typeclass inference of Monad took 0.151ms
typeclass inference of Pure took 0.969ms
typeclass inference of Pure took 0.0114ms
do element elaborator of Lean.Parser.Term.doExpr took 0.728ms
typeclass inference of Bind took 0.43ms
do element elaborator of Lean.Parser.Term.doExpr took 0.91ms
do element elaborator of Lean.Parser.Term.doLetArrow took 0.0798ms
do element elaborator of Lean.Parser.Term.doExpr took 0.0809ms
typeclass inference of MonadControlT took 1.02ms
typeclass inference of Monad took 0.0954ms
typeclass inference of ToString took 0.0962ms
typeclass inference of ToString took 0.0688ms
typeclass inference of ToString took 0.0107ms
typeclass inference of HAppend took 0.435ms
typeclass inference of HAppend took 0.012ms
typeclass inference of HAppend took 0.415ms
typeclass inference of HAppend took 0.104ms
typeclass inference of Pure took 0.696ms
do element elaborator of Lean.Parser.Term.doReturn took 5.02ms
typeclass inference of Bind took 0.339ms
do element elaborator of Lean.Parser.Term.doExpr took 4.06ms
do element elaborator of Lean.Parser.Term.doLetArrow took 0.158ms
do element elaborator of Lean.Parser.Term.doLet took 4.02ms
do element elaborator of Lean.Parser.Term.doLet took 2.49ms
do element elaborator of Lean.Parser.Term.doLet took 1.93ms
typeclass inference of Pure took 0.629ms
do element elaborator of Lean.Parser.Term.doReturn took 3.4ms
typeclass inference of Bind took 0.568ms
do element elaborator of Lean.Parser.Term.doExpr took 1.29ms
do element elaborator of Lean.Parser.Term.doLetArrow took 0.096ms
do element elaborator of Lean.Parser.Term.doLet took 0.447ms
do element elaborator of Lean.Parser.Term.doIf took 5.42ms
do element elaborator of Lean.Parser.Term.doIf took 0.104ms
typeclass inference of Pure took 0.0122ms
do element elaborator of Lean.Parser.Term.doReturn took 0.809ms
typeclass inference of ToString took 0.228ms
typeclass inference of ToString took 0.0127ms
typeclass inference of CoeT took 1.91ms
type checking took 1.39ms
type checking took 2.39ms
type checking took 0.289ms
do element elaborator of Lean.Parser.Term.doMatch took 12.5ms
do element elaborator of Lean.Parser.Term.doLetElse took 0.538ms
instantiate metavars took 0.0521ms
instantiate metavars took 0.0018ms
instantiate metavars took 0.0008ms
instantiate metavars took 0.001ms
instantiate metavars took 0.0006ms
share common exprs took 0.715ms
fix level params took 0.103ms
let-to-have transformation took 0.0422ms
let-to-have transformation took 2.61ms
type checking took 1.5ms
attribute application took 0.0551ms
compilation (LCNF base) took 61.2ms
compilation (LCNF mono) took 8.72ms
compilation (LCNF mono) took 0.745ms
compilation (LCNF impure) took 1.22ms
compilation (IR) took 0.379ms
compilation (LCNF mono) took 1.18ms
compilation (LCNF impure) took 1.1ms
compilation (IR) took 0.256ms
compilation (LCNF mono) took 0.327ms
compilation (LCNF impure) took 0.319ms
compilation (IR) took 0.0587ms
compilation (LCNF mono) took 0.329ms
compilation (LCNF impure) took 0.215ms
compilation (IR) took 0.0535ms
compilation (LCNF mono) took 0.689ms
compilation (LCNF impure) took 0.794ms
compilation (IR) took 2.34ms
compilation (LCNF mono) took 2.29ms
compilation (LCNF impure) took 1.03ms
compilation (IR) took 3.87ms
compilation (LCNF mono) took 4.26ms
compilation (LCNF impure) took 3.68ms
compilation (IR) took 1.19ms
compilation (LCNF mono) took 0.302ms
compilation (LCNF impure) took 0.257ms
compilation (IR) took 0.19ms
interpretation of createCalc took 0.876ms
interpretation of _private.Batteries.CodeAction.Attr.0.Batteries.CodeAction.initFn._lam_0._@.Batteries.CodeAction.Attr.2443277903._hygCtx._hyg.2._boxed took 15.7ms
attribute application took 0.0951ms
process pre-definitions took 46.3ms
interpretation of _private.Mathlib.Tactic.Linter.Header.0.Mathlib.Linter.Style.header.headerLinter._lam_3._boxed took 0.0806ms
interpretation of _private.Mathlib.Tactic.Linter.AuxLemma.0.Mathlib.Linter.AuxLemma.auxLemmaLinter._lam_1._boxed took 0.416ms
interpretation of _private.Mathlib.Tactic.Linter.DeprecatedSyntaxLinter.0.Mathlib.Linter.Style.deprecatedSyntaxLinter._lam_1._boxed took 0.0494ms
interpretation of _private.Mathlib.Tactic.Linter.DocPrime.0.Mathlib.Linter.DocPrime.docPrimeLinter._lam_3._boxed took 0.0274ms
interpretation of _private.Mathlib.Tactic.Linter.DocString.0.Mathlib.Linter.Style.docStringLinter._lam_0._boxed took 17.9ms
interpretation of _private.Mathlib.Tactic.Linter.DocString.0.Mathlib.Linter.Style.moduleDocVersoLinter._lam_0._boxed took 0.0521ms
interpretation of Mathlib.Linter.EmptyLine.emptyLineLinter._lam_2._boxed took 0.0325ms
interpretation of _private.Mathlib.Tactic.Linter.GlobalAttributeIn.0.Mathlib.Linter.globalAttributeInLinter.globalAttributeIn._lam_0._boxed took 1.49ms
interpretation of _private.Mathlib.Tactic.Linter.HashCommandLinter.0.Mathlib.Linter.HashCommandLinter.withSetOptionIn'._boxed took 0.123ms
interpretation of _private.Mathlib.Tactic.Linter.FlexibleLinter.0.Mathlib.Linter.Flexible.flexibleLinter._lam_0._boxed took 0.0448ms
interpretation of _private.Mathlib.Tactic.Linter.Multigoal.0.Mathlib.Linter.Style.multiGoal.multiGoalLinter._lam_0._boxed took 0.0333ms
interpretation of _private.Mathlib.Tactic.Linter.OldObtain.0.Mathlib.Linter.Style.oldObtainLinter._lam_0._boxed took 0.0317ms
interpretation of Mathlib.Linter.UnusedInstancesInType.withSetBoolOptionIn._boxed took 0.102ms
interpretation of Mathlib.Linter.UnusedInstancesInType.withSetBoolOptionIn._boxed took 0.067ms
overlappingInstancesLinter took 25ms
interpretation of Mathlib.Linter.UnusedInstancesInType.withSetBoolOptionIn._boxed took 0.227ms
interpretation of _private.Mathlib.Tactic.Linter.PrivateModule.0.Mathlib.Linter.privateModule._lam_1._boxed took 0.039ms
interpretation of _private.Mathlib.Tactic.Linter.UnusedTactic.0.Mathlib.Linter.UnusedTactic.unusedTacticLinter._lam_0._boxed took 3.17ms
interpretation of _private.Mathlib.Tactic.Linter.Style.0.Mathlib.Linter.Style.setOption.setOptionLinter._lam_0._boxed took 0.0527ms
interpretation of _private.Mathlib.Tactic.Linter.Style.0.Mathlib.Linter.Style.missingEnd.missingEndLinter._lam_0._boxed took 0.0624ms
interpretation of _private.Mathlib.Tactic.Linter.Style.0.Mathlib.Linter.Style.cdotLinter._lam_0._boxed took 0.0235ms
interpretation of _private.Mathlib.Tactic.Linter.Style.0.Mathlib.Linter.Style.dollarSyntax.dollarSyntaxLinter._lam_0._boxed took 0.0206ms
interpretation of _private.Mathlib.Tactic.Linter.Style.0.Mathlib.Linter.Style.lambdaSyntax.lambdaSyntaxLinter._lam_0._boxed took 0.0191ms
interpretation of _private.Mathlib.Tactic.Linter.Style.0.Mathlib.Linter.Style.longFile.longFileLinter._lam_0._boxed took 0.0289ms
interpretation of _private.Mathlib.Tactic.Linter.Style.0.Mathlib.Linter.Style.longLine.longLineLinter._lam_0._boxed took 0.0202ms
interpretation of _private.Mathlib.Tactic.Linter.Style.0.Mathlib.Linter.Style.nameCheck.doubleUnderscore._lam_2._boxed took 1.37ms
interpretation of _private.Mathlib.Tactic.Linter.Style.0.Mathlib.Linter.Style.openClassical.openClassicalLinter._lam_0._boxed took 0.0301ms
interpretation of _private.Mathlib.Tactic.Linter.Whitespace.0.Mathlib.Linter.Style.Whitespace.whitespaceLinter._lam_4._boxed took 0.0312ms
tacticAnalysis took 4.82ms
interpretation of Mathlib.TacticAnalysis.tacticAnalysis._lam_1._boxed took 0.152ms
interpretation of _private.Mathlib.Tactic.Linter.Lint.0.Mathlib.Linter.DupNamespaceLinter.dupNamespace._lam_1._boxed took 4.93ms
linting took 2.46ms
elaboration took 5.42ms
parsing took 0.0542ms
interpretation of _private.Mathlib.Tactic.Linter.Header.0.Mathlib.Linter.Style.header.headerLinter._lam_3._boxed took 0.0841ms
interpretation of _private.Mathlib.Tactic.Linter.AuxLemma.0.Mathlib.Linter.AuxLemma.auxLemmaLinter._lam_1._boxed took 0.119ms
interpretation of _private.Mathlib.Tactic.Linter.DeprecatedSyntaxLinter.0.Mathlib.Linter.Style.deprecatedSyntaxLinter._lam_1._boxed took 0.0461ms
interpretation of _private.Mathlib.Tactic.Linter.DocPrime.0.Mathlib.Linter.DocPrime.docPrimeLinter._lam_3._boxed took 0.0266ms
interpretation of _private.Mathlib.Tactic.Linter.DocString.0.Mathlib.Linter.Style.docStringLinter._lam_0._boxed took 0.155ms
interpretation of _private.Mathlib.Tactic.Linter.DocString.0.Mathlib.Linter.Style.moduleDocVersoLinter._lam_0._boxed took 0.0263ms
interpretation of Mathlib.Linter.EmptyLine.emptyLineLinter._lam_2._boxed took 0.0258ms
interpretation of _private.Mathlib.Tactic.Linter.GlobalAttributeIn.0.Mathlib.Linter.globalAttributeInLinter.globalAttributeIn._lam_0._boxed took 0.0932ms
interpretation of _private.Mathlib.Tactic.Linter.HashCommandLinter.0.Mathlib.Linter.HashCommandLinter.withSetOptionIn'._boxed took 0.054ms
interpretation of _private.Mathlib.Tactic.Linter.FlexibleLinter.0.Mathlib.Linter.Flexible.flexibleLinter._lam_0._boxed took 0.0538ms
interpretation of _private.Mathlib.Tactic.Linter.Multigoal.0.Mathlib.Linter.Style.multiGoal.multiGoalLinter._lam_0._boxed took 0.024ms
interpretation of _private.Mathlib.Tactic.Linter.OldObtain.0.Mathlib.Linter.Style.oldObtainLinter._lam_0._boxed took 0.0221ms
interpretation of Mathlib.Linter.UnusedInstancesInType.withSetBoolOptionIn._boxed took 0.0615ms
interpretation of Mathlib.Linter.UnusedInstancesInType.withSetBoolOptionIn._boxed took 0.0399ms
overlappingInstancesLinter took 0.0569ms
interpretation of Mathlib.Linter.UnusedInstancesInType.withSetBoolOptionIn._boxed took 0.0883ms
interpretation of _private.Mathlib.Tactic.Linter.PrivateModule.0.Mathlib.Linter.privateModule._lam_1._boxed took 0.0238ms
interpretation of _private.Mathlib.Tactic.Linter.UnusedTactic.0.Mathlib.Linter.UnusedTactic.unusedTacticLinter._lam_0._boxed took 0.469ms
interpretation of _private.Mathlib.Tactic.Linter.Style.0.Mathlib.Linter.Style.setOption.setOptionLinter._lam_0._boxed took 0.0521ms
interpretation of _private.Mathlib.Tactic.Linter.Style.0.Mathlib.Linter.Style.missingEnd.missingEndLinter._lam_0._boxed took 0.0485ms
interpretation of _private.Mathlib.Tactic.Linter.Style.0.Mathlib.Linter.Style.cdotLinter._lam_0._boxed took 0.0223ms
interpretation of _private.Mathlib.Tactic.Linter.Style.0.Mathlib.Linter.Style.dollarSyntax.dollarSyntaxLinter._lam_0._boxed took 0.0199ms
interpretation of _private.Mathlib.Tactic.Linter.Style.0.Mathlib.Linter.Style.lambdaSyntax.lambdaSyntaxLinter._lam_0._boxed took 0.0204ms
interpretation of _private.Mathlib.Tactic.Linter.Style.0.Mathlib.Linter.Style.longFile.longFileLinter._lam_0._boxed took 0.022ms
interpretation of _private.Mathlib.Tactic.Linter.Style.0.Mathlib.Linter.Style.longLine.longLineLinter._lam_0._boxed took 0.0194ms
interpretation of _private.Mathlib.Tactic.Linter.Style.0.Mathlib.Linter.Style.nameCheck.doubleUnderscore._lam_2._boxed took 0.155ms
interpretation of _private.Mathlib.Tactic.Linter.Style.0.Mathlib.Linter.Style.openClassical.openClassicalLinter._lam_0._boxed took 0.025ms
interpretation of _private.Mathlib.Tactic.Linter.Whitespace.0.Mathlib.Linter.Style.Whitespace.whitespaceLinter._lam_4._boxed took 0.0282ms
tacticAnalysis took 0.36ms
interpretation of Mathlib.TacticAnalysis.tacticAnalysis._lam_1._boxed took 0.069ms
interpretation of _private.Mathlib.Tactic.Linter.Lint.0.Mathlib.Linter.DupNamespaceLinter.dupNamespace._lam_1._boxed took 0.17ms
linting took 0.951ms
elaboration took 0.203ms
parsing took 0.129ms
interpretation of _private.Mathlib.Tactic.Linter.Header.0.Mathlib.Linter.Style.header.headerLinter._lam_3._boxed took 0.0633ms
interpretation of _private.Mathlib.Tactic.Linter.AuxLemma.0.Mathlib.Linter.AuxLemma.auxLemmaLinter._lam_1._boxed took 0.123ms
interpretation of _private.Mathlib.Tactic.Linter.DeprecatedSyntaxLinter.0.Mathlib.Linter.Style.deprecatedSyntaxLinter._lam_1._boxed took 0.0488ms
interpretation of _private.Mathlib.Tactic.Linter.DocPrime.0.Mathlib.Linter.DocPrime.docPrimeLinter._lam_3._boxed took 0.039ms
interpretation of _private.Mathlib.Tactic.Linter.DocString.0.Mathlib.Linter.Style.docStringLinter._lam_0._boxed took 0.143ms
interpretation of _private.Mathlib.Tactic.Linter.DocString.0.Mathlib.Linter.Style.moduleDocVersoLinter._lam_0._boxed took 0.0296ms
interpretation of Mathlib.Linter.EmptyLine.emptyLineLinter._lam_2._boxed took 0.0857ms
interpretation of _private.Mathlib.Tactic.Linter.GlobalAttributeIn.0.Mathlib.Linter.globalAttributeInLinter.globalAttributeIn._lam_0._boxed took 0.113ms
interpretation of _private.Mathlib.Tactic.Linter.HashCommandLinter.0.Mathlib.Linter.HashCommandLinter.withSetOptionIn'._boxed took 0.0718ms
interpretation of _private.Mathlib.Tactic.Linter.FlexibleLinter.0.Mathlib.Linter.Flexible.flexibleLinter._lam_0._boxed took 0.0416ms
interpretation of _private.Mathlib.Tactic.Linter.Multigoal.0.Mathlib.Linter.Style.multiGoal.multiGoalLinter._lam_0._boxed took 0.0353ms
interpretation of _private.Mathlib.Tactic.Linter.OldObtain.0.Mathlib.Linter.Style.oldObtainLinter._lam_0._boxed took 0.0635ms
interpretation of Mathlib.Linter.UnusedInstancesInType.withSetBoolOptionIn._boxed took 0.0793ms
interpretation of Mathlib.Linter.UnusedInstancesInType.withSetBoolOptionIn._boxed took 0.0497ms
overlappingInstancesLinter took 0.0861ms
interpretation of Mathlib.Linter.UnusedInstancesInType.withSetBoolOptionIn._boxed took 0.129ms
interpretation of _private.Mathlib.Tactic.Linter.PrivateModule.0.Mathlib.Linter.privateModule._lam_1._boxed took 0.0287ms
interpretation of _private.Mathlib.Tactic.Linter.UnusedTactic.0.Mathlib.Linter.UnusedTactic.unusedTacticLinter._lam_0._boxed took 0.694ms
interpretation of _private.Mathlib.Tactic.Linter.Style.0.Mathlib.Linter.Style.setOption.setOptionLinter._lam_0._boxed took 0.0632ms
interpretation of _private.Mathlib.Tactic.Linter.Style.0.Mathlib.Linter.Style.missingEnd.missingEndLinter._lam_0._boxed took 0.0823ms
interpretation of _private.Mathlib.Tactic.Linter.Style.0.Mathlib.Linter.Style.cdotLinter._lam_0._boxed took 0.0934ms
interpretation of _private.Mathlib.Tactic.Linter.Style.0.Mathlib.Linter.Style.dollarSyntax.dollarSyntaxLinter._lam_0._boxed took 0.0305ms
interpretation of _private.Mathlib.Tactic.Linter.Style.0.Mathlib.Linter.Style.lambdaSyntax.lambdaSyntaxLinter._lam_0._boxed took 0.0261ms
interpretation of _private.Mathlib.Tactic.Linter.Style.0.Mathlib.Linter.Style.longFile.longFileLinter._lam_0._boxed took 0.0319ms
interpretation of _private.Mathlib.Tactic.Linter.Style.0.Mathlib.Linter.Style.longLine.longLineLinter._lam_0._boxed took 0.0219ms
interpretation of _private.Mathlib.Tactic.Linter.Style.0.Mathlib.Linter.Style.nameCheck.doubleUnderscore._lam_2._boxed took 0.28ms
interpretation of _private.Mathlib.Tactic.Linter.Style.0.Mathlib.Linter.Style.openClassical.openClassicalLinter._lam_0._boxed took 0.029ms
interpretation of _private.Mathlib.Tactic.Linter.Whitespace.0.Mathlib.Linter.Style.Whitespace.whitespaceLinter._lam_4._boxed took 0.0552ms
tacticAnalysis took 0.419ms
interpretation of Mathlib.TacticAnalysis.tacticAnalysis._lam_1._boxed took 0.0724ms
interpretation of _private.Mathlib.Tactic.Linter.Lint.0.Mathlib.Linter.DupNamespaceLinter.dupNamespace._lam_1._boxed took 0.119ms
linting took 1.05ms
elaboration took 0.179ms
parsing took 0.107ms
interpretation of _private.Mathlib.Tactic.Linter.Header.0.Mathlib.Linter.Style.header.headerLinter._lam_3._boxed took 0.0853ms
interpretation of _private.Mathlib.Tactic.Linter.AuxLemma.0.Mathlib.Linter.AuxLemma.auxLemmaLinter._lam_1._boxed took 0.171ms
interpretation of _private.Mathlib.Tactic.Linter.DeprecatedSyntaxLinter.0.Mathlib.Linter.Style.deprecatedSyntaxLinter._lam_1._boxed took 0.0641ms
interpretation of _private.Mathlib.Tactic.Linter.DocPrime.0.Mathlib.Linter.DocPrime.docPrimeLinter._lam_3._boxed took 0.0419ms
interpretation of _private.Mathlib.Tactic.Linter.DocString.0.Mathlib.Linter.Style.docStringLinter._lam_0._boxed took 0.278ms
interpretation of _private.Mathlib.Tactic.Linter.DocString.0.Mathlib.Linter.Style.moduleDocVersoLinter._lam_0._boxed took 0.0552ms
interpretation of Mathlib.Linter.EmptyLine.emptyLineLinter._lam_2._boxed took 0.0502ms
interpretation of _private.Mathlib.Tactic.Linter.GlobalAttributeIn.0.Mathlib.Linter.globalAttributeInLinter.globalAttributeIn._lam_0._boxed took 0.199ms
interpretation of _private.Mathlib.Tactic.Linter.HashCommandLinter.0.Mathlib.Linter.HashCommandLinter.withSetOptionIn'._boxed took 0.0936ms
interpretation of _private.Mathlib.Tactic.Linter.FlexibleLinter.0.Mathlib.Linter.Flexible.flexibleLinter._lam_0._boxed took 0.0416ms
interpretation of _private.Mathlib.Tactic.Linter.Multigoal.0.Mathlib.Linter.Style.multiGoal.multiGoalLinter._lam_0._boxed took 0.0342ms
interpretation of _private.Mathlib.Tactic.Linter.OldObtain.0.Mathlib.Linter.Style.oldObtainLinter._lam_0._boxed took 0.0296ms
interpretation of Mathlib.Linter.UnusedInstancesInType.withSetBoolOptionIn._boxed took 0.0688ms
interpretation of Mathlib.Linter.UnusedInstancesInType.withSetBoolOptionIn._boxed took 0.0429ms
overlappingInstancesLinter took 0.0649ms
interpretation of Mathlib.Linter.UnusedInstancesInType.withSetBoolOptionIn._boxed took 0.143ms
interpretation of _private.Mathlib.Tactic.Linter.PrivateModule.0.Mathlib.Linter.privateModule._lam_1._boxed took 0.0291ms
interpretation of _private.Mathlib.Tactic.Linter.UnusedTactic.0.Mathlib.Linter.UnusedTactic.unusedTacticLinter._lam_0._boxed took 1.07ms
interpretation of _private.Mathlib.Tactic.Linter.Style.0.Mathlib.Linter.Style.setOption.setOptionLinter._lam_0._boxed took 0.111ms
interpretation of _private.Mathlib.Tactic.Linter.Style.0.Mathlib.Linter.Style.missingEnd.missingEndLinter._lam_0._boxed took 0.2ms
interpretation of _private.Mathlib.Tactic.Linter.Style.0.Mathlib.Linter.Style.cdotLinter._lam_0._boxed took 0.0774ms
interpretation of _private.Mathlib.Tactic.Linter.Style.0.Mathlib.Linter.Style.dollarSyntax.dollarSyntaxLinter._lam_0._boxed took 0.0835ms
interpretation of _private.Mathlib.Tactic.Linter.Style.0.Mathlib.Linter.Style.lambdaSyntax.lambdaSyntaxLinter._lam_0._boxed took 0.0531ms
interpretation of _private.Mathlib.Tactic.Linter.Style.0.Mathlib.Linter.Style.longFile.longFileLinter._lam_0._boxed took 0.0606ms
interpretation of _private.Mathlib.Tactic.Linter.Style.0.Mathlib.Linter.Style.longLine.longLineLinter._lam_0._boxed took 0.0393ms
interpretation of _private.Mathlib.Tactic.Linter.Style.0.Mathlib.Linter.Style.nameCheck.doubleUnderscore._lam_2._boxed took 0.376ms
interpretation of _private.Mathlib.Tactic.Linter.Style.0.Mathlib.Linter.Style.openClassical.openClassicalLinter._lam_0._boxed took 0.0527ms
interpretation of _private.Mathlib.Tactic.Linter.Whitespace.0.Mathlib.Linter.Style.Whitespace.whitespaceLinter._lam_4._boxed took 0.0614ms
tacticAnalysis took 0.841ms
interpretation of Mathlib.TacticAnalysis.tacticAnalysis._lam_1._boxed took 0.161ms
interpretation of _private.Mathlib.Tactic.Linter.Lint.0.Mathlib.Linter.DupNamespaceLinter.dupNamespace._lam_1._boxed took 0.343ms
linting took 1.6ms
elaboration took 0.379ms
parsing took 0.766ms
attribute application took 0.009ms
type checking took 0.209ms
type checking took 0.1ms
type checking took 0.0802ms
type checking took 0.0263ms
type checking took 0.112ms
type checking took 0.352ms
type checking took 0.266ms
typeclass inference of OfNat took 0.285ms
typeclass inference of SizeOf took 0.0861ms
typeclass inference of HAdd took 0.463ms
typeclass inference of SizeOf took 0.0743ms
typeclass inference of HAdd took 0.0295ms
typeclass inference of SizeOf took 0.0672ms
typeclass inference of HAdd took 0.0095ms
type checking took 0.177ms
type checking took 0.041ms
typeclass inference of OfNat took 0.149ms
typeclass inference of SizeOf took 0.103ms
typeclass inference of HAdd took 0.389ms
typeclass inference of SizeOf took 0.0682ms
typeclass inference of HAdd took 0.0103ms
typeclass inference of SizeOf took 0.0643ms
typeclass inference of HAdd took 0.0089ms
type checking took 0.534ms
congr simp thm took 0.108ms
congr simp thm took 0.0325ms
simp took 0.702ms
simp took 0.0327ms
type checking took 0.376ms
type checking took 0.529ms
type checking took 0.0374ms
type checking took 0.0293ms
type checking took 0.0233ms
type checking took 0.0568ms
attribute application took 0.0059ms
attribute application took 0.0129ms
instantiate metavars took 0.0028ms
instantiate metavars took 0.001ms
instantiate metavars took 0.0047ms
instantiate metavars took 0.0013ms
instantiate metavars took 0.0009ms
instantiate metavars took 0.0009ms
instantiate metavars took 0.0006ms
share common exprs took 0.0357ms
fix level params took 0.0091ms
let-to-have transformation took 0.0066ms
let-to-have transformation took 0.004ms
type checking took 0.0849ms
attribute application took 0.236ms
compilation (LCNF base) took 0.727ms
compilation (LCNF mono) took 1.34ms
compilation (LCNF mono) took 0.271ms
compilation (LCNF impure) took 0.279ms
compilation (IR) took 0.0897ms
compilation (LCNF mono) took 0.226ms
compilation (LCNF impure) took 0.321ms
compilation (IR) took 0.0485ms
compilation (LCNF mono) took 0.274ms
compilation (LCNF impure) took 0.265ms
compilation (IR) took 0.0696ms
compilation (LCNF mono) took 0.196ms
compilation (LCNF impure) took 0.221ms
compilation (IR) took 0.041ms
compilation (LCNF mono) took 0.49ms
compilation (LCNF impure) took 0.322ms
compilation (IR) took 0.123ms
attribute application took 0.0125ms
process pre-definitions took 2.47ms
interpretation of Lean.Elab.mkSelectInsertParamsInstanceHandler._boxed took 96.2ms
attribute application took 0.0071ms
type checking took 0.294ms
type checking took 0.111ms
type checking took 0.195ms
type checking took 0.0349ms
type checking took 0.19ms
type checking took 0.328ms
type checking took 0.275ms
typeclass inference of OfNat took 0.181ms
typeclass inference of SizeOf took 0.0785ms
typeclass inference of HAdd took 0.396ms
typeclass inference of SizeOf took 0.0166ms
typeclass inference of HAdd took 0.0099ms
typeclass inference of SizeOf took 0.0119ms
typeclass inference of HAdd took 0.0086ms
typeclass inference of SizeOf took 0.011ms
typeclass inference of HAdd took 0.008ms
typeclass inference of SizeOf took 0.0108ms
typeclass inference of HAdd took 0.0084ms
typeclass inference of SizeOf took 0.0108ms
typeclass inference of HAdd took 0.0079ms
type checking took 0.163ms
type checking took 0.056ms
typeclass inference of OfNat took 0.142ms
typeclass inference of SizeOf took 0.0795ms
typeclass inference of HAdd took 0.366ms
typeclass inference of SizeOf took 0.0229ms
typeclass inference of HAdd took 0.0156ms
typeclass inference of SizeOf took 0.0197ms
typeclass inference of HAdd took 0.0139ms
typeclass inference of SizeOf took 0.0192ms
typeclass inference of HAdd took 0.0141ms
typeclass inference of SizeOf took 0.0187ms
typeclass inference of HAdd took 0.0134ms
typeclass inference of SizeOf took 0.0176ms
typeclass inference of HAdd took 0.0129ms
type checking took 0.687ms
congr simp thm took 0.0191ms
congr simp thm took 0.0563ms
simp took 0.49ms
simp took 0.0372ms
type checking took 1.16ms
type checking took 1.36ms
type checking took 0.052ms
type checking took 0.0401ms
type checking took 0.042ms
type checking took 0.0468ms
type checking took 0.0374ms
type checking took 0.0477ms
type checking took 0.0702ms
attribute application took 0.0078ms
attribute application took 0.0106ms
instantiate metavars took 0.0096ms
instantiate metavars took 0.0017ms
typeclass inference of OfNat took 0.245ms
typeclass inference of OfNat took 0.121ms
typeclass inference of ToString took 0.0702ms
typeclass inference of ToString took 0.0156ms
typeclass inference of HAppend took 0.61ms
typeclass inference of HAppend took 0.0183ms
typeclass inference of HAppend took 0.019ms
typeclass inference of HAppend took 0.0173ms
typeclass inference of HAppend took 0.617ms
typeclass inference of HAppend took 0.112ms
typeclass inference of HAppend took 0.105ms
typeclass inference of HAppend took 0.106ms
typeclass inference of Lean.FromJson took 2.56ms
typeclass inference of Lean.FromJson took 0.46ms
typeclass inference of Lean.FromJson took 0.156ms
typeclass inference of OfNat took 0.0346ms
typeclass inference of OfNat took 0.0135ms
typeclass inference of ToString took 0.0124ms
typeclass inference of ToString took 0.0143ms
typeclass inference of Lean.FromJson took 0.612ms
typeclass inference of HAppend took 0.0233ms
typeclass inference of HAppend took 0.0186ms
typeclass inference of HAppend took 0.0157ms
typeclass inference of HAppend took 0.0106ms
typeclass inference of HAppend took 0.295ms
typeclass inference of HAppend took 0.231ms
typeclass inference of HAppend took 0.146ms
typeclass inference of HAppend took 0.158ms
typeclass inference of Lean.FromJson took 0.386ms
typeclass inference of Lean.FromJson took 0.263ms
typeclass inference of Lean.FromJson took 0.213ms
typeclass inference of OfNat took 0.0246ms
typeclass inference of OfNat took 0.0138ms
typeclass inference of ToString took 0.0146ms
typeclass inference of ToString took 0.018ms
typeclass inference of Lean.FromJson took 0.695ms
typeclass inference of Lean.FromJson took 0.168ms
typeclass inference of HAppend took 0.0162ms
typeclass inference of HAppend took 0.0168ms
typeclass inference of HAppend took 0.0111ms
typeclass inference of HAppend took 0.0103ms
typeclass inference of HAppend took 0.205ms
typeclass inference of HAppend took 0.115ms
typeclass inference of HAppend took 0.137ms
typeclass inference of HAppend took 0.108ms
typeclass inference of Lean.FromJson took 0.262ms
typeclass inference of Lean.FromJson took 0.177ms
typeclass inference of Lean.FromJson took 0.136ms
typeclass inference of OfNat took 0.018ms
typeclass inference of OfNat took 0.0115ms
typeclass inference of ToString took 0.011ms
typeclass inference of ToString took 0.0109ms
typeclass inference of Lean.FromJson took 0.263ms
typeclass inference of Lean.FromJson took 0.133ms
typeclass inference of Lean.FromJson took 0.128ms
typeclass inference of HAppend took 0.0144ms
typeclass inference of HAppend took 0.0114ms
typeclass inference of HAppend took 0.0104ms
typeclass inference of HAppend took 0.014ms
typeclass inference of HAppend took 0.181ms
typeclass inference of HAppend took 0.117ms
typeclass inference of HAppend took 0.109ms
typeclass inference of HAppend took 0.107ms
typeclass inference of Lean.FromJson took 0.275ms
typeclass inference of Lean.FromJson took 0.181ms
typeclass inference of Lean.FromJson took 0.137ms
typeclass inference of OfNat took 0.029ms
typeclass inference of OfNat took 0.0116ms
typeclass inference of ToString took 0.0116ms
typeclass inference of ToString took 0.0114ms
typeclass inference of Lean.FromJson took 0.383ms
typeclass inference of Lean.FromJson took 0.154ms
typeclass inference of Lean.FromJson took 0.126ms
typeclass inference of Lean.FromJson took 0.126ms
typeclass inference of HAppend took 0.0146ms
typeclass inference of HAppend took 0.0117ms
typeclass inference of HAppend took 0.0105ms
typeclass inference of HAppend took 0.0098ms
typeclass inference of HAppend took 0.146ms
typeclass inference of HAppend took 0.124ms
typeclass inference of HAppend took 0.105ms
typeclass inference of HAppend took 0.119ms
typeclass inference of Lean.FromJson took 0.267ms
typeclass inference of Lean.FromJson took 0.17ms
typeclass inference of Lean.FromJson took 0.129ms
typeclass inference of OfNat took 0.052ms
typeclass inference of OfNat took 0.0258ms
typeclass inference of ToString took 0.0268ms
typeclass inference of ToString took 0.0132ms
typeclass inference of Lean.FromJson took 0.629ms
typeclass inference of Lean.FromJson took 0.304ms
typeclass inference of Lean.FromJson took 0.181ms
typeclass inference of Lean.FromJson took 0.144ms
typeclass inference of Lean.FromJson took 0.124ms
typeclass inference of HAppend took 0.0203ms
typeclass inference of HAppend took 0.0119ms
typeclass inference of HAppend took 0.0104ms
typeclass inference of HAppend took 0.0119ms
typeclass inference of HAppend took 0.155ms
typeclass inference of HAppend took 0.22ms
typeclass inference of HAppend took 0.229ms
typeclass inference of HAppend took 0.192ms
typeclass inference of Lean.FromJson took 0.57ms
typeclass inference of Lean.FromJson took 0.26ms
typeclass inference of Lean.FromJson took 0.162ms
typeclass inference of Pure took 1.11ms
do element elaborator of Lean.Parser.Term.doReturn took 0.829ms
typeclass inference of Bind took 0.317ms
do element elaborator of Lean.Parser.Term.doExpr took 11.7ms
do element elaborator of Lean.Parser.Term.doLetArrow took 0.115ms
typeclass inference of Bind took 0.0125ms
do element elaborator of Lean.Parser.Term.doExpr took 10.9ms
do element elaborator of Lean.Parser.Term.doLetArrow took 0.155ms
typeclass inference of Bind took 0.0136ms
do element elaborator of Lean.Parser.Term.doExpr took 8.29ms
do element elaborator of Lean.Parser.Term.doLetArrow took 0.154ms
typeclass inference of Bind took 0.012ms
do element elaborator of Lean.Parser.Term.doExpr took 12.4ms
do element elaborator of Lean.Parser.Term.doLetArrow took 0.13ms
typeclass inference of Bind took 0.0127ms
do element elaborator of Lean.Parser.Term.doExpr took 10.2ms
do element elaborator of Lean.Parser.Term.doLetArrow took 0.146ms
typeclass inference of Bind took 0.0123ms
do element elaborator of Lean.Parser.Term.doExpr took 10.3ms
do element elaborator of Lean.Parser.Term.doLetArrow took 0.122ms
typeclass inference of Lean.FromJson took 0.0919ms
typeclass inference of Lean.FromJson took 0.0119ms
typeclass inference of Lean.FromJson took 0.0116ms
typeclass inference of Lean.FromJson took 0.0102ms
typeclass inference of Lean.FromJson took 0.0103ms
typeclass inference of Lean.FromJson took 0.0101ms
instantiate metavars took 0.0881ms
instantiate metavars took 0.0016ms
instantiate metavars took 0.0007ms
instantiate metavars took 0.0009ms
instantiate metavars took 0.0007ms
share common exprs took 0.349ms
fix level params took 0.0303ms
let-to-have transformation took 0.0084ms
let-to-have transformation took 0.0285ms
type checking took 0.502ms
attribute application took 0.0101ms
compilation (LCNF base) took 32.2ms
compilation (LCNF mono) took 6.67ms
compilation (LCNF mono) took 0.404ms
compilation (LCNF impure) took 0.315ms
compilation (IR) took 0.935ms
compilation (LCNF mono) took 2.64ms
compilation (LCNF impure) took 0.909ms
compilation (IR) took 0.193ms
attribute application took 0.0093ms
process pre-definitions took 14.1ms
attribute application took 0.0233ms
instantiate metavars took 0.0071ms
instantiate metavars took 0.0012ms
instantiate metavars took 0.0039ms
instantiate metavars took 0.0012ms
instantiate metavars took 0.0007ms
instantiate metavars took 0.0008ms
instantiate metavars took 0.0008ms
share common exprs took 0.0247ms
fix level params took 0.0068ms
let-to-have transformation took 0.0057ms
let-to-have transformation took 0.0028ms
type checking took 0.0633ms
attribute application took 0.246ms
compilation (LCNF base) took 0.43ms
compilation (LCNF mono) took 0.0797ms
compilation (LCNF mono) took 0.221ms
compilation (LCNF impure) took 0.401ms
compilation (IR) took 0.138ms
attribute application took 0.0218ms
process pre-definitions took 1.34ms
attribute application took 0.0101ms
instantiate metavars took 0.0027ms
instantiate metavars took 0.0012ms
typeclass inference of Lean.ToJson took 1.16ms
typeclass inference of Lean.ToJson took 0.127ms
typeclass inference of Lean.ToJson took 0.308ms
typeclass inference of Lean.ToJson took 0.013ms
typeclass inference of Lean.ToJson took 0.235ms
typeclass inference of Lean.ToJson took 0.0117ms
typeclass inference of Lean.ToJson took 0.194ms
typeclass inference of Lean.ToJson took 0.0117ms
typeclass inference of Lean.ToJson took 0.449ms
typeclass inference of Lean.ToJson took 0.013ms
typeclass inference of Lean.ToJson took 0.314ms
typeclass inference of Lean.ToJson took 0.0183ms
instantiate metavars took 0.0475ms
instantiate metavars took 0.0016ms
instantiate metavars took 0.0008ms
instantiate metavars took 0.0009ms
instantiate metavars took 0.0006ms
share common exprs took 0.145ms
fix level params took 0.0283ms
let-to-have transformation took 0.0056ms
let-to-have transformation took 0.0105ms
type checking took 0.197ms
attribute application took 0.0074ms
compilation (LCNF base) took 5.05ms
compilation (LCNF mono) took 1.49ms
compilation (LCNF mono) took 0.936ms
compilation (LCNF impure) took 0.616ms
compilation (IR) took 0.196ms
compilation (LCNF mono) took 1.38ms
compilation (LCNF impure) took 0.82ms
compilation (IR) took 0.842ms
attribute application took 0.0148ms
process pre-definitions took 5.25ms
attribute application took 0.0164ms
instantiate metavars took 0.0141ms
instantiate metavars took 0.0019ms
instantiate metavars took 0.0044ms
instantiate metavars took 0.0013ms
instantiate metavars took 0.0008ms
instantiate metavars took 0.0007ms
instantiate metavars took 0.0006ms
share common exprs took 0.0251ms
fix level params took 0.007ms
let-to-have transformation took 0.0052ms
let-to-have transformation took 0.0028ms
type checking took 0.0577ms
attribute application took 0.176ms
compilation (LCNF base) took 0.341ms
compilation (LCNF mono) took 0.0738ms
compilation (LCNF mono) took 0.153ms
compilation (LCNF impure) took 0.213ms
compilation (IR) took 0.0498ms
attribute application took 0.0094ms
process pre-definitions took 1.02ms
attribute application took 0.0032ms
attribute application took 0.0078ms
instantiate metavars took 0.0022ms
instantiate metavars took 0.0012ms
attribute application took 0.0038ms
attribute application took 0.0037ms
typeclass inference of Lean.Server.RpcEncodable took 0.328ms
typeclass inference of Lean.Server.RpcEncodable took 0.533ms
typeclass inference of Lean.Server.RpcEncodable took 0.185ms
typeclass inference of Lean.Server.RpcEncodable took 0.321ms
typeclass inference of Lean.Server.RpcEncodable took 0.137ms
typeclass inference of Lean.Server.RpcEncodable took 0.696ms
typeclass inference of Lean.Server.RpcEncodable took 0.17ms
typeclass inference of Lean.Server.RpcEncodable took 0.413ms
typeclass inference of Lean.Server.RpcEncodable took 0.169ms
typeclass inference of Lean.Server.RpcEncodable took 0.39ms
typeclass inference of Lean.Server.RpcEncodable took 0.145ms
typeclass inference of Lean.Server.RpcEncodable took 0.364ms
typeclass inference of Lean.ToJson took 0.557ms
typeclass inference of Lean.ToJson took 0.0822ms
typeclass inference of Pure took 1.43ms
do element elaborator of Lean.Parser.Term.doReturn took 1.25ms
typeclass inference of Bind took 0.566ms
do element elaborator of Lean.Parser.Term.doExpr took 0.939ms
do element elaborator of Lean.Parser.Term.doLetArrow took 0.0727ms
typeclass inference of Bind took 0.0135ms
do element elaborator of Lean.Parser.Term.doExpr took 0.96ms
do element elaborator of Lean.Parser.Term.doLetArrow took 0.098ms
typeclass inference of Bind took 0.0117ms
do element elaborator of Lean.Parser.Term.doExpr took 0.967ms
do element elaborator of Lean.Parser.Term.doLetArrow took 0.112ms
typeclass inference of Bind took 0.0112ms
do element elaborator of Lean.Parser.Term.doExpr took 1.03ms
do element elaborator of Lean.Parser.Term.doLetArrow took 0.0978ms
typeclass inference of Bind took 0.0114ms
do element elaborator of Lean.Parser.Term.doExpr took 1.28ms
do element elaborator of Lean.Parser.Term.doLetArrow took 0.121ms
typeclass inference of Bind took 0.0109ms
do element elaborator of Lean.Parser.Term.doExpr took 1.46ms
do element elaborator of Lean.Parser.Term.doLetArrow took 0.264ms
do element elaborator of Lean.Parser.Term.doReturn took 0.208ms
typeclass inference of Lean.FromJson took 0.619ms
typeclass inference of Lean.FromJson took 0.369ms
typeclass inference of Lean.FromJson took 0.285ms
typeclass inference of MonadLiftT took 2.54ms
typeclass inference of Lean.Server.RpcEncodable took 0.162ms
typeclass inference of Lean.Server.RpcEncodable took 0.105ms
typeclass inference of Lean.Server.RpcEncodable took 0.0897ms
typeclass inference of Lean.Server.RpcEncodable took 0.0945ms
typeclass inference of Lean.Server.RpcEncodable took 0.0938ms
typeclass inference of Lean.Server.RpcEncodable took 0.0855ms
typeclass inference of Lean.Server.RpcEncodable took 0.0925ms
typeclass inference of Lean.Server.RpcEncodable took 0.199ms
typeclass inference of Lean.Server.RpcEncodable took 0.0936ms
typeclass inference of Lean.Server.RpcEncodable took 0.102ms
typeclass inference of Lean.Server.RpcEncodable took 0.0936ms
typeclass inference of Lean.Server.RpcEncodable took 0.0963ms
typeclass inference of Lean.Server.RpcEncodable took 0.115ms
typeclass inference of Lean.Server.RpcEncodable took 0.116ms
typeclass inference of Lean.Server.RpcEncodable took 0.118ms
typeclass inference of Lean.Server.RpcEncodable took 0.147ms
typeclass inference of Lean.Server.RpcEncodable took 0.128ms
typeclass inference of Lean.Server.RpcEncodable took 0.124ms
typeclass inference of Pure took 1.2ms
do element elaborator of Lean.Parser.Term.doReturn took 0.94ms
typeclass inference of Bind took 0.83ms
do element elaborator of Lean.Parser.Term.doExpr took 1.28ms
do element elaborator of Lean.Parser.Term.doLetArrow took 0.147ms
typeclass inference of Bind took 0.0197ms
do element elaborator of Lean.Parser.Term.doExpr took 1.27ms
do element elaborator of Lean.Parser.Term.doLetArrow took 0.107ms
typeclass inference of Bind took 0.0214ms
do element elaborator of Lean.Parser.Term.doExpr took 1.32ms
do element elaborator of Lean.Parser.Term.doLetArrow took 0.104ms
typeclass inference of Bind took 0.0196ms
do element elaborator of Lean.Parser.Term.doExpr took 1.22ms
do element elaborator of Lean.Parser.Term.doLetArrow took 0.131ms
typeclass inference of Bind took 0.0322ms
do element elaborator of Lean.Parser.Term.doExpr took 1.37ms
do element elaborator of Lean.Parser.Term.doLetArrow took 0.129ms
typeclass inference of Bind took 0.0212ms
do element elaborator of Lean.Parser.Term.doExpr took 1.75ms
do element elaborator of Lean.Parser.Term.doLetArrow took 0.162ms
do element elaborator of Lean.Parser.Term.doReturn took 0.222ms
typeclass inference of Bind took 0.0279ms
do element elaborator of Lean.Parser.Term.doExpr took 2.34ms
do element elaborator of Lean.Parser.Term.doLetArrow took 0.182ms
typeclass inference of Lean.FromJson took 0.201ms
typeclass inference of Lean.Server.RpcEncodable took 0.0165ms
typeclass inference of Lean.Server.RpcEncodable took 0.0152ms
typeclass inference of Lean.Server.RpcEncodable took 0.0134ms
typeclass inference of Lean.Server.RpcEncodable took 0.0117ms
typeclass inference of Lean.Server.RpcEncodable took 0.0121ms
typeclass inference of Lean.Server.RpcEncodable took 0.0124ms
instantiate metavars took 0.0059ms
instantiate metavars took 0.0042ms
instantiate metavars took 0.0011ms
instantiate metavars took 0.0048ms
instantiate metavars took 0.0615ms
instantiate metavars took 0.0039ms
instantiate metavars took 0.0564ms
instantiate metavars took 0.0037ms
instantiate metavars took 0.0013ms
instantiate metavars took 0.0031ms
instantiate metavars took 0.0011ms
instantiate metavars took 0.009ms
instantiate metavars took 0.001ms
instantiate metavars took 0.0008ms
instantiate metavars took 0.0008ms
instantiate metavars took 0.0009ms
instantiate metavars took 0.0008ms
share common exprs took 0.489ms
fix level params took 0.0862ms
let-to-have transformation took 0.0078ms
let-to-have transformation took 0.0162ms
type checking took 0.545ms
attribute application took 0.0086ms
compilation (LCNF base) took 31.2ms
compilation (LCNF mono) took 3.32ms
compilation (LCNF mono) took 0.691ms
compilation (LCNF impure) took 0.53ms
compilation (IR) took 1.22ms
compilation (LCNF mono) took 0.386ms
compilation (LCNF impure) took 0.361ms
compilation (IR) took 0.0737ms
compilation (LCNF mono) took 0.255ms
compilation (LCNF impure) took 0.135ms
compilation (IR) took 0.0336ms
compilation (LCNF mono) took 0.389ms
compilation (LCNF impure) took 0.397ms
compilation (IR) took 1.06ms
compilation (LCNF mono) took 0.864ms
compilation (LCNF impure) took 0.716ms
compilation (IR) took 0.726ms
attribute application took 0.0078ms
let-to-have transformation took 0.0134ms
let-to-have transformation took 0.0244ms
type checking took 1.47ms
attribute application took 0.018ms
compilation (LCNF base) took 38.8ms
compilation (LCNF mono) took 4.32ms
compilation (LCNF mono) took 0.199ms
compilation (LCNF impure) took 0.237ms
compilation (IR) took 0.0849ms
compilation (LCNF mono) took 0.106ms
compilation (LCNF impure) took 0.153ms
compilation (IR) took 0.0533ms
compilation (LCNF mono) took 0.558ms
compilation (LCNF impure) took 0.618ms
compilation (IR) took 0.136ms
compilation (LCNF mono) took 0.677ms
compilation (LCNF impure) took 0.383ms
compilation (IR) took 0.918ms
compilation (LCNF mono) took 0.489ms
compilation (LCNF impure) took 0.545ms
compilation (IR) took 0.507ms
compilation (LCNF mono) took 0.456ms
compilation (LCNF impure) took 0.499ms
compilation (IR) took 0.134ms
compilation (LCNF mono) took 1.38ms
compilation (LCNF impure) took 1.69ms
compilation (IR) took 0.958ms
compilation (LCNF mono) took 0.226ms
compilation (LCNF impure) took 0.218ms
compilation (IR) took 0.0513ms
attribute application took 0.0073ms
let-to-have transformation took 0.0083ms
let-to-have transformation took 0.0053ms
type checking took 0.116ms
attribute application took 0.205ms
compilation (LCNF base) took 0.497ms
compilation (LCNF mono) took 0.113ms
compilation (LCNF mono) took 0.327ms
compilation (LCNF impure) took 0.326ms
compilation (IR) took 0.145ms
attribute application took 0.0132ms
process pre-definitions took 28.1ms
attribute application took 0.009ms
interpretation of _private.Mathlib.Tactic.Linter.Header.0.Mathlib.Linter.Style.header.headerLinter._lam_3._boxed took 0.0952ms
interpretation of _private.Mathlib.Tactic.Linter.AuxLemma.0.Mathlib.Linter.AuxLemma.auxLemmaLinter._lam_1._boxed took 0.223ms
interpretation of _private.Mathlib.Tactic.Linter.DeprecatedSyntaxLinter.0.Mathlib.Linter.Style.deprecatedSyntaxLinter._lam_1._boxed took 0.0533ms
interpretation of _private.Mathlib.Tactic.Linter.DocPrime.0.Mathlib.Linter.DocPrime.docPrimeLinter._lam_3._boxed took 0.0326ms
interpretation of _private.Mathlib.Tactic.Linter.DocString.0.Mathlib.Linter.Style.docStringLinter._lam_0._boxed took 0.952ms
interpretation of _private.Mathlib.Tactic.Linter.DocString.0.Mathlib.Linter.Style.moduleDocVersoLinter._lam_0._boxed took 0.0362ms
interpretation of Mathlib.Linter.EmptyLine.emptyLineLinter._lam_2._boxed took 0.0347ms
interpretation of _private.Mathlib.Tactic.Linter.GlobalAttributeIn.0.Mathlib.Linter.globalAttributeInLinter.globalAttributeIn._lam_0._boxed took 1.74ms
interpretation of _private.Mathlib.Tactic.Linter.HashCommandLinter.0.Mathlib.Linter.HashCommandLinter.withSetOptionIn'._boxed took 1.32ms
interpretation of _private.Mathlib.Tactic.Linter.FlexibleLinter.0.Mathlib.Linter.Flexible.flexibleLinter._lam_0._boxed took 0.0354ms
interpretation of _private.Mathlib.Tactic.Linter.Multigoal.0.Mathlib.Linter.Style.multiGoal.multiGoalLinter._lam_0._boxed took 0.0289ms
interpretation of _private.Mathlib.Tactic.Linter.OldObtain.0.Mathlib.Linter.Style.oldObtainLinter._lam_0._boxed took 0.0437ms
interpretation of Mathlib.Linter.UnusedInstancesInType.withSetBoolOptionIn._boxed took 1.72ms
interpretation of Mathlib.Linter.UnusedInstancesInType.withSetBoolOptionIn._boxed took 0.0568ms
overlappingInstancesLinter took 0.994ms
interpretation of Mathlib.Linter.UnusedInstancesInType.withSetBoolOptionIn._boxed took 0.12ms
interpretation of _private.Mathlib.Tactic.Linter.PrivateModule.0.Mathlib.Linter.privateModule._lam_1._boxed took 0.0298ms
interpretation of _private.Mathlib.Tactic.Linter.UnusedTactic.0.Mathlib.Linter.UnusedTactic.unusedTacticLinter._lam_0._boxed took 2.28ms
interpretation of _private.Mathlib.Tactic.Linter.Style.0.Mathlib.Linter.Style.setOption.setOptionLinter._lam_0._boxed took 0.0658ms
interpretation of _private.Mathlib.Tactic.Linter.Style.0.Mathlib.Linter.Style.missingEnd.missingEndLinter._lam_0._boxed took 0.131ms
interpretation of _private.Mathlib.Tactic.Linter.Style.0.Mathlib.Linter.Style.cdotLinter._lam_0._boxed took 0.0318ms
interpretation of _private.Mathlib.Tactic.Linter.Style.0.Mathlib.Linter.Style.dollarSyntax.dollarSyntaxLinter._lam_0._boxed took 0.0403ms
interpretation of _private.Mathlib.Tactic.Linter.Style.0.Mathlib.Linter.Style.lambdaSyntax.lambdaSyntaxLinter._lam_0._boxed took 0.0392ms
interpretation of _private.Mathlib.Tactic.Linter.Style.0.Mathlib.Linter.Style.longFile.longFileLinter._lam_0._boxed took 0.066ms
interpretation of _private.Mathlib.Tactic.Linter.Style.0.Mathlib.Linter.Style.longLine.longLineLinter._lam_0._boxed took 0.0716ms
interpretation of _private.Mathlib.Tactic.Linter.Style.0.Mathlib.Linter.Style.nameCheck.doubleUnderscore._lam_2._boxed took 0.598ms
interpretation of _private.Mathlib.Tactic.Linter.Style.0.Mathlib.Linter.Style.openClassical.openClassicalLinter._lam_0._boxed took 0.0728ms
interpretation of _private.Mathlib.Tactic.Linter.Whitespace.0.Mathlib.Linter.Style.Whitespace.whitespaceLinter._lam_4._boxed took 0.083ms
tacticAnalysis took 17.1ms
interpretation of Mathlib.TacticAnalysis.tacticAnalysis._lam_1._boxed took 0.322ms
interpretation of _private.Mathlib.Tactic.Linter.Lint.0.Mathlib.Linter.DupNamespaceLinter.dupNamespace._lam_1._boxed took 0.463ms
linting took 5.34ms
elaboration took 83ms
parsing took 9.69ms
attribute application took 0.0098ms
instantiate metavars took 0.0487ms
instantiate metavars took 0.004ms
typeclass inference of ToString took 0.202ms
typeclass inference of OfNat took 0.345ms
typeclass inference of GetElem? took 0.549ms
typeclass inference of OfNat took 0.227ms
typeclass inference of OfNat took 0.179ms
typeclass inference of BEq took 0.457ms
typeclass inference of BEq took 1.2ms
typeclass inference of OfNat took 0.205ms
typeclass inference of BEq took 0.312ms
typeclass inference of BEq took 0.0134ms
typeclass inference of ForIn took 1.78ms
typeclass inference of Pure took 0.924ms
typeclass inference of Bind took 0.333ms
do element elaborator of Lean.Parser.Term.doExpr took 0.932ms
do element elaborator of Lean.Parser.Term.doReassignArrow took 0.108ms
typeclass inference of ToString took 0.0256ms
typeclass inference of ToString took 0.0207ms
typeclass inference of ToString took 0.0461ms
typeclass inference of ToString took 0.0255ms
typeclass inference of OfNat took 0.486ms
typeclass inference of OfNat took 0.215ms
typeclass inference of GetElem? took 0.37ms
typeclass inference of OfNat took 0.163ms
typeclass inference of OfNat took 0.122ms
typeclass inference of OfNat took 0.0118ms
typeclass inference of CoeT took 3.03ms
typeclass inference of Decidable took 0.305ms
typeclass inference of ToString took 0.146ms
typeclass inference of ToString took 0.0136ms
typeclass inference of ToString took 0.291ms
typeclass inference of ToString took 0.0221ms
typeclass inference of ToString took 0.0114ms
typeclass inference of ToString took 0.012ms
typeclass inference of ToString took 0.0119ms
typeclass inference of ToString took 0.012ms
typeclass inference of ToString took 0.241ms
typeclass inference of ToString took 0.0126ms
typeclass inference of ToString took 0.0132ms
typeclass inference of ToString took 0.0121ms
typeclass inference of ToString took 0.0111ms
typeclass inference of ToString took 0.011ms
typeclass inference of ToString took 0.233ms
typeclass inference of ToString took 0.0134ms
typeclass inference of ToString took 0.0116ms
typeclass inference of ToString took 0.013ms
typeclass inference of ToString took 0.204ms
typeclass inference of ToString took 0.151ms
typeclass inference of ToString took 0.128ms
typeclass inference of HAppend took 0.429ms
typeclass inference of HAppend took 0.0127ms
typeclass inference of HAppend took 0.0111ms
typeclass inference of HAppend took 0.0113ms
typeclass inference of HAppend took 0.0103ms
typeclass inference of HAppend took 0.0099ms
typeclass inference of HAppend took 0.0099ms
typeclass inference of HAppend took 0.0097ms
typeclass inference of HAppend took 0.0128ms
typeclass inference of HAppend took 0.015ms
typeclass inference of HAppend took 0.0148ms
typeclass inference of HAppend took 0.0158ms
typeclass inference of HAppend took 0.01ms
typeclass inference of HAppend took 0.0103ms
typeclass inference of HAppend took 0.0149ms
typeclass inference of HAppend took 0.0116ms
typeclass inference of HAppend took 0.0132ms
typeclass inference of HAppend took 0.803ms
typeclass inference of HAppend took 0.153ms
typeclass inference of HAppend took 0.191ms
typeclass inference of HAppend took 0.182ms
typeclass inference of HAppend took 0.162ms
typeclass inference of HAppend took 0.141ms
typeclass inference of HAppend took 0.146ms
typeclass inference of HAppend took 0.135ms
typeclass inference of HAppend took 0.191ms
typeclass inference of HAppend took 0.124ms
typeclass inference of HAppend took 0.119ms
typeclass inference of HAppend took 0.149ms
typeclass inference of HAppend took 0.123ms
typeclass inference of HAppend took 0.113ms
typeclass inference of HAppend took 0.115ms
typeclass inference of HAppend took 0.127ms
typeclass inference of HAppend took 0.136ms
typeclass inference of ToString took 0.0512ms
typeclass inference of ToString took 0.47ms
typeclass inference of ToString took 0.0276ms
typeclass inference of ToString took 0.0125ms
typeclass inference of ToString took 0.013ms
typeclass inference of ToString took 0.0125ms
typeclass inference of ToString took 0.0127ms
typeclass inference of ToString took 0.417ms
typeclass inference of ToString took 0.0138ms
typeclass inference of ToString took 0.0107ms
typeclass inference of ToString took 0.0364ms
typeclass inference of ToString took 0.0154ms
typeclass inference of ToString took 0.0119ms
typeclass inference of ToString took 0.272ms
typeclass inference of ToString took 0.0153ms
typeclass inference of ToString took 0.0125ms
typeclass inference of ToString took 0.012ms
typeclass inference of ToString took 0.246ms
typeclass inference of ToString took 0.154ms
typeclass inference of ToString took 0.128ms
typeclass inference of ToString took 0.284ms
typeclass inference of ToString took 0.189ms
typeclass inference of ToString took 0.135ms
typeclass inference of HAppend took 0.0182ms
typeclass inference of HAppend took 0.0126ms
typeclass inference of HAppend took 0.0114ms
typeclass inference of HAppend took 0.0111ms
typeclass inference of HAppend took 0.0107ms
typeclass inference of HAppend took 0.0105ms
typeclass inference of HAppend took 0.0102ms
typeclass inference of HAppend took 0.0104ms
typeclass inference of HAppend took 0.0106ms
typeclass inference of HAppend took 0.0107ms
typeclass inference of HAppend took 0.0102ms
typeclass inference of HAppend took 0.0106ms
typeclass inference of HAppend took 0.0103ms
typeclass inference of HAppend took 0.0102ms
typeclass inference of HAppend took 0.0101ms
typeclass inference of HAppend took 0.01ms
typeclass inference of HAppend took 0.144ms
typeclass inference of HAppend took 0.118ms
typeclass inference of HAppend took 0.122ms
typeclass inference of HAppend took 0.122ms
typeclass inference of HAppend took 0.152ms
typeclass inference of HAppend took 0.173ms
typeclass inference of HAppend took 0.196ms
typeclass inference of HAppend took 0.178ms
typeclass inference of HAppend took 0.185ms
typeclass inference of HAppend took 0.158ms
typeclass inference of HAppend took 0.177ms
typeclass inference of HAppend took 0.202ms
typeclass inference of HAppend took 0.162ms
typeclass inference of HAppend took 0.177ms
typeclass inference of HAppend took 0.254ms
typeclass inference of HAppend took 0.156ms
typeclass inference of CoeT took 0.0392ms
typeclass inference of Decidable took 0.0309ms
typeclass inference of ToString took 0.0218ms
typeclass inference of ToString took 0.0189ms
typeclass inference of ToString took 0.363ms
typeclass inference of ToString took 0.0202ms
typeclass inference of ToString took 0.0187ms
typeclass inference of ToString took 0.0189ms
typeclass inference of ToString took 0.0188ms
typeclass inference of ToString took 0.0123ms
typeclass inference of ToString took 0.248ms
typeclass inference of ToString took 0.0132ms
typeclass inference of ToString took 0.0108ms
typeclass inference of ToString took 0.0114ms
typeclass inference of ToString took 0.214ms
typeclass inference of ToString took 0.134ms
typeclass inference of ToString took 0.131ms
typeclass inference of ToString took 0.12ms
typeclass inference of ToString took 0.118ms
typeclass inference of ToString took 0.119ms
typeclass inference of ToString took 0.118ms
typeclass inference of ToString took 0.114ms
typeclass inference of HAppend took 0.0223ms
typeclass inference of HAppend took 0.0184ms
typeclass inference of HAppend took 0.0176ms
typeclass inference of HAppend took 0.0123ms
typeclass inference of HAppend took 0.0111ms
typeclass inference of HAppend took 0.0105ms
typeclass inference of HAppend took 0.0104ms
typeclass inference of HAppend took 0.0103ms
typeclass inference of HAppend took 0.0104ms
typeclass inference of HAppend took 0.0103ms
typeclass inference of HAppend took 0.0105ms
typeclass inference of HAppend took 0.149ms
typeclass inference of HAppend took 0.115ms
typeclass inference of HAppend took 0.124ms
typeclass inference of HAppend took 0.113ms
typeclass inference of HAppend took 0.139ms
typeclass inference of HAppend took 0.115ms
typeclass inference of HAppend took 0.12ms
typeclass inference of HAppend took 0.117ms
typeclass inference of HAppend took 0.134ms
typeclass inference of HAppend took 0.139ms
typeclass inference of HAppend took 0.125ms
typeclass inference of ToString took 0.0275ms
typeclass inference of ToString took 0.35ms
typeclass inference of ToString took 0.0196ms
typeclass inference of ToString took 0.0167ms
typeclass inference of ToString took 0.0168ms
typeclass inference of ToString took 0.0176ms
typeclass inference of ToString took 0.0215ms
typeclass inference of ToString took 0.195ms
typeclass inference of ToString took 0.013ms
typeclass inference of ToString took 0.0112ms
typeclass inference of ToString took 0.0117ms
typeclass inference of ToString took 0.168ms
typeclass inference of ToString took 0.135ms
typeclass inference of ToString took 0.125ms
typeclass inference of ToString took 0.14ms
typeclass inference of ToString took 0.122ms
typeclass inference of ToString took 0.173ms
typeclass inference of ToString took 0.258ms
typeclass inference of ToString took 0.237ms
typeclass inference of ToString took 0.294ms
typeclass inference of ToString took 0.296ms
typeclass inference of HAppend took 0.0263ms
typeclass inference of HAppend took 0.0191ms
typeclass inference of HAppend took 0.0204ms
typeclass inference of HAppend took 0.0406ms
typeclass inference of HAppend took 0.0198ms
typeclass inference of HAppend took 0.0174ms
typeclass inference of HAppend took 0.0471ms
typeclass inference of HAppend took 0.0187ms
typeclass inference of HAppend took 0.0166ms
typeclass inference of HAppend took 0.0169ms
typeclass inference of HAppend took 0.277ms
typeclass inference of HAppend took 0.203ms
typeclass inference of HAppend took 0.224ms
typeclass inference of HAppend took 0.231ms
typeclass inference of HAppend took 0.211ms
typeclass inference of HAppend took 0.259ms
typeclass inference of HAppend took 0.193ms
typeclass inference of HAppend took 0.242ms
typeclass inference of HAppend took 0.22ms
typeclass inference of HAppend took 0.245ms
typeclass inference of CoeT took 0.0371ms
typeclass inference of Decidable took 0.0222ms
typeclass inference of ToString took 0.0156ms
typeclass inference of ToString took 0.0121ms
typeclass inference of ToString took 0.282ms
typeclass inference of ToString took 0.0131ms
typeclass inference of ToString took 0.0144ms
typeclass inference of ToString took 0.0121ms
typeclass inference of ToString took 0.0111ms
typeclass inference of ToString took 0.0112ms
typeclass inference of ToString took 0.223ms
typeclass inference of ToString took 0.0125ms
typeclass inference of ToString took 0.0106ms
typeclass inference of ToString took 0.0113ms
typeclass inference of ToString took 0.172ms
typeclass inference of ToString took 0.133ms
typeclass inference of ToString took 0.141ms
typeclass inference of ToString took 0.122ms
typeclass inference of ToString took 0.176ms
typeclass inference of ToString took 0.135ms
typeclass inference of ToString took 0.119ms
typeclass inference of ToString took 0.125ms
typeclass inference of ToString took 0.161ms
typeclass inference of ToString took 0.12ms
typeclass inference of ToString took 0.118ms
typeclass inference of ToString took 0.117ms
typeclass inference of HAppend took 0.017ms
typeclass inference of HAppend took 0.012ms
typeclass inference of HAppend took 0.0107ms
typeclass inference of HAppend took 0.0103ms
typeclass inference of HAppend took 0.0102ms
typeclass inference of HAppend took 0.0103ms
typeclass inference of HAppend took 0.0101ms
typeclass inference of HAppend took 0.0102ms
typeclass inference of HAppend took 0.0103ms
typeclass inference of HAppend took 0.0101ms
typeclass inference of HAppend took 0.0145ms
typeclass inference of HAppend took 0.142ms
typeclass inference of HAppend took 0.132ms
typeclass inference of HAppend took 0.112ms
typeclass inference of HAppend took 0.146ms
typeclass inference of HAppend took 0.128ms
typeclass inference of HAppend took 0.121ms
typeclass inference of HAppend took 0.119ms
typeclass inference of HAppend took 0.115ms
typeclass inference of HAppend took 0.115ms
typeclass inference of HAppend took 0.115ms
typeclass inference of HAppend took 0.127ms
typeclass inference of ToString took 0.0179ms
typeclass inference of ToString took 0.233ms
typeclass inference of ToString took 0.0144ms
typeclass inference of ToString took 0.0107ms
typeclass inference of ToString took 0.0113ms
typeclass inference of ToString took 0.0114ms
typeclass inference of ToString took 0.0112ms
typeclass inference of ToString took 0.225ms
typeclass inference of ToString took 0.0127ms
typeclass inference of ToString took 0.0106ms
typeclass inference of ToString took 0.0116ms
typeclass inference of ToString took 0.176ms
typeclass inference of ToString took 0.134ms
typeclass inference of ToString took 0.141ms
typeclass inference of ToString took 0.13ms
typeclass inference of ToString took 0.152ms
typeclass inference of ToString took 0.161ms
typeclass inference of ToString took 0.124ms
typeclass inference of ToString took 0.14ms
typeclass inference of ToString took 0.127ms
typeclass inference of ToString took 0.141ms
typeclass inference of ToString took 0.16ms
typeclass inference of ToString took 0.157ms
typeclass inference of ToString took 0.125ms
typeclass inference of ToString took 0.117ms
typeclass inference of HAppend took 0.0227ms
typeclass inference of HAppend took 0.0128ms
typeclass inference of HAppend took 0.0115ms
typeclass inference of HAppend took 0.0129ms
typeclass inference of HAppend took 0.0154ms
typeclass inference of HAppend took 0.0106ms
typeclass inference of HAppend took 0.0104ms
typeclass inference of HAppend took 0.0114ms
typeclass inference of HAppend took 0.0103ms
typeclass inference of HAppend took 0.0143ms
typeclass inference of HAppend took 0.163ms
typeclass inference of HAppend took 0.113ms
typeclass inference of HAppend took 0.111ms
typeclass inference of HAppend took 0.136ms
typeclass inference of HAppend took 0.137ms
typeclass inference of HAppend took 0.128ms
typeclass inference of HAppend took 0.148ms
typeclass inference of HAppend took 0.114ms
typeclass inference of HAppend took 0.12ms
typeclass inference of HAppend took 0.114ms
typeclass inference of ToString took 0.217ms
typeclass inference of ToString took 0.149ms
typeclass inference of ToString took 0.145ms
typeclass inference of ToString took 0.124ms
typeclass inference of ToString took 0.128ms
typeclass inference of ToString took 0.118ms
typeclass inference of ToString took 0.119ms
typeclass inference of ToString took 0.12ms
typeclass inference of ToString took 0.138ms
typeclass inference of ToString took 0.117ms
typeclass inference of ToString took 0.121ms
typeclass inference of ToString took 0.119ms
typeclass inference of ToString took 0.132ms
typeclass inference of ToString took 0.123ms
type checking took 0.196ms
typeclass inference of ToString took 0.309ms
typeclass inference of ToString took 0.179ms
typeclass inference of ToString took 0.143ms
typeclass inference of ToString took 0.144ms
typeclass inference of ToString took 0.15ms
typeclass inference of ToString took 0.143ms
typeclass inference of ToString took 0.141ms
typeclass inference of ToString took 0.136ms
typeclass inference of ToString took 0.159ms
typeclass inference of ToString took 0.14ms
typeclass inference of ToString took 0.126ms
typeclass inference of ToString took 0.131ms
typeclass inference of ToString took 0.159ms
typeclass inference of ToString took 0.142ms
type checking took 0.318ms
typeclass inference of BEq took 1.59ms
typeclass inference took 1.79ms
typeclass inference took 1.06ms
typeclass inference of String.Slice.Pattern.ToForwardSearcher took 0.54ms
typeclass inference of OfNat took 0.308ms
typeclass inference of OfNat took 0.229ms
typeclass inference of GetElem? took 0.472ms
typeclass inference of OfNat took 0.219ms
typeclass inference of ToString took 0.27ms
typeclass inference of ToString took 0.2ms
typeclass inference of ToString took 0.194ms
typeclass inference of ToString took 0.19ms
typeclass inference of ToString took 0.186ms
typeclass inference of ToString took 0.188ms
typeclass inference of ToString took 0.184ms
typeclass inference of ToString took 0.187ms
typeclass inference of ToString took 0.247ms
typeclass inference of ToString took 0.218ms
typeclass inference of ToString took 0.217ms
typeclass inference of ToString took 0.22ms
typeclass inference of ToString took 0.212ms
typeclass inference of ToString took 0.211ms
typeclass inference took 1.38ms
typeclass inference took 0.359ms
typeclass inference took 0.871ms
typeclass inference of OfNat took 0.224ms
typeclass inference of GetElem? took 0.448ms
typeclass inference of OfNat took 0.155ms
typeclass inference of ToString took 0.171ms
typeclass inference of ToString took 0.136ms
typeclass inference of ToString took 0.131ms
typeclass inference of ToString took 0.131ms
typeclass inference of ToString took 0.13ms
typeclass inference of ToString took 0.133ms
typeclass inference of ToString took 0.191ms
typeclass inference of ToString took 0.153ms
typeclass inference of ToString took 0.13ms
typeclass inference of ToString took 0.136ms
typeclass inference of ToString took 0.132ms
typeclass inference of ToString took 0.128ms
typeclass inference of ToString took 0.132ms
typeclass inference of ToString took 0.148ms
typeclass inference of HAdd took 0.548ms
typeclass inference of HAdd took 0.508ms
typeclass inference of Pure took 0.9ms
do element elaborator of Lean.Parser.Term.doReturn took 104ms
do element elaborator of Lean.Parser.Term.doLet took 0.547ms
do element elaborator of Lean.Parser.Term.doLet took 0.315ms
do element elaborator of Lean.Parser.Term.doLet took 1.42ms
do element elaborator of Lean.Parser.Term.doLet took 2.02ms
do element elaborator of Lean.Parser.Term.doLet took 1.9ms
typeclass inference of Bind took 0.458ms
do element elaborator of Lean.Parser.Term.doExpr took 2.75ms
do element elaborator of Lean.Parser.Term.doLetArrow took 0.0927ms
do element elaborator of Lean.Parser.Term.doLet took 0.103ms
do element elaborator of Lean.Parser.Term.doLet took 2.06ms
typeclass inference of Bind took 0.019ms
do element elaborator of Lean.Parser.Term.doExpr took 2.66ms
do element elaborator of Lean.Parser.Term.doLetArrow took 0.15ms
do element elaborator of Lean.Parser.Term.doLet took 0.15ms
do element elaborator of Lean.Parser.Term.doLet took 2.17ms
typeclass inference of Bind took 0.0169ms
do element elaborator of Lean.Parser.Term.doExpr took 2.16ms
do element elaborator of Lean.Parser.Term.doLetArrow took 0.1ms
do element elaborator of Lean.Parser.Term.doLet took 0.108ms
do element elaborator of Lean.Parser.Term.doLet took 2.47ms
typeclass inference of Bind took 0.0276ms
do element elaborator of Lean.Parser.Term.doExpr took 2.62ms
do element elaborator of Lean.Parser.Term.doLetArrow took 0.116ms
do element elaborator of Lean.Parser.Term.doLet took 0.0748ms
typeclass inference of Monad took 0.385ms
typeclass inference of Lean.MonadError took 0.555ms
typeclass inference of Lean.ToMessageData took 0.0923ms
typeclass inference of Lean.ToMessageData took 0.0922ms
typeclass inference of OfNat took 0.235ms
typeclass inference of GetElem? took 0.418ms
typeclass inference of OfNat took 0.141ms
typeclass inference of ToString took 0.403ms
typeclass inference of ToString took 0.305ms
typeclass inference of ToString took 0.254ms
typeclass inference of ToString took 0.22ms
typeclass inference of ToString took 0.223ms
typeclass inference of ToString took 0.22ms
typeclass inference of ToString took 0.216ms
typeclass inference of ToString took 0.271ms
typeclass inference of ToString took 0.209ms
typeclass inference of ToString took 0.146ms
typeclass inference of ToString took 0.147ms
typeclass inference of ToString took 0.128ms
typeclass inference of ToString took 0.132ms
typeclass inference of ToString took 0.126ms
typeclass inference of OfNat took 0.153ms
typeclass inference of GetElem? took 0.353ms
typeclass inference of ToString took 0.148ms
typeclass inference of ToString took 0.147ms
typeclass inference of ToString took 0.203ms
typeclass inference of ToString took 0.199ms
typeclass inference of ToString took 0.2ms
typeclass inference of ToString took 0.211ms
typeclass inference of ToString took 0.216ms
typeclass inference of ToString took 0.21ms
typeclass inference of ToString took 0.147ms
typeclass inference of ToString took 0.129ms
typeclass inference of ToString took 0.125ms
typeclass inference of ToString took 0.128ms
typeclass inference of ToString took 0.121ms
typeclass inference of ToString took 0.173ms
typeclass inference of HAppend took 0.549ms
typeclass inference of HAppend took 0.715ms
typeclass inference of Monad took 0.182ms
typeclass inference of Lean.MonadError took 6.55ms
typeclass inference of Pure took 1.15ms
typeclass inference of Pure took 0.0126ms
do element elaborator of Lean.Parser.Term.doExpr took 6.9ms
typeclass inference of OfNat took 0.245ms
typeclass inference of GetElem? took 0.511ms
typeclass inference of ToString took 0.298ms
typeclass inference of ToString took 0.192ms
typeclass inference of ToString took 0.167ms
typeclass inference of ToString took 0.136ms
typeclass inference of ToString took 0.169ms
typeclass inference of ToString took 0.134ms
typeclass inference of ToString took 0.133ms
typeclass inference of ToString took 0.129ms
typeclass inference of ToString took 0.132ms
typeclass inference of ToString took 0.184ms
typeclass inference of ToString took 0.142ms
typeclass inference of ToString took 0.132ms
typeclass inference of ToString took 0.163ms
typeclass inference of ToString took 0.147ms
type checking took 0.463ms
type checking took 0.351ms
do element elaborator of Lean.Parser.Term.doMatch took 9.22ms
do element elaborator of Lean.Parser.Term.doLetElse took 0.611ms
typeclass inference of Bind took 0.456ms
do element elaborator of Lean.Parser.Term.doExpr took 1.73ms
do element elaborator of Lean.Parser.Term.doLetArrow took 0.192ms
typeclass inference of Bind took 0.0169ms
do element elaborator of Lean.Parser.Term.doFor took 4.13ms
do element elaborator of Lean.Parser.Term.doLet took 2.08ms
do element elaborator of Lean.Parser.Term.doLet took 4.23ms
do element elaborator of Lean.Parser.Term.doLet took 5.37ms
typeclass inference of Monad took 0.338ms
typeclass inference of Lean.MonadError took 0.48ms
typeclass inference of Lean.ToMessageData took 0.0872ms
typeclass inference of Lean.ToMessageData took 0.0708ms
typeclass inference of OfNat took 0.271ms
typeclass inference of GetElem? took 0.476ms
typeclass inference of ToString took 0.313ms
typeclass inference of ToString took 0.151ms
typeclass inference of ToString took 0.144ms
typeclass inference of ToString took 0.151ms
typeclass inference of ToString took 0.136ms
typeclass inference of ToString took 0.13ms
typeclass inference of ToString took 0.142ms
typeclass inference of ToString took 0.132ms
typeclass inference of ToString took 0.127ms
typeclass inference of ToString took 0.134ms
typeclass inference of ToString took 0.126ms
typeclass inference of ToString took 0.129ms
typeclass inference of ToString took 0.141ms
typeclass inference of ToString took 0.13ms
typeclass inference of HAppend took 0.432ms
typeclass inference of HAppend took 0.467ms
typeclass inference of Monad took 0.129ms
typeclass inference of Lean.MonadError took 5.21ms
typeclass inference of Pure took 1.35ms
typeclass inference of Pure took 0.0129ms
do element elaborator of Lean.Parser.Term.doExpr took 3.97ms
typeclass inference of OfNat took 0.238ms
typeclass inference of GetElem? took 0.37ms
typeclass inference of ToString took 0.211ms
typeclass inference of ToString took 0.161ms
typeclass inference of ToString took 0.135ms
typeclass inference of ToString took 0.152ms
typeclass inference of ToString took 0.162ms
typeclass inference of ToString took 0.137ms
typeclass inference of ToString took 0.139ms
typeclass inference of ToString took 0.152ms
typeclass inference of ToString took 0.14ms
typeclass inference of ToString took 0.128ms
typeclass inference of ToString took 0.15ms
typeclass inference of ToString took 0.128ms
typeclass inference of ToString took 0.126ms
typeclass inference of ToString took 0.129ms
do element elaborator of Lean.Parser.Term.doMatch took 9.77ms
do element elaborator of Lean.Parser.Term.doMatch took 1.97ms
do element elaborator of Lean.Parser.Term.doLetElse took 0.416ms
typeclass inference of Bind took 0.018ms
do element elaborator of Lean.Parser.Term.doExpr took 1.17ms
do element elaborator of Lean.Parser.Term.doLetArrow took 0.0704ms
do element elaborator of Lean.Parser.Term.doLetElse took 0.0773ms
do element elaborator of Lean.Parser.Term.doLet took 0.547ms
typeclass inference of Bind took 0.0131ms
do element elaborator of Lean.Parser.Term.doExpr took 0.937ms
do element elaborator of Lean.Parser.Term.doLetArrow took 0.139ms
typeclass inference of Bind took 0.0125ms
do element elaborator of Lean.Parser.Term.doExpr took 1.28ms
do element elaborator of Lean.Parser.Term.doLetArrow took 0.118ms
do element elaborator of Lean.Parser.Term.doLet took 0.0924ms
typeclass inference of Monad took 0.208ms
typeclass inference of Lean.MonadError took 0.312ms
typeclass inference of Lean.ToMessageData took 0.0818ms
typeclass inference of Lean.ToMessageData took 0.069ms
typeclass inference of OfNat took 0.22ms
typeclass inference of GetElem? took 0.331ms
typeclass inference of OfNat took 0.259ms
typeclass inference of OfNat took 0.263ms
typeclass inference of BEq took 0.414ms
typeclass inference of BEq took 1.05ms
typeclass inference of OfNat took 0.229ms
typeclass inference of BEq took 0.34ms
typeclass inference of BEq took 0.0143ms
typeclass inference of ForIn took 1.52ms
typeclass inference of Pure took 0.924ms
typeclass inference of Bind took 0.338ms
do element elaborator of Lean.Parser.Term.doExpr took 0.962ms
do element elaborator of Lean.Parser.Term.doReassignArrow took 0.114ms
typeclass inference of ToString took 0.225ms
typeclass inference of ToString took 0.0405ms
typeclass inference of ToString took 0.039ms
typeclass inference of ToString took 0.0248ms
typeclass inference of OfNat took 0.309ms
typeclass inference of OfNat took 0.217ms
typeclass inference of OfNat took 0.168ms
typeclass inference of OfNat took 0.0168ms
typeclass inference of CoeT took 2.65ms
typeclass inference of Decidable took 0.268ms
typeclass inference of ToString took 0.0857ms
typeclass inference of ToString took 0.0136ms
typeclass inference of ToString took 0.225ms
typeclass inference of ToString took 0.0135ms
typeclass inference of ToString took 0.011ms
typeclass inference of ToString took 0.0118ms
typeclass inference of ToString took 0.0362ms
typeclass inference of ToString took 0.0115ms
typeclass inference of ToString took 0.174ms
typeclass inference of ToString took 0.013ms
typeclass inference of ToString took 0.0109ms
typeclass inference of ToString took 0.0117ms
typeclass inference of ToString took 0.0127ms
typeclass inference of ToString took 0.0114ms
typeclass inference of ToString took 0.178ms
typeclass inference of ToString took 0.0129ms
typeclass inference of ToString took 0.0109ms
typeclass inference of ToString took 0.011ms
typeclass inference of ToString took 0.172ms
typeclass inference of ToString took 0.131ms
typeclass inference of ToString took 0.123ms
typeclass inference of HAppend took 0.41ms
typeclass inference of HAppend took 0.013ms
typeclass inference of HAppend took 0.0109ms
typeclass inference of HAppend took 0.0111ms
typeclass inference of HAppend took 0.0328ms
typeclass inference of HAppend took 0.0197ms
typeclass inference of HAppend took 0.0136ms
typeclass inference of HAppend took 0.0121ms
typeclass inference of HAppend took 0.0111ms
typeclass inference of HAppend took 0.0106ms
typeclass inference of HAppend took 0.0104ms
typeclass inference of HAppend took 0.0102ms
typeclass inference of HAppend took 0.0102ms
typeclass inference of HAppend took 0.0098ms
typeclass inference of HAppend took 0.0095ms
typeclass inference of HAppend took 0.0094ms
typeclass inference of HAppend took 0.0135ms
typeclass inference of HAppend took 0.505ms
typeclass inference of HAppend took 0.126ms
typeclass inference of HAppend took 0.135ms
typeclass inference of HAppend took 0.118ms
typeclass inference of HAppend took 0.113ms
typeclass inference of HAppend took 0.113ms
typeclass inference of HAppend took 0.111ms
typeclass inference of HAppend took 0.111ms
typeclass inference of HAppend took 0.108ms
typeclass inference of HAppend took 0.107ms
typeclass inference of HAppend took 0.107ms
typeclass inference of HAppend took 0.111ms
typeclass inference of HAppend took 0.107ms
typeclass inference of HAppend took 0.105ms
typeclass inference of HAppend took 0.109ms
typeclass inference of HAppend took 0.105ms
typeclass inference of HAppend took 0.107ms
typeclass inference of ToString took 0.0188ms
typeclass inference of ToString took 0.249ms
typeclass inference of ToString took 0.0149ms
typeclass inference of ToString took 0.0121ms
typeclass inference of ToString took 0.0115ms
typeclass inference of ToString took 0.0118ms
typeclass inference of ToString took 0.0117ms
typeclass inference of ToString took 0.238ms
typeclass inference of ToString took 0.0129ms
typeclass inference of ToString took 0.0108ms
typeclass inference of ToString took 0.0121ms
typeclass inference of ToString took 0.0117ms
typeclass inference of ToString took 0.012ms
typeclass inference of ToString took 0.177ms
typeclass inference of ToString took 0.0206ms
typeclass inference of ToString took 0.0185ms
typeclass inference of ToString took 0.0216ms
typeclass inference of ToString took 0.32ms
typeclass inference of ToString took 0.221ms
typeclass inference of ToString took 0.134ms
typeclass inference of ToString took 0.188ms
typeclass inference of ToString took 0.164ms
typeclass inference of ToString took 0.174ms
typeclass inference of HAppend took 0.0331ms
typeclass inference of HAppend took 0.0126ms
typeclass inference of HAppend took 0.0147ms
typeclass inference of HAppend took 0.0325ms
typeclass inference of HAppend took 0.0212ms
typeclass inference of HAppend took 0.0193ms
typeclass inference of HAppend took 0.0183ms
typeclass inference of HAppend took 0.0182ms
typeclass inference of HAppend took 0.0183ms
typeclass inference of HAppend took 0.0185ms
typeclass inference of HAppend took 0.0175ms
typeclass inference of HAppend took 0.0167ms
typeclass inference of HAppend took 0.0164ms
typeclass inference of HAppend took 0.0168ms
typeclass inference of HAppend took 0.0162ms
typeclass inference of HAppend took 0.0169ms
typeclass inference of HAppend took 0.231ms
typeclass inference of HAppend took 0.19ms
typeclass inference of HAppend took 0.17ms
typeclass inference of HAppend took 0.165ms
typeclass inference of HAppend took 0.164ms
typeclass inference of HAppend took 0.165ms
typeclass inference of HAppend took 0.184ms
typeclass inference of HAppend took 0.161ms
typeclass inference of HAppend took 0.159ms
typeclass inference of HAppend took 0.163ms
typeclass inference of HAppend took 0.168ms
typeclass inference of HAppend took 0.163ms
typeclass inference of HAppend took 0.158ms
typeclass inference of HAppend took 0.138ms
typeclass inference of HAppend took 0.126ms
typeclass inference of HAppend took 0.11ms
typeclass inference of CoeT took 0.0294ms
typeclass inference of Decidable took 0.0205ms
typeclass inference of ToString took 0.0136ms
typeclass inference of ToString took 0.0117ms
typeclass inference of ToString took 0.194ms
typeclass inference of ToString took 0.0131ms
typeclass inference of ToString took 0.0109ms
typeclass inference of ToString took 0.0118ms
typeclass inference of ToString took 0.011ms
typeclass inference of ToString took 0.0107ms
typeclass inference of ToString took 0.157ms
typeclass inference of ToString took 0.0124ms
typeclass inference of ToString took 0.0107ms
typeclass inference of ToString took 0.0113ms
typeclass inference of ToString took 0.152ms
typeclass inference of ToString took 0.129ms
typeclass inference of ToString took 0.125ms
typeclass inference of ToString took 0.118ms
typeclass inference of ToString took 0.119ms
typeclass inference of ToString took 0.119ms
typeclass inference of ToString took 0.137ms
typeclass inference of ToString took 0.119ms
typeclass inference of HAppend took 0.0156ms
typeclass inference of HAppend took 0.0221ms
typeclass inference of HAppend took 0.0111ms
typeclass inference of HAppend took 0.0106ms
typeclass inference of HAppend took 0.0106ms
typeclass inference of HAppend took 0.0102ms
typeclass inference of HAppend took 0.0102ms
typeclass inference of HAppend took 0.0107ms
typeclass inference of HAppend took 0.01ms
typeclass inference of HAppend took 0.0102ms
typeclass inference of HAppend took 0.0102ms
typeclass inference of HAppend took 0.13ms
typeclass inference of HAppend took 0.114ms
typeclass inference of HAppend took 0.112ms
typeclass inference of HAppend took 0.108ms
typeclass inference of HAppend took 0.105ms
typeclass inference of HAppend took 0.109ms
typeclass inference of HAppend took 0.107ms
typeclass inference of HAppend took 0.106ms
typeclass inference of HAppend took 0.118ms
typeclass inference of HAppend took 0.106ms
typeclass inference of HAppend took 0.111ms
typeclass inference of ToString took 0.0202ms
typeclass inference of ToString took 0.189ms
typeclass inference of ToString took 0.0132ms
typeclass inference of ToString took 0.0114ms
typeclass inference of ToString took 0.0115ms
typeclass inference of ToString took 0.0115ms
typeclass inference of ToString took 0.0118ms
typeclass inference of ToString took 0.167ms
typeclass inference of ToString took 0.0121ms
typeclass inference of ToString took 0.0106ms
typeclass inference of ToString took 0.0113ms
typeclass inference of ToString took 0.154ms
typeclass inference of ToString took 0.134ms
typeclass inference of ToString took 0.125ms
typeclass inference of ToString took 0.13ms
typeclass inference of ToString took 0.123ms
typeclass inference of ToString took 0.125ms
typeclass inference of ToString took 0.12ms
typeclass inference of ToString took 0.124ms
typeclass inference of ToString took 0.121ms
typeclass inference of ToString took 0.123ms
typeclass inference of HAppend took 0.0146ms
typeclass inference of HAppend took 0.0121ms
typeclass inference of HAppend took 0.0114ms
typeclass inference of HAppend took 0.0105ms
typeclass inference of HAppend took 0.0105ms
typeclass inference of HAppend took 0.0151ms
typeclass inference of HAppend took 0.0103ms
typeclass inference of HAppend took 0.0103ms
typeclass inference of HAppend took 0.0105ms
typeclass inference of HAppend took 0.0101ms
typeclass inference of HAppend took 0.137ms
typeclass inference of HAppend took 0.125ms
typeclass inference of HAppend took 0.115ms
typeclass inference of HAppend took 0.107ms
typeclass inference of HAppend took 0.109ms
typeclass inference of HAppend took 0.103ms
typeclass inference of HAppend took 0.115ms
typeclass inference of HAppend took 0.106ms
typeclass inference of HAppend took 0.12ms
typeclass inference of HAppend took 0.105ms
typeclass inference of CoeT took 0.0361ms
typeclass inference of Decidable took 0.0255ms
typeclass inference of ToString took 0.021ms
typeclass inference of ToString took 0.0147ms
typeclass inference of ToString took 0.251ms
typeclass inference of ToString took 0.0134ms
typeclass inference of ToString took 0.0131ms
typeclass inference of ToString took 0.0117ms
typeclass inference of ToString took 0.0117ms
typeclass inference of ToString took 0.0112ms
typeclass inference of ToString took 0.251ms
typeclass inference of ToString took 0.0204ms
typeclass inference of ToString took 0.0192ms
typeclass inference of ToString took 0.0208ms
typeclass inference of ToString took 0.364ms
typeclass inference of ToString took 0.199ms
typeclass inference of ToString took 0.201ms
typeclass inference of ToString took 0.185ms
typeclass inference of ToString took 0.133ms
typeclass inference of ToString took 0.123ms
typeclass inference of ToString took 0.189ms
typeclass inference of ToString took 0.217ms
typeclass inference of ToString took 0.205ms
typeclass inference of ToString took 0.194ms
typeclass inference of ToString took 0.2ms
typeclass inference of ToString took 0.21ms
typeclass inference of HAppend took 0.0249ms
typeclass inference of HAppend took 0.018ms
typeclass inference of HAppend took 0.0179ms
typeclass inference of HAppend took 0.0165ms
typeclass inference of HAppend took 0.0123ms
typeclass inference of HAppend took 0.0159ms
typeclass inference of HAppend took 0.0164ms
typeclass inference of HAppend took 0.0145ms
typeclass inference of HAppend took 0.0162ms
typeclass inference of HAppend took 0.0163ms
typeclass inference of HAppend took 0.0105ms
typeclass inference of HAppend took 0.145ms
typeclass inference of HAppend took 0.129ms
typeclass inference of HAppend took 0.125ms
typeclass inference of HAppend took 0.147ms
typeclass inference of HAppend took 0.13ms
typeclass inference of HAppend took 0.144ms
typeclass inference of HAppend took 0.112ms
typeclass inference of HAppend took 0.106ms
typeclass inference of HAppend took 0.111ms
typeclass inference of HAppend took 0.116ms
typeclass inference of HAppend took 0.119ms
typeclass inference of ToString took 0.0162ms
typeclass inference of ToString took 0.212ms
typeclass inference of ToString took 0.0213ms
typeclass inference of ToString took 0.0118ms
typeclass inference of ToString took 0.0119ms
typeclass inference of ToString took 0.0111ms
typeclass inference of ToString took 0.0112ms
typeclass inference of ToString took 0.179ms
typeclass inference of ToString took 0.013ms
typeclass inference of ToString took 0.0108ms
typeclass inference of ToString took 0.0115ms
typeclass inference of ToString took 0.158ms
typeclass inference of ToString took 0.135ms
typeclass inference of ToString took 0.138ms
typeclass inference of ToString took 0.128ms
typeclass inference of ToString took 0.123ms
typeclass inference of ToString took 0.117ms
typeclass inference of ToString took 0.121ms
typeclass inference of ToString took 0.122ms
typeclass inference of ToString took 0.121ms
typeclass inference of ToString took 0.202ms
typeclass inference of ToString took 0.237ms
typeclass inference of ToString took 0.144ms
typeclass inference of ToString took 0.148ms
typeclass inference of ToString took 0.13ms
typeclass inference of HAppend took 0.0174ms
typeclass inference of HAppend took 0.0127ms
typeclass inference of HAppend took 0.0116ms
typeclass inference of HAppend took 0.0112ms
typeclass inference of HAppend took 0.0118ms
typeclass inference of HAppend took 0.0116ms
typeclass inference of HAppend took 0.0105ms
typeclass inference of HAppend took 0.0108ms
typeclass inference of HAppend took 0.0109ms
typeclass inference of HAppend took 0.012ms
typeclass inference of HAppend took 0.148ms
typeclass inference of HAppend took 0.147ms
typeclass inference of HAppend took 0.118ms
typeclass inference of HAppend took 0.127ms
typeclass inference of HAppend took 0.114ms
typeclass inference of HAppend took 0.113ms
typeclass inference of HAppend took 0.129ms
typeclass inference of HAppend took 0.111ms
typeclass inference of HAppend took 0.107ms
typeclass inference of HAppend took 0.11ms
typeclass inference of ToString took 0.156ms
typeclass inference of ToString took 0.13ms
typeclass inference of ToString took 0.127ms
typeclass inference of ToString took 0.128ms
typeclass inference of ToString took 0.123ms
typeclass inference of ToString took 0.12ms
typeclass inference of ToString took 0.117ms
typeclass inference of ToString took 0.119ms
typeclass inference of ToString took 0.118ms
typeclass inference of ToString took 0.119ms
typeclass inference of ToString took 0.115ms
typeclass inference of ToString took 0.115ms
typeclass inference of ToString took 0.117ms
typeclass inference of ToString took 0.128ms
type checking took 0.187ms
typeclass inference of ToString took 0.219ms
typeclass inference of ToString took 0.14ms
typeclass inference of ToString took 0.131ms
typeclass inference of ToString took 0.124ms
typeclass inference of ToString took 0.123ms
typeclass inference of ToString took 0.12ms
typeclass inference of ToString took 0.12ms
typeclass inference of ToString took 0.119ms
typeclass inference of ToString took 0.132ms
typeclass inference of ToString took 0.121ms
typeclass inference of ToString took 0.12ms
typeclass inference of ToString took 0.118ms
typeclass inference of ToString took 0.119ms
typeclass inference of ToString took 0.119ms
type checking took 0.329ms
typeclass inference of BEq took 1.28ms
typeclass inference took 0.398ms
typeclass inference took 0.425ms
typeclass inference of String.Slice.Pattern.ToForwardSearcher took 0.426ms
typeclass inference of OfNat took 0.244ms
typeclass inference of OfNat took 0.133ms
typeclass inference of ToString took 0.225ms
typeclass inference of ToString took 0.231ms
typeclass inference of ToString took 0.191ms
typeclass inference of ToString took 0.133ms
typeclass inference of ToString took 0.128ms
typeclass inference of ToString took 0.126ms
typeclass inference of ToString took 0.137ms
typeclass inference of ToString took 0.124ms
typeclass inference of ToString took 0.121ms
typeclass inference of ToString took 0.12ms
typeclass inference of ToString took 0.119ms
typeclass inference of ToString took 0.121ms
typeclass inference of ToString took 0.117ms
typeclass inference of ToString took 0.118ms
typeclass inference took 0.769ms
typeclass inference took 0.226ms
typeclass inference took 0.463ms
typeclass inference of OfNat took 0.141ms
typeclass inference of ToString took 0.144ms
typeclass inference of ToString took 0.144ms
typeclass inference of ToString took 0.128ms
typeclass inference of ToString took 0.126ms
typeclass inference of ToString took 0.126ms
typeclass inference of ToString took 0.123ms
typeclass inference of ToString took 0.119ms
typeclass inference of ToString took 0.119ms
typeclass inference of ToString took 0.116ms
typeclass inference of ToString took 0.12ms
typeclass inference of ToString took 0.118ms
typeclass inference of ToString took 0.116ms
typeclass inference of ToString took 0.127ms
typeclass inference of ToString took 0.116ms
typeclass inference of HAdd took 0.385ms
typeclass inference of HAdd took 0.486ms
typeclass inference of Pure took 0.854ms
do element elaborator of Lean.Parser.Term.doReturn took 86.4ms
do element elaborator of Lean.Parser.Term.doLet took 0.543ms
do element elaborator of Lean.Parser.Term.doLet took 0.261ms
do element elaborator of Lean.Parser.Term.doLet took 0.87ms
do element elaborator of Lean.Parser.Term.doLet took 1.44ms
do element elaborator of Lean.Parser.Term.doLet took 1.71ms
typeclass inference of Bind took 0.355ms
do element elaborator of Lean.Parser.Term.doExpr took 2.12ms
do element elaborator of Lean.Parser.Term.doLetArrow took 0.11ms
do element elaborator of Lean.Parser.Term.doLet took 0.131ms
do element elaborator of Lean.Parser.Term.doLet took 2.67ms
typeclass inference of Bind took 0.0144ms
do element elaborator of Lean.Parser.Term.doExpr took 2.39ms
do element elaborator of Lean.Parser.Term.doLetArrow took 0.165ms
do element elaborator of Lean.Parser.Term.doLet took 0.158ms
do element elaborator of Lean.Parser.Term.doLet took 2.33ms
typeclass inference of Bind took 0.0139ms
do element elaborator of Lean.Parser.Term.doExpr took 2.39ms
do element elaborator of Lean.Parser.Term.doLetArrow took 0.186ms
do element elaborator of Lean.Parser.Term.doLet took 0.103ms
do element elaborator of Lean.Parser.Term.doLet took 3.05ms
typeclass inference of Bind took 0.0155ms
do element elaborator of Lean.Parser.Term.doExpr took 3.01ms
do element elaborator of Lean.Parser.Term.doLetArrow took 0.128ms
do element elaborator of Lean.Parser.Term.doLet took 0.0944ms
typeclass inference of Monad took 0.174ms
typeclass inference of Lean.MonadError took 0.362ms
typeclass inference of Lean.ToMessageData took 0.124ms
typeclass inference of Lean.ToMessageData took 0.0678ms
typeclass inference of OfNat took 0.143ms
typeclass inference of ToString took 0.212ms
typeclass inference of ToString took 0.145ms
typeclass inference of ToString took 0.137ms
typeclass inference of ToString took 0.127ms
typeclass inference of ToString took 0.126ms
typeclass inference of ToString took 0.122ms
typeclass inference of ToString took 0.128ms
typeclass inference of ToString took 0.124ms
typeclass inference of ToString took 0.128ms
typeclass inference of ToString took 0.12ms
typeclass inference of ToString took 0.124ms
typeclass inference of ToString took 0.125ms
typeclass inference of ToString took 0.129ms
typeclass inference of ToString took 0.124ms
typeclass inference of ToString took 0.123ms
typeclass inference of ToString took 0.122ms
typeclass inference of ToString took 0.124ms
typeclass inference of ToString took 0.121ms
typeclass inference of ToString took 0.126ms
typeclass inference of ToString took 0.119ms
typeclass inference of ToString took 0.121ms
typeclass inference of ToString took 0.121ms
typeclass inference of ToString took 0.128ms
typeclass inference of ToString took 0.115ms
typeclass inference of ToString took 0.117ms
typeclass inference of ToString took 0.123ms
typeclass inference of ToString took 0.129ms
typeclass inference of ToString took 0.118ms
typeclass inference of HAppend took 0.397ms
typeclass inference of HAppend took 0.463ms
typeclass inference of Monad took 0.118ms
typeclass inference of Lean.MonadError took 5.99ms
typeclass inference of Pure took 0.02ms
typeclass inference of Pure took 0.0128ms
do element elaborator of Lean.Parser.Term.doExpr took 4.76ms
typeclass inference of ToString took 0.353ms
typeclass inference of ToString took 0.26ms
typeclass inference of ToString took 0.211ms
typeclass inference of ToString took 0.209ms
typeclass inference of ToString took 0.208ms
typeclass inference of ToString took 0.216ms
typeclass inference of ToString took 0.212ms
typeclass inference of ToString took 0.202ms
typeclass inference of ToString took 0.202ms
typeclass inference of ToString took 0.198ms
typeclass inference of ToString took 0.203ms
typeclass inference of ToString took 0.193ms
typeclass inference of ToString took 0.255ms
typeclass inference of ToString took 0.208ms
type checking took 0.41ms
type checking took 0.335ms
do element elaborator of Lean.Parser.Term.doMatch took 9.25ms
do element elaborator of Lean.Parser.Term.doLetElse took 0.65ms
typeclass inference of Bind took 0.414ms
do element elaborator of Lean.Parser.Term.doExpr took 1.93ms
do element elaborator of Lean.Parser.Term.doLetArrow took 0.176ms
typeclass inference of Bind took 0.0138ms
do element elaborator of Lean.Parser.Term.doFor took 2.97ms
do element elaborator of Lean.Parser.Term.doLet took 1.92ms
do element elaborator of Lean.Parser.Term.doLet took 4.28ms
do element elaborator of Lean.Parser.Term.doLet took 5.96ms
typeclass inference of Monad took 0.216ms
typeclass inference of Lean.MonadError took 0.291ms
typeclass inference of Lean.ToMessageData took 0.103ms
typeclass inference of Lean.ToMessageData took 0.0651ms
typeclass inference of ToString took 0.231ms
typeclass inference of ToString took 0.139ms
typeclass inference of ToString took 0.132ms
typeclass inference of ToString took 0.143ms
typeclass inference of ToString took 0.128ms
typeclass inference of ToString took 0.122ms
typeclass inference of ToString took 0.124ms
typeclass inference of ToString took 0.125ms
typeclass inference of ToString took 0.124ms
typeclass inference of ToString took 0.122ms
typeclass inference of ToString took 0.123ms
typeclass inference of ToString took 0.123ms
typeclass inference of ToString took 0.12ms
typeclass inference of ToString took 0.125ms
typeclass inference of HAppend took 0.383ms
typeclass inference of HAppend took 0.433ms
typeclass inference of Monad took 0.103ms
typeclass inference of Lean.MonadError took 4.14ms
typeclass inference of Pure took 0.808ms
typeclass inference of Pure took 0.0103ms
do element elaborator of Lean.Parser.Term.doExpr took 2.88ms
typeclass inference of ToString took 0.181ms
typeclass inference of ToString took 0.137ms
typeclass inference of ToString took 0.127ms
typeclass inference of ToString took 0.123ms
typeclass inference of ToString took 0.127ms
typeclass inference of ToString took 0.123ms
typeclass inference of ToString took 0.119ms
typeclass inference of ToString took 0.121ms
typeclass inference of ToString took 0.121ms
typeclass inference of ToString took 0.121ms
typeclass inference of ToString took 0.134ms
typeclass inference of ToString took 0.123ms
typeclass inference of ToString took 0.163ms
typeclass inference of ToString took 0.126ms
typeclass inference of HAppend took 0.0241ms
typeclass inference of HAppend took 0.2ms
typeclass inference of Monad took 0.0211ms
typeclass inference of Lean.MonadError took 0.0185ms
typeclass inference of Pure took 0.0131ms
typeclass inference of Pure took 0.0085ms
do element elaborator of Lean.Parser.Term.doExpr took 10.2ms
typeclass inference of OfNat took 0.238ms
typeclass inference of GetElem? took 0.344ms
typeclass inference of OfNat took 0.231ms
typeclass inference of OfNat took 0.157ms
typeclass inference of BEq took 0.371ms
typeclass inference of BEq took 0.97ms
typeclass inference of OfNat took 0.179ms
typeclass inference of BEq took 0.289ms
typeclass inference of BEq took 0.0125ms
typeclass inference of ForIn took 1.32ms
typeclass inference of Pure took 0.0126ms
typeclass inference of Bind took 0.0141ms
do element elaborator of Lean.Parser.Term.doExpr took 0.853ms
do element elaborator of Lean.Parser.Term.doReassignArrow took 0.0855ms
typeclass inference of ToString took 0.0835ms
typeclass inference of ToString took 0.0122ms
typeclass inference of ToString took 0.0117ms
typeclass inference of ToString took 0.0122ms
typeclass inference of OfNat took 0.191ms
typeclass inference of OfNat took 0.178ms
typeclass inference of OfNat took 0.156ms
typeclass inference of OfNat took 0.0167ms
typeclass inference of CoeT took 1.93ms
typeclass inference of Decidable took 0.249ms
typeclass inference of ToString took 0.0769ms
typeclass inference of ToString took 0.0129ms
typeclass inference of ToString took 0.219ms
typeclass inference of ToString took 0.0131ms
typeclass inference of ToString took 0.0111ms
typeclass inference of ToString took 0.0118ms
typeclass inference of ToString took 0.0109ms
typeclass inference of ToString took 0.0114ms
typeclass inference of ToString took 0.152ms
typeclass inference of ToString took 0.0126ms
typeclass inference of ToString took 0.0104ms
typeclass inference of ToString took 0.0116ms
typeclass inference of ToString took 0.0113ms
typeclass inference of ToString took 0.0112ms
typeclass inference of ToString took 0.149ms
typeclass inference of ToString took 0.0125ms
typeclass inference of ToString took 0.0103ms
typeclass inference of ToString took 0.0111ms
typeclass inference of ToString took 0.143ms
typeclass inference of ToString took 0.129ms
typeclass inference of ToString took 0.121ms
typeclass inference of HAppend took 0.365ms
typeclass inference of HAppend took 0.0123ms
typeclass inference of HAppend took 0.0104ms
typeclass inference of HAppend took 0.0105ms
typeclass inference of HAppend took 0.01ms
typeclass inference of HAppend took 0.0095ms
typeclass inference of HAppend took 0.0095ms
typeclass inference of HAppend took 0.0093ms
typeclass inference of HAppend took 0.0092ms
typeclass inference of HAppend took 0.0093ms
typeclass inference of HAppend took 0.0091ms
typeclass inference of HAppend took 0.0094ms
typeclass inference of HAppend took 0.0092ms
typeclass inference of HAppend took 0.0097ms
typeclass inference of HAppend took 0.0091ms
typeclass inference of HAppend took 0.0092ms
typeclass inference of HAppend took 0.0093ms
typeclass inference of HAppend took 0.534ms
typeclass inference of HAppend took 0.114ms
typeclass inference of HAppend took 0.185ms
typeclass inference of HAppend took 0.178ms
typeclass inference of HAppend took 0.259ms
typeclass inference of HAppend took 0.241ms
typeclass inference of HAppend took 0.187ms
typeclass inference of HAppend took 0.118ms
typeclass inference of HAppend took 0.124ms
typeclass inference of HAppend took 0.137ms
typeclass inference of HAppend took 0.136ms
typeclass inference of HAppend took 0.118ms
typeclass inference of HAppend took 0.117ms
typeclass inference of HAppend took 0.113ms
typeclass inference of HAppend took 0.132ms
typeclass inference of HAppend took 0.11ms
typeclass inference of HAppend took 0.264ms
typeclass inference of ToString took 0.0226ms
typeclass inference of ToString took 0.222ms
typeclass inference of ToString took 0.0136ms
typeclass inference of ToString took 0.0115ms
typeclass inference of ToString took 0.0119ms
typeclass inference of ToString took 0.0117ms
typeclass inference of ToString took 0.0116ms
typeclass inference of ToString took 0.161ms
typeclass inference of ToString took 0.0131ms
typeclass inference of ToString took 0.0111ms
typeclass inference of ToString took 0.0118ms
typeclass inference of ToString took 0.0114ms
typeclass inference of ToString took 0.0112ms
typeclass inference of ToString took 0.16ms
typeclass inference of ToString took 0.0124ms
typeclass inference of ToString took 0.0109ms
typeclass inference of ToString took 0.0115ms
typeclass inference of ToString took 0.151ms
typeclass inference of ToString took 0.137ms
typeclass inference of ToString took 0.13ms
typeclass inference of ToString took 0.137ms
typeclass inference of ToString took 0.122ms
typeclass inference of ToString took 0.119ms
typeclass inference of HAppend took 0.0169ms
typeclass inference of HAppend took 0.0124ms
typeclass inference of HAppend took 0.017ms
typeclass inference of HAppend took 0.0171ms
typeclass inference of HAppend took 0.0164ms
typeclass inference of HAppend took 0.0165ms
typeclass inference of HAppend took 0.0178ms
typeclass inference of HAppend took 0.0168ms
typeclass inference of HAppend took 0.0174ms
typeclass inference of HAppend took 0.0175ms
typeclass inference of HAppend took 0.0179ms
typeclass inference of HAppend took 0.0174ms
typeclass inference of HAppend took 0.02ms
typeclass inference of HAppend took 0.0172ms
typeclass inference of HAppend took 0.0117ms
typeclass inference of HAppend took 0.0112ms
typeclass inference of HAppend took 0.137ms
typeclass inference of HAppend took 0.12ms
typeclass inference of HAppend took 0.114ms
typeclass inference of HAppend took 0.112ms
typeclass inference of HAppend took 0.109ms
typeclass inference of HAppend took 0.108ms
typeclass inference of HAppend took 0.112ms
typeclass inference of HAppend took 0.114ms
typeclass inference of HAppend took 0.116ms
typeclass inference of HAppend took 0.107ms
typeclass inference of HAppend took 0.105ms
typeclass inference of HAppend took 0.11ms
typeclass inference of HAppend took 0.105ms
typeclass inference of HAppend took 0.11ms
typeclass inference of HAppend took 0.109ms
typeclass inference of HAppend took 0.109ms
typeclass inference of CoeT took 0.0288ms
typeclass inference of Decidable took 0.0219ms
typeclass inference of ToString took 0.0135ms
typeclass inference of ToString took 0.0125ms
typeclass inference of ToString took 0.19ms
typeclass inference of ToString took 0.024ms
typeclass inference of ToString took 0.0112ms
typeclass inference of ToString took 0.012ms
typeclass inference of ToString took 0.0114ms
typeclass inference of ToString took 0.0112ms
typeclass inference of ToString took 0.169ms
typeclass inference of ToString took 0.0129ms
typeclass inference of ToString took 0.0112ms
typeclass inference of ToString took 0.0112ms
typeclass inference of ToString took 0.154ms
typeclass inference of ToString took 0.133ms
typeclass inference of ToString took 0.126ms
typeclass inference of ToString took 0.124ms
typeclass inference of ToString took 0.122ms
typeclass inference of ToString took 0.12ms
typeclass inference of ToString took 0.119ms
typeclass inference of ToString took 0.121ms
typeclass inference of HAppend took 0.019ms
typeclass inference of HAppend took 0.0179ms
typeclass inference of HAppend took 0.0136ms
typeclass inference of HAppend took 0.0113ms
typeclass inference of HAppend took 0.0109ms
typeclass inference of HAppend took 0.0106ms
typeclass inference of HAppend took 0.0108ms
typeclass inference of HAppend took 0.0105ms
typeclass inference of HAppend took 0.0101ms
typeclass inference of HAppend took 0.0105ms
typeclass inference of HAppend took 0.0104ms
typeclass inference of HAppend took 0.138ms
typeclass inference of HAppend took 0.167ms
typeclass inference of HAppend took 0.178ms
typeclass inference of HAppend took 0.183ms
typeclass inference of HAppend took 0.119ms
typeclass inference of HAppend took 0.112ms
typeclass inference of HAppend took 0.113ms
typeclass inference of HAppend took 0.11ms
typeclass inference of HAppend took 0.113ms
typeclass inference of HAppend took 0.116ms
typeclass inference of HAppend took 0.113ms
typeclass inference of ToString took 0.0155ms
typeclass inference of ToString took 0.181ms
typeclass inference of ToString took 0.0132ms
typeclass inference of ToString took 0.0108ms
typeclass inference of ToString took 0.0117ms
typeclass inference of ToString took 0.0111ms
typeclass inference of ToString took 0.0185ms
typeclass inference of ToString took 0.236ms
typeclass inference of ToString took 0.0128ms
typeclass inference of ToString took 0.0161ms
typeclass inference of ToString took 0.013ms
typeclass inference of ToString took 0.276ms
typeclass inference of ToString took 0.192ms
typeclass inference of ToString took 0.16ms
typeclass inference of ToString took 0.133ms
typeclass inference of ToString took 0.132ms
typeclass inference of ToString took 0.148ms
typeclass inference of ToString took 0.133ms
typeclass inference of ToString took 0.146ms
typeclass inference of ToString took 0.138ms
typeclass inference of ToString took 0.124ms
typeclass inference of HAppend took 0.0486ms
typeclass inference of HAppend took 0.0133ms
typeclass inference of HAppend took 0.0113ms
typeclass inference of HAppend took 0.0175ms
typeclass inference of HAppend took 0.0167ms
typeclass inference of HAppend took 0.0177ms
typeclass inference of HAppend took 0.0138ms
typeclass inference of HAppend took 0.0147ms
typeclass inference of HAppend took 0.0116ms
typeclass inference of HAppend took 0.0109ms
typeclass inference of HAppend took 0.185ms
typeclass inference of HAppend took 0.152ms
typeclass inference of HAppend took 0.131ms
typeclass inference of HAppend took 0.116ms
typeclass inference of HAppend took 0.123ms
typeclass inference of HAppend took 0.249ms
typeclass inference of HAppend took 0.202ms
typeclass inference of HAppend took 0.19ms
typeclass inference of HAppend took 0.178ms
typeclass inference of HAppend took 0.172ms
typeclass inference of CoeT took 0.0521ms
typeclass inference of Decidable took 0.0376ms
typeclass inference of ToString took 0.0151ms
typeclass inference of ToString took 0.0137ms
typeclass inference of ToString took 0.208ms
typeclass inference of ToString took 0.0132ms
typeclass inference of ToString took 0.011ms
typeclass inference of ToString took 0.0113ms
typeclass inference of ToString took 0.0113ms
typeclass inference of ToString took 0.0108ms
typeclass inference of ToString took 0.172ms
typeclass inference of ToString took 0.012ms
typeclass inference of ToString took 0.0108ms
typeclass inference of ToString took 0.0117ms
typeclass inference of ToString took 0.149ms
typeclass inference of ToString took 0.136ms
typeclass inference of ToString took 0.127ms
typeclass inference of ToString took 0.125ms
typeclass inference of ToString took 0.123ms
typeclass inference of ToString took 0.122ms
typeclass inference of ToString took 0.123ms
typeclass inference of ToString took 0.118ms
typeclass inference of ToString took 0.116ms
typeclass inference of ToString took 0.116ms
typeclass inference of ToString took 0.116ms
typeclass inference of ToString took 0.118ms
typeclass inference of HAppend took 0.0154ms
typeclass inference of HAppend took 0.0122ms
typeclass inference of HAppend took 0.0109ms
typeclass inference of HAppend took 0.0103ms
typeclass inference of HAppend took 0.0103ms
typeclass inference of HAppend took 0.0099ms
typeclass inference of HAppend took 0.0103ms
typeclass inference of HAppend took 0.0102ms
typeclass inference of HAppend took 0.0102ms
typeclass inference of HAppend took 0.0101ms
typeclass inference of HAppend took 0.01ms
typeclass inference of HAppend took 0.134ms
typeclass inference of HAppend took 0.119ms
typeclass inference of HAppend took 0.115ms
typeclass inference of HAppend took 0.112ms
typeclass inference of HAppend took 0.108ms
typeclass inference of HAppend took 0.107ms
typeclass inference of HAppend took 0.11ms
typeclass inference of HAppend took 0.118ms
typeclass inference of HAppend took 0.164ms
typeclass inference of HAppend took 0.168ms
typeclass inference of HAppend took 0.164ms
typeclass inference of ToString took 0.018ms
typeclass inference of ToString took 0.217ms
typeclass inference of ToString took 0.013ms
typeclass inference of ToString took 0.0114ms
typeclass inference of ToString took 0.0115ms
typeclass inference of ToString took 0.0115ms
typeclass inference of ToString took 0.0108ms
typeclass inference of ToString took 0.208ms
typeclass inference of ToString took 0.0121ms
typeclass inference of ToString took 0.0107ms
typeclass inference of ToString took 0.0119ms
typeclass inference of ToString took 0.157ms
typeclass inference of ToString took 0.135ms
typeclass inference of ToString took 0.129ms
typeclass inference of ToString took 0.137ms
typeclass inference of ToString took 0.139ms
typeclass inference of ToString took 0.122ms
typeclass inference of ToString took 0.121ms
typeclass inference of ToString took 0.122ms
typeclass inference of ToString took 0.12ms
typeclass inference of ToString took 0.118ms
typeclass inference of ToString took 0.117ms
typeclass inference of ToString took 0.119ms
typeclass inference of ToString took 0.122ms
typeclass inference of ToString took 0.186ms
typeclass inference of HAppend took 0.0281ms
typeclass inference of HAppend took 0.0124ms
typeclass inference of HAppend took 0.0119ms
typeclass inference of HAppend took 0.0123ms
typeclass inference of HAppend took 0.0154ms
typeclass inference of HAppend took 0.0115ms
typeclass inference of HAppend took 0.0109ms
typeclass inference of HAppend took 0.0106ms
typeclass inference of HAppend took 0.0112ms
typeclass inference of HAppend took 0.019ms
typeclass inference of HAppend took 0.157ms
typeclass inference of HAppend took 0.129ms
typeclass inference of HAppend took 0.114ms
typeclass inference of HAppend took 0.112ms
typeclass inference of HAppend took 0.111ms
typeclass inference of HAppend took 0.115ms
typeclass inference of HAppend took 0.108ms
typeclass inference of HAppend took 0.116ms
typeclass inference of HAppend took 0.123ms
typeclass inference of HAppend took 0.128ms
typeclass inference of ToString took 0.577ms
typeclass inference of ToString took 0.289ms
typeclass inference of ToString took 0.235ms
typeclass inference of ToString took 0.23ms
typeclass inference of ToString took 0.237ms
typeclass inference of ToString took 0.218ms
typeclass inference of ToString took 0.229ms
typeclass inference of ToString took 0.215ms
typeclass inference of ToString took 0.157ms
typeclass inference of ToString took 0.132ms
typeclass inference of ToString took 0.129ms
typeclass inference of ToString took 0.129ms
typeclass inference of ToString took 0.133ms
typeclass inference of ToString took 0.148ms
type checking took 0.207ms
typeclass inference of ToString took 0.221ms
typeclass inference of ToString took 0.155ms
typeclass inference of ToString took 0.129ms
typeclass inference of ToString took 0.141ms
typeclass inference of ToString took 0.125ms
typeclass inference of ToString took 0.123ms
typeclass inference of ToString took 0.147ms
typeclass inference of ToString took 0.122ms
typeclass inference of ToString took 0.121ms
typeclass inference of ToString took 0.13ms
typeclass inference of ToString took 0.121ms
typeclass inference of ToString took 0.124ms
typeclass inference of ToString took 0.126ms
typeclass inference of ToString took 0.12ms
type checking took 0.186ms
typeclass inference of BEq took 0.934ms
typeclass inference took 0.352ms
typeclass inference took 0.37ms
typeclass inference of String.Slice.Pattern.ToForwardSearcher took 0.366ms
typeclass inference of OfNat took 0.17ms
typeclass inference of OfNat took 0.133ms
typeclass inference of ToString took 0.164ms
typeclass inference of ToString took 0.145ms
typeclass inference of ToString took 0.127ms
typeclass inference of ToString took 0.122ms
typeclass inference of ToString took 0.12ms
typeclass inference of ToString took 0.12ms
typeclass inference of ToString took 0.15ms
typeclass inference of ToString took 0.13ms
typeclass inference of ToString took 0.123ms
typeclass inference of ToString took 0.144ms
typeclass inference of ToString took 0.19ms
typeclass inference of ToString took 0.151ms
typeclass inference of ToString took 0.129ms
typeclass inference of ToString took 0.121ms
typeclass inference took 0.738ms
typeclass inference took 0.236ms
typeclass inference took 0.465ms
typeclass inference of OfNat took 0.139ms
typeclass inference of ToString took 0.139ms
typeclass inference of ToString took 0.127ms
typeclass inference of ToString took 0.126ms
typeclass inference of ToString took 0.124ms
typeclass inference of ToString took 0.124ms
typeclass inference of ToString took 0.121ms
typeclass inference of ToString took 0.12ms
typeclass inference of ToString took 0.118ms
typeclass inference of ToString took 0.123ms
typeclass inference of ToString took 0.119ms
typeclass inference of ToString took 0.126ms
typeclass inference of ToString took 0.121ms
typeclass inference of ToString took 0.123ms
typeclass inference of ToString took 0.121ms
typeclass inference of HAdd took 0.382ms
typeclass inference of HAdd took 0.402ms
typeclass inference of Pure took 0.828ms
do element elaborator of Lean.Parser.Term.doReturn took 87.3ms
do element elaborator of Lean.Parser.Term.doLet took 0.36ms
do element elaborator of Lean.Parser.Term.doLet took 0.202ms
do element elaborator of Lean.Parser.Term.doLet took 0.751ms
do element elaborator of Lean.Parser.Term.doLet took 1.14ms
do element elaborator of Lean.Parser.Term.doLet took 1.22ms
typeclass inference of Bind took 0.321ms
do element elaborator of Lean.Parser.Term.doExpr took 1.55ms
do element elaborator of Lean.Parser.Term.doLetArrow took 0.0787ms
do element elaborator of Lean.Parser.Term.doLet took 0.0556ms
do element elaborator of Lean.Parser.Term.doLet took 1.39ms
typeclass inference of Bind took 0.013ms
do element elaborator of Lean.Parser.Term.doExpr took 1.59ms
do element elaborator of Lean.Parser.Term.doLetArrow took 0.0789ms
do element elaborator of Lean.Parser.Term.doLet took 0.0576ms
do element elaborator of Lean.Parser.Term.doLet took 1.43ms
typeclass inference of Bind took 0.0177ms
do element elaborator of Lean.Parser.Term.doExpr took 1.67ms
do element elaborator of Lean.Parser.Term.doLetArrow took 0.0923ms
do element elaborator of Lean.Parser.Term.doLet took 0.0567ms
do element elaborator of Lean.Parser.Term.doLet took 1.78ms
typeclass inference of Bind took 0.0134ms
do element elaborator of Lean.Parser.Term.doExpr took 2.14ms
do element elaborator of Lean.Parser.Term.doLetArrow took 0.076ms
do element elaborator of Lean.Parser.Term.doLet took 0.0572ms
typeclass inference of Monad took 0.249ms
typeclass inference of Lean.MonadError took 0.439ms
typeclass inference of Lean.ToMessageData took 0.119ms
typeclass inference of Lean.ToMessageData took 0.114ms
typeclass inference of OfNat took 0.225ms
typeclass inference of ToString took 0.402ms
typeclass inference of ToString took 0.28ms
typeclass inference of ToString took 0.234ms
typeclass inference of ToString took 0.206ms
typeclass inference of ToString took 0.15ms
typeclass inference of ToString took 0.14ms
typeclass inference of ToString took 0.134ms
typeclass inference of ToString took 0.156ms
typeclass inference of ToString took 0.137ms
typeclass inference of ToString took 0.162ms
typeclass inference of ToString took 0.207ms
typeclass inference of ToString took 0.195ms
typeclass inference of ToString took 0.162ms
typeclass inference of ToString took 0.124ms
typeclass inference of ToString took 0.122ms
typeclass inference of ToString took 0.133ms
typeclass inference of ToString took 0.153ms
typeclass inference of ToString took 0.218ms
typeclass inference of ToString took 0.182ms
typeclass inference of ToString took 0.131ms
typeclass inference of ToString took 0.125ms
typeclass inference of ToString took 0.124ms
typeclass inference of ToString took 0.128ms
typeclass inference of ToString took 0.124ms
typeclass inference of ToString took 0.143ms
typeclass inference of ToString took 0.121ms
typeclass inference of ToString took 0.12ms
typeclass inference of ToString took 0.125ms
typeclass inference of HAppend took 0.463ms
typeclass inference of HAppend took 0.533ms
typeclass inference of Monad took 0.103ms
typeclass inference of Lean.MonadError took 5.76ms
typeclass inference of Pure took 0.0152ms
typeclass inference of Pure took 0.0098ms
do element elaborator of Lean.Parser.Term.doExpr took 5.06ms
typeclass inference of ToString took 0.215ms
typeclass inference of ToString took 0.156ms
typeclass inference of ToString took 0.133ms
typeclass inference of ToString took 0.127ms
typeclass inference of ToString took 0.154ms
typeclass inference of ToString took 0.125ms
typeclass inference of ToString took 0.132ms
typeclass inference of ToString took 0.137ms
typeclass inference of ToString took 0.14ms
typeclass inference of ToString took 0.123ms
typeclass inference of ToString took 0.136ms
typeclass inference of ToString took 0.123ms
typeclass inference of ToString took 0.135ms
typeclass inference of ToString took 0.138ms
type checking took 0.413ms
type checking took 0.316ms
do element elaborator of Lean.Parser.Term.doMatch took 7.87ms
do element elaborator of Lean.Parser.Term.doLetElse took 0.605ms
typeclass inference of Bind took 0.376ms
do element elaborator of Lean.Parser.Term.doExpr took 1.62ms
do element elaborator of Lean.Parser.Term.doLetArrow took 0.222ms
typeclass inference of Bind took 0.0139ms
do element elaborator of Lean.Parser.Term.doFor took 2.8ms
do element elaborator of Lean.Parser.Term.doLet took 2.38ms
do element elaborator of Lean.Parser.Term.doLet took 3.77ms
do element elaborator of Lean.Parser.Term.doLet took 5.32ms
typeclass inference of Monad took 0.175ms
typeclass inference of Lean.MonadError took 0.277ms
typeclass inference of Lean.ToMessageData took 0.0766ms
typeclass inference of Lean.ToMessageData took 0.0641ms
typeclass inference of ToString took 0.206ms
typeclass inference of ToString took 0.136ms
typeclass inference of ToString took 0.13ms
typeclass inference of ToString took 0.123ms
typeclass inference of ToString took 0.125ms
typeclass inference of ToString took 0.123ms
typeclass inference of ToString took 0.124ms
typeclass inference of ToString took 0.118ms
typeclass inference of ToString took 0.123ms
typeclass inference of ToString took 0.125ms
typeclass inference of ToString took 0.123ms
typeclass inference of ToString took 0.121ms
typeclass inference of ToString took 0.12ms
typeclass inference of ToString took 0.123ms
typeclass inference of HAppend took 0.412ms
typeclass inference of HAppend took 0.473ms
typeclass inference of Monad took 0.0998ms
typeclass inference of Lean.MonadError took 5.01ms
typeclass inference of Pure took 1.73ms
typeclass inference of Pure took 0.0152ms
do element elaborator of Lean.Parser.Term.doExpr took 2.98ms
typeclass inference of ToString took 0.438ms
typeclass inference of ToString took 0.262ms
typeclass inference of ToString took 0.463ms
typeclass inference of ToString took 0.199ms
typeclass inference of ToString took 0.191ms
typeclass inference of ToString took 0.185ms
typeclass inference of ToString took 0.255ms
typeclass inference of ToString took 0.186ms
typeclass inference of ToString took 0.316ms
typeclass inference of ToString took 0.181ms
typeclass inference of ToString took 0.311ms
typeclass inference of ToString took 0.188ms
typeclass inference of ToString took 0.349ms
typeclass inference of ToString took 0.19ms
type checking took 0.593ms
type checking took 0.515ms
do element elaborator of Lean.Parser.Term.doMatch took 20.2ms
do element elaborator of Lean.Parser.Term.doLetElse took 1.01ms
typeclass inference of Bind took 0.577ms
do element elaborator of Lean.Parser.Term.doExpr took 1.54ms
do element elaborator of Lean.Parser.Term.doLetArrow took 0.133ms
do element elaborator of Lean.Parser.Term.doLet took 0.819ms
typeclass inference of OfNat took 0.24ms
typeclass inference of GetElem? took 0.319ms
typeclass inference of OfNat took 0.162ms
typeclass inference of OfNat took 0.162ms
typeclass inference of BEq took 0.333ms
typeclass inference of BEq took 0.904ms
typeclass inference of OfNat took 0.152ms
typeclass inference of BEq took 0.252ms
typeclass inference of BEq took 0.0122ms
typeclass inference of ForIn took 1.28ms
typeclass inference of Pure took 0.779ms
typeclass inference of Bind took 0.0125ms
do element elaborator of Lean.Parser.Term.doExpr took 0.8ms
do element elaborator of Lean.Parser.Term.doReassignArrow took 0.0797ms
typeclass inference of ToString took 0.116ms
typeclass inference of ToString took 0.0121ms
typeclass inference of ToString took 0.0116ms
typeclass inference of ToString took 0.0118ms
typeclass inference of OfNat took 0.256ms
typeclass inference of OfNat took 0.188ms
typeclass inference of OfNat took 0.132ms
typeclass inference of OfNat took 0.0124ms
typeclass inference of CoeT took 1.93ms
typeclass inference of Decidable took 0.25ms
typeclass inference of ToString took 0.167ms
typeclass inference of ToString took 0.0132ms
typeclass inference of ToString took 0.217ms
typeclass inference of ToString took 0.0129ms
typeclass inference of ToString took 0.0108ms
typeclass inference of ToString took 0.0108ms
typeclass inference of ToString took 0.0107ms
typeclass inference of ToString took 0.0104ms
typeclass inference of ToString took 0.182ms
typeclass inference of ToString took 0.012ms
typeclass inference of ToString took 0.0104ms
typeclass inference of ToString took 0.0107ms
typeclass inference of ToString took 0.0106ms
typeclass inference of ToString took 0.0107ms
typeclass inference of ToString took 0.15ms
typeclass inference of ToString took 0.0116ms
typeclass inference of ToString took 0.0104ms
typeclass inference of ToString took 0.0112ms
typeclass inference of ToString took 0.141ms
typeclass inference of ToString took 0.127ms
typeclass inference of ToString took 0.126ms
typeclass inference of HAppend took 0.408ms
typeclass inference of HAppend took 0.0124ms
typeclass inference of HAppend took 0.0109ms
typeclass inference of HAppend took 0.01ms
typeclass inference of HAppend took 0.0103ms
typeclass inference of HAppend took 0.0094ms
typeclass inference of HAppend took 0.009ms
typeclass inference of HAppend took 0.0091ms
typeclass inference of HAppend took 0.009ms
typeclass inference of HAppend took 0.0089ms
typeclass inference of HAppend took 0.0089ms
typeclass inference of HAppend took 0.009ms
typeclass inference of HAppend took 0.0089ms
typeclass inference of HAppend took 0.0088ms
typeclass inference of HAppend took 0.009ms
typeclass inference of HAppend took 0.0089ms
typeclass inference of HAppend took 0.0103ms
typeclass inference of HAppend took 0.444ms
typeclass inference of HAppend took 0.111ms
typeclass inference of HAppend took 0.106ms
typeclass inference of HAppend took 0.105ms
typeclass inference of HAppend took 0.102ms
typeclass inference of HAppend took 0.104ms
typeclass inference of HAppend took 0.104ms
typeclass inference of HAppend took 0.101ms
typeclass inference of HAppend took 0.106ms
typeclass inference of HAppend took 0.101ms
typeclass inference of HAppend took 0.11ms
typeclass inference of HAppend took 0.105ms
typeclass inference of HAppend took 0.115ms
typeclass inference of HAppend took 0.102ms
typeclass inference of HAppend took 0.0992ms
typeclass inference of HAppend took 0.101ms
typeclass inference of HAppend took 0.101ms
typeclass inference of ToString took 0.013ms
typeclass inference of ToString took 0.171ms
typeclass inference of ToString took 0.0173ms
typeclass inference of ToString took 0.0156ms
typeclass inference of ToString took 0.0162ms
typeclass inference of ToString took 0.0176ms
typeclass inference of ToString took 0.013ms
typeclass inference of ToString took 0.184ms
typeclass inference of ToString took 0.0124ms
typeclass inference of ToString took 0.0102ms
typeclass inference of ToString took 0.0108ms
typeclass inference of ToString took 0.0112ms
typeclass inference of ToString took 0.0109ms
typeclass inference of ToString took 0.176ms
typeclass inference of ToString took 0.0117ms
typeclass inference of ToString took 0.0139ms
typeclass inference of ToString took 0.0109ms
typeclass inference of ToString took 0.195ms
typeclass inference of ToString took 0.13ms
typeclass inference of ToString took 0.122ms
typeclass inference of ToString took 0.119ms
typeclass inference of ToString took 0.116ms
typeclass inference of ToString took 0.114ms
typeclass inference of HAppend took 0.0147ms
typeclass inference of HAppend took 0.0119ms
typeclass inference of HAppend took 0.0109ms
typeclass inference of HAppend took 0.0102ms
typeclass inference of HAppend took 0.01ms
typeclass inference of HAppend took 0.0107ms
typeclass inference of HAppend took 0.01ms
typeclass inference of HAppend took 0.01ms
typeclass inference of HAppend took 0.0097ms
typeclass inference of HAppend took 0.0098ms
typeclass inference of HAppend took 0.0098ms
typeclass inference of HAppend took 0.0099ms
typeclass inference of HAppend took 0.0097ms
typeclass inference of HAppend took 0.0095ms
typeclass inference of HAppend took 0.0098ms
typeclass inference of HAppend took 0.0097ms
typeclass inference of HAppend took 0.123ms
typeclass inference of HAppend took 0.113ms
typeclass inference of HAppend took 0.108ms
typeclass inference of HAppend took 0.108ms
typeclass inference of HAppend took 0.107ms
typeclass inference of HAppend took 0.114ms
typeclass inference of HAppend took 0.105ms
typeclass inference of HAppend took 0.105ms
typeclass inference of HAppend took 0.115ms
typeclass inference of HAppend took 0.112ms
typeclass inference of HAppend took 0.107ms
typeclass inference of HAppend took 0.106ms
typeclass inference of HAppend took 0.105ms
typeclass inference of HAppend took 0.101ms
typeclass inference of HAppend took 0.105ms
typeclass inference of HAppend took 0.103ms
typeclass inference of CoeT took 0.0385ms
typeclass inference of Decidable took 0.0203ms
typeclass inference of ToString took 0.012ms
typeclass inference of ToString took 0.0117ms
typeclass inference of ToString took 0.176ms
typeclass inference of ToString took 0.0122ms
typeclass inference of ToString took 0.0105ms
typeclass inference of ToString took 0.0112ms
typeclass inference of ToString took 0.0428ms
typeclass inference of ToString took 0.0174ms
typeclass inference of ToString took 0.3ms
typeclass inference of ToString took 0.0188ms
typeclass inference of ToString took 0.0168ms
typeclass inference of ToString took 0.0174ms
typeclass inference of ToString took 0.274ms
typeclass inference of ToString took 0.198ms
typeclass inference of ToString took 0.198ms
typeclass inference of ToString took 0.237ms
typeclass inference of ToString took 0.14ms
typeclass inference of ToString took 0.124ms
typeclass inference of ToString took 0.152ms
typeclass inference of ToString took 0.12ms
typeclass inference of HAppend took 0.018ms
typeclass inference of HAppend took 0.0125ms
typeclass inference of HAppend took 0.0112ms
typeclass inference of HAppend took 0.0109ms
typeclass inference of HAppend took 0.0104ms
typeclass inference of HAppend took 0.0104ms
typeclass inference of HAppend took 0.0104ms
typeclass inference of HAppend took 0.0102ms
typeclass inference of HAppend took 0.0105ms
typeclass inference of HAppend took 0.01ms
typeclass inference of HAppend took 0.0113ms
typeclass inference of HAppend took 0.158ms
typeclass inference of HAppend took 0.12ms
typeclass inference of HAppend took 0.123ms
typeclass inference of HAppend took 0.124ms
typeclass inference of HAppend took 0.168ms
typeclass inference of HAppend took 0.126ms
typeclass inference of HAppend took 0.116ms
typeclass inference of HAppend took 0.149ms
typeclass inference of HAppend took 0.116ms
typeclass inference of HAppend took 0.13ms
typeclass inference of HAppend took 0.113ms
typeclass inference of ToString took 0.017ms
typeclass inference of ToString took 0.296ms
typeclass inference of ToString took 0.013ms
typeclass inference of ToString took 0.011ms
typeclass inference of ToString took 0.0117ms
typeclass inference of ToString took 0.0113ms
typeclass inference of ToString took 0.0113ms
typeclass inference of ToString took 0.176ms
typeclass inference of ToString took 0.0124ms
typeclass inference of ToString took 0.0105ms
typeclass inference of ToString took 0.0117ms
typeclass inference of ToString took 0.16ms
typeclass inference of ToString took 0.136ms
typeclass inference of ToString took 0.267ms
typeclass inference of ToString took 0.133ms
typeclass inference of ToString took 0.123ms
typeclass inference of ToString took 0.124ms
typeclass inference of ToString took 0.119ms
typeclass inference of ToString took 0.117ms
typeclass inference of ToString took 0.118ms
typeclass inference of ToString took 0.118ms
typeclass inference of HAppend took 0.0587ms
typeclass inference of HAppend took 0.0126ms
typeclass inference of HAppend took 0.011ms
typeclass inference of HAppend took 0.0199ms
typeclass inference of HAppend took 0.0103ms
typeclass inference of HAppend took 0.01ms
typeclass inference of HAppend took 0.0103ms
typeclass inference of HAppend took 0.01ms
typeclass inference of HAppend took 0.0098ms
typeclass inference of HAppend took 0.024ms
typeclass inference of HAppend took 0.208ms
typeclass inference of HAppend took 0.184ms
typeclass inference of HAppend took 0.144ms
typeclass inference of HAppend took 0.129ms
typeclass inference of HAppend took 0.11ms
typeclass inference of HAppend took 0.105ms
typeclass inference of HAppend took 0.112ms
typeclass inference of HAppend took 0.113ms
typeclass inference of HAppend took 0.114ms
typeclass inference of HAppend took 0.12ms
typeclass inference of CoeT took 0.0278ms
typeclass inference of Decidable took 0.0202ms
typeclass inference of ToString took 0.0146ms
typeclass inference of ToString took 0.0116ms
typeclass inference of ToString took 0.187ms
typeclass inference of ToString took 0.0125ms
typeclass inference of ToString took 0.0099ms
typeclass inference of ToString took 0.0112ms
typeclass inference of ToString took 0.0106ms
typeclass inference of ToString took 0.0104ms
typeclass inference of ToString took 0.156ms
typeclass inference of ToString took 0.0118ms
typeclass inference of ToString took 0.0102ms
typeclass inference of ToString took 0.0108ms
typeclass inference of ToString took 0.158ms
typeclass inference of ToString took 0.138ms
typeclass inference of ToString took 0.125ms
typeclass inference of ToString took 0.122ms
typeclass inference of ToString took 0.12ms
typeclass inference of ToString took 0.12ms
typeclass inference of ToString took 0.117ms
typeclass inference of ToString took 0.115ms
typeclass inference of ToString took 0.116ms
typeclass inference of ToString took 0.115ms
typeclass inference of ToString took 0.114ms
typeclass inference of ToString took 0.117ms
typeclass inference of HAppend took 0.0143ms
typeclass inference of HAppend took 0.0115ms
typeclass inference of HAppend took 0.0109ms
typeclass inference of HAppend took 0.01ms
typeclass inference of HAppend took 0.0099ms
typeclass inference of HAppend took 0.01ms
typeclass inference of HAppend took 0.0099ms
typeclass inference of HAppend took 0.0098ms
typeclass inference of HAppend took 0.0098ms
typeclass inference of HAppend took 0.0099ms
typeclass inference of HAppend took 0.0095ms
typeclass inference of HAppend took 0.121ms
typeclass inference of HAppend took 0.111ms
typeclass inference of HAppend took 0.127ms
typeclass inference of HAppend took 0.108ms
typeclass inference of HAppend took 0.108ms
typeclass inference of HAppend took 0.198ms
typeclass inference of HAppend took 0.181ms
typeclass inference of HAppend took 0.16ms
typeclass inference of HAppend took 0.181ms
typeclass inference of HAppend took 0.166ms
typeclass inference of HAppend took 0.162ms
typeclass inference of ToString took 0.015ms
typeclass inference of ToString took 0.214ms
typeclass inference of ToString took 0.0124ms
typeclass inference of ToString took 0.0103ms
typeclass inference of ToString took 0.011ms
typeclass inference of ToString took 0.0114ms
typeclass inference of ToString took 0.0107ms
typeclass inference of ToString took 0.182ms
typeclass inference of ToString took 0.0117ms
typeclass inference of ToString took 0.0099ms
typeclass inference of ToString took 0.0106ms
typeclass inference of ToString took 0.155ms
typeclass inference of ToString took 0.133ms
typeclass inference of ToString took 0.128ms
typeclass inference of ToString took 0.129ms
typeclass inference of ToString took 0.167ms
typeclass inference of ToString took 0.123ms
typeclass inference of ToString took 0.119ms
typeclass inference of ToString took 0.115ms
typeclass inference of ToString took 0.116ms
typeclass inference of ToString took 0.127ms
typeclass inference of ToString took 0.117ms
typeclass inference of ToString took 0.114ms
typeclass inference of ToString took 0.118ms
typeclass inference of ToString took 0.116ms
typeclass inference of HAppend took 0.0142ms
typeclass inference of HAppend took 0.0115ms
typeclass inference of HAppend took 0.0111ms
typeclass inference of HAppend took 0.0101ms
typeclass inference of HAppend took 0.0103ms
typeclass inference of HAppend took 0.0101ms
typeclass inference of HAppend took 0.01ms
typeclass inference of HAppend took 0.0099ms
typeclass inference of HAppend took 0.0101ms
typeclass inference of HAppend took 0.0105ms
typeclass inference of HAppend took 0.121ms
typeclass inference of HAppend took 0.11ms
typeclass inference of HAppend took 0.107ms
typeclass inference of HAppend took 0.108ms
typeclass inference of HAppend took 0.109ms
typeclass inference of HAppend took 0.121ms
typeclass inference of HAppend took 0.138ms
typeclass inference of HAppend took 0.11ms
typeclass inference of HAppend took 0.111ms
typeclass inference of HAppend took 0.105ms
typeclass inference of ToString took 0.17ms
typeclass inference of ToString took 0.135ms
typeclass inference of ToString took 0.126ms
typeclass inference of ToString took 0.119ms
typeclass inference of ToString took 0.129ms
typeclass inference of ToString took 0.132ms
typeclass inference of ToString took 0.116ms
typeclass inference of ToString took 0.131ms
typeclass inference of ToString took 0.115ms
typeclass inference of ToString took 0.14ms
typeclass inference of ToString took 0.334ms
typeclass inference of ToString took 0.213ms
typeclass inference of ToString took 0.144ms
typeclass inference of ToString took 0.359ms
type checking took 0.317ms
typeclass inference of ToString took 0.325ms
typeclass inference of ToString took 0.202ms
typeclass inference of ToString took 0.174ms
typeclass inference of ToString took 0.172ms
typeclass inference of ToString took 0.134ms
typeclass inference of ToString took 0.121ms
typeclass inference of ToString took 0.116ms
typeclass inference of ToString took 0.116ms
typeclass inference of ToString took 0.118ms
typeclass inference of ToString took 0.115ms
typeclass inference of ToString took 0.116ms
typeclass inference of ToString took 0.117ms
typeclass inference of ToString took 0.116ms
typeclass inference of ToString took 0.114ms
type checking took 0.177ms
typeclass inference of BEq took 0.977ms
typeclass inference took 0.344ms
typeclass inference took 0.385ms
typeclass inference of String.Slice.Pattern.ToForwardSearcher took 0.35ms
typeclass inference of OfNat took 0.187ms
typeclass inference of OfNat took 0.116ms
typeclass inference of ToString took 0.175ms
typeclass inference of ToString took 0.125ms
typeclass inference of ToString took 0.12ms
typeclass inference of ToString took 0.119ms
typeclass inference of ToString took 0.121ms
typeclass inference of ToString took 0.117ms
typeclass inference of ToString took 0.116ms
typeclass inference of ToString took 0.113ms
typeclass inference of ToString took 0.124ms
typeclass inference of ToString took 0.116ms
typeclass inference of ToString took 0.118ms
typeclass inference of ToString took 0.113ms
typeclass inference of ToString took 0.115ms
typeclass inference of ToString took 0.112ms
typeclass inference took 0.669ms
typeclass inference took 0.218ms
typeclass inference took 0.45ms
typeclass inference of OfNat took 0.127ms
typeclass inference of ToString took 0.138ms
typeclass inference of ToString took 0.128ms
typeclass inference of ToString took 0.12ms
typeclass inference of ToString took 0.197ms
typeclass inference of ToString took 0.288ms
typeclass inference of ToString took 0.158ms
typeclass inference of ToString took 0.137ms
typeclass inference of ToString took 0.13ms
typeclass inference of ToString took 0.14ms
typeclass inference of ToString took 0.205ms
typeclass inference of ToString took 0.158ms
typeclass inference of ToString took 0.166ms
typeclass inference of ToString took 0.129ms
typeclass inference of ToString took 0.123ms
typeclass inference of HAdd took 0.435ms
typeclass inference of HAdd took 0.472ms
typeclass inference of Pure took 0.868ms
do element elaborator of Lean.Parser.Term.doReturn took 83.9ms
do element elaborator of Lean.Parser.Term.doLet took 0.379ms
do element elaborator of Lean.Parser.Term.doLet took 0.2ms
do element elaborator of Lean.Parser.Term.doLet took 0.799ms
do element elaborator of Lean.Parser.Term.doLet took 1.11ms
do element elaborator of Lean.Parser.Term.doLet took 1.37ms
typeclass inference of Bind took 0.395ms
do element elaborator of Lean.Parser.Term.doExpr took 2.27ms
do element elaborator of Lean.Parser.Term.doLetArrow took 0.0755ms
do element elaborator of Lean.Parser.Term.doLet took 0.0563ms
do element elaborator of Lean.Parser.Term.doLet took 1.42ms
typeclass inference of Bind took 0.0204ms
do element elaborator of Lean.Parser.Term.doExpr took 2.2ms
do element elaborator of Lean.Parser.Term.doLetArrow took 0.0769ms
do element elaborator of Lean.Parser.Term.doLet took 0.0574ms
do element elaborator of Lean.Parser.Term.doLet took 1.55ms
typeclass inference of Bind took 0.0145ms
do element elaborator of Lean.Parser.Term.doExpr took 1.76ms
do element elaborator of Lean.Parser.Term.doLetArrow took 0.0795ms
do element elaborator of Lean.Parser.Term.doLet took 0.0624ms
do element elaborator of Lean.Parser.Term.doLet took 1.96ms
typeclass inference of Bind took 0.0347ms
do element elaborator of Lean.Parser.Term.doExpr took 3.84ms
do element elaborator of Lean.Parser.Term.doLetArrow took 0.103ms
do element elaborator of Lean.Parser.Term.doLet took 0.0923ms
typeclass inference of Monad took 0.341ms
typeclass inference of Lean.MonadError took 0.602ms
typeclass inference of Lean.ToMessageData took 0.171ms
typeclass inference of Lean.ToMessageData took 0.138ms
typeclass inference of OfNat took 0.244ms
typeclass inference of ToString took 0.361ms
typeclass inference of ToString took 0.328ms
typeclass inference of ToString took 0.212ms
typeclass inference of ToString took 0.225ms
typeclass inference of ToString took 0.19ms
typeclass inference of ToString took 0.217ms
typeclass inference of ToString took 0.21ms
typeclass inference of ToString took 0.213ms
typeclass inference of ToString took 0.209ms
typeclass inference of ToString took 0.196ms
typeclass inference of ToString took 0.205ms
typeclass inference of ToString took 0.178ms
typeclass inference of ToString took 0.141ms
typeclass inference of ToString took 0.128ms
typeclass inference of ToString took 0.129ms
typeclass inference of ToString took 0.135ms
typeclass inference of ToString took 0.127ms
typeclass inference of ToString took 0.123ms
typeclass inference of ToString took 0.131ms
typeclass inference of ToString took 0.184ms
typeclass inference of ToString took 0.138ms
typeclass inference of ToString took 0.125ms
typeclass inference of ToString took 0.126ms
typeclass inference of ToString took 0.122ms
typeclass inference of ToString took 0.12ms
typeclass inference of ToString took 0.119ms
typeclass inference of ToString took 0.123ms
typeclass inference of ToString took 0.121ms
typeclass inference of HAppend took 0.453ms
typeclass inference of HAppend took 0.451ms
typeclass inference of Monad took 0.107ms
typeclass inference of Lean.MonadError took 4.24ms
typeclass inference of Pure took 0.0118ms
typeclass inference of Pure took 0.0079ms
do element elaborator of Lean.Parser.Term.doExpr took 6.25ms
typeclass inference of ToString took 0.209ms
typeclass inference of ToString took 0.141ms
typeclass inference of ToString took 0.135ms
typeclass inference of ToString took 0.129ms
typeclass inference of ToString took 0.138ms
typeclass inference of ToString took 0.127ms
typeclass inference of ToString took 0.15ms
typeclass inference of ToString took 0.131ms
typeclass inference of ToString took 0.123ms
typeclass inference of ToString took 0.124ms
typeclass inference of ToString took 0.122ms
typeclass inference of ToString took 0.135ms
typeclass inference of ToString took 0.135ms
typeclass inference of ToString took 0.121ms
do element elaborator of Lean.Parser.Term.doMatch took 8.78ms
do element elaborator of Lean.Parser.Term.doLetElse took 0.569ms
typeclass inference of Bind took 0.016ms
do element elaborator of Lean.Parser.Term.doExpr took 1.67ms
do element elaborator of Lean.Parser.Term.doLetArrow took 0.16ms
typeclass inference of Bind took 0.0138ms
do element elaborator of Lean.Parser.Term.doFor took 2.93ms
do element elaborator of Lean.Parser.Term.doLet took 2.71ms
do element elaborator of Lean.Parser.Term.doLet took 3.9ms
do element elaborator of Lean.Parser.Term.doLet took 4.25ms
typeclass inference of Monad took 0.182ms
typeclass inference of Lean.MonadError took 0.261ms
typeclass inference of Lean.ToMessageData took 0.0269ms
typeclass inference of Lean.ToMessageData took 0.0802ms
typeclass inference of ToString took 0.226ms
typeclass inference of ToString took 0.153ms
typeclass inference of ToString took 0.144ms
typeclass inference of ToString took 0.143ms
typeclass inference of ToString took 0.138ms
typeclass inference of ToString took 0.141ms
typeclass inference of ToString took 0.146ms
typeclass inference of ToString took 0.139ms
typeclass inference of ToString took 0.14ms
typeclass inference of ToString took 0.139ms
typeclass inference of ToString took 0.15ms
typeclass inference of ToString took 0.138ms
typeclass inference of ToString took 0.135ms
typeclass inference of ToString took 0.132ms
typeclass inference of HAppend took 0.016ms
typeclass inference of HAppend took 0.142ms
typeclass inference of Monad took 0.0132ms
typeclass inference of Lean.MonadError took 0.011ms
typeclass inference of Pure took 0.0111ms
typeclass inference of Pure took 0.0082ms
do element elaborator of Lean.Parser.Term.doExpr took 2.86ms
typeclass inference of ToString took 0.165ms
typeclass inference of ToString took 0.147ms
typeclass inference of ToString took 0.14ms
typeclass inference of ToString took 0.138ms
typeclass inference of ToString took 0.148ms
typeclass inference of ToString took 0.132ms
typeclass inference of ToString took 0.131ms
typeclass inference of ToString took 0.132ms
typeclass inference of ToString took 0.129ms
typeclass inference of ToString took 0.131ms
typeclass inference of ToString took 0.131ms
typeclass inference of ToString took 0.149ms
typeclass inference of ToString took 0.142ms
typeclass inference of ToString took 0.196ms
typeclass inference of OfNat took 0.269ms
typeclass inference of GetElem? took 0.337ms
typeclass inference of OfNat took 0.294ms
typeclass inference of OfNat took 0.165ms
typeclass inference of BEq took 0.388ms
typeclass inference of BEq took 0.919ms
typeclass inference of OfNat took 0.278ms
typeclass inference of BEq took 0.439ms
typeclass inference of BEq took 0.0166ms
typeclass inference of ForIn took 1.99ms
typeclass inference of Pure took 0.0113ms
typeclass inference of Bind took 0.0123ms
do element elaborator of Lean.Parser.Term.doExpr took 0.902ms
do element elaborator of Lean.Parser.Term.doReassignArrow took 0.103ms
typeclass inference of ToString took 0.0775ms
typeclass inference of ToString took 0.0125ms
typeclass inference of ToString took 0.0118ms
typeclass inference of ToString took 0.0119ms
typeclass inference of CoeT took 1.99ms
typeclass inference of Decidable took 0.303ms
typeclass inference of ToString took 0.149ms
typeclass inference of ToString took 0.0181ms
typeclass inference of ToString took 0.33ms
typeclass inference of ToString took 0.0179ms
typeclass inference of ToString took 0.0133ms
typeclass inference of ToString took 0.0135ms
typeclass inference of ToString took 0.0116ms
typeclass inference of ToString took 0.0116ms
typeclass inference of ToString took 0.201ms
typeclass inference of ToString took 0.0121ms
typeclass inference of ToString took 0.0102ms
typeclass inference of ToString took 0.0106ms
typeclass inference of ToString took 0.0145ms
typeclass inference of ToString took 0.0104ms
typeclass inference of ToString took 0.181ms
typeclass inference of ToString took 0.0121ms
typeclass inference of ToString took 0.0101ms
typeclass inference of ToString took 0.0109ms
typeclass inference of OfNat took 0.15ms
typeclass inference of OfNat took 0.115ms
typeclass inference of OfNat took 0.0103ms
typeclass inference of ToString took 0.166ms
typeclass inference of ToString took 0.208ms
typeclass inference of ToString took 0.166ms
typeclass inference of ToString took 0.19ms
typeclass inference of ToString took 0.197ms
typeclass inference of ToString took 0.195ms
typeclass inference of HAppend took 0.439ms
typeclass inference of HAppend took 0.0141ms
typeclass inference of HAppend took 0.0117ms
typeclass inference of HAppend took 0.0101ms
typeclass inference of HAppend took 0.0106ms
typeclass inference of HAppend took 0.0104ms
typeclass inference of HAppend took 0.0093ms
typeclass inference of HAppend took 0.041ms
typeclass inference of HAppend took 0.0094ms
typeclass inference of HAppend took 0.01ms
typeclass inference of HAppend took 0.0099ms
typeclass inference of HAppend took 0.0102ms
typeclass inference of HAppend took 0.0198ms
typeclass inference of HAppend took 0.0121ms
typeclass inference of HAppend took 0.0143ms
typeclass inference of HAppend took 0.0096ms
typeclass inference of HAppend took 0.0091ms
typeclass inference of HAppend took 0.739ms
typeclass inference of HAppend took 0.23ms
typeclass inference of HAppend took 0.184ms
typeclass inference of HAppend took 0.214ms
typeclass inference of HAppend took 0.211ms
typeclass inference of HAppend took 0.273ms
typeclass inference of HAppend took 0.333ms
typeclass inference of HAppend took 0.19ms
typeclass inference of HAppend took 0.182ms
typeclass inference of HAppend took 0.175ms
typeclass inference of HAppend took 0.125ms
typeclass inference of HAppend took 0.113ms
typeclass inference of HAppend took 0.126ms
typeclass inference of HAppend took 0.122ms
typeclass inference of HAppend took 0.144ms
typeclass inference of HAppend took 0.116ms
typeclass inference of HAppend took 0.111ms
typeclass inference of ToString took 0.0161ms
typeclass inference of ToString took 0.209ms
typeclass inference of ToString took 0.0181ms
typeclass inference of ToString took 0.016ms
typeclass inference of ToString took 0.0169ms
typeclass inference of ToString took 0.0163ms
typeclass inference of ToString took 0.0162ms
typeclass inference of ToString took 0.281ms
typeclass inference of ToString took 0.0175ms
typeclass inference of ToString took 0.0147ms
typeclass inference of ToString took 0.0182ms
typeclass inference of ToString took 0.017ms
typeclass inference of ToString took 0.0175ms
typeclass inference of ToString took 0.262ms
typeclass inference of ToString took 0.0186ms
typeclass inference of ToString took 0.0164ms
typeclass inference of ToString took 0.0179ms
typeclass inference of ToString took 0.259ms
typeclass inference of ToString took 0.199ms
typeclass inference of ToString took 0.205ms
typeclass inference of ToString took 0.183ms
typeclass inference of ToString took 0.191ms
typeclass inference of ToString took 0.182ms
typeclass inference of HAppend took 0.021ms
typeclass inference of HAppend took 0.0168ms
typeclass inference of HAppend took 0.0155ms
typeclass inference of HAppend took 0.0155ms
typeclass inference of HAppend took 0.0149ms
typeclass inference of HAppend took 0.0151ms
typeclass inference of HAppend took 0.0145ms
typeclass inference of HAppend took 0.0141ms
typeclass inference of HAppend took 0.0101ms
typeclass inference of HAppend took 0.0101ms
typeclass inference of HAppend took 0.0098ms
typeclass inference of HAppend took 0.0097ms
typeclass inference of HAppend took 0.01ms
typeclass inference of HAppend took 0.0095ms
typeclass inference of HAppend took 0.0096ms
typeclass inference of HAppend took 0.0097ms
typeclass inference of HAppend took 0.141ms
typeclass inference of HAppend took 0.112ms
typeclass inference of HAppend took 0.109ms
typeclass inference of HAppend took 0.104ms
typeclass inference of HAppend took 0.106ms
typeclass inference of HAppend took 0.123ms
typeclass inference of HAppend took 0.116ms
typeclass inference of HAppend took 0.103ms
typeclass inference of HAppend took 0.265ms
typeclass inference of HAppend took 0.141ms
typeclass inference of HAppend took 0.118ms
typeclass inference of HAppend took 0.106ms
typeclass inference of HAppend took 0.105ms
typeclass inference of HAppend took 0.106ms
typeclass inference of HAppend took 0.109ms
typeclass inference of HAppend took 0.106ms
typeclass inference of CoeT took 0.032ms
typeclass inference of Decidable took 0.0213ms
typeclass inference of ToString took 0.0131ms
typeclass inference of ToString took 0.0118ms
typeclass inference of ToString took 0.259ms
typeclass inference of ToString took 0.0127ms
typeclass inference of ToString took 0.0108ms
typeclass inference of ToString took 0.0111ms
typeclass inference of ToString took 0.0104ms
typeclass inference of ToString took 0.0107ms
typeclass inference of ToString took 0.23ms
typeclass inference of ToString took 0.0129ms
typeclass inference of ToString took 0.011ms
typeclass inference of ToString took 0.0118ms
typeclass inference of ToString took 0.162ms
typeclass inference of ToString took 0.138ms
typeclass inference of ToString took 0.154ms
typeclass inference of ToString took 0.125ms
typeclass inference of ToString took 0.13ms
typeclass inference of ToString took 0.151ms
typeclass inference of ToString took 0.152ms
typeclass inference of ToString took 0.118ms
typeclass inference of HAppend took 0.0176ms
typeclass inference of HAppend took 0.0121ms
typeclass inference of HAppend took 0.011ms
typeclass inference of HAppend took 0.0307ms
typeclass inference of HAppend took 0.0102ms
typeclass inference of HAppend took 0.0108ms
typeclass inference of HAppend took 0.0104ms
typeclass inference of HAppend took 0.0102ms
typeclass inference of HAppend took 0.0123ms
typeclass inference of HAppend took 0.0101ms
typeclass inference of HAppend took 0.01ms
typeclass inference of HAppend took 0.155ms
typeclass inference of HAppend took 0.116ms
typeclass inference of HAppend took 0.115ms
typeclass inference of HAppend took 0.11ms
typeclass inference of HAppend took 0.107ms
typeclass inference of HAppend took 0.134ms
typeclass inference of HAppend took 0.113ms
typeclass inference of HAppend took 0.115ms
typeclass inference of HAppend took 0.108ms
typeclass inference of HAppend took 0.111ms
typeclass inference of HAppend took 0.12ms
typeclass inference of ToString took 0.0256ms
typeclass inference of ToString took 0.245ms
typeclass inference of ToString took 0.0138ms
typeclass inference of ToString took 0.0164ms
typeclass inference of ToString took 0.0126ms
typeclass inference of ToString took 0.0162ms
typeclass inference of ToString took 0.0109ms
typeclass inference of ToString took 0.19ms
typeclass inference of ToString took 0.0124ms
typeclass inference of ToString took 0.0107ms
typeclass inference of ToString took 0.0114ms
typeclass inference of ToString took 0.159ms
typeclass inference of ToString took 0.13ms
typeclass inference of ToString took 0.121ms
typeclass inference of ToString took 0.116ms
typeclass inference of ToString took 0.117ms
typeclass inference of ToString took 0.118ms
typeclass inference of ToString took 0.115ms
typeclass inference of ToString took 0.116ms
typeclass inference of ToString took 0.116ms
typeclass inference of ToString took 0.113ms
typeclass inference of HAppend took 0.0221ms
typeclass inference of HAppend took 0.0118ms
typeclass inference of HAppend took 0.0105ms
typeclass inference of HAppend took 0.0102ms
typeclass inference of HAppend took 0.0101ms
typeclass inference of HAppend took 0.0102ms
typeclass inference of HAppend took 0.0098ms
typeclass inference of HAppend took 0.0097ms
typeclass inference of HAppend took 0.0101ms
typeclass inference of HAppend took 0.0099ms
typeclass inference of HAppend took 0.16ms
typeclass inference of HAppend took 0.119ms
typeclass inference of HAppend took 0.107ms
typeclass inference of HAppend took 0.112ms
typeclass inference of HAppend took 0.105ms
typeclass inference of HAppend took 0.105ms
typeclass inference of HAppend took 0.105ms
typeclass inference of HAppend took 0.103ms
typeclass inference of HAppend took 0.108ms
typeclass inference of HAppend took 0.108ms
typeclass inference of CoeT took 0.0269ms
typeclass inference of Decidable took 0.0205ms
typeclass inference of ToString took 0.0135ms
typeclass inference of ToString took 0.0116ms
typeclass inference of ToString took 0.205ms
typeclass inference of ToString took 0.0122ms
typeclass inference of ToString took 0.0106ms
typeclass inference of ToString took 0.0112ms
typeclass inference of ToString took 0.0109ms
typeclass inference of ToString took 0.0162ms
typeclass inference of ToString took 0.293ms
typeclass inference of ToString took 0.0184ms
typeclass inference of ToString took 0.0117ms
typeclass inference of ToString took 0.0189ms
typeclass inference of ToString took 0.19ms
typeclass inference of ToString took 0.144ms
typeclass inference of ToString took 0.136ms
typeclass inference of ToString took 0.126ms
typeclass inference of ToString took 0.137ms
typeclass inference of ToString took 0.121ms
typeclass inference of ToString took 0.132ms
typeclass inference of ToString took 0.119ms
typeclass inference of ToString took 0.122ms
typeclass inference of ToString took 0.12ms
typeclass inference of ToString took 0.118ms
typeclass inference of ToString took 0.141ms
typeclass inference of HAppend took 0.0159ms
typeclass inference of HAppend took 0.012ms
typeclass inference of HAppend took 0.011ms
typeclass inference of HAppend took 0.0105ms
typeclass inference of HAppend took 0.01ms
typeclass inference of HAppend took 0.0102ms
typeclass inference of HAppend took 0.0098ms
typeclass inference of HAppend took 0.0101ms
typeclass inference of HAppend took 0.0106ms
typeclass inference of HAppend took 0.0105ms
typeclass inference of HAppend took 0.0101ms
typeclass inference of HAppend took 0.131ms
typeclass inference of HAppend took 0.112ms
typeclass inference of HAppend took 0.112ms
typeclass inference of HAppend took 0.112ms
typeclass inference of HAppend took 0.121ms
typeclass inference of HAppend took 0.113ms
typeclass inference of HAppend took 0.159ms
typeclass inference of HAppend took 0.169ms
typeclass inference of HAppend took 0.181ms
typeclass inference of HAppend took 0.177ms
typeclass inference of HAppend took 0.119ms
typeclass inference of ToString took 0.0164ms
typeclass inference of ToString took 0.198ms
typeclass inference of ToString took 0.0135ms
typeclass inference of ToString took 0.0109ms
typeclass inference of ToString took 0.0115ms
typeclass inference of ToString took 0.0108ms
typeclass inference of ToString took 0.0105ms
typeclass inference of ToString took 0.193ms
typeclass inference of ToString took 0.012ms
typeclass inference of ToString took 0.0108ms
typeclass inference of ToString took 0.0116ms
typeclass inference of ToString took 0.153ms
typeclass inference of ToString took 0.129ms
typeclass inference of ToString took 0.124ms
typeclass inference of ToString took 0.125ms
typeclass inference of ToString took 0.122ms
typeclass inference of ToString took 0.119ms
typeclass inference of ToString took 0.118ms
typeclass inference of ToString took 0.12ms
typeclass inference of ToString took 0.12ms
typeclass inference of ToString took 0.117ms
typeclass inference of ToString took 0.115ms
typeclass inference of ToString took 0.117ms
typeclass inference of ToString took 0.117ms
typeclass inference of ToString took 0.118ms
typeclass inference of HAppend took 0.0152ms
typeclass inference of HAppend took 0.0119ms
typeclass inference of HAppend took 0.0112ms
typeclass inference of HAppend took 0.0107ms
typeclass inference of HAppend took 0.0102ms
typeclass inference of HAppend took 0.0104ms
typeclass inference of HAppend took 0.0103ms
typeclass inference of HAppend took 0.0101ms
typeclass inference of HAppend took 0.0103ms
typeclass inference of HAppend took 0.01ms
typeclass inference of HAppend took 0.125ms
typeclass inference of HAppend took 0.114ms
typeclass inference of HAppend took 0.115ms
typeclass inference of HAppend took 0.112ms
typeclass inference of HAppend took 0.116ms
typeclass inference of HAppend took 0.155ms
typeclass inference of HAppend took 0.15ms
typeclass inference of HAppend took 0.112ms
typeclass inference of HAppend took 0.112ms
typeclass inference of HAppend took 0.125ms
typeclass inference of ToString took 0.25ms
typeclass inference of ToString took 0.148ms
typeclass inference of ToString took 0.147ms
typeclass inference of ToString took 0.138ms
typeclass inference of ToString took 0.125ms
typeclass inference of ToString took 0.123ms
typeclass inference of ToString took 0.12ms
typeclass inference of ToString took 0.124ms
typeclass inference of ToString took 0.122ms
typeclass inference of ToString took 0.158ms
typeclass inference of ToString took 0.162ms
typeclass inference of ToString took 0.129ms
typeclass inference of ToString took 0.127ms
typeclass inference of ToString took 0.124ms
type checking took 0.218ms
typeclass inference of ToString took 0.216ms
typeclass inference of ToString took 0.141ms
typeclass inference of ToString took 0.122ms
typeclass inference of ToString took 0.132ms
typeclass inference of ToString took 0.117ms
typeclass inference of ToString took 0.118ms
typeclass inference of ToString took 0.116ms
typeclass inference of ToString took 0.12ms
typeclass inference of ToString took 0.114ms
typeclass inference of ToString took 0.116ms
typeclass inference of ToString took 0.109ms
typeclass inference of ToString took 0.111ms
typeclass inference of ToString took 0.113ms
typeclass inference of ToString took 0.113ms
type checking took 0.173ms
typeclass inference of BEq took 1.27ms
typeclass inference took 0.489ms
typeclass inference took 0.553ms
typeclass inference of String.Slice.Pattern.ToForwardSearcher took 0.553ms
typeclass inference of OfNat took 0.184ms
typeclass inference of ToString took 0.201ms
typeclass inference of ToString took 0.127ms
typeclass inference of ToString took 0.122ms
typeclass inference of ToString took 0.123ms
typeclass inference of ToString took 0.118ms
typeclass inference of ToString took 0.115ms
typeclass inference of ToString took 0.151ms
typeclass inference of ToString took 0.116ms
typeclass inference of ToString took 0.113ms
typeclass inference of ToString took 0.113ms
typeclass inference of ToString took 0.112ms
typeclass inference of ToString took 0.115ms
typeclass inference of ToString took 0.151ms
typeclass inference of ToString took 0.177ms
typeclass inference took 0.902ms
typeclass inference took 0.213ms
typeclass inference took 0.457ms
typeclass inference of OfNat took 0.137ms
typeclass inference of ToString took 0.142ms
typeclass inference of ToString took 0.125ms
typeclass inference of ToString took 0.12ms
typeclass inference of ToString took 0.118ms
typeclass inference of ToString took 0.116ms
typeclass inference of ToString took 0.126ms
typeclass inference of ToString took 0.114ms
typeclass inference of ToString took 0.116ms
typeclass inference of ToString took 0.115ms
typeclass inference of ToString took 0.113ms
typeclass inference of ToString took 0.111ms
typeclass inference of ToString took 0.116ms
typeclass inference of ToString took 0.112ms
typeclass inference of ToString took 0.113ms
typeclass inference of OfNat took 0.127ms
typeclass inference of HAdd took 0.379ms
typeclass inference of HAdd took 0.407ms
typeclass inference of Pure took 0.795ms
do element elaborator of Lean.Parser.Term.doReturn took 5.05ms
do element elaborator of Lean.Parser.Term.doLet took 1.74ms
do element elaborator of Lean.Parser.Term.doLet took 5.76ms
do element elaborator of Lean.Parser.Term.doLet took 74.3ms
do element elaborator of Lean.Parser.Term.doLet took 1.1ms
do element elaborator of Lean.Parser.Term.doLet took 1.19ms
typeclass inference of Bind took 0.321ms
do element elaborator of Lean.Parser.Term.doExpr took 1.52ms
do element elaborator of Lean.Parser.Term.doLetArrow took 0.0707ms
do element elaborator of Lean.Parser.Term.doLet took 0.0533ms
do element elaborator of Lean.Parser.Term.doLet took 1.32ms
typeclass inference of Bind took 0.0132ms
do element elaborator of Lean.Parser.Term.doExpr took 1.65ms
do element elaborator of Lean.Parser.Term.doLetArrow took 0.0693ms
do element elaborator of Lean.Parser.Term.doLet took 0.0556ms
do element elaborator of Lean.Parser.Term.doLet took 1.44ms
typeclass inference of Bind took 0.0177ms
do element elaborator of Lean.Parser.Term.doExpr took 2.27ms
do element elaborator of Lean.Parser.Term.doLetArrow took 0.0796ms
do element elaborator of Lean.Parser.Term.doLet took 0.0566ms
do element elaborator of Lean.Parser.Term.doLet took 1.95ms
typeclass inference of Bind took 0.0229ms
do element elaborator of Lean.Parser.Term.doExpr took 2.71ms
do element elaborator of Lean.Parser.Term.doLetArrow took 0.117ms
do element elaborator of Lean.Parser.Term.doLet took 0.0804ms
typeclass inference of Monad took 0.415ms
typeclass inference of Lean.MonadError took 0.575ms
typeclass inference of Lean.ToMessageData took 0.132ms
typeclass inference of Lean.ToMessageData took 0.102ms
typeclass inference of ToString took 0.283ms
typeclass inference of ToString took 0.193ms
typeclass inference of ToString took 0.173ms
typeclass inference of ToString took 0.149ms
typeclass inference of ToString took 0.15ms
typeclass inference of ToString took 0.138ms
typeclass inference of ToString took 0.12ms
typeclass inference of ToString took 0.18ms
typeclass inference of ToString took 0.117ms
typeclass inference of ToString took 0.118ms
typeclass inference of ToString took 0.129ms
typeclass inference of ToString took 0.115ms
typeclass inference of ToString took 0.111ms
typeclass inference of ToString took 0.121ms
typeclass inference of OfNat took 0.135ms
typeclass inference of ToString took 0.151ms
typeclass inference of ToString took 0.149ms
typeclass inference of ToString took 0.13ms
typeclass inference of ToString took 0.129ms
typeclass inference of ToString took 0.114ms
typeclass inference of ToString took 0.113ms
typeclass inference of ToString took 0.115ms
typeclass inference of ToString took 0.116ms
typeclass inference of ToString took 0.133ms
typeclass inference of ToString took 0.111ms
typeclass inference of ToString took 0.111ms
typeclass inference of ToString took 0.143ms
typeclass inference of ToString took 0.113ms
typeclass inference of ToString took 0.11ms
typeclass inference of HAppend took 0.386ms
typeclass inference of HAppend took 0.419ms
typeclass inference of Monad took 0.106ms
typeclass inference of Lean.MonadError took 3.97ms
typeclass inference of Pure took 0.016ms
typeclass inference of Pure took 0.0077ms
do element elaborator of Lean.Parser.Term.doExpr took 5.15ms
typeclass inference of ToString took 0.162ms
typeclass inference of ToString took 0.132ms
typeclass inference of ToString took 0.132ms
typeclass inference of ToString took 0.116ms
typeclass inference of ToString took 0.117ms
typeclass inference of ToString took 0.117ms
typeclass inference of ToString took 0.114ms
typeclass inference of ToString took 0.115ms
typeclass inference of ToString took 0.113ms
typeclass inference of ToString took 0.117ms
typeclass inference of ToString took 0.114ms
typeclass inference of ToString took 0.117ms
typeclass inference of ToString took 0.117ms
typeclass inference of ToString took 0.127ms
do element elaborator of Lean.Parser.Term.doMatch took 7.62ms
do element elaborator of Lean.Parser.Term.doLetElse took 0.609ms
typeclass inference of Bind took 0.0144ms
do element elaborator of Lean.Parser.Term.doExpr took 1.51ms
do element elaborator of Lean.Parser.Term.doLetArrow took 0.138ms
typeclass inference of Bind took 0.0124ms
do element elaborator of Lean.Parser.Term.doFor took 2.8ms
do element elaborator of Lean.Parser.Term.doLet took 1.78ms
do element elaborator of Lean.Parser.Term.doLet took 4.29ms
do element elaborator of Lean.Parser.Term.doLet took 5.15ms
typeclass inference of Monad took 0.23ms
typeclass inference of Lean.MonadError took 0.236ms
typeclass inference of Lean.ToMessageData took 0.0127ms
typeclass inference of Lean.ToMessageData took 0.0764ms
typeclass inference of ToString took 0.221ms
typeclass inference of ToString took 0.136ms
typeclass inference of ToString took 0.124ms
typeclass inference of ToString took 0.121ms
typeclass inference of ToString took 0.121ms
typeclass inference of ToString took 0.114ms
typeclass inference of ToString took 0.115ms
typeclass inference of ToString took 0.115ms
typeclass inference of ToString took 0.112ms
typeclass inference of ToString took 0.11ms
typeclass inference of ToString took 0.114ms
typeclass inference of ToString took 0.114ms
typeclass inference of ToString took 0.113ms
typeclass inference of ToString took 0.113ms
typeclass inference of HAppend took 0.0136ms
typeclass inference of HAppend took 0.124ms
typeclass inference of Monad took 0.0121ms
typeclass inference of Lean.MonadError took 0.0089ms
typeclass inference of Pure took 0.0089ms
typeclass inference of Pure took 0.0071ms
do element elaborator of Lean.Parser.Term.doExpr took 2.53ms
typeclass inference of ToString took 0.148ms
typeclass inference of ToString took 0.134ms
typeclass inference of ToString took 0.137ms
typeclass inference of ToString took 0.126ms
typeclass inference of ToString took 0.125ms
typeclass inference of ToString took 0.118ms
typeclass inference of ToString took 0.121ms
typeclass inference of ToString took 0.117ms
typeclass inference of ToString took 0.12ms
typeclass inference of ToString took 0.123ms
typeclass inference of ToString took 0.121ms
typeclass inference of ToString took 0.119ms
typeclass inference of ToString took 0.131ms
typeclass inference of ToString took 0.124ms
typeclass inference of GetElem? took 0.759ms
typeclass inference of OfNat took 0.234ms
typeclass inference of OfNat took 0.204ms
typeclass inference of BEq took 0.565ms
typeclass inference of BEq took 0.931ms
typeclass inference of OfNat took 0.24ms
typeclass inference of BEq took 0.4ms
typeclass inference of BEq took 0.0137ms
typeclass inference of ForIn took 1.29ms
typeclass inference of Pure took 0.0119ms
typeclass inference of Bind took 0.0116ms
do element elaborator of Lean.Parser.Term.doExpr took 0.751ms
do element elaborator of Lean.Parser.Term.doReassignArrow took 0.08ms
typeclass inference of ToString took 0.0805ms
typeclass inference of ToString took 0.0117ms
typeclass inference of ToString took 0.0114ms
typeclass inference of ToString took 0.0113ms
typeclass inference of OfNat took 0.204ms
typeclass inference of OfNat took 0.138ms
typeclass inference of OfNat took 0.109ms
typeclass inference of OfNat took 0.0107ms
typeclass inference of CoeT took 1.74ms
typeclass inference of Decidable took 0.217ms
typeclass inference of ToString took 0.0695ms
typeclass inference of ToString took 0.0116ms
typeclass inference of ToString took 0.0108ms
typeclass inference of ToString took 0.0107ms
typeclass inference of ToString took 0.01ms
typeclass inference of ToString took 0.0105ms
typeclass inference of ToString took 0.0102ms
typeclass inference of ToString took 0.0101ms
typeclass inference of ToString took 0.0104ms
typeclass inference of ToString took 0.0101ms
typeclass inference of ToString took 0.0098ms
typeclass inference of ToString took 0.0107ms
typeclass inference of ToString took 0.0104ms
typeclass inference of ToString took 0.0107ms
typeclass inference of ToString took 0.0103ms
typeclass inference of ToString took 0.0102ms
typeclass inference of ToString took 0.0098ms
typeclass inference of ToString took 0.0104ms
typeclass inference of HAppend took 0.407ms
typeclass inference of HAppend took 0.0112ms
typeclass inference of HAppend took 0.0099ms
typeclass inference of HAppend took 0.0095ms
typeclass inference of HAppend took 0.0088ms
typeclass inference of HAppend took 0.0087ms
typeclass inference of HAppend took 0.0086ms
typeclass inference of HAppend took 0.0086ms
typeclass inference of HAppend took 0.0084ms
typeclass inference of HAppend took 0.0085ms
typeclass inference of HAppend took 0.0086ms
typeclass inference of HAppend took 0.0084ms
typeclass inference of HAppend took 0.0086ms
typeclass inference of HAppend took 0.0084ms
typeclass inference of HAppend took 0.0088ms
typeclass inference of HAppend took 0.0134ms
typeclass inference of HAppend took 0.0092ms
typeclass inference of HAppend took 0.534ms
typeclass inference of HAppend took 0.154ms
typeclass inference of HAppend took 0.151ms
typeclass inference of HAppend took 0.382ms
typeclass inference of HAppend took 0.275ms
typeclass inference of HAppend took 0.378ms
typeclass inference of HAppend took 0.388ms
typeclass inference of HAppend took 0.261ms
typeclass inference of HAppend took 0.315ms
typeclass inference of HAppend took 0.152ms
typeclass inference of HAppend took 0.157ms
typeclass inference of HAppend took 0.166ms
typeclass inference of HAppend took 0.244ms
typeclass inference of HAppend took 0.202ms
typeclass inference of HAppend took 0.181ms
typeclass inference of HAppend took 0.155ms
typeclass inference of HAppend took 0.163ms
typeclass inference of ToString took 0.0282ms
typeclass inference of ToString took 0.0137ms
typeclass inference of ToString took 0.0118ms
typeclass inference of ToString took 0.0115ms
typeclass inference of ToString took 0.0147ms
typeclass inference of ToString took 0.0117ms
typeclass inference of ToString took 0.0106ms
typeclass inference of ToString took 0.0098ms
typeclass inference of ToString took 0.0099ms
typeclass inference of ToString took 0.0094ms
typeclass inference of ToString took 0.0158ms
typeclass inference of ToString took 0.0161ms
typeclass inference of ToString took 0.0165ms
typeclass inference of ToString took 0.0166ms
typeclass inference of ToString took 0.0162ms
typeclass inference of ToString took 0.0137ms
typeclass inference of ToString took 0.0177ms
typeclass inference of HAppend took 0.0207ms
typeclass inference of HAppend took 0.0166ms
typeclass inference of HAppend took 0.0155ms
typeclass inference of HAppend took 0.0147ms
typeclass inference of HAppend took 0.0149ms
typeclass inference of HAppend took 0.0105ms
typeclass inference of HAppend took 0.0098ms
typeclass inference of HAppend took 0.0096ms
typeclass inference of HAppend took 0.0093ms
typeclass inference of HAppend took 0.0094ms
typeclass inference of HAppend took 0.0095ms
typeclass inference of HAppend took 0.0097ms
typeclass inference of HAppend took 0.0097ms
typeclass inference of HAppend took 0.0098ms
typeclass inference of HAppend took 0.0096ms
typeclass inference of HAppend took 0.0113ms
typeclass inference of HAppend took 0.129ms
typeclass inference of HAppend took 0.108ms
typeclass inference of HAppend took 0.107ms
typeclass inference of HAppend took 0.113ms
typeclass inference of HAppend took 0.12ms
typeclass inference of HAppend took 0.106ms
typeclass inference of HAppend took 0.1ms
typeclass inference of HAppend took 0.104ms
typeclass inference of HAppend took 0.101ms
typeclass inference of HAppend took 0.1ms
typeclass inference of HAppend took 0.104ms
typeclass inference of HAppend took 0.101ms
typeclass inference of HAppend took 0.106ms
typeclass inference of HAppend took 0.104ms
typeclass inference of HAppend took 0.102ms
typeclass inference of HAppend took 0.1ms
typeclass inference of CoeT took 0.0259ms
typeclass inference of Decidable took 0.0195ms
typeclass inference of ToString took 0.0129ms
typeclass inference of ToString took 0.0112ms
typeclass inference of ToString took 0.0106ms
typeclass inference of ToString took 0.0104ms
typeclass inference of ToString took 0.01ms
typeclass inference of ToString took 0.0111ms
typeclass inference of ToString took 0.0124ms
typeclass inference of ToString took 0.0106ms
typeclass inference of ToString took 0.0103ms
typeclass inference of ToString took 0.0163ms
typeclass inference of ToString took 0.0105ms
typeclass inference of ToString took 0.0105ms
typeclass inference of HAppend took 0.0146ms
typeclass inference of HAppend took 0.0115ms
typeclass inference of HAppend took 0.0106ms
typeclass inference of HAppend took 0.0098ms
typeclass inference of HAppend took 0.0098ms
typeclass inference of HAppend took 0.0098ms
typeclass inference of HAppend took 0.0094ms
typeclass inference of HAppend took 0.0093ms
typeclass inference of HAppend took 0.0096ms
typeclass inference of HAppend took 0.0096ms
typeclass inference of HAppend took 0.0096ms
typeclass inference of HAppend took 0.133ms
typeclass inference of HAppend took 0.107ms
typeclass inference of HAppend took 0.104ms
typeclass inference of HAppend took 0.0998ms
typeclass inference of HAppend took 0.102ms
typeclass inference of HAppend took 0.0989ms
typeclass inference of HAppend took 0.104ms
typeclass inference of HAppend took 0.102ms
typeclass inference of HAppend took 0.102ms
typeclass inference of HAppend took 0.103ms
typeclass inference of HAppend took 0.103ms
typeclass inference of ToString took 0.0128ms
typeclass inference of ToString took 0.0145ms
typeclass inference of ToString took 0.017ms
typeclass inference of ToString took 0.0108ms
typeclass inference of ToString took 0.0117ms
typeclass inference of ToString took 0.011ms
typeclass inference of ToString took 0.0109ms
typeclass inference of ToString took 0.0145ms
typeclass inference of ToString took 0.0111ms
typeclass inference of ToString took 0.0107ms
typeclass inference of ToString took 0.0113ms
typeclass inference of HAppend took 0.0164ms
typeclass inference of HAppend took 0.0122ms
typeclass inference of HAppend took 0.0113ms
typeclass inference of HAppend took 0.0102ms
typeclass inference of HAppend took 0.0224ms
typeclass inference of HAppend took 0.01ms
typeclass inference of HAppend took 0.0103ms
typeclass inference of HAppend took 0.0113ms
typeclass inference of HAppend took 0.015ms
typeclass inference of HAppend took 0.0287ms
typeclass inference of HAppend took 0.176ms
typeclass inference of HAppend took 0.146ms
typeclass inference of HAppend took 0.123ms
typeclass inference of HAppend took 0.154ms
typeclass inference of HAppend took 0.114ms
typeclass inference of HAppend took 0.164ms
typeclass inference of HAppend took 0.139ms
typeclass inference of HAppend took 0.127ms
typeclass inference of HAppend took 0.28ms
typeclass inference of HAppend took 0.18ms
typeclass inference of CoeT took 0.0464ms
typeclass inference of Decidable took 0.0323ms
typeclass inference of ToString took 0.0161ms
typeclass inference of ToString took 0.0117ms
typeclass inference of ToString took 0.0227ms
typeclass inference of ToString took 0.0107ms
typeclass inference of ToString took 0.0106ms
typeclass inference of ToString took 0.0109ms
typeclass inference of ToString took 0.0105ms
typeclass inference of ToString took 0.0105ms
typeclass inference of ToString took 0.0102ms
typeclass inference of ToString took 0.0099ms
typeclass inference of ToString took 0.0091ms
typeclass inference of ToString took 0.0103ms
typeclass inference of HAppend took 0.0146ms
typeclass inference of HAppend took 0.0115ms
typeclass inference of HAppend took 0.0106ms
typeclass inference of HAppend took 0.0102ms
typeclass inference of HAppend took 0.0096ms
typeclass inference of HAppend took 0.0097ms
typeclass inference of HAppend took 0.0094ms
typeclass inference of HAppend took 0.0092ms
typeclass inference of HAppend took 0.0093ms
typeclass inference of HAppend took 0.0094ms
typeclass inference of HAppend took 0.0091ms
typeclass inference of HAppend took 0.143ms
typeclass inference of HAppend took 0.112ms
typeclass inference of HAppend took 0.113ms
typeclass inference of HAppend took 0.107ms
typeclass inference of HAppend took 0.101ms
typeclass inference of HAppend took 0.1ms
typeclass inference of HAppend took 0.101ms
typeclass inference of HAppend took 0.101ms
typeclass inference of HAppend took 0.113ms
typeclass inference of HAppend took 0.0997ms
typeclass inference of HAppend took 0.101ms
typeclass inference of ToString took 0.0128ms
typeclass inference of ToString took 0.0111ms
typeclass inference of ToString took 0.0108ms
typeclass inference of ToString took 0.0096ms
typeclass inference of ToString took 0.0101ms
typeclass inference of ToString took 0.0099ms
typeclass inference of ToString took 0.01ms
typeclass inference of ToString took 0.0097ms
typeclass inference of ToString took 0.0101ms
typeclass inference of ToString took 0.0096ms
typeclass inference of ToString took 0.0108ms
typeclass inference of HAppend took 0.0132ms
typeclass inference of HAppend took 0.0158ms
typeclass inference of HAppend took 0.0219ms
typeclass inference of HAppend took 0.0163ms
typeclass inference of HAppend took 0.0671ms
typeclass inference of HAppend took 0.0178ms
typeclass inference of HAppend took 0.0162ms
typeclass inference of HAppend took 0.0152ms
typeclass inference of HAppend took 0.0151ms
typeclass inference of HAppend took 0.0144ms
typeclass inference of HAppend took 0.171ms
typeclass inference of HAppend took 0.117ms
typeclass inference of HAppend took 0.119ms
typeclass inference of HAppend took 0.117ms
typeclass inference of HAppend took 0.11ms
typeclass inference of HAppend took 0.106ms
typeclass inference of HAppend took 0.121ms
typeclass inference of HAppend took 0.107ms
typeclass inference of HAppend took 0.128ms
typeclass inference of HAppend took 0.111ms
type checking took 0.178ms
type checking took 0.166ms
typeclass inference of BEq took 0.92ms
typeclass inference took 0.34ms
typeclass inference took 0.338ms
typeclass inference of String.Slice.Pattern.ToForwardSearcher took 0.345ms
typeclass inference of OfNat took 0.221ms
typeclass inference of OfNat took 0.132ms
typeclass inference took 0.663ms
typeclass inference took 0.217ms
typeclass inference took 0.428ms
typeclass inference of OfNat took 0.139ms
typeclass inference of HAdd took 0.358ms
typeclass inference of HAdd took 0.409ms
typeclass inference of Pure took 0.946ms
do element elaborator of Lean.Parser.Term.doReturn took 76.7ms
do element elaborator of Lean.Parser.Term.doLet took 0.554ms
do element elaborator of Lean.Parser.Term.doLet took 0.21ms
do element elaborator of Lean.Parser.Term.doLet took 1.02ms
do element elaborator of Lean.Parser.Term.doLet took 0.928ms
do element elaborator of Lean.Parser.Term.doLet took 0.976ms
typeclass inference of Bind took 0.51ms
do element elaborator of Lean.Parser.Term.doExpr took 1.3ms
do element elaborator of Lean.Parser.Term.doLetArrow took 0.0703ms
do element elaborator of Lean.Parser.Term.doLet took 0.057ms
do element elaborator of Lean.Parser.Term.doLet took 0.997ms
typeclass inference of Bind took 0.0133ms
do element elaborator of Lean.Parser.Term.doExpr took 1.21ms
do element elaborator of Lean.Parser.Term.doLetArrow took 0.0693ms
do element elaborator of Lean.Parser.Term.doLet took 0.055ms
do element elaborator of Lean.Parser.Term.doLet took 1.13ms
typeclass inference of Bind took 0.0131ms
do element elaborator of Lean.Parser.Term.doExpr took 1.16ms
do element elaborator of Lean.Parser.Term.doLetArrow took 0.0753ms
do element elaborator of Lean.Parser.Term.doLet took 0.0618ms
do element elaborator of Lean.Parser.Term.doLet took 1.38ms
typeclass inference of Bind took 0.0195ms
do element elaborator of Lean.Parser.Term.doExpr took 1.79ms
do element elaborator of Lean.Parser.Term.doLetArrow took 0.0873ms
do element elaborator of Lean.Parser.Term.doLet took 0.0727ms
typeclass inference of Monad took 0.262ms
typeclass inference of Lean.MonadError took 0.806ms
typeclass inference of Lean.ToMessageData took 0.143ms
typeclass inference of Lean.ToMessageData took 0.135ms
typeclass inference of OfNat took 0.163ms
typeclass inference of HAppend took 0.451ms
typeclass inference of HAppend took 0.555ms
typeclass inference of Monad took 0.152ms
typeclass inference of Lean.MonadError took 6.85ms
typeclass inference of Pure took 0.0191ms
typeclass inference of Pure took 0.0116ms
do element elaborator of Lean.Parser.Term.doExpr took 4.2ms
do element elaborator of Lean.Parser.Term.doMatch took 5.96ms
do element elaborator of Lean.Parser.Term.doLetElse took 0.583ms
typeclass inference of Bind took 0.0242ms
do element elaborator of Lean.Parser.Term.doExpr took 0.96ms
do element elaborator of Lean.Parser.Term.doLetArrow took 0.145ms
typeclass inference of Bind took 0.012ms
do element elaborator of Lean.Parser.Term.doFor took 1.43ms
do element elaborator of Lean.Parser.Term.doLet took 0.962ms
do element elaborator of Lean.Parser.Term.doLet took 3.47ms
do element elaborator of Lean.Parser.Term.doLet took 4.38ms
typeclass inference of Monad took 0.193ms
typeclass inference of Lean.MonadError took 0.247ms
typeclass inference of Lean.ToMessageData took 0.0136ms
typeclass inference of Lean.ToMessageData took 0.072ms
typeclass inference of HAppend took 0.014ms
typeclass inference of HAppend took 0.134ms
typeclass inference of Monad took 0.0114ms
typeclass inference of Lean.MonadError took 0.0096ms
typeclass inference of Pure took 0.0139ms
typeclass inference of Pure took 0.007ms
do element elaborator of Lean.Parser.Term.doExpr took 1.87ms
type checking took 0.167ms
instantiate metavars took 0.304ms
instantiate metavars took 0.0019ms
instantiate metavars took 0.0007ms
instantiate metavars took 0.0009ms
instantiate metavars took 0.0006ms
share common exprs took 0.805ms
fix level params took 0.0783ms
let-to-have transformation took 0.0081ms
let-to-have transformation took 3.86ms
type checking took 1.94ms
attribute application took 0.024ms
compilation (LCNF base) took 140ms
compilation (LCNF mono) took 38.4ms
compilation (LCNF mono) took 2.48ms
compilation (LCNF impure) took 1.12ms
compilation (IR) took 0.182ms
compilation (LCNF mono) took 1.16ms
compilation (LCNF impure) took 0.894ms
compilation (IR) took 0.155ms
compilation (LCNF mono) took 0.778ms
compilation (LCNF impure) took 0.558ms
compilation (IR) took 0.0874ms
compilation (LCNF mono) took 0.312ms
compilation (LCNF impure) took 0.26ms
compilation (IR) took 0.0702ms
compilation (LCNF mono) took 0.532ms
compilation (LCNF impure) took 0.548ms
compilation (IR) took 0.114ms
compilation (LCNF mono) took 0.67ms
compilation (LCNF impure) took 0.721ms
compilation (IR) took 0.163ms
compilation (LCNF mono) took 0.673ms
compilation (LCNF impure) took 0.695ms
compilation (IR) took 0.133ms
compilation (LCNF mono) took 0.45ms
compilation (LCNF impure) took 0.418ms
compilation (IR) took 0.0781ms
compilation (LCNF mono) took 9.24ms
compilation (LCNF impure) took 10.9ms
compilation (IR) took 2.39ms
compilation (LCNF mono) took 0.357ms
compilation (LCNF impure) took 0.289ms
compilation (IR) took 0.0721ms
compilation (LCNF mono) took 0.358ms
compilation (LCNF impure) took 0.319ms
compilation (IR) took 0.102ms
compilation (LCNF mono) took 0.49ms
compilation (LCNF impure) took 0.361ms
compilation (IR) took 0.0473ms
attribute application took 0.0141ms
process pre-definitions took 60.9ms
interpretation of _private.Mathlib.Tactic.Linter.Header.0.Mathlib.Linter.Style.header.headerLinter._lam_3._boxed took 0.129ms
interpretation of _private.Mathlib.Tactic.Linter.AuxLemma.0.Mathlib.Linter.AuxLemma.auxLemmaLinter._lam_1._boxed took 1.27ms
interpretation of _private.Mathlib.Tactic.Linter.DeprecatedSyntaxLinter.0.Mathlib.Linter.Style.deprecatedSyntaxLinter._lam_1._boxed took 0.0978ms
interpretation of _private.Mathlib.Tactic.Linter.DocPrime.0.Mathlib.Linter.DocPrime.docPrimeLinter._lam_3._boxed took 0.0423ms
interpretation of _private.Mathlib.Tactic.Linter.DocString.0.Mathlib.Linter.Style.docStringLinter._lam_0._boxed took 3.4ms
interpretation of _private.Mathlib.Tactic.Linter.DocString.0.Mathlib.Linter.Style.moduleDocVersoLinter._lam_0._boxed took 0.185ms
interpretation of Mathlib.Linter.EmptyLine.emptyLineLinter._lam_2._boxed took 0.105ms
interpretation of _private.Mathlib.Tactic.Linter.GlobalAttributeIn.0.Mathlib.Linter.globalAttributeInLinter.globalAttributeIn._lam_0._boxed took 2.8ms
interpretation of _private.Mathlib.Tactic.Linter.HashCommandLinter.0.Mathlib.Linter.HashCommandLinter.withSetOptionIn'._boxed took 0.114ms
interpretation of _private.Mathlib.Tactic.Linter.FlexibleLinter.0.Mathlib.Linter.Flexible.flexibleLinter._lam_0._boxed took 0.0381ms
interpretation of _private.Mathlib.Tactic.Linter.Multigoal.0.Mathlib.Linter.Style.multiGoal.multiGoalLinter._lam_0._boxed took 0.0529ms
interpretation of _private.Mathlib.Tactic.Linter.OldObtain.0.Mathlib.Linter.Style.oldObtainLinter._lam_0._boxed took 0.0253ms
interpretation of Mathlib.Linter.UnusedInstancesInType.withSetBoolOptionIn._boxed took 0.0903ms
interpretation of Mathlib.Linter.UnusedInstancesInType.withSetBoolOptionIn._boxed took 0.0399ms
overlappingInstancesLinter took 1.03ms
interpretation of Mathlib.Linter.UnusedInstancesInType.withSetBoolOptionIn._boxed took 0.107ms
interpretation of _private.Mathlib.Tactic.Linter.PrivateModule.0.Mathlib.Linter.privateModule._lam_1._boxed took 0.026ms
interpretation of _private.Mathlib.Tactic.Linter.UnusedTactic.0.Mathlib.Linter.UnusedTactic.unusedTacticLinter._lam_0._boxed took 6.05ms
interpretation of _private.Mathlib.Tactic.Linter.Style.0.Mathlib.Linter.Style.setOption.setOptionLinter._lam_0._boxed took 0.0767ms
interpretation of _private.Mathlib.Tactic.Linter.Style.0.Mathlib.Linter.Style.missingEnd.missingEndLinter._lam_0._boxed took 0.0618ms
interpretation of _private.Mathlib.Tactic.Linter.Style.0.Mathlib.Linter.Style.cdotLinter._lam_0._boxed took 0.0437ms
interpretation of _private.Mathlib.Tactic.Linter.Style.0.Mathlib.Linter.Style.dollarSyntax.dollarSyntaxLinter._lam_0._boxed took 0.0223ms
interpretation of _private.Mathlib.Tactic.Linter.Style.0.Mathlib.Linter.Style.lambdaSyntax.lambdaSyntaxLinter._lam_0._boxed took 0.0204ms
interpretation of _private.Mathlib.Tactic.Linter.Style.0.Mathlib.Linter.Style.longFile.longFileLinter._lam_0._boxed took 0.0367ms
interpretation of _private.Mathlib.Tactic.Linter.Style.0.Mathlib.Linter.Style.longLine.longLineLinter._lam_0._boxed took 0.0207ms
interpretation of _private.Mathlib.Tactic.Linter.Style.0.Mathlib.Linter.Style.nameCheck.doubleUnderscore._lam_2._boxed took 0.811ms
interpretation of _private.Mathlib.Tactic.Linter.Style.0.Mathlib.Linter.Style.openClassical.openClassicalLinter._lam_0._boxed took 0.042ms
interpretation of _private.Mathlib.Tactic.Linter.Whitespace.0.Mathlib.Linter.Style.Whitespace.whitespaceLinter._lam_4._boxed took 0.0464ms
tacticAnalysis took 22.9ms
interpretation of Mathlib.TacticAnalysis.tacticAnalysis._lam_1._boxed took 0.15ms
interpretation of _private.Mathlib.Tactic.Linter.Lint.0.Mathlib.Linter.DupNamespaceLinter.dupNamespace._lam_1._boxed took 1.31ms
linting took 5.99ms
elaboration took 30ms
parsing took 0.745ms
attribute application took 0.015ms
instantiate metavars took 0.0074ms
instantiate metavars took 0.0032ms
typeclass inference of SelectInsertParamsClass took 0.162ms
typeclass inference of SelectInsertParamsClass took 0.0925ms
instantiate metavars took 0.0046ms
instantiate metavars took 0.0016ms
instantiate metavars took 0.0022ms
instantiate metavars took 0.0008ms
instantiate metavars took 0.0006ms
share common exprs took 0.0441ms
fix level params took 0.0074ms
let-to-have transformation took 0.0041ms
let-to-have transformation took 0.0026ms
type checking took 0.0898ms
attribute application took 0.0112ms
compilation (LCNF base) took 53.2ms
compilation (LCNF mono) took 15.5ms
compilation (LCNF mono) took 0.915ms
compilation (LCNF impure) took 0.958ms
compilation (IR) took 0.234ms
compilation (LCNF mono) took 0.515ms
compilation (LCNF impure) took 0.354ms
compilation (IR) took 0.106ms
compilation (LCNF mono) took 0.81ms
compilation (LCNF impure) took 0.612ms
compilation (IR) took 0.176ms
compilation (LCNF mono) took 1.24ms
compilation (LCNF impure) took 0.847ms
compilation (IR) took 0.185ms
compilation (LCNF mono) took 1.57ms
compilation (LCNF impure) took 1.03ms
compilation (IR) took 0.235ms
compilation (LCNF mono) took 1.52ms
compilation (LCNF impure) took 1.24ms
compilation (IR) took 0.226ms
compilation (LCNF mono) took 6.11ms
compilation (LCNF impure) took 4.7ms
compilation (IR) took 2.85ms
compilation (LCNF mono) took 0.82ms
compilation (LCNF impure) took 0.41ms
compilation (IR) took 0.957ms
compilation (LCNF mono) took 0.654ms
compilation (LCNF impure) took 0.624ms
compilation (IR) took 0.481ms
compilation (LCNF mono) took 0.256ms
compilation (LCNF impure) took 0.312ms
compilation (IR) took 0.0464ms
compilation (LCNF mono) took 0.242ms
compilation (LCNF impure) took 0.401ms
compilation (IR) took 0.0948ms
typeclass inference of Lean.Server.RpcEncodable took 0.144ms
typeclass inference of Lean.Server.RpcEncodable took 0.0795ms
type checking took 0.113ms
compilation (LCNF base) took 19.9ms
compilation (LCNF mono) took 7.23ms
compilation (LCNF mono) took 0.225ms
compilation (LCNF impure) took 0.177ms
compilation (IR) took 0.0479ms
compilation (LCNF mono) took 0.724ms
compilation (LCNF impure) took 0.672ms
compilation (IR) took 0.133ms
compilation (LCNF mono) took 0.868ms
compilation (LCNF impure) took 0.728ms
compilation (IR) took 0.131ms
compilation (LCNF mono) took 3.67ms
compilation (LCNF impure) took 3.73ms
compilation (IR) took 1.62ms
compilation (LCNF mono) took 0.322ms
compilation (LCNF impure) took 0.504ms
compilation (IR) took 0.176ms
compilation (LCNF mono) took 0.686ms
compilation (LCNF impure) took 0.423ms
compilation (IR) took 0.0967ms
compilation (LCNF mono) took 1.31ms
compilation (LCNF impure) took 0.914ms
compilation (IR) took 0.459ms
compilation (LCNF mono) took 0.469ms
compilation (LCNF impure) took 0.36ms
compilation (IR) took 0.0704ms
attribute application took 8.72ms
process pre-definitions took 5.15ms
interpretation of _private.Mathlib.Tactic.Linter.Header.0.Mathlib.Linter.Style.header.headerLinter._lam_3._boxed took 0.107ms
interpretation of _private.Mathlib.Tactic.Linter.AuxLemma.0.Mathlib.Linter.AuxLemma.auxLemmaLinter._lam_1._boxed took 0.253ms
interpretation of _private.Mathlib.Tactic.Linter.DeprecatedSyntaxLinter.0.Mathlib.Linter.Style.deprecatedSyntaxLinter._lam_1._boxed took 0.0835ms
interpretation of _private.Mathlib.Tactic.Linter.DocPrime.0.Mathlib.Linter.DocPrime.docPrimeLinter._lam_3._boxed took 0.048ms
interpretation of _private.Mathlib.Tactic.Linter.DocString.0.Mathlib.Linter.Style.docStringLinter._lam_0._boxed took 0.835ms
interpretation of _private.Mathlib.Tactic.Linter.DocString.0.Mathlib.Linter.Style.moduleDocVersoLinter._lam_0._boxed took 0.052ms
interpretation of Mathlib.Linter.EmptyLine.emptyLineLinter._lam_2._boxed took 0.0471ms
interpretation of _private.Mathlib.Tactic.Linter.GlobalAttributeIn.0.Mathlib.Linter.globalAttributeInLinter.globalAttributeIn._lam_0._boxed took 0.32ms
interpretation of _private.Mathlib.Tactic.Linter.HashCommandLinter.0.Mathlib.Linter.HashCommandLinter.withSetOptionIn'._boxed took 0.132ms
interpretation of _private.Mathlib.Tactic.Linter.FlexibleLinter.0.Mathlib.Linter.Flexible.flexibleLinter._lam_0._boxed took 0.059ms
interpretation of _private.Mathlib.Tactic.Linter.Multigoal.0.Mathlib.Linter.Style.multiGoal.multiGoalLinter._lam_0._boxed took 0.0508ms
interpretation of _private.Mathlib.Tactic.Linter.OldObtain.0.Mathlib.Linter.Style.oldObtainLinter._lam_0._boxed took 0.0664ms
interpretation of Mathlib.Linter.UnusedInstancesInType.withSetBoolOptionIn._boxed took 0.129ms
interpretation of Mathlib.Linter.UnusedInstancesInType.withSetBoolOptionIn._boxed took 0.0757ms
overlappingInstancesLinter took 0.335ms
interpretation of Mathlib.Linter.UnusedInstancesInType.withSetBoolOptionIn._boxed took 0.152ms
interpretation of _private.Mathlib.Tactic.Linter.PrivateModule.0.Mathlib.Linter.privateModule._lam_1._boxed took 0.0264ms
interpretation of _private.Mathlib.Tactic.Linter.UnusedTactic.0.Mathlib.Linter.UnusedTactic.unusedTacticLinter._lam_0._boxed took 0.943ms
interpretation of _private.Mathlib.Tactic.Linter.Style.0.Mathlib.Linter.Style.setOption.setOptionLinter._lam_0._boxed took 0.048ms
interpretation of _private.Mathlib.Tactic.Linter.Style.0.Mathlib.Linter.Style.missingEnd.missingEndLinter._lam_0._boxed took 0.0522ms
interpretation of _private.Mathlib.Tactic.Linter.Style.0.Mathlib.Linter.Style.cdotLinter._lam_0._boxed took 0.0244ms
interpretation of _private.Mathlib.Tactic.Linter.Style.0.Mathlib.Linter.Style.dollarSyntax.dollarSyntaxLinter._lam_0._boxed took 0.021ms
interpretation of _private.Mathlib.Tactic.Linter.Style.0.Mathlib.Linter.Style.lambdaSyntax.lambdaSyntaxLinter._lam_0._boxed took 0.0205ms
interpretation of _private.Mathlib.Tactic.Linter.Style.0.Mathlib.Linter.Style.longFile.longFileLinter._lam_0._boxed took 0.0585ms
interpretation of _private.Mathlib.Tactic.Linter.Style.0.Mathlib.Linter.Style.longLine.longLineLinter._lam_0._boxed took 0.021ms
interpretation of _private.Mathlib.Tactic.Linter.Style.0.Mathlib.Linter.Style.nameCheck.doubleUnderscore._lam_2._boxed took 0.531ms
interpretation of _private.Mathlib.Tactic.Linter.Style.0.Mathlib.Linter.Style.openClassical.openClassicalLinter._lam_0._boxed took 0.055ms
interpretation of _private.Mathlib.Tactic.Linter.Whitespace.0.Mathlib.Linter.Style.Whitespace.whitespaceLinter._lam_4._boxed took 0.0571ms
tacticAnalysis took 1.36ms
interpretation of Mathlib.TacticAnalysis.tacticAnalysis._lam_1._boxed took 0.133ms
interpretation of _private.Mathlib.Tactic.Linter.Lint.0.Mathlib.Linter.DupNamespaceLinter.dupNamespace._lam_1._boxed took 0.392ms
linting took 1.86ms
elaboration took 3.14ms
parsing took 0.683ms
attribute application took 0.0135ms
instantiate metavars took 0.0031ms
instantiate metavars took 0.0018ms
interpretation of ProofWidgets._aux_ProofWidgets_Component_OfRpcMethod___elabRules_ProofWidgets_termMk_rpc_widget%__1._boxed took 92.6ms
instantiate metavars took 0.0026ms
instantiate metavars took 0.0011ms
instantiate metavars took 0.0007ms
instantiate metavars took 0.0007ms
instantiate metavars took 0.0006ms
share common exprs took 0.0422ms
fix level params took 0.0094ms
type checking took 0.125ms
let-to-have transformation took 0.0069ms
let-to-have transformation took 0.0048ms
type checking took 0.133ms
attribute application took 0.0168ms
compilation (LCNF base) took 0.593ms
compilation (LCNF mono) took 0.139ms
compilation (LCNF mono) took 0.49ms
compilation (LCNF impure) took 0.54ms
compilation (IR) took 0.19ms
typeclass inference of Lean.Widget.ToModule took 0.374ms
type checking took 0.0596ms
compilation (LCNF base) took 0.371ms
compilation (LCNF mono) took 0.205ms
compilation (LCNF mono) took 0.139ms
compilation (LCNF impure) took 0.145ms
compilation (IR) took 0.0426ms
interpretation of _private.Mathlib.Tactic.Widget.Calc.0._tmp._@.Mathlib.Tactic.Widget.Calc.3835096024._hygCtx._hyg.11 took 5.21ms
attribute application took 3.27ms
process pre-definitions took 2.17ms
interpretation of _private.Mathlib.Tactic.Linter.Header.0.Mathlib.Linter.Style.header.headerLinter._lam_3._boxed took 0.0844ms
interpretation of _private.Mathlib.Tactic.Linter.AuxLemma.0.Mathlib.Linter.AuxLemma.auxLemmaLinter._lam_1._boxed took 0.163ms
interpretation of _private.Mathlib.Tactic.Linter.DeprecatedSyntaxLinter.0.Mathlib.Linter.Style.deprecatedSyntaxLinter._lam_1._boxed took 0.055ms
interpretation of _private.Mathlib.Tactic.Linter.DocPrime.0.Mathlib.Linter.DocPrime.docPrimeLinter._lam_3._boxed took 0.0342ms
interpretation of _private.Mathlib.Tactic.Linter.DocString.0.Mathlib.Linter.Style.docStringLinter._lam_0._boxed took 0.742ms
interpretation of _private.Mathlib.Tactic.Linter.DocString.0.Mathlib.Linter.Style.moduleDocVersoLinter._lam_0._boxed took 0.0436ms
interpretation of Mathlib.Linter.EmptyLine.emptyLineLinter._lam_2._boxed took 0.0571ms
interpretation of _private.Mathlib.Tactic.Linter.GlobalAttributeIn.0.Mathlib.Linter.globalAttributeInLinter.globalAttributeIn._lam_0._boxed took 0.349ms
interpretation of _private.Mathlib.Tactic.Linter.HashCommandLinter.0.Mathlib.Linter.HashCommandLinter.withSetOptionIn'._boxed took 0.0982ms
interpretation of _private.Mathlib.Tactic.Linter.FlexibleLinter.0.Mathlib.Linter.Flexible.flexibleLinter._lam_0._boxed took 0.0484ms
interpretation of _private.Mathlib.Tactic.Linter.Multigoal.0.Mathlib.Linter.Style.multiGoal.multiGoalLinter._lam_0._boxed took 0.0297ms
interpretation of _private.Mathlib.Tactic.Linter.OldObtain.0.Mathlib.Linter.Style.oldObtainLinter._lam_0._boxed took 0.048ms
interpretation of Mathlib.Linter.UnusedInstancesInType.withSetBoolOptionIn._boxed took 0.118ms
interpretation of Mathlib.Linter.UnusedInstancesInType.withSetBoolOptionIn._boxed took 0.0831ms
overlappingInstancesLinter took 0.587ms
interpretation of Mathlib.Linter.UnusedInstancesInType.withSetBoolOptionIn._boxed took 0.197ms
interpretation of _private.Mathlib.Tactic.Linter.PrivateModule.0.Mathlib.Linter.privateModule._lam_1._boxed took 0.0497ms
interpretation of _private.Mathlib.Tactic.Linter.UnusedTactic.0.Mathlib.Linter.UnusedTactic.unusedTacticLinter._lam_0._boxed took 1.51ms
interpretation of _private.Mathlib.Tactic.Linter.Style.0.Mathlib.Linter.Style.setOption.setOptionLinter._lam_0._boxed took 0.0877ms
interpretation of _private.Mathlib.Tactic.Linter.Style.0.Mathlib.Linter.Style.missingEnd.missingEndLinter._lam_0._boxed took 0.148ms
interpretation of _private.Mathlib.Tactic.Linter.Style.0.Mathlib.Linter.Style.cdotLinter._lam_0._boxed took 0.0451ms
interpretation of _private.Mathlib.Tactic.Linter.Style.0.Mathlib.Linter.Style.dollarSyntax.dollarSyntaxLinter._lam_0._boxed took 0.04ms
interpretation of _private.Mathlib.Tactic.Linter.Style.0.Mathlib.Linter.Style.lambdaSyntax.lambdaSyntaxLinter._lam_0._boxed took 0.0342ms
interpretation of _private.Mathlib.Tactic.Linter.Style.0.Mathlib.Linter.Style.longFile.longFileLinter._lam_0._boxed took 0.0552ms
interpretation of _private.Mathlib.Tactic.Linter.Style.0.Mathlib.Linter.Style.longLine.longLineLinter._lam_0._boxed took 0.0529ms
interpretation of _private.Mathlib.Tactic.Linter.Style.0.Mathlib.Linter.Style.nameCheck.doubleUnderscore._lam_2._boxed took 0.429ms
interpretation of _private.Mathlib.Tactic.Linter.Style.0.Mathlib.Linter.Style.openClassical.openClassicalLinter._lam_0._boxed took 0.0419ms
interpretation of _private.Mathlib.Tactic.Linter.Whitespace.0.Mathlib.Linter.Style.Whitespace.whitespaceLinter._lam_4._boxed took 0.0607ms
tacticAnalysis took 0.83ms
interpretation of Mathlib.TacticAnalysis.tacticAnalysis._lam_1._boxed took 0.125ms
interpretation of _private.Mathlib.Tactic.Linter.Lint.0.Mathlib.Linter.DupNamespaceLinter.dupNamespace._lam_1._boxed took 0.255ms
linting took 1.81ms
elaboration took 1.63ms
parsing took 0.0507ms
interpretation of _private.Mathlib.Tactic.Linter.Header.0.Mathlib.Linter.Style.header.headerLinter._lam_3._boxed took 0.0579ms
interpretation of _private.Mathlib.Tactic.Linter.AuxLemma.0.Mathlib.Linter.AuxLemma.auxLemmaLinter._lam_1._boxed took 0.109ms
interpretation of _private.Mathlib.Tactic.Linter.DeprecatedSyntaxLinter.0.Mathlib.Linter.Style.deprecatedSyntaxLinter._lam_1._boxed took 0.0982ms
interpretation of _private.Mathlib.Tactic.Linter.DocPrime.0.Mathlib.Linter.DocPrime.docPrimeLinter._lam_3._boxed took 0.0285ms
interpretation of _private.Mathlib.Tactic.Linter.DocString.0.Mathlib.Linter.Style.docStringLinter._lam_0._boxed took 0.117ms
interpretation of _private.Mathlib.Tactic.Linter.DocString.0.Mathlib.Linter.Style.moduleDocVersoLinter._lam_0._boxed took 0.0283ms
interpretation of Mathlib.Linter.EmptyLine.emptyLineLinter._lam_2._boxed took 0.0452ms
interpretation of _private.Mathlib.Tactic.Linter.GlobalAttributeIn.0.Mathlib.Linter.globalAttributeInLinter.globalAttributeIn._lam_0._boxed took 0.119ms
interpretation of _private.Mathlib.Tactic.Linter.HashCommandLinter.0.Mathlib.Linter.HashCommandLinter.withSetOptionIn'._boxed took 0.0621ms
interpretation of _private.Mathlib.Tactic.Linter.FlexibleLinter.0.Mathlib.Linter.Flexible.flexibleLinter._lam_0._boxed took 0.0375ms
interpretation of _private.Mathlib.Tactic.Linter.Multigoal.0.Mathlib.Linter.Style.multiGoal.multiGoalLinter._lam_0._boxed took 0.0485ms
interpretation of _private.Mathlib.Tactic.Linter.OldObtain.0.Mathlib.Linter.Style.oldObtainLinter._lam_0._boxed took 0.0254ms
interpretation of Mathlib.Linter.UnusedInstancesInType.withSetBoolOptionIn._boxed took 0.0676ms
interpretation of Mathlib.Linter.UnusedInstancesInType.withSetBoolOptionIn._boxed took 0.0469ms
overlappingInstancesLinter took 0.0627ms
interpretation of Mathlib.Linter.UnusedInstancesInType.withSetBoolOptionIn._boxed took 0.151ms
interpretation of _private.Mathlib.Tactic.Linter.PrivateModule.0.Mathlib.Linter.privateModule._lam_1._boxed took 0.0238ms
interpretation of _private.Mathlib.Tactic.Linter.UnusedTactic.0.Mathlib.Linter.UnusedTactic.unusedTacticLinter._lam_0._boxed took 0.545ms
interpretation of _private.Mathlib.Tactic.Linter.Style.0.Mathlib.Linter.Style.setOption.setOptionLinter._lam_0._boxed took 0.0344ms
interpretation of _private.Mathlib.Tactic.Linter.Style.0.Mathlib.Linter.Style.missingEnd.missingEndLinter._lam_0._boxed took 0.0472ms
interpretation of _private.Mathlib.Tactic.Linter.Style.0.Mathlib.Linter.Style.cdotLinter._lam_0._boxed took 0.0232ms
interpretation of _private.Mathlib.Tactic.Linter.Style.0.Mathlib.Linter.Style.dollarSyntax.dollarSyntaxLinter._lam_0._boxed took 0.0198ms
interpretation of _private.Mathlib.Tactic.Linter.Style.0.Mathlib.Linter.Style.lambdaSyntax.lambdaSyntaxLinter._lam_0._boxed took 0.0254ms
interpretation of _private.Mathlib.Tactic.Linter.Style.0.Mathlib.Linter.Style.longFile.longFileLinter._lam_0._boxed took 0.0273ms
interpretation of _private.Mathlib.Tactic.Linter.Style.0.Mathlib.Linter.Style.longLine.longLineLinter._lam_0._boxed took 0.0194ms
interpretation of _private.Mathlib.Tactic.Linter.Style.0.Mathlib.Linter.Style.nameCheck.doubleUnderscore._lam_2._boxed took 0.15ms
interpretation of _private.Mathlib.Tactic.Linter.Style.0.Mathlib.Linter.Style.openClassical.openClassicalLinter._lam_0._boxed took 0.0226ms
interpretation of _private.Mathlib.Tactic.Linter.Whitespace.0.Mathlib.Linter.Style.Whitespace.whitespaceLinter._lam_4._boxed took 0.0287ms
tacticAnalysis took 0.325ms
interpretation of Mathlib.TacticAnalysis.tacticAnalysis._lam_1._boxed took 0.0582ms
interpretation of _private.Mathlib.Tactic.Linter.Lint.0.Mathlib.Linter.DupNamespaceLinter.dupNamespace._lam_1._boxed took 0.128ms
linting took 0.863ms
elaboration took 0.35ms
parsing took 1.86ms
attribute application took 0.0174ms
instantiate metavars took 0.0023ms
instantiate metavars took 0.0012ms
typeclass inference of OfNat took 0.263ms
instantiate metavars took 0.0093ms
instantiate metavars took 0.0018ms
instantiate metavars took 0.0008ms
instantiate metavars took 0.0008ms
instantiate metavars took 0.0011ms
share common exprs took 0.0362ms
fix level params took 0.0077ms
let-to-have transformation took 0.0038ms
let-to-have transformation took 0.0048ms
type checking took 0.0825ms
attribute application took 0.0179ms
compilation (LCNF base) took 0.837ms
compilation (LCNF mono) took 0.18ms
compilation (LCNF mono) took 0.717ms
compilation (LCNF impure) took 0.767ms
compilation (IR) took 0.218ms
interpretation of Lean.Elab.Tactic.tacticCalc? took 6.81ms
interpretation of Lean.Elab.Tactic.tacticCalc? took 0.0313ms
interpretation of Lean.Elab.Tactic.tacticCalc? took 0.0179ms
attribute application took 0.346ms
process pre-definitions took 1.6ms
attribute application took 0.211ms
instantiate metavars took 0.0077ms
instantiate metavars took 0.0021ms
typeclass inference of OfNat took 0.378ms
typeclass inference of MonadLiftT took 4.94ms
typeclass inference of MonadLiftT took 0.0188ms
typeclass inference of CoeT took 2.07ms
typeclass inference of Decidable took 0.24ms
do element elaborator of Lean.Parser.Term.InternalSyntax.doSkip took 0.0436ms
typeclass inference of Monad took 0.226ms
typeclass inference of Lean.MonadError took 0.268ms
typeclass inference of Lean.ToMessageData took 0.108ms
typeclass inference of Lean.ToMessageData took 0.0785ms
typeclass inference of Lean.ToMessageData took 0.0115ms
typeclass inference of HAppend took 0.435ms
typeclass inference of HAppend took 0.0185ms
typeclass inference of HAppend took 0.466ms
typeclass inference of HAppend took 0.109ms
typeclass inference of Monad took 0.127ms
typeclass inference of Lean.MonadError took 11ms
typeclass inference of Bind took 0.368ms
do element elaborator of Lean.Parser.Term.doExpr took 4.46ms
typeclass inference of MonadLiftT took 0.0166ms
typeclass inference of Bind took 0.389ms
typeclass inference of Monad took 0.13ms
typeclass inference of Lean.MonadRef took 0.121ms
typeclass inference of Monad took 0.0131ms
typeclass inference of Lean.MonadRef took 23.9ms
typeclass inference of Bind took 0.419ms
typeclass inference of Lean.MonadQuotation took 0.0971ms
typeclass inference of Lean.MonadQuotation took 2.55ms
typeclass inference of Bind took 0.409ms
typeclass inference of Lean.MonadQuotation took 0.112ms
typeclass inference of Lean.MonadQuotation took 0.0146ms
typeclass inference of Pure took 0.394ms
typeclass inference of CoeT took 2.24ms
typeclass inference of Pure took 1.53ms
typeclass inference of Bind took 0.019ms
typeclass inference of Bind took 0.0169ms
typeclass inference of Bind took 0.0137ms
typeclass inference of CoeT took 9.32ms
typeclass inference of CoeT took 1.75ms
typeclass inference of MonadLiftT took 6.13ms
typeclass inference of Bind took 0.375ms
typeclass inference of Monad took 0.14ms
typeclass inference of Lean.MonadRef took 0.112ms
typeclass inference of Monad took 0.163ms
typeclass inference of Lean.MonadRef took 27.6ms
typeclass inference of Bind took 1.18ms
typeclass inference of Lean.MonadQuotation took 0.299ms
typeclass inference of Lean.MonadQuotation took 3.43ms
typeclass inference of Bind took 0.363ms
typeclass inference of Lean.MonadQuotation took 0.112ms
typeclass inference of Lean.MonadQuotation took 0.0172ms
typeclass inference of Pure took 0.33ms
typeclass inference of CoeT took 1.66ms
typeclass inference of Pure took 0.999ms
typeclass inference of Bind took 0.342ms
typeclass inference of Bind took 0.0127ms
typeclass inference of Bind took 0.0126ms
typeclass inference of CoeT took 2.18ms
typeclass inference of Pure took 0.0111ms
typeclass inference of Pure took 0.0086ms
do element elaborator of Lean.Parser.Term.doExpr took 0.999ms
typeclass inference of Bind took 0.0115ms
do element elaborator of Lean.Parser.Term.doExpr took 12.8ms
do element elaborator of Lean.Parser.Term.doLetArrow took 0.157ms
do element elaborator of Lean.Parser.Term.doExpr took 0.0729ms
typeclass inference of Bind took 0.0113ms
do element elaborator of Lean.Parser.Term.doExpr took 5.24ms
typeclass inference of Bind took 0.0117ms
do element elaborator of Lean.Parser.Term.doExpr took 21ms
do element elaborator of Lean.Parser.Term.doLetArrow took 0.0898ms
typeclass inference of Bind took 0.0112ms
do element elaborator of Lean.Parser.Term.doExpr took 1.3ms
do element elaborator of Lean.Parser.Term.doLetArrow took 0.0591ms
typeclass inference of Bind took 0.011ms
do element elaborator of Lean.Parser.Term.doExpr took 0.576ms
do element elaborator of Lean.Parser.Term.doLetArrow took 0.207ms
do element elaborator of Lean.Parser.Term.doLetArrow took 0.0777ms
do element elaborator of Lean.Parser.Term.doIf took 2.23ms
do element elaborator of Lean.Parser.Term.doUnless took 0.0664ms
typeclass inference of Bind took 0.0114ms
do element elaborator of Lean.Parser.Term.doExpr took 1.78ms
do element elaborator of Lean.Parser.Term.doLetArrow took 0.145ms
do element elaborator of Lean.Parser.Term.doUnless took 0.0801ms
typeclass inference of Bind took 0.0116ms
do element elaborator of Lean.Parser.Term.doExpr took 2.27ms
do element elaborator of Lean.Parser.Term.doLetArrow took 0.128ms
typeclass inference of Bind took 0.0113ms
do element elaborator of Lean.Parser.Term.doExpr took 1.04ms
do element elaborator of Lean.Parser.Term.doLetArrow took 0.137ms
do element elaborator of Lean.Parser.Term.doLetArrow took 0.124ms
typeclass inference of MonadExceptOf took 0.21ms
typeclass inference of MonadExceptOf took 3.71ms
typeclass inference of Decidable took 0.368ms
instantiate metavars took 0.0025ms
instantiate metavars took 0.005ms
instantiate metavars took 0.0017ms
instantiate metavars took 0.0013ms
instantiate metavars took 0.0007ms
share common exprs took 1.21ms
fix level params took 0.114ms
let-to-have transformation took 0.0096ms
let-to-have transformation took 0.0945ms
type checking took 1.51ms
attribute application took 0.26ms
compilation (LCNF base) took 91.1ms
compilation (LCNF mono) took 9.04ms
compilation (LCNF mono) took 0.444ms
compilation (LCNF impure) took 0.282ms
compilation (IR) took 0.462ms
compilation (LCNF mono) took 0.234ms
compilation (LCNF impure) took 0.273ms
compilation (IR) took 0.051ms
compilation (LCNF mono) took 0.573ms
compilation (LCNF impure) took 0.465ms
compilation (IR) took 0.0934ms
compilation (LCNF mono) took 3.44ms
compilation (LCNF impure) took 4.07ms
compilation (IR) took 7.12ms
compilation (LCNF mono) took 0.706ms
compilation (LCNF impure) took 0.456ms
compilation (IR) took 1.16ms
compilation (LCNF mono) took 0.267ms
compilation (LCNF impure) took 0.22ms
compilation (IR) took 0.0482ms
interpretation of Lean.Elab.Tactic._aux_Mathlib_Tactic_Widget_Calc___elabRules_Lean_Elab_Tactic_tacticCalc?_1 took 1.28ms
attribute application took 0.612ms
process pre-definitions took 52.6ms
interpretation of _private.Mathlib.Tactic.Linter.Header.0.Mathlib.Linter.Style.header.headerLinter._lam_3._boxed took 0.0814ms
interpretation of _private.Mathlib.Tactic.Linter.AuxLemma.0.Mathlib.Linter.AuxLemma.auxLemmaLinter._lam_1._boxed took 0.293ms
interpretation of _private.Mathlib.Tactic.Linter.DeprecatedSyntaxLinter.0.Mathlib.Linter.Style.deprecatedSyntaxLinter._lam_1._boxed took 0.0474ms
interpretation of _private.Mathlib.Tactic.Linter.DocPrime.0.Mathlib.Linter.DocPrime.docPrimeLinter._lam_3._boxed took 0.0296ms
interpretation of _private.Mathlib.Tactic.Linter.DocString.0.Mathlib.Linter.Style.docStringLinter._lam_0._boxed took 0.545ms
interpretation of _private.Mathlib.Tactic.Linter.DocString.0.Mathlib.Linter.Style.moduleDocVersoLinter._lam_0._boxed took 0.0524ms
interpretation of Mathlib.Linter.EmptyLine.emptyLineLinter._lam_2._boxed took 0.0412ms
interpretation of _private.Mathlib.Tactic.Linter.GlobalAttributeIn.0.Mathlib.Linter.globalAttributeInLinter.globalAttributeIn._lam_0._boxed took 0.672ms
interpretation of _private.Mathlib.Tactic.Linter.HashCommandLinter.0.Mathlib.Linter.HashCommandLinter.withSetOptionIn'._boxed took 0.129ms
interpretation of _private.Mathlib.Tactic.Linter.FlexibleLinter.0.Mathlib.Linter.Flexible.flexibleLinter._lam_0._boxed took 0.057ms
interpretation of _private.Mathlib.Tactic.Linter.Multigoal.0.Mathlib.Linter.Style.multiGoal.multiGoalLinter._lam_0._boxed took 0.0486ms
interpretation of _private.Mathlib.Tactic.Linter.OldObtain.0.Mathlib.Linter.Style.oldObtainLinter._lam_0._boxed took 0.0526ms
interpretation of Mathlib.Linter.UnusedInstancesInType.withSetBoolOptionIn._boxed took 0.166ms
interpretation of Mathlib.Linter.UnusedInstancesInType.withSetBoolOptionIn._boxed took 0.0824ms
overlappingInstancesLinter took 0.538ms
interpretation of Mathlib.Linter.UnusedInstancesInType.withSetBoolOptionIn._boxed took 0.121ms
interpretation of _private.Mathlib.Tactic.Linter.PrivateModule.0.Mathlib.Linter.privateModule._lam_1._boxed took 0.0278ms
interpretation of _private.Mathlib.Tactic.Linter.UnusedTactic.0.Mathlib.Linter.UnusedTactic.unusedTacticLinter._lam_0._boxed took 2ms
interpretation of _private.Mathlib.Tactic.Linter.Style.0.Mathlib.Linter.Style.setOption.setOptionLinter._lam_0._boxed took 0.143ms
interpretation of _private.Mathlib.Tactic.Linter.Style.0.Mathlib.Linter.Style.missingEnd.missingEndLinter._lam_0._boxed took 0.133ms
interpretation of _private.Mathlib.Tactic.Linter.Style.0.Mathlib.Linter.Style.cdotLinter._lam_0._boxed took 0.0263ms
interpretation of _private.Mathlib.Tactic.Linter.Style.0.Mathlib.Linter.Style.dollarSyntax.dollarSyntaxLinter._lam_0._boxed took 0.0262ms
interpretation of _private.Mathlib.Tactic.Linter.Style.0.Mathlib.Linter.Style.lambdaSyntax.lambdaSyntaxLinter._lam_0._boxed took 0.0221ms
interpretation of _private.Mathlib.Tactic.Linter.Style.0.Mathlib.Linter.Style.longFile.longFileLinter._lam_0._boxed took 0.0455ms
interpretation of _private.Mathlib.Tactic.Linter.Style.0.Mathlib.Linter.Style.longLine.longLineLinter._lam_0._boxed took 0.0237ms
interpretation of _private.Mathlib.Tactic.Linter.Style.0.Mathlib.Linter.Style.nameCheck.doubleUnderscore._lam_2._boxed took 0.441ms
interpretation of _private.Mathlib.Tactic.Linter.Style.0.Mathlib.Linter.Style.openClassical.openClassicalLinter._lam_0._boxed took 0.0336ms
interpretation of _private.Mathlib.Tactic.Linter.Whitespace.0.Mathlib.Linter.Style.Whitespace.whitespaceLinter._lam_4._boxed took 0.03ms
tacticAnalysis took 4.94ms
interpretation of Mathlib.TacticAnalysis.tacticAnalysis._lam_1._boxed took 0.161ms
interpretation of _private.Mathlib.Tactic.Linter.Lint.0.Mathlib.Linter.DupNamespaceLinter.dupNamespace._lam_1._boxed took 0.447ms
linting took 2.36ms
elaboration took 23.3ms
parsing took 1.38ms
attribute application took 0.0108ms
instantiate metavars took 0.0022ms
instantiate metavars took 0.001ms
typeclass inference of OfNat took 0.163ms
typeclass inference of OfNat took 0.155ms
typeclass inference of MonadLiftT took 1.66ms
typeclass inference of ForIn took 1.24ms
typeclass inference of Lean.MonadFileMap took 0.462ms
typeclass inference of Lean.MonadFileMap took 3.53ms
typeclass inference of Lean.ToJson took 0.285ms
typeclass inference of Lean.ToJson took 0.0663ms
typeclass inference of Lean.ToJson took 0.209ms
typeclass inference of Lean.ToJson took 0.0656ms
typeclass inference of Lean.ToJson took 0.189ms
typeclass inference of Lean.ToJson took 0.0691ms
typeclass inference of CoeT took 2.26ms
typeclass inference of Pure took 0.361ms
typeclass inference of Pure took 1.45ms
typeclass inference of CoeT took 3.23ms
typeclass inference of MonadLiftT took 7.25ms
typeclass inference of Pure took 0.79ms
do element elaborator of Lean.Parser.Term.doReassign took 0.483ms
typeclass inference of Bind took 0.315ms
do element elaborator of Lean.Parser.Term.doExpr took 4.16ms
do element elaborator of Lean.Parser.Term.doLet took 5.55ms
typeclass inference of Pure took 0.0101ms
do element elaborator of Lean.Parser.Term.doContinue took 0.123ms
type checking took 0.188ms
do element elaborator of Lean.Parser.Term.doMatch took 3.02ms
do element elaborator of Lean.Parser.Term.doMatch took 0.44ms
do element elaborator of Lean.Parser.Term.doLetElse took 0.335ms
typeclass inference of Bind took 0.339ms
do element elaborator of Lean.Parser.Term.doExpr took 0.842ms
do element elaborator of Lean.Parser.Term.doLetArrow took 0.0699ms
do element elaborator of Lean.Parser.Term.doLetElse took 0.054ms
typeclass inference of Bind took 0.305ms
typeclass inference of Monad took 0.124ms
typeclass inference of Lean.MonadRef took 0.101ms
typeclass inference of Monad took 0.118ms
typeclass inference of Lean.MonadRef took 16.2ms
typeclass inference of Bind took 0.333ms
typeclass inference of Lean.MonadQuotation took 0.0834ms
typeclass inference of Lean.MonadQuotation took 2.24ms
typeclass inference of Bind took 0.307ms
typeclass inference of Lean.MonadQuotation took 0.0773ms
typeclass inference of Lean.MonadQuotation took 0.0179ms
typeclass inference of Pure took 0.278ms
typeclass inference of CoeT took 1.64ms
typeclass inference of Pure took 0.755ms
typeclass inference of Bind took 0.0121ms
typeclass inference of Bind took 0.0113ms
typeclass inference of Bind took 0.0108ms
typeclass inference of CoeT took 2.02ms
typeclass inference of Pure took 0.0106ms
typeclass inference of Pure took 0.0081ms
do element elaborator of Lean.Parser.Term.doExpr took 0.819ms
typeclass inference of Bind took 0.0114ms
do element elaborator of Lean.Parser.Term.doExpr took 7.37ms
do element elaborator of Lean.Parser.Term.doLetArrow took 0.0999ms
do element elaborator of Lean.Parser.Term.doExpr took 0.0566ms
typeclass inference of Bind took 0.0099ms
do element elaborator of Lean.Parser.Term.doFor took 0.684ms
typeclass inference of Bind took 0.011ms
do element elaborator of Lean.Parser.Term.doExpr took 1.29ms
do element elaborator of Lean.Parser.Term.doLetArrow took 0.061ms
do element elaborator of Lean.Parser.Term.doFor took 0.0501ms
do element elaborator of Lean.Parser.Term.doLet took 0.378ms
typeclass inference of MonadExceptOf took 0.176ms
typeclass inference of MonadExceptOf took 3.57ms
typeclass inference of Decidable took 0.816ms
instantiate metavars took 0.0027ms
instantiate metavars took 0.0013ms
instantiate metavars took 0.0006ms
instantiate metavars took 0.0007ms
instantiate metavars took 0.0006ms
share common exprs took 0.77ms
fix level params took 0.0753ms
let-to-have transformation took 0.0149ms
let-to-have transformation took 4.86ms
type checking took 1.37ms
attribute application took 0.173ms
compilation (LCNF base) took 55.7ms
compilation (LCNF mono) took 6.1ms
compilation (LCNF mono) took 0.28ms
compilation (LCNF impure) took 0.391ms
compilation (IR) took 0.0663ms
compilation (LCNF mono) took 1.27ms
compilation (LCNF impure) took 1.22ms
compilation (IR) took 1.51ms
compilation (LCNF mono) took 1.46ms
compilation (LCNF impure) took 1.19ms
compilation (IR) took 0.41ms
compilation (LCNF mono) took 0.299ms
compilation (LCNF impure) took 0.321ms
compilation (IR) took 0.0839ms
interpretation of Lean.Elab.Tactic._aux_Mathlib_Tactic_Widget_Calc___elabRules_Lean_calcTactic_1 took 0.908ms
attribute application took 0.3ms
process pre-definitions took 36.8ms
interpretation of _private.Mathlib.Tactic.Linter.Header.0.Mathlib.Linter.Style.header.headerLinter._lam_3._boxed took 0.183ms
interpretation of _private.Mathlib.Tactic.Linter.AuxLemma.0.Mathlib.Linter.AuxLemma.auxLemmaLinter._lam_1._boxed took 0.507ms
interpretation of _private.Mathlib.Tactic.Linter.DeprecatedSyntaxLinter.0.Mathlib.Linter.Style.deprecatedSyntaxLinter._lam_1._boxed took 0.0892ms
interpretation of _private.Mathlib.Tactic.Linter.DocPrime.0.Mathlib.Linter.DocPrime.docPrimeLinter._lam_3._boxed took 0.0606ms
interpretation of _private.Mathlib.Tactic.Linter.DocString.0.Mathlib.Linter.Style.docStringLinter._lam_0._boxed took 0.703ms
interpretation of _private.Mathlib.Tactic.Linter.DocString.0.Mathlib.Linter.Style.moduleDocVersoLinter._lam_0._boxed took 0.0435ms
interpretation of Mathlib.Linter.EmptyLine.emptyLineLinter._lam_2._boxed took 0.0525ms
interpretation of _private.Mathlib.Tactic.Linter.GlobalAttributeIn.0.Mathlib.Linter.globalAttributeInLinter.globalAttributeIn._lam_0._boxed took 0.768ms
interpretation of _private.Mathlib.Tactic.Linter.HashCommandLinter.0.Mathlib.Linter.HashCommandLinter.withSetOptionIn'._boxed took 0.111ms
interpretation of _private.Mathlib.Tactic.Linter.FlexibleLinter.0.Mathlib.Linter.Flexible.flexibleLinter._lam_0._boxed took 0.0585ms
interpretation of _private.Mathlib.Tactic.Linter.Multigoal.0.Mathlib.Linter.Style.multiGoal.multiGoalLinter._lam_0._boxed took 0.0583ms
interpretation of _private.Mathlib.Tactic.Linter.OldObtain.0.Mathlib.Linter.Style.oldObtainLinter._lam_0._boxed took 0.102ms
interpretation of Mathlib.Linter.UnusedInstancesInType.withSetBoolOptionIn._boxed took 0.106ms
interpretation of Mathlib.Linter.UnusedInstancesInType.withSetBoolOptionIn._boxed took 0.0678ms
overlappingInstancesLinter took 0.574ms
interpretation of Mathlib.Linter.UnusedInstancesInType.withSetBoolOptionIn._boxed took 0.128ms
interpretation of _private.Mathlib.Tactic.Linter.PrivateModule.0.Mathlib.Linter.privateModule._lam_1._boxed took 0.0475ms
interpretation of _private.Mathlib.Tactic.Linter.UnusedTactic.0.Mathlib.Linter.UnusedTactic.unusedTacticLinter._lam_0._boxed took 1.83ms
interpretation of _private.Mathlib.Tactic.Linter.Style.0.Mathlib.Linter.Style.setOption.setOptionLinter._lam_0._boxed took 0.0631ms
interpretation of _private.Mathlib.Tactic.Linter.Style.0.Mathlib.Linter.Style.missingEnd.missingEndLinter._lam_0._boxed took 0.0685ms
interpretation of _private.Mathlib.Tactic.Linter.Style.0.Mathlib.Linter.Style.cdotLinter._lam_0._boxed took 0.0241ms
interpretation of _private.Mathlib.Tactic.Linter.Style.0.Mathlib.Linter.Style.dollarSyntax.dollarSyntaxLinter._lam_0._boxed took 0.0203ms
interpretation of _private.Mathlib.Tactic.Linter.Style.0.Mathlib.Linter.Style.lambdaSyntax.lambdaSyntaxLinter._lam_0._boxed took 0.0279ms
interpretation of _private.Mathlib.Tactic.Linter.Style.0.Mathlib.Linter.Style.longFile.longFileLinter._lam_0._boxed took 0.0396ms
interpretation of _private.Mathlib.Tactic.Linter.Style.0.Mathlib.Linter.Style.longLine.longLineLinter._lam_0._boxed took 0.0206ms
interpretation of _private.Mathlib.Tactic.Linter.Style.0.Mathlib.Linter.Style.nameCheck.doubleUnderscore._lam_2._boxed took 0.461ms
interpretation of _private.Mathlib.Tactic.Linter.Style.0.Mathlib.Linter.Style.openClassical.openClassicalLinter._lam_0._boxed took 0.0252ms
interpretation of _private.Mathlib.Tactic.Linter.Whitespace.0.Mathlib.Linter.Style.Whitespace.whitespaceLinter._lam_4._boxed took 0.0472ms
tacticAnalysis took 4.08ms
interpretation of Mathlib.TacticAnalysis.tacticAnalysis._lam_1._boxed took 0.138ms
interpretation of _private.Mathlib.Tactic.Linter.Lint.0.Mathlib.Linter.DupNamespaceLinter.dupNamespace._lam_1._boxed took 0.478ms
linting took 2.61ms
elaboration took 7.9ms
parsing took 0.0755ms
interpretation of _private.Mathlib.Tactic.Linter.Header.0.Mathlib.Linter.Style.header.headerLinter._lam_3._boxed took 0.14ms
interpretation of _private.Mathlib.Tactic.Linter.AuxLemma.0.Mathlib.Linter.AuxLemma.auxLemmaLinter._lam_1._boxed took 0.26ms
interpretation of _private.Mathlib.Tactic.Linter.DeprecatedSyntaxLinter.0.Mathlib.Linter.Style.deprecatedSyntaxLinter._lam_1._boxed took 0.089ms
interpretation of _private.Mathlib.Tactic.Linter.DocPrime.0.Mathlib.Linter.DocPrime.docPrimeLinter._lam_3._boxed took 0.067ms
interpretation of _private.Mathlib.Tactic.Linter.DocString.0.Mathlib.Linter.Style.docStringLinter._lam_0._boxed took 0.337ms
interpretation of _private.Mathlib.Tactic.Linter.DocString.0.Mathlib.Linter.Style.moduleDocVersoLinter._lam_0._boxed took 0.0614ms
interpretation of Mathlib.Linter.EmptyLine.emptyLineLinter._lam_2._boxed took 0.0585ms
interpretation of _private.Mathlib.Tactic.Linter.GlobalAttributeIn.0.Mathlib.Linter.globalAttributeInLinter.globalAttributeIn._lam_0._boxed took 0.232ms
interpretation of _private.Mathlib.Tactic.Linter.HashCommandLinter.0.Mathlib.Linter.HashCommandLinter.withSetOptionIn'._boxed took 0.169ms
interpretation of _private.Mathlib.Tactic.Linter.FlexibleLinter.0.Mathlib.Linter.Flexible.flexibleLinter._lam_0._boxed took 0.0797ms
interpretation of _private.Mathlib.Tactic.Linter.Multigoal.0.Mathlib.Linter.Style.multiGoal.multiGoalLinter._lam_0._boxed took 0.0714ms
interpretation of _private.Mathlib.Tactic.Linter.OldObtain.0.Mathlib.Linter.Style.oldObtainLinter._lam_0._boxed took 0.0941ms
interpretation of Mathlib.Linter.UnusedInstancesInType.withSetBoolOptionIn._boxed took 0.151ms
interpretation of Mathlib.Linter.UnusedInstancesInType.withSetBoolOptionIn._boxed took 0.141ms
overlappingInstancesLinter took 0.169ms
interpretation of Mathlib.Linter.UnusedInstancesInType.withSetBoolOptionIn._boxed took 0.203ms
interpretation of _private.Mathlib.Tactic.Linter.PrivateModule.0.Mathlib.Linter.privateModule._lam_1._boxed took 0.0629ms
interpretation of _private.Mathlib.Tactic.Linter.UnusedTactic.0.Mathlib.Linter.UnusedTactic.unusedTacticLinter._lam_0._boxed took 1.08ms
interpretation of _private.Mathlib.Tactic.Linter.Style.0.Mathlib.Linter.Style.setOption.setOptionLinter._lam_0._boxed took 0.0676ms
interpretation of _private.Mathlib.Tactic.Linter.Style.0.Mathlib.Linter.Style.missingEnd.missingEndLinter._lam_0._boxed took 0.0918ms
interpretation of _private.Mathlib.Tactic.Linter.Style.0.Mathlib.Linter.Style.cdotLinter._lam_0._boxed took 0.0416ms
interpretation of _private.Mathlib.Tactic.Linter.Style.0.Mathlib.Linter.Style.dollarSyntax.dollarSyntaxLinter._lam_0._boxed took 0.0495ms
interpretation of _private.Mathlib.Tactic.Linter.Style.0.Mathlib.Linter.Style.lambdaSyntax.lambdaSyntaxLinter._lam_0._boxed took 0.025ms
interpretation of _private.Mathlib.Tactic.Linter.Style.0.Mathlib.Linter.Style.longFile.longFileLinter._lam_0._boxed took 0.0378ms
interpretation of _private.Mathlib.Tactic.Linter.Style.0.Mathlib.Linter.Style.longLine.longLineLinter._lam_0._boxed took 0.0449ms
interpretation of _private.Mathlib.Tactic.Linter.Style.0.Mathlib.Linter.Style.nameCheck.doubleUnderscore._lam_2._boxed took 0.314ms
interpretation of _private.Mathlib.Tactic.Linter.Style.0.Mathlib.Linter.Style.openClassical.openClassicalLinter._lam_0._boxed took 0.0277ms
interpretation of _private.Mathlib.Tactic.Linter.Whitespace.0.Mathlib.Linter.Style.Whitespace.whitespaceLinter._lam_4._boxed took 0.0399ms
tacticAnalysis took 0.521ms
interpretation of Mathlib.TacticAnalysis.tacticAnalysis._lam_1._boxed took 0.0812ms
interpretation of _private.Mathlib.Tactic.Linter.Lint.0.Mathlib.Linter.DupNamespaceLinter.dupNamespace._lam_1._boxed took 0.176ms
linting took 1.69ms
elaboration took 0.247ms
parsing took 0.0045ms
interpretation of _private.Mathlib.Tactic.Linter.Header.0.Mathlib.Linter.Style.header.headerLinter._lam_3._boxed took 0.0562ms
interpretation of _private.Mathlib.Tactic.Linter.AuxLemma.0.Mathlib.Linter.AuxLemma.auxLemmaLinter._lam_1._boxed took 0.0818ms
interpretation of _private.Mathlib.Tactic.Linter.DeprecatedSyntaxLinter.0.Mathlib.Linter.Style.deprecatedSyntaxLinter._lam_1._boxed took 0.0501ms
interpretation of _private.Mathlib.Tactic.Linter.DocPrime.0.Mathlib.Linter.DocPrime.docPrimeLinter._lam_3._boxed took 0.0368ms
interpretation of _private.Mathlib.Tactic.Linter.DocString.0.Mathlib.Linter.Style.docStringLinter._lam_0._boxed took 0.209ms
interpretation of _private.Mathlib.Tactic.Linter.DocString.0.Mathlib.Linter.Style.moduleDocVersoLinter._lam_0._boxed took 0.0487ms
interpretation of Mathlib.Linter.EmptyLine.emptyLineLinter._lam_2._boxed took 0.0498ms
interpretation of _private.Mathlib.Tactic.Linter.GlobalAttributeIn.0.Mathlib.Linter.globalAttributeInLinter.globalAttributeIn._lam_0._boxed took 0.168ms
interpretation of _private.Mathlib.Tactic.Linter.HashCommandLinter.0.Mathlib.Linter.HashCommandLinter.withSetOptionIn'._boxed took 0.156ms
interpretation of _private.Mathlib.Tactic.Linter.FlexibleLinter.0.Mathlib.Linter.Flexible.flexibleLinter._lam_0._boxed took 0.0575ms
interpretation of _private.Mathlib.Tactic.Linter.Multigoal.0.Mathlib.Linter.Style.multiGoal.multiGoalLinter._lam_0._boxed took 0.0488ms
interpretation of _private.Mathlib.Tactic.Linter.OldObtain.0.Mathlib.Linter.Style.oldObtainLinter._lam_0._boxed took 0.0501ms
interpretation of Mathlib.Linter.UnusedInstancesInType.withSetBoolOptionIn._boxed took 0.111ms
interpretation of Mathlib.Linter.UnusedInstancesInType.withSetBoolOptionIn._boxed took 0.0862ms
overlappingInstancesLinter took 0.122ms
interpretation of Mathlib.Linter.UnusedInstancesInType.withSetBoolOptionIn._boxed took 0.158ms
interpretation of _private.Mathlib.Tactic.Linter.PrivateModule.0.Mathlib.Linter.privateModule._lam_1._boxed took 2.35ms
interpretation of _private.Mathlib.Tactic.Linter.UnusedTactic.0.Mathlib.Linter.UnusedTactic.unusedTacticLinter._lam_0._boxed took 0.831ms
interpretation of _private.Mathlib.Tactic.Linter.Style.0.Mathlib.Linter.Style.setOption.setOptionLinter._lam_0._boxed took 0.0462ms
interpretation of _private.Mathlib.Tactic.Linter.Style.0.Mathlib.Linter.Style.missingEnd.missingEndLinter._lam_0._boxed took 0.0939ms
interpretation of _private.Mathlib.Tactic.Linter.Style.0.Mathlib.Linter.Style.cdotLinter._lam_0._boxed took 0.0247ms
interpretation of _private.Mathlib.Tactic.Linter.Style.0.Mathlib.Linter.Style.dollarSyntax.dollarSyntaxLinter._lam_0._boxed took 0.0208ms
interpretation of _private.Mathlib.Tactic.Linter.Style.0.Mathlib.Linter.Style.lambdaSyntax.lambdaSyntaxLinter._lam_0._boxed took 0.0202ms
interpretation of _private.Mathlib.Tactic.Linter.Style.0.Mathlib.Linter.Style.longFile.longFileLinter._lam_0._boxed took 0.0272ms
interpretation of _private.Mathlib.Tactic.Linter.Style.0.Mathlib.Linter.Style.longLine.longLineLinter._lam_0._boxed took 0.0274ms
interpretation of _private.Mathlib.Tactic.Linter.Style.0.Mathlib.Linter.Style.nameCheck.doubleUnderscore._lam_2._boxed took 0.189ms
interpretation of _private.Mathlib.Tactic.Linter.Style.0.Mathlib.Linter.Style.openClassical.openClassicalLinter._lam_0._boxed took 0.0217ms
interpretation of _private.Mathlib.Tactic.Linter.Whitespace.0.Mathlib.Linter.Style.Whitespace.whitespaceLinter._lam_4._boxed took 0.0308ms
tacticAnalysis took 0.379ms
interpretation of Mathlib.TacticAnalysis.tacticAnalysis._lam_1._boxed took 0.0638ms
interpretation of _private.Mathlib.Tactic.Linter.Lint.0.Mathlib.Linter.DupNamespaceLinter.dupNamespace._lam_1._boxed took 0.153ms
linting took 1.24ms
module linting took 0.0053ms
elaboration took 0.138ms
interpretation of _private.Batteries.Tactic.Lint.Basic.0.Batteries.Tactic.Lint.initFn._lam_2._@.Batteries.Tactic.Lint.Basic.880347739._hygCtx._hyg.2 took 0.0367ms
interpretation of _private.Mathlib.Tactic.Linter.UnusedTacticExtension.0.Mathlib.Linter.UnusedTactic.initFn._lam_0._@.Mathlib.Tactic.Linter.UnusedTacticExtension.2679548081._hygCtx._hyg.2 took 0.0081ms
interpretation of _private.Mathlib.Tactic.TacticAnalysis.0.Mathlib.TacticAnalysis.initFn._lam_2._@.Mathlib.Tactic.TacticAnalysis.358552301._hygCtx._hyg.2._boxed took 0.769ms
interpretation of _private.Batteries.Util.LibraryNote.0.Batteries.Util.LibraryNote.initFn._lam_0._@.Batteries.Util.LibraryNote.1081991270._hygCtx._hyg.2 took 0.0053ms
interpretation of _private.Batteries.Util.ProofWanted.0.initFn._lam_2._@.Batteries.Util.ProofWanted.2313051376._hygCtx._hyg.2 took 0.0038ms
interpretation of _private.Batteries.Util.ProofWanted.0.initFn._lam_2._@.Batteries.Util.ProofWanted.3080469459._hygCtx._hyg.2 took 0.0034ms
interpretation of _private.Batteries.CodeAction.Attr.0.Batteries.CodeAction.initFn._lam_1._@.Batteries.CodeAction.Attr.3685358032._hygCtx._hyg.2._boxed took 0.598ms
interpretation of _private.Batteries.CodeAction.Attr.0.Batteries.CodeAction.initFn._lam_1._@.Batteries.CodeAction.Attr.2519722026._hygCtx._hyg.2._boxed took 0.898ms
.olean serialization took 208ms
cumulative profiling times:
	.olean serialization 208ms
	attribute application 15.3ms
	compilation (IR) 40.4ms
	compilation (LCNF base) 533ms
	compilation (LCNF impure) 66.5ms
	compilation (LCNF mono) 178ms
	congr simp thm 0.21ms
	do element elaborator 1.1s
	elaboration 157ms
	fix level params 0.552ms
	import 3.61s
	initialization 89ms
	instantiate metavars 0.802ms
	interpretation 3.16s
	let-to-have transformation 11.6ms
	linting 38.1ms
	module linting 0.0047ms
	overlappingInstancesLinter 42.3ms
	parsing 20.8ms
	process pre-definitions 258ms
	share common exprs 4.67ms
	simp 1.26ms
	tacticAnalysis 114ms
	type checking 28.5ms
	typeclass inference 633ms
