interpretation of Mathlib.Linter.linter.directoryDependency took 8.16ms
interpretation of _private.Mathlib.Tactic.Linter.Header.0.Mathlib.Linter.inLibraryRootMutex took 1.46ms
interpretation of Mathlib.Linter.linter.style.header took 7.77ms
interpretation of Mathlib.Linter.linter.style.header.license took 5.31ms
interpretation of _private.Mathlib.Tactic.Linter.Header.0.Mathlib.Linter.Style.header.initFn._@.Mathlib.Tactic.Linter.Header.1276962649._hygCtx._hyg.2 took 0.509ms
interpretation of _private.Mathlib.Tactic.Linter.Header.0.Mathlib.Linter.Style.header.initFn._@.Mathlib.Tactic.Linter.Header.1276962649._hygCtx._hyg.2._boxed took 24.1ms
interpretation of _private.Mathlib.Tactic.AdaptationNote.0.initFn._@.Mathlib.Tactic.AdaptationNote.1330411147._hygCtx._hyg.2 took 0.869ms
interpretation of _private.Mathlib.Tactic.AdaptationNote.0.initFn._@.Mathlib.Tactic.AdaptationNote.1330411147._hygCtx._hyg.2._boxed took 15.9ms
interpretation of Mathlib.Linter.AuxLemma.linter.auxLemma took 7.3ms
interpretation of _private.Mathlib.Tactic.Linter.AuxLemma.0.Mathlib.Linter.AuxLemma.initFn._@.Mathlib.Tactic.Linter.AuxLemma.2530988339._hygCtx._hyg.2 took 0.552ms
interpretation of _private.Mathlib.Tactic.Linter.AuxLemma.0.Mathlib.Linter.AuxLemma.initFn._@.Mathlib.Tactic.Linter.AuxLemma.2530988339._hygCtx._hyg.2._boxed took 20.3ms
interpretation of Mathlib.Linter.Style.linter.style.refine took 6.67ms
interpretation of Mathlib.Linter.Style.linter.style.cases took 3.76ms
interpretation of Mathlib.Linter.Style.linter.style.induction took 3.66ms
interpretation of Mathlib.Linter.Style.linter.style.admit took 3.9ms
interpretation of Mathlib.Linter.Style.linter.style.nativeDecide took 3.67ms
interpretation of Mathlib.Linter.Style.linter.style.maxHeartbeats took 3.52ms
interpretation of _private.Mathlib.Tactic.Linter.DeprecatedSyntaxLinter.0.Mathlib.Linter.Style.initFn._@.Mathlib.Tactic.Linter.DeprecatedSyntaxLinter.2374602524._hygCtx._hyg.2 took 0.618ms
interpretation of _private.Mathlib.Tactic.Linter.DeprecatedSyntaxLinter.0.Mathlib.Linter.Style.initFn._@.Mathlib.Tactic.Linter.DeprecatedSyntaxLinter.2374602524._hygCtx._hyg.2._boxed took 13.8ms
interpretation of Mathlib.Linter.linter.docPrime took 5.78ms
interpretation of _private.Mathlib.Tactic.Linter.DocPrime.0.Mathlib.Linter.DocPrime.initFn._@.Mathlib.Tactic.Linter.DocPrime.856601495._hygCtx._hyg.2 took 0.565ms
interpretation of _private.Mathlib.Tactic.Linter.DocPrime.0.Mathlib.Linter.DocPrime.initFn._@.Mathlib.Tactic.Linter.DocPrime.856601495._hygCtx._hyg.2._boxed took 16.8ms
interpretation of Mathlib.Linter.linter.style.docString took 7.46ms
interpretation of Mathlib.Linter.linter.style.docString.empty took 4.37ms
interpretation of Mathlib.Linter.linter.style.docStringVerso took 3.61ms
interpretation of _private.Mathlib.Tactic.Linter.DocString.0.Mathlib.Linter.Style.initFn._@.Mathlib.Tactic.Linter.DocString.3364454516._hygCtx._hyg.2 took 0.459ms
interpretation of _private.Mathlib.Tactic.Linter.DocString.0.Mathlib.Linter.Style.initFn._@.Mathlib.Tactic.Linter.DocString.3364454516._hygCtx._hyg.2._boxed took 14.1ms
interpretation of _private.Mathlib.Tactic.Linter.DocString.0.Mathlib.Linter.Style.initFn._@.Mathlib.Tactic.Linter.DocString.3183647073._hygCtx._hyg.2 took 0.915ms
interpretation of _private.Mathlib.Tactic.Linter.DocString.0.Mathlib.Linter.Style.initFn._@.Mathlib.Tactic.Linter.DocString.3183647073._hygCtx._hyg.2._boxed took 8.63ms
interpretation of Mathlib.Linter.linter.style.emptyLine took 7.94ms
interpretation of _private.Mathlib.Tactic.Linter.EmptyLine.0.Mathlib.Linter.EmptyLine.initFn._@.Mathlib.Tactic.Linter.EmptyLine.1134681162._hygCtx._hyg.2 took 0.671ms
interpretation of _private.Mathlib.Tactic.Linter.EmptyLine.0.Mathlib.Linter.EmptyLine.initFn._@.Mathlib.Tactic.Linter.EmptyLine.1134681162._hygCtx._hyg.2._boxed took 6.36ms
interpretation of Mathlib.Linter.linter.globalAttributeIn took 5.95ms
interpretation of _private.Mathlib.Tactic.Linter.GlobalAttributeIn.0.Mathlib.Linter.globalAttributeInLinter.initFn._@.Mathlib.Tactic.Linter.GlobalAttributeIn.3315358037._hygCtx._hyg.2 took 0.547ms
interpretation of _private.Mathlib.Tactic.Linter.GlobalAttributeIn.0.Mathlib.Linter.globalAttributeInLinter.initFn._@.Mathlib.Tactic.Linter.GlobalAttributeIn.3315358037._hygCtx._hyg.2._boxed took 11.2ms
interpretation of Mathlib.Linter.linter.hashCommand took 7.53ms
interpretation of _private.Mathlib.Tactic.Linter.HashCommandLinter.0.Mathlib.Linter.HashCommandLinter.initFn._@.Mathlib.Tactic.Linter.HashCommandLinter.682754668._hygCtx._hyg.2 took 0.592ms
interpretation of _private.Mathlib.Tactic.Linter.HashCommandLinter.0.Mathlib.Linter.HashCommandLinter.initFn._@.Mathlib.Tactic.Linter.HashCommandLinter.682754668._hygCtx._hyg.2._boxed took 15.4ms
interpretation of Mathlib.Linter.HaveILetI.linter.style.haveILetI took 7.16ms
interpretation of Mathlib.Linter.linter.flexible took 6.83ms
interpretation of _private.Mathlib.Tactic.Linter.FlexibleLinter.0.Mathlib.Linter.Flexible.initFn._@.Mathlib.Tactic.Linter.FlexibleLinter.242819373._hygCtx._hyg.2 took 0.542ms
interpretation of _private.Mathlib.Tactic.Linter.FlexibleLinter.0.Mathlib.Linter.Flexible.initFn._@.Mathlib.Tactic.Linter.FlexibleLinter.242819373._hygCtx._hyg.2._boxed took 14ms
interpretation of Mathlib.Linter.linter.style.multiGoal took 6.87ms
interpretation of _private.Mathlib.Tactic.Linter.Multigoal.0.Mathlib.Linter.Style.multiGoal.initFn._@.Mathlib.Tactic.Linter.Multigoal.276707340._hygCtx._hyg.2 took 0.53ms
interpretation of _private.Mathlib.Tactic.Linter.Multigoal.0.Mathlib.Linter.Style.multiGoal.initFn._@.Mathlib.Tactic.Linter.Multigoal.276707340._hygCtx._hyg.2._boxed took 14.9ms
interpretation of Mathlib.Linter.Style.linter.oldObtain took 6.88ms
interpretation of _private.Mathlib.Tactic.Linter.OldObtain.0.Mathlib.Linter.Style.initFn._@.Mathlib.Tactic.Linter.OldObtain.3115300298._hygCtx._hyg.2 took 0.489ms
interpretation of _private.Mathlib.Tactic.Linter.OldObtain.0.Mathlib.Linter.Style.initFn._@.Mathlib.Tactic.Linter.OldObtain.3115300298._hygCtx._hyg.2._boxed took 16.1ms
interpretation of Batteries.Tactic.Lint.batteriesLinterExt took 11.6ms
interpretation of _private.Batteries.Tactic.Lint.Basic.0.Batteries.Tactic.Lint.initFn._@.Batteries.Tactic.Lint.Basic.3164034710._hygCtx._hyg.2 took 0.578ms
interpretation of _private.Batteries.Tactic.Lint.Basic.0.Batteries.Tactic.Lint.initFn._@.Batteries.Tactic.Lint.Basic.3164034710._hygCtx._hyg.2._boxed took 19.8ms
interpretation of Batteries.Tactic.Lint.nolintAttr took 8.22ms
interpretation of Mathlib.Linter.UnusedInstancesInType.linter.unusedDecidableInType took 6.61ms
interpretation of _private.Mathlib.Tactic.Linter.UnusedInstancesInType.0.Mathlib.Linter.UnusedInstancesInType.initFn._@.Mathlib.Tactic.Linter.UnusedInstancesInType.1258466126._hygCtx._hyg.2 took 0.628ms
interpretation of _private.Mathlib.Tactic.Linter.UnusedInstancesInType.0.Mathlib.Linter.UnusedInstancesInType.initFn._@.Mathlib.Tactic.Linter.UnusedInstancesInType.1258466126._hygCtx._hyg.2._boxed took 12.7ms
interpretation of Mathlib.Linter.UnusedInstancesInType.linter.unusedFintypeInType took 4.97ms
interpretation of _private.Mathlib.Tactic.Linter.UnusedInstancesInType.0.Mathlib.Linter.UnusedInstancesInType.initFn._@.Mathlib.Tactic.Linter.UnusedInstancesInType.2867144287._hygCtx._hyg.2 took 0.947ms
interpretation of _private.Mathlib.Tactic.Linter.UnusedInstancesInType.0.Mathlib.Linter.UnusedInstancesInType.initFn._@.Mathlib.Tactic.Linter.UnusedInstancesInType.2867144287._hygCtx._hyg.2._boxed took 4.78ms
interpretation of _private.Mathlib.Tactic.Linter.OverlappingInstances.0.Mathlib.Linter.OverlappingInstances.classProjectionsCache took 1.44ms
interpretation of _private.Mathlib.Tactic.Linter.OverlappingInstances.0.Mathlib.Linter.OverlappingInstances.linter.overlappingInstances took 13ms
interpretation of _private.Mathlib.Tactic.Linter.OverlappingInstances.0.Mathlib.Linter.OverlappingInstances.initFn._@.Mathlib.Tactic.Linter.OverlappingInstances.2887050497._hygCtx._hyg.2 took 0.831ms
interpretation of _private.Mathlib.Tactic.Linter.OverlappingInstances.0.Mathlib.Linter.OverlappingInstances.initFn._@.Mathlib.Tactic.Linter.OverlappingInstances.2887050497._hygCtx._hyg.2._boxed took 9.45ms
interpretation of _private.Mathlib.Tactic.Linter.OverlappingInstances.0.Mathlib.Linter.OverlappingInstances.initFn._@.Mathlib.Tactic.Linter.OverlappingInstances.4094535516._hygCtx._hyg.2 took 0.521ms
interpretation of _private.Mathlib.Tactic.Linter.OverlappingInstances.0.Mathlib.Linter.OverlappingInstances.initFn._@.Mathlib.Tactic.Linter.OverlappingInstances.4094535516._hygCtx._hyg.2._boxed took 3.21ms
interpretation of Mathlib.Linter.linter.privateModule took 9.17ms
interpretation of _private.Mathlib.Tactic.Linter.PrivateModule.0.Mathlib.Linter.initFn._@.Mathlib.Tactic.Linter.PrivateModule.3751228466._hygCtx._hyg.2 took 0.517ms
interpretation of _private.Mathlib.Tactic.Linter.PrivateModule.0.Mathlib.Linter.initFn._@.Mathlib.Tactic.Linter.PrivateModule.3751228466._hygCtx._hyg.2._boxed took 13.5ms
interpretation of Mathlib.Linter.UnusedTactic.allowedUnusedTacticExt took 11.5ms
interpretation of Mathlib.Linter.UnusedTactic.allowedRef took 39.1ms
interpretation of Mathlib.Linter.linter.unusedTactic took 7.66ms
interpretation of _private.Mathlib.Tactic.Linter.UnusedTactic.0.Mathlib.Linter.UnusedTactic.ignoreTacticKindsRef took 39.5ms
interpretation of _private.Mathlib.Tactic.Linter.UnusedTactic.0.Mathlib.Linter.UnusedTactic.initFn._@.Mathlib.Tactic.Linter.UnusedTactic.300650473._hygCtx._hyg.2 took 0.514ms
interpretation of _private.Mathlib.Tactic.Linter.UnusedTactic.0.Mathlib.Linter.UnusedTactic.initFn._@.Mathlib.Tactic.Linter.UnusedTactic.300650473._hygCtx._hyg.2._boxed took 15.9ms
interpretation of Mathlib.Linter.linter.style.setOption took 9.8ms
interpretation of _private.Mathlib.Tactic.Linter.Style.0.Mathlib.Linter.Style.setOption.initFn._@.Mathlib.Tactic.Linter.Style.3512398344._hygCtx._hyg.2 took 0.591ms
interpretation of _private.Mathlib.Tactic.Linter.Style.0.Mathlib.Linter.Style.setOption.initFn._@.Mathlib.Tactic.Linter.Style.3512398344._hygCtx._hyg.2._boxed took 18.9ms
interpretation of Mathlib.Linter.linter.style.missingEnd took 4.01ms
interpretation of _private.Mathlib.Tactic.Linter.Style.0.Mathlib.Linter.Style.missingEnd.initFn._@.Mathlib.Tactic.Linter.Style.3360231377._hygCtx._hyg.2 took 0.557ms
interpretation of _private.Mathlib.Tactic.Linter.Style.0.Mathlib.Linter.Style.missingEnd.initFn._@.Mathlib.Tactic.Linter.Style.3360231377._hygCtx._hyg.2._boxed took 8.63ms
interpretation of Mathlib.Linter.linter.style.cdot took 4.93ms
interpretation of _private.Mathlib.Tactic.Linter.Style.0.Mathlib.Linter.Style.initFn._@.Mathlib.Tactic.Linter.Style.1823831825._hygCtx._hyg.2 took 1.08ms
interpretation of _private.Mathlib.Tactic.Linter.Style.0.Mathlib.Linter.Style.initFn._@.Mathlib.Tactic.Linter.Style.1823831825._hygCtx._hyg.2._boxed took 5.36ms
interpretation of Mathlib.Linter.linter.style.dollarSyntax took 4.51ms
interpretation of _private.Mathlib.Tactic.Linter.Style.0.Mathlib.Linter.Style.dollarSyntax.initFn._@.Mathlib.Tactic.Linter.Style.1303717341._hygCtx._hyg.2 took 0.54ms
interpretation of _private.Mathlib.Tactic.Linter.Style.0.Mathlib.Linter.Style.dollarSyntax.initFn._@.Mathlib.Tactic.Linter.Style.1303717341._hygCtx._hyg.2._boxed took 6.87ms
interpretation of Mathlib.Linter.linter.style.lambdaSyntax took 3.63ms
interpretation of _private.Mathlib.Tactic.Linter.Style.0.Mathlib.Linter.Style.lambdaSyntax.initFn._@.Mathlib.Tactic.Linter.Style.1166937461._hygCtx._hyg.2 took 0.478ms
interpretation of _private.Mathlib.Tactic.Linter.Style.0.Mathlib.Linter.Style.lambdaSyntax.initFn._@.Mathlib.Tactic.Linter.Style.1166937461._hygCtx._hyg.2._boxed took 6.72ms
interpretation of Mathlib.Linter.linter.style.longFile took 5.01ms
interpretation of Mathlib.Linter.linter.style.longFileDefValue took 3.39ms
interpretation of _private.Mathlib.Tactic.Linter.Style.0.Mathlib.Linter.Style.longFile.initFn._@.Mathlib.Tactic.Linter.Style.3199531762._hygCtx._hyg.2 took 0.459ms
interpretation of _private.Mathlib.Tactic.Linter.Style.0.Mathlib.Linter.Style.longFile.initFn._@.Mathlib.Tactic.Linter.Style.3199531762._hygCtx._hyg.2._boxed took 5.7ms
interpretation of Mathlib.Linter.linter.style.longLine took 3.27ms
interpretation of Mathlib.Linter.linter.style.longLine.maxLineLength took 3ms
interpretation of _private.Mathlib.Tactic.Linter.Style.0.Mathlib.Linter.Style.longLine.initFn._@.Mathlib.Tactic.Linter.Style.724867545._hygCtx._hyg.2 took 0.386ms
interpretation of _private.Mathlib.Tactic.Linter.Style.0.Mathlib.Linter.Style.longLine.initFn._@.Mathlib.Tactic.Linter.Style.724867545._hygCtx._hyg.2._boxed took 4.44ms
interpretation of Mathlib.Linter.linter.style.nameCheck took 3.37ms
interpretation of _private.Mathlib.Tactic.Linter.Style.0.Mathlib.Linter.Style.nameCheck.initFn._@.Mathlib.Tactic.Linter.Style.1285535146._hygCtx._hyg.2 took 0.47ms
interpretation of _private.Mathlib.Tactic.Linter.Style.0.Mathlib.Linter.Style.nameCheck.initFn._@.Mathlib.Tactic.Linter.Style.1285535146._hygCtx._hyg.2._boxed took 7.45ms
interpretation of Mathlib.Linter.linter.style.openClassical took 3.07ms
interpretation of _private.Mathlib.Tactic.Linter.Style.0.Mathlib.Linter.Style.openClassical.initFn._@.Mathlib.Tactic.Linter.Style.273924139._hygCtx._hyg.2 took 0.415ms
interpretation of _private.Mathlib.Tactic.Linter.Style.0.Mathlib.Linter.Style.openClassical.initFn._@.Mathlib.Tactic.Linter.Style.273924139._hygCtx._hyg.2._boxed took 4.09ms
interpretation of Mathlib.Linter.linter.style.show took 2.77ms
interpretation of Mathlib.Linter.linter.style.whitespace took 4.93ms
interpretation of Mathlib.Linter.linter.style.whitespace.verbose took 3.09ms
interpretation of _private.Mathlib.Tactic.Linter.Whitespace.0.Mathlib.Linter.Style.Whitespace.initFn._@.Mathlib.Tactic.Linter.Whitespace.391367517._hygCtx._hyg.2 took 0.413ms
interpretation of _private.Mathlib.Tactic.Linter.Whitespace.0.Mathlib.Linter.Style.Whitespace.initFn._@.Mathlib.Tactic.Linter.Whitespace.391367517._hygCtx._hyg.2._boxed took 17.9ms
interpretation of linter.tacticAnalysis took 2.85ms
interpretation of Mathlib.TacticAnalysis.tacticAnalysisExt took 8.02ms
interpretation of _private.Mathlib.Tactic.TacticAnalysis.0.Mathlib.TacticAnalysis.initFn._@.Mathlib.Tactic.TacticAnalysis.2535838111._hygCtx._hyg.2 took 0.343ms
interpretation of _private.Mathlib.Tactic.TacticAnalysis.0.Mathlib.TacticAnalysis.initFn._@.Mathlib.Tactic.TacticAnalysis.2535838111._hygCtx._hyg.2._boxed took 11.2ms
interpretation of _private.Mathlib.Tactic.TacticAnalysis.0.Mathlib.TacticAnalysis.initFn._@.Mathlib.Tactic.TacticAnalysis.1736486024._hygCtx._hyg.2 took 0.36ms
interpretation of _private.Mathlib.Tactic.TacticAnalysis.0.Mathlib.TacticAnalysis.initFn._@.Mathlib.Tactic.TacticAnalysis.1736486024._hygCtx._hyg.2._boxed took 3.65ms
interpretation of linter.tacticAnalysis.dummy took 2.32ms
interpretation of linter.tacticAnalysis.regressions.linarithToGrind took 4.2ms
interpretation of linter.tacticAnalysis.regressions.ringToGrind took 1.71ms
interpretation of linter.tacticAnalysis.regressions.omegaToLia took 1.63ms
interpretation of linter.tacticAnalysis.omegaToLia took 1.26ms
interpretation of linter.tacticAnalysis.rwMerge took 1.73ms
interpretation of linter.tacticAnalysis.mergeWithGrind took 2.41ms
interpretation of linter.tacticAnalysis.terminalToGrind took 2.27ms
interpretation of linter.tacticAnalysis.tryAtEachStep.fraction took 2.95ms
interpretation of linter.tacticAnalysis.tryAtEachStep.showTiming took 2.24ms
interpretation of linter.tacticAnalysis.tryAtEachStep.selfReplacements took 1.69ms
interpretation of linter.tacticAnalysis.tryAtEachStepGrind took 1.68ms
interpretation of linter.tacticAnalysis.tryAtEachStepSimpAll took 1.69ms
interpretation of linter.tacticAnalysis.tryAtEachStepAesop took 1.69ms
interpretation of linter.tacticAnalysis.tryAtEachStepGrindSuggestions took 1.77ms
interpretation of linter.tacticAnalysis.tryAtEachStepSimpAllSuggestions took 1.92ms
interpretation of linter.tacticAnalysis.tryAtEachStepFromEnv took 1.92ms
interpretation of linter.tacticAnalysis.introMerge took 1.99ms
interpretation of linter.tacticAnalysis.verifyGrind took 1.92ms
interpretation of linter.tacticAnalysis.verifyGrindSuggestions took 1.91ms
interpretation of linter.tacticAnalysis.verifyGrindOnly took 1.92ms
interpretation of Batteries.Util.LibraryNote.libraryNoteExt took 7.4ms
interpretation of _private.Batteries.Util.ProofWanted.0.wantedInstancesExt took 14.9ms
interpretation of _private.Batteries.Util.ProofWanted.0.wantedArityExt took 7.39ms
interpretation of Batteries.Tactic.Lint.linter.simpNF.respectTransparency took 5.97ms
interpretation of _private.Batteries.Tactic.Lint.Frontend.0.Batteries.Tactic.Lint.initFn._@.Batteries.Tactic.Lint.Frontend.971841226._hygCtx._hyg.2 took 0.395ms
interpretation of _private.Batteries.Tactic.Lint.Frontend.0.Batteries.Tactic.Lint.initFn._@.Batteries.Tactic.Lint.Frontend.971841226._hygCtx._hyg.2._boxed took 14.6ms
interpretation of Mathlib.Linter.linter.dupNamespace took 4.99ms
interpretation of _private.Mathlib.Tactic.Linter.Lint.0.Mathlib.Linter.DupNamespaceLinter.initFn._@.Mathlib.Tactic.Linter.Lint.3996576634._hygCtx._hyg.2 took 0.521ms
interpretation of _private.Mathlib.Tactic.Linter.Lint.0.Mathlib.Linter.DupNamespaceLinter.initFn._@.Mathlib.Tactic.Linter.Lint.3996576634._hygCtx._hyg.2._boxed took 14.3ms
interpretation of linter.mathlibStandardSet took 3.98ms
interpretation of linter.nightlyRegressionSet took 2.12ms
interpretation of linter.weeklyLintSet took 2.06ms
interpretation of _private.Mathlib.Tactic.TacticAnalysis.0.Mathlib.TacticAnalysis.initFn._lam_5._@.Mathlib.Tactic.TacticAnalysis.358552301._hygCtx._hyg.2._boxed took 0.409ms
interpretation of coeNotation took 0.613ms
interpretation of coeFunNotation took 0.702ms
interpretation of coeSortNotation took 0.573ms
interpretation of Lean.Parser.Syntax.addPrec took 0.514ms
interpretation of Lean.Parser.Syntax.subPrec took 0.363ms
interpretation of Lean.Parser.Syntax.addPrio took 0.451ms
interpretation of Lean.Parser.Syntax.subPrio took 0.539ms
interpretation of precMax took 0.457ms
interpretation of precArg took 0.448ms
interpretation of precLead took 0.451ms
interpretation of prec(_) took 0.305ms
interpretation of precMin took 0.293ms
interpretation of precMin1 took 0.324ms
interpretation of termMax_prec took 0.304ms
interpretation of prioDefault took 0.297ms
interpretation of prioLow took 0.301ms
interpretation of prioMid took 0.293ms
interpretation of prioHigh took 0.28ms
interpretation of prio(_) took 0.297ms
interpretation of stx_+ took 0.304ms
interpretation of stx_* took 0.298ms
interpretation of stx_? took 0.282ms
interpretation of stx_<|>_ took 0.296ms
interpretation of stx_,* took 0.294ms
interpretation of stx_,+ took 0.302ms
interpretation of stx_,*,? took 0.3ms
interpretation of stx_,+,? took 0.31ms
interpretation of stx!_ took 0.291ms
interpretation of rawNatLit took 0.296ms
interpretation of term_∘_ took 0.295ms
interpretation of term_×_ took 0.289ms
interpretation of term_×'_ took 0.308ms
interpretation of term_∣_ took 0.433ms
interpretation of term_|||_ took 0.345ms
interpretation of term_^^^_ took 0.312ms
interpretation of term_&&&_ took 0.3ms
interpretation of term_+_ took 0.322ms
interpretation of term_-_ took 0.288ms
interpretation of term_*_ took 0.288ms
interpretation of term_/_ took 0.302ms
interpretation of term_%_ took 0.289ms
interpretation of term_<<<_ took 0.315ms
interpretation of term_>>>_ took 0.403ms
interpretation of term_^_ took 0.298ms
interpretation of term_++_ took 0.285ms
interpretation of term-_ took 0.287ms
interpretation of term~~~_ took 0.358ms
interpretation of term_⁻¹ took 0.426ms
interpretation of term_•_ took 0.463ms
interpretation of term_>=_ took 0.439ms
interpretation of term_<=_ took 0.475ms
interpretation of term_≤_ took 0.447ms
interpretation of term_<_ took 0.438ms
interpretation of term_≥_ took 0.478ms
interpretation of term_>_ took 0.447ms
interpretation of term_=_ took 0.455ms
interpretation of term_==_ took 0.484ms
interpretation of term_≍_ took 0.444ms
interpretation of term_∧_ took 0.443ms
interpretation of term_∨_ took 0.442ms
interpretation of term¬_ took 0.428ms
interpretation of term_&&_ took 0.448ms
interpretation of term_||_ took 0.459ms
interpretation of term!_ took 0.405ms
interpretation of term_∈_ took 0.447ms
interpretation of term_∉_ took 0.42ms
interpretation of term_::_ took 0.436ms
interpretation of term_<$>_ took 0.46ms
interpretation of term_>>=_ took 0.477ms
interpretation of term_<|>_ took 0.452ms
interpretation of term_>>_ took 0.405ms
interpretation of term_<*>_ took 0.396ms
interpretation of term_<*_ took 0.296ms
interpretation of term_*>_ took 0.266ms
interpretation of termDepIfThenElse took 0.268ms
interpretation of termIfThenElse took 0.271ms
interpretation of termIfLet took 0.258ms
interpretation of boolIfThenElse took 0.264ms
interpretation of term_<|_ took 0.458ms
interpretation of term_|>_ took 0.386ms
interpretation of term_$__ took 0.467ms
interpretation of term{_:_//_} took 0.483ms
interpretation of termWithout_expected_type_ took 0.588ms
interpretation of Lean.byElab took 0.651ms
interpretation of Lean.rawStx.quot took 0.645ms
interpretation of Lean.withAnnotateTerm took 0.65ms
interpretation of Lean.modCast took 0.635ms
interpretation of Lean.deprecated took 0.62ms
interpretation of Lean.deprecated_arg took 0.575ms
interpretation of Lean.suggest_for took 0.694ms
interpretation of Lean.univ_out_params took 0.646ms
interpretation of Lean.Attr.coe took 0.605ms
interpretation of Lean.command_code_action took 0.585ms
interpretation of Lean.builtin_command_code_action took 0.632ms
interpretation of Lean.includeStr took 0.55ms
interpretation of Lean.runCmd took 0.522ms
interpretation of Lean.runElab took 0.494ms
interpretation of Lean.runMeta took 0.511ms
interpretation of Lean.reduceCmd took 0.492ms
interpretation of Lean.guardMsgsCmd took 0.331ms
interpretation of Lean.guardPanicCmd took 0.3ms
interpretation of Lean.infoTreesCmd took 0.289ms
interpretation of Lean.setLibrarySuggestionsCmd took 0.321ms
interpretation of Lean.Parser.checkTactic took 0.331ms
interpretation of Lean.Parser.checkTacticFailure took 0.306ms
interpretation of Lean.Parser.checkSimp took 0.319ms
interpretation of Lean.Parser.checkSimpFailure took 0.316ms
interpretation of Lean.Parser.timeCmd took 0.294ms
interpretation of Lean.Parser.discrTreeKeyCmd took 0.307ms
interpretation of Lean.Parser.discrTreeSimpKeyCmd took 0.313ms
interpretation of Lean.Parser.commandSeal__ took 0.308ms
interpretation of Lean.Parser.commandUnseal__ took 0.32ms
interpretation of Lean.Parser.Tactic.as_aux_lemma took 0.344ms
interpretation of Lean.Parser.Tactic.withAnnotateState took 0.366ms
interpretation of Lean.Parser.Tactic.intro took 0.312ms
interpretation of Lean.Parser.Tactic.intros took 0.315ms
interpretation of Lean.Parser.Tactic.rename took 0.321ms
interpretation of Lean.Parser.Tactic.revert took 0.322ms
interpretation of Lean.Parser.Tactic.clear took 0.305ms
interpretation of Lean.Parser.Tactic.clearValue took 0.317ms
interpretation of Lean.Parser.Tactic.subst took 0.303ms
interpretation of Lean.Parser.Tactic.substVars took 0.302ms
interpretation of Lean.Parser.Tactic.assumption took 0.346ms
interpretation of Lean.Parser.Tactic.contradiction took 0.322ms
interpretation of Lean.Parser.Tactic.falseOrByContra took 0.314ms
interpretation of Lean.Parser.Tactic.apply took 0.308ms
interpretation of Lean.Parser.Tactic.exact took 0.302ms
interpretation of Lean.Parser.Tactic.refine took 0.295ms
interpretation of Lean.Parser.Tactic.refine' took 0.311ms
interpretation of Lean.Parser.Tactic.tacticExfalso took 0.305ms
interpretation of Lean.Parser.Tactic.constructor took 0.303ms
interpretation of Lean.Parser.Tactic.left took 0.293ms
interpretation of Lean.Parser.Tactic.right took 0.297ms
interpretation of Lean.Parser.Tactic.case took 0.304ms
interpretation of Lean.Parser.Tactic.case' took 0.313ms
interpretation of Lean.Parser.Tactic.tacticNext_=>_ took 0.326ms
interpretation of Lean.Parser.Tactic.allGoals took 0.301ms
interpretation of Lean.Parser.Tactic.anyGoals took 0.296ms
interpretation of Lean.Parser.Tactic.focus took 0.295ms
interpretation of Lean.Parser.Tactic.skip took 0.378ms
interpretation of Lean.Parser.Tactic.done took 0.281ms
interpretation of Lean.Parser.Tactic.traceState took 0.291ms
interpretation of Lean.Parser.Tactic.traceMessage took 0.321ms
interpretation of Lean.Parser.Tactic.failIfSuccess took 0.307ms
interpretation of Lean.Parser.Tactic.paren took 0.294ms
interpretation of Lean.Parser.Tactic.withReducible took 0.305ms
interpretation of Lean.Parser.Tactic.withReducibleAndInstances took 0.323ms
interpretation of Lean.Parser.Tactic.withImplicit took 0.323ms
interpretation of Lean.Parser.Tactic.withUnfoldingAll took 0.324ms
interpretation of Lean.Parser.Tactic.withUnfoldingNone took 0.361ms
interpretation of Lean.Parser.Tactic.first took 0.312ms
interpretation of Lean.Parser.Tactic.rotateLeft took 0.306ms
interpretation of Lean.Parser.Tactic.rotateRight took 0.352ms
interpretation of Lean.Parser.Tactic.tacticTry_ took 0.331ms
interpretation of Lean.Parser.Tactic.tactic_<;>_ took 0.311ms
interpretation of Lean.Parser.Tactic.fail took 0.297ms
interpretation of Lean.Parser.Tactic.eqRefl took 0.298ms
interpretation of Lean.Parser.Tactic.tacticRfl took 0.293ms
interpretation of Lean.Parser.Tactic.applyRfl took 0.289ms
interpretation of Lean.Parser.Tactic.tacticRfl' took 0.299ms
interpretation of Lean.Parser.Tactic.acRfl took 0.401ms
interpretation of Lean.Parser.Tactic.tacticSorry took 0.306ms
interpretation of Lean.Parser.Tactic.tacticAdmit took 0.298ms
interpretation of Lean.Parser.Tactic.tacticInfer_instance took 0.32ms
interpretation of Lean.Parser.Tactic.change took 0.303ms
interpretation of Lean.Parser.Tactic.show took 0.317ms
interpretation of Lean.Parser.Tactic.extractLets took 0.341ms
interpretation of Lean.Parser.Tactic.liftLets took 0.38ms
interpretation of Lean.Parser.Tactic.letToHave took 0.32ms
interpretation of Lean.Parser.Tactic.rewriteSeq took 0.308ms
interpretation of Lean.Parser.Tactic.rwSeq took 0.29ms
interpretation of Lean.Parser.Tactic.tacticRwa__ took 0.308ms
interpretation of Lean.Parser.Tactic.injection took 0.303ms
interpretation of Lean.Parser.Tactic.injections took 0.319ms
interpretation of Lean.Parser.Tactic.simp took 0.293ms
interpretation of Lean.Parser.Tactic.simpAll took 0.299ms
interpretation of Lean.Parser.Tactic.dsimp took 0.311ms
interpretation of Lean.Parser.Tactic.simpTrace took 0.524ms
interpretation of Lean.Parser.Tactic.tacticSimp?!_ took 0.585ms
interpretation of Lean.Parser.Tactic.simpAllTrace took 0.423ms
interpretation of Lean.Parser.Tactic.tacticSimp_all?!_ took 0.342ms
interpretation of Lean.Parser.Tactic.dsimpTrace took 0.303ms
interpretation of Lean.Parser.Tactic.tacticDsimp?!_ took 0.316ms
interpretation of Lean.Parser.Tactic.simpa took 0.291ms
interpretation of Lean.Parser.Tactic.simpaUsingBang took 0.353ms
interpretation of Lean.Parser.Tactic.tacticSimpa!_ took 0.302ms
interpretation of Lean.Parser.Tactic.tacticSimpa?_ took 0.309ms
interpretation of Lean.Parser.Tactic.tacticSimpa?!_ took 0.316ms
interpretation of Lean.Parser.Tactic.tacticSimpa!__1 took 0.336ms
interpretation of Lean.Parser.Tactic.tacticSimpa?__1 took 0.306ms
interpretation of Lean.Parser.Tactic.tacticSimpa?!__1 took 0.302ms
interpretation of Lean.Parser.Tactic.delta took 0.609ms
interpretation of Lean.Parser.Tactic.unfold took 0.327ms
interpretation of Lean.Parser.Tactic.tacticRefine_lift_ took 0.527ms
interpretation of Lean.Parser.Tactic.tacticHave__ took 0.621ms
interpretation of Lean.Parser.Tactic.tacticSuffices_ took 0.598ms
interpretation of Lean.Parser.Tactic.tacticLet__ took 0.585ms
interpretation of Lean.Parser.Tactic.letrec took 0.361ms
interpretation of Lean.Parser.Tactic.tacticRefine_lift'_ took 0.307ms
interpretation of Lean.Parser.Tactic.tacticHave' took 0.293ms
interpretation of Lean.Parser.Tactic.tacticLet'__ took 0.423ms
interpretation of Lean.Parser.Tactic.induction took 0.261ms
interpretation of Lean.Parser.Tactic.generalize took 0.266ms
interpretation of Lean.Parser.Tactic.cases took 0.254ms
interpretation of Lean.Parser.Tactic.funInduction took 0.268ms
interpretation of Lean.Parser.Tactic.funCases took 0.3ms
interpretation of Lean.Parser.Tactic.renameI took 0.294ms
interpretation of Lean.Parser.Tactic.tacticRepeat_ took 0.273ms
interpretation of Lean.Parser.Tactic.repeat' took 0.276ms
interpretation of Lean.Parser.Tactic.repeat1' took 0.259ms
interpretation of Lean.Parser.Tactic.tacticTrivial took 0.273ms
interpretation of Lean.Parser.Tactic.classical took 0.269ms
interpretation of Lean.Parser.Tactic.impossible took 0.252ms
interpretation of Lean.Parser.Tactic.split took 0.263ms
interpretation of Lean.Parser.Tactic.dbgTrace took 0.251ms
interpretation of Lean.Parser.Tactic.tacticStop_ took 0.258ms
interpretation of Lean.Parser.Tactic.tacticUnhygienic_ took 0.268ms
interpretation of Lean.Parser.Tactic.sleep took 0.244ms
interpretation of Lean.Parser.Tactic.tacticExists_,, took 0.31ms
interpretation of Lean.Parser.Tactic.congr took 0.289ms
interpretation of Lean.Parser.Tactic.tacIfThenElse took 0.26ms
interpretation of Lean.Parser.Tactic.tacDepIfThenElse took 0.26ms
interpretation of Lean.Parser.Tactic.tacticNofun took 0.258ms
interpretation of Lean.Parser.Tactic.tacticNomatch_,, took 0.295ms
interpretation of Lean.Parser.Tactic.replace took 0.264ms
interpretation of Lean.Parser.Tactic.specialize took 0.265ms
interpretation of Lean.Parser.Tactic.tacticAnd_intros took 0.296ms
interpretation of Lean.Parser.Tactic.substEqs took 0.28ms
interpretation of Lean.Parser.Tactic.runTac took 0.273ms
interpretation of Lean.Parser.Tactic.tacticHaveI__ took 0.288ms
interpretation of Lean.Parser.Tactic.tacticLetI__ took 0.285ms
interpretation of Lean.Parser.Tactic.decide took 0.298ms
interpretation of Lean.Parser.Tactic.nativeDecide took 0.289ms
interpretation of Lean.Parser.Tactic.omega took 0.295ms
interpretation of Lean.Parser.Tactic.tacticBv_omega took 0.301ms
interpretation of Lean.Parser.Tactic.acNf0 took 0.292ms
interpretation of Lean.Parser.Tactic.normCast0 took 0.294ms
interpretation of Lean.Parser.Tactic.tacticAssumption_mod_cast_ took 0.337ms
interpretation of Lean.Parser.Tactic.tacticNorm_cast__ took 0.308ms
interpretation of Lean.Parser.Tactic.pushCast took 0.294ms
interpretation of Lean.Parser.Tactic.normCastAddElim took 0.302ms
interpretation of Lean.Parser.Tactic.tacticAc_nf_ took 0.322ms
interpretation of Lean.Parser.Tactic.symm took 0.293ms
interpretation of Lean.Parser.Tactic.symmSaturate took 0.304ms
interpretation of Lean.Parser.Tactic.solveByElim took 0.301ms
interpretation of Lean.Parser.Tactic.applyAssumption took 0.312ms
interpretation of Lean.Parser.Tactic.applyRules took 0.311ms
interpretation of Lean.Parser.Tactic.exact? took 0.303ms
interpretation of Lean.Parser.Tactic.apply? took 0.308ms
interpretation of Lean.Parser.Tactic.rewrites? took 0.308ms
interpretation of Lean.Parser.Tactic.showTerm took 0.309ms
interpretation of Lean.Parser.Tactic.showTermElab took 0.514ms
interpretation of Lean.Parser.Tactic.by? took 0.524ms
interpretation of Lean.Parser.Tactic.exposeNames took 0.535ms
interpretation of Lean.Parser.Tactic.suggestions took 0.584ms
interpretation of Lean.Parser.Tactic.bvCheck took 0.626ms
interpretation of Lean.Parser.Tactic.bvDecide took 0.379ms
interpretation of Lean.Parser.Tactic.bvTrace took 0.409ms
interpretation of Lean.Parser.Tactic.bvNormalize took 0.334ms
interpretation of Lean.Parser.Tactic.massumptionMacro took 0.333ms
interpretation of Lean.Parser.Tactic.mclearMacro took 0.335ms
interpretation of Lean.Parser.Tactic.mconstructorMacro took 0.327ms
interpretation of Lean.Parser.Tactic.mexactMacro took 0.314ms
interpretation of Lean.Parser.Tactic.mexfalsoMacro took 0.335ms
interpretation of Lean.Parser.Tactic.mexistsMacro took 0.35ms
interpretation of Lean.Parser.Tactic.mframeMacro took 0.427ms
interpretation of Lean.Parser.Tactic.mhaveMacro took 0.61ms
interpretation of Lean.Parser.Tactic.mreplaceMacro took 0.627ms
interpretation of Lean.Parser.Tactic.mleftMacro took 0.584ms
interpretation of Lean.Parser.Tactic.mrightMacro took 0.41ms
interpretation of Lean.Parser.Tactic.mpureMacro took 0.538ms
interpretation of Lean.Parser.Tactic.mpureIntroMacro took 0.508ms
interpretation of Lean.Parser.Tactic.mrevertMacro took 0.364ms
interpretation of Lean.Parser.Tactic.mrenameIMacro took 0.546ms
interpretation of Lean.Parser.Tactic.mspecializeMacro took 0.509ms
interpretation of Lean.Parser.Tactic.mspecializePureMacro took 0.542ms
interpretation of Lean.Parser.Tactic.mstartMacro took 0.356ms
interpretation of Lean.Parser.Tactic.mstopMacro took 0.352ms
interpretation of Lean.Parser.Tactic.mleaveMacro took 0.334ms
interpretation of Lean.Parser.Tactic.mcasesMacro took 0.378ms
interpretation of Lean.Parser.Tactic.mrefineMacro took 0.334ms
interpretation of Lean.Parser.Tactic.mintroMacro took 0.329ms
interpretation of Lean.Parser.Tactic.mspecMacro took 0.329ms
interpretation of Lean.Parser.Tactic.mvcgenMacro took 0.324ms
interpretation of Lean.Parser.Tactic.vcgenMacro took 0.329ms
interpretation of Lean.Parser.Tactic.cbv took 0.322ms
interpretation of Lean.Parser.Tactic.decide_cbv took 0.341ms
interpretation of Lean.Parser.Attr.simp took 0.333ms
interpretation of Lean.Parser.Attr.wf_preprocess took 0.354ms
interpretation of Lean.Parser.Attr.method_specs_simp took 0.365ms
interpretation of Lean.Parser.Attr.cbv_eval took 0.325ms
interpretation of Lean.Parser.Attr.norm_cast took 0.358ms
interpretation of term‹_› took 0.347ms
interpretation of tacticGet_elem_tactic_extensible took 0.345ms
interpretation of tacticGet_elem_tactic_trivial took 0.334ms
interpretation of tacticGet_elem_tactic took 0.323ms
interpretation of Lean.Parser.Syntax.exact? took 0.422ms
interpretation of term_<->_ took 0.433ms
interpretation of term_↔_ took 0.353ms
interpretation of term_⊕_ took 0.39ms
interpretation of term_⊕'_ took 0.533ms
interpretation of term_≈_ took 0.513ms
interpretation of term_⊆_ took 0.507ms
interpretation of term_⊂_ took 0.514ms
interpretation of term_⊇_ took 0.506ms
interpretation of term_⊃_ took 0.519ms
interpretation of term_∪_ took 0.52ms
interpretation of term_∩_ took 0.538ms
interpretation of term_\_ took 0.536ms
interpretation of term{} took 0.541ms
interpretation of term∅ took 0.492ms
interpretation of term_!=_ took 0.526ms
interpretation of term_≠_ took 0.513ms
interpretation of term_<&>_ took 0.547ms
interpretation of term_<||>_ took 0.536ms
interpretation of term_<&&>_ took 0.556ms
interpretation of term_>=>_ took 0.513ms
interpretation of term_<=<_ took 0.534ms
interpretation of term_=<<_ took 0.539ms
interpretation of Lean.Parser.resetGrindAttrs took 0.66ms
interpretation of Lean.Parser.Attr.grind took 0.602ms
interpretation of Lean.Parser.Attr.grind! took 0.464ms
interpretation of Lean.Parser.Attr.grind? took 0.598ms
interpretation of Lean.Parser.Attr.grind!? took 0.552ms
interpretation of Lean.Parser.Attr.lia took 0.503ms
interpretation of Lean.Parser.Attr.lia! took 0.36ms
interpretation of Lean.Parser.Attr.lia? took 0.535ms
interpretation of Lean.Parser.Attr.lia!? took 0.701ms
interpretation of Lean.Parser.Tactic.Grind.grind_filter.quot took 0.437ms
interpretation of Lean.Parser.Tactic.Grind.grind_filter_ took 0.351ms
interpretation of Lean.Parser.Tactic.Grind.grind_filterGen<_ took 0.345ms
interpretation of Lean.Parser.Tactic.Grind.grind_filterGen=_ took 0.343ms
interpretation of Lean.Parser.Tactic.Grind.grind_filterGen!=_ took 0.355ms
interpretation of Lean.Parser.Tactic.Grind.grind_filterGen≤_ took 0.393ms
interpretation of Lean.Parser.Tactic.Grind.grind_filterGen<=_ took 0.352ms
interpretation of Lean.Parser.Tactic.Grind.grind_filterGen>_ took 0.341ms
interpretation of Lean.Parser.Tactic.Grind.grind_filterGen≥_ took 0.34ms
interpretation of Lean.Parser.Tactic.Grind.grind_filterGen>=_ took 0.373ms
interpretation of Lean.Parser.Tactic.Grind.grind_filter(_) took 0.388ms
interpretation of Lean.Parser.Tactic.Grind.grind_filter_&&_ took 0.346ms
interpretation of Lean.Parser.Tactic.Grind.grind_filter_||_ took 0.344ms
interpretation of Lean.Parser.Tactic.Grind.grind_filter!_ took 0.335ms
interpretation of Lean.Parser.Tactic.Grind.grind.quot took 0.326ms
interpretation of Lean.Parser.Tactic.Grind.paren took 0.321ms
interpretation of Lean.Parser.Tactic.Grind.skip took 0.315ms
interpretation of Lean.Parser.Tactic.Grind.lia took 0.347ms
interpretation of Lean.Parser.Tactic.Grind.ring took 0.381ms
interpretation of Lean.Parser.Tactic.Grind.ac took 0.311ms
interpretation of Lean.Parser.Tactic.Grind.linarith took 0.374ms
interpretation of Lean.Parser.Tactic.Grind.sorry took 0.314ms
interpretation of Lean.Parser.Tactic.Grind.instantiate took 0.328ms
interpretation of Lean.Parser.Tactic.Grind.use took 0.325ms
interpretation of Lean.Parser.Tactic.Grind.showAsserted took 0.466ms
interpretation of Lean.Parser.Tactic.Grind.showTrue took 0.501ms
interpretation of Lean.Parser.Tactic.Grind.showFalse took 0.497ms
interpretation of Lean.Parser.Tactic.Grind.showEqcs took 0.525ms
interpretation of Lean.Parser.Tactic.Grind.showCases took 0.528ms
interpretation of Lean.Parser.Tactic.Grind.showState took 0.542ms
interpretation of Lean.Parser.Tactic.Grind.showLocalThms took 0.565ms
interpretation of Lean.Parser.Tactic.Grind.showTerm took 0.363ms
interpretation of Lean.Parser.Tactic.Grind.showGoals took 0.516ms
interpretation of Lean.Parser.Tactic.Grind.grind_ref.quot took 0.627ms
interpretation of Lean.Parser.Tactic.Grind.grind_ref_ took 0.351ms
interpretation of Lean.Parser.Tactic.Grind.grind_ref__/__ took 0.375ms
interpretation of Lean.Parser.Tactic.Grind.grind_ref__1 took 0.591ms
interpretation of Lean.Parser.Tactic.Grind.cases took 0.57ms
interpretation of Lean.Parser.Tactic.Grind.casesTrace took 0.601ms
interpretation of Lean.Parser.Tactic.Grind.casesNext took 0.604ms
interpretation of Lean.Parser.Tactic.Grind.done took 0.577ms
interpretation of Lean.Parser.Tactic.Grind.finish took 0.429ms
interpretation of Lean.Parser.Tactic.Grind.finishTrace took 0.699ms
interpretation of Lean.Parser.Tactic.Grind.have took 0.746ms
interpretation of Lean.Parser.Tactic.Grind.nestedTacticCore took 0.641ms
interpretation of Lean.Parser.Tactic.Grind.allGoals took 0.438ms
interpretation of Lean.Parser.Tactic.Grind.focus took 0.375ms
interpretation of Lean.Parser.Tactic.Grind.next took 0.39ms
interpretation of Lean.Parser.Tactic.Grind.grind·_ took 0.375ms
interpretation of Lean.Parser.Tactic.Grind.case took 0.62ms
interpretation of Lean.Parser.Tactic.Grind.anyGoals took 0.709ms
interpretation of Lean.Parser.Tactic.Grind.withAnnotateState took 0.689ms
interpretation of Lean.Parser.Tactic.Grind.grind_<;>_ took 0.692ms
interpretation of Lean.Parser.Tactic.Grind.first took 0.445ms
interpretation of Lean.Parser.Tactic.Grind.grindTry_ took 0.37ms
interpretation of Lean.Parser.Tactic.Grind.failIfSuccess took 0.367ms
interpretation of Lean.Parser.Tactic.Grind.grindAdmit took 0.358ms
interpretation of Lean.Parser.Tactic.Grind.fail took 0.358ms
interpretation of Lean.Parser.Tactic.Grind.grindRepeat_ took 0.373ms
interpretation of Lean.Parser.Tactic.Grind.renameI took 0.352ms
interpretation of Lean.Parser.Tactic.Grind.exposeNames took 0.363ms
interpretation of Lean.Parser.Tactic.Grind.setOption took 0.366ms
interpretation of Lean.Parser.Tactic.Grind.setConfig took 0.375ms
interpretation of Lean.Parser.Tactic.Grind.haveSilent took 0.396ms
interpretation of Lean.Parser.Tactic.Grind.mbtc took 0.363ms
interpretation of Lean.Parser.Tactic.Grind.symIntro took 0.367ms
interpretation of Lean.Parser.Tactic.Grind.symIntroLight took 0.402ms
interpretation of Lean.Parser.Tactic.Grind.symIntros took 0.384ms
interpretation of Lean.Parser.Tactic.Grind.symIntrosLight took 0.364ms
interpretation of Lean.Parser.Tactic.Grind.symApply took 0.353ms
interpretation of Lean.Parser.Tactic.Grind.symInternalize took 0.453ms
interpretation of Lean.Parser.Tactic.Grind.symInternalizeAll took 0.483ms
interpretation of Lean.Parser.Tactic.Grind.symByContra took 0.362ms
interpretation of Lean.Parser.Tactic.Grind.symSimp took 0.353ms
interpretation of Lean.Parser.Tactic.Grind.symDSimp took 0.371ms
interpretation of Lean.Parser.Tactic.Grind.symRw took 0.367ms
interpretation of Lean.Parser.Tactic.Grind.grindExact_ took 0.377ms
interpretation of Lean.Parser.Tactic.Grind.symCbv took 0.366ms
interpretation of Lean.Parser.Tactic.Grind.bvNormalize took 0.373ms
interpretation of Lean.Parser.Tactic.Grind.bvDecide took 0.48ms
interpretation of Lean.Parser.Tactic.Grind.bvTrace took 0.466ms
interpretation of Lean.Parser.Tactic.Grind.bvCheck took 0.638ms
interpretation of Lean.Parser.Tactic.grind took 0.593ms
interpretation of Lean.Parser.Tactic.grindTrace took 0.434ms
interpretation of Lean.Parser.Tactic.sym took 0.538ms
interpretation of Lean.Parser.Tactic.cutsat took 0.396ms
interpretation of Lean.Parser.Tactic.lia took 0.363ms
interpretation of Lean.Parser.Tactic.grind_order took 0.368ms
interpretation of Lean.Parser.Tactic.grind_linarith took 0.428ms
interpretation of Lean.Parser.Tactic.grobner took 0.365ms
interpretation of Int.term-[_+1] took 0.372ms
interpretation of term[_] took 0.366ms
interpretation of term%[_|_] took 0.362ms
interpretation of List.term_<+_ took 0.408ms
interpretation of List.term_<+:_ took 0.347ms
interpretation of List.term_<:+_ took 0.356ms
interpretation of List.term_<:+:_ took 0.352ms
interpretation of List.term_~_ took 0.396ms
interpretation of tacticSimp_wf took 0.541ms
interpretation of tacticClean_wf took 0.536ms
interpretation of tacticDecreasing_trivial took 0.408ms
interpretation of tacticDecreasing_trivial_pre_omega took 0.406ms
interpretation of tacticDecreasing_with_ took 0.366ms
interpretation of tacticDecreasing_tactic took 0.505ms
interpretation of term__[_] took 0.561ms
interpretation of term__[_]'_ took 0.593ms
interpretation of term__[_]_? took 0.703ms
interpretation of term__[_]_! took 0.702ms
interpretation of term#[_,] took 0.608ms
interpretation of Lean.termEval_prec_ took 0.597ms
interpretation of Lean.termEval_prio_ took 0.512ms
interpretation of Lean.Parser.Tactic.tacticErw___ took 0.662ms
interpretation of Lean.Parser.Tactic.declareSimpLikeTactic took 0.701ms
interpretation of Lean.Parser.Tactic.simpAutoUnfold took 0.716ms
interpretation of Lean.Parser.Tactic.simpArith took 0.585ms
interpretation of Lean.Parser.Tactic.simpArithBang took 0.419ms
interpretation of Lean.Parser.Tactic.simpAllAutoUnfold took 0.402ms
interpretation of Lean.Parser.Tactic.simpAllArith took 0.407ms
interpretation of Lean.Parser.Tactic.simpAllArithBang took 0.376ms
interpretation of Lean.Parser.Tactic.dsimpAutoUnfold took 0.403ms
interpretation of Lean.Parser.Tactic.tacticIterate____ took 0.413ms
interpretation of Lean.Parser.Tactic.tacticRw_mod_cast___ took 0.444ms
interpretation of Lean.Parser.Tactic.tacticExact_mod_cast_ took 0.716ms
interpretation of Lean.Parser.Tactic.tacticApply_mod_cast_ took 0.574ms
interpretation of tacticBy_cases_:_ took 0.583ms
interpretation of Lean.Parser.Tactic.rcasesPat.quot took 0.664ms
interpretation of Lean.Parser.Tactic.rcasesPat.one took 0.641ms
interpretation of Lean.Parser.Tactic.rcasesPat.ignore took 0.617ms
interpretation of Lean.Parser.Tactic.rcasesPat.clear took 0.656ms
interpretation of Lean.Parser.Tactic.rcasesPat.explicit took 0.707ms
interpretation of Lean.Parser.Tactic.rcasesPat.tuple took 0.527ms
interpretation of Lean.Parser.Tactic.rcasesPat.paren took 0.441ms
interpretation of Lean.Parser.Tactic.rintroPat.quot took 0.485ms
interpretation of Lean.Parser.Tactic.rintroPat.one took 0.607ms
interpretation of Lean.Parser.Tactic.rintroPat.binder took 0.58ms
interpretation of Lean.Parser.Tactic.rcases took 0.35ms
interpretation of Lean.Parser.Tactic.obtain took 0.351ms
interpretation of Lean.Parser.Tactic.rintro took 0.365ms
interpretation of Lean.Parser.Tactic.Conv.conv.quot took 0.362ms
interpretation of Lean.Parser.Tactic.Conv.withAnnotateState took 0.582ms
interpretation of Lean.Parser.Tactic.Conv.skip took 0.398ms
interpretation of Lean.Parser.Tactic.Conv.cbv took 0.388ms
interpretation of Lean.Parser.Tactic.Conv.lhs took 0.56ms
interpretation of Lean.Parser.Tactic.Conv.rhs took 0.506ms
interpretation of Lean.Parser.Tactic.Conv.fun took 0.405ms
interpretation of Lean.Parser.Tactic.Conv.whnf took 0.398ms
interpretation of Lean.Parser.Tactic.Conv.zeta took 0.486ms
interpretation of Lean.Parser.Tactic.Conv.reduce took 0.769ms
interpretation of Lean.Parser.Tactic.Conv.congr took 0.581ms
interpretation of Lean.Parser.Tactic.Conv.arg took 0.576ms
interpretation of Lean.Parser.Tactic.Conv.ext took 0.571ms
interpretation of Lean.Parser.Tactic.Conv.change took 0.461ms
interpretation of Lean.Parser.Tactic.Conv.delta took 0.383ms
interpretation of Lean.Parser.Tactic.Conv.unfold took 0.456ms
interpretation of Lean.Parser.Tactic.Conv.pattern took 0.479ms
interpretation of Lean.Parser.Tactic.Conv.rewrite took 0.584ms
interpretation of Lean.Parser.Tactic.Conv.simp took 0.484ms
interpretation of Lean.Parser.Tactic.Conv.simpTrace took 0.378ms
interpretation of Lean.Parser.Tactic.Conv.dsimp took 0.387ms
interpretation of Lean.Parser.Tactic.Conv.dsimpTrace took 0.363ms
interpretation of Lean.Parser.Tactic.Conv.simpMatch took 0.472ms
interpretation of Lean.Parser.Tactic.Conv.clear took 0.519ms
interpretation of Lean.Parser.Tactic.Conv.nestedTacticCore took 0.564ms
interpretation of Lean.Parser.Tactic.Conv.nestedTactic took 0.407ms
interpretation of Lean.Parser.Tactic.Conv.convTactic took 0.389ms
interpretation of Lean.Parser.Tactic.Conv.nestedConv took 0.53ms
interpretation of Lean.Parser.Tactic.Conv.paren took 0.906ms
interpretation of Lean.Parser.Tactic.Conv.convRfl took 0.731ms
interpretation of Lean.Parser.Tactic.Conv.convDone took 0.665ms
interpretation of Lean.Parser.Tactic.Conv.convTrace_state took 0.687ms
interpretation of Lean.Parser.Tactic.Conv.allGoals took 0.424ms
interpretation of Lean.Parser.Tactic.Conv.anyGoals took 0.538ms
interpretation of Lean.Parser.Tactic.Conv.case took 0.541ms
interpretation of Lean.Parser.Tactic.Conv.case' took 0.597ms
interpretation of Lean.Parser.Tactic.Conv.convNext__=>_ took 0.648ms
interpretation of Lean.Parser.Tactic.Conv.focus took 0.591ms
interpretation of Lean.Parser.Tactic.Conv.convConvSeq took 0.363ms
interpretation of Lean.Parser.Tactic.Conv.conv·_ took 0.345ms
interpretation of Lean.Parser.Tactic.Conv.failIfSuccess took 0.351ms
interpretation of Lean.Parser.Tactic.Conv.convRw__ took 0.345ms
interpretation of Lean.Parser.Tactic.Conv.convErw__ took 0.358ms
interpretation of Lean.Parser.Tactic.Conv.convArgs took 0.377ms
interpretation of Lean.Parser.Tactic.Conv.convLeft took 0.389ms
interpretation of Lean.Parser.Tactic.Conv.convRight took 0.34ms
interpretation of Lean.Parser.Tactic.Conv.convIntro___ took 0.365ms
interpretation of Lean.Parser.Tactic.Conv.enter took 0.343ms
interpretation of Lean.Parser.Tactic.Conv.convApply_ took 0.353ms
interpretation of Lean.Parser.Tactic.Conv.first took 0.358ms
interpretation of Lean.Parser.Tactic.Conv.convTry_ took 0.367ms
interpretation of Lean.Parser.Tactic.Conv.conv_<;>_ took 0.371ms
interpretation of Lean.Parser.Tactic.Conv.convRepeat_ took 0.338ms
interpretation of Lean.Parser.Tactic.Conv.extractLets took 0.358ms
interpretation of Lean.Parser.Tactic.Conv.liftLets took 0.325ms
interpretation of Lean.Parser.Tactic.Conv.letToHave took 0.32ms
interpretation of Lean.Parser.Tactic.Conv.conv took 0.298ms
interpretation of Lean.Parser.Tactic.Conv.normCast took 0.304ms
interpretation of Lean.command__Unif_hint____Where_|_-⊢__ took 0.379ms
interpretation of term∃_,_ took 0.288ms
interpretation of termExists_,_ took 0.279ms
interpretation of termΣ_,_ took 0.278ms
interpretation of termΣ'_,_ took 0.311ms
interpretation of term_×__1 took 0.296ms
interpretation of term_×'__1 took 0.285ms
interpretation of Lean.calc took 0.276ms
interpretation of Lean.calcTactic took 0.307ms
interpretation of Lean.convCalc_ took 0.296ms
interpretation of tacticFunext___ took 0.342ms
interpretation of Lean.Parser.Command.classAbbrev took 0.34ms
interpretation of Lean.cdot took 0.299ms
interpretation of Lean.solveTactic took 0.348ms
interpretation of Lean.term_Matches_| took 0.365ms
interpretation of term{_} took 0.505ms
interpretation of Lean.Parser.Attr.ext took 0.381ms
interpretation of Lean.Elab.Tactic.Ext.ext took 0.492ms
interpretation of Lean.Elab.Tactic.Ext.applyExtTheorem took 0.599ms
interpretation of Lean.Elab.Tactic.Ext.tacticExt1___ took 0.539ms
interpretation of Lean.binderPred.quot took 0.328ms
interpretation of Lean.termSatisfies_binder_pred%__ took 0.344ms
interpretation of Lean.term∃__,_ took 0.363ms
interpretation of Lean.term∀__,_ took 0.538ms
interpretation of Lean.binderPred>_ took 0.541ms
interpretation of Lean.binderPred≥_ took 0.549ms
interpretation of Lean.binderPred<_ took 0.364ms
interpretation of Lean.binderPred≤_ took 0.336ms
interpretation of Lean.binderPred≠_ took 0.367ms
interpretation of Lean.binderPred∈_ took 0.403ms
interpretation of Lean.binderPred∉_ took 0.333ms
interpretation of Lean.binderPred⊆_ took 0.33ms
interpretation of Lean.binderPred⊂_ took 0.316ms
interpretation of Lean.binderPred⊇_ took 0.328ms
interpretation of Lean.binderPred⊃_ took 0.328ms
interpretation of Bool.term_^^_ took 0.342ms
interpretation of List.tacticSizeOf_list_dec took 0.342ms
interpretation of BitVec.term__#__ took 0.32ms
interpretation of BitVec.term__#'__ took 0.347ms
interpretation of Std.term_...* took 0.362ms
interpretation of Std.term*...* took 0.337ms
interpretation of Std.term_<...* took 0.411ms
interpretation of Std.term_...<_ took 0.444ms
interpretation of Std.term_..._ took 0.536ms
interpretation of Std.term*...<_ took 0.536ms
interpretation of Std.term*..._ took 0.651ms
interpretation of Std.term_<...<_ took 0.536ms
interpretation of Std.term_<..._ took 0.57ms
interpretation of Std.term_...=_ took 0.338ms
interpretation of Std.term*...=_ took 0.398ms
interpretation of Std.term_<...=_ took 0.416ms
interpretation of Vector.term#v[_,] took 0.361ms
interpretation of Std.Legacy.Range.term[:_] took 0.424ms
interpretation of Std.Legacy.Range.term[_:_] took 0.574ms
interpretation of Std.Legacy.Range.term[:_:_] took 0.523ms
interpretation of Std.Legacy.Range.term[_:_:_] took 0.586ms
interpretation of Array.term__[_:_] took 0.614ms
interpretation of Array.term__[_:] took 0.543ms
interpretation of Array.term__[:_] took 0.399ms
interpretation of String.Internal.tacticOrder took 0.329ms
interpretation of Array.tacticArray_get_dec took 0.314ms
interpretation of Array.tacticArray_mem_dec took 0.304ms
interpretation of Array.term_~_ took 0.295ms
interpretation of commandDeclare_uint_theorems__ took 0.342ms
interpretation of commandDeclare_bitwise_uint_theorems__ took 0.336ms
interpretation of commandDeclare_int_theorems__ took 0.305ms
interpretation of commandDeclare_bitwise_int_theorems__ took 0.322ms
interpretation of termPrintln!__ took 0.293ms
interpretation of termS!_ took 0.29ms
interpretation of Std.termF!_ took 0.287ms
interpretation of Vector.term_~_ took 0.289ms
interpretation of Rat.term_/._ took 0.335ms
interpretation of Lean.Parser.command_Grind_propagator___(_):=_ took 0.386ms
interpretation of Lean.Parser.command_Builtin_grind_propagator____:=_ took 0.395ms
interpretation of Lean.Parser.grindPropagatorBuiltinAttr took 0.337ms
interpretation of DerivingHelpers.tacticDeriving_ReflEq_tactic took 0.404ms
interpretation of tacticDeriving_LawfulEq_tactic_step took 0.336ms
interpretation of tacticDeriving_LawfulEq_tactic took 0.336ms
interpretation of Lean.Parser.Command.grindAnnotated took 0.341ms
interpretation of Lean.Grind.grindLintCheck took 0.349ms
interpretation of Lean.Grind.grindLintInspect took 0.323ms
interpretation of Lean.Grind.grindLintMute took 0.386ms
interpretation of Lean.Grind.grindLintSkip took 0.325ms
interpretation of Lean.Parser.Tactic.guardExpr took 0.336ms
interpretation of Lean.Parser.Tactic.guardExprConv took 0.328ms
interpretation of Lean.Parser.Tactic.guardTarget took 0.331ms
interpretation of Lean.Parser.Tactic.guardTargetConv took 0.329ms
interpretation of Lean.Parser.Tactic.guardHyp took 0.319ms
interpretation of Lean.Parser.Tactic.guardHypConv took 0.33ms
interpretation of Lean.Parser.Command.guardExprCmd took 0.342ms
interpretation of Lean.Parser.Command.guardCmd took 0.322ms
interpretation of Lean.Parser.command__Simproc__[_]_(_):=_ took 0.387ms
interpretation of Lean.Parser.command__Dsimproc__[_]_(_):=_ took 0.694ms
interpretation of Lean.Parser.command_Simproc_decl_(_):=_ took 0.656ms
interpretation of Lean.Parser.command_Dsimproc_decl_(_):=_ took 0.606ms
interpretation of Lean.Parser.command__Builtin_simproc__[_]_(_):=_ took 0.699ms
interpretation of Lean.Parser.command__Builtin_dsimproc__[_]_(_):=_ took 0.739ms
interpretation of Lean.Parser.command_Builtin_simproc_decl_(_):=_ took 0.722ms
interpretation of Lean.Parser.command_Builtin_dsimproc_decl_(_):=_ took 0.647ms
interpretation of Lean.Parser.simprocPattern took 0.377ms
interpretation of Lean.Parser.simprocPatternBuiltin took 0.361ms
interpretation of Lean.Parser.Attr.simprocAttr took 0.45ms
interpretation of Lean.Parser.Attr.sevalprocAttr took 0.358ms
interpretation of Lean.Parser.Attr.simprocBuiltinAttr took 0.424ms
interpretation of Lean.Parser.Attr.sevalprocBuiltinAttr took 0.48ms
interpretation of Lean.Parser.command__Cbv_simproc____(_):=_ took 0.548ms
interpretation of Lean.Parser.command_Cbv_simproc_decl_(_):=_ took 0.583ms
interpretation of Lean.Parser.command__Builtin_cbv_simproc____(_):=_ took 0.752ms
interpretation of Lean.Parser.command_Builtin_cbv_simproc_decl_(_):=_ took 0.443ms
interpretation of Lean.Parser.cbvSimprocPattern took 0.37ms
interpretation of Lean.Parser.cbvSimprocPatternBuiltin took 0.375ms
interpretation of Lean.Parser.Attr.cbvSimprocAttr took 0.366ms
interpretation of Lean.Parser.Attr.cbvSimprocBuiltinAttr took 0.44ms
interpretation of Lean.termMacro.trace[_]_ took 0.387ms
interpretation of Lean.Parser.Sym.Simp.sym_simproc.quot took 0.482ms
interpretation of Lean.Parser.Sym.Simp.sym_discharger.quot took 0.478ms
interpretation of Lean.Parser.Sym.Simp.ground took 0.344ms
interpretation of Lean.Parser.Sym.Simp.telescope took 0.347ms
interpretation of Lean.Parser.Sym.Simp.control took 0.375ms
interpretation of Lean.Parser.Sym.Simp.arrowTelescope took 0.393ms
interpretation of Lean.Parser.Sym.Simp.rewriteSet took 0.381ms
interpretation of Lean.Parser.Sym.Simp.rewriteInline took 0.559ms
interpretation of Lean.Parser.Sym.Simp.self took 0.558ms
interpretation of Lean.Parser.Sym.Simp.none took 0.368ms
interpretation of Lean.Parser.Sym.Simp.andThen took 0.467ms
interpretation of Lean.Parser.Sym.Simp.orElse took 0.37ms
interpretation of Lean.Parser.Sym.Simp.simprocParen took 0.458ms
interpretation of Lean.Parser.Sym.Simp.dischSelf took 0.422ms
interpretation of Lean.Parser.Sym.Simp.dischNone took 0.381ms
interpretation of Lean.Parser.Sym.Simp.dischParen took 0.45ms
interpretation of Lean.Parser.Sym.Simp.dischGrind took 0.366ms
interpretation of Lean.Parser.Command.sym_simp_field.quot took 0.392ms
interpretation of Lean.Parser.Command.symSimpFieldPre took 0.359ms
interpretation of Lean.Parser.Command.symSimpFieldPost took 0.545ms
interpretation of Lean.Parser.Command.symSimpFieldMaxSteps took 0.637ms
interpretation of Lean.Parser.Command.symSimpFieldMaxDischargeDepth took 0.536ms
interpretation of Lean.Parser.Command.registerSymSimp took 0.413ms
interpretation of Lean.Parser.Sym.DSimp.sym_dsimproc.quot took 0.383ms
interpretation of Lean.Parser.Sym.DSimp.none took 0.34ms
interpretation of Lean.Parser.Sym.DSimp.ground took 0.347ms
interpretation of Lean.Parser.Sym.DSimp.beta took 0.341ms
interpretation of Lean.Parser.Sym.DSimp.zeta took 0.344ms
interpretation of Lean.Parser.Sym.DSimp.zetaDelta took 0.376ms
interpretation of Lean.Parser.Sym.DSimp.proj took 0.339ms
interpretation of Lean.Parser.Sym.DSimp.reduceMatch took 0.387ms
interpretation of Lean.Parser.Sym.DSimp.andThen took 0.373ms
interpretation of Lean.Parser.Sym.DSimp.orElse took 0.342ms
interpretation of Lean.Parser.Sym.DSimp.dsimprocParen took 0.348ms
interpretation of Lean.Parser.Command.sym_dsimp_field.quot took 0.358ms
interpretation of Lean.Parser.Command.symDSimpFieldPre took 0.371ms
interpretation of Lean.Parser.Command.symDSimpFieldPost took 0.405ms
interpretation of Lean.Parser.Command.symDSimpFieldMaxSteps took 0.654ms
interpretation of Lean.Parser.Command.registerSymDSimp took 0.497ms
interpretation of Lean.Order.term_⊑_ took 0.372ms
interpretation of Lean.Order.term⊥ took 0.324ms
interpretation of Lean.Order.monotonicity took 0.342ms
interpretation of Lean.Parser.Tactic.tryTrace took 0.35ms
interpretation of Lean.Parser.Tactic.tryTraceWith took 0.344ms
interpretation of Lean.Parser.Tactic.attemptAll took 0.338ms
interpretation of Lean.Parser.Tactic.attemptAllPar took 0.352ms
interpretation of Lean.Parser.Tactic.firstPar took 0.331ms
interpretation of Lean.Parser.Tactic.tryResult took 0.338ms
interpretation of Lean.Parser.Command.registerTryTactic took 0.348ms
interpretation of tactic∎ took 0.328ms
interpretation of term∎ took 0.322ms
interpretation of Std.DHashMap.Raw.term_~m_ took 0.417ms
interpretation of Std.DHashMap.term_~m_ took 0.356ms
interpretation of Std.HashMap.term_~m_ took 0.364ms
interpretation of Std.HashSet.term_~m_ took 0.349ms
interpretation of Std.DTreeMap.Internal.Impl.tacticTree_tac took 0.4ms
interpretation of Std.DTreeMap.Internal.Impl.term✓ took 0.373ms
interpretation of Std.DTreeMap.Internal.Impl.term_~m_ took 0.395ms
interpretation of Std.DTreeMap.term_~m_ took 0.45ms
interpretation of Std.TreeMap.term_~m_ took 0.407ms
interpretation of Std.TreeSet.term_~m_ took 0.362ms
interpretation of Std.HashMap.Raw.term_~m_ took 0.445ms
interpretation of Lean.Option.registerBuiltinOption took 0.853ms
interpretation of Lean.Option.registerOption took 0.558ms
interpretation of Std.DTreeMap.Raw.term_~m_ took 0.376ms
interpretation of Std.TreeMap.Raw.term_~m_ took 0.358ms
interpretation of Lean.termM!_ took 0.482ms
interpretation of Lean.termThrowError__ took 0.577ms
interpretation of Lean.termThrowErrorAt____ took 0.554ms
interpretation of Lean.doElemTrace[_]__ took 0.897ms
interpretation of Lean.PrettyPrinter.Delaborator.attrApp_delab_ took 1.03ms
interpretation of Lean.termRegister_parser_alias(Kind:=_)______ took 1.11ms
interpretation of Lean.Doc.Syntax.arg_val.quot took 1ms
interpretation of Lean.Doc.Syntax.arg_str took 0.834ms
interpretation of Lean.Doc.Syntax.arg_ident took 0.825ms
interpretation of Lean.Doc.Syntax.arg_num took 0.774ms
interpretation of Lean.Doc.Syntax.doc_arg.quot took 0.56ms
interpretation of Lean.Doc.Syntax.anon took 0.505ms
interpretation of Lean.Doc.Syntax.named took 0.807ms
interpretation of Lean.Doc.Syntax.named_no_paren took 0.775ms
interpretation of Lean.Doc.Syntax.flag_on took 0.613ms
interpretation of Lean.Doc.Syntax.flag_off took 0.506ms
interpretation of Lean.Doc.Syntax.link_target.quot took 0.738ms
interpretation of Lean.Doc.Syntax.url took 0.505ms
interpretation of Lean.Doc.Syntax.ref took 0.664ms
interpretation of Lean.Doc.Syntax.inline.quot took 1.46ms
interpretation of Lean.Doc.Syntax.text took 0.825ms
interpretation of Lean.Doc.Syntax.emph took 0.531ms
interpretation of Lean.Doc.Syntax.bold took 0.557ms
interpretation of Lean.Doc.Syntax.link took 0.475ms
interpretation of Lean.Doc.Syntax.image took 0.499ms
interpretation of Lean.Doc.Syntax.footnote took 0.473ms
interpretation of Lean.Doc.Syntax.linebreak took 0.477ms
interpretation of Lean.Doc.Syntax.code took 0.523ms
interpretation of Lean.Doc.Syntax.role took 0.48ms
interpretation of Lean.Doc.Syntax.inline_math took 0.712ms
interpretation of Lean.Doc.Syntax.display_math took 0.844ms
interpretation of Lean.Doc.Syntax.block.quot took 0.869ms
interpretation of Lean.Doc.Syntax.list_item.quot took 0.831ms
interpretation of Lean.Doc.Syntax.li took 0.559ms
interpretation of Lean.Doc.Syntax.desc_item.quot took 0.558ms
interpretation of Lean.Doc.Syntax.desc took 0.58ms
interpretation of Lean.Doc.Syntax.para took 0.492ms
interpretation of Lean.Doc.Syntax.ul took 0.598ms
interpretation of Lean.Doc.Syntax.dl took 0.81ms
interpretation of Lean.Doc.Syntax.ol took 0.82ms
interpretation of Lean.Doc.Syntax.codeblock took 0.901ms
interpretation of Lean.Doc.Syntax.blockquote took 0.84ms
interpretation of Lean.Doc.Syntax.link_ref took 0.871ms
interpretation of Lean.Doc.Syntax.footnote_ref took 0.954ms
interpretation of Lean.Doc.Syntax.directive took 0.777ms
interpretation of Lean.Doc.Syntax.header took 0.6ms
interpretation of Lean.Doc.Syntax.metadata_block took 0.755ms
interpretation of Lean.Doc.Syntax.metadataContents took 0.503ms
interpretation of Lean.Doc.Syntax.command took 0.546ms
interpretation of Lean.Parser.Term.InternalSyntax.doSkip took 0.565ms
interpretation of Lean.Parser.Command.InternalSyntax.end_local_scope took 0.615ms
interpretation of Lean.Json.json.quot took 0.545ms
interpretation of Lean.Json.jsonNull took 0.508ms
interpretation of Lean.Json.jsonTrue took 0.487ms
interpretation of Lean.Json.jsonFalse took 0.476ms
interpretation of Lean.Json.json_ took 0.505ms
interpretation of Lean.Json.json-_ took 0.511ms
interpretation of Lean.Json.json-__1 took 0.522ms
interpretation of Lean.Json.json[_] took 0.509ms
interpretation of Lean.Json.json{_} took 0.84ms
interpretation of Lean.Json.termJson%_ took 0.907ms
interpretation of Lean.Linter.command_Register_linter_set_:=_ took 0.824ms
interpretation of adaptationNoteCmd took 11.4ms
interpretation of tactic#adaptation_note_ took 3.66ms
interpretation of adaptationNoteTermStx took 4.73ms
interpretation of lemma took 17.9ms
interpretation of Mathlib.Linter.HaveILetI.tacticHaveI__ took 13.9ms
interpretation of Mathlib.Linter.HaveILetI.tacticLetI__ took 5.32ms
interpretation of Lean.commandDeclare_uint_simprocs_ took 0.531ms
interpretation of Lean.commandDeclare_sint_simprocs_ took 0.51ms
interpretation of Lean.Parser.Command.registerSimpAttr took 0.523ms
interpretation of Batteries.Tactic.Lint.env_linter took 7.76ms
interpretation of Batteries.Tactic.Lint.nolint took 9.95ms
interpretation of Mathlib.Linter.UnusedTactic.command#allow_unused_tactic!___ took 31.4ms
interpretation of Mathlib.Linter.UnusedTactic.command#show_kind_ took 8.96ms
interpretation of Batteries.Tactic.unreachable took 6.49ms
interpretation of Batteries.Tactic.unreachableConv took 3.99ms
interpretation of Mathlib.Linter.Style.show took 7.91ms
interpretation of Mathlib.Command.MinImports.minImpsStx took 16.9ms
interpretation of Mathlib.Command.MinImports.command#min_importsIn_ took 7.65ms
interpretation of Mathlib.Tactic.ExtractGoal.extractGoal took 34.4ms
interpretation of Mathlib.GuardExceptions.parseCmd took 15ms
interpretation of Lean.Elab.Term.termSort* took 7.36ms
interpretation of Lean.Elab.Term.termType* took 3.47ms
interpretation of Batteries.Util.LibraryNote.commandLibrary_note___ took 19.5ms
interpretation of Batteries.Tactic.command#help_Option___ took 29.6ms
interpretation of Lean.Parser.rawIdent took 0.581ms
interpretation of Batteries.Tactic.command#help_AttrAttribute___ took 21.2ms
interpretation of Lean.Parser.rawIdent took 0.0098ms
interpretation of Batteries.Tactic.command#help_Cats___ took 8.58ms
interpretation of Lean.Parser.rawIdent took 0.0077ms
interpretation of Batteries.Tactic.command#help_Cat+______ took 19.3ms
interpretation of Lean.Parser.rawIdent took 0.0045ms
interpretation of Batteries.Tactic.command#help_Note___ took 20.2ms
interpretation of Lean.Parser.strLit took 0.829ms
interpretation of Batteries.Tactic.command#help_Term+____ took 9.74ms
interpretation of Lean.Parser.rawIdent took 0.0047ms
interpretation of Batteries.Tactic.command#help_Tactic+____ took 8.5ms
interpretation of Lean.Parser.rawIdent took 0.0134ms
interpretation of Batteries.Tactic.command#help_Conv+____ took 11.4ms
interpretation of Lean.Parser.rawIdent took 0.0063ms
interpretation of Batteries.Tactic.command#help_Command+____ took 9.62ms
interpretation of Lean.Parser.rawIdent took 0.0093ms
interpretation of wantedRef took 14.1ms
interpretation of theorem_wanted took 21.9ms
interpretation of proof_wanted took 9.23ms
interpretation of def_wanted took 9.35ms
interpretation of instance_wanted took 12ms
interpretation of command#find_home!_ took 14.2ms
interpretation of command#import_diff_ took 13.4ms
interpretation of command#min_imports took 6.03ms
interpretation of command#minimize_imports took 5.74ms
interpretation of command#redundant_imports took 4.79ms
interpretation of Lean.Elab.Command.openPrivate took 34.9ms
interpretation of Lean.Elab.Command.exportPrivate took 9.45ms
interpretation of Batteries.Tactic.Lint.command#lint+-*Only___ took 52.6ms
interpretation of Batteries.Tactic.Lint.command#list_linters took 4.96ms
interpretation of theorem_wanted.formatter took 0.79ms
interpretation of proof_wanted.formatter took 0.818ms
interpretation of def_wanted.formatter took 0.943ms
interpretation of instance_wanted.formatter took 1.02ms
interpretation of theorem_wanted.parenthesizer took 0.718ms
interpretation of proof_wanted.parenthesizer took 0.633ms
interpretation of def_wanted.parenthesizer took 0.618ms
interpretation of instance_wanted.parenthesizer took 0.636ms
interpretation of _aux_Init_Notation___unexpand_Function_comp_1 took 0.161ms
interpretation of _aux_Init_Notation___unexpand_Prod_1 took 0.101ms
interpretation of _aux_Init_Notation___unexpand_PProd_1 took 0.0959ms
interpretation of _aux_Init_Notation___unexpand_Dvd_dvd_1 took 0.0945ms
interpretation of _aux_Init_Notation___unexpand_HOr_hOr_1 took 0.0895ms
interpretation of _aux_Init_Notation___unexpand_HXor_hXor_1 took 0.0876ms
interpretation of _aux_Init_Notation___unexpand_HAnd_hAnd_1 took 0.0906ms
interpretation of _aux_Init_Notation___unexpand_HAdd_hAdd_1 took 0.0957ms
interpretation of _aux_Init_Notation___unexpand_HSub_hSub_1 took 0.101ms
interpretation of _aux_Init_Notation___unexpand_HMul_hMul_1 took 0.137ms
interpretation of _aux_Init_Notation___unexpand_HDiv_hDiv_1 took 0.0987ms
interpretation of _aux_Init_Notation___unexpand_HMod_hMod_1 took 0.09ms
interpretation of _aux_Init_Notation___unexpand_HShiftLeft_hShiftLeft_1 took 0.0907ms
interpretation of _aux_Init_Notation___unexpand_HShiftRight_hShiftRight_1 took 0.1ms
interpretation of _aux_Init_Notation___unexpand_HPow_hPow_1 took 0.0914ms
interpretation of _aux_Init_Notation___unexpand_HAppend_hAppend_1 took 0.095ms
interpretation of _aux_Init_Notation___unexpand_Neg_neg_1 took 0.0996ms
interpretation of _aux_Init_Notation___unexpand_Complement_complement_1 took 0.0909ms
interpretation of _aux_Init_Notation___unexpand_Inv_inv_1 took 0.0909ms
interpretation of _aux_Init_Notation___unexpand_HSMul_hSMul_1 took 0.0935ms
interpretation of _aux_Init_Notation___unexpand_GE_ge_1 took 0.112ms
interpretation of _aux_Init_Notation___unexpand_LE_le_1 took 0.138ms
interpretation of _aux_Init_Notation___unexpand_LE_le_2 took 0.13ms
interpretation of _aux_Init_Notation___unexpand_LT_lt_1 took 0.0872ms
interpretation of _aux_Init_Notation___unexpand_GE_ge_2 took 0.0905ms
interpretation of _aux_Init_Notation___unexpand_GT_gt_1 took 0.0938ms
interpretation of _aux_Init_Notation___unexpand_Eq_1 took 0.0965ms
interpretation of _aux_Init_Notation___unexpand_BEq_beq_1 took 0.137ms
interpretation of _aux_Init_Notation___unexpand_HEq_1 took 0.166ms
interpretation of _aux_Init_Notation___unexpand_And_1 took 0.142ms
interpretation of _aux_Init_Notation___unexpand_Or_1 took 0.138ms
interpretation of _aux_Init_Notation___unexpand_Not_1 took 0.145ms
interpretation of _aux_Init_Notation___unexpand_Bool_and_1 took 0.142ms
interpretation of _aux_Init_Notation___unexpand_Bool_or_1 took 0.17ms
interpretation of _aux_Init_Notation___unexpand_Bool_not_1 took 0.15ms
interpretation of _aux_Init_Notation___unexpand_Membership_mem_1 took 0.111ms
interpretation of _aux_Init_Notation___unexpand_List_cons_1 took 0.0914ms
interpretation of _aux_Init_Notation___unexpand_Functor_map_1 took 0.118ms
interpretation of _aux_Init_Notation___unexpand_Bind_bind_1 took 0.1ms
interpretation of _aux_Init_Core___unexpand_Iff_1 took 0.101ms
interpretation of _aux_Init_Core___unexpand_Iff_2 took 0.101ms
interpretation of _aux_Init_Core___unexpand_Sum_1 took 0.0888ms
interpretation of _aux_Init_Core___unexpand_PSum_1 took 0.0902ms
interpretation of _aux_Init_Core___unexpand_HasEquiv_Equiv_1 took 0.0896ms
interpretation of _aux_Init_Core___unexpand_HasSubset_Subset_1 took 0.0887ms
interpretation of _aux_Init_Core___unexpand_HasSSubset_SSubset_1 took 0.0926ms
interpretation of _aux_Init_Core___unexpand_Superset_1 took 0.096ms
interpretation of _aux_Init_Core___unexpand_SSuperset_1 took 0.0892ms
interpretation of _aux_Init_Core___unexpand_Union_union_1 took 0.0903ms
interpretation of _aux_Init_Core___unexpand_Inter_inter_1 took 0.09ms
interpretation of _aux_Init_Core___unexpand_SDiff_sdiff_1 took 0.0859ms
interpretation of _aux_Init_Core___unexpand_EmptyCollection_emptyCollection_1 took 0.0953ms
interpretation of _aux_Init_Core___unexpand_EmptyCollection_emptyCollection_2 took 0.0909ms
interpretation of _aux_Init_Core___unexpand_bne_1 took 0.0838ms
interpretation of _aux_Init_Core___unexpand_Ne_1 took 0.0839ms
interpretation of _aux_Init_Control_Basic___unexpand_Functor_mapRev_1 took 0.112ms
interpretation of _aux_Init_Control_Basic___unexpand_orM_1 took 0.1ms
interpretation of _aux_Init_Control_Basic___unexpand_andM_1 took 0.0961ms
interpretation of _aux_Init_Control_Basic___unexpand_Bind_kleisliRight_1 took 0.0973ms
interpretation of _aux_Init_Control_Basic___unexpand_Bind_kleisliLeft_1 took 0.0966ms
interpretation of _aux_Init_Control_Basic___unexpand_Bind_bindLeft_1 took 0.0944ms
interpretation of Int._aux_Init_Data_Int_Basic___unexpand_Int_negSucc_1 took 0.104ms
interpretation of List._aux_Init_Data_List_Basic___unexpand_List_Sublist_1 took 0.109ms
interpretation of List._aux_Init_Data_List_Basic___unexpand_List_IsPrefix_1 took 0.133ms
interpretation of List._aux_Init_Data_List_Basic___unexpand_List_IsSuffix_1 took 0.133ms
interpretation of List._aux_Init_Data_List_Basic___unexpand_List_IsInfix_1 took 0.156ms
interpretation of List._aux_Init_Data_List_Basic___unexpand_List_Perm_1 took 0.166ms
interpretation of unexpandUnit took 0.139ms
interpretation of unexpandListNil took 0.141ms
interpretation of unexpandListCons took 0.132ms
interpretation of unexpandListToArray took 0.126ms
interpretation of unexpandProdMk took 0.178ms
interpretation of unexpandIte took 0.133ms
interpretation of unexpandEqNDRec took 0.159ms
interpretation of unexpandEqRec took 0.111ms
interpretation of unexpandExists took 0.124ms
interpretation of unexpandSigma took 0.156ms
interpretation of unexpandPSigma took 0.15ms
interpretation of unexpandSubtype took 0.164ms
interpretation of unexpandTSyntax took 0.158ms
interpretation of unexpandTSyntaxArray took 0.177ms
interpretation of unexpandTSepArray took 0.142ms
interpretation of unexpandGetElem took 0.13ms
interpretation of unexpandGetElem! took 0.177ms
interpretation of unexpandGetElem? took 0.132ms
interpretation of unexpandArrayEmpty took 0.147ms
interpretation of unexpandMkArray0 took 0.124ms
interpretation of unexpandMkArray1 took 0.121ms
interpretation of unexpandMkArray2 took 0.159ms
interpretation of unexpandMkArray3 took 0.122ms
interpretation of unexpandMkArray4 took 0.132ms
interpretation of unexpandMkArray5 took 0.141ms
interpretation of unexpandMkArray6 took 0.0902ms
interpretation of unexpandMkArray7 took 0.0855ms
interpretation of unexpandMkArray8 took 0.126ms
interpretation of Lean.singletonUnexpander took 0.164ms
interpretation of Lean.insertUnexpander took 0.146ms
interpretation of Bool._aux_Init_Data_Bool___unexpand_Bool_xor_1 took 0.195ms
interpretation of BitVec.unexpandBitVecOfNat took 0.143ms
interpretation of BitVec.unexpandBitVecOfNatLt took 0.15ms
interpretation of Vector.unexpandMk took 0.141ms
interpretation of Lean.Grind.toIntUnexpander took 0.138ms
interpretation of Array._aux_Init_Data_Array_Perm___unexpand_Array_Perm_1 took 0.144ms
interpretation of Vector._aux_Init_Data_Vector_Perm___unexpand_Vector_Perm_1 took 0.166ms
interpretation of Rat._aux_Init_Data_Rat_Basic___unexpand_Rat_divInt_1 took 0.142ms
interpretation of Lean.Grind.nestedProofUnexpander took 0.127ms
interpretation of Lean.Grind.matchCondUnexpander took 0.147ms
interpretation of Lean.Grind.eqMatchUnexpander took 0.124ms
interpretation of Lean.Grind.offsetUnexpander took 0.138ms
interpretation of Lean.Grind.natCastUnexpander took 0.123ms
interpretation of Lean.Grind.markerUnexpander took 0.14ms
interpretation of Lean.Grind.nodeDefUnexpander took 0.149ms
interpretation of Lean.Grind.NodeDefUnexpander took 0.161ms
interpretation of Lean.Grind.CommRing.OfCommSemiring.toQUnexpander took 0.157ms
interpretation of Lean.Grind.leftInvUnexpander took 0.132ms
interpretation of Lean.Order._aux_Init_Internal_Order_Basic___unexpand_Lean_Order_PartialOrder_rel_1 took 0.253ms
interpretation of Lean.Order._aux_Init_Internal_Order_Basic___unexpand_Lean_Order_bot_1 took 0.171ms
interpretation of Lean.Try.markerUnexpander took 0.191ms
interpretation of Std.DHashMap.Raw._aux_Std_Data_DHashMap_Raw___unexpand_Std_DHashMap_Raw_Equiv_1 took 0.216ms
interpretation of Std.DHashMap._aux_Std_Data_DHashMap_Basic___unexpand_Std_DHashMap_Equiv_1 took 0.186ms
interpretation of Std.HashMap._aux_Std_Data_HashMap_Basic___unexpand_Std_HashMap_Equiv_1 took 0.143ms
interpretation of Std.HashSet._aux_Std_Data_HashSet_Basic___unexpand_Std_HashSet_Equiv_1 took 0.218ms
interpretation of Std.DTreeMap.Internal.Impl._aux_Std_Data_DTreeMap_Internal_Queries___unexpand_Std_DTreeMap_Internal_Impl_Equiv_1 took 0.179ms
interpretation of Std.DTreeMap._aux_Std_Data_DTreeMap_Basic___unexpand_Std_DTreeMap_Equiv_1 took 0.15ms
interpretation of Std.TreeMap._aux_Std_Data_TreeMap_Basic___unexpand_Std_TreeMap_Equiv_1 took 0.179ms
interpretation of Std.TreeSet._aux_Std_Data_TreeSet_Basic___unexpand_Std_TreeSet_Equiv_1 took 0.156ms
interpretation of Std.HashMap.Raw._aux_Std_Data_HashMap_Raw___unexpand_Std_HashMap_Raw_Equiv_1 took 0.143ms
interpretation of Std.DTreeMap.Raw._aux_Std_Data_DTreeMap_Raw_Basic___unexpand_Std_DTreeMap_Raw_Equiv_1 took 0.169ms
interpretation of Std.TreeMap.Raw._aux_Std_Data_TreeMap_Raw_Basic___unexpand_Std_TreeMap_Raw_Equiv_1 took 0.192ms
interpretation of _aux_Init_Notation___macroRules_precMax_1 took 0.145ms
interpretation of _aux_Init_Notation___macroRules_precArg_1 took 0.0985ms
interpretation of _aux_Init_Notation___macroRules_precLead_1 took 0.0822ms
interpretation of _aux_Init_Notation___macroRules_prec(_)_1 took 0.0843ms
interpretation of _aux_Init_Notation___macroRules_precMin_1 took 0.0811ms
interpretation of _aux_Init_Notation___macroRules_precMin1_1 took 0.0831ms
interpretation of _aux_Init_Notation___macroRules_termMax_prec_1 took 0.0834ms
interpretation of _aux_Init_Notation___macroRules_prioDefault_1 took 0.0825ms
interpretation of _aux_Init_Notation___macroRules_prioLow_1 took 0.0811ms
interpretation of _aux_Init_Notation___macroRules_prioMid_1 took 0.0822ms
interpretation of _aux_Init_Notation___macroRules_prioHigh_1 took 0.082ms
interpretation of _aux_Init_Notation___macroRules_prio(_)_1 took 0.0801ms
interpretation of _aux_Init_Notation___macroRules_stx_+_1 took 0.0918ms
interpretation of _aux_Init_Notation___macroRules_stx_*_1 took 0.0885ms
interpretation of _aux_Init_Notation___macroRules_stx_?_1 took 0.0872ms
interpretation of _aux_Init_Notation___macroRules_stx_<|>__1 took 0.139ms
interpretation of _aux_Init_Notation___macroRules_stx_,*_1 took 0.163ms
interpretation of _aux_Init_Notation___macroRules_stx_,+_1 took 0.145ms
interpretation of _aux_Init_Notation___macroRules_stx_,*,?_1 took 0.146ms
interpretation of _aux_Init_Notation___macroRules_stx_,+,?_1 took 0.171ms
interpretation of _aux_Init_Notation___macroRules_stx!__1 took 0.148ms
interpretation of _aux_Init_Notation___macroRules_term_∘__1 took 0.152ms
interpretation of _aux_Init_Notation___macroRules_term_×__1 took 0.142ms
interpretation of _aux_Init_Notation___macroRules_term_×'__1 took 0.146ms
interpretation of _aux_Init_Notation___macroRules_term_∣__1 took 0.172ms
interpretation of _aux_Init_Notation___macroRules_term_|||__1 took 0.143ms
interpretation of _aux_Init_Notation___macroRules_term_^^^__1 took 0.168ms
interpretation of _aux_Init_Notation___macroRules_term_&&&__1 took 0.148ms
interpretation of _aux_Init_Notation___macroRules_term_+__1 took 0.146ms
interpretation of _aux_Init_Notation___macroRules_term_-__1 took 0.151ms
interpretation of _aux_Init_Notation___macroRules_term_*__1 took 0.139ms
interpretation of _aux_Init_Notation___macroRules_term_/__1 took 0.129ms
interpretation of _aux_Init_Notation___macroRules_term_%__1 took 0.148ms
interpretation of _aux_Init_Notation___macroRules_term_<<<__1 took 0.137ms
interpretation of _aux_Init_Notation___macroRules_term_>>>__1 took 0.103ms
interpretation of _aux_Init_Notation___macroRules_term_^__1 took 0.136ms
interpretation of _aux_Init_Notation___macroRules_term_++__1 took 0.109ms
interpretation of _aux_Init_Notation___macroRules_term-__1 took 0.0933ms
interpretation of _aux_Init_Notation___macroRules_term~~~__1 took 0.0907ms
interpretation of _aux_Init_Notation___macroRules_term_⁻¹_1 took 0.106ms
interpretation of _aux_Init_Notation___macroRules_term_•__1 took 0.109ms
interpretation of _aux_Init_Notation___macroRules_term_|||__2 took 0.0891ms
interpretation of _aux_Init_Notation___macroRules_term_^^^__2 took 0.0855ms
interpretation of _aux_Init_Notation___macroRules_term_&&&__2 took 0.134ms
interpretation of _aux_Init_Notation___macroRules_term_+__2 took 0.0831ms
interpretation of _aux_Init_Notation___macroRules_term_-__2 took 0.1ms
interpretation of _aux_Init_Notation___macroRules_term_*__2 took 0.0902ms
interpretation of _aux_Init_Notation___macroRules_term_/__2 took 0.0859ms
interpretation of _aux_Init_Notation___macroRules_term_%__2 took 0.153ms
interpretation of _aux_Init_Notation___macroRules_term_^__2 took 0.136ms
interpretation of _aux_Init_Notation___macroRules_term_++__2 took 0.149ms
interpretation of _aux_Init_Notation___macroRules_term-__2 took 0.172ms
interpretation of _aux_Init_Notation___macroRules_term_•__2 took 0.155ms
interpretation of _aux_Init_Notation___macroRules_term_>=__1 took 0.136ms
interpretation of _aux_Init_Notation___macroRules_term_<=__1 took 0.127ms
interpretation of _aux_Init_Notation___macroRules_term_>=__2 took 0.137ms
interpretation of _aux_Init_Notation___macroRules_term_<=__2 took 0.14ms
interpretation of _aux_Init_Notation___macroRules_term_≤__1 took 0.0959ms
interpretation of _aux_Init_Notation___macroRules_term_<__1 took 0.0822ms
interpretation of _aux_Init_Notation___macroRules_term_≥__1 took 0.0811ms
interpretation of _aux_Init_Notation___macroRules_term_>__1 took 0.0834ms
interpretation of _aux_Init_Notation___macroRules_term_=__1 took 0.088ms
interpretation of _aux_Init_Notation___macroRules_term_==__1 took 0.0886ms
interpretation of _aux_Init_Notation___macroRules_term_≍__1 took 0.0816ms
interpretation of _aux_Init_Notation___macroRules_term_≤__2 took 0.0802ms
interpretation of _aux_Init_Notation___macroRules_term_<__2 took 0.107ms
interpretation of _aux_Init_Notation___macroRules_term_>__2 took 0.108ms
interpretation of _aux_Init_Notation___macroRules_term_≥__2 took 0.0861ms
interpretation of _aux_Init_Notation___macroRules_term_=__2 took 0.0868ms
interpretation of _aux_Init_Notation___macroRules_term_==__2 took 0.0994ms
interpretation of _aux_Init_Notation___macroRules_term_∧__1 took 0.0846ms
interpretation of _aux_Init_Notation___macroRules_term_∨__1 took 0.0881ms
interpretation of _aux_Init_Notation___macroRules_term¬__1 took 0.0888ms
interpretation of _aux_Init_Notation___macroRules_term_&&__1 took 0.0989ms
interpretation of _aux_Init_Notation___macroRules_term_||__1 took 0.0983ms
interpretation of _aux_Init_Notation___macroRules_term!__1 took 0.0944ms
interpretation of _aux_Init_Notation___macroRules_term_∈__1 took 0.0927ms
interpretation of _aux_Init_Notation___macroRules_term_∉__1 took 0.0886ms
interpretation of _aux_Init_Notation___macroRules_term_::__1 took 0.0933ms
interpretation of _aux_Init_Notation___macroRules_term_<$>__1 took 0.0991ms
interpretation of _aux_Init_Notation___macroRules_term_>>=__1 took 0.0937ms
interpretation of _aux_Init_Notation___macroRules_term_<|>__1 took 0.102ms
interpretation of _aux_Init_Notation___macroRules_term_>>__1 took 0.125ms
interpretation of _aux_Init_Notation___macroRules_term_<*>__1 took 0.0944ms
interpretation of _aux_Init_Notation___macroRules_term_<*__1 took 0.0907ms
interpretation of _aux_Init_Notation___macroRules_term_*>__1 took 0.084ms
interpretation of _aux_Init_Notation___macroRules_termDepIfThenElse_1 took 0.0952ms
interpretation of _aux_Init_Notation___macroRules_termIfThenElse_1 took 0.0936ms
interpretation of _aux_Init_Notation___macroRules_termIfLet_1 took 0.0944ms
interpretation of _aux_Init_Notation___macroRules_boolIfThenElse_1 took 0.0912ms
interpretation of _aux_Init_Notation___macroRules_term_<|__1 took 0.0939ms
interpretation of _aux_Init_Notation___macroRules_term_|>__1 took 0.094ms
interpretation of _aux_Init_Notation___macroRules_term_$___1 took 0.0922ms
interpretation of _aux_Init_Notation___macroRules_term{_:_//_}_1 took 0.0982ms
interpretation of _aux_Init_Notation___macroRules_termWithout_expected_type__1 took 0.11ms
interpretation of Lean.Parser._aux_Init_Notation___macroRules_Lean_Parser_commandSeal___1 took 0.119ms
interpretation of Lean.Parser._aux_Init_Notation___macroRules_Lean_Parser_commandUnseal___1 took 0.0999ms
interpretation of Lean.Parser.Tactic._aux_Init_Tactics___macroRules_Lean_Parser_Tactic_tacticExfalso_1 took 0.119ms
interpretation of Lean.Parser.Tactic._aux_Init_Tactics___macroRules_Lean_Parser_Tactic_tacticNext_=>__1 took 0.129ms
interpretation of Lean.Parser.Tactic._aux_Init_Tactics___macroRules_Lean_Parser_Tactic_tacticTry__1 took 0.107ms
interpretation of Lean.Parser.Tactic._aux_Init_Tactics___macroRules_Lean_Parser_Tactic_tactic_<;>__1 took 0.102ms
interpretation of Lean.Parser.Tactic._aux_Init_Tactics___macroRules_Lean_Parser_Tactic_tacticRfl_1 took 0.103ms
interpretation of Lean.Parser.Tactic._aux_Init_Tactics___macroRules_Lean_Parser_Tactic_tacticRfl_2 took 0.106ms
interpretation of Lean.Parser.Tactic._aux_Init_Tactics___macroRules_Lean_Parser_Tactic_tacticRfl_3 took 0.0977ms
interpretation of Lean.Parser.Tactic._aux_Init_Tactics___macroRules_Lean_Parser_Tactic_tacticRfl'_1 took 0.102ms
interpretation of Lean.Parser.Tactic._aux_Init_Tactics___macroRules_Lean_Parser_Tactic_tacticSorry_1 took 0.107ms
interpretation of Lean.Parser.Tactic._aux_Init_Tactics___macroRules_Lean_Parser_Tactic_tacticAdmit_1 took 0.0958ms
interpretation of Lean.Parser.Tactic._aux_Init_Tactics___macroRules_Lean_Parser_Tactic_tacticInfer_instance_1 took 0.104ms
interpretation of Lean.Parser.Tactic._aux_Init_Tactics___macroRules_Lean_Parser_Tactic_rwSeq_1 took 0.0976ms
interpretation of Lean.Parser.Tactic._aux_Init_Tactics___macroRules_Lean_Parser_Tactic_tacticRwa___1 took 0.104ms
interpretation of Lean.Parser.Tactic._aux_Init_Tactics___macroRules_Lean_Parser_Tactic_tacticSimp?!__1 took 0.102ms
interpretation of Lean.Parser.Tactic._aux_Init_Tactics___macroRules_Lean_Parser_Tactic_tacticSimp_all?!__1 took 0.1ms
interpretation of Lean.Parser.Tactic._aux_Init_Tactics___macroRules_Lean_Parser_Tactic_tacticDsimp?!__1 took 0.0991ms
interpretation of Lean.Parser.Tactic._aux_Init_Tactics___macroRules_Lean_Parser_Tactic_tacticSimpa!__1 took 0.12ms
interpretation of Lean.Parser.Tactic._aux_Init_Tactics___macroRules_Lean_Parser_Tactic_tacticSimpa?__1 took 0.101ms
interpretation of Lean.Parser.Tactic._aux_Init_Tactics___macroRules_Lean_Parser_Tactic_tacticSimpa?!__1 took 0.128ms
interpretation of Lean.Parser.Tactic._aux_Init_Tactics___macroRules_Lean_Parser_Tactic_tacticSimpa!__1_1 took 0.155ms
interpretation of Lean.Parser.Tactic._aux_Init_Tactics___macroRules_Lean_Parser_Tactic_tacticSimpa?__1_1 took 0.153ms
interpretation of Lean.Parser.Tactic._aux_Init_Tactics___macroRules_Lean_Parser_Tactic_tacticSimpa?!__1_1 took 0.168ms
interpretation of Lean.Parser.Tactic._aux_Init_Tactics___macroRules_Lean_Parser_Tactic_tacticRefine_lift__1 took 0.169ms
interpretation of Lean.Parser.Tactic._aux_Init_Tactics___macroRules_Lean_Parser_Tactic_tacticHave___1 took 0.17ms
interpretation of Lean.Parser.Tactic._aux_Init_Tactics___macroRules_Lean_Parser_Tactic_tacticSuffices__1 took 0.164ms
interpretation of Lean.Parser.Tactic._aux_Init_Tactics___macroRules_Lean_Parser_Tactic_tacticLet___1 took 0.156ms
interpretation of Lean.Parser.Tactic._aux_Init_Tactics___macroRules_Lean_Parser_Tactic_letrec_1 took 0.193ms
interpretation of Lean.Parser.Tactic._aux_Init_Tactics___macroRules_Lean_Parser_Tactic_tacticRefine_lift'__1 took 0.159ms
interpretation of Lean.Parser.Tactic._aux_Init_Tactics___macroRules_Lean_Parser_Tactic_tacticHave'_1 took 0.178ms
interpretation of Lean.Parser.Tactic._aux_Init_Tactics___macroRules_Lean_Parser_Tactic_tacticLet'___1 took 0.224ms
interpretation of Lean.Parser.Tactic._aux_Init_Tactics___macroRules_Lean_Parser_Tactic_tacticStop__1 took 0.172ms
interpretation of Lean.Parser.Tactic._aux_Init_Tactics___macroRules_Lean_Parser_Tactic_tacticUnhygienic__1 took 0.187ms
interpretation of Lean.Parser.Tactic._aux_Init_Tactics___macroRules_Lean_Parser_Tactic_tacticExists_,,_1 took 0.222ms
interpretation of Lean.Parser.Tactic._aux_Init_Tactics___macroRules_Lean_Parser_Tactic_tacticNofun_1 took 0.16ms
interpretation of Lean.Parser.Tactic._aux_Init_Tactics___macroRules_Lean_Parser_Tactic_tacticNomatch_,,_1 took 0.167ms
interpretation of Lean.Parser.Tactic._aux_Init_Tactics___macroRules_Lean_Parser_Tactic_tacticAnd_intros_1 took 0.146ms
interpretation of Lean.Parser.Tactic._aux_Init_Tactics___macroRules_Lean_Parser_Tactic_tacticHaveI___1 took 0.137ms
interpretation of Lean.Parser.Tactic._aux_Init_Tactics___macroRules_Lean_Parser_Tactic_tacticLetI___1 took 0.111ms
interpretation of Lean.Parser.Tactic._aux_Init_Tactics___macroRules_Lean_Parser_Tactic_tacticTrivial_1 took 0.102ms
interpretation of Lean.Parser.Tactic._aux_Init_Tactics___macroRules_Lean_Parser_Tactic_tacticTrivial_2 took 0.0906ms
interpretation of Lean.Parser.Tactic._aux_Init_Tactics___macroRules_Lean_Parser_Tactic_tacticTrivial_3 took 0.0958ms
interpretation of Lean.Parser.Tactic._aux_Init_Tactics___macroRules_Lean_Parser_Tactic_tacticTrivial_4 took 0.0963ms
interpretation of Lean.Parser.Tactic._aux_Init_Tactics___macroRules_Lean_Parser_Tactic_tacticTrivial_5 took 0.151ms
interpretation of Lean.Parser.Tactic._aux_Init_Tactics___macroRules_Lean_Parser_Tactic_tacticTrivial_6 took 0.163ms
interpretation of Lean.Parser.Tactic._aux_Init_Tactics___macroRules_Lean_Parser_Tactic_tacticBv_omega_1 took 0.152ms
interpretation of Lean.Parser.Tactic._aux_Init_Tactics___macroRules_Lean_Parser_Tactic_tacticAssumption_mod_cast__1 took 0.216ms
interpretation of Lean.Parser.Tactic._aux_Init_Tactics___macroRules_Lean_Parser_Tactic_tacticNorm_cast___1 took 0.155ms
interpretation of Lean.Parser.Tactic._aux_Init_Tactics___macroRules_Lean_Parser_Tactic_tacticAc_nf__1 took 0.128ms
interpretation of Lean.Parser.Tactic._aux_Init_Tactics___macroRules_Lean_Parser_Tactic_showTermElab_1 took 0.143ms
interpretation of Lean.Parser.Tactic._aux_Init_Tactics___macroRules_Lean_Parser_Tactic_by?_1 took 0.163ms
interpretation of Lean.Parser.Tactic._aux_Init_Tactics___macroRules_Lean_Parser_Tactic_massumptionMacro_1 took 0.155ms
interpretation of Lean.Parser.Tactic._aux_Init_Tactics___macroRules_Lean_Parser_Tactic_mclearMacro_1 took 0.175ms
interpretation of Lean.Parser.Tactic._aux_Init_Tactics___macroRules_Lean_Parser_Tactic_mconstructorMacro_1 took 0.145ms
interpretation of Lean.Parser.Tactic._aux_Init_Tactics___macroRules_Lean_Parser_Tactic_mexactMacro_1 took 0.195ms
interpretation of Lean.Parser.Tactic._aux_Init_Tactics___macroRules_Lean_Parser_Tactic_mexfalsoMacro_1 took 0.144ms
interpretation of Lean.Parser.Tactic._aux_Init_Tactics___macroRules_Lean_Parser_Tactic_mexistsMacro_1 took 0.174ms
interpretation of Lean.Parser.Tactic._aux_Init_Tactics___macroRules_Lean_Parser_Tactic_mframeMacro_1 took 0.159ms
interpretation of Lean.Parser.Tactic._aux_Init_Tactics___macroRules_Lean_Parser_Tactic_mhaveMacro_1 took 0.155ms
interpretation of Lean.Parser.Tactic._aux_Init_Tactics___macroRules_Lean_Parser_Tactic_mreplaceMacro_1 took 0.148ms
interpretation of Lean.Parser.Tactic._aux_Init_Tactics___macroRules_Lean_Parser_Tactic_mleftMacro_1 took 0.175ms
interpretation of Lean.Parser.Tactic._aux_Init_Tactics___macroRules_Lean_Parser_Tactic_mrightMacro_1 took 0.19ms
interpretation of Lean.Parser.Tactic._aux_Init_Tactics___macroRules_Lean_Parser_Tactic_mpureMacro_1 took 0.154ms
interpretation of Lean.Parser.Tactic._aux_Init_Tactics___macroRules_Lean_Parser_Tactic_mpureIntroMacro_1 took 0.102ms
interpretation of Lean.Parser.Tactic._aux_Init_Tactics___macroRules_Lean_Parser_Tactic_mrevertMacro_1 took 0.126ms
interpretation of Lean.Parser.Tactic._aux_Init_Tactics___macroRules_Lean_Parser_Tactic_mrenameIMacro_1 took 0.106ms
interpretation of Lean.Parser.Tactic._aux_Init_Tactics___macroRules_Lean_Parser_Tactic_mspecializeMacro_1 took 0.105ms
interpretation of Lean.Parser.Tactic._aux_Init_Tactics___macroRules_Lean_Parser_Tactic_mspecializePureMacro_1 took 0.0978ms
interpretation of Lean.Parser.Tactic._aux_Init_Tactics___macroRules_Lean_Parser_Tactic_mstartMacro_1 took 0.133ms
interpretation of Lean.Parser.Tactic._aux_Init_Tactics___macroRules_Lean_Parser_Tactic_mstopMacro_1 took 0.127ms
interpretation of Lean.Parser.Tactic._aux_Init_Tactics___macroRules_Lean_Parser_Tactic_mleaveMacro_1 took 0.108ms
interpretation of Lean.Parser.Tactic._aux_Init_Tactics___macroRules_Lean_Parser_Tactic_mcasesMacro_1 took 0.145ms
interpretation of Lean.Parser.Tactic._aux_Init_Tactics___macroRules_Lean_Parser_Tactic_mrefineMacro_1 took 0.129ms
interpretation of Lean.Parser.Tactic._aux_Init_Tactics___macroRules_Lean_Parser_Tactic_mintroMacro_1 took 0.152ms
interpretation of Lean.Parser.Tactic._aux_Init_Tactics___macroRules_Lean_Parser_Tactic_mspecMacro_1 took 0.125ms
interpretation of Lean.Parser.Tactic._aux_Init_Tactics___macroRules_Lean_Parser_Tactic_mvcgenMacro_1 took 0.12ms
interpretation of Lean.Parser.Tactic._aux_Init_Tactics___macroRules_Lean_Parser_Tactic_vcgenMacro_1 took 0.123ms
interpretation of _aux_Init_Tactics___macroRules_term‹_›_1 took 0.156ms
interpretation of _aux_Init_Tactics___macroRules_tacticGet_elem_tactic_extensible_1 took 0.123ms
interpretation of _aux_Init_Tactics___macroRules_tacticGet_elem_tactic_extensible_2 took 0.125ms
interpretation of _aux_Init_Tactics___macroRules_tacticGet_elem_tactic_extensible_3 took 0.125ms
interpretation of _aux_Init_Tactics___macroRules_tacticGet_elem_tactic_1 took 0.122ms
interpretation of _aux_Init_Core___macroRules_term_<->__1 took 0.116ms
interpretation of _aux_Init_Core___macroRules_term_↔__1 took 0.147ms
interpretation of _aux_Init_Core___macroRules_term_⊕__1 took 0.113ms
interpretation of _aux_Init_Core___macroRules_term_⊕'__1 took 0.113ms
interpretation of _aux_Init_Core___macroRules_term_≈__1 took 0.103ms
interpretation of _aux_Init_Core___macroRules_term_⊆__1 took 0.107ms
interpretation of _aux_Init_Core___macroRules_term_⊂__1 took 0.131ms
interpretation of _aux_Init_Core___macroRules_term_⊇__1 took 0.12ms
interpretation of _aux_Init_Core___macroRules_term_⊃__1 took 0.125ms
interpretation of _aux_Init_Core___macroRules_term_∪__1 took 0.122ms
interpretation of _aux_Init_Core___macroRules_term_∩__1 took 0.138ms
interpretation of _aux_Init_Core___macroRules_term_\__1 took 0.123ms
interpretation of _aux_Init_Core___macroRules_term{}_1 took 0.12ms
interpretation of _aux_Init_Core___macroRules_term∅_1 took 0.151ms
interpretation of _aux_Init_Core___macroRules_term_!=__1 took 0.13ms
interpretation of _aux_Init_Core___macroRules_term_!=__2 took 0.15ms
interpretation of _aux_Init_Core___macroRules_term_≠__1 took 0.142ms
interpretation of _aux_Init_Core___macroRules_term_≠__2 took 0.127ms
interpretation of _aux_Init_Core___macroRules_Lean_Parser_Tactic_tacticRfl_1 took 0.135ms
interpretation of _aux_Init_Control_Basic___macroRules_term_<&>__1 took 0.14ms
interpretation of _aux_Init_Control_Basic___macroRules_term_<||>__1 took 0.142ms
interpretation of _aux_Init_Control_Basic___macroRules_term_<&&>__1 took 0.16ms
interpretation of _aux_Init_Control_Basic___macroRules_term_>=>__1 took 0.152ms
interpretation of _aux_Init_Control_Basic___macroRules_term_<=<__1 took 0.147ms
interpretation of _aux_Init_Control_Basic___macroRules_term_=<<__1 took 0.144ms
interpretation of Lean.Parser.Tactic.Grind._aux_Init_Grind_Interactive___macroRules_Lean_Parser_Tactic_Grind_use_1 took 0.179ms
interpretation of Lean.Parser.Tactic.Grind._aux_Init_Grind_Interactive___macroRules_Lean_Parser_Tactic_Grind_grind·__1 took 0.175ms
interpretation of Lean.Parser.Tactic.Grind._aux_Init_Grind_Interactive___macroRules_Lean_Parser_Tactic_Grind_grind_<;>__1 took 0.0924ms
interpretation of Lean.Parser.Tactic.Grind._aux_Init_Grind_Interactive___macroRules_Lean_Parser_Tactic_Grind_grindTry__1 took 0.101ms
interpretation of Lean.Parser.Tactic.Grind._aux_Init_Grind_Interactive___macroRules_Lean_Parser_Tactic_Grind_grindAdmit_1 took 0.105ms
interpretation of Lean.Parser.Tactic.Grind._aux_Init_Grind_Interactive___macroRules_Lean_Parser_Tactic_Grind_grindRepeat__1 took 0.0718ms
interpretation of Lean.Parser.Tactic.Grind._aux_Init_Grind_Interactive___macroRules_Lean_Parser_Tactic_Grind_symIntroLight_1 took 0.0726ms
interpretation of Lean.Parser.Tactic.Grind._aux_Init_Grind_Interactive___macroRules_Lean_Parser_Tactic_Grind_symIntrosLight_1 took 0.0781ms
interpretation of Lean.Parser.Tactic.Grind._aux_Init_Grind_Interactive___macroRules_Lean_Parser_Tactic_Grind_grindExact__1 took 0.42ms
interpretation of Int._aux_Init_Data_Int_Basic___macroRules_Int_term-[_+1]_1 took 0.101ms
interpretation of Lean._aux_Init_Data_List_Notation___macroRules_term[_]_1 took 0.109ms
interpretation of List._aux_Init_Data_List_Basic___macroRules_List_term_<+__1 took 0.106ms
interpretation of List._aux_Init_Data_List_Basic___macroRules_List_term_<+:__1 took 0.128ms
interpretation of List._aux_Init_Data_List_Basic___macroRules_List_term_<:+__1 took 0.162ms
interpretation of List._aux_Init_Data_List_Basic___macroRules_List_term_<:+:__1 took 0.149ms
interpretation of List._aux_Init_Data_List_Basic___macroRules_List_term_~__1 took 0.127ms
interpretation of _aux_Init_WFTactics___macroRules_tacticSimp_wf_1 took 0.13ms
interpretation of _aux_Init_WFTactics___macroRules_tacticClean_wf_1 took 0.136ms
interpretation of _aux_Init_WFTactics___macroRules_tacticDecreasing_trivial_1 took 0.115ms
interpretation of _aux_Init_WFTactics___macroRules_tacticDecreasing_trivial_2 took 0.0876ms
interpretation of _aux_Init_WFTactics___macroRules_tacticDecreasing_trivial_3 took 0.0812ms
interpretation of _aux_Init_WFTactics___macroRules_tacticDecreasing_trivial_pre_omega_1 took 0.136ms
interpretation of _aux_Init_WFTactics___macroRules_tacticDecreasing_trivial_pre_omega_2 took 0.151ms
interpretation of _aux_Init_WFTactics___macroRules_tacticDecreasing_trivial_pre_omega_3 took 0.158ms
interpretation of _aux_Init_WFTactics___macroRules_tacticDecreasing_with__1 took 0.148ms
interpretation of _aux_Init_WFTactics___macroRules_tacticDecreasing_tactic_1 took 0.149ms
interpretation of _aux_Init_GetElem___macroRules_term__[_]_1 took 0.179ms
interpretation of _aux_Init_GetElem___macroRules_term__[_]'__1 took 0.307ms
interpretation of _aux_Init_GetElem___macroRules_term__[_]_?_1 took 0.147ms
interpretation of _aux_Init_GetElem___macroRules_term__[_]_!_1 took 0.209ms
interpretation of Fin._aux_Init_GetElem___macroRules_tacticGet_elem_tactic_extensible_1 took 0.17ms
interpretation of _aux_Init_Data_Array_Basic___macroRules_term#[_,]_1 took 0.11ms
interpretation of Lean._aux_Init_Meta___macroRules_Lean_Parser_Syntax_addPrec_1 took 0.159ms
interpretation of Lean._aux_Init_Meta___macroRules_Lean_Parser_Syntax_subPrec_1 took 0.148ms
interpretation of Lean._aux_Init_Meta___macroRules_Lean_termEval_prec__1 took 0.14ms
interpretation of Lean._aux_Init_Meta___macroRules_Lean_Parser_Syntax_addPrio_1 took 0.141ms
interpretation of Lean._aux_Init_Meta___macroRules_Lean_Parser_Syntax_subPrio_1 took 0.163ms
interpretation of Lean._aux_Init_Meta___macroRules_Lean_termEval_prio__1 took 0.136ms
interpretation of Lean.Parser.Tactic._aux_Init_Meta___macroRules_Lean_Parser_Tactic_tacticErw____1 took 0.213ms
interpretation of Lean.Parser.Tactic._aux_Init_Meta___macroRules_Lean_Parser_Tactic_declareSimpLikeTactic_1 took 0.167ms
interpretation of Lean.Parser.Tactic.expandSimp._@.Init.Meta.4021577198._hygCtx._hyg.3 took 0.182ms
interpretation of Lean.Parser.Tactic.expandSimp._@.Init.Meta.3079349156._hygCtx._hyg.3 took 0.154ms
interpretation of Lean.Parser.Tactic.expandSimp._@.Init.Meta.4207919134._hygCtx._hyg.3 took 0.151ms
interpretation of Lean.Parser.Tactic._aux_Init_TacticsExtra___macroRules_Lean_Parser_Tactic_tacDepIfThenElse_1 took 0.172ms
interpretation of Lean.Parser.Tactic._aux_Init_TacticsExtra___macroRules_Lean_Parser_Tactic_tacIfThenElse_1 took 0.154ms
interpretation of Lean.Parser.Tactic._aux_Init_TacticsExtra___macroRules_Lean_Parser_Tactic_tacticIterate_____1 took 0.176ms
interpretation of Lean.Parser.Tactic._aux_Init_TacticsExtra___macroRules_Lean_Parser_Tactic_tacticRw_mod_cast____1 took 0.169ms
interpretation of Lean.Parser.Tactic._aux_Init_TacticsExtra___macroRules_Lean_Parser_Tactic_tacticExact_mod_cast__1 took 0.175ms
interpretation of Lean.Parser.Tactic._aux_Init_TacticsExtra___macroRules_Lean_Parser_Tactic_tacticApply_mod_cast__1 took 0.167ms
interpretation of _aux_Init_ByCases___macroRules_tacticBy_cases_:__1 took 0.147ms
interpretation of _aux_Init_ByCases___macroRules_tacticBy_cases_:__2 took 0.148ms
interpretation of Lean.Parser.Tactic.Conv._aux_Init_Conv___macroRules_Lean_Parser_Tactic_Conv_convRfl_1 took 0.166ms
interpretation of Lean.Parser.Tactic.Conv._aux_Init_Conv___macroRules_Lean_Parser_Tactic_Conv_convDone_1 took 0.168ms
interpretation of Lean.Parser.Tactic.Conv._aux_Init_Conv___macroRules_Lean_Parser_Tactic_Conv_convTrace_state_1 took 0.182ms
interpretation of Lean.Parser.Tactic.Conv._aux_Init_Conv___macroRules_Lean_Parser_Tactic_Conv_allGoals_1 took 0.179ms
interpretation of Lean.Parser.Tactic.Conv._aux_Init_Conv___macroRules_Lean_Parser_Tactic_Conv_anyGoals_1 took 0.165ms
interpretation of Lean.Parser.Tactic.Conv._aux_Init_Conv___macroRules_Lean_Parser_Tactic_Conv_case_1 took 0.174ms
interpretation of Lean.Parser.Tactic.Conv._aux_Init_Conv___macroRules_Lean_Parser_Tactic_Conv_case'_1 took 0.168ms
interpretation of Lean.Parser.Tactic.Conv._aux_Init_Conv___macroRules_Lean_Parser_Tactic_Conv_convNext__=>__1 took 0.154ms
interpretation of Lean.Parser.Tactic.Conv._aux_Init_Conv___macroRules_Lean_Parser_Tactic_Conv_focus_1 took 0.107ms
interpretation of Lean.Parser.Tactic.Conv._aux_Init_Conv___macroRules_Lean_Parser_Tactic_Conv_conv·__1 took 0.113ms
interpretation of Lean.Parser.Tactic.Conv._aux_Init_Conv___macroRules_Lean_Parser_Tactic_Conv_failIfSuccess_1 took 0.119ms
interpretation of Lean.Parser.Tactic.Conv._aux_Init_Conv___macroRules_Lean_Parser_Tactic_Conv_convRw___1 took 0.0949ms
interpretation of Lean.Parser.Tactic.Conv._aux_Init_Conv___macroRules_Lean_Parser_Tactic_Conv_convErw___1 took 0.133ms
interpretation of Lean.Parser.Tactic.Conv._aux_Init_Conv___macroRules_Lean_Parser_Tactic_Conv_convArgs_1 took 0.108ms
interpretation of Lean.Parser.Tactic.Conv._aux_Init_Conv___macroRules_Lean_Parser_Tactic_Conv_convLeft_1 took 0.103ms
interpretation of Lean.Parser.Tactic.Conv._aux_Init_Conv___macroRules_Lean_Parser_Tactic_Conv_convRight_1 took 0.0972ms
interpretation of Lean.Parser.Tactic.Conv._aux_Init_Conv___macroRules_Lean_Parser_Tactic_Conv_convIntro____1 took 0.18ms
interpretation of Lean.Parser.Tactic.Conv._aux_Init_Conv___macroRules_Lean_Parser_Tactic_Conv_convApply__1 took 0.159ms
interpretation of Lean.Parser.Tactic.Conv._aux_Init_Conv___macroRules_Lean_Parser_Tactic_Conv_convTry__1 took 0.163ms
interpretation of Lean.Parser.Tactic.Conv._aux_Init_Conv___macroRules_Lean_Parser_Tactic_Conv_conv_<;>__1 took 0.172ms
interpretation of Lean.Parser.Tactic.Conv._aux_Init_Conv___macroRules_Lean_Parser_Tactic_Conv_convRepeat__1 took 0.162ms
interpretation of Lean._aux_Init_NotationExtra___macroRules_Lean_command__Unif_hint____Where_|_-⊢___1 took 0.195ms
interpretation of _aux_Init_NotationExtra___macroRules_term∃_,__1 took 0.152ms
interpretation of _aux_Init_NotationExtra___macroRules_termExists_,__1 took 0.162ms
interpretation of _aux_Init_NotationExtra___macroRules_termΣ_,__1 took 0.18ms
interpretation of _aux_Init_NotationExtra___macroRules_termΣ'_,__1 took 0.143ms
interpretation of _aux_Init_NotationExtra___macroRules_term_×__1_1 took 0.14ms
interpretation of _aux_Init_NotationExtra___macroRules_term_×'__1_1 took 0.145ms
interpretation of Lean._aux_Init_NotationExtra___macroRules_Lean_convCalc__1 took 0.15ms
interpretation of _aux_Init_NotationExtra___macroRules_tacticFunext____1 took 0.157ms
interpretation of _aux_Init_NotationExtra___macroRules_term%[_|_]_1 took 0.15ms
interpretation of _aux_Init_NotationExtra___macroRules_Lean_Parser_Command_classAbbrev_1 took 0.164ms
interpretation of Lean._aux_Init_NotationExtra___macroRules_Lean_solveTactic_1 took 0.176ms
interpretation of Lean._aux_Init_NotationExtra___macroRules_Lean_term_Matches_|_1 took 0.15ms
interpretation of _aux_Init_NotationExtra___macroRules_term{_}_1 took 0.148ms
interpretation of Lean.Elab.Tactic.Ext._aux_Init_Ext___macroRules_Lean_Elab_Tactic_Ext_tacticExt1____1 took 0.141ms
interpretation of Lean._aux_Init_BinderPredicates___macroRules_Lean_term∃__,__1 took 0.106ms
interpretation of Lean._aux_Init_BinderPredicates___macroRules_Lean_term∀__,__1 took 0.0977ms
interpretation of Lean._aux_Init_BinderPredicates___macroRules_Lean_termSatisfies_binder_pred%___1 took 0.1ms
interpretation of Lean._aux_Init_BinderPredicates___macroRules_Lean_termSatisfies_binder_pred%___2 took 0.109ms
interpretation of Lean._aux_Init_BinderPredicates___macroRules_Lean_termSatisfies_binder_pred%___3 took 0.0919ms
interpretation of Lean._aux_Init_BinderPredicates___macroRules_Lean_termSatisfies_binder_pred%___4 took 0.0983ms
interpretation of Lean._aux_Init_BinderPredicates___macroRules_Lean_termSatisfies_binder_pred%___5 took 0.0923ms
interpretation of Lean._aux_Init_BinderPredicates___macroRules_Lean_termSatisfies_binder_pred%___6 took 0.0924ms
interpretation of Lean._aux_Init_BinderPredicates___macroRules_Lean_termSatisfies_binder_pred%___7 took 0.106ms
interpretation of Lean._aux_Init_BinderPredicates___macroRules_Lean_termSatisfies_binder_pred%___8 took 0.0941ms
interpretation of Lean._aux_Init_BinderPredicates___macroRules_Lean_termSatisfies_binder_pred%___9 took 0.0976ms
interpretation of Lean._aux_Init_BinderPredicates___macroRules_Lean_termSatisfies_binder_pred%___10 took 0.0968ms
interpretation of Lean._aux_Init_BinderPredicates___macroRules_Lean_termSatisfies_binder_pred%___11 took 0.101ms
interpretation of Bool._aux_Init_Data_Bool___macroRules_Bool_term_^^__1 took 0.091ms
interpretation of List._aux_Init_Data_List_BasicAux___macroRules_List_tacticSizeOf_list_dec_1 took 0.107ms
interpretation of List._aux_Init_Data_List_BasicAux___macroRules_tacticDecreasing_trivial_1 took 0.103ms
interpretation of BitVec._aux_Init_Data_BitVec_Basic___macroRules_BitVec_term__#___1 took 0.0948ms
interpretation of BitVec._aux_Init_Data_BitVec_Basic___macroRules_BitVec_term__#'___1 took 0.093ms
interpretation of String._aux_Init_Data_String_Termination___macroRules_tacticDecreasing_trivial_1 took 0.0966ms
interpretation of String._aux_Init_Data_String_Termination___macroRules_tacticDecreasing_trivial_2 took 0.0976ms
interpretation of String._aux_Init_Data_String_Termination___macroRules_tacticDecreasing_trivial_3 took 0.109ms
interpretation of String._aux_Init_Data_String_Termination___macroRules_tacticDecreasing_trivial_4 took 0.0955ms
interpretation of String.Legacy.Iterator._aux_Init_Data_String_Iterator___macroRules_tacticDecreasing_trivial_1 took 0.103ms
interpretation of String.Legacy.Iterator._aux_Init_Data_String_Iterator___macroRules_tacticDecreasing_trivial_2 took 0.105ms
interpretation of Std._aux_Init_Data_Iterators_Basic___macroRules_tacticDecreasing_trivial_1 took 0.12ms
interpretation of Std._aux_Init_Data_Iterators_Basic___macroRules_tacticDecreasing_trivial_2 took 0.0947ms
interpretation of Std._aux_Init_Data_Iterators_Basic___macroRules_tacticDecreasing_trivial_3 took 0.12ms
interpretation of Std._aux_Init_Data_Iterators_Basic___macroRules_tacticDecreasing_trivial_4 took 0.113ms
interpretation of Std._aux_Init_Data_Range_Polymorphic_PRange___macroRules_Std_term_...=__1 took 0.0939ms
interpretation of Std._aux_Init_Data_Range_Polymorphic_PRange___macroRules_Std_term*...=__1 took 0.102ms
interpretation of Std._aux_Init_Data_Range_Polymorphic_PRange___macroRules_Std_term_...*_1 took 0.101ms
interpretation of Std._aux_Init_Data_Range_Polymorphic_PRange___macroRules_Std_term*...*_1 took 0.116ms
interpretation of Std._aux_Init_Data_Range_Polymorphic_PRange___macroRules_Std_term_<...=__1 took 0.169ms
interpretation of Std._aux_Init_Data_Range_Polymorphic_PRange___macroRules_Std_term_<...*_1 took 0.101ms
interpretation of Std._aux_Init_Data_Range_Polymorphic_PRange___macroRules_Std_term_...<__1 took 0.101ms
interpretation of Std._aux_Init_Data_Range_Polymorphic_PRange___macroRules_Std_term_...__1 took 0.131ms
interpretation of Std._aux_Init_Data_Range_Polymorphic_PRange___macroRules_Std_term*...<__1 took 0.153ms
interpretation of Std._aux_Init_Data_Range_Polymorphic_PRange___macroRules_Std_term*...__1 took 0.171ms
interpretation of Std._aux_Init_Data_Range_Polymorphic_PRange___macroRules_Std_term_<...<__1 took 0.143ms
interpretation of Std._aux_Init_Data_Range_Polymorphic_PRange___macroRules_Std_term_<...__1 took 0.15ms
interpretation of Vector._aux_Init_Data_Vector_Basic___macroRules_Vector_term#v[_,]_1 took 0.144ms
interpretation of Std.Legacy.Range._aux_Init_Data_Range_Basic___macroRules_Std_Legacy_Range_term[:_]_1 took 0.195ms
interpretation of Std.Legacy.Range._aux_Init_Data_Range_Basic___macroRules_Std_Legacy_Range_term[_:_]_1 took 0.19ms
interpretation of Std.Legacy.Range._aux_Init_Data_Range_Basic___macroRules_Std_Legacy_Range_term[_:_:_]_1 took 0.159ms
interpretation of Std.Legacy.Range._aux_Init_Data_Range_Basic___macroRules_Std_Legacy_Range_term[:_:_]_1 took 0.16ms
interpretation of _aux_Init_Data_Range_Basic___macroRules_tacticGet_elem_tactic_extensible_1 took 0.205ms
interpretation of Array._aux_Init_Data_Array_Subarray___macroRules_Array_term__[_:_]_1 took 0.191ms
interpretation of Array._aux_Init_Data_Array_Subarray___macroRules_Array_term__[:_]_1 took 0.282ms
interpretation of Array._aux_Init_Data_Array_Subarray___macroRules_Array_term__[_:]_1 took 0.176ms
interpretation of String.Internal._aux_Init_Data_String_OrderInstances___macroRules_String_Internal_tacticOrder_1 took 0.192ms
interpretation of Array._aux_Init_Data_Array_Mem___macroRules_Array_tacticArray_get_dec_1 took 0.119ms
interpretation of Array._aux_Init_Data_Array_Mem___macroRules_tacticDecreasing_trivial_1 took 0.152ms
interpretation of Array._aux_Init_Data_Array_Mem___macroRules_Array_tacticArray_mem_dec_1 took 0.0955ms
interpretation of Array._aux_Init_Data_Array_Mem___macroRules_tacticDecreasing_trivial_2 took 0.0927ms
interpretation of Array._aux_Init_Data_Array_Perm___macroRules_Array_term_~__1 took 0.133ms
interpretation of Std._aux_Init_Data_Slice_Notation___macroRules_term__[_]_1 took 0.111ms
interpretation of Std._aux_Init_Data_Range_Polymorphic_Basic___macroRules_tacticGet_elem_tactic_extensible_1 took 0.122ms
interpretation of _aux_Init_Data_UInt_Lemmas___macroRules_commandDeclare_uint_theorems___1 took 0.161ms
interpretation of _aux_Init_Data_UInt_Bitwise___macroRules_commandDeclare_bitwise_uint_theorems___1 took 0.156ms
interpretation of _aux_Init_Data_SInt_Lemmas___macroRules_commandDeclare_int_theorems___1 took 0.139ms
interpretation of _aux_Init_Data_SInt_Bitwise___macroRules_commandDeclare_bitwise_int_theorems___1 took 0.165ms
interpretation of _aux_Init_System_IO___macroRules_termPrintln!___1 took 0.128ms
interpretation of _aux_Init_Data_ToString_Macro___macroRules_termS!__1 took 0.138ms
interpretation of Std._aux_Init_Data_Format_Macro___macroRules_Std_termF!__1 took 0.175ms
interpretation of Vector._aux_Init_Data_Vector_Perm___macroRules_Vector_term_~__1 took 0.151ms
interpretation of Rat._aux_Init_Data_Rat_Basic___macroRules_Rat_term_/.__1 took 0.173ms
interpretation of Lean.Parser._aux_Init_Grind_Propagator___macroRules_Lean_Parser_command_Builtin_grind_propagator____:=__1 took 0.157ms
interpretation of DerivingHelpers._aux_Init_LawfulBEqTactics___macroRules_DerivingHelpers_tacticDeriving_ReflEq_tactic_1 took 0.185ms
interpretation of _aux_Init_LawfulBEqTactics___macroRules_tacticDeriving_LawfulEq_tactic_step_1 took 0.105ms
interpretation of _aux_Init_LawfulBEqTactics___macroRules_tacticDeriving_LawfulEq_tactic_step_2 took 0.0906ms
interpretation of _aux_Init_LawfulBEqTactics___macroRules_tacticDeriving_LawfulEq_tactic_step_3 took 0.0962ms
interpretation of _aux_Init_LawfulBEqTactics___macroRules_tacticDeriving_LawfulEq_tactic_step_4 took 0.0973ms
interpretation of _aux_Init_LawfulBEqTactics___macroRules_tacticDeriving_LawfulEq_tactic_step_5 took 0.0867ms
interpretation of _aux_Init_LawfulBEqTactics___macroRules_tacticDeriving_LawfulEq_tactic_step_6 took 0.131ms
interpretation of _aux_Init_LawfulBEqTactics___macroRules_tacticDeriving_LawfulEq_tactic_1 took 0.109ms
interpretation of _aux_Init_Data_Range_Polymorphic_GetElemTactic___macroRules_tacticGet_elem_tactic_extensible_1 took 0.125ms
interpretation of Lean.Parser._aux_Init_Simproc___macroRules_Lean_Parser_command_Simproc_decl_(_):=__1 took 0.163ms
interpretation of Lean.Parser._aux_Init_Simproc___macroRules_Lean_Parser_command_Dsimproc_decl_(_):=__1 took 0.195ms
interpretation of Lean.Parser._aux_Init_Simproc___macroRules_Lean_Parser_command_Builtin_simproc_decl_(_):=__1 took 0.132ms
interpretation of Lean.Parser._aux_Init_Simproc___macroRules_Lean_Parser_command_Builtin_dsimproc_decl_(_):=__1 took 0.135ms
interpretation of Lean.Parser._aux_Init_Simproc___macroRules_Lean_Parser_command__Simproc__[_]_(_):=__1 took 0.14ms
interpretation of Lean.Parser._aux_Init_Simproc___macroRules_Lean_Parser_command__Dsimproc__[_]_(_):=__1 took 0.122ms
interpretation of Lean.Parser._aux_Init_Simproc___macroRules_Lean_Parser_command__Builtin_simproc__[_]_(_):=__1 took 0.147ms
interpretation of Lean.Parser._aux_Init_Simproc___macroRules_Lean_Parser_command__Builtin_dsimproc__[_]_(_):=__1 took 0.121ms
interpretation of Lean.Parser._aux_Init_CbvSimproc___macroRules_Lean_Parser_command_Cbv_simproc_decl_(_):=__1 took 0.137ms
interpretation of Lean.Parser._aux_Init_CbvSimproc___macroRules_Lean_Parser_command_Builtin_cbv_simproc_decl_(_):=__1 took 0.129ms
interpretation of Lean.Parser._aux_Init_CbvSimproc___macroRules_Lean_Parser_command__Cbv_simproc____(_):=__1 took 0.122ms
interpretation of Lean.Parser._aux_Init_CbvSimproc___macroRules_Lean_Parser_command__Builtin_cbv_simproc____(_):=__1 took 0.13ms
interpretation of Lean._aux_Init_MacroTrace___macroRules_Lean_termMacro.trace[_]__1 took 0.137ms
interpretation of Lean.Order._aux_Init_Internal_Order_Basic___macroRules_Lean_Order_term_⊑__1 took 0.157ms
interpretation of Lean.Order._aux_Init_Internal_Order_Basic___macroRules_Lean_Order_term⊥_1 took 0.175ms
interpretation of _aux_Init_Try___macroRules_tactic∎_1 took 0.132ms
interpretation of _aux_Init_Try___macroRules_term∎_1 took 0.123ms
interpretation of Std.DHashMap.Raw._aux_Std_Data_DHashMap_Raw___macroRules_Std_DHashMap_Raw_term_~m__1 took 0.172ms
interpretation of Std.DHashMap._aux_Std_Data_DHashMap_Basic___macroRules_Std_DHashMap_term_~m__1 took 0.148ms
interpretation of Std.HashMap._aux_Std_Data_HashMap_Basic___macroRules_Std_HashMap_term_~m__1 took 0.164ms
interpretation of Std.HashSet._aux_Std_Data_HashSet_Basic___macroRules_Std_HashSet_term_~m__1 took 0.137ms
interpretation of Std.DTreeMap.Internal.Impl._aux_Std_Data_DTreeMap_Internal_Balancing___macroRules_Std_DTreeMap_Internal_Impl_tacticTree_tac_1 took 0.144ms
interpretation of Std.DTreeMap.Internal.Impl._aux_Std_Data_DTreeMap_Internal_Balancing___macroRules_Std_DTreeMap_Internal_Impl_term✓_1 took 0.13ms
interpretation of Std.DTreeMap.Internal.Impl._aux_Std_Data_DTreeMap_Internal_Queries___macroRules_Std_DTreeMap_Internal_Impl_term_~m__1 took 0.131ms
interpretation of Std.DTreeMap._aux_Std_Data_DTreeMap_Basic___macroRules_Std_DTreeMap_term_~m__1 took 0.165ms
interpretation of Std.TreeMap._aux_Std_Data_TreeMap_Basic___macroRules_Std_TreeMap_term_~m__1 took 0.126ms
interpretation of Std.TreeSet._aux_Std_Data_TreeSet_Basic___macroRules_Std_TreeSet_term_~m__1 took 0.113ms
interpretation of Std.HashMap.Raw._aux_Std_Data_HashMap_Raw___macroRules_Std_HashMap_Raw_term_~m__1 took 0.142ms
interpretation of Lean.Option._aux_Lean_Data_Options___macroRules_Lean_Option_registerBuiltinOption_1 took 0.533ms
interpretation of Lean.Option._aux_Lean_Data_Options___macroRules_Lean_Option_registerOption_1 took 0.432ms
interpretation of Std.DTreeMap.Raw._aux_Std_Data_DTreeMap_Raw_Basic___macroRules_Std_DTreeMap_Raw_term_~m__1 took 0.188ms
interpretation of Std.TreeMap.Raw._aux_Std_Data_TreeMap_Raw_Basic___macroRules_Std_TreeMap_Raw_term_~m__1 took 0.16ms
interpretation of Lean._aux_Lean_Message___macroRules_Lean_termM!__1 took 0.462ms
interpretation of Lean._aux_Lean_Exception___macroRules_Lean_termThrowError___1 took 0.353ms
interpretation of Lean._aux_Lean_Exception___macroRules_Lean_termThrowErrorAt_____1 took 0.31ms
interpretation of Lean._aux_Lean_Util_Trace___macroRules_Lean_doElemTrace[_]___1 took 0.3ms
interpretation of Lean.PrettyPrinter.Delaborator._aux_Lean_PrettyPrinter_Delaborator_Basic___macroRules_Lean_PrettyPrinter_Delaborator_attrApp_delab__1 took 0.228ms
interpretation of Lean._aux_Lean_Parser_Extra___macroRules_Lean_termRegister_parser_alias(Kind:=_)_______1 took 0.228ms
interpretation of Lean.Json._aux_Lean_Data_Json_Elab___macroRules_Lean_Json_termJson%__1 took 0.32ms
interpretation of expandLemma took 0.566ms
interpretation of Lean._aux_Lean_Meta_Tactic_Simp_BuiltinSimprocs_UInt___macroRules_Lean_commandDeclare_uint_simprocs__1 took 0.218ms
interpretation of Lean._aux_Lean_Meta_Tactic_Simp_BuiltinSimprocs_SInt___macroRules_Lean_commandDeclare_sint_simprocs__1 took 0.264ms
interpretation of Lean.Meta.Simp._aux_Lean_Meta_Tactic_Simp_RegisterCommand___macroRules_Lean_Meta_Simp__root__Lean_Parser_Command_registerSimpAttr_1 took 0.276ms
interpretation of Batteries.Tactic._aux_Batteries_Tactic_Unreachable___macroRules_Batteries_Tactic_unreachableConv_1 took 0.704ms
interpretation of Batteries.Tactic._aux_Batteries_Tactic_HelpCmd___macroRules_Batteries_Tactic_command#help_Term+_____1 took 0.575ms
interpretation of Batteries.Tactic._aux_Batteries_Tactic_HelpCmd___macroRules_Batteries_Tactic_command#help_Tactic+_____1 took 0.558ms
interpretation of Batteries.Tactic._aux_Batteries_Tactic_HelpCmd___macroRules_Batteries_Tactic_command#help_Conv+_____1 took 0.535ms
interpretation of Batteries.Tactic._aux_Batteries_Tactic_HelpCmd___macroRules_Batteries_Tactic_command#help_Command+_____1 took 0.815ms
interpretation of adaptationNoteTermElab took 0.912ms
interpretation of Lean.Elab.Term._aux_Mathlib_Tactic_TypeStar___elabRules_Lean_Elab_Term_termSort*_1 took 0.844ms
interpretation of Lean.Elab.Term._aux_Mathlib_Tactic_TypeStar___elabRules_Lean_Elab_Term_termType*_1 took 0.865ms
interpretation of elabWantedRef took 0.577ms
interpretation of _aux_Mathlib_Tactic_AdaptationNote___elabRules_tactic#adaptation_note__1 took 0.919ms
interpretation of Mathlib.Linter.HaveILetI._aux_Mathlib_Tactic_Linter_HaveILetI___elabRules_Mathlib_Linter_HaveILetI_tacticHaveI___1 took 0.881ms
interpretation of Mathlib.Linter.HaveILetI._aux_Mathlib_Tactic_Linter_HaveILetI___elabRules_Mathlib_Linter_HaveILetI_tacticLetI___1 took 0.826ms
interpretation of Batteries.Tactic._aux_Batteries_Tactic_Unreachable___elabRules_Batteries_Tactic_unreachable_1 took 1.45ms
interpretation of Mathlib.Linter.Style._aux_Mathlib_Tactic_Linter_Style___elabRules_Mathlib_Linter_Style_show_1 took 1.36ms
interpretation of Mathlib.Tactic.ExtractGoal._aux_Mathlib_Tactic_ExtractGoal___elabRules_Mathlib_Tactic_ExtractGoal_extractGoal_1 took 0.935ms
interpretation of Lean.Linter._aux_Lean_Linter_Sets___elabRules_Lean_Linter_command_Register_linter_set_:=__1 took 0.176ms
interpretation of _aux_Mathlib_Tactic_AdaptationNote___elabRules_adaptationNoteCmd_1 took 0.805ms
interpretation of Mathlib.Linter.UnusedTactic._aux_Mathlib_Tactic_Linter_UnusedTacticExtension___elabRules_Mathlib_Linter_UnusedTactic_command#allow_unused_tactic!____1 took 0.611ms
interpretation of Mathlib.Linter.UnusedTactic._aux_Mathlib_Tactic_Linter_UnusedTacticExtension___elabRules_Mathlib_Linter_UnusedTactic_command#show_kind__1 took 0.512ms
interpretation of Mathlib.Command.MinImports._aux_Mathlib_Tactic_MinImports___elabRules_Mathlib_Command_MinImports_minImpsStx_1 took 0.631ms
interpretation of Mathlib.Command.MinImports._aux_Mathlib_Tactic_MinImports___elabRules_Mathlib_Command_MinImports_command#min_importsIn__1 took 0.87ms
interpretation of Mathlib.GuardExceptions._aux_Mathlib_Util_ParseCommand___elabRules_Mathlib_GuardExceptions_parseCmd_1 took 0.817ms
interpretation of Batteries.Util.LibraryNote._aux_Batteries_Util_LibraryNote___elabRules_Batteries_Util_LibraryNote_commandLibrary_note____1 took 0.791ms
interpretation of Batteries.Tactic._aux_Batteries_Tactic_HelpCmd___elabRules_Batteries_Tactic_command#help_Option____1 took 0.551ms
interpretation of Batteries.Tactic._aux_Batteries_Tactic_HelpCmd___elabRules_Batteries_Tactic_command#help_AttrAttribute____1 took 0.512ms
interpretation of Batteries.Tactic._aux_Batteries_Tactic_HelpCmd___elabRules_Batteries_Tactic_command#help_Cats____1 took 0.497ms
interpretation of Batteries.Tactic._aux_Batteries_Tactic_HelpCmd___elabRules_Batteries_Tactic_command#help_Cat+_______1 took 0.576ms
interpretation of Batteries.Tactic._aux_Batteries_Tactic_HelpCmd___elabRules_Batteries_Tactic_command#help_Note____1 took 0.871ms
interpretation of elabTheoremWanted took 0.767ms
interpretation of elabProofWanted took 0.541ms
interpretation of elabDefWanted took 0.516ms
interpretation of elabInstanceWanted took 0.547ms
interpretation of _aux_ImportGraph_Tools_FindHome___elabRules_command#find_home!__1 took 0.771ms
interpretation of _aux_ImportGraph_Tools_ImportDiff___elabRules_command#import_diff__1 took 0.8ms
interpretation of _aux_ImportGraph_Tools_MinImports___elabRules_command#min_imports_1 took 1.29ms
interpretation of _aux_ImportGraph_Tools_MinImports___elabRules_command#minimize_imports_1 took 1.34ms
interpretation of _aux_ImportGraph_Tools_RedundantImports___elabRules_command#redundant_imports_1 took 1.33ms
interpretation of Lean.Elab.Command.elabOpenPrivate took 0.925ms
interpretation of Lean.Elab.Command.elabExportPrivate took 0.615ms
interpretation of Batteries.Tactic.Lint._aux_Batteries_Tactic_Lint_Frontend___elabRules_Batteries_Tactic_Lint_command#lint+-*Only____1 took 0.684ms
interpretation of Batteries.Tactic.Lint._aux_Batteries_Tactic_Lint_Frontend___elabRules_Batteries_Tactic_Lint_command#list_linters_1 took 0.534ms
interpretation of _private.Batteries.Tactic.Lint.Basic.0.Batteries.Tactic.Lint.initFn._lam_1._@.Batteries.Tactic.Lint.Basic.880347739._hygCtx._hyg.2._boxed took 6.89ms
interpretation of _private.Mathlib.Tactic.Linter.UnusedTacticExtension.0.Mathlib.Linter.UnusedTactic.initFn._lam_1._@.Mathlib.Tactic.Linter.UnusedTacticExtension.2679548081._hygCtx._hyg.2._boxed took 3.25ms
interpretation of linarithToGrindRegressions took 17.1ms
interpretation of linter.tacticAnalysis.regressions.linarithToGrind took 0.0047ms
interpretation of ringToGrindRegressions took 7ms
interpretation of linter.tacticAnalysis.regressions.ringToGrind took 0.0047ms
interpretation of omegaToLiaRegressions took 10.8ms
interpretation of linter.tacticAnalysis.regressions.omegaToLia took 0.0046ms
interpretation of omegaToLia took 1.55ms
interpretation of linter.tacticAnalysis.omegaToLia took 0.0028ms
interpretation of Mathlib.TacticAnalysis.rwMerge took 10.1ms
interpretation of linter.tacticAnalysis.rwMerge took 0.0101ms
interpretation of Mathlib.TacticAnalysis.mergeWithGrind took 5.96ms
interpretation of linter.tacticAnalysis.mergeWithGrind took 0.0048ms
interpretation of Mathlib.TacticAnalysis.terminalToGrind took 2.36ms
interpretation of linter.tacticAnalysis.terminalToGrind took 0.0045ms
interpretation of tryAtEachStepGrind took 4.82ms
interpretation of linter.tacticAnalysis.tryAtEachStepGrind took 0.005ms
interpretation of tryAtEachStepSimpAll took 3.49ms
interpretation of linter.tacticAnalysis.tryAtEachStepSimpAll took 0.005ms
interpretation of tryAtEachStepAesop took 3.69ms
interpretation of linter.tacticAnalysis.tryAtEachStepAesop took 0.0064ms
interpretation of tryAtEachStepGrindSuggestions took 2.8ms
interpretation of linter.tacticAnalysis.tryAtEachStepGrindSuggestions took 0.0035ms
interpretation of tryAtEachStepSimpAllSuggestions took 2.67ms
interpretation of linter.tacticAnalysis.tryAtEachStepSimpAllSuggestions took 0.0043ms
interpretation of tryAtEachStepFromEnv took 2.26ms
interpretation of linter.tacticAnalysis.tryAtEachStepFromEnv took 0.0036ms
interpretation of Mathlib.TacticAnalysis.introMerge took 10ms
interpretation of linter.tacticAnalysis.introMerge took 0.0051ms
interpretation of verifyGrind took 5.2ms
interpretation of linter.tacticAnalysis.verifyGrind took 0.0049ms
interpretation of verifyGrindSuggestions took 4.88ms
interpretation of linter.tacticAnalysis.verifyGrindSuggestions took 0.0049ms
interpretation of verifyGrindOnly took 3.78ms
interpretation of linter.tacticAnalysis.verifyGrindOnly took 0.005ms
interpretation of _private.Mathlib.Tactic.TacticAnalysis.0.Mathlib.TacticAnalysis.initFn._lam_4._@.Mathlib.Tactic.TacticAnalysis.358552301._hygCtx._hyg.2._boxed took 15.4ms
interpretation of _private.Batteries.Util.LibraryNote.0.Batteries.Util.LibraryNote.initFn._lam_1._@.Batteries.Util.LibraryNote.1081991270._hygCtx._hyg.2._boxed took 2.23ms
interpretation of _private.Batteries.Util.ProofWanted.0.initFn._lam_1._@.Batteries.Util.ProofWanted.2313051376._hygCtx._hyg.2._boxed took 0.0373ms
interpretation of _private.Batteries.Util.ProofWanted.0.initFn._lam_1._@.Batteries.Util.ProofWanted.3080469459._hygCtx._hyg.2._boxed took 0.0094ms
import took 2.23s
parsing took 0.0576ms
interpretation of _private.Mathlib.Tactic.Linter.Header.0.Mathlib.Linter.Style.header.headerLinter._lam_3._boxed took 6.17ms
interpretation of _private.Mathlib.Tactic.Linter.AuxLemma.0.Mathlib.Linter.AuxLemma.auxLemmaLinter._lam_1._boxed took 4.92ms
interpretation of _private.Mathlib.Tactic.Linter.DeprecatedSyntaxLinter.0.Mathlib.Linter.Style.deprecatedSyntaxLinter._lam_1._boxed took 2.91ms
interpretation of _private.Mathlib.Tactic.Linter.DocPrime.0.Mathlib.Linter.DocPrime.docPrimeLinter._lam_3._boxed took 2.9ms
interpretation of _private.Mathlib.Tactic.Linter.DocString.0.Mathlib.Linter.Style.docStringLinter._lam_0._boxed took 8.78ms
interpretation of _private.Mathlib.Tactic.Linter.DocString.0.Mathlib.Linter.Style.moduleDocVersoLinter._lam_0._boxed took 0.93ms
interpretation of Mathlib.Linter.EmptyLine.emptyLineLinter._lam_2._boxed took 2.13ms
interpretation of _private.Mathlib.Tactic.Linter.GlobalAttributeIn.0.Mathlib.Linter.globalAttributeInLinter.globalAttributeIn._lam_0._boxed took 7.25ms
interpretation of _private.Mathlib.Tactic.Linter.HashCommandLinter.0.Mathlib.Linter.HashCommandLinter.withSetOptionIn'._boxed took 6.11ms
interpretation of _private.Mathlib.Tactic.Linter.FlexibleLinter.0.Mathlib.Linter.Flexible.flexibleLinter._lam_0._boxed took 2.37ms
interpretation of _private.Mathlib.Tactic.Linter.Multigoal.0.Mathlib.Linter.Style.multiGoal.multiGoalLinter._lam_0._boxed took 2.93ms
interpretation of _private.Mathlib.Tactic.Linter.OldObtain.0.Mathlib.Linter.Style.oldObtainLinter._lam_0._boxed took 2.47ms
interpretation of Mathlib.Linter.UnusedInstancesInType.withSetBoolOptionIn._boxed took 8.72ms
interpretation of Mathlib.Linter.UnusedInstancesInType.withSetBoolOptionIn._boxed took 0.651ms
overlappingInstancesLinter took 11.3ms
interpretation of Mathlib.Linter.UnusedInstancesInType.withSetBoolOptionIn._boxed took 4.66ms
interpretation of _private.Mathlib.Tactic.Linter.PrivateModule.0.Mathlib.Linter.privateModule._lam_1._boxed took 7.42ms
interpretation of _private.Mathlib.Tactic.Linter.UnusedTactic.0.Mathlib.Linter.UnusedTactic.unusedTacticLinter._lam_0._boxed took 32.1ms
interpretation of _private.Mathlib.Tactic.Linter.Style.0.Mathlib.Linter.Style.setOption.setOptionLinter._lam_0._boxed took 2.46ms
interpretation of _private.Mathlib.Tactic.Linter.Style.0.Mathlib.Linter.Style.missingEnd.missingEndLinter._lam_0._boxed took 6.85ms
interpretation of _private.Mathlib.Tactic.Linter.Style.0.Mathlib.Linter.Style.cdotLinter._lam_0._boxed took 1.24ms
interpretation of _private.Mathlib.Tactic.Linter.Style.0.Mathlib.Linter.Style.dollarSyntax.dollarSyntaxLinter._lam_0._boxed took 1.38ms
interpretation of _private.Mathlib.Tactic.Linter.Style.0.Mathlib.Linter.Style.lambdaSyntax.lambdaSyntaxLinter._lam_0._boxed took 1.04ms
interpretation of _private.Mathlib.Tactic.Linter.Style.0.Mathlib.Linter.Style.longFile.longFileLinter._lam_0._boxed took 1.74ms
interpretation of _private.Mathlib.Tactic.Linter.Style.0.Mathlib.Linter.Style.longLine.longLineLinter._lam_0._boxed took 0.854ms
interpretation of _private.Mathlib.Tactic.Linter.Style.0.Mathlib.Linter.Style.nameCheck.doubleUnderscore._lam_2._boxed took 14.2ms
interpretation of _private.Mathlib.Tactic.Linter.Style.0.Mathlib.Linter.Style.openClassical.openClassicalLinter._lam_0._boxed took 1.61ms
interpretation of _private.Mathlib.Tactic.Linter.Whitespace.0.Mathlib.Linter.Style.Whitespace.whitespaceLinter._lam_4._boxed took 2.35ms
tacticAnalysis took 77.9ms
interpretation of Mathlib.TacticAnalysis.tacticAnalysis._lam_1._boxed took 2.91ms
interpretation of _private.Mathlib.Tactic.Linter.Lint.0.Mathlib.Linter.DupNamespaceLinter.dupNamespace._lam_1._boxed took 13.4ms
linting took 3.11ms
elaboration took 0.272ms
parsing took 0.3ms
interpretation of _private.Mathlib.Tactic.Linter.Header.0.Mathlib.Linter.Style.header.headerLinter._lam_3._boxed took 0.0823ms
interpretation of _private.Mathlib.Tactic.Linter.AuxLemma.0.Mathlib.Linter.AuxLemma.auxLemmaLinter._lam_1._boxed took 0.079ms
interpretation of _private.Mathlib.Tactic.Linter.DeprecatedSyntaxLinter.0.Mathlib.Linter.Style.deprecatedSyntaxLinter._lam_1._boxed took 0.0573ms
interpretation of _private.Mathlib.Tactic.Linter.DocPrime.0.Mathlib.Linter.DocPrime.docPrimeLinter._lam_3._boxed took 0.0383ms
interpretation of _private.Mathlib.Tactic.Linter.DocString.0.Mathlib.Linter.Style.docStringLinter._lam_0._boxed took 0.237ms
interpretation of _private.Mathlib.Tactic.Linter.DocString.0.Mathlib.Linter.Style.moduleDocVersoLinter._lam_0._boxed took 0.0371ms
interpretation of Mathlib.Linter.EmptyLine.emptyLineLinter._lam_2._boxed took 0.0421ms
interpretation of _private.Mathlib.Tactic.Linter.GlobalAttributeIn.0.Mathlib.Linter.globalAttributeInLinter.globalAttributeIn._lam_0._boxed took 0.165ms
interpretation of _private.Mathlib.Tactic.Linter.HashCommandLinter.0.Mathlib.Linter.HashCommandLinter.withSetOptionIn'._boxed took 0.0757ms
interpretation of _private.Mathlib.Tactic.Linter.FlexibleLinter.0.Mathlib.Linter.Flexible.flexibleLinter._lam_0._boxed took 0.0349ms
interpretation of _private.Mathlib.Tactic.Linter.Multigoal.0.Mathlib.Linter.Style.multiGoal.multiGoalLinter._lam_0._boxed took 0.0378ms
interpretation of _private.Mathlib.Tactic.Linter.OldObtain.0.Mathlib.Linter.Style.oldObtainLinter._lam_0._boxed took 0.0291ms
interpretation of Mathlib.Linter.UnusedInstancesInType.withSetBoolOptionIn._boxed took 0.0916ms
interpretation of Mathlib.Linter.UnusedInstancesInType.withSetBoolOptionIn._boxed took 0.057ms
overlappingInstancesLinter took 0.0711ms
interpretation of Mathlib.Linter.UnusedInstancesInType.withSetBoolOptionIn._boxed took 0.128ms
interpretation of _private.Mathlib.Tactic.Linter.PrivateModule.0.Mathlib.Linter.privateModule._lam_1._boxed took 0.0335ms
interpretation of _private.Mathlib.Tactic.Linter.UnusedTactic.0.Mathlib.Linter.UnusedTactic.unusedTacticLinter._lam_0._boxed took 1.77ms
interpretation of _private.Mathlib.Tactic.Linter.Style.0.Mathlib.Linter.Style.setOption.setOptionLinter._lam_0._boxed took 0.0505ms
interpretation of _private.Mathlib.Tactic.Linter.Style.0.Mathlib.Linter.Style.missingEnd.missingEndLinter._lam_0._boxed took 0.0678ms
interpretation of _private.Mathlib.Tactic.Linter.Style.0.Mathlib.Linter.Style.cdotLinter._lam_0._boxed took 0.0373ms
interpretation of _private.Mathlib.Tactic.Linter.Style.0.Mathlib.Linter.Style.dollarSyntax.dollarSyntaxLinter._lam_0._boxed took 0.0355ms
interpretation of _private.Mathlib.Tactic.Linter.Style.0.Mathlib.Linter.Style.lambdaSyntax.lambdaSyntaxLinter._lam_0._boxed took 0.0296ms
interpretation of _private.Mathlib.Tactic.Linter.Style.0.Mathlib.Linter.Style.longFile.longFileLinter._lam_0._boxed took 0.0269ms
interpretation of _private.Mathlib.Tactic.Linter.Style.0.Mathlib.Linter.Style.longLine.longLineLinter._lam_0._boxed took 0.0287ms
interpretation of _private.Mathlib.Tactic.Linter.Style.0.Mathlib.Linter.Style.nameCheck.doubleUnderscore._lam_2._boxed took 0.247ms
interpretation of _private.Mathlib.Tactic.Linter.Style.0.Mathlib.Linter.Style.openClassical.openClassicalLinter._lam_0._boxed took 0.0363ms
interpretation of _private.Mathlib.Tactic.Linter.Whitespace.0.Mathlib.Linter.Style.Whitespace.whitespaceLinter._lam_4._boxed took 0.0444ms
tacticAnalysis took 0.465ms
interpretation of Mathlib.TacticAnalysis.tacticAnalysis._lam_1._boxed took 0.0914ms
interpretation of _private.Mathlib.Tactic.Linter.Lint.0.Mathlib.Linter.DupNamespaceLinter.dupNamespace._lam_1._boxed took 0.127ms
linting took 1.42ms
elaboration took 0.181ms
parsing took 0.843ms
attribute application took 0.0628ms
interpretation of Lean.Elab.Term._aux_Mathlib_Tactic_TypeStar___elabRules_Lean_Elab_Term_termType*_1._boxed took 11.2ms
interpretation of Lean.Elab.Term._aux_Mathlib_Tactic_TypeStar___elabRules_Lean_Elab_Term_termType*_1._boxed took 0.0878ms
type checking took 0.414ms
type checking took 0.141ms
type checking took 0.127ms
type checking took 0.049ms
type checking took 0.164ms
type checking took 0.577ms
type checking took 0.337ms
type checking took 0.0718ms
type checking took 0.0626ms
attribute application took 0.0839ms
attribute application took 0.0091ms
interpretation of _private.Mathlib.Tactic.Linter.Header.0.Mathlib.Linter.Style.header.headerLinter._lam_3._boxed took 0.119ms
interpretation of _private.Mathlib.Tactic.Linter.AuxLemma.0.Mathlib.Linter.AuxLemma.auxLemmaLinter._lam_1._boxed took 11.2ms
interpretation of _private.Mathlib.Tactic.Linter.DeprecatedSyntaxLinter.0.Mathlib.Linter.Style.deprecatedSyntaxLinter._lam_1._boxed took 0.0671ms
interpretation of _private.Mathlib.Tactic.Linter.DocPrime.0.Mathlib.Linter.DocPrime.docPrimeLinter._lam_3._boxed took 0.0281ms
interpretation of _private.Mathlib.Tactic.Linter.DocString.0.Mathlib.Linter.Style.docStringLinter._lam_0._boxed took 20.6ms
interpretation of _private.Mathlib.Tactic.Linter.DocString.0.Mathlib.Linter.Style.moduleDocVersoLinter._lam_0._boxed took 0.103ms
interpretation of Mathlib.Linter.EmptyLine.emptyLineLinter._lam_2._boxed took 0.0642ms
interpretation of _private.Mathlib.Tactic.Linter.GlobalAttributeIn.0.Mathlib.Linter.globalAttributeInLinter.globalAttributeIn._lam_0._boxed took 0.525ms
interpretation of _private.Mathlib.Tactic.Linter.HashCommandLinter.0.Mathlib.Linter.HashCommandLinter.withSetOptionIn'._boxed took 0.248ms
interpretation of _private.Mathlib.Tactic.Linter.FlexibleLinter.0.Mathlib.Linter.Flexible.flexibleLinter._lam_0._boxed took 0.113ms
interpretation of _private.Mathlib.Tactic.Linter.Multigoal.0.Mathlib.Linter.Style.multiGoal.multiGoalLinter._lam_0._boxed took 0.0375ms
interpretation of _private.Mathlib.Tactic.Linter.OldObtain.0.Mathlib.Linter.Style.oldObtainLinter._lam_0._boxed took 0.0337ms
interpretation of Mathlib.Linter.UnusedInstancesInType.withSetBoolOptionIn._boxed took 0.0813ms
interpretation of Mathlib.Linter.UnusedInstancesInType.withSetBoolOptionIn._boxed took 0.0617ms
overlappingInstancesLinter took 0.166ms
interpretation of Mathlib.Linter.UnusedInstancesInType.withSetBoolOptionIn._boxed took 0.176ms
interpretation of _private.Mathlib.Tactic.Linter.PrivateModule.0.Mathlib.Linter.privateModule._lam_1._boxed took 0.0353ms
interpretation of _private.Mathlib.Tactic.Linter.UnusedTactic.0.Mathlib.Linter.UnusedTactic.unusedTacticLinter._lam_0._boxed took 1.45ms
interpretation of _private.Mathlib.Tactic.Linter.Style.0.Mathlib.Linter.Style.setOption.setOptionLinter._lam_0._boxed took 0.0411ms
interpretation of _private.Mathlib.Tactic.Linter.Style.0.Mathlib.Linter.Style.missingEnd.missingEndLinter._lam_0._boxed took 0.0895ms
interpretation of _private.Mathlib.Tactic.Linter.Style.0.Mathlib.Linter.Style.cdotLinter._lam_0._boxed took 0.0339ms
interpretation of _private.Mathlib.Tactic.Linter.Style.0.Mathlib.Linter.Style.dollarSyntax.dollarSyntaxLinter._lam_0._boxed took 0.0272ms
interpretation of _private.Mathlib.Tactic.Linter.Style.0.Mathlib.Linter.Style.lambdaSyntax.lambdaSyntaxLinter._lam_0._boxed took 0.0244ms
interpretation of _private.Mathlib.Tactic.Linter.Style.0.Mathlib.Linter.Style.longFile.longFileLinter._lam_0._boxed took 0.0297ms
interpretation of _private.Mathlib.Tactic.Linter.Style.0.Mathlib.Linter.Style.longLine.longLineLinter._lam_0._boxed took 0.0261ms
interpretation of _private.Mathlib.Tactic.Linter.Style.0.Mathlib.Linter.Style.nameCheck.doubleUnderscore._lam_2._boxed took 1.21ms
interpretation of _private.Mathlib.Tactic.Linter.Style.0.Mathlib.Linter.Style.openClassical.openClassicalLinter._lam_0._boxed took 0.0356ms
interpretation of _private.Mathlib.Tactic.Linter.Whitespace.0.Mathlib.Linter.Style.Whitespace.whitespaceLinter._lam_4._boxed took 0.034ms
tacticAnalysis took 2.08ms
interpretation of Mathlib.TacticAnalysis.tacticAnalysis._lam_1._boxed took 0.129ms
interpretation of _private.Mathlib.Tactic.Linter.Lint.0.Mathlib.Linter.DupNamespaceLinter.dupNamespace._lam_1._boxed took 5.27ms
linting took 2.01ms
elaboration took 9.24ms
parsing took 0.536ms
attribute application took 0.0127ms
instantiate metavars took 0.0062ms
instantiate metavars took 0.0014ms
typeclass inference of OfNat took 0.514ms
typeclass inference of OfNat took 0.115ms
typeclass inference of OfNat took 0.0103ms
instantiate metavars took 0.0078ms
instantiate metavars took 0.0009ms
instantiate metavars took 0.0008ms
instantiate metavars took 0.0009ms
instantiate metavars took 0.0006ms
share common exprs took 0.0704ms
fix level params took 0.0175ms
let-to-have transformation took 0.0241ms
let-to-have transformation took 0.0057ms
type checking took 0.0858ms
attribute application took 0.0174ms
compilation (LCNF base) took 1.71ms
compilation (LCNF mono) took 0.448ms
compilation (LCNF mono) took 1.44ms
compilation (LCNF impure) took 1.46ms
compilation (IR) took 0.27ms
interpretation of term⁅_,_⁆ took 11.3ms
interpretation of term⁅_,_⁆ took 0.183ms
interpretation of term⁅_,_⁆ took 0.0981ms
attribute application took 3.38ms
process pre-definitions took 2.11ms
attribute application took 0.0512ms
instantiate metavars took 0.0075ms
instantiate metavars took 0.0014ms
typeclass inference of OfNat took 0.198ms
typeclass inference of OfNat took 0.0996ms
typeclass inference of OfNat took 0.0977ms
typeclass inference of OfNat took 0.118ms
typeclass inference of OfNat took 0.106ms
typeclass inference of Bind took 0.418ms
typeclass inference of Monad took 0.199ms
typeclass inference of Lean.MonadRef took 0.139ms
typeclass inference of Monad took 0.636ms
typeclass inference of Lean.MonadRef took 0.0759ms
typeclass inference of Bind took 0.303ms
typeclass inference of Lean.MonadQuotation took 0.131ms
typeclass inference of Lean.MonadQuotation took 0.072ms
typeclass inference of Bind took 0.557ms
typeclass inference of Lean.MonadQuotation took 0.162ms
typeclass inference of Lean.MonadQuotation took 0.0118ms
typeclass inference of Pure took 0.316ms
typeclass inference of CoeT took 2.02ms
typeclass inference of CoeT took 2.33ms
typeclass inference of Pure took 1.14ms
typeclass inference of Bind took 0.973ms
typeclass inference of Bind took 0.0184ms
typeclass inference of Bind took 0.0145ms
typeclass inference of MonadExcept took 0.236ms
typeclass inference of MonadExcept took 3.49ms
typeclass inference of Decidable took 0.472ms
instantiate metavars took 0.0034ms
instantiate metavars took 0.0017ms
instantiate metavars took 0.0007ms
instantiate metavars took 0.0008ms
instantiate metavars took 0.0009ms
share common exprs took 0.237ms
fix level params took 0.0395ms
let-to-have transformation took 0.0044ms
let-to-have transformation took 0.0299ms
type checking took 0.569ms
attribute application took 0.144ms
compilation (LCNF base) took 13.1ms
compilation (LCNF mono) took 0.812ms
compilation (LCNF mono) took 1.14ms
compilation (LCNF impure) took 1.69ms
compilation (IR) took 0.456ms
interpretation of _aux_Mathlib_Data_Bracket___macroRules_term⁅_,_⁆_1 took 4.5ms
attribute application took 1.2ms
process pre-definitions took 10.9ms
attribute application took 0.0065ms
instantiate metavars took 0.005ms
instantiate metavars took 0.0008ms
typeclass inference of OfNat took 0.162ms
typeclass inference of OfNat took 0.12ms
typeclass inference of OfNat took 0.137ms
typeclass inference of OfNat took 0.0129ms
typeclass inference of OfNat took 0.0104ms
typeclass inference of Monad took 0.15ms
typeclass inference of Lean.MonadRef took 0.101ms
typeclass inference of CoeT took 2.24ms
typeclass inference of Bind took 0.571ms
typeclass inference of Monad took 0.272ms
typeclass inference of Lean.MonadRef took 0.122ms
typeclass inference of Monad took 0.766ms
typeclass inference of Lean.MonadRef took 1.14ms
typeclass inference of Bind took 0.539ms
typeclass inference of Lean.MonadQuotation took 0.198ms
typeclass inference of Lean.MonadQuotation took 0.129ms
typeclass inference of Bind took 0.588ms
typeclass inference of Lean.MonadQuotation took 0.154ms
typeclass inference of Lean.MonadQuotation took 0.0171ms
typeclass inference of Pure took 0.544ms
typeclass inference of CoeT took 1.86ms
typeclass inference of CoeT took 2.13ms
typeclass inference of Pure took 0.991ms
typeclass inference of Bind took 0.79ms
typeclass inference of Bind took 0.0113ms
typeclass inference of Bind took 0.0091ms
typeclass inference of Monad took 0.0549ms
typeclass inference of Lean.MonadRef took 0.0103ms
typeclass inference of OfNat took 0.0105ms
typeclass inference of MonadExcept took 0.229ms
typeclass inference of MonadExcept took 2.23ms
typeclass inference of Decidable took 0.227ms
typeclass inference of OfNat took 0.0117ms
typeclass inference of OfNat took 0.0148ms
typeclass inference of MonadExcept took 0.243ms
typeclass inference of MonadExcept took 0.012ms
typeclass inference of MonadExcept took 0.177ms
typeclass inference of MonadExcept took 0.0102ms
typeclass inference of Decidable took 0.171ms
instantiate metavars took 0.0022ms
instantiate metavars took 0.0012ms
instantiate metavars took 0.0007ms
instantiate metavars took 0.0008ms
instantiate metavars took 0.0006ms
share common exprs took 0.257ms
fix level params took 0.035ms
let-to-have transformation took 0.0036ms
let-to-have transformation took 0.023ms
type checking took 0.49ms
attribute application took 0.107ms
compilation (LCNF base) took 17ms
compilation (LCNF mono) took 1.12ms
compilation (LCNF mono) took 1.5ms
compilation (LCNF impure) took 0.939ms
compilation (IR) took 0.259ms
interpretation of _aux_Mathlib_Data_Bracket___unexpand_Bracket_bracket_1 took 0.825ms
attribute application took 1.44ms
process pre-definitions took 13ms
interpretation of _private.Mathlib.Tactic.Linter.Header.0.Mathlib.Linter.Style.header.headerLinter._lam_3._boxed took 0.0714ms
interpretation of _private.Mathlib.Tactic.Linter.AuxLemma.0.Mathlib.Linter.AuxLemma.auxLemmaLinter._lam_1._boxed took 0.143ms
interpretation of _private.Mathlib.Tactic.Linter.DeprecatedSyntaxLinter.0.Mathlib.Linter.Style.deprecatedSyntaxLinter._lam_1._boxed took 0.0434ms
interpretation of _private.Mathlib.Tactic.Linter.DocPrime.0.Mathlib.Linter.DocPrime.docPrimeLinter._lam_3._boxed took 0.0374ms
interpretation of _private.Mathlib.Tactic.Linter.DocString.0.Mathlib.Linter.Style.docStringLinter._lam_0._boxed took 0.201ms
interpretation of _private.Mathlib.Tactic.Linter.DocString.0.Mathlib.Linter.Style.moduleDocVersoLinter._lam_0._boxed took 0.0239ms
interpretation of Mathlib.Linter.EmptyLine.emptyLineLinter._lam_2._boxed took 0.0259ms
interpretation of _private.Mathlib.Tactic.Linter.GlobalAttributeIn.0.Mathlib.Linter.globalAttributeInLinter.globalAttributeIn._lam_0._boxed took 0.146ms
interpretation of _private.Mathlib.Tactic.Linter.HashCommandLinter.0.Mathlib.Linter.HashCommandLinter.withSetOptionIn'._boxed took 0.054ms
interpretation of _private.Mathlib.Tactic.Linter.FlexibleLinter.0.Mathlib.Linter.Flexible.flexibleLinter._lam_0._boxed took 0.0281ms
interpretation of _private.Mathlib.Tactic.Linter.Multigoal.0.Mathlib.Linter.Style.multiGoal.multiGoalLinter._lam_0._boxed took 0.0389ms
interpretation of _private.Mathlib.Tactic.Linter.OldObtain.0.Mathlib.Linter.Style.oldObtainLinter._lam_0._boxed took 0.0304ms
interpretation of Mathlib.Linter.UnusedInstancesInType.withSetBoolOptionIn._boxed took 0.0516ms
interpretation of Mathlib.Linter.UnusedInstancesInType.withSetBoolOptionIn._boxed took 0.0337ms
overlappingInstancesLinter took 23.2ms
interpretation of Mathlib.Linter.UnusedInstancesInType.withSetBoolOptionIn._boxed took 0.158ms
interpretation of _private.Mathlib.Tactic.Linter.PrivateModule.0.Mathlib.Linter.privateModule._lam_1._boxed took 0.0556ms
interpretation of _private.Mathlib.Tactic.Linter.UnusedTactic.0.Mathlib.Linter.UnusedTactic.unusedTacticLinter._lam_0._boxed took 1.01ms
interpretation of _private.Mathlib.Tactic.Linter.Style.0.Mathlib.Linter.Style.setOption.setOptionLinter._lam_0._boxed took 0.0399ms
interpretation of _private.Mathlib.Tactic.Linter.Style.0.Mathlib.Linter.Style.missingEnd.missingEndLinter._lam_0._boxed took 0.0638ms
interpretation of _private.Mathlib.Tactic.Linter.Style.0.Mathlib.Linter.Style.cdotLinter._lam_0._boxed took 0.023ms
interpretation of _private.Mathlib.Tactic.Linter.Style.0.Mathlib.Linter.Style.dollarSyntax.dollarSyntaxLinter._lam_0._boxed took 0.02ms
interpretation of _private.Mathlib.Tactic.Linter.Style.0.Mathlib.Linter.Style.lambdaSyntax.lambdaSyntaxLinter._lam_0._boxed took 0.0174ms
interpretation of _private.Mathlib.Tactic.Linter.Style.0.Mathlib.Linter.Style.longFile.longFileLinter._lam_0._boxed took 0.0305ms
interpretation of _private.Mathlib.Tactic.Linter.Style.0.Mathlib.Linter.Style.longLine.longLineLinter._lam_0._boxed took 0.0202ms
interpretation of _private.Mathlib.Tactic.Linter.Style.0.Mathlib.Linter.Style.nameCheck.doubleUnderscore._lam_2._boxed took 0.199ms
interpretation of _private.Mathlib.Tactic.Linter.Style.0.Mathlib.Linter.Style.openClassical.openClassicalLinter._lam_0._boxed took 0.0224ms
interpretation of _private.Mathlib.Tactic.Linter.Whitespace.0.Mathlib.Linter.Style.Whitespace.whitespaceLinter._lam_4._boxed took 0.0266ms
tacticAnalysis took 6.1ms
interpretation of Mathlib.TacticAnalysis.tacticAnalysis._lam_1._boxed took 0.114ms
interpretation of _private.Mathlib.Tactic.Linter.Lint.0.Mathlib.Linter.DupNamespaceLinter.dupNamespace._lam_1._boxed took 0.21ms
linting took 2.27ms
elaboration took 57.2ms
parsing took 0.0037ms
interpretation of _private.Mathlib.Tactic.Linter.Header.0.Mathlib.Linter.Style.header.headerLinter._lam_3._boxed took 0.0668ms
interpretation of _private.Mathlib.Tactic.Linter.AuxLemma.0.Mathlib.Linter.AuxLemma.auxLemmaLinter._lam_1._boxed took 0.0652ms
interpretation of _private.Mathlib.Tactic.Linter.DeprecatedSyntaxLinter.0.Mathlib.Linter.Style.deprecatedSyntaxLinter._lam_1._boxed took 0.0553ms
interpretation of _private.Mathlib.Tactic.Linter.DocPrime.0.Mathlib.Linter.DocPrime.docPrimeLinter._lam_3._boxed took 0.0271ms
interpretation of _private.Mathlib.Tactic.Linter.DocString.0.Mathlib.Linter.Style.docStringLinter._lam_0._boxed took 0.104ms
interpretation of _private.Mathlib.Tactic.Linter.DocString.0.Mathlib.Linter.Style.moduleDocVersoLinter._lam_0._boxed took 0.0281ms
interpretation of Mathlib.Linter.EmptyLine.emptyLineLinter._lam_2._boxed took 0.0258ms
interpretation of _private.Mathlib.Tactic.Linter.GlobalAttributeIn.0.Mathlib.Linter.globalAttributeInLinter.globalAttributeIn._lam_0._boxed took 0.072ms
interpretation of _private.Mathlib.Tactic.Linter.HashCommandLinter.0.Mathlib.Linter.HashCommandLinter.withSetOptionIn'._boxed took 0.0499ms
interpretation of _private.Mathlib.Tactic.Linter.FlexibleLinter.0.Mathlib.Linter.Flexible.flexibleLinter._lam_0._boxed took 0.031ms
interpretation of _private.Mathlib.Tactic.Linter.Multigoal.0.Mathlib.Linter.Style.multiGoal.multiGoalLinter._lam_0._boxed took 0.0251ms
interpretation of _private.Mathlib.Tactic.Linter.OldObtain.0.Mathlib.Linter.Style.oldObtainLinter._lam_0._boxed took 0.02ms
interpretation of Mathlib.Linter.UnusedInstancesInType.withSetBoolOptionIn._boxed took 0.056ms
interpretation of Mathlib.Linter.UnusedInstancesInType.withSetBoolOptionIn._boxed took 0.0387ms
overlappingInstancesLinter took 0.0519ms
interpretation of Mathlib.Linter.UnusedInstancesInType.withSetBoolOptionIn._boxed took 0.0882ms
interpretation of _private.Mathlib.Tactic.Linter.PrivateModule.0.Mathlib.Linter.privateModule._lam_1._boxed took 1.24ms
interpretation of _private.Mathlib.Tactic.Linter.UnusedTactic.0.Mathlib.Linter.UnusedTactic.unusedTacticLinter._lam_0._boxed took 0.433ms
interpretation of _private.Mathlib.Tactic.Linter.Style.0.Mathlib.Linter.Style.setOption.setOptionLinter._lam_0._boxed took 0.0317ms
interpretation of _private.Mathlib.Tactic.Linter.Style.0.Mathlib.Linter.Style.missingEnd.missingEndLinter._lam_0._boxed took 0.0617ms
interpretation of _private.Mathlib.Tactic.Linter.Style.0.Mathlib.Linter.Style.cdotLinter._lam_0._boxed took 0.0197ms
interpretation of _private.Mathlib.Tactic.Linter.Style.0.Mathlib.Linter.Style.dollarSyntax.dollarSyntaxLinter._lam_0._boxed took 0.0218ms
interpretation of _private.Mathlib.Tactic.Linter.Style.0.Mathlib.Linter.Style.lambdaSyntax.lambdaSyntaxLinter._lam_0._boxed took 0.0174ms
interpretation of _private.Mathlib.Tactic.Linter.Style.0.Mathlib.Linter.Style.longFile.longFileLinter._lam_0._boxed took 0.0222ms
interpretation of _private.Mathlib.Tactic.Linter.Style.0.Mathlib.Linter.Style.longLine.longLineLinter._lam_0._boxed took 0.0206ms
interpretation of _private.Mathlib.Tactic.Linter.Style.0.Mathlib.Linter.Style.nameCheck.doubleUnderscore._lam_2._boxed took 0.148ms
interpretation of _private.Mathlib.Tactic.Linter.Style.0.Mathlib.Linter.Style.openClassical.openClassicalLinter._lam_0._boxed took 0.0217ms
interpretation of _private.Mathlib.Tactic.Linter.Whitespace.0.Mathlib.Linter.Style.Whitespace.whitespaceLinter._lam_4._boxed took 0.0269ms
tacticAnalysis took 0.301ms
interpretation of Mathlib.TacticAnalysis.tacticAnalysis._lam_1._boxed took 0.0545ms
interpretation of _private.Mathlib.Tactic.Linter.Lint.0.Mathlib.Linter.DupNamespaceLinter.dupNamespace._lam_1._boxed took 0.0945ms
linting took 0.957ms
module linting took 0.0051ms
elaboration took 0.104ms
interpretation of _private.Batteries.Tactic.Lint.Basic.0.Batteries.Tactic.Lint.initFn._lam_2._@.Batteries.Tactic.Lint.Basic.880347739._hygCtx._hyg.2 took 0.0081ms
interpretation of _private.Mathlib.Tactic.Linter.UnusedTacticExtension.0.Mathlib.Linter.UnusedTactic.initFn._lam_0._@.Mathlib.Tactic.Linter.UnusedTacticExtension.2679548081._hygCtx._hyg.2 took 0.0047ms
interpretation of _private.Mathlib.Tactic.TacticAnalysis.0.Mathlib.TacticAnalysis.initFn._lam_2._@.Mathlib.Tactic.TacticAnalysis.358552301._hygCtx._hyg.2._boxed took 0.646ms
interpretation of _private.Batteries.Util.LibraryNote.0.Batteries.Util.LibraryNote.initFn._lam_0._@.Batteries.Util.LibraryNote.1081991270._hygCtx._hyg.2 took 0.0062ms
interpretation of _private.Batteries.Util.ProofWanted.0.initFn._lam_2._@.Batteries.Util.ProofWanted.2313051376._hygCtx._hyg.2 took 0.0067ms
interpretation of _private.Batteries.Util.ProofWanted.0.initFn._lam_2._@.Batteries.Util.ProofWanted.3080469459._hygCtx._hyg.2 took 0.0055ms
.olean serialization took 42.7ms
cumulative profiling times:
	.olean serialization 42.7ms
	attribute application 6.49ms
	compilation (IR) 0.982ms
	compilation (LCNF base) 31.7ms
	compilation (LCNF impure) 4.08ms
	compilation (LCNF mono) 6.46ms
	elaboration 67ms
	fix level params 0.0885ms
	import 2.23s
	initialization 95.3ms
	instantiate metavars 0.0332ms
	interpretation 2.25s
	let-to-have transformation 0.0863ms
	linting 9.77ms
	module linting 0.0046ms
	overlappingInstancesLinter 34.8ms
	parsing 1.74ms
	process pre-definitions 26ms
	share common exprs 0.562ms
	tacticAnalysis 86.8ms
	type checking 3.08ms
	typeclass inference 32.1ms
