interpretation of coeNotation took 0.727ms
interpretation of coeFunNotation took 0.541ms
interpretation of coeSortNotation took 0.458ms
interpretation of Lean.Parser.Syntax.addPrec took 0.547ms
interpretation of Lean.Parser.Syntax.subPrec took 0.45ms
interpretation of Lean.Parser.Syntax.addPrio took 0.471ms
interpretation of Lean.Parser.Syntax.subPrio took 0.495ms
interpretation of precMax took 0.436ms
interpretation of precArg took 0.674ms
interpretation of precLead took 0.623ms
interpretation of prec(_) took 0.591ms
interpretation of precMin took 0.57ms
interpretation of precMin1 took 0.423ms
interpretation of termMax_prec took 0.482ms
interpretation of prioDefault took 0.424ms
interpretation of prioLow took 0.36ms
interpretation of prioMid took 0.408ms
interpretation of prioHigh took 0.41ms
interpretation of prio(_) took 0.343ms
interpretation of stx_+ took 0.339ms
interpretation of stx_* took 0.325ms
interpretation of stx_? took 0.311ms
interpretation of stx_<|>_ took 0.389ms
interpretation of stx_,* took 0.565ms
interpretation of stx_,+ took 0.563ms
interpretation of stx_,*,? took 0.714ms
interpretation of stx_,+,? took 0.923ms
interpretation of stx!_ took 0.837ms
interpretation of rawNatLit took 0.639ms
interpretation of term_∘_ took 0.597ms
interpretation of term_×_ took 0.636ms
interpretation of term_×'_ took 0.725ms
interpretation of term_∣_ took 0.487ms
interpretation of term_|||_ took 0.49ms
interpretation of term_^^^_ took 0.816ms
interpretation of term_&&&_ took 0.659ms
interpretation of term_+_ took 0.581ms
interpretation of term_-_ took 0.573ms
interpretation of term_*_ took 0.591ms
interpretation of term_/_ took 0.56ms
interpretation of term_%_ took 0.582ms
interpretation of term_<<<_ took 0.502ms
interpretation of term_>>>_ took 0.437ms
interpretation of term_^_ took 0.368ms
interpretation of term_++_ took 0.449ms
interpretation of term-_ took 0.326ms
interpretation of term~~~_ took 0.326ms
interpretation of term_⁻¹ took 0.363ms
interpretation of term_•_ took 0.427ms
interpretation of term_>=_ took 0.353ms
interpretation of term_<=_ took 0.356ms
interpretation of term_≤_ took 0.328ms
interpretation of term_<_ took 0.34ms
interpretation of term_≥_ took 0.318ms
interpretation of term_>_ took 0.346ms
interpretation of term_=_ took 0.311ms
interpretation of term_==_ took 0.366ms
interpretation of term_≍_ took 0.321ms
interpretation of term_∧_ took 0.35ms
interpretation of term_∨_ took 0.352ms
interpretation of term¬_ took 0.344ms
interpretation of term_&&_ took 0.353ms
interpretation of term_||_ took 0.432ms
interpretation of term!_ took 0.342ms
interpretation of term_∈_ took 0.403ms
interpretation of term_∉_ took 0.367ms
interpretation of term_::_ took 0.361ms
interpretation of term_<$>_ took 0.448ms
interpretation of term_>>=_ took 0.483ms
interpretation of term_<|>_ took 0.553ms
interpretation of term_>>_ took 0.518ms
interpretation of term_<*>_ took 0.598ms
interpretation of term_<*_ took 0.575ms
interpretation of term_*>_ took 0.554ms
interpretation of termDepIfThenElse took 0.542ms
interpretation of termIfThenElse took 0.49ms
interpretation of termIfLet took 0.364ms
interpretation of boolIfThenElse took 0.346ms
interpretation of term_<|_ took 0.369ms
interpretation of term_|>_ took 0.424ms
interpretation of term_$__ took 0.409ms
interpretation of term{_:_//_} took 0.385ms
interpretation of termWithout_expected_type_ took 0.397ms
interpretation of Lean.byElab took 0.436ms
interpretation of Lean.rawStx.quot took 0.391ms
interpretation of Lean.withAnnotateTerm took 0.417ms
interpretation of Lean.modCast took 0.403ms
interpretation of Lean.deprecated took 0.359ms
interpretation of Lean.deprecated_arg took 0.373ms
interpretation of Lean.suggest_for took 0.408ms
interpretation of Lean.univ_out_params took 0.423ms
interpretation of Lean.Attr.coe took 0.463ms
interpretation of Lean.command_code_action took 0.487ms
interpretation of Lean.builtin_command_code_action took 0.377ms
interpretation of Lean.includeStr took 0.497ms
interpretation of Lean.runCmd took 0.519ms
interpretation of Lean.runElab took 0.567ms
interpretation of Lean.runMeta took 0.612ms
interpretation of Lean.reduceCmd took 0.591ms
interpretation of Lean.guardMsgsCmd took 0.532ms
interpretation of Lean.guardPanicCmd took 0.408ms
interpretation of Lean.infoTreesCmd took 0.414ms
interpretation of Lean.setLibrarySuggestionsCmd took 0.462ms
interpretation of Lean.Parser.checkTactic took 0.554ms
interpretation of Lean.Parser.checkTacticFailure took 0.617ms
interpretation of Lean.Parser.checkSimp took 0.638ms
interpretation of Lean.Parser.checkSimpFailure took 0.668ms
interpretation of Lean.Parser.timeCmd took 0.869ms
interpretation of Lean.Parser.discrTreeKeyCmd took 0.815ms
interpretation of Lean.Parser.discrTreeSimpKeyCmd took 0.699ms
interpretation of Lean.Parser.commandSeal__ took 0.354ms
interpretation of Lean.Parser.commandUnseal__ took 0.437ms
interpretation of Lean.Parser.Tactic.as_aux_lemma took 0.382ms
interpretation of Lean.Parser.Tactic.withAnnotateState took 0.465ms
interpretation of Lean.Parser.Tactic.intro took 0.354ms
interpretation of Lean.Parser.Tactic.intros took 0.469ms
interpretation of Lean.Parser.Tactic.rename took 0.619ms
interpretation of Lean.Parser.Tactic.revert took 0.76ms
interpretation of Lean.Parser.Tactic.clear took 0.613ms
interpretation of Lean.Parser.Tactic.clearValue took 0.692ms
interpretation of Lean.Parser.Tactic.subst took 0.575ms
interpretation of Lean.Parser.Tactic.substVars took 0.54ms
interpretation of Lean.Parser.Tactic.assumption took 0.412ms
interpretation of Lean.Parser.Tactic.contradiction took 0.426ms
interpretation of Lean.Parser.Tactic.falseOrByContra took 0.574ms
interpretation of Lean.Parser.Tactic.apply took 0.573ms
interpretation of Lean.Parser.Tactic.exact took 0.485ms
interpretation of Lean.Parser.Tactic.refine took 0.407ms
interpretation of Lean.Parser.Tactic.refine' took 0.433ms
interpretation of Lean.Parser.Tactic.tacticExfalso took 0.418ms
interpretation of Lean.Parser.Tactic.constructor took 0.583ms
interpretation of Lean.Parser.Tactic.left took 0.509ms
interpretation of Lean.Parser.Tactic.right took 0.488ms
interpretation of Lean.Parser.Tactic.case took 0.423ms
interpretation of Lean.Parser.Tactic.case' took 0.393ms
interpretation of Lean.Parser.Tactic.tacticNext_=>_ took 0.403ms
interpretation of Lean.Parser.Tactic.allGoals took 0.356ms
interpretation of Lean.Parser.Tactic.anyGoals took 0.48ms
interpretation of Lean.Parser.Tactic.focus took 0.382ms
interpretation of Lean.Parser.Tactic.skip took 0.405ms
interpretation of Lean.Parser.Tactic.done took 0.358ms
interpretation of Lean.Parser.Tactic.traceState took 0.368ms
interpretation of Lean.Parser.Tactic.traceMessage took 0.376ms
interpretation of Lean.Parser.Tactic.failIfSuccess took 0.37ms
interpretation of Lean.Parser.Tactic.paren took 0.385ms
interpretation of Lean.Parser.Tactic.withReducible took 0.386ms
interpretation of Lean.Parser.Tactic.withReducibleAndInstances took 0.456ms
interpretation of Lean.Parser.Tactic.withImplicit took 0.577ms
interpretation of Lean.Parser.Tactic.withUnfoldingAll took 0.595ms
interpretation of Lean.Parser.Tactic.withUnfoldingNone took 0.686ms
interpretation of Lean.Parser.Tactic.first took 0.601ms
interpretation of Lean.Parser.Tactic.rotateLeft took 0.6ms
interpretation of Lean.Parser.Tactic.rotateRight took 0.378ms
interpretation of Lean.Parser.Tactic.tacticTry_ took 0.348ms
interpretation of Lean.Parser.Tactic.tactic_<;>_ took 0.426ms
interpretation of Lean.Parser.Tactic.fail took 0.364ms
interpretation of Lean.Parser.Tactic.eqRefl took 0.323ms
interpretation of Lean.Parser.Tactic.tacticRfl took 0.345ms
interpretation of Lean.Parser.Tactic.applyRfl took 0.343ms
interpretation of Lean.Parser.Tactic.tacticRfl' took 0.347ms
interpretation of Lean.Parser.Tactic.acRfl took 0.347ms
interpretation of Lean.Parser.Tactic.tacticSorry took 0.356ms
interpretation of Lean.Parser.Tactic.tacticAdmit took 0.343ms
interpretation of Lean.Parser.Tactic.tacticInfer_instance took 0.405ms
interpretation of Lean.Parser.Tactic.change took 0.376ms
interpretation of Lean.Parser.Tactic.show took 0.359ms
interpretation of Lean.Parser.Tactic.extractLets took 0.397ms
interpretation of Lean.Parser.Tactic.liftLets took 0.562ms
interpretation of Lean.Parser.Tactic.letToHave took 0.625ms
interpretation of Lean.Parser.Tactic.rewriteSeq took 0.823ms
interpretation of Lean.Parser.Tactic.rwSeq took 0.698ms
interpretation of Lean.Parser.Tactic.tacticRwa__ took 0.701ms
interpretation of Lean.Parser.Tactic.injection took 0.511ms
interpretation of Lean.Parser.Tactic.injections took 0.593ms
interpretation of Lean.Parser.Tactic.simp took 0.633ms
interpretation of Lean.Parser.Tactic.simpAll took 0.632ms
interpretation of Lean.Parser.Tactic.dsimp took 0.515ms
interpretation of Lean.Parser.Tactic.simpTrace took 0.693ms
interpretation of Lean.Parser.Tactic.tacticSimp?!_ took 0.723ms
interpretation of Lean.Parser.Tactic.simpAllTrace took 0.466ms
interpretation of Lean.Parser.Tactic.tacticSimp_all?!_ took 0.593ms
interpretation of Lean.Parser.Tactic.dsimpTrace took 0.58ms
interpretation of Lean.Parser.Tactic.tacticDsimp?!_ took 0.57ms
interpretation of Lean.Parser.Tactic.simpa took 0.564ms
interpretation of Lean.Parser.Tactic.simpaUsingBang took 0.444ms
interpretation of Lean.Parser.Tactic.tacticSimpa!_ took 0.408ms
interpretation of Lean.Parser.Tactic.tacticSimpa?_ took 0.433ms
interpretation of Lean.Parser.Tactic.tacticSimpa?!_ took 0.479ms
interpretation of Lean.Parser.Tactic.tacticSimpa!__1 took 0.428ms
interpretation of Lean.Parser.Tactic.tacticSimpa?__1 took 0.374ms
interpretation of Lean.Parser.Tactic.tacticSimpa?!__1 took 0.383ms
interpretation of Lean.Parser.Tactic.delta took 0.572ms
interpretation of Lean.Parser.Tactic.unfold took 0.613ms
interpretation of Lean.Parser.Tactic.tacticRefine_lift_ took 0.592ms
interpretation of Lean.Parser.Tactic.tacticHave__ took 0.763ms
interpretation of Lean.Parser.Tactic.tacticSuffices_ took 0.648ms
interpretation of Lean.Parser.Tactic.tacticLet__ took 0.445ms
interpretation of Lean.Parser.Tactic.letrec took 0.683ms
interpretation of Lean.Parser.Tactic.tacticRefine_lift'_ took 0.47ms
interpretation of Lean.Parser.Tactic.tacticHave' took 0.632ms
interpretation of Lean.Parser.Tactic.tacticLet'__ took 0.611ms
interpretation of Lean.Parser.Tactic.induction took 0.423ms
interpretation of Lean.Parser.Tactic.generalize took 0.614ms
interpretation of Lean.Parser.Tactic.cases took 0.413ms
interpretation of Lean.Parser.Tactic.funInduction took 0.618ms
interpretation of Lean.Parser.Tactic.funCases took 0.479ms
interpretation of Lean.Parser.Tactic.renameI took 0.49ms
interpretation of Lean.Parser.Tactic.tacticRepeat_ took 0.453ms
interpretation of Lean.Parser.Tactic.repeat' took 0.384ms
interpretation of Lean.Parser.Tactic.repeat1' took 0.518ms
interpretation of Lean.Parser.Tactic.tacticTrivial took 0.505ms
interpretation of Lean.Parser.Tactic.classical took 0.407ms
interpretation of Lean.Parser.Tactic.impossible took 0.435ms
interpretation of Lean.Parser.Tactic.split took 0.612ms
interpretation of Lean.Parser.Tactic.dbgTrace took 0.646ms
interpretation of Lean.Parser.Tactic.tacticStop_ took 0.521ms
interpretation of Lean.Parser.Tactic.tacticUnhygienic_ took 0.491ms
interpretation of Lean.Parser.Tactic.sleep took 0.476ms
interpretation of Lean.Parser.Tactic.tacticExists_,, took 0.666ms
interpretation of Lean.Parser.Tactic.congr took 0.433ms
interpretation of Lean.Parser.Tactic.tacIfThenElse took 0.418ms
interpretation of Lean.Parser.Tactic.tacDepIfThenElse took 0.425ms
interpretation of Lean.Parser.Tactic.tacticNofun took 0.466ms
interpretation of Lean.Parser.Tactic.tacticNomatch_,, took 0.458ms
interpretation of Lean.Parser.Tactic.replace took 0.424ms
interpretation of Lean.Parser.Tactic.specialize took 0.387ms
interpretation of Lean.Parser.Tactic.tacticAnd_intros took 0.513ms
interpretation of Lean.Parser.Tactic.substEqs took 0.464ms
interpretation of Lean.Parser.Tactic.runTac took 0.486ms
interpretation of Lean.Parser.Tactic.tacticHaveI__ took 0.561ms
interpretation of Lean.Parser.Tactic.tacticLetI__ took 0.439ms
interpretation of Lean.Parser.Tactic.decide took 0.476ms
interpretation of Lean.Parser.Tactic.nativeDecide took 0.497ms
interpretation of Lean.Parser.Tactic.omega took 0.429ms
interpretation of Lean.Parser.Tactic.tacticBv_omega took 0.4ms
interpretation of Lean.Parser.Tactic.acNf0 took 0.453ms
interpretation of Lean.Parser.Tactic.normCast0 took 0.423ms
interpretation of Lean.Parser.Tactic.tacticAssumption_mod_cast_ took 0.563ms
interpretation of Lean.Parser.Tactic.tacticNorm_cast__ took 0.654ms
interpretation of Lean.Parser.Tactic.pushCast took 0.661ms
interpretation of Lean.Parser.Tactic.normCastAddElim took 0.705ms
interpretation of Lean.Parser.Tactic.tacticAc_nf_ took 1.07ms
interpretation of Lean.Parser.Tactic.symm took 0.735ms
interpretation of Lean.Parser.Tactic.symmSaturate took 0.692ms
interpretation of Lean.Parser.Tactic.solveByElim took 0.61ms
interpretation of Lean.Parser.Tactic.applyAssumption took 0.435ms
interpretation of Lean.Parser.Tactic.applyRules took 0.422ms
interpretation of Lean.Parser.Tactic.exact? took 0.37ms
interpretation of Lean.Parser.Tactic.apply? took 0.602ms
interpretation of Lean.Parser.Tactic.rewrites? took 0.673ms
interpretation of Lean.Parser.Tactic.showTerm took 0.694ms
interpretation of Lean.Parser.Tactic.showTermElab took 0.507ms
interpretation of Lean.Parser.Tactic.by? took 0.571ms
interpretation of Lean.Parser.Tactic.exposeNames took 0.575ms
interpretation of Lean.Parser.Tactic.suggestions took 0.452ms
interpretation of Lean.Parser.Tactic.bvCheck took 0.367ms
interpretation of Lean.Parser.Tactic.bvDecide took 0.409ms
interpretation of Lean.Parser.Tactic.bvTrace took 0.58ms
interpretation of Lean.Parser.Tactic.bvNormalize took 0.535ms
interpretation of Lean.Parser.Tactic.massumptionMacro took 0.575ms
interpretation of Lean.Parser.Tactic.mclearMacro took 0.589ms
interpretation of Lean.Parser.Tactic.mconstructorMacro took 0.719ms
interpretation of Lean.Parser.Tactic.mexactMacro took 0.585ms
interpretation of Lean.Parser.Tactic.mexfalsoMacro took 0.52ms
interpretation of Lean.Parser.Tactic.mexistsMacro took 0.402ms
interpretation of Lean.Parser.Tactic.mframeMacro took 0.363ms
interpretation of Lean.Parser.Tactic.mhaveMacro took 0.391ms
interpretation of Lean.Parser.Tactic.mreplaceMacro took 0.411ms
interpretation of Lean.Parser.Tactic.mleftMacro took 0.407ms
interpretation of Lean.Parser.Tactic.mrightMacro took 0.353ms
interpretation of Lean.Parser.Tactic.mpureMacro took 0.349ms
interpretation of Lean.Parser.Tactic.mpureIntroMacro took 0.384ms
interpretation of Lean.Parser.Tactic.mrevertMacro took 0.371ms
interpretation of Lean.Parser.Tactic.mrenameIMacro took 0.387ms
interpretation of Lean.Parser.Tactic.mspecializeMacro took 0.373ms
interpretation of Lean.Parser.Tactic.mspecializePureMacro took 0.391ms
interpretation of Lean.Parser.Tactic.mstartMacro took 0.393ms
interpretation of Lean.Parser.Tactic.mstopMacro took 0.345ms
interpretation of Lean.Parser.Tactic.mleaveMacro took 0.458ms
interpretation of Lean.Parser.Tactic.mcasesMacro took 0.365ms
interpretation of Lean.Parser.Tactic.mrefineMacro took 0.354ms
interpretation of Lean.Parser.Tactic.mintroMacro took 0.378ms
interpretation of Lean.Parser.Tactic.mspecMacro took 0.355ms
interpretation of Lean.Parser.Tactic.mvcgenMacro took 0.359ms
interpretation of Lean.Parser.Tactic.vcgenMacro took 0.382ms
interpretation of Lean.Parser.Tactic.cbv took 0.354ms
interpretation of Lean.Parser.Tactic.decide_cbv took 0.343ms
interpretation of Lean.Parser.Attr.simp took 0.349ms
interpretation of Lean.Parser.Attr.wf_preprocess took 0.604ms
interpretation of Lean.Parser.Attr.method_specs_simp took 0.517ms
interpretation of Lean.Parser.Attr.cbv_eval took 0.369ms
interpretation of Lean.Parser.Attr.norm_cast took 0.339ms
interpretation of term‹_› took 0.333ms
interpretation of tacticGet_elem_tactic_extensible took 0.423ms
interpretation of tacticGet_elem_tactic_trivial took 0.456ms
interpretation of tacticGet_elem_tactic took 0.57ms
interpretation of Lean.Parser.Syntax.exact? took 0.549ms
interpretation of term_<->_ took 0.367ms
interpretation of term_↔_ took 0.325ms
interpretation of term_⊕_ took 0.317ms
interpretation of term_⊕'_ took 0.333ms
interpretation of term_≈_ took 0.387ms
interpretation of term_⊆_ took 0.534ms
interpretation of term_⊂_ took 0.568ms
interpretation of term_⊇_ took 0.681ms
interpretation of term_⊃_ took 0.777ms
interpretation of term_∪_ took 0.642ms
interpretation of term_∩_ took 0.605ms
interpretation of term_\_ took 0.593ms
interpretation of term{} took 0.574ms
interpretation of term∅ took 0.375ms
interpretation of term_!=_ took 0.396ms
interpretation of term_≠_ took 0.315ms
interpretation of term_<&>_ took 0.59ms
interpretation of term_<||>_ took 0.653ms
interpretation of term_<&&>_ took 0.632ms
interpretation of term_>=>_ took 0.58ms
interpretation of term_<=<_ took 0.574ms
interpretation of term_=<<_ took 0.616ms
interpretation of Lean.Parser.resetGrindAttrs took 0.635ms
interpretation of Lean.Parser.Attr.grind took 0.618ms
interpretation of Lean.Parser.Attr.grind! took 0.418ms
interpretation of Lean.Parser.Attr.grind? took 0.615ms
interpretation of Lean.Parser.Attr.grind!? took 0.621ms
interpretation of Lean.Parser.Attr.lia took 0.5ms
interpretation of Lean.Parser.Attr.lia! took 0.454ms
interpretation of Lean.Parser.Attr.lia? took 0.571ms
interpretation of Lean.Parser.Attr.lia!? took 0.452ms
interpretation of Lean.Parser.Tactic.Grind.grind_filter.quot took 0.471ms
interpretation of Lean.Parser.Tactic.Grind.grind_filter_ took 0.545ms
interpretation of Lean.Parser.Tactic.Grind.grind_filterGen<_ took 0.56ms
interpretation of Lean.Parser.Tactic.Grind.grind_filterGen=_ took 0.491ms
interpretation of Lean.Parser.Tactic.Grind.grind_filterGen!=_ took 0.444ms
interpretation of Lean.Parser.Tactic.Grind.grind_filterGen≤_ took 0.496ms
interpretation of Lean.Parser.Tactic.Grind.grind_filterGen<=_ took 0.451ms
interpretation of Lean.Parser.Tactic.Grind.grind_filterGen>_ took 0.493ms
interpretation of Lean.Parser.Tactic.Grind.grind_filterGen≥_ took 0.411ms
interpretation of Lean.Parser.Tactic.Grind.grind_filterGen>=_ took 0.592ms
interpretation of Lean.Parser.Tactic.Grind.grind_filter(_) took 0.434ms
interpretation of Lean.Parser.Tactic.Grind.grind_filter_&&_ took 0.501ms
interpretation of Lean.Parser.Tactic.Grind.grind_filter_||_ took 0.683ms
interpretation of Lean.Parser.Tactic.Grind.grind_filter!_ took 0.682ms
interpretation of Lean.Parser.Tactic.Grind.grind.quot took 0.529ms
interpretation of Lean.Parser.Tactic.Grind.paren took 0.452ms
interpretation of Lean.Parser.Tactic.Grind.skip took 0.414ms
interpretation of Lean.Parser.Tactic.Grind.lia took 0.382ms
interpretation of Lean.Parser.Tactic.Grind.ring took 0.35ms
interpretation of Lean.Parser.Tactic.Grind.ac took 0.539ms
interpretation of Lean.Parser.Tactic.Grind.linarith took 0.643ms
interpretation of Lean.Parser.Tactic.Grind.sorry took 0.577ms
interpretation of Lean.Parser.Tactic.Grind.instantiate took 0.507ms
interpretation of Lean.Parser.Tactic.Grind.use took 0.418ms
interpretation of Lean.Parser.Tactic.Grind.showAsserted took 0.407ms
interpretation of Lean.Parser.Tactic.Grind.showTrue took 0.396ms
interpretation of Lean.Parser.Tactic.Grind.showFalse took 0.421ms
interpretation of Lean.Parser.Tactic.Grind.showEqcs took 0.388ms
interpretation of Lean.Parser.Tactic.Grind.showCases took 0.422ms
interpretation of Lean.Parser.Tactic.Grind.showState took 0.383ms
interpretation of Lean.Parser.Tactic.Grind.showLocalThms took 0.677ms
interpretation of Lean.Parser.Tactic.Grind.showTerm took 0.673ms
interpretation of Lean.Parser.Tactic.Grind.showGoals took 0.786ms
interpretation of Lean.Parser.Tactic.Grind.grind_ref.quot took 0.537ms
interpretation of Lean.Parser.Tactic.Grind.grind_ref_ took 0.687ms
interpretation of Lean.Parser.Tactic.Grind.grind_ref__/__ took 0.47ms
interpretation of Lean.Parser.Tactic.Grind.grind_ref__1 took 0.495ms
interpretation of Lean.Parser.Tactic.Grind.cases took 0.514ms
interpretation of Lean.Parser.Tactic.Grind.casesTrace took 0.549ms
interpretation of Lean.Parser.Tactic.Grind.casesNext took 0.493ms
interpretation of Lean.Parser.Tactic.Grind.done took 0.386ms
interpretation of Lean.Parser.Tactic.Grind.finish took 0.598ms
interpretation of Lean.Parser.Tactic.Grind.finishTrace took 0.742ms
interpretation of Lean.Parser.Tactic.Grind.have took 0.473ms
interpretation of Lean.Parser.Tactic.Grind.nestedTacticCore took 0.5ms
interpretation of Lean.Parser.Tactic.Grind.allGoals took 0.61ms
interpretation of Lean.Parser.Tactic.Grind.focus took 0.471ms
interpretation of Lean.Parser.Tactic.Grind.next took 0.52ms
interpretation of Lean.Parser.Tactic.Grind.grind·_ took 0.651ms
interpretation of Lean.Parser.Tactic.Grind.case took 0.555ms
interpretation of Lean.Parser.Tactic.Grind.anyGoals took 0.447ms
interpretation of Lean.Parser.Tactic.Grind.withAnnotateState took 0.644ms
interpretation of Lean.Parser.Tactic.Grind.grind_<;>_ took 0.735ms
interpretation of Lean.Parser.Tactic.Grind.first took 0.662ms
interpretation of Lean.Parser.Tactic.Grind.grindTry_ took 0.624ms
interpretation of Lean.Parser.Tactic.Grind.failIfSuccess took 0.606ms
interpretation of Lean.Parser.Tactic.Grind.grindAdmit took 0.715ms
interpretation of Lean.Parser.Tactic.Grind.fail took 0.575ms
interpretation of Lean.Parser.Tactic.Grind.grindRepeat_ took 0.628ms
interpretation of Lean.Parser.Tactic.Grind.renameI took 0.567ms
interpretation of Lean.Parser.Tactic.Grind.exposeNames took 0.577ms
interpretation of Lean.Parser.Tactic.Grind.setOption took 0.578ms
interpretation of Lean.Parser.Tactic.Grind.setConfig took 0.574ms
interpretation of Lean.Parser.Tactic.Grind.haveSilent took 0.587ms
interpretation of Lean.Parser.Tactic.Grind.mbtc took 0.549ms
interpretation of Lean.Parser.Tactic.Grind.symIntro took 0.421ms
interpretation of Lean.Parser.Tactic.Grind.symIntroLight took 0.394ms
interpretation of Lean.Parser.Tactic.Grind.symIntros took 0.417ms
interpretation of Lean.Parser.Tactic.Grind.symIntrosLight took 0.375ms
interpretation of Lean.Parser.Tactic.Grind.symApply took 0.399ms
interpretation of Lean.Parser.Tactic.Grind.symInternalize took 0.422ms
interpretation of Lean.Parser.Tactic.Grind.symInternalizeAll took 0.383ms
interpretation of Lean.Parser.Tactic.Grind.symByContra took 0.408ms
interpretation of Lean.Parser.Tactic.Grind.symSimp took 0.391ms
interpretation of Lean.Parser.Tactic.Grind.symDSimp took 0.588ms
interpretation of Lean.Parser.Tactic.Grind.symRw took 0.573ms
interpretation of Lean.Parser.Tactic.Grind.grindExact_ took 0.772ms
interpretation of Lean.Parser.Tactic.Grind.symCbv took 0.885ms
interpretation of Lean.Parser.Tactic.Grind.bvNormalize took 0.742ms
interpretation of Lean.Parser.Tactic.Grind.bvDecide took 0.743ms
interpretation of Lean.Parser.Tactic.Grind.bvTrace took 0.619ms
interpretation of Lean.Parser.Tactic.Grind.bvCheck took 0.638ms
interpretation of Lean.Parser.Tactic.grind took 0.556ms
interpretation of Lean.Parser.Tactic.grindTrace took 0.767ms
interpretation of Lean.Parser.Tactic.sym took 0.905ms
interpretation of Lean.Parser.Tactic.cutsat took 0.693ms
interpretation of Lean.Parser.Tactic.lia took 0.601ms
interpretation of Lean.Parser.Tactic.grind_order took 0.584ms
interpretation of Lean.Parser.Tactic.grind_linarith took 0.574ms
interpretation of Lean.Parser.Tactic.grobner took 0.598ms
interpretation of Int.term-[_+1] took 0.563ms
interpretation of term[_] took 0.545ms
interpretation of term%[_|_] took 0.57ms
interpretation of List.term_<+_ took 0.671ms
interpretation of List.term_<+:_ took 0.621ms
interpretation of List.term_<:+_ took 0.382ms
interpretation of List.term_<:+:_ took 0.407ms
interpretation of List.term_~_ took 0.405ms
interpretation of tacticSimp_wf took 0.37ms
interpretation of tacticClean_wf took 0.517ms
interpretation of tacticDecreasing_trivial took 0.644ms
interpretation of tacticDecreasing_trivial_pre_omega took 0.595ms
interpretation of tacticDecreasing_with_ took 0.61ms
interpretation of tacticDecreasing_tactic took 0.431ms
interpretation of term__[_] took 0.375ms
interpretation of term__[_]'_ took 0.377ms
interpretation of term__[_]_? took 0.532ms
interpretation of term__[_]_! took 0.597ms
interpretation of term#[_,] took 0.629ms
interpretation of Lean.termEval_prec_ took 0.607ms
interpretation of Lean.termEval_prio_ took 0.488ms
interpretation of Lean.Parser.Tactic.tacticErw___ took 0.428ms
interpretation of Lean.Parser.Tactic.declareSimpLikeTactic took 0.399ms
interpretation of Lean.Parser.Tactic.simpAutoUnfold took 0.631ms
interpretation of Lean.Parser.Tactic.simpArith took 0.649ms
interpretation of Lean.Parser.Tactic.simpArithBang took 0.751ms
interpretation of Lean.Parser.Tactic.simpAllAutoUnfold took 0.737ms
interpretation of Lean.Parser.Tactic.simpAllArith took 0.696ms
interpretation of Lean.Parser.Tactic.simpAllArithBang took 0.691ms
interpretation of Lean.Parser.Tactic.dsimpAutoUnfold took 0.674ms
interpretation of Lean.Parser.Tactic.tacticIterate____ took 0.657ms
interpretation of Lean.Parser.Tactic.tacticRw_mod_cast___ took 0.667ms
interpretation of Lean.Parser.Tactic.tacticExact_mod_cast_ took 0.758ms
interpretation of Lean.Parser.Tactic.tacticApply_mod_cast_ took 0.656ms
interpretation of tacticBy_cases_:_ took 0.583ms
interpretation of Lean.Parser.Tactic.rcasesPat.quot took 0.612ms
interpretation of Lean.Parser.Tactic.rcasesPat.one took 0.606ms
interpretation of Lean.Parser.Tactic.rcasesPat.ignore took 0.564ms
interpretation of Lean.Parser.Tactic.rcasesPat.clear took 0.59ms
interpretation of Lean.Parser.Tactic.rcasesPat.explicit took 0.563ms
interpretation of Lean.Parser.Tactic.rcasesPat.tuple took 0.546ms
interpretation of Lean.Parser.Tactic.rcasesPat.paren took 0.556ms
interpretation of Lean.Parser.Tactic.rintroPat.quot took 0.599ms
interpretation of Lean.Parser.Tactic.rintroPat.one took 0.609ms
interpretation of Lean.Parser.Tactic.rintroPat.binder took 0.622ms
interpretation of Lean.Parser.Tactic.rcases took 0.584ms
interpretation of Lean.Parser.Tactic.obtain took 0.61ms
interpretation of Lean.Parser.Tactic.rintro took 0.608ms
interpretation of Lean.Parser.Tactic.Conv.conv.quot took 0.662ms
interpretation of Lean.Parser.Tactic.Conv.withAnnotateState took 0.702ms
interpretation of Lean.Parser.Tactic.Conv.skip took 0.64ms
interpretation of Lean.Parser.Tactic.Conv.cbv took 0.595ms
interpretation of Lean.Parser.Tactic.Conv.lhs took 0.654ms
interpretation of Lean.Parser.Tactic.Conv.rhs took 0.654ms
interpretation of Lean.Parser.Tactic.Conv.fun took 0.617ms
interpretation of Lean.Parser.Tactic.Conv.whnf took 0.621ms
interpretation of Lean.Parser.Tactic.Conv.zeta took 0.581ms
interpretation of Lean.Parser.Tactic.Conv.reduce took 0.638ms
interpretation of Lean.Parser.Tactic.Conv.congr took 0.599ms
interpretation of Lean.Parser.Tactic.Conv.arg took 0.581ms
interpretation of Lean.Parser.Tactic.Conv.ext took 0.581ms
interpretation of Lean.Parser.Tactic.Conv.change took 0.607ms
interpretation of Lean.Parser.Tactic.Conv.delta took 0.611ms
interpretation of Lean.Parser.Tactic.Conv.unfold took 0.59ms
interpretation of Lean.Parser.Tactic.Conv.pattern took 0.479ms
interpretation of Lean.Parser.Tactic.Conv.rewrite took 0.404ms
interpretation of Lean.Parser.Tactic.Conv.simp took 0.519ms
interpretation of Lean.Parser.Tactic.Conv.simpTrace took 0.62ms
interpretation of Lean.Parser.Tactic.Conv.dsimp took 0.659ms
interpretation of Lean.Parser.Tactic.Conv.dsimpTrace took 0.55ms
interpretation of Lean.Parser.Tactic.Conv.simpMatch took 0.579ms
interpretation of Lean.Parser.Tactic.Conv.clear took 0.674ms
interpretation of Lean.Parser.Tactic.Conv.nestedTacticCore took 0.631ms
interpretation of Lean.Parser.Tactic.Conv.nestedTactic took 0.678ms
interpretation of Lean.Parser.Tactic.Conv.convTactic took 0.64ms
interpretation of Lean.Parser.Tactic.Conv.nestedConv took 0.636ms
interpretation of Lean.Parser.Tactic.Conv.paren took 0.638ms
interpretation of Lean.Parser.Tactic.Conv.convRfl took 0.652ms
interpretation of Lean.Parser.Tactic.Conv.convDone took 0.614ms
interpretation of Lean.Parser.Tactic.Conv.convTrace_state took 0.729ms
interpretation of Lean.Parser.Tactic.Conv.allGoals took 0.631ms
interpretation of Lean.Parser.Tactic.Conv.anyGoals took 0.64ms
interpretation of Lean.Parser.Tactic.Conv.case took 0.604ms
interpretation of Lean.Parser.Tactic.Conv.case' took 0.714ms
interpretation of Lean.Parser.Tactic.Conv.convNext__=>_ took 0.892ms
interpretation of Lean.Parser.Tactic.Conv.focus took 0.802ms
interpretation of Lean.Parser.Tactic.Conv.convConvSeq took 0.737ms
interpretation of Lean.Parser.Tactic.Conv.conv·_ took 0.644ms
interpretation of Lean.Parser.Tactic.Conv.failIfSuccess took 0.7ms
interpretation of Lean.Parser.Tactic.Conv.convRw__ took 0.596ms
interpretation of Lean.Parser.Tactic.Conv.convErw__ took 0.604ms
interpretation of Lean.Parser.Tactic.Conv.convArgs took 0.596ms
interpretation of Lean.Parser.Tactic.Conv.convLeft took 0.639ms
interpretation of Lean.Parser.Tactic.Conv.convRight took 0.615ms
interpretation of Lean.Parser.Tactic.Conv.convIntro___ took 0.638ms
interpretation of Lean.Parser.Tactic.Conv.enter took 0.603ms
interpretation of Lean.Parser.Tactic.Conv.convApply_ took 0.652ms
interpretation of Lean.Parser.Tactic.Conv.first took 0.631ms
interpretation of Lean.Parser.Tactic.Conv.convTry_ took 0.572ms
interpretation of Lean.Parser.Tactic.Conv.conv_<;>_ took 0.54ms
interpretation of Lean.Parser.Tactic.Conv.convRepeat_ took 0.711ms
interpretation of Lean.Parser.Tactic.Conv.extractLets took 0.648ms
interpretation of Lean.Parser.Tactic.Conv.liftLets took 0.686ms
interpretation of Lean.Parser.Tactic.Conv.letToHave took 0.527ms
interpretation of Lean.Parser.Tactic.Conv.conv took 0.461ms
interpretation of Lean.Parser.Tactic.Conv.normCast took 0.414ms
interpretation of Lean.command__Unif_hint____Where_|_-⊢__ took 0.676ms
interpretation of term∃_,_ took 0.642ms
interpretation of termExists_,_ took 0.658ms
interpretation of termΣ_,_ took 0.634ms
interpretation of termΣ'_,_ took 0.52ms
interpretation of term_×__1 took 0.554ms
interpretation of term_×'__1 took 0.612ms
interpretation of Lean.calc took 0.569ms
interpretation of Lean.calcTactic took 0.65ms
interpretation of Lean.convCalc_ took 0.5ms
interpretation of tacticFunext___ took 0.476ms
interpretation of Lean.Parser.Command.classAbbrev took 0.479ms
interpretation of Lean.cdot took 0.53ms
interpretation of Lean.solveTactic took 0.599ms
interpretation of Lean.term_Matches_| took 0.598ms
interpretation of term{_} took 0.613ms
interpretation of Lean.Parser.Attr.ext took 0.51ms
interpretation of Lean.Elab.Tactic.Ext.ext took 0.507ms
interpretation of Lean.Elab.Tactic.Ext.applyExtTheorem took 0.553ms
interpretation of Lean.Elab.Tactic.Ext.tacticExt1___ took 0.423ms
interpretation of Lean.binderPred.quot took 0.463ms
interpretation of Lean.termSatisfies_binder_pred%__ took 0.604ms
interpretation of Lean.term∃__,_ took 0.651ms
interpretation of Lean.term∀__,_ took 0.681ms
interpretation of Lean.binderPred>_ took 0.594ms
interpretation of Lean.binderPred≥_ took 0.619ms
interpretation of Lean.binderPred<_ took 0.545ms
interpretation of Lean.binderPred≤_ took 0.433ms
interpretation of Lean.binderPred≠_ took 0.667ms
interpretation of Lean.binderPred∈_ took 0.463ms
interpretation of Lean.binderPred∉_ took 0.582ms
interpretation of Lean.binderPred⊆_ took 0.603ms
interpretation of Lean.binderPred⊂_ took 0.642ms
interpretation of Lean.binderPred⊇_ took 0.61ms
interpretation of Lean.binderPred⊃_ took 0.675ms
interpretation of Bool.term_^^_ took 0.73ms
interpretation of List.tacticSizeOf_list_dec took 0.757ms
interpretation of BitVec.term__#__ took 0.683ms
interpretation of BitVec.term__#'__ took 0.717ms
interpretation of Std.term_...* took 0.716ms
interpretation of Std.term*...* took 0.665ms
interpretation of Std.term_<...* took 0.778ms
interpretation of Std.term_...<_ took 0.838ms
interpretation of Std.term_..._ took 0.711ms
interpretation of Std.term*...<_ took 0.659ms
interpretation of Std.term*..._ took 0.578ms
interpretation of Std.term_<...<_ took 0.531ms
interpretation of Std.term_<..._ took 0.64ms
interpretation of Std.term_...=_ took 0.587ms
interpretation of Std.term*...=_ took 0.613ms
interpretation of Std.term_<...=_ took 0.599ms
interpretation of Vector.term#v[_,] took 0.682ms
interpretation of Std.Legacy.Range.term[:_] took 0.643ms
interpretation of Std.Legacy.Range.term[_:_] took 0.679ms
interpretation of Std.Legacy.Range.term[:_:_] took 0.612ms
interpretation of Std.Legacy.Range.term[_:_:_] took 0.68ms
interpretation of Array.term__[_:_] took 0.553ms
interpretation of Array.term__[_:] took 0.616ms
interpretation of Array.term__[:_] took 0.624ms
interpretation of String.Internal.tacticOrder took 0.635ms
interpretation of Array.tacticArray_get_dec took 0.695ms
interpretation of Array.tacticArray_mem_dec took 0.675ms
interpretation of Array.term_~_ took 0.664ms
interpretation of commandDeclare_uint_theorems__ took 0.664ms
interpretation of commandDeclare_bitwise_uint_theorems__ took 0.738ms
interpretation of commandDeclare_int_theorems__ took 0.624ms
interpretation of commandDeclare_bitwise_int_theorems__ took 0.812ms
interpretation of termPrintln!__ took 0.916ms
interpretation of termS!_ took 0.727ms
interpretation of Std.termF!_ took 0.638ms
interpretation of Vector.term_~_ took 0.684ms
interpretation of Rat.term_/._ took 0.505ms
interpretation of Lean.Parser.command_Grind_propagator___(_):=_ took 0.766ms
interpretation of Lean.Parser.command_Builtin_grind_propagator____:=_ took 0.657ms
interpretation of Lean.Parser.grindPropagatorBuiltinAttr took 0.701ms
interpretation of DerivingHelpers.tacticDeriving_ReflEq_tactic took 0.604ms
interpretation of tacticDeriving_LawfulEq_tactic_step took 0.433ms
interpretation of tacticDeriving_LawfulEq_tactic took 0.441ms
interpretation of Lean.Parser.Command.grindAnnotated took 0.457ms
interpretation of Lean.Grind.grindLintCheck took 0.635ms
interpretation of Lean.Grind.grindLintInspect took 0.616ms
interpretation of Lean.Grind.grindLintMute took 0.575ms
interpretation of Lean.Grind.grindLintSkip took 0.628ms
interpretation of Lean.Parser.Tactic.guardExpr took 0.657ms
interpretation of Lean.Parser.Tactic.guardExprConv took 0.712ms
interpretation of Lean.Parser.Tactic.guardTarget took 0.721ms
interpretation of Lean.Parser.Tactic.guardTargetConv took 0.731ms
interpretation of Lean.Parser.Tactic.guardHyp took 0.69ms
interpretation of Lean.Parser.Tactic.guardHypConv took 0.783ms
interpretation of Lean.Parser.Command.guardExprCmd took 0.757ms
interpretation of Lean.Parser.Command.guardCmd took 0.657ms
interpretation of Lean.Parser.command__Simproc__[_]_(_):=_ took 0.865ms
interpretation of Lean.Parser.command__Dsimproc__[_]_(_):=_ took 0.968ms
interpretation of Lean.Parser.command_Simproc_decl_(_):=_ took 0.905ms
interpretation of Lean.Parser.command_Dsimproc_decl_(_):=_ took 0.728ms
interpretation of Lean.Parser.command__Builtin_simproc__[_]_(_):=_ took 0.661ms
interpretation of Lean.Parser.command__Builtin_dsimproc__[_]_(_):=_ took 0.785ms
interpretation of Lean.Parser.command_Builtin_simproc_decl_(_):=_ took 0.772ms
interpretation of Lean.Parser.command_Builtin_dsimproc_decl_(_):=_ took 0.724ms
interpretation of Lean.Parser.simprocPattern took 0.603ms
interpretation of Lean.Parser.simprocPatternBuiltin took 0.681ms
interpretation of Lean.Parser.Attr.simprocAttr took 0.599ms
interpretation of Lean.Parser.Attr.sevalprocAttr took 0.718ms
interpretation of Lean.Parser.Attr.simprocBuiltinAttr took 0.566ms
interpretation of Lean.Parser.Attr.sevalprocBuiltinAttr took 0.73ms
interpretation of Lean.Parser.command__Cbv_simproc____(_):=_ took 0.744ms
interpretation of Lean.Parser.command_Cbv_simproc_decl_(_):=_ took 0.698ms
interpretation of Lean.Parser.command__Builtin_cbv_simproc____(_):=_ took 0.712ms
interpretation of Lean.Parser.command_Builtin_cbv_simproc_decl_(_):=_ took 0.69ms
interpretation of Lean.Parser.cbvSimprocPattern took 0.535ms
interpretation of Lean.Parser.cbvSimprocPatternBuiltin took 0.531ms
interpretation of Lean.Parser.Attr.cbvSimprocAttr took 0.346ms
interpretation of Lean.Parser.Attr.cbvSimprocBuiltinAttr took 0.5ms
interpretation of Lean.termMacro.trace[_]_ took 0.697ms
interpretation of Lean.Parser.Sym.Simp.sym_simproc.quot took 0.741ms
interpretation of Lean.Parser.Sym.Simp.sym_discharger.quot took 0.694ms
interpretation of Lean.Parser.Sym.Simp.ground took 0.602ms
interpretation of Lean.Parser.Sym.Simp.telescope took 0.662ms
interpretation of Lean.Parser.Sym.Simp.control took 0.647ms
interpretation of Lean.Parser.Sym.Simp.arrowTelescope took 0.677ms
interpretation of Lean.Parser.Sym.Simp.rewriteSet took 0.674ms
interpretation of Lean.Parser.Sym.Simp.rewriteInline took 0.695ms
interpretation of Lean.Parser.Sym.Simp.self took 0.638ms
interpretation of Lean.Parser.Sym.Simp.none took 0.656ms
interpretation of Lean.Parser.Sym.Simp.andThen took 0.748ms
interpretation of Lean.Parser.Sym.Simp.orElse took 0.691ms
interpretation of Lean.Parser.Sym.Simp.simprocParen took 0.66ms
interpretation of Lean.Parser.Sym.Simp.dischSelf took 0.745ms
interpretation of Lean.Parser.Sym.Simp.dischNone took 0.696ms
interpretation of Lean.Parser.Sym.Simp.dischParen took 0.691ms
interpretation of Lean.Parser.Sym.Simp.dischGrind took 0.52ms
interpretation of Lean.Parser.Command.sym_simp_field.quot took 0.725ms
interpretation of Lean.Parser.Command.symSimpFieldPre took 0.674ms
interpretation of Lean.Parser.Command.symSimpFieldPost took 0.755ms
interpretation of Lean.Parser.Command.symSimpFieldMaxSteps took 0.586ms
interpretation of Lean.Parser.Command.symSimpFieldMaxDischargeDepth took 0.576ms
interpretation of Lean.Parser.Command.registerSymSimp took 0.481ms
interpretation of Lean.Parser.Sym.DSimp.sym_dsimproc.quot took 0.785ms
interpretation of Lean.Parser.Sym.DSimp.none took 0.716ms
interpretation of Lean.Parser.Sym.DSimp.ground took 0.718ms
interpretation of Lean.Parser.Sym.DSimp.beta took 0.686ms
interpretation of Lean.Parser.Sym.DSimp.zeta took 0.643ms
interpretation of Lean.Parser.Sym.DSimp.zetaDelta took 0.692ms
interpretation of Lean.Parser.Sym.DSimp.proj took 0.854ms
interpretation of Lean.Parser.Sym.DSimp.reduceMatch took 0.687ms
interpretation of Lean.Parser.Sym.DSimp.andThen took 0.683ms
interpretation of Lean.Parser.Sym.DSimp.orElse took 0.696ms
interpretation of Lean.Parser.Sym.DSimp.dsimprocParen took 0.719ms
interpretation of Lean.Parser.Command.sym_dsimp_field.quot took 0.777ms
interpretation of Lean.Parser.Command.symDSimpFieldPre took 0.859ms
interpretation of Lean.Parser.Command.symDSimpFieldPost took 0.834ms
interpretation of Lean.Parser.Command.symDSimpFieldMaxSteps took 0.72ms
interpretation of Lean.Parser.Command.registerSymDSimp took 0.642ms
interpretation of Lean.Order.term_⊑_ took 0.714ms
interpretation of Lean.Order.term⊥ took 0.748ms
interpretation of Lean.Order.monotonicity took 0.61ms
interpretation of Lean.Parser.Tactic.tryTrace took 0.605ms
interpretation of Lean.Parser.Tactic.tryTraceWith took 0.65ms
interpretation of Lean.Parser.Tactic.attemptAll took 0.77ms
interpretation of Lean.Parser.Tactic.attemptAllPar took 0.691ms
interpretation of Lean.Parser.Tactic.firstPar took 0.515ms
interpretation of Lean.Parser.Tactic.tryResult took 0.487ms
interpretation of Lean.Parser.Command.registerTryTactic took 0.5ms
interpretation of tactic∎ took 0.529ms
interpretation of term∎ took 0.602ms
interpretation of Std.DHashMap.Raw.term_~m_ took 0.793ms
interpretation of Std.DHashMap.term_~m_ took 0.742ms
interpretation of Std.HashMap.term_~m_ took 0.718ms
interpretation of Std.HashSet.term_~m_ took 0.691ms
interpretation of Std.DTreeMap.Internal.Impl.tacticTree_tac took 0.796ms
interpretation of Std.DTreeMap.Internal.Impl.term✓ took 0.859ms
interpretation of Std.DTreeMap.Internal.Impl.term_~m_ took 0.831ms
interpretation of Std.DTreeMap.term_~m_ took 0.978ms
interpretation of Std.TreeMap.term_~m_ took 0.66ms
interpretation of Std.TreeSet.term_~m_ took 0.704ms
interpretation of Std.HashMap.Raw.term_~m_ took 0.601ms
interpretation of Lean.Option.registerBuiltinOption took 0.808ms
interpretation of Lean.Option.registerOption took 0.76ms
interpretation of Std.DTreeMap.Raw.term_~m_ took 0.714ms
interpretation of Std.TreeMap.Raw.term_~m_ took 0.542ms
interpretation of Lean.termM!_ took 0.625ms
interpretation of Lean.termThrowError__ took 0.677ms
interpretation of Lean.termThrowErrorAt____ took 0.569ms
interpretation of Lean.doElemTrace[_]__ took 0.701ms
interpretation of Lean.termRegister_parser_alias(Kind:=_)______ took 0.741ms
interpretation of Lean.Doc.Syntax.arg_val.quot took 0.743ms
interpretation of Lean.Doc.Syntax.arg_str took 0.652ms
interpretation of Lean.Doc.Syntax.arg_ident took 0.728ms
interpretation of Lean.Doc.Syntax.arg_num took 0.603ms
interpretation of Lean.Doc.Syntax.doc_arg.quot took 0.772ms
interpretation of Lean.Doc.Syntax.anon took 0.761ms
interpretation of Lean.Doc.Syntax.named took 0.755ms
interpretation of Lean.Doc.Syntax.named_no_paren took 0.701ms
interpretation of Lean.Doc.Syntax.flag_on took 0.627ms
interpretation of Lean.Doc.Syntax.flag_off took 0.514ms
interpretation of Lean.Doc.Syntax.link_target.quot took 0.617ms
interpretation of Lean.Doc.Syntax.url took 0.582ms
interpretation of Lean.Doc.Syntax.ref took 0.535ms
interpretation of Lean.Doc.Syntax.inline.quot took 0.517ms
interpretation of Lean.Doc.Syntax.text took 0.499ms
interpretation of Lean.Doc.Syntax.emph took 0.515ms
interpretation of Lean.Doc.Syntax.bold took 0.58ms
interpretation of Lean.Doc.Syntax.link took 0.591ms
interpretation of Lean.Doc.Syntax.image took 0.572ms
interpretation of Lean.Doc.Syntax.footnote took 0.53ms
interpretation of Lean.Doc.Syntax.linebreak took 0.599ms
interpretation of Lean.Doc.Syntax.code took 0.584ms
interpretation of Lean.Doc.Syntax.role took 0.558ms
interpretation of Lean.Doc.Syntax.inline_math took 0.748ms
interpretation of Lean.Doc.Syntax.display_math took 0.696ms
interpretation of Lean.Doc.Syntax.block.quot took 0.656ms
interpretation of Lean.Doc.Syntax.list_item.quot took 0.65ms
interpretation of Lean.Doc.Syntax.li took 0.617ms
interpretation of Lean.Doc.Syntax.desc_item.quot took 0.657ms
interpretation of Lean.Doc.Syntax.desc took 0.699ms
interpretation of Lean.Doc.Syntax.para took 0.63ms
interpretation of Lean.Doc.Syntax.ul took 0.627ms
interpretation of Lean.Doc.Syntax.dl took 0.622ms
interpretation of Lean.Doc.Syntax.ol took 0.653ms
interpretation of Lean.Doc.Syntax.codeblock took 0.657ms
interpretation of Lean.Doc.Syntax.blockquote took 0.685ms
interpretation of Lean.Doc.Syntax.link_ref took 0.684ms
interpretation of Lean.Doc.Syntax.footnote_ref took 0.664ms
interpretation of Lean.Doc.Syntax.directive took 0.686ms
interpretation of Lean.Doc.Syntax.header took 0.632ms
interpretation of Lean.Doc.Syntax.metadata_block took 0.746ms
interpretation of Lean.Doc.Syntax.metadataContents took 0.674ms
interpretation of Lean.Doc.Syntax.command took 0.643ms
interpretation of Lean.Json.json.quot took 0.764ms
interpretation of Lean.Json.jsonNull took 0.623ms
interpretation of Lean.Json.jsonTrue took 0.551ms
interpretation of Lean.Json.jsonFalse took 0.645ms
interpretation of Lean.Json.json_ took 0.582ms
interpretation of Lean.Json.json-_ took 0.425ms
interpretation of Lean.Json.json-__1 took 0.556ms
interpretation of Lean.Json.json[_] took 0.684ms
interpretation of Lean.Json.json{_} took 0.683ms
interpretation of Lean.Json.termJson%_ took 0.787ms
interpretation of Lean.PrettyPrinter.Delaborator.attrApp_delab_ took 0.99ms
interpretation of Lean.Parser.Term.InternalSyntax.doSkip took 0.769ms
interpretation of Lean.Parser.Command.InternalSyntax.end_local_scope took 0.775ms
interpretation of Aesop.doElemAesop_trace![_]__ took 29.8ms
interpretation of Aesop.doElemAesop_trace[_]__ took 7.14ms
interpretation of _aux_Init_Notation___unexpand_Function_comp_1 took 0.271ms
interpretation of _aux_Init_Notation___unexpand_Prod_1 took 0.164ms
interpretation of _aux_Init_Notation___unexpand_PProd_1 took 0.142ms
interpretation of _aux_Init_Notation___unexpand_Dvd_dvd_1 took 0.187ms
interpretation of _aux_Init_Notation___unexpand_HOr_hOr_1 took 0.135ms
interpretation of _aux_Init_Notation___unexpand_HXor_hXor_1 took 0.151ms
interpretation of _aux_Init_Notation___unexpand_HAnd_hAnd_1 took 0.129ms
interpretation of _aux_Init_Notation___unexpand_HAdd_hAdd_1 took 0.133ms
interpretation of _aux_Init_Notation___unexpand_HSub_hSub_1 took 0.142ms
interpretation of _aux_Init_Notation___unexpand_HMul_hMul_1 took 0.197ms
interpretation of _aux_Init_Notation___unexpand_HDiv_hDiv_1 took 0.153ms
interpretation of _aux_Init_Notation___unexpand_HMod_hMod_1 took 0.145ms
interpretation of _aux_Init_Notation___unexpand_HShiftLeft_hShiftLeft_1 took 0.176ms
interpretation of _aux_Init_Notation___unexpand_HShiftRight_hShiftRight_1 took 0.145ms
interpretation of _aux_Init_Notation___unexpand_HPow_hPow_1 took 0.155ms
interpretation of _aux_Init_Notation___unexpand_HAppend_hAppend_1 took 0.181ms
interpretation of _aux_Init_Notation___unexpand_Neg_neg_1 took 0.164ms
interpretation of _aux_Init_Notation___unexpand_Complement_complement_1 took 0.175ms
interpretation of _aux_Init_Notation___unexpand_Inv_inv_1 took 0.194ms
interpretation of _aux_Init_Notation___unexpand_HSMul_hSMul_1 took 0.145ms
interpretation of _aux_Init_Notation___unexpand_GE_ge_1 took 0.162ms
interpretation of _aux_Init_Notation___unexpand_LE_le_1 took 0.0969ms
interpretation of _aux_Init_Notation___unexpand_LE_le_2 took 0.0996ms
interpretation of _aux_Init_Notation___unexpand_LT_lt_1 took 0.0928ms
interpretation of _aux_Init_Notation___unexpand_GE_ge_2 took 0.107ms
interpretation of _aux_Init_Notation___unexpand_GT_gt_1 took 0.148ms
interpretation of _aux_Init_Notation___unexpand_Eq_1 took 0.1ms
interpretation of _aux_Init_Notation___unexpand_BEq_beq_1 took 0.186ms
interpretation of _aux_Init_Notation___unexpand_HEq_1 took 0.142ms
interpretation of _aux_Init_Notation___unexpand_And_1 took 0.148ms
interpretation of _aux_Init_Notation___unexpand_Or_1 took 0.167ms
interpretation of _aux_Init_Notation___unexpand_Not_1 took 0.121ms
interpretation of _aux_Init_Notation___unexpand_Bool_and_1 took 0.104ms
interpretation of _aux_Init_Notation___unexpand_Bool_or_1 took 0.128ms
interpretation of _aux_Init_Notation___unexpand_Bool_not_1 took 0.13ms
interpretation of _aux_Init_Notation___unexpand_Membership_mem_1 took 0.133ms
interpretation of _aux_Init_Notation___unexpand_List_cons_1 took 0.0865ms
interpretation of _aux_Init_Notation___unexpand_Functor_map_1 took 0.16ms
interpretation of _aux_Init_Notation___unexpand_Bind_bind_1 took 0.157ms
interpretation of _aux_Init_Core___unexpand_Iff_1 took 0.158ms
interpretation of _aux_Init_Core___unexpand_Iff_2 took 0.0796ms
interpretation of _aux_Init_Core___unexpand_Sum_1 took 0.149ms
interpretation of _aux_Init_Core___unexpand_PSum_1 took 0.0881ms
interpretation of _aux_Init_Core___unexpand_HasEquiv_Equiv_1 took 0.0804ms
interpretation of _aux_Init_Core___unexpand_HasSubset_Subset_1 took 0.156ms
interpretation of _aux_Init_Core___unexpand_HasSSubset_SSubset_1 took 0.139ms
interpretation of _aux_Init_Core___unexpand_Superset_1 took 0.185ms
interpretation of _aux_Init_Core___unexpand_SSuperset_1 took 0.156ms
interpretation of _aux_Init_Core___unexpand_Union_union_1 took 0.153ms
interpretation of _aux_Init_Core___unexpand_Inter_inter_1 took 0.147ms
interpretation of _aux_Init_Core___unexpand_SDiff_sdiff_1 took 0.119ms
interpretation of _aux_Init_Core___unexpand_EmptyCollection_emptyCollection_1 took 0.144ms
interpretation of _aux_Init_Core___unexpand_EmptyCollection_emptyCollection_2 took 0.139ms
interpretation of _aux_Init_Core___unexpand_bne_1 took 0.0794ms
interpretation of _aux_Init_Core___unexpand_Ne_1 took 0.0888ms
interpretation of _aux_Init_Control_Basic___unexpand_Functor_mapRev_1 took 0.0908ms
interpretation of _aux_Init_Control_Basic___unexpand_orM_1 took 0.0797ms
interpretation of _aux_Init_Control_Basic___unexpand_andM_1 took 0.0985ms
interpretation of _aux_Init_Control_Basic___unexpand_Bind_kleisliRight_1 took 0.148ms
interpretation of _aux_Init_Control_Basic___unexpand_Bind_kleisliLeft_1 took 0.159ms
interpretation of _aux_Init_Control_Basic___unexpand_Bind_bindLeft_1 took 0.15ms
interpretation of Int._aux_Init_Data_Int_Basic___unexpand_Int_negSucc_1 took 0.1ms
interpretation of List._aux_Init_Data_List_Basic___unexpand_List_Sublist_1 took 0.103ms
interpretation of List._aux_Init_Data_List_Basic___unexpand_List_IsPrefix_1 took 0.111ms
interpretation of List._aux_Init_Data_List_Basic___unexpand_List_IsSuffix_1 took 0.148ms
interpretation of List._aux_Init_Data_List_Basic___unexpand_List_IsInfix_1 took 0.129ms
interpretation of List._aux_Init_Data_List_Basic___unexpand_List_Perm_1 took 0.136ms
interpretation of unexpandUnit took 0.1ms
interpretation of unexpandListNil took 0.144ms
interpretation of unexpandListCons took 0.138ms
interpretation of unexpandListToArray took 0.122ms
interpretation of unexpandProdMk took 0.118ms
interpretation of unexpandIte took 0.109ms
interpretation of unexpandEqNDRec took 0.131ms
interpretation of unexpandEqRec took 0.151ms
interpretation of unexpandExists took 0.152ms
interpretation of unexpandSigma took 0.144ms
interpretation of unexpandPSigma took 0.122ms
interpretation of unexpandSubtype took 0.145ms
interpretation of unexpandTSyntax took 0.153ms
interpretation of unexpandTSyntaxArray took 0.133ms
interpretation of unexpandTSepArray took 0.188ms
interpretation of unexpandGetElem took 0.146ms
interpretation of unexpandGetElem! took 0.113ms
interpretation of unexpandGetElem? took 0.0904ms
interpretation of unexpandArrayEmpty took 0.0747ms
interpretation of unexpandMkArray0 took 0.0836ms
interpretation of unexpandMkArray1 took 0.0787ms
interpretation of unexpandMkArray2 took 0.0777ms
interpretation of unexpandMkArray3 took 0.118ms
interpretation of unexpandMkArray4 took 0.139ms
interpretation of unexpandMkArray5 took 0.163ms
interpretation of unexpandMkArray6 took 0.126ms
interpretation of unexpandMkArray7 took 0.131ms
interpretation of unexpandMkArray8 took 0.125ms
interpretation of Lean.singletonUnexpander took 0.13ms
interpretation of Lean.insertUnexpander took 0.127ms
interpretation of Bool._aux_Init_Data_Bool___unexpand_Bool_xor_1 took 0.168ms
interpretation of BitVec.unexpandBitVecOfNat took 0.136ms
interpretation of BitVec.unexpandBitVecOfNatLt took 0.123ms
interpretation of Vector.unexpandMk took 0.119ms
interpretation of Lean.Grind.toIntUnexpander took 0.12ms
interpretation of Array._aux_Init_Data_Array_Perm___unexpand_Array_Perm_1 took 0.114ms
interpretation of Vector._aux_Init_Data_Vector_Perm___unexpand_Vector_Perm_1 took 0.0978ms
interpretation of Rat._aux_Init_Data_Rat_Basic___unexpand_Rat_divInt_1 took 0.09ms
interpretation of Lean.Grind.nestedProofUnexpander took 0.0819ms
interpretation of Lean.Grind.matchCondUnexpander took 0.0805ms
interpretation of Lean.Grind.eqMatchUnexpander took 0.0851ms
interpretation of Lean.Grind.offsetUnexpander took 0.088ms
interpretation of Lean.Grind.natCastUnexpander took 0.08ms
interpretation of Lean.Grind.markerUnexpander took 0.106ms
interpretation of Lean.Grind.nodeDefUnexpander took 0.0911ms
interpretation of Lean.Grind.NodeDefUnexpander took 0.0893ms
interpretation of Lean.Grind.CommRing.OfCommSemiring.toQUnexpander took 0.0874ms
interpretation of Lean.Grind.leftInvUnexpander took 0.0788ms
interpretation of Lean.Order._aux_Init_Internal_Order_Basic___unexpand_Lean_Order_PartialOrder_rel_1 took 0.107ms
interpretation of Lean.Order._aux_Init_Internal_Order_Basic___unexpand_Lean_Order_bot_1 took 0.0943ms
interpretation of Lean.Try.markerUnexpander took 0.105ms
interpretation of Std.DHashMap.Raw._aux_Std_Data_DHashMap_Raw___unexpand_Std_DHashMap_Raw_Equiv_1 took 0.104ms
interpretation of Std.DHashMap._aux_Std_Data_DHashMap_Basic___unexpand_Std_DHashMap_Equiv_1 took 0.102ms
interpretation of Std.HashMap._aux_Std_Data_HashMap_Basic___unexpand_Std_HashMap_Equiv_1 took 0.134ms
interpretation of Std.HashSet._aux_Std_Data_HashSet_Basic___unexpand_Std_HashSet_Equiv_1 took 0.119ms
interpretation of Std.DTreeMap.Internal.Impl._aux_Std_Data_DTreeMap_Internal_Queries___unexpand_Std_DTreeMap_Internal_Impl_Equiv_1 took 0.105ms
interpretation of Std.DTreeMap._aux_Std_Data_DTreeMap_Basic___unexpand_Std_DTreeMap_Equiv_1 took 0.125ms
interpretation of Std.TreeMap._aux_Std_Data_TreeMap_Basic___unexpand_Std_TreeMap_Equiv_1 took 0.197ms
interpretation of Std.TreeSet._aux_Std_Data_TreeSet_Basic___unexpand_Std_TreeSet_Equiv_1 took 0.119ms
interpretation of Std.HashMap.Raw._aux_Std_Data_HashMap_Raw___unexpand_Std_HashMap_Raw_Equiv_1 took 0.113ms
interpretation of Std.DTreeMap.Raw._aux_Std_Data_DTreeMap_Raw_Basic___unexpand_Std_DTreeMap_Raw_Equiv_1 took 0.109ms
interpretation of Std.TreeMap.Raw._aux_Std_Data_TreeMap_Raw_Basic___unexpand_Std_TreeMap_Raw_Equiv_1 took 0.112ms
interpretation of _aux_Init_Notation___macroRules_precMax_1 took 0.13ms
interpretation of _aux_Init_Notation___macroRules_precArg_1 took 0.099ms
interpretation of _aux_Init_Notation___macroRules_precLead_1 took 0.138ms
interpretation of _aux_Init_Notation___macroRules_prec(_)_1 took 0.0959ms
interpretation of _aux_Init_Notation___macroRules_precMin_1 took 0.0942ms
interpretation of _aux_Init_Notation___macroRules_precMin1_1 took 0.0892ms
interpretation of _aux_Init_Notation___macroRules_termMax_prec_1 took 0.14ms
interpretation of _aux_Init_Notation___macroRules_prioDefault_1 took 0.119ms
interpretation of _aux_Init_Notation___macroRules_prioLow_1 took 0.122ms
interpretation of _aux_Init_Notation___macroRules_prioMid_1 took 0.0861ms
interpretation of _aux_Init_Notation___macroRules_prioHigh_1 took 0.0863ms
interpretation of _aux_Init_Notation___macroRules_prio(_)_1 took 0.0872ms
interpretation of _aux_Init_Notation___macroRules_stx_+_1 took 0.0869ms
interpretation of _aux_Init_Notation___macroRules_stx_*_1 took 0.0856ms
interpretation of _aux_Init_Notation___macroRules_stx_?_1 took 0.0862ms
interpretation of _aux_Init_Notation___macroRules_stx_<|>__1 took 0.0889ms
interpretation of _aux_Init_Notation___macroRules_stx_,*_1 took 0.0879ms
interpretation of _aux_Init_Notation___macroRules_stx_,+_1 took 0.0906ms
interpretation of _aux_Init_Notation___macroRules_stx_,*,?_1 took 0.0923ms
interpretation of _aux_Init_Notation___macroRules_stx_,+,?_1 took 0.0927ms
interpretation of _aux_Init_Notation___macroRules_stx!__1 took 0.089ms
interpretation of _aux_Init_Notation___macroRules_term_∘__1 took 0.0957ms
interpretation of _aux_Init_Notation___macroRules_term_×__1 took 0.0913ms
interpretation of _aux_Init_Notation___macroRules_term_×'__1 took 0.0925ms
interpretation of _aux_Init_Notation___macroRules_term_∣__1 took 0.0917ms
interpretation of _aux_Init_Notation___macroRules_term_|||__1 took 0.0924ms
interpretation of _aux_Init_Notation___macroRules_term_^^^__1 took 0.101ms
interpretation of _aux_Init_Notation___macroRules_term_&&&__1 took 0.0928ms
interpretation of _aux_Init_Notation___macroRules_term_+__1 took 0.0904ms
interpretation of _aux_Init_Notation___macroRules_term_-__1 took 0.091ms
interpretation of _aux_Init_Notation___macroRules_term_*__1 took 0.091ms
interpretation of _aux_Init_Notation___macroRules_term_/__1 took 0.0906ms
interpretation of _aux_Init_Notation___macroRules_term_%__1 took 0.0906ms
interpretation of _aux_Init_Notation___macroRules_term_<<<__1 took 0.0925ms
interpretation of _aux_Init_Notation___macroRules_term_>>>__1 took 0.0928ms
interpretation of _aux_Init_Notation___macroRules_term_^__1 took 0.0915ms
interpretation of _aux_Init_Notation___macroRules_term_++__1 took 0.0906ms
interpretation of _aux_Init_Notation___macroRules_term-__1 took 0.0898ms
interpretation of _aux_Init_Notation___macroRules_term~~~__1 took 0.0919ms
interpretation of _aux_Init_Notation___macroRules_term_⁻¹_1 took 0.0901ms
interpretation of _aux_Init_Notation___macroRules_term_•__1 took 0.091ms
interpretation of _aux_Init_Notation___macroRules_term_|||__2 took 0.114ms
interpretation of _aux_Init_Notation___macroRules_term_^^^__2 took 0.0938ms
interpretation of _aux_Init_Notation___macroRules_term_&&&__2 took 0.091ms
interpretation of _aux_Init_Notation___macroRules_term_+__2 took 0.0892ms
interpretation of _aux_Init_Notation___macroRules_term_-__2 took 0.0892ms
interpretation of _aux_Init_Notation___macroRules_term_*__2 took 0.0892ms
interpretation of _aux_Init_Notation___macroRules_term_/__2 took 0.089ms
interpretation of _aux_Init_Notation___macroRules_term_%__2 took 0.0896ms
interpretation of _aux_Init_Notation___macroRules_term_^__2 took 0.102ms
interpretation of _aux_Init_Notation___macroRules_term_++__2 took 0.0954ms
interpretation of _aux_Init_Notation___macroRules_term-__2 took 0.0938ms
interpretation of _aux_Init_Notation___macroRules_term_•__2 took 0.0945ms
interpretation of _aux_Init_Notation___macroRules_term_>=__1 took 0.095ms
interpretation of _aux_Init_Notation___macroRules_term_<=__1 took 0.0945ms
interpretation of _aux_Init_Notation___macroRules_term_>=__2 took 0.0976ms
interpretation of _aux_Init_Notation___macroRules_term_<=__2 took 0.165ms
interpretation of _aux_Init_Notation___macroRules_term_≤__1 took 0.144ms
interpretation of _aux_Init_Notation___macroRules_term_<__1 took 0.141ms
interpretation of _aux_Init_Notation___macroRules_term_≥__1 took 0.142ms
interpretation of _aux_Init_Notation___macroRules_term_>__1 took 0.152ms
interpretation of _aux_Init_Notation___macroRules_term_=__1 took 0.139ms
interpretation of _aux_Init_Notation___macroRules_term_==__1 took 0.146ms
interpretation of _aux_Init_Notation___macroRules_term_≍__1 took 0.141ms
interpretation of _aux_Init_Notation___macroRules_term_≤__2 took 0.141ms
interpretation of _aux_Init_Notation___macroRules_term_<__2 took 0.142ms
interpretation of _aux_Init_Notation___macroRules_term_>__2 took 0.144ms
interpretation of _aux_Init_Notation___macroRules_term_≥__2 took 0.151ms
interpretation of _aux_Init_Notation___macroRules_term_=__2 took 0.144ms
interpretation of _aux_Init_Notation___macroRules_term_==__2 took 0.152ms
interpretation of _aux_Init_Notation___macroRules_term_∧__1 took 0.141ms
interpretation of _aux_Init_Notation___macroRules_term_∨__1 took 0.143ms
interpretation of _aux_Init_Notation___macroRules_term¬__1 took 0.14ms
interpretation of _aux_Init_Notation___macroRules_term_&&__1 took 0.139ms
interpretation of _aux_Init_Notation___macroRules_term_||__1 took 0.144ms
interpretation of _aux_Init_Notation___macroRules_term!__1 took 0.143ms
interpretation of _aux_Init_Notation___macroRules_term_∈__1 took 0.143ms
interpretation of _aux_Init_Notation___macroRules_term_∉__1 took 0.137ms
interpretation of _aux_Init_Notation___macroRules_term_::__1 took 0.143ms
interpretation of _aux_Init_Notation___macroRules_term_<$>__1 took 0.142ms
interpretation of _aux_Init_Notation___macroRules_term_>>=__1 took 0.158ms
interpretation of _aux_Init_Notation___macroRules_term_<|>__1 took 0.151ms
interpretation of _aux_Init_Notation___macroRules_term_>>__1 took 0.144ms
interpretation of _aux_Init_Notation___macroRules_term_<*>__1 took 0.143ms
interpretation of _aux_Init_Notation___macroRules_term_<*__1 took 0.139ms
interpretation of _aux_Init_Notation___macroRules_term_*>__1 took 0.131ms
interpretation of _aux_Init_Notation___macroRules_termDepIfThenElse_1 took 0.139ms
interpretation of _aux_Init_Notation___macroRules_termIfThenElse_1 took 0.138ms
interpretation of _aux_Init_Notation___macroRules_termIfLet_1 took 0.136ms
interpretation of _aux_Init_Notation___macroRules_boolIfThenElse_1 took 0.14ms
interpretation of _aux_Init_Notation___macroRules_term_<|__1 took 0.124ms
interpretation of _aux_Init_Notation___macroRules_term_|>__1 took 0.0894ms
interpretation of _aux_Init_Notation___macroRules_term_$___1 took 0.0874ms
interpretation of _aux_Init_Notation___macroRules_term{_:_//_}_1 took 0.0918ms
interpretation of _aux_Init_Notation___macroRules_termWithout_expected_type__1 took 0.0904ms
interpretation of Lean.Parser._aux_Init_Notation___macroRules_Lean_Parser_commandSeal___1 took 0.116ms
interpretation of Lean.Parser._aux_Init_Notation___macroRules_Lean_Parser_commandUnseal___1 took 0.0935ms
interpretation of Lean.Parser.Tactic._aux_Init_Tactics___macroRules_Lean_Parser_Tactic_tacticExfalso_1 took 0.111ms
interpretation of Lean.Parser.Tactic._aux_Init_Tactics___macroRules_Lean_Parser_Tactic_tacticNext_=>__1 took 0.098ms
interpretation of Lean.Parser.Tactic._aux_Init_Tactics___macroRules_Lean_Parser_Tactic_tacticTry__1 took 0.106ms
interpretation of Lean.Parser.Tactic._aux_Init_Tactics___macroRules_Lean_Parser_Tactic_tactic_<;>__1 took 0.108ms
interpretation of Lean.Parser.Tactic._aux_Init_Tactics___macroRules_Lean_Parser_Tactic_tacticRfl_1 took 0.0938ms
interpretation of Lean.Parser.Tactic._aux_Init_Tactics___macroRules_Lean_Parser_Tactic_tacticRfl_2 took 0.0934ms
interpretation of Lean.Parser.Tactic._aux_Init_Tactics___macroRules_Lean_Parser_Tactic_tacticRfl_3 took 0.0932ms
interpretation of Lean.Parser.Tactic._aux_Init_Tactics___macroRules_Lean_Parser_Tactic_tacticRfl'_1 took 0.0948ms
interpretation of Lean.Parser.Tactic._aux_Init_Tactics___macroRules_Lean_Parser_Tactic_tacticSorry_1 took 0.0944ms
interpretation of Lean.Parser.Tactic._aux_Init_Tactics___macroRules_Lean_Parser_Tactic_tacticAdmit_1 took 0.145ms
interpretation of Lean.Parser.Tactic._aux_Init_Tactics___macroRules_Lean_Parser_Tactic_tacticInfer_instance_1 took 0.155ms
interpretation of Lean.Parser.Tactic._aux_Init_Tactics___macroRules_Lean_Parser_Tactic_rwSeq_1 took 0.148ms
interpretation of Lean.Parser.Tactic._aux_Init_Tactics___macroRules_Lean_Parser_Tactic_tacticRwa___1 took 0.152ms
interpretation of Lean.Parser.Tactic._aux_Init_Tactics___macroRules_Lean_Parser_Tactic_tacticSimp?!__1 took 0.153ms
interpretation of Lean.Parser.Tactic._aux_Init_Tactics___macroRules_Lean_Parser_Tactic_tacticSimp_all?!__1 took 0.168ms
interpretation of Lean.Parser.Tactic._aux_Init_Tactics___macroRules_Lean_Parser_Tactic_tacticDsimp?!__1 took 0.141ms
interpretation of Lean.Parser.Tactic._aux_Init_Tactics___macroRules_Lean_Parser_Tactic_tacticSimpa!__1 took 0.147ms
interpretation of Lean.Parser.Tactic._aux_Init_Tactics___macroRules_Lean_Parser_Tactic_tacticSimpa?__1 took 0.149ms
interpretation of Lean.Parser.Tactic._aux_Init_Tactics___macroRules_Lean_Parser_Tactic_tacticSimpa?!__1 took 0.146ms
interpretation of Lean.Parser.Tactic._aux_Init_Tactics___macroRules_Lean_Parser_Tactic_tacticSimpa!__1_1 took 0.147ms
interpretation of Lean.Parser.Tactic._aux_Init_Tactics___macroRules_Lean_Parser_Tactic_tacticSimpa?__1_1 took 0.145ms
interpretation of Lean.Parser.Tactic._aux_Init_Tactics___macroRules_Lean_Parser_Tactic_tacticSimpa?!__1_1 took 0.14ms
interpretation of Lean.Parser.Tactic._aux_Init_Tactics___macroRules_Lean_Parser_Tactic_tacticRefine_lift__1 took 0.142ms
interpretation of Lean.Parser.Tactic._aux_Init_Tactics___macroRules_Lean_Parser_Tactic_tacticHave___1 took 0.154ms
interpretation of Lean.Parser.Tactic._aux_Init_Tactics___macroRules_Lean_Parser_Tactic_tacticSuffices__1 took 0.142ms
interpretation of Lean.Parser.Tactic._aux_Init_Tactics___macroRules_Lean_Parser_Tactic_tacticLet___1 took 0.143ms
interpretation of Lean.Parser.Tactic._aux_Init_Tactics___macroRules_Lean_Parser_Tactic_letrec_1 took 0.138ms
interpretation of Lean.Parser.Tactic._aux_Init_Tactics___macroRules_Lean_Parser_Tactic_tacticRefine_lift'__1 took 0.141ms
interpretation of Lean.Parser.Tactic._aux_Init_Tactics___macroRules_Lean_Parser_Tactic_tacticHave'_1 took 0.132ms
interpretation of Lean.Parser.Tactic._aux_Init_Tactics___macroRules_Lean_Parser_Tactic_tacticLet'___1 took 0.132ms
interpretation of Lean.Parser.Tactic._aux_Init_Tactics___macroRules_Lean_Parser_Tactic_tacticStop__1 took 0.133ms
interpretation of Lean.Parser.Tactic._aux_Init_Tactics___macroRules_Lean_Parser_Tactic_tacticUnhygienic__1 took 0.127ms
interpretation of Lean.Parser.Tactic._aux_Init_Tactics___macroRules_Lean_Parser_Tactic_tacticExists_,,_1 took 0.145ms
interpretation of Lean.Parser.Tactic._aux_Init_Tactics___macroRules_Lean_Parser_Tactic_tacticNofun_1 took 0.13ms
interpretation of Lean.Parser.Tactic._aux_Init_Tactics___macroRules_Lean_Parser_Tactic_tacticNomatch_,,_1 took 0.13ms
interpretation of Lean.Parser.Tactic._aux_Init_Tactics___macroRules_Lean_Parser_Tactic_tacticAnd_intros_1 took 0.127ms
interpretation of Lean.Parser.Tactic._aux_Init_Tactics___macroRules_Lean_Parser_Tactic_tacticHaveI___1 took 0.129ms
interpretation of Lean.Parser.Tactic._aux_Init_Tactics___macroRules_Lean_Parser_Tactic_tacticLetI___1 took 0.132ms
interpretation of Lean.Parser.Tactic._aux_Init_Tactics___macroRules_Lean_Parser_Tactic_tacticTrivial_1 took 0.137ms
interpretation of Lean.Parser.Tactic._aux_Init_Tactics___macroRules_Lean_Parser_Tactic_tacticTrivial_2 took 0.133ms
interpretation of Lean.Parser.Tactic._aux_Init_Tactics___macroRules_Lean_Parser_Tactic_tacticTrivial_3 took 0.134ms
interpretation of Lean.Parser.Tactic._aux_Init_Tactics___macroRules_Lean_Parser_Tactic_tacticTrivial_4 took 0.123ms
interpretation of Lean.Parser.Tactic._aux_Init_Tactics___macroRules_Lean_Parser_Tactic_tacticTrivial_5 took 0.124ms
interpretation of Lean.Parser.Tactic._aux_Init_Tactics___macroRules_Lean_Parser_Tactic_tacticTrivial_6 took 0.124ms
interpretation of Lean.Parser.Tactic._aux_Init_Tactics___macroRules_Lean_Parser_Tactic_tacticBv_omega_1 took 0.152ms
interpretation of Lean.Parser.Tactic._aux_Init_Tactics___macroRules_Lean_Parser_Tactic_tacticAssumption_mod_cast__1 took 0.172ms
interpretation of Lean.Parser.Tactic._aux_Init_Tactics___macroRules_Lean_Parser_Tactic_tacticNorm_cast___1 took 0.149ms
interpretation of Lean.Parser.Tactic._aux_Init_Tactics___macroRules_Lean_Parser_Tactic_tacticAc_nf__1 took 0.167ms
interpretation of Lean.Parser.Tactic._aux_Init_Tactics___macroRules_Lean_Parser_Tactic_showTermElab_1 took 0.16ms
interpretation of Lean.Parser.Tactic._aux_Init_Tactics___macroRules_Lean_Parser_Tactic_by?_1 took 0.156ms
interpretation of Lean.Parser.Tactic._aux_Init_Tactics___macroRules_Lean_Parser_Tactic_massumptionMacro_1 took 0.166ms
interpretation of Lean.Parser.Tactic._aux_Init_Tactics___macroRules_Lean_Parser_Tactic_mclearMacro_1 took 0.181ms
interpretation of Lean.Parser.Tactic._aux_Init_Tactics___macroRules_Lean_Parser_Tactic_mconstructorMacro_1 took 0.165ms
interpretation of Lean.Parser.Tactic._aux_Init_Tactics___macroRules_Lean_Parser_Tactic_mexactMacro_1 took 0.165ms
interpretation of Lean.Parser.Tactic._aux_Init_Tactics___macroRules_Lean_Parser_Tactic_mexfalsoMacro_1 took 0.162ms
interpretation of Lean.Parser.Tactic._aux_Init_Tactics___macroRules_Lean_Parser_Tactic_mexistsMacro_1 took 0.155ms
interpretation of Lean.Parser.Tactic._aux_Init_Tactics___macroRules_Lean_Parser_Tactic_mframeMacro_1 took 0.134ms
interpretation of Lean.Parser.Tactic._aux_Init_Tactics___macroRules_Lean_Parser_Tactic_mhaveMacro_1 took 0.144ms
interpretation of Lean.Parser.Tactic._aux_Init_Tactics___macroRules_Lean_Parser_Tactic_mreplaceMacro_1 took 0.137ms
interpretation of Lean.Parser.Tactic._aux_Init_Tactics___macroRules_Lean_Parser_Tactic_mleftMacro_1 took 0.144ms
interpretation of Lean.Parser.Tactic._aux_Init_Tactics___macroRules_Lean_Parser_Tactic_mrightMacro_1 took 0.133ms
interpretation of Lean.Parser.Tactic._aux_Init_Tactics___macroRules_Lean_Parser_Tactic_mpureMacro_1 took 0.137ms
interpretation of Lean.Parser.Tactic._aux_Init_Tactics___macroRules_Lean_Parser_Tactic_mpureIntroMacro_1 took 0.142ms
interpretation of Lean.Parser.Tactic._aux_Init_Tactics___macroRules_Lean_Parser_Tactic_mrevertMacro_1 took 0.128ms
interpretation of Lean.Parser.Tactic._aux_Init_Tactics___macroRules_Lean_Parser_Tactic_mrenameIMacro_1 took 0.133ms
interpretation of Lean.Parser.Tactic._aux_Init_Tactics___macroRules_Lean_Parser_Tactic_mspecializeMacro_1 took 0.115ms
interpretation of Lean.Parser.Tactic._aux_Init_Tactics___macroRules_Lean_Parser_Tactic_mspecializePureMacro_1 took 0.111ms
interpretation of Lean.Parser.Tactic._aux_Init_Tactics___macroRules_Lean_Parser_Tactic_mstartMacro_1 took 0.101ms
interpretation of Lean.Parser.Tactic._aux_Init_Tactics___macroRules_Lean_Parser_Tactic_mstopMacro_1 took 0.0886ms
interpretation of Lean.Parser.Tactic._aux_Init_Tactics___macroRules_Lean_Parser_Tactic_mleaveMacro_1 took 0.0946ms
interpretation of Lean.Parser.Tactic._aux_Init_Tactics___macroRules_Lean_Parser_Tactic_mcasesMacro_1 took 0.0889ms
interpretation of Lean.Parser.Tactic._aux_Init_Tactics___macroRules_Lean_Parser_Tactic_mrefineMacro_1 took 0.105ms
interpretation of Lean.Parser.Tactic._aux_Init_Tactics___macroRules_Lean_Parser_Tactic_mintroMacro_1 took 0.0924ms
interpretation of Lean.Parser.Tactic._aux_Init_Tactics___macroRules_Lean_Parser_Tactic_mspecMacro_1 took 0.0953ms
interpretation of Lean.Parser.Tactic._aux_Init_Tactics___macroRules_Lean_Parser_Tactic_mvcgenMacro_1 took 0.134ms
interpretation of Lean.Parser.Tactic._aux_Init_Tactics___macroRules_Lean_Parser_Tactic_vcgenMacro_1 took 0.103ms
interpretation of _aux_Init_Tactics___macroRules_term‹_›_1 took 0.105ms
interpretation of _aux_Init_Tactics___macroRules_tacticGet_elem_tactic_extensible_1 took 0.0884ms
interpretation of _aux_Init_Tactics___macroRules_tacticGet_elem_tactic_extensible_2 took 0.0862ms
interpretation of _aux_Init_Tactics___macroRules_tacticGet_elem_tactic_extensible_3 took 0.0856ms
interpretation of _aux_Init_Tactics___macroRules_tacticGet_elem_tactic_1 took 0.199ms
interpretation of _aux_Init_Core___macroRules_term_<->__1 took 0.162ms
interpretation of _aux_Init_Core___macroRules_term_↔__1 took 0.0821ms
interpretation of _aux_Init_Core___macroRules_term_⊕__1 took 0.0823ms
interpretation of _aux_Init_Core___macroRules_term_⊕'__1 took 0.0814ms
interpretation of _aux_Init_Core___macroRules_term_≈__1 took 0.0801ms
interpretation of _aux_Init_Core___macroRules_term_⊆__1 took 0.0806ms
interpretation of _aux_Init_Core___macroRules_term_⊂__1 took 0.0796ms
interpretation of _aux_Init_Core___macroRules_term_⊇__1 took 0.0792ms
interpretation of _aux_Init_Core___macroRules_term_⊃__1 took 0.0788ms
interpretation of _aux_Init_Core___macroRules_term_∪__1 took 0.0813ms
interpretation of _aux_Init_Core___macroRules_term_∩__1 took 0.0982ms
interpretation of _aux_Init_Core___macroRules_term_\__1 took 0.0803ms
interpretation of _aux_Init_Core___macroRules_term{}_1 took 0.081ms
interpretation of _aux_Init_Core___macroRules_term∅_1 took 0.164ms
interpretation of _aux_Init_Core___macroRules_term_!=__1 took 0.0833ms
interpretation of _aux_Init_Core___macroRules_term_!=__2 took 0.0803ms
interpretation of _aux_Init_Core___macroRules_term_≠__1 took 0.0895ms
interpretation of _aux_Init_Core___macroRules_term_≠__2 took 0.0795ms
interpretation of _aux_Init_Core___macroRules_Lean_Parser_Tactic_tacticRfl_1 took 0.0831ms
interpretation of _aux_Init_Control_Basic___macroRules_term_<&>__1 took 0.0837ms
interpretation of _aux_Init_Control_Basic___macroRules_term_<||>__1 took 0.084ms
interpretation of _aux_Init_Control_Basic___macroRules_term_<&&>__1 took 0.0833ms
interpretation of _aux_Init_Control_Basic___macroRules_term_>=>__1 took 0.0825ms
interpretation of _aux_Init_Control_Basic___macroRules_term_<=<__1 took 0.0827ms
interpretation of _aux_Init_Control_Basic___macroRules_term_=<<__1 took 0.0858ms
interpretation of Lean.Parser.Tactic.Grind._aux_Init_Grind_Interactive___macroRules_Lean_Parser_Tactic_Grind_use_1 took 0.101ms
interpretation of Lean.Parser.Tactic.Grind._aux_Init_Grind_Interactive___macroRules_Lean_Parser_Tactic_Grind_grind·__1 took 0.0981ms
interpretation of Lean.Parser.Tactic.Grind._aux_Init_Grind_Interactive___macroRules_Lean_Parser_Tactic_Grind_grind_<;>__1 took 0.0729ms
interpretation of Lean.Parser.Tactic.Grind._aux_Init_Grind_Interactive___macroRules_Lean_Parser_Tactic_Grind_grindTry__1 took 0.0957ms
interpretation of Lean.Parser.Tactic.Grind._aux_Init_Grind_Interactive___macroRules_Lean_Parser_Tactic_Grind_grindAdmit_1 took 0.095ms
interpretation of Lean.Parser.Tactic.Grind._aux_Init_Grind_Interactive___macroRules_Lean_Parser_Tactic_Grind_grindRepeat__1 took 0.0753ms
interpretation of Lean.Parser.Tactic.Grind._aux_Init_Grind_Interactive___macroRules_Lean_Parser_Tactic_Grind_symIntroLight_1 took 0.0836ms
interpretation of Lean.Parser.Tactic.Grind._aux_Init_Grind_Interactive___macroRules_Lean_Parser_Tactic_Grind_symIntrosLight_1 took 0.0758ms
interpretation of Lean.Parser.Tactic.Grind._aux_Init_Grind_Interactive___macroRules_Lean_Parser_Tactic_Grind_grindExact__1 took 0.075ms
interpretation of Int._aux_Init_Data_Int_Basic___macroRules_Int_term-[_+1]_1 took 0.11ms
interpretation of Lean._aux_Init_Data_List_Notation___macroRules_term[_]_1 took 0.13ms
interpretation of List._aux_Init_Data_List_Basic___macroRules_List_term_<+__1 took 0.108ms
interpretation of List._aux_Init_Data_List_Basic___macroRules_List_term_<+:__1 took 0.144ms
interpretation of List._aux_Init_Data_List_Basic___macroRules_List_term_<:+__1 took 0.0928ms
interpretation of List._aux_Init_Data_List_Basic___macroRules_List_term_<:+:__1 took 0.0914ms
interpretation of List._aux_Init_Data_List_Basic___macroRules_List_term_~__1 took 0.0891ms
interpretation of _aux_Init_WFTactics___macroRules_tacticSimp_wf_1 took 0.121ms
interpretation of _aux_Init_WFTactics___macroRules_tacticClean_wf_1 took 0.108ms
interpretation of _aux_Init_WFTactics___macroRules_tacticDecreasing_trivial_1 took 0.0893ms
interpretation of _aux_Init_WFTactics___macroRules_tacticDecreasing_trivial_2 took 0.0886ms
interpretation of _aux_Init_WFTactics___macroRules_tacticDecreasing_trivial_3 took 0.0903ms
interpretation of _aux_Init_WFTactics___macroRules_tacticDecreasing_trivial_pre_omega_1 took 0.09ms
interpretation of _aux_Init_WFTactics___macroRules_tacticDecreasing_trivial_pre_omega_2 took 0.0892ms
interpretation of _aux_Init_WFTactics___macroRules_tacticDecreasing_trivial_pre_omega_3 took 0.0889ms
interpretation of _aux_Init_WFTactics___macroRules_tacticDecreasing_with__1 took 0.0865ms
interpretation of _aux_Init_WFTactics___macroRules_tacticDecreasing_tactic_1 took 0.0854ms
interpretation of _aux_Init_GetElem___macroRules_term__[_]_1 took 0.0964ms
interpretation of _aux_Init_GetElem___macroRules_term__[_]'__1 took 0.115ms
interpretation of _aux_Init_GetElem___macroRules_term__[_]_?_1 took 0.0898ms
interpretation of _aux_Init_GetElem___macroRules_term__[_]_!_1 took 0.0885ms
interpretation of Fin._aux_Init_GetElem___macroRules_tacticGet_elem_tactic_extensible_1 took 0.105ms
interpretation of _aux_Init_Data_Array_Basic___macroRules_term#[_,]_1 took 0.0934ms
interpretation of Lean._aux_Init_Meta___macroRules_Lean_Parser_Syntax_addPrec_1 took 0.188ms
interpretation of Lean._aux_Init_Meta___macroRules_Lean_Parser_Syntax_subPrec_1 took 0.0942ms
interpretation of Lean._aux_Init_Meta___macroRules_Lean_termEval_prec__1 took 0.0897ms
interpretation of Lean._aux_Init_Meta___macroRules_Lean_Parser_Syntax_addPrio_1 took 0.0913ms
interpretation of Lean._aux_Init_Meta___macroRules_Lean_Parser_Syntax_subPrio_1 took 0.0908ms
interpretation of Lean._aux_Init_Meta___macroRules_Lean_termEval_prio__1 took 0.0902ms
interpretation of Lean.Parser.Tactic._aux_Init_Meta___macroRules_Lean_Parser_Tactic_tacticErw____1 took 0.102ms
interpretation of Lean.Parser.Tactic._aux_Init_Meta___macroRules_Lean_Parser_Tactic_declareSimpLikeTactic_1 took 0.0993ms
interpretation of Lean.Parser.Tactic.expandSimp._@.Init.Meta.4021577198._hygCtx._hyg.3 took 0.104ms
interpretation of Lean.Parser.Tactic.expandSimp._@.Init.Meta.3079349156._hygCtx._hyg.3 took 0.0954ms
interpretation of Lean.Parser.Tactic.expandSimp._@.Init.Meta.4207919134._hygCtx._hyg.3 took 0.0956ms
interpretation of Lean.Parser.Tactic._aux_Init_TacticsExtra___macroRules_Lean_Parser_Tactic_tacDepIfThenElse_1 took 0.115ms
interpretation of Lean.Parser.Tactic._aux_Init_TacticsExtra___macroRules_Lean_Parser_Tactic_tacIfThenElse_1 took 0.0951ms
interpretation of Lean.Parser.Tactic._aux_Init_TacticsExtra___macroRules_Lean_Parser_Tactic_tacticIterate_____1 took 0.108ms
interpretation of Lean.Parser.Tactic._aux_Init_TacticsExtra___macroRules_Lean_Parser_Tactic_tacticRw_mod_cast____1 took 0.101ms
interpretation of Lean.Parser.Tactic._aux_Init_TacticsExtra___macroRules_Lean_Parser_Tactic_tacticExact_mod_cast__1 took 0.0979ms
interpretation of Lean.Parser.Tactic._aux_Init_TacticsExtra___macroRules_Lean_Parser_Tactic_tacticApply_mod_cast__1 took 0.0969ms
interpretation of _aux_Init_ByCases___macroRules_tacticBy_cases_:__1 took 0.0874ms
interpretation of _aux_Init_ByCases___macroRules_tacticBy_cases_:__2 took 0.0859ms
interpretation of Lean.Parser.Tactic.Conv._aux_Init_Conv___macroRules_Lean_Parser_Tactic_Conv_convRfl_1 took 0.096ms
interpretation of Lean.Parser.Tactic.Conv._aux_Init_Conv___macroRules_Lean_Parser_Tactic_Conv_convDone_1 took 0.0958ms
interpretation of Lean.Parser.Tactic.Conv._aux_Init_Conv___macroRules_Lean_Parser_Tactic_Conv_convTrace_state_1 took 0.0984ms
interpretation of Lean.Parser.Tactic.Conv._aux_Init_Conv___macroRules_Lean_Parser_Tactic_Conv_allGoals_1 took 0.0952ms
interpretation of Lean.Parser.Tactic.Conv._aux_Init_Conv___macroRules_Lean_Parser_Tactic_Conv_anyGoals_1 took 0.0992ms
interpretation of Lean.Parser.Tactic.Conv._aux_Init_Conv___macroRules_Lean_Parser_Tactic_Conv_case_1 took 0.0945ms
interpretation of Lean.Parser.Tactic.Conv._aux_Init_Conv___macroRules_Lean_Parser_Tactic_Conv_case'_1 took 0.0941ms
interpretation of Lean.Parser.Tactic.Conv._aux_Init_Conv___macroRules_Lean_Parser_Tactic_Conv_convNext__=>__1 took 0.119ms
interpretation of Lean.Parser.Tactic.Conv._aux_Init_Conv___macroRules_Lean_Parser_Tactic_Conv_focus_1 took 0.0988ms
interpretation of Lean.Parser.Tactic.Conv._aux_Init_Conv___macroRules_Lean_Parser_Tactic_Conv_conv·__1 took 0.102ms
interpretation of Lean.Parser.Tactic.Conv._aux_Init_Conv___macroRules_Lean_Parser_Tactic_Conv_failIfSuccess_1 took 0.101ms
interpretation of Lean.Parser.Tactic.Conv._aux_Init_Conv___macroRules_Lean_Parser_Tactic_Conv_convRw___1 took 0.0989ms
interpretation of Lean.Parser.Tactic.Conv._aux_Init_Conv___macroRules_Lean_Parser_Tactic_Conv_convErw___1 took 0.0994ms
interpretation of Lean.Parser.Tactic.Conv._aux_Init_Conv___macroRules_Lean_Parser_Tactic_Conv_convArgs_1 took 0.15ms
interpretation of Lean.Parser.Tactic.Conv._aux_Init_Conv___macroRules_Lean_Parser_Tactic_Conv_convLeft_1 took 0.185ms
interpretation of Lean.Parser.Tactic.Conv._aux_Init_Conv___macroRules_Lean_Parser_Tactic_Conv_convRight_1 took 0.164ms
interpretation of Lean.Parser.Tactic.Conv._aux_Init_Conv___macroRules_Lean_Parser_Tactic_Conv_convIntro____1 took 0.205ms
interpretation of Lean.Parser.Tactic.Conv._aux_Init_Conv___macroRules_Lean_Parser_Tactic_Conv_convApply__1 took 0.184ms
interpretation of Lean.Parser.Tactic.Conv._aux_Init_Conv___macroRules_Lean_Parser_Tactic_Conv_convTry__1 took 0.166ms
interpretation of Lean.Parser.Tactic.Conv._aux_Init_Conv___macroRules_Lean_Parser_Tactic_Conv_conv_<;>__1 took 0.152ms
interpretation of Lean.Parser.Tactic.Conv._aux_Init_Conv___macroRules_Lean_Parser_Tactic_Conv_convRepeat__1 took 0.152ms
interpretation of Lean._aux_Init_NotationExtra___macroRules_Lean_command__Unif_hint____Where_|_-⊢___1 took 0.103ms
interpretation of _aux_Init_NotationExtra___macroRules_term∃_,__1 took 0.0952ms
interpretation of _aux_Init_NotationExtra___macroRules_termExists_,__1 took 0.0889ms
interpretation of _aux_Init_NotationExtra___macroRules_termΣ_,__1 took 0.0883ms
interpretation of _aux_Init_NotationExtra___macroRules_termΣ'_,__1 took 0.0892ms
interpretation of _aux_Init_NotationExtra___macroRules_term_×__1_1 took 0.105ms
interpretation of _aux_Init_NotationExtra___macroRules_term_×'__1_1 took 0.0966ms
interpretation of Lean._aux_Init_NotationExtra___macroRules_Lean_convCalc__1 took 0.0957ms
interpretation of _aux_Init_NotationExtra___macroRules_tacticFunext____1 took 0.0862ms
interpretation of _aux_Init_NotationExtra___macroRules_term%[_|_]_1 took 0.0874ms
interpretation of _aux_Init_NotationExtra___macroRules_Lean_Parser_Command_classAbbrev_1 took 0.0875ms
interpretation of Lean._aux_Init_NotationExtra___macroRules_Lean_solveTactic_1 took 0.085ms
interpretation of Lean._aux_Init_NotationExtra___macroRules_Lean_term_Matches_|_1 took 0.0858ms
interpretation of _aux_Init_NotationExtra___macroRules_term{_}_1 took 0.0814ms
interpretation of Lean.Elab.Tactic.Ext._aux_Init_Ext___macroRules_Lean_Elab_Tactic_Ext_tacticExt1____1 took 0.0957ms
interpretation of Lean._aux_Init_BinderPredicates___macroRules_Lean_term∃__,__1 took 0.0929ms
interpretation of Lean._aux_Init_BinderPredicates___macroRules_Lean_term∀__,__1 took 0.087ms
interpretation of Lean._aux_Init_BinderPredicates___macroRules_Lean_termSatisfies_binder_pred%___1 took 0.0917ms
interpretation of Lean._aux_Init_BinderPredicates___macroRules_Lean_termSatisfies_binder_pred%___2 took 0.105ms
interpretation of Lean._aux_Init_BinderPredicates___macroRules_Lean_termSatisfies_binder_pred%___3 took 0.0871ms
interpretation of Lean._aux_Init_BinderPredicates___macroRules_Lean_termSatisfies_binder_pred%___4 took 0.0965ms
interpretation of Lean._aux_Init_BinderPredicates___macroRules_Lean_termSatisfies_binder_pred%___5 took 0.0886ms
interpretation of Lean._aux_Init_BinderPredicates___macroRules_Lean_termSatisfies_binder_pred%___6 took 0.0873ms
interpretation of Lean._aux_Init_BinderPredicates___macroRules_Lean_termSatisfies_binder_pred%___7 took 0.0863ms
interpretation of Lean._aux_Init_BinderPredicates___macroRules_Lean_termSatisfies_binder_pred%___8 took 0.0881ms
interpretation of Lean._aux_Init_BinderPredicates___macroRules_Lean_termSatisfies_binder_pred%___9 took 0.0864ms
interpretation of Lean._aux_Init_BinderPredicates___macroRules_Lean_termSatisfies_binder_pred%___10 took 0.0935ms
interpretation of Lean._aux_Init_BinderPredicates___macroRules_Lean_termSatisfies_binder_pred%___11 took 0.0877ms
interpretation of Bool._aux_Init_Data_Bool___macroRules_Bool_term_^^__1 took 0.0837ms
interpretation of List._aux_Init_Data_List_BasicAux___macroRules_List_tacticSizeOf_list_dec_1 took 0.0909ms
interpretation of List._aux_Init_Data_List_BasicAux___macroRules_tacticDecreasing_trivial_1 took 0.0848ms
interpretation of BitVec._aux_Init_Data_BitVec_Basic___macroRules_BitVec_term__#___1 took 0.0865ms
interpretation of BitVec._aux_Init_Data_BitVec_Basic___macroRules_BitVec_term__#'___1 took 0.0944ms
interpretation of String._aux_Init_Data_String_Termination___macroRules_tacticDecreasing_trivial_1 took 0.0874ms
interpretation of String._aux_Init_Data_String_Termination___macroRules_tacticDecreasing_trivial_2 took 0.0863ms
interpretation of String._aux_Init_Data_String_Termination___macroRules_tacticDecreasing_trivial_3 took 0.0888ms
interpretation of String._aux_Init_Data_String_Termination___macroRules_tacticDecreasing_trivial_4 took 0.082ms
interpretation of String.Legacy.Iterator._aux_Init_Data_String_Iterator___macroRules_tacticDecreasing_trivial_1 took 0.0886ms
interpretation of String.Legacy.Iterator._aux_Init_Data_String_Iterator___macroRules_tacticDecreasing_trivial_2 took 0.0864ms
interpretation of Std._aux_Init_Data_Iterators_Basic___macroRules_tacticDecreasing_trivial_1 took 0.0922ms
interpretation of Std._aux_Init_Data_Iterators_Basic___macroRules_tacticDecreasing_trivial_2 took 0.0827ms
interpretation of Std._aux_Init_Data_Iterators_Basic___macroRules_tacticDecreasing_trivial_3 took 0.0855ms
interpretation of Std._aux_Init_Data_Iterators_Basic___macroRules_tacticDecreasing_trivial_4 took 0.0836ms
interpretation of Std._aux_Init_Data_Range_Polymorphic_PRange___macroRules_Std_term_...=__1 took 0.0903ms
interpretation of Std._aux_Init_Data_Range_Polymorphic_PRange___macroRules_Std_term*...=__1 took 0.0885ms
interpretation of Std._aux_Init_Data_Range_Polymorphic_PRange___macroRules_Std_term_...*_1 took 0.0881ms
interpretation of Std._aux_Init_Data_Range_Polymorphic_PRange___macroRules_Std_term*...*_1 took 0.0873ms
interpretation of Std._aux_Init_Data_Range_Polymorphic_PRange___macroRules_Std_term_<...=__1 took 0.0889ms
interpretation of Std._aux_Init_Data_Range_Polymorphic_PRange___macroRules_Std_term_<...*_1 took 0.0871ms
interpretation of Std._aux_Init_Data_Range_Polymorphic_PRange___macroRules_Std_term_...<__1 took 0.0939ms
interpretation of Std._aux_Init_Data_Range_Polymorphic_PRange___macroRules_Std_term_...__1 took 0.0874ms
interpretation of Std._aux_Init_Data_Range_Polymorphic_PRange___macroRules_Std_term*...<__1 took 0.0941ms
interpretation of Std._aux_Init_Data_Range_Polymorphic_PRange___macroRules_Std_term*...__1 took 0.0872ms
interpretation of Std._aux_Init_Data_Range_Polymorphic_PRange___macroRules_Std_term_<...<__1 took 0.102ms
interpretation of Std._aux_Init_Data_Range_Polymorphic_PRange___macroRules_Std_term_<...__1 took 0.138ms
interpretation of Vector._aux_Init_Data_Vector_Basic___macroRules_Vector_term#v[_,]_1 took 0.142ms
interpretation of Std.Legacy.Range._aux_Init_Data_Range_Basic___macroRules_Std_Legacy_Range_term[:_]_1 took 0.158ms
interpretation of Std.Legacy.Range._aux_Init_Data_Range_Basic___macroRules_Std_Legacy_Range_term[_:_]_1 took 0.153ms
interpretation of Std.Legacy.Range._aux_Init_Data_Range_Basic___macroRules_Std_Legacy_Range_term[_:_:_]_1 took 0.162ms
interpretation of Std.Legacy.Range._aux_Init_Data_Range_Basic___macroRules_Std_Legacy_Range_term[:_:_]_1 took 0.171ms
interpretation of _aux_Init_Data_Range_Basic___macroRules_tacticGet_elem_tactic_extensible_1 took 0.252ms
interpretation of Array._aux_Init_Data_Array_Subarray___macroRules_Array_term__[_:_]_1 took 0.145ms
interpretation of Array._aux_Init_Data_Array_Subarray___macroRules_Array_term__[:_]_1 took 0.139ms
interpretation of Array._aux_Init_Data_Array_Subarray___macroRules_Array_term__[_:]_1 took 0.138ms
interpretation of String.Internal._aux_Init_Data_String_OrderInstances___macroRules_String_Internal_tacticOrder_1 took 0.152ms
interpretation of Array._aux_Init_Data_Array_Mem___macroRules_Array_tacticArray_get_dec_1 took 0.135ms
interpretation of Array._aux_Init_Data_Array_Mem___macroRules_tacticDecreasing_trivial_1 took 0.123ms
interpretation of Array._aux_Init_Data_Array_Mem___macroRules_Array_tacticArray_mem_dec_1 took 0.13ms
interpretation of Array._aux_Init_Data_Array_Mem___macroRules_tacticDecreasing_trivial_2 took 0.144ms
interpretation of Array._aux_Init_Data_Array_Perm___macroRules_Array_term_~__1 took 0.133ms
interpretation of Std._aux_Init_Data_Slice_Notation___macroRules_term__[_]_1 took 0.141ms
interpretation of Std._aux_Init_Data_Range_Polymorphic_Basic___macroRules_tacticGet_elem_tactic_extensible_1 took 0.149ms
interpretation of _aux_Init_Data_UInt_Lemmas___macroRules_commandDeclare_uint_theorems___1 took 0.154ms
interpretation of _aux_Init_Data_UInt_Bitwise___macroRules_commandDeclare_bitwise_uint_theorems___1 took 0.14ms
interpretation of _aux_Init_Data_SInt_Lemmas___macroRules_commandDeclare_int_theorems___1 took 0.129ms
interpretation of _aux_Init_Data_SInt_Bitwise___macroRules_commandDeclare_bitwise_int_theorems___1 took 0.151ms
interpretation of _aux_Init_System_IO___macroRules_termPrintln!___1 took 0.103ms
interpretation of _aux_Init_Data_ToString_Macro___macroRules_termS!__1 took 0.0998ms
interpretation of Std._aux_Init_Data_Format_Macro___macroRules_Std_termF!__1 took 0.0864ms
interpretation of Vector._aux_Init_Data_Vector_Perm___macroRules_Vector_term_~__1 took 0.085ms
interpretation of Rat._aux_Init_Data_Rat_Basic___macroRules_Rat_term_/.__1 took 0.0851ms
interpretation of Lean.Parser._aux_Init_Grind_Propagator___macroRules_Lean_Parser_command_Builtin_grind_propagator____:=__1 took 0.0804ms
interpretation of DerivingHelpers._aux_Init_LawfulBEqTactics___macroRules_DerivingHelpers_tacticDeriving_ReflEq_tactic_1 took 0.102ms
interpretation of _aux_Init_LawfulBEqTactics___macroRules_tacticDeriving_LawfulEq_tactic_step_1 took 0.0983ms
interpretation of _aux_Init_LawfulBEqTactics___macroRules_tacticDeriving_LawfulEq_tactic_step_2 took 0.0855ms
interpretation of _aux_Init_LawfulBEqTactics___macroRules_tacticDeriving_LawfulEq_tactic_step_3 took 0.088ms
interpretation of _aux_Init_LawfulBEqTactics___macroRules_tacticDeriving_LawfulEq_tactic_step_4 took 0.0884ms
interpretation of _aux_Init_LawfulBEqTactics___macroRules_tacticDeriving_LawfulEq_tactic_step_5 took 0.0871ms
interpretation of _aux_Init_LawfulBEqTactics___macroRules_tacticDeriving_LawfulEq_tactic_step_6 took 0.0872ms
interpretation of _aux_Init_LawfulBEqTactics___macroRules_tacticDeriving_LawfulEq_tactic_1 took 0.086ms
interpretation of _aux_Init_Data_Range_Polymorphic_GetElemTactic___macroRules_tacticGet_elem_tactic_extensible_1 took 0.0963ms
interpretation of Lean.Parser._aux_Init_Simproc___macroRules_Lean_Parser_command_Simproc_decl_(_):=__1 took 0.111ms
interpretation of Lean.Parser._aux_Init_Simproc___macroRules_Lean_Parser_command_Dsimproc_decl_(_):=__1 took 0.0964ms
interpretation of Lean.Parser._aux_Init_Simproc___macroRules_Lean_Parser_command_Builtin_simproc_decl_(_):=__1 took 0.0751ms
interpretation of Lean.Parser._aux_Init_Simproc___macroRules_Lean_Parser_command_Builtin_dsimproc_decl_(_):=__1 took 0.16ms
interpretation of Lean.Parser._aux_Init_Simproc___macroRules_Lean_Parser_command__Simproc__[_]_(_):=__1 took 0.076ms
interpretation of Lean.Parser._aux_Init_Simproc___macroRules_Lean_Parser_command__Dsimproc__[_]_(_):=__1 took 0.0747ms
interpretation of Lean.Parser._aux_Init_Simproc___macroRules_Lean_Parser_command__Builtin_simproc__[_]_(_):=__1 took 0.0753ms
interpretation of Lean.Parser._aux_Init_Simproc___macroRules_Lean_Parser_command__Builtin_dsimproc__[_]_(_):=__1 took 0.0753ms
interpretation of Lean.Parser._aux_Init_CbvSimproc___macroRules_Lean_Parser_command_Cbv_simproc_decl_(_):=__1 took 0.0783ms
interpretation of Lean.Parser._aux_Init_CbvSimproc___macroRules_Lean_Parser_command_Builtin_cbv_simproc_decl_(_):=__1 took 0.0753ms
interpretation of Lean.Parser._aux_Init_CbvSimproc___macroRules_Lean_Parser_command__Cbv_simproc____(_):=__1 took 0.091ms
interpretation of Lean.Parser._aux_Init_CbvSimproc___macroRules_Lean_Parser_command__Builtin_cbv_simproc____(_):=__1 took 0.0718ms
interpretation of Lean._aux_Init_MacroTrace___macroRules_Lean_termMacro.trace[_]__1 took 0.09ms
interpretation of Lean.Order._aux_Init_Internal_Order_Basic___macroRules_Lean_Order_term_⊑__1 took 0.0929ms
interpretation of Lean.Order._aux_Init_Internal_Order_Basic___macroRules_Lean_Order_term⊥_1 took 0.0888ms
interpretation of _aux_Init_Try___macroRules_tactic∎_1 took 0.081ms
interpretation of _aux_Init_Try___macroRules_term∎_1 took 0.0797ms
interpretation of Std.DHashMap.Raw._aux_Std_Data_DHashMap_Raw___macroRules_Std_DHashMap_Raw_term_~m__1 took 0.1ms
interpretation of Std.DHashMap._aux_Std_Data_DHashMap_Basic___macroRules_Std_DHashMap_term_~m__1 took 0.0917ms
interpretation of Std.HashMap._aux_Std_Data_HashMap_Basic___macroRules_Std_HashMap_term_~m__1 took 0.092ms
interpretation of Std.HashSet._aux_Std_Data_HashSet_Basic___macroRules_Std_HashSet_term_~m__1 took 0.0921ms
interpretation of Std.DTreeMap.Internal.Impl._aux_Std_Data_DTreeMap_Internal_Balancing___macroRules_Std_DTreeMap_Internal_Impl_tacticTree_tac_1 took 0.0775ms
interpretation of Std.DTreeMap.Internal.Impl._aux_Std_Data_DTreeMap_Internal_Balancing___macroRules_Std_DTreeMap_Internal_Impl_term✓_1 took 0.0733ms
interpretation of Std.DTreeMap.Internal.Impl._aux_Std_Data_DTreeMap_Internal_Queries___macroRules_Std_DTreeMap_Internal_Impl_term_~m__1 took 0.0747ms
interpretation of Std.DTreeMap._aux_Std_Data_DTreeMap_Basic___macroRules_Std_DTreeMap_term_~m__1 took 0.0922ms
interpretation of Std.TreeMap._aux_Std_Data_TreeMap_Basic___macroRules_Std_TreeMap_term_~m__1 took 0.0917ms
interpretation of Std.TreeSet._aux_Std_Data_TreeSet_Basic___macroRules_Std_TreeSet_term_~m__1 took 0.091ms
interpretation of Std.HashMap.Raw._aux_Std_Data_HashMap_Raw___macroRules_Std_HashMap_Raw_term_~m__1 took 0.0959ms
interpretation of Lean.Option._aux_Lean_Data_Options___macroRules_Lean_Option_registerBuiltinOption_1 took 0.211ms
interpretation of Lean.Option._aux_Lean_Data_Options___macroRules_Lean_Option_registerOption_1 took 0.177ms
interpretation of Std.DTreeMap.Raw._aux_Std_Data_DTreeMap_Raw_Basic___macroRules_Std_DTreeMap_Raw_term_~m__1 took 0.154ms
interpretation of Std.TreeMap.Raw._aux_Std_Data_TreeMap_Raw_Basic___macroRules_Std_TreeMap_Raw_term_~m__1 took 0.165ms
interpretation of Lean._aux_Lean_Message___macroRules_Lean_termM!__1 took 0.165ms
interpretation of Lean._aux_Lean_Exception___macroRules_Lean_termThrowError___1 took 0.181ms
interpretation of Lean._aux_Lean_Exception___macroRules_Lean_termThrowErrorAt_____1 took 0.122ms
interpretation of Lean._aux_Lean_Util_Trace___macroRules_Lean_doElemTrace[_]___1 took 0.171ms
interpretation of Lean._aux_Lean_Parser_Extra___macroRules_Lean_termRegister_parser_alias(Kind:=_)_______1 took 0.103ms
interpretation of Lean.Json._aux_Lean_Data_Json_Elab___macroRules_Lean_Json_termJson%__1 took 0.16ms
interpretation of Lean.PrettyPrinter.Delaborator._aux_Lean_PrettyPrinter_Delaborator_Basic___macroRules_Lean_PrettyPrinter_Delaborator_attrApp_delab__1 took 0.0998ms
interpretation of Aesop._aux_Aesop_Tracing___macroRules_Aesop_doElemAesop_trace![_]___1 took 0.84ms
interpretation of Aesop._aux_Aesop_Tracing___macroRules_Aesop_doElemAesop_trace[_]___1 took 1.23ms
import took 2.09s
parsing took 0.174ms
linting took 0.284ms
elaboration took 0.366ms
parsing took 0.0666ms
linting took 0.103ms
elaboration took 3.42ms
parsing took 0.0982ms
linting took 0.0722ms
elaboration took 0.223ms
parsing took 0.0308ms
linting took 0.0482ms
elaboration took 0.266ms
parsing took 0.0766ms
linting took 0.135ms
elaboration took 3.39ms
parsing took 0.468ms
attribute application took 0.0171ms
type checking took 1.77ms
type checking took 0.123ms
type checking took 0.171ms
type checking took 0.108ms
compilation (LCNF base) took 23.9ms
compilation (LCNF mono) took 4.92ms
compilation (LCNF mono) took 5.17ms
compilation (LCNF impure) took 12.2ms
compilation (IR) took 2.4ms
type checking took 0.105ms
type checking took 0.539ms
compilation (LCNF base) took 1.91ms
compilation (LCNF mono) took 0.449ms
compilation (LCNF mono) took 0.34ms
compilation (LCNF impure) took 0.375ms
compilation (IR) took 0.732ms
compilation (LCNF mono) took 0.404ms
compilation (LCNF impure) took 0.346ms
compilation (IR) took 0.0593ms
type checking took 0.232ms
compilation (LCNF base) took 0.949ms
compilation (LCNF mono) took 0.785ms
compilation (LCNF mono) took 0.127ms
compilation (LCNF impure) took 0.107ms
compilation (IR) took 0.0275ms
compilation (LCNF mono) took 0.0991ms
compilation (LCNF impure) took 0.108ms
compilation (IR) took 0.0343ms
type checking took 0.206ms
compilation (LCNF base) took 0.37ms
compilation (LCNF mono) took 0.169ms
compilation (LCNF mono) took 0.114ms
compilation (LCNF impure) took 0.147ms
compilation (IR) took 0.0429ms
compilation (LCNF mono) took 0.16ms
compilation (LCNF impure) took 0.138ms
compilation (IR) took 0.0245ms
type checking took 0.291ms
compilation (LCNF base) took 0.349ms
compilation (LCNF mono) took 0.336ms
compilation (LCNF mono) took 0.159ms
compilation (LCNF impure) took 0.122ms
compilation (IR) took 0.035ms
compilation (LCNF mono) took 0.11ms
compilation (LCNF impure) took 0.1ms
compilation (IR) took 0.0285ms
type checking took 0.341ms
type checking took 1.41ms
type checking took 0.439ms
type checking took 0.39ms
typeclass inference of OfNat took 5.73ms
typeclass inference of SizeOf took 1.48ms
typeclass inference of HAdd took 0.718ms
typeclass inference of OfNat took 0.0167ms
typeclass inference of SizeOf took 0.0204ms
typeclass inference of HAdd took 0.0124ms
typeclass inference of OfNat took 0.0117ms
type checking took 0.303ms
type checking took 0.0502ms
typeclass inference of OfNat took 0.245ms
typeclass inference of SizeOf took 1.19ms
typeclass inference of HAdd took 0.875ms
type checking took 0.365ms
congr simp thm took 2.25ms
congr simp thm took 0.0511ms
simp took 10.3ms
simp took 0.516ms
typeclass inference of OfNat took 0.255ms
typeclass inference of SizeOf took 1.16ms
typeclass inference of HAdd took 0.499ms
type checking took 0.616ms
congr simp thm took 0.0277ms
congr simp thm took 0.0388ms
simp took 0.541ms
simp took 0.064ms
typeclass inference of OfNat took 0.277ms
type checking took 0.158ms
congr simp thm took 0.0168ms
simp took 0.232ms
simp took 0.0289ms
type checking took 0.228ms
type checking took 0.224ms
type checking took 0.146ms
type checking took 0.195ms
attribute application took 0.0061ms
attribute application took 0.003ms
linting took 0.945ms
elaboration took 110ms
parsing took 0.224ms
linting took 0.0756ms
elaboration took 0.244ms
parsing took 0.407ms
attribute application took 0.0072ms
instantiate metavars took 0.0031ms
instantiate metavars took 0.0016ms
type checking took 0.278ms
instantiate metavars took 0.0496ms
instantiate metavars took 0.0039ms
instantiate metavars took 0.0017ms
instantiate metavars took 0.0014ms
instantiate metavars took 0.0012ms
share common exprs took 0.0948ms
fix level params took 0.0274ms
let-to-have transformation took 0.0265ms
let-to-have transformation took 0.0054ms
type checking took 0.152ms
attribute application took 0.0134ms
compilation (LCNF base) took 1.06ms
compilation (LCNF mono) took 0.199ms
compilation (LCNF mono) took 0.282ms
compilation (LCNF impure) took 0.524ms
compilation (IR) took 0.144ms
attribute application took 0.0139ms
process pre-definitions took 4.17ms
linting took 0.367ms
elaboration took 26.3ms
parsing took 0.647ms
attribute application took 0.0075ms
instantiate metavars took 0.006ms
instantiate metavars took 0.0026ms
instantiate metavars took 0.0284ms
instantiate metavars took 0.0019ms
instantiate metavars took 0.0032ms
instantiate metavars took 0.0013ms
instantiate metavars took 0.0008ms
share common exprs took 0.0627ms
fix level params took 0.0114ms
let-to-have transformation took 0.0049ms
let-to-have transformation took 0.0036ms
type checking took 0.112ms
attribute application took 0.0175ms
compilation (LCNF base) took 1.47ms
compilation (LCNF mono) took 0.182ms
compilation (LCNF mono) took 0.948ms
compilation (LCNF impure) took 0.499ms
compilation (IR) took 0.0722ms
attribute application took 0.0118ms
process pre-definitions took 2.89ms
linting took 0.535ms
elaboration took 8.55ms
parsing took 0.0606ms
linting took 0.0852ms
elaboration took 0.21ms
parsing took 0.295ms
attribute application took 0.0064ms
type checking took 0.227ms
type checking took 0.104ms
type checking took 0.1ms
type checking took 0.0709ms
compilation (LCNF base) took 0.358ms
compilation (LCNF mono) took 0.132ms
compilation (LCNF mono) took 0.17ms
compilation (LCNF impure) took 0.331ms
compilation (IR) took 0.116ms
type checking took 0.113ms
type checking took 0.463ms
compilation (LCNF base) took 0.72ms
compilation (LCNF mono) took 0.262ms
compilation (LCNF mono) took 0.181ms
compilation (LCNF impure) took 0.259ms
compilation (IR) took 0.0532ms
compilation (LCNF mono) took 0.171ms
compilation (LCNF impure) took 0.209ms
compilation (IR) took 0.04ms
type checking took 0.296ms
compilation (LCNF base) took 0.578ms
compilation (LCNF mono) took 0.288ms
compilation (LCNF mono) took 0.175ms
compilation (LCNF impure) took 0.194ms
compilation (IR) took 0.0617ms
compilation (LCNF mono) took 0.177ms
compilation (LCNF impure) took 0.169ms
compilation (IR) took 0.0387ms
type checking took 0.308ms
compilation (LCNF base) took 0.478ms
compilation (LCNF mono) took 0.242ms
compilation (LCNF mono) took 0.197ms
compilation (LCNF impure) took 0.162ms
compilation (IR) took 0.0392ms
compilation (LCNF mono) took 0.166ms
compilation (LCNF impure) took 0.139ms
compilation (IR) took 0.0343ms
type checking took 0.152ms
type checking took 0.413ms
type checking took 0.23ms
type checking took 0.394ms
typeclass inference of OfNat took 0.334ms
typeclass inference of SizeOf took 0.108ms
typeclass inference of HAdd took 0.605ms
typeclass inference of OfNat took 0.0164ms
typeclass inference of SizeOf took 0.116ms
typeclass inference of HAdd took 0.0135ms
type checking took 0.238ms
type checking took 0.0526ms
typeclass inference of OfNat took 0.194ms
typeclass inference of SizeOf took 0.109ms
typeclass inference of HAdd took 0.572ms
type checking took 0.494ms
congr simp thm took 0.015ms
congr simp thm took 0.0445ms
simp took 0.509ms
simp took 0.0386ms
typeclass inference of OfNat took 0.324ms
typeclass inference of SizeOf took 0.121ms
typeclass inference of HAdd took 0.491ms
type checking took 0.46ms
congr simp thm took 0.0228ms
congr simp thm took 0.0305ms
simp took 0.471ms
simp took 0.0364ms
type checking took 0.196ms
type checking took 0.735ms
type checking took 0.26ms
type checking took 0.387ms
attribute application took 0.0065ms
attribute application took 0.0031ms
linting took 0.282ms
elaboration took 27.4ms
parsing took 0.0492ms
linting took 0.0614ms
elaboration took 0.217ms
parsing took 0.344ms
attribute application took 0.0058ms
instantiate metavars took 0.0026ms
instantiate metavars took 0.0014ms
type checking took 0.225ms
instantiate metavars took 0.0102ms
instantiate metavars took 0.0014ms
instantiate metavars took 0.0009ms
instantiate metavars took 0.0011ms
instantiate metavars took 0.0009ms
share common exprs took 0.0615ms
fix level params took 0.0136ms
let-to-have transformation took 0.0062ms
let-to-have transformation took 0.003ms
type checking took 0.137ms
attribute application took 0.0099ms
compilation (LCNF base) took 0.869ms
compilation (LCNF mono) took 0.237ms
compilation (LCNF mono) took 0.257ms
compilation (LCNF impure) took 0.418ms
compilation (IR) took 0.104ms
attribute application took 0.0097ms
process pre-definitions took 2.22ms
linting took 0.372ms
elaboration took 9.03ms
parsing took 0.302ms
attribute application took 0.006ms
instantiate metavars took 0.0043ms
instantiate metavars took 0.003ms
instantiate metavars took 0.0231ms
instantiate metavars took 0.0026ms
instantiate metavars took 0.004ms
instantiate metavars took 0.0014ms
instantiate metavars took 0.0011ms
share common exprs took 0.068ms
fix level params took 0.0109ms
let-to-have transformation took 0.005ms
let-to-have transformation took 0.0036ms
type checking took 0.102ms
attribute application took 0.0075ms
compilation (LCNF base) took 0.821ms
compilation (LCNF mono) took 0.186ms
compilation (LCNF mono) took 0.282ms
compilation (LCNF impure) took 0.38ms
compilation (IR) took 0.126ms
attribute application took 0.008ms
process pre-definitions took 2.22ms
linting took 0.302ms
elaboration took 5.44ms
parsing took 0.0514ms
linting took 0.0611ms
elaboration took 0.161ms
parsing took 1.51ms
attribute application took 0.0062ms
instantiate metavars took 0.0128ms
instantiate metavars took 0.0015ms
typeclass inference of Pure took 1.41ms
typeclass inference of Pure took 0.0137ms
do element elaborator of Lean.Parser.Term.doExpr took 2.56ms
do element elaborator of Lean.Parser.Term.doLet took 5.15ms
typeclass inference of Monad took 0.309ms
typeclass inference of Lean.MonadError took 1.22ms
typeclass inference of Lean.ToMessageData took 0.134ms
typeclass inference of Lean.ToMessageData took 0.698ms
typeclass inference of Lean.ToMessageData took 0.015ms
typeclass inference of HAppend took 0.806ms
typeclass inference of HAppend took 0.0156ms
typeclass inference of HAppend took 0.598ms
typeclass inference of HAppend took 0.145ms
typeclass inference of Monad took 0.519ms
typeclass inference of Lean.MonadError took 9.75ms
typeclass inference of Pure took 1.27ms
typeclass inference of Pure took 0.0156ms
do element elaborator of Lean.Parser.Term.doExpr took 18.2ms
type checking took 0.532ms
type checking took 0.347ms
do element elaborator of Lean.Parser.Term.doMatch took 16.5ms
do element elaborator of Lean.Parser.Term.doLetElse took 4.51ms
instantiate metavars took 0.0313ms
instantiate metavars took 0.0024ms
instantiate metavars took 0.0016ms
instantiate metavars took 0.0012ms
instantiate metavars took 0.001ms
share common exprs took 1.14ms
fix level params took 0.0369ms
let-to-have transformation took 0.0079ms
let-to-have transformation took 1.84ms
type checking took 0.863ms
attribute application took 0.0109ms
compilation (LCNF base) took 32.7ms
compilation (LCNF mono) took 6.7ms
compilation (LCNF mono) took 0.763ms
compilation (LCNF impure) took 0.551ms
compilation (IR) took 0.102ms
compilation (LCNF mono) took 0.373ms
compilation (LCNF impure) took 0.729ms
compilation (IR) took 0.0646ms
compilation (LCNF mono) took 2.55ms
compilation (LCNF impure) took 1.95ms
compilation (IR) took 0.541ms
compilation (LCNF mono) took 0.245ms
compilation (LCNF impure) took 0.2ms
compilation (IR) took 0.0348ms
attribute application took 0.0056ms
process pre-definitions took 23.4ms
linting took 0.504ms
elaboration took 8.26ms
parsing took 3.58ms
attribute application took 0.0062ms
typeclass inference of Aesop.Queue took 0.134ms
instantiate metavars took 0.007ms
instantiate metavars took 0.0015ms
typeclass inference of MonadLiftT took 0.229ms
typeclass inference of MonadLiftT took 6.78ms
typeclass inference of OfNat took 0.169ms
typeclass inference of OfNat took 0.102ms
typeclass inference of HMul took 0.395ms
typeclass inference of HMul took 0.522ms
typeclass inference of ForIn' took 1.16ms
typeclass inference of GetElem took 0.473ms
typeclass inference of OfNat took 0.123ms
typeclass inference of HMul took 0.39ms
typeclass inference of HMul took 0.466ms
typeclass inference of MonadLiftT took 1.49ms
typeclass inference of MonadLiftT took 0.374ms
typeclass inference of MonadLiftT took 9.99ms
typeclass inference of ForIn took 1.25ms
typeclass inference of MonadLiftT took 0.112ms
typeclass inference of MonadLiftT took 0.0144ms
typeclass inference of ForIn took 1.09ms
typeclass inference of Pure took 0.96ms
do element elaborator of Lean.Parser.Term.doReassign took 0.602ms
typeclass inference of Pure took 0.014ms
typeclass inference of Bind took 0.372ms
do element elaborator of Lean.Parser.Term.doFor took 0.658ms
typeclass inference of Bind took 0.0129ms
do element elaborator of Lean.Parser.Term.doExpr took 0.956ms
do element elaborator of Lean.Parser.Term.doLetArrow took 0.0549ms
do element elaborator of Lean.Parser.Term.doFor took 0.0628ms
typeclass inference of Pure took 0.0128ms
typeclass inference of Bind took 0.0119ms
do element elaborator of Lean.Parser.Term.doFor took 0.836ms
typeclass inference of Bind took 0.012ms
do element elaborator of Lean.Parser.Term.doExpr took 1.75ms
do element elaborator of Lean.Parser.Term.doLetArrow took 0.0792ms
do element elaborator of Lean.Parser.Term.doFor took 0.139ms
do element elaborator of Lean.Parser.Term.doReassign took 1.2ms
typeclass inference of Bind took 0.0123ms
do element elaborator of Lean.Parser.Term.doExpr took 4.01ms
do element elaborator of Lean.Parser.Term.doLetArrow took 0.113ms
do element elaborator of Lean.Parser.Term.doLet took 1.62ms
do element elaborator of Lean.Parser.Term.doLet took 1.3ms
typeclass inference of Aesop.Queue took 0.085ms
typeclass inference of Aesop.Queue took 0.073ms
typeclass inference of Monad took 0.168ms
typeclass inference of Monad took 0.242ms
typeclass inference of Monad took 0.162ms
typeclass inference of Pure took 0.0321ms
do element elaborator of Lean.Parser.Term.doReturn took 0.792ms
typeclass inference of Bind took 0.0192ms
do element elaborator of Lean.Parser.Term.doExpr took 0.434ms
do element elaborator of Lean.Parser.Term.doLetArrow took 0.0883ms
do element elaborator of Lean.Parser.Term.doReturn took 0.0507ms
typeclass inference of Monad took 0.0188ms
typeclass inference of Pure took 0.0225ms
do element elaborator of Lean.Parser.Term.doReturn took 0.592ms
typeclass inference of Pure took 0.0149ms
do element elaborator of Lean.Parser.Term.doReturn took 0.185ms
typeclass inference of MonadLiftT took 5.38ms
typeclass inference of MonadLiftT took 0.114ms
typeclass inference of MonadLiftT took 0.0176ms
type checking took 0.165ms
do element elaborator of Lean.Parser.Term.doMatch took 4.92ms
do element elaborator of Lean.Parser.Term.doIf took 0.725ms
typeclass inference of Bind took 0.651ms
do element elaborator of Lean.Parser.Term.doExpr took 1.49ms
do element elaborator of Lean.Parser.Term.doLetArrow took 0.23ms
typeclass inference of Bind took 0.0359ms
do element elaborator of Lean.Parser.Term.doExpr took 2.13ms
typeclass inference of Bind took 0.0419ms
do element elaborator of Lean.Parser.Term.doExpr took 1.68ms
typeclass inference of Bind took 0.0197ms
do element elaborator of Lean.Parser.Term.doFor took 7.74ms
do element elaborator of Lean.Parser.Term.doLet took 2.23ms
do element elaborator of Lean.Parser.Term.doLet took 1.09ms
typeclass inference of Bind took 0.0198ms
do element elaborator of Lean.Parser.Term.doExpr took 2ms
do element elaborator of Lean.Parser.Term.doLetArrow took 0.109ms
tactic execution of Lean.Parser.Tactic.done took 0.62ms
tactic execution of Lean.Parser.Tactic.tacticSeq1Indented took 0.078ms
tactic execution of Lean.Parser.Tactic.tacticSeq took 0.057ms
tactic execution of Lean.Parser.Tactic.assumption took 1.4ms
tactic execution of Lean.Parser.Tactic.tacticSeq1Indented took 0.0606ms
tactic execution of Lean.Parser.Tactic.tacticSeq took 0.0399ms
typeclass inference of LE took 0.199ms
typeclass inference of LE took 0.106ms
typeclass inference of LE took 0.211ms
typeclass inference of LE took 0.108ms
typeclass inference of LE took 0.117ms
typeclass inference of LE took 0.109ms
typeclass inference of LE took 0.121ms
typeclass inference of LE took 0.0895ms
typeclass inference of LE took 0.143ms
typeclass inference of LE took 0.114ms
typeclass inference of LE took 0.148ms
typeclass inference of LE took 0.101ms
typeclass inference of LE took 0.119ms
typeclass inference of LE took 0.0991ms
typeclass inference of LE took 0.104ms
typeclass inference of LE took 0.0958ms
typeclass inference of LE took 0.141ms
typeclass inference of LE took 0.103ms
typeclass inference of LE took 0.129ms
typeclass inference of LE took 0.125ms
typeclass inference of LE took 0.137ms
typeclass inference of LE took 0.0962ms
typeclass inference of LE took 0.117ms
typeclass inference of LE took 0.1ms
typeclass inference of LE took 0.117ms
typeclass inference of LE took 0.0934ms
tactic execution of Lean.Parser.Tactic.rewriteSeq took 11.7ms
tactic execution of Lean.Parser.Tactic.tacticSeq1Indented took 0.0367ms
tactic execution of Lean.Parser.Tactic.tacticSeq took 0.0246ms
tactic execution of Lean.Parser.Tactic.paren took 0.0414ms
tactic execution of Lean.Parser.Tactic.rwSeq took 0.0478ms
tactic execution of Lean.Parser.Tactic.tacticSeq1Indented took 0.0328ms
tactic execution of Lean.Parser.Tactic.tacticSeq took 0.0227ms
tactic execution of Lean.Parser.Tactic.skip took 0.0059ms
tactic execution of Lean.Parser.Tactic.tacticSeq1Indented took 0.0264ms
tactic execution of Lean.Parser.Tactic.tacticSeq took 0.0283ms
tactic execution of Lean.Parser.Tactic.first took 0.0527ms
tactic execution of Lean.Parser.Tactic.tacticTry_ took 0.0358ms
typeclass inference of LE took 0.134ms
typeclass inference of LT took 0.144ms
typeclass inference of LE took 0.102ms
typeclass inference of LT took 0.212ms
typeclass inference of LE took 0.231ms
typeclass inference of LT took 0.195ms
typeclass inference of LE took 0.145ms
typeclass inference of LT took 0.137ms
typeclass inference of LE took 0.119ms
typeclass inference of LT took 0.127ms
typeclass inference of LE took 0.0963ms
typeclass inference of LT took 0.0893ms
typeclass inference of LE took 0.109ms
typeclass inference of LT took 0.105ms
typeclass inference of LE took 0.0885ms
typeclass inference of LT took 0.0877ms
typeclass inference of LE took 0.132ms
typeclass inference of LT took 0.112ms
typeclass inference of LE took 0.102ms
typeclass inference of LT took 0.0891ms
typeclass inference of LE took 0.111ms
typeclass inference of LT took 0.107ms
typeclass inference of LE took 0.112ms
typeclass inference of LT took 0.0903ms
typeclass inference of LE took 0.102ms
typeclass inference of LT took 0.107ms
typeclass inference of LE took 0.0951ms
typeclass inference of LT took 0.0919ms
typeclass inference of LE took 0.106ms
typeclass inference of LT took 0.103ms
typeclass inference of LE took 0.0997ms
typeclass inference of LT took 0.0899ms
typeclass inference of LE took 0.105ms
typeclass inference of LT took 0.111ms
typeclass inference of LE took 0.0899ms
typeclass inference of LT took 0.091ms
typeclass inference of LE took 0.136ms
typeclass inference of LT took 0.127ms
typeclass inference of LE took 0.0928ms
typeclass inference of LT took 0.0969ms
typeclass inference of LE took 0.111ms
typeclass inference of LT took 0.201ms
typeclass inference of LE took 0.113ms
typeclass inference of LT took 0.105ms
typeclass inference of LE took 0.16ms
typeclass inference of LT took 0.128ms
typeclass inference of LE took 0.108ms
typeclass inference of LT took 0.133ms
typeclass inference of LE took 0.156ms
typeclass inference of LT took 0.143ms
typeclass inference of LE took 0.16ms
typeclass inference of LT took 0.117ms
tactic execution of Lean.Parser.Tactic.rewriteSeq took 7.38ms
tactic execution of Lean.Parser.Tactic.tacticSeq1Indented took 0.044ms
tactic execution of Lean.Parser.Tactic.tacticSeq took 0.03ms
tactic execution of Lean.Parser.Tactic.paren took 0.0268ms
tactic execution of Lean.Parser.Tactic.rwSeq took 0.0423ms
tactic execution of Lean.Parser.Tactic.tacticSeq1Indented took 0.0563ms
tactic execution of Lean.Parser.Tactic.tacticSeq took 0.0354ms
tactic execution of Lean.Parser.Tactic.skip took 0.0068ms
tactic execution of Lean.Parser.Tactic.tacticSeq1Indented took 0.0288ms
tactic execution of Lean.Parser.Tactic.tacticSeq took 0.0343ms
tactic execution of Lean.Parser.Tactic.first took 0.0588ms
tactic execution of Lean.Parser.Tactic.tacticTry_ took 0.0609ms
typeclass inference of LE took 0.196ms
typeclass inference of LE took 0.119ms
typeclass inference of LE took 0.143ms
typeclass inference of LE took 0.174ms
typeclass inference of LE took 0.188ms
typeclass inference of LE took 0.148ms
typeclass inference of LE took 0.217ms
typeclass inference of LE took 0.165ms
typeclass inference of LE took 0.235ms
typeclass inference of LE took 0.163ms
typeclass inference of LE took 0.132ms
typeclass inference of LE took 0.133ms
typeclass inference of LE took 0.118ms
typeclass inference of LE took 0.107ms
typeclass inference of LE took 0.143ms
typeclass inference of LE took 0.104ms
typeclass inference of LE took 0.116ms
typeclass inference of LE took 0.102ms
typeclass inference of LE took 0.224ms
typeclass inference of LE took 0.171ms
typeclass inference of LE took 0.18ms
typeclass inference of LE took 0.137ms
typeclass inference of LE took 0.162ms
typeclass inference of LE took 0.143ms
typeclass inference of LE took 0.187ms
typeclass inference of LE took 0.193ms
tactic execution of Lean.Parser.Tactic.rewriteSeq took 8.21ms
tactic execution of Lean.Parser.Tactic.tacticSeq1Indented took 0.0765ms
tactic execution of Lean.Parser.Tactic.tacticSeq took 0.0367ms
tactic execution of Lean.Parser.Tactic.paren took 0.0443ms
tactic execution of Lean.Parser.Tactic.rwSeq took 0.0486ms
tactic execution of Lean.Parser.Tactic.tacticSeq1Indented took 0.055ms
tactic execution of Lean.Parser.Tactic.tacticSeq took 0.0438ms
tactic execution of Lean.Parser.Tactic.skip took 0.0094ms
tactic execution of Lean.Parser.Tactic.tacticSeq1Indented took 0.0651ms
tactic execution of Lean.Parser.Tactic.tacticSeq took 0.0496ms
tactic execution of Lean.Parser.Tactic.first took 0.0791ms
tactic execution of Lean.Parser.Tactic.tacticTry_ took 0.0792ms
typeclass inference of LE took 0.285ms
typeclass inference of LT took 0.251ms
typeclass inference of LE took 0.179ms
typeclass inference of LT took 0.16ms
typeclass inference of LE took 0.182ms
typeclass inference of LT took 0.191ms
typeclass inference of LE took 0.192ms
typeclass inference of LT took 0.147ms
typeclass inference of LE took 0.184ms
typeclass inference of LT took 0.171ms
typeclass inference of LE took 0.154ms
typeclass inference of LT took 0.157ms
typeclass inference of LE took 0.169ms
typeclass inference of LT took 0.168ms
typeclass inference of LE took 0.151ms
typeclass inference of LT took 0.143ms
typeclass inference of LE took 0.164ms
typeclass inference of LT took 0.151ms
typeclass inference of LE took 0.105ms
typeclass inference of LT took 0.103ms
typeclass inference of LE took 0.254ms
typeclass inference of LT took 0.208ms
typeclass inference of LE took 0.173ms
typeclass inference of LT took 0.161ms
typeclass inference of LE took 0.206ms
typeclass inference of LT took 0.193ms
typeclass inference of LE took 0.17ms
typeclass inference of LT took 0.157ms
typeclass inference of LE took 0.153ms
typeclass inference of LT took 0.16ms
typeclass inference of LE took 0.12ms
typeclass inference of LT took 0.118ms
typeclass inference of LE took 0.159ms
typeclass inference of LT took 0.221ms
typeclass inference of LE took 0.147ms
typeclass inference of LT took 0.131ms
typeclass inference of LE took 0.137ms
typeclass inference of LT took 0.154ms
typeclass inference of LE took 0.108ms
typeclass inference of LT took 0.107ms
typeclass inference of LE took 0.134ms
typeclass inference of LT took 0.161ms
typeclass inference of LE took 0.115ms
typeclass inference of LT took 0.115ms
typeclass inference of LE took 0.156ms
typeclass inference of LT took 0.142ms
typeclass inference of LE took 0.135ms
typeclass inference of LT took 0.12ms
typeclass inference of LE took 0.153ms
typeclass inference of LT took 0.151ms
typeclass inference of LE took 0.114ms
typeclass inference of LT took 0.111ms
tactic execution of Lean.Parser.Tactic.rewriteSeq took 10.2ms
tactic execution of Lean.Parser.Tactic.tacticSeq1Indented took 0.0528ms
tactic execution of Lean.Parser.Tactic.tacticSeq took 0.0306ms
tactic execution of Lean.Parser.Tactic.paren took 0.0323ms
tactic execution of Lean.Parser.Tactic.rwSeq took 0.0496ms
tactic execution of Lean.Parser.Tactic.tacticSeq1Indented took 0.0324ms
tactic execution of Lean.Parser.Tactic.tacticSeq took 0.0261ms
tactic execution of Lean.Parser.Tactic.skip took 0.0068ms
tactic execution of Lean.Parser.Tactic.tacticSeq1Indented took 0.0304ms
tactic execution of Lean.Parser.Tactic.tacticSeq took 0.0325ms
tactic execution of Lean.Parser.Tactic.first took 0.0741ms
tactic execution of Lean.Parser.Tactic.tacticTry_ took 0.0579ms
typeclass inference of LT took 0.19ms
typeclass inference of LT took 0.131ms
typeclass inference of LT took 0.17ms
typeclass inference of LT took 0.125ms
typeclass inference of LT took 0.149ms
typeclass inference of LT took 0.113ms
typeclass inference of LT took 0.13ms
typeclass inference of LT took 0.112ms
typeclass inference of LT took 0.143ms
typeclass inference of LT took 0.112ms
typeclass inference of LT took 0.14ms
typeclass inference of LT took 0.11ms
typeclass inference of LT took 0.24ms
typeclass inference of LT took 0.125ms
typeclass inference of LT took 0.159ms
typeclass inference of LT took 0.144ms
typeclass inference of LT took 0.203ms
typeclass inference of LT took 0.139ms
typeclass inference of LT took 0.264ms
typeclass inference of LT took 0.233ms
typeclass inference of LT took 0.197ms
typeclass inference of LT took 0.184ms
typeclass inference of LT took 0.185ms
typeclass inference of LT took 0.175ms
typeclass inference of LT took 0.209ms
typeclass inference of LT took 0.13ms
tactic execution of Lean.Parser.Tactic.rewriteSeq took 7.51ms
tactic execution of Lean.Parser.Tactic.tacticSeq1Indented took 0.0616ms
tactic execution of Lean.Parser.Tactic.tacticSeq took 0.0339ms
tactic execution of Lean.Parser.Tactic.paren took 0.0325ms
tactic execution of Lean.Parser.Tactic.rwSeq took 0.0391ms
tactic execution of Lean.Parser.Tactic.tacticSeq1Indented took 0.0322ms
tactic execution of Lean.Parser.Tactic.tacticSeq took 0.0259ms
tactic execution of Lean.Parser.Tactic.skip took 0.0111ms
tactic execution of Lean.Parser.Tactic.tacticSeq1Indented took 0.047ms
tactic execution of Lean.Parser.Tactic.tacticSeq took 0.0607ms
tactic execution of Lean.Parser.Tactic.first took 0.108ms
tactic execution of Lean.Parser.Tactic.tacticTry_ took 0.0604ms
typeclass inference of LT took 0.372ms
typeclass inference of LT took 0.21ms
typeclass inference of LT took 0.251ms
typeclass inference of LT took 0.174ms
typeclass inference of LT took 0.21ms
typeclass inference of LT took 0.159ms
typeclass inference of LT took 0.186ms
typeclass inference of LT took 0.155ms
typeclass inference of LT took 0.199ms
typeclass inference of LT took 0.182ms
typeclass inference of LT took 0.26ms
typeclass inference of LT took 0.198ms
typeclass inference of LT took 0.22ms
typeclass inference of LT took 0.182ms
typeclass inference of LT took 0.205ms
typeclass inference of LT took 0.18ms
typeclass inference of LT took 0.232ms
typeclass inference of LT took 0.235ms
typeclass inference of LT took 0.241ms
typeclass inference of LT took 0.186ms
typeclass inference of LT took 0.195ms
typeclass inference of LT took 0.17ms
typeclass inference of LT took 0.238ms
typeclass inference of LT took 0.192ms
typeclass inference of LT took 0.245ms
typeclass inference of LT took 0.247ms
tactic execution of Lean.Parser.Tactic.rewriteSeq took 10.1ms
tactic execution of Lean.Parser.Tactic.tacticSeq1Indented took 0.0745ms
tactic execution of Lean.Parser.Tactic.tacticSeq took 0.0475ms
tactic execution of Lean.Parser.Tactic.paren took 0.0611ms
tactic execution of Lean.Parser.Tactic.rwSeq took 0.0583ms
tactic execution of Lean.Parser.Tactic.tacticSeq1Indented took 0.0481ms
tactic execution of Lean.Parser.Tactic.tacticSeq took 0.0476ms
tactic execution of Lean.Parser.Tactic.skip took 0.0174ms
tactic execution of Lean.Parser.Tactic.tacticSeq1Indented took 0.0503ms
tactic execution of Lean.Parser.Tactic.tacticSeq took 0.116ms
tactic execution of Lean.Parser.Tactic.first took 0.139ms
tactic execution of Lean.Parser.Tactic.tacticTry_ took 0.0959ms
typeclass inference of LE took 0.463ms
typeclass inference of LE took 0.322ms
typeclass inference of LE took 0.286ms
typeclass inference of LE took 0.187ms
typeclass inference of LE took 0.226ms
typeclass inference of LE took 0.181ms
typeclass inference of LE took 0.215ms
typeclass inference of LE took 0.19ms
typeclass inference of LE took 0.292ms
typeclass inference of LE took 0.204ms
typeclass inference of LE took 0.243ms
typeclass inference of LE took 0.18ms
typeclass inference of LE took 0.291ms
typeclass inference of LE took 0.221ms
typeclass inference of LE took 0.197ms
typeclass inference of LE took 0.173ms
typeclass inference of LE took 0.194ms
typeclass inference of LE took 0.156ms
typeclass inference of LE took 0.193ms
typeclass inference of LE took 0.163ms
typeclass inference of LE took 0.206ms
typeclass inference of LE took 0.167ms
typeclass inference of LE took 0.213ms
typeclass inference of LE took 0.166ms
typeclass inference of LE took 0.205ms
typeclass inference of LE took 0.164ms
tactic execution of Lean.Parser.Tactic.rewriteSeq took 10.5ms
tactic execution of Lean.Parser.Tactic.tacticSeq1Indented took 0.0555ms
tactic execution of Lean.Parser.Tactic.tacticSeq took 0.0793ms
tactic execution of Lean.Parser.Tactic.paren took 0.0601ms
tactic execution of Lean.Parser.Tactic.rwSeq took 0.0563ms
tactic execution of Lean.Parser.Tactic.tacticSeq1Indented took 0.0538ms
tactic execution of Lean.Parser.Tactic.tacticSeq took 0.0412ms
tactic execution of Lean.Parser.Tactic.skip took 0.0108ms
tactic execution of Lean.Parser.Tactic.tacticSeq1Indented took 0.0481ms
tactic execution of Lean.Parser.Tactic.tacticSeq took 0.0677ms
tactic execution of Lean.Parser.Tactic.first took 0.159ms
tactic execution of Lean.Parser.Tactic.tacticTry_ took 0.149ms
typeclass inference of LT took 0.795ms
typeclass inference of LT took 0.493ms
typeclass inference of LT took 0.359ms
typeclass inference of LT took 0.196ms
typeclass inference of LT took 0.317ms
typeclass inference of LT took 0.181ms
typeclass inference of LT took 0.178ms
typeclass inference of LT took 0.116ms
typeclass inference of LT took 0.434ms
typeclass inference of LT took 0.262ms
typeclass inference of LT took 0.221ms
typeclass inference of LT took 0.116ms
typeclass inference of LT took 0.141ms
typeclass inference of LT took 0.126ms
typeclass inference of LT took 0.14ms
typeclass inference of LT took 0.103ms
typeclass inference of LT took 0.117ms
typeclass inference of LT took 0.103ms
typeclass inference of LT took 0.115ms
typeclass inference of LT took 0.122ms
typeclass inference of LT took 0.144ms
typeclass inference of LT took 0.101ms
typeclass inference of LT took 0.16ms
typeclass inference of LT took 0.147ms
typeclass inference of LT took 0.162ms
typeclass inference of LT took 0.122ms
tactic execution of Lean.Parser.Tactic.rewriteSeq took 9.09ms
tactic execution of Lean.Parser.Tactic.tacticSeq1Indented took 0.0472ms
tactic execution of Lean.Parser.Tactic.tacticSeq took 0.0456ms
tactic execution of Lean.Parser.Tactic.paren took 0.0482ms
tactic execution of Lean.Parser.Tactic.rwSeq took 0.0588ms
tactic execution of Lean.Parser.Tactic.tacticSeq1Indented took 0.049ms
tactic execution of Lean.Parser.Tactic.tacticSeq took 0.0471ms
tactic execution of Lean.Parser.Tactic.skip took 0.0081ms
tactic execution of Lean.Parser.Tactic.tacticSeq1Indented took 0.0318ms
tactic execution of Lean.Parser.Tactic.tacticSeq took 0.035ms
tactic execution of Lean.Parser.Tactic.first took 0.0657ms
tactic execution of Lean.Parser.Tactic.tacticTry_ took 0.063ms
tactic execution of Lean.Parser.Tactic.rewriteSeq took 4.4ms
tactic execution of Lean.Parser.Tactic.tacticSeq1Indented took 0.0929ms
tactic execution of Lean.Parser.Tactic.tacticSeq took 0.0284ms
tactic execution of Lean.Parser.Tactic.paren took 0.0312ms
tactic execution of Lean.Parser.Tactic.rwSeq took 0.0472ms
tactic execution of Lean.Parser.Tactic.tacticSeq1Indented took 0.0299ms
tactic execution of Lean.Parser.Tactic.tacticSeq took 0.0269ms
tactic execution of Lean.Parser.Tactic.skip took 0.0066ms
tactic execution of Lean.Parser.Tactic.tacticSeq1Indented took 0.0288ms
tactic execution of Lean.Parser.Tactic.tacticSeq took 0.0309ms
tactic execution of Lean.Parser.Tactic.first took 0.064ms
tactic execution of Lean.Parser.Tactic.tacticTry_ took 0.0356ms
dsimp took 0.476ms
dsimp took 0.114ms
tactic execution of Lean.Parser.Tactic.dsimp took 8.2ms
tactic execution of Lean.Parser.Tactic.tacticSeq1Indented took 0.0352ms
tactic execution of Lean.Parser.Tactic.tacticSeq took 0.0266ms
tactic execution of Lean.Parser.Tactic.skip took 0.0065ms
tactic execution of Lean.Parser.Tactic.tacticSeq1Indented took 0.0301ms
tactic execution of Lean.Parser.Tactic.tacticSeq took 0.0329ms
tactic execution of Lean.Parser.Tactic.first took 0.0546ms
tactic execution of Lean.Parser.Tactic.tacticTry_ took 0.0454ms
congr simp thm took 0.231ms
congr simp thm took 0.0918ms
simp took 0.704ms
simp took 0.0363ms
tactic execution of Lean.Parser.Tactic.simp took 6.32ms
tactic execution of Lean.Parser.Tactic.tacticSeq1Indented took 0.0461ms
tactic execution of Lean.Parser.Tactic.tacticSeq took 0.048ms
tactic execution of Lean.Parser.Tactic.skip took 0.011ms
tactic execution of Lean.Parser.Tactic.tacticSeq1Indented took 0.0508ms
tactic execution of Lean.Parser.Tactic.tacticSeq took 0.0478ms
tactic execution of Lean.Parser.Tactic.first took 0.0737ms
tactic execution of Lean.Parser.Tactic.tacticTry_ took 0.0751ms
typeclass inference of Decidable took 0.32ms
tactic execution of Lean.Parser.Tactic.omega took 12.7ms
tactic execution of Lean.Parser.Tactic.tacticSeq1Indented took 0.465ms
tactic execution of Lean.Parser.Tactic.tacticSeq took 0.0341ms
tactic execution of Lean.Parser.Tactic.done took 0.0629ms
tactic execution of Lean.Parser.Tactic.tacticSeq1Indented took 0.0339ms
tactic execution of Lean.Parser.Tactic.tacticSeq took 0.0364ms
tactic execution of Lean.Parser.Tactic.first took 0.082ms
typeclass inference of LE took 0.192ms
typeclass inference of LT took 0.143ms
typeclass inference of LE took 0.11ms
typeclass inference of LT took 0.0976ms
typeclass inference of LE took 0.0644ms
typeclass inference of LT took 0.052ms
tactic execution of Lean.Parser.Tactic.assumption took 1.4ms
tactic execution of Lean.Parser.Tactic.tacticSeq1Indented took 0.0729ms
tactic execution of Lean.Parser.Tactic.tacticSeq took 0.0335ms
tactic execution of Lean.Parser.Tactic.apply took 1.85ms
tactic execution of Lean.Parser.Tactic.tacticSeq1Indented took 0.0358ms
tactic execution of Lean.Parser.Tactic.tacticSeq took 0.0212ms
typeclass inference of LE took 0.167ms
typeclass inference of LT took 0.136ms
typeclass inference of LE took 0.113ms
typeclass inference of LT took 0.0987ms
typeclass inference of LE took 0.0118ms
typeclass inference of LT took 0.0082ms
tactic execution of Lean.Parser.Tactic.assumption took 0.921ms
tactic execution of Lean.Parser.Tactic.tacticSeq1Indented took 0.0491ms
tactic execution of Lean.Parser.Tactic.tacticSeq took 0.0359ms
tactic execution of Lean.Parser.Tactic.apply took 1.28ms
tactic execution of Lean.Parser.Tactic.tacticSeq1Indented took 0.0474ms
tactic execution of Lean.Parser.Tactic.tacticSeq took 0.0283ms
typeclass inference of LE took 0.152ms
typeclass inference of LT took 0.133ms
typeclass inference of LE took 0.102ms
typeclass inference of LT took 0.0975ms
typeclass inference of LE took 0.0107ms
typeclass inference of LT took 0.0077ms
tactic execution of Lean.Parser.Tactic.assumption took 0.993ms
tactic execution of Lean.Parser.Tactic.tacticSeq1Indented took 0.0584ms
tactic execution of Lean.Parser.Tactic.tacticSeq took 0.0329ms
tactic execution of Lean.Parser.Tactic.apply took 1.13ms
tactic execution of Lean.Parser.Tactic.tacticSeq1Indented took 0.0313ms
tactic execution of Lean.Parser.Tactic.tacticSeq took 0.0242ms
tactic execution of Lean.Parser.Tactic.done took 0.0759ms
tactic execution of Lean.Parser.Tactic.tacticSeq1Indented took 0.0321ms
tactic execution of Lean.Parser.Tactic.tacticSeq took 0.0278ms
tactic execution of Lean.Parser.Tactic.first took 0.132ms
tactic execution of Lean.Parser.Tactic.apply took 0.273ms
tactic execution of Lean.Parser.Tactic.assumption took 0.237ms
tactic execution of Lean.Parser.Tactic.exact took 0.326ms
tactic execution of Lean.Parser.Tactic.exact took 0.248ms
tactic execution of Lean.Parser.Tactic.eqRefl took 0.294ms
tactic execution of Lean.Parser.Tactic.tacticRfl took 0.615ms
tactic execution of Lean.Parser.Tactic.seq1 took 0.105ms
tactic execution of tacticGet_elem_tactic_extensible took 1.8ms
tactic execution of Lean.Parser.Tactic.tacticSeq1Indented took 0.0499ms
tactic execution of Lean.Parser.Tactic.tacticSeq took 0.0392ms
tactic execution of Lean.Parser.Tactic.first took 0.487ms
tactic execution of tacticGet_elem_tactic took 0.768ms
tactic execution of Lean.Parser.Tactic.tacticSeq1Indented took 0.752ms
tactic execution of Lean.Parser.Tactic.tacticSeq took 1.37ms
instantiate metavars took 0.144ms
instantiate metavars took 0.0016ms
instantiate metavars took 0.0015ms
instantiate metavars took 0.0012ms
instantiate metavars took 0.0008ms
share common exprs took 0.689ms
fix level params took 0.111ms
type checking took 0.291ms
let-to-have transformation took 0.0057ms
let-to-have transformation took 2.85ms
type checking took 1.29ms
attribute application took 0.0069ms
compilation (LCNF base) took 136ms
compilation (LCNF mono) took 9.76ms
compilation (LCNF mono) took 0.23ms
compilation (LCNF impure) took 0.233ms
compilation (IR) took 0.0777ms
compilation (LCNF mono) took 0.504ms
compilation (LCNF impure) took 0.546ms
compilation (IR) took 0.392ms
compilation (LCNF mono) took 1.36ms
compilation (LCNF impure) took 1.2ms
compilation (IR) took 0.228ms
compilation (LCNF mono) took 0.699ms
compilation (LCNF impure) took 0.432ms
compilation (IR) took 0.0839ms
compilation (LCNF mono) took 0.258ms
compilation (LCNF impure) took 0.204ms
compilation (IR) took 0.0571ms
compilation (LCNF mono) took 1.81ms
compilation (LCNF impure) took 1.66ms
compilation (IR) took 0.358ms
compilation (LCNF mono) took 0.246ms
compilation (LCNF impure) took 0.212ms
compilation (IR) took 0.0387ms
attribute application took 0.0118ms
process pre-definitions took 46.6ms
linting took 2.93ms
elaboration took 7.68ms
parsing took 1.86ms
attribute application took 0.0162ms
typeclass inference of Aesop.Queue took 0.17ms
instantiate metavars took 0.0026ms
instantiate metavars took 0.0016ms
typeclass inference of MonadLiftT took 0.235ms
typeclass inference of MonadLiftT took 7.78ms
typeclass inference of Pure took 1.11ms
typeclass inference of Pure took 0.0151ms
do element elaborator of Lean.Parser.Term.doExpr took 2.06ms
instantiate metavars took 0.0064ms
instantiate metavars took 0.0012ms
instantiate metavars took 0.0006ms
instantiate metavars took 0.0009ms
instantiate metavars took 0.0005ms
share common exprs took 0.123ms
fix level params took 0.019ms
let-to-have transformation took 0.0052ms
let-to-have transformation took 0.0073ms
type checking took 0.302ms
attribute application took 0.0051ms
compilation (LCNF base) took 4.59ms
compilation (LCNF mono) took 1.34ms
compilation (LCNF mono) took 0.514ms
compilation (LCNF impure) took 0.614ms
compilation (IR) took 0.148ms
compilation (LCNF mono) took 0.177ms
compilation (LCNF impure) took 0.205ms
compilation (IR) took 0.0481ms
attribute application took 0.0068ms
process pre-definitions took 9.54ms
linting took 0.304ms
elaboration took 3.26ms
parsing took 0.916ms
attribute application took 0.0403ms
typeclass inference of Aesop.Queue took 0.22ms
typeclass inference of Aesop.Queue took 0.049ms
instantiate metavars took 0.006ms
instantiate metavars took 0.0018ms
attribute application took 0.0172ms
typeclass inference of Aesop.Queue took 0.318ms
typeclass inference of Lean.ToMessageData took 0.193ms
typeclass inference of Lean.ToMessageData took 0.0424ms
typeclass inference of Lean.ToMessageData took 0.941ms
typeclass inference of Lean.ToMessageData took 0.0145ms
typeclass inference of HAppend took 0.998ms
typeclass inference of HAppend took 0.0382ms
typeclass inference of HAppend took 0.0403ms
typeclass inference of HAppend took 1.28ms
typeclass inference of HAppend took 0.104ms
typeclass inference of HAppend took 0.0935ms
typeclass inference of Pure took 1.46ms
do element elaborator of Lean.Parser.Term.doReturn took 5.08ms
do element elaborator of Lean.Parser.Term.doLet took 0.802ms
typeclass inference of Monad took 0.135ms
typeclass inference of Lean.MonadTrace took 0.115ms
typeclass inference of MonadLiftT took 0.139ms
typeclass inference of Lean.MonadRef took 0.0935ms
typeclass inference of Lean.AddMessageContext took 0.0898ms
typeclass inference of Lean.MonadOptions took 0.0978ms
typeclass inference of Lean.MonadAlwaysExcept took 0.212ms
typeclass inference of Lean.ExceptToTraceResult took 0.124ms
typeclass inference of Monad took 0.211ms
typeclass inference of Lean.MonadTrace took 2.44ms
typeclass inference of MonadLiftT took 5.33ms
typeclass inference of Lean.MonadRef took 0.209ms
typeclass inference of Lean.AddMessageContext took 1.42ms
typeclass inference of Lean.MonadOptions took 0.729ms
typeclass inference of Lean.MonadAlwaysExcept took 2.37ms
typeclass inference of Lean.ExceptToTraceResult took 0.118ms
instantiate metavars took 0.0073ms
instantiate metavars took 0.0042ms
instantiate metavars took 0.0007ms
instantiate metavars took 0.0041ms
instantiate metavars took 0.0119ms
instantiate metavars took 0.0016ms
instantiate metavars took 0.0007ms
instantiate metavars took 0.0016ms
instantiate metavars took 0.0007ms
instantiate metavars took 0.0007ms
instantiate metavars took 0.0006ms
instantiate metavars took 0.0006ms
instantiate metavars took 0.0014ms
instantiate metavars took 0.0152ms
instantiate metavars took 0.0006ms
instantiate metavars took 0.0005ms
instantiate metavars took 0.0005ms
share common exprs took 0.254ms
fix level params took 0.0438ms
let-to-have transformation took 0.0052ms
let-to-have transformation took 0.675ms
type checking took 0.237ms
attribute application took 0.0045ms
compilation (LCNF base) took 3.91ms
compilation (LCNF mono) took 1.17ms
compilation (LCNF mono) took 1.09ms
compilation (LCNF impure) took 1.05ms
compilation (IR) took 0.232ms
compilation (LCNF mono) took 0.15ms
compilation (LCNF impure) took 0.206ms
compilation (IR) took 0.048ms
attribute application took 0.0129ms
let-to-have transformation took 0.0077ms
let-to-have transformation took 0.0157ms
type checking took 0.82ms
attribute application took 0.789ms
compilation (LCNF base) took 152ms
compilation (LCNF mono) took 9.57ms
compilation (LCNF mono) took 4.43ms
compilation (LCNF impure) took 3.06ms
compilation (IR) took 3.13ms
compilation (LCNF mono) took 2.73ms
compilation (LCNF impure) took 1.8ms
compilation (IR) took 0.322ms
attribute application took 0.0176ms
process pre-definitions took 25ms
linting took 0.659ms
elaboration took 12.3ms
parsing took 2.2ms
attribute application took 0.011ms
typeclass inference of Aesop.Queue took 0.171ms
instantiate metavars took 0.0099ms
instantiate metavars took 0.001ms
typeclass inference of MonadLiftT took 0.161ms
typeclass inference of MonadLiftT took 6.87ms
typeclass inference of MonadReader took 0.268ms
typeclass inference of MonadReader took 0.643ms
typeclass inference of MonadLiftT took 4.4ms
interpretation of Aesop._aux_Aesop_Tracing___macroRules_Aesop_doElemAesop_trace[_]___1._boxed took 38.9ms
interpretation of Aesop._aux_Aesop_Tracing___macroRules_Aesop_doElemAesop_trace![_]___1._boxed took 37.8ms
interpretation of Aesop._aux_Aesop_Tracing___macroRules_Aesop_doElemAesop_trace[_]___1._boxed took 0.469ms
interpretation of Aesop._aux_Aesop_Tracing___macroRules_Aesop_doElemAesop_trace![_]___1._boxed took 4.39ms
interpretation of Aesop._aux_Aesop_Tracing___macroRules_Aesop_doElemAesop_trace[_]___1._boxed took 0.169ms
typeclass inference of Monad took 0.162ms
typeclass inference of Lean.MonadOptions took 0.0782ms
typeclass inference of Monad took 0.251ms
typeclass inference of Lean.MonadOptions took 0.773ms
interpretation of Aesop._aux_Aesop_Tracing___macroRules_Aesop_doElemAesop_trace![_]___1._boxed took 0.286ms
typeclass inference of CoeT took 1.93ms
typeclass inference of Decidable took 0.186ms
interpretation of Aesop._aux_Aesop_Tracing___macroRules_Aesop_doElemAesop_trace![_]___1._boxed took 0.312ms
typeclass inference of Monad took 0.163ms
typeclass inference of Lean.MonadTrace took 0.0669ms
typeclass inference of Lean.MonadRef took 0.0823ms
typeclass inference of Lean.AddMessageContext took 0.0868ms
typeclass inference of Lean.ToMessageData took 0.0809ms
typeclass inference of Lean.ToMessageData took 0.0546ms
typeclass inference of Monad took 0.218ms
typeclass inference of Lean.MonadTrace took 2.04ms
typeclass inference of Lean.MonadRef took 0.177ms
typeclass inference of Lean.AddMessageContext took 1.38ms
typeclass inference of Bind took 0.344ms
do element elaborator of Lean.Parser.Term.doExpr took 1.82ms
do element elaborator of Aesop.doElemAesop_trace![_]__ took 0.0843ms
do element elaborator of Lean.Parser.Term.InternalSyntax.doSkip took 0.029ms
typeclass inference of Pure took 0.957ms
do element elaborator of Lean.Parser.Term.doReturn took 0.337ms
do element elaborator of Lean.Parser.Term.doIf took 2.73ms
typeclass inference of Bind took 0.0177ms
do element elaborator of Lean.Parser.Term.doExpr took 1.26ms
do element elaborator of Lean.Parser.Term.doLetArrow took 0.059ms
do element elaborator of Lean.Parser.Term.doIf took 0.0372ms
do element elaborator of Lean.Parser.Term.doIf took 0.0285ms
do element elaborator of Lean.Parser.Term.doNested took 0.0329ms
do element elaborator of Aesop.doElemAesop_trace[_]__ took 0.107ms
interpretation of Aesop._aux_Aesop_Tracing___macroRules_Aesop_doElemAesop_trace[_]___1._boxed took 0.158ms
typeclass inference of Monad took 0.274ms
typeclass inference of Lean.MonadOptions took 0.147ms
typeclass inference of Monad took 0.341ms
typeclass inference of Lean.MonadOptions took 1.07ms
interpretation of Aesop._aux_Aesop_Tracing___macroRules_Aesop_doElemAesop_trace![_]___1._boxed took 0.663ms
typeclass inference of CoeT took 2.24ms
typeclass inference of Decidable took 0.273ms
interpretation of Aesop._aux_Aesop_Tracing___macroRules_Aesop_doElemAesop_trace![_]___1._boxed took 0.627ms
typeclass inference of Monad took 0.331ms
typeclass inference of Lean.MonadTrace took 0.119ms
typeclass inference of Lean.MonadRef took 0.193ms
typeclass inference of Lean.AddMessageContext took 0.192ms
typeclass inference of Lean.ToMessageData took 0.485ms
typeclass inference of Lean.ToMessageData took 0.197ms
typeclass inference of Monad took 0.0501ms
typeclass inference of Lean.MonadTrace took 5.18ms
typeclass inference of Lean.MonadRef took 0.558ms
typeclass inference of Lean.AddMessageContext took 3.25ms
typeclass inference of Bind took 0.681ms
do element elaborator of Lean.Parser.Term.doExpr took 5.46ms
do element elaborator of Aesop.doElemAesop_trace![_]__ took 0.185ms
do element elaborator of Lean.Parser.Term.InternalSyntax.doSkip took 0.0713ms
typeclass inference of Pure took 1.95ms
do element elaborator of Lean.Parser.Term.doReturn took 0.812ms
do element elaborator of Lean.Parser.Term.doIf took 3.12ms
typeclass inference of Bind took 0.0343ms
do element elaborator of Lean.Parser.Term.doExpr took 1.83ms
do element elaborator of Lean.Parser.Term.doLetArrow took 0.0778ms
do element elaborator of Lean.Parser.Term.doIf took 0.0531ms
do element elaborator of Lean.Parser.Term.doIf took 0.0516ms
do element elaborator of Lean.Parser.Term.doNested took 0.0505ms
do element elaborator of Aesop.doElemAesop_trace[_]__ took 0.0899ms
typeclass inference of Pure took 0.0407ms
do element elaborator of Lean.Parser.Term.doReturn took 0.716ms
typeclass inference of Decidable took 0.37ms
type checking took 1.05ms
do element elaborator of Lean.Parser.Term.doMatch took 14ms
typeclass inference of Bind took 0.436ms
do element elaborator of Lean.Parser.Term.doExpr took 5.56ms
do element elaborator of Lean.Parser.Term.doLetArrow took 0.0894ms
typeclass inference of Bind took 0.0135ms
do element elaborator of Lean.Parser.Term.doExpr took 1.02ms
do element elaborator of Lean.Parser.Term.doLetArrow took 0.149ms
do element elaborator of Lean.Parser.Term.doLetArrow took 0.0779ms
typeclass inference of Bind took 0.013ms
do element elaborator of Lean.Parser.Term.doExpr took 1.26ms
do element elaborator of Lean.Parser.Term.doLetArrow took 0.0821ms
instantiate metavars took 0.0171ms
instantiate metavars took 0.001ms
instantiate metavars took 0.0006ms
instantiate metavars took 0.0009ms
instantiate metavars took 0.0005ms
share common exprs took 0.379ms
fix level params took 0.0458ms
let-to-have transformation took 0.0057ms
let-to-have transformation took 0.0276ms
type checking took 0.75ms
attribute application took 0.0044ms
compilation (LCNF base) took 84.7ms
compilation (LCNF mono) took 6.09ms
compilation (LCNF mono) took 2.95ms
compilation (LCNF impure) took 1.89ms
compilation (IR) took 0.423ms
compilation (LCNF mono) took 0.235ms
compilation (LCNF impure) took 0.243ms
compilation (IR) took 0.0446ms
attribute application took 0.0061ms
process pre-definitions took 36.1ms
linting took 0.62ms
elaboration took 3.91ms
parsing took 1.85ms
attribute application took 0.0044ms
typeclass inference of Aesop.Queue took 0.0744ms
instantiate metavars took 0.0015ms
instantiate metavars took 0.0008ms
typeclass inference of Monad took 0.135ms
typeclass inference of Aesop.MonadStats took 0.0773ms
typeclass inference of MonadLiftT took 0.107ms
typeclass inference of Aesop.Queue took 0.223ms
typeclass inference of Aesop.Queue took 0.17ms
typeclass inference of Aesop.Queue took 0.11ms
interpretation of Aesop._aux_Aesop_Tracing___macroRules_Aesop_doElemAesop_trace[_]___1._boxed took 0.344ms
interpretation of Aesop._aux_Aesop_Tracing___macroRules_Aesop_doElemAesop_trace![_]___1._boxed took 0.279ms
interpretation of Aesop._aux_Aesop_Tracing___macroRules_Aesop_doElemAesop_trace[_]___1._boxed took 0.111ms
interpretation of Aesop._aux_Aesop_Tracing___macroRules_Aesop_doElemAesop_trace![_]___1._boxed took 0.163ms
typeclass inference of MonadLiftT took 0.221ms
typeclass inference of MonadLiftT took 6.66ms
interpretation of Aesop._aux_Aesop_Tracing___macroRules_Aesop_doElemAesop_trace[_]___1._boxed took 0.209ms
interpretation of Aesop._aux_Aesop_Tracing___macroRules_Aesop_doElemAesop_trace![_]___1._boxed took 0.263ms
typeclass inference of OfNat took 0.276ms
typeclass inference of OfNat took 0.122ms
typeclass inference of BEq took 0.883ms
typeclass inference of OfNat took 0.0893ms
typeclass inference of CoeT took 1.17ms
typeclass inference of Decidable took 0.138ms
interpretation of Aesop._aux_Aesop_Tracing___macroRules_Aesop_doElemAesop_trace[_]___1._boxed took 0.162ms
typeclass inference of Monad took 0.128ms
typeclass inference of Lean.MonadOptions took 0.0686ms
typeclass inference of Monad took 0.183ms
typeclass inference of Lean.MonadOptions took 0.651ms
interpretation of Aesop._aux_Aesop_Tracing___macroRules_Aesop_doElemAesop_trace![_]___1._boxed took 0.25ms
typeclass inference of CoeT took 1.01ms
typeclass inference of Decidable took 0.115ms
interpretation of Aesop._aux_Aesop_Tracing___macroRules_Aesop_doElemAesop_trace![_]___1._boxed took 0.178ms
typeclass inference of Monad took 0.117ms
typeclass inference of Lean.MonadTrace took 0.0603ms
typeclass inference of Lean.MonadRef took 0.0725ms
typeclass inference of Lean.AddMessageContext took 0.0564ms
typeclass inference of Lean.ToMessageData took 0.081ms
typeclass inference of Lean.ToMessageData took 0.046ms
typeclass inference of Monad took 0.0188ms
typeclass inference of Lean.MonadTrace took 1.95ms
typeclass inference of Lean.MonadRef took 0.157ms
typeclass inference of Lean.AddMessageContext took 1.15ms
typeclass inference of Bind took 0.282ms
do element elaborator of Lean.Parser.Term.doExpr took 1.39ms
do element elaborator of Aesop.doElemAesop_trace![_]__ took 0.065ms
do element elaborator of Lean.Parser.Term.InternalSyntax.doSkip took 0.0242ms
typeclass inference of Aesop.Queue took 0.0507ms
typeclass inference of Aesop.Queue took 0.0423ms
typeclass inference of Pure took 0.804ms
do element elaborator of Lean.Parser.Term.doReturn took 0.203ms
typeclass inference of Bind took 0.016ms
do element elaborator of Lean.Parser.Term.doExpr took 0.714ms
do element elaborator of Lean.Parser.Term.doIf took 1.01ms
typeclass inference of Bind took 0.0159ms
do element elaborator of Lean.Parser.Term.doExpr took 1.05ms
do element elaborator of Lean.Parser.Term.doLetArrow took 0.06ms
do element elaborator of Lean.Parser.Term.doIf took 0.0385ms
do element elaborator of Lean.Parser.Term.doIf took 0.0355ms
do element elaborator of Lean.Parser.Term.doNested took 0.047ms
do element elaborator of Aesop.doElemAesop_trace[_]__ took 0.0718ms
do element elaborator of Lean.Parser.Term.InternalSyntax.doSkip took 0.0258ms
typeclass inference of Monad took 0.194ms
typeclass inference of Pure took 0.0404ms
typeclass inference of Pure took 0.0117ms
do element elaborator of Lean.Parser.Term.doExpr took 0.492ms
typeclass inference of Monad took 0.0138ms
interpretation of Aesop._aux_Aesop_Tracing___macroRules_Aesop_doElemAesop_trace[_]___1._boxed took 0.202ms
interpretation of Aesop._aux_Aesop_Tracing___macroRules_Aesop_doElemAesop_trace![_]___1._boxed took 0.197ms
typeclass inference of CoeT took 1.34ms
typeclass inference of Decidable took 0.118ms
interpretation of Aesop._aux_Aesop_Tracing___macroRules_Aesop_doElemAesop_trace[_]___1._boxed took 0.249ms
typeclass inference of Monad took 0.172ms
typeclass inference of Lean.MonadOptions took 0.0799ms
typeclass inference of Monad took 0.0117ms
typeclass inference of Lean.MonadOptions took 0.0097ms
interpretation of Aesop._aux_Aesop_Tracing___macroRules_Aesop_doElemAesop_trace![_]___1._boxed took 0.208ms
typeclass inference of CoeT took 1.06ms
typeclass inference of Decidable took 0.186ms
interpretation of Aesop._aux_Aesop_Tracing___macroRules_Aesop_doElemAesop_trace![_]___1._boxed took 0.5ms
typeclass inference of Monad took 0.32ms
typeclass inference of Lean.MonadTrace took 0.0672ms
typeclass inference of Lean.MonadRef took 0.102ms
typeclass inference of Lean.AddMessageContext took 0.0655ms
typeclass inference of Lean.ToMessageData took 0.0775ms
typeclass inference of Lean.ToMessageData took 0.0078ms
typeclass inference of Monad took 0.0131ms
typeclass inference of Lean.MonadTrace took 0.0095ms
typeclass inference of Lean.MonadRef took 0.0104ms
typeclass inference of Lean.AddMessageContext took 0.0123ms
typeclass inference of Bind took 0.0127ms
do element elaborator of Lean.Parser.Term.doExpr took 1.71ms
do element elaborator of Aesop.doElemAesop_trace![_]__ took 0.105ms
do element elaborator of Lean.Parser.Term.InternalSyntax.doSkip took 0.0226ms
typeclass inference of Pure took 0.0133ms
do element elaborator of Lean.Parser.Term.doReturn took 0.472ms
do element elaborator of Lean.Parser.Term.doIf took 0.95ms
typeclass inference of Bind took 0.0107ms
do element elaborator of Lean.Parser.Term.doExpr took 0.95ms
do element elaborator of Lean.Parser.Term.doLetArrow took 0.059ms
do element elaborator of Lean.Parser.Term.doIf took 0.0374ms
do element elaborator of Lean.Parser.Term.doIf took 0.0268ms
do element elaborator of Lean.Parser.Term.doNested took 0.0315ms
do element elaborator of Aesop.doElemAesop_trace[_]__ took 0.0864ms
typeclass inference of Aesop.Queue took 0.048ms
typeclass inference of Aesop.Queue took 0.0121ms
typeclass inference of Pure took 0.011ms
do element elaborator of Lean.Parser.Term.doReturn took 0.138ms
typeclass inference of Bind took 0.0101ms
do element elaborator of Lean.Parser.Term.doExpr took 0.737ms
do element elaborator of Lean.Parser.Term.doLetArrow took 0.0399ms
do element elaborator of Lean.Parser.Term.doReturn took 0.0352ms
do element elaborator of Lean.Parser.Term.doIf took 1.15ms
typeclass inference of Bind took 0.012ms
do element elaborator of Lean.Parser.Term.doExpr took 1.23ms
do element elaborator of Lean.Parser.Term.doLetArrow took 0.101ms
do element elaborator of Lean.Parser.Term.doIf took 2.38ms
do element elaborator of Lean.Parser.Term.doIf took 0.0431ms
do element elaborator of Lean.Parser.Term.doLet took 0.408ms
do element elaborator of Lean.Parser.Term.doLet took 0.516ms
typeclass inference of Bind took 0.0114ms
do element elaborator of Lean.Parser.Term.doExpr took 1.35ms
do element elaborator of Lean.Parser.Term.doLetArrow took 0.071ms
do element elaborator of Lean.Parser.Term.doLet took 0.0734ms
typeclass inference of Aesop.Queue took 0.0479ms
typeclass inference of Aesop.Queue took 0.0103ms
typeclass inference of Pure took 0.011ms
do element elaborator of Lean.Parser.Term.doReturn took 0.136ms
typeclass inference of Bind took 0.0098ms
do element elaborator of Lean.Parser.Term.doExpr took 0.597ms
do element elaborator of Lean.Parser.Term.doNested took 0.0234ms
typeclass inference of BEq took 0.347ms
typeclass inference of Monad took 0.119ms
typeclass inference of BEq took 0.0596ms
typeclass inference of Monad took 0.0764ms
typeclass inference of Pure took 0.693ms
typeclass inference of Pure took 0.0062ms
do element elaborator of Lean.Parser.Term.doExpr took 0.885ms
typeclass inference of MonadLiftT took 2.82ms
typeclass inference of Monad took 0.114ms
typeclass inference of Lean.MonadMCtx took 0.0977ms
typeclass inference of Monad took 0.0092ms
typeclass inference of Lean.MonadMCtx took 0.0727ms
type checking took 0.135ms
do element elaborator of Lean.Parser.Term.doMatch took 4.55ms
do element elaborator of Lean.Parser.Term.doLetElse took 0.362ms
typeclass inference of Bind took 0.526ms
do element elaborator of Lean.Parser.Term.doExpr took 2.04ms
do element elaborator of Lean.Parser.Term.doLetArrow took 0.118ms
typeclass inference of Aesop.Queue took 0.0472ms
typeclass inference of Pure took 0.809ms
typeclass inference of Pure took 0.0105ms
do element elaborator of Lean.Parser.Term.doExpr took 2.66ms
do element elaborator of Lean.Parser.Term.doLet took 0.826ms
typeclass inference of Monad took 0.155ms
typeclass inference of Aesop.MonadStats took 0.446ms
typeclass inference of MonadLiftT took 3.89ms
typeclass inference of Pure took 0.0207ms
typeclass inference of Pure took 0.0079ms
do element elaborator of Lean.Parser.Term.doExpr took 2.04ms
instantiate metavars took 0.043ms
instantiate metavars took 0.0009ms
instantiate metavars took 0.0004ms
instantiate metavars took 0.0008ms
instantiate metavars took 0.0003ms
share common exprs took 0.382ms
fix level params took 0.0552ms
let-to-have transformation took 0.0108ms
let-to-have transformation took 2.04ms
type checking took 0.868ms
attribute application took 0.0043ms
compilation (LCNF base) took 315ms
compilation (LCNF mono) took 40.2ms
compilation (LCNF mono) took 0.358ms
compilation (LCNF impure) took 0.347ms
compilation (IR) took 0.133ms
compilation (LCNF mono) took 0.466ms
compilation (LCNF impure) took 0.408ms
compilation (IR) took 0.104ms
compilation (LCNF mono) took 4.53ms
compilation (LCNF impure) took 5.96ms
compilation (IR) took 0.88ms
compilation (LCNF mono) took 20.2ms
compilation (LCNF impure) took 13.3ms
compilation (IR) took 1.53ms
compilation (LCNF mono) took 0.262ms
compilation (LCNF impure) took 0.235ms
compilation (IR) took 0.0446ms
attribute application took 0.0074ms
process pre-definitions took 25.8ms
linting took 2.65ms
elaboration took 3.28ms
parsing took 1.33ms
attribute application took 0.0055ms
typeclass inference of Aesop.Queue took 0.0788ms
instantiate metavars took 0.0017ms
instantiate metavars took 0.001ms
typeclass inference of Monad took 0.162ms
typeclass inference of Aesop.MonadStats took 0.0728ms
typeclass inference of MonadLiftT took 0.114ms
typeclass inference of Aesop.Queue took 0.0689ms
typeclass inference of Aesop.Queue took 0.0658ms
typeclass inference of Aesop.Queue took 0.0665ms
typeclass inference of Aesop.Queue took 0.0662ms
typeclass inference of Aesop.Queue took 0.0162ms
typeclass inference of Pure took 1.06ms
typeclass inference of Pure took 0.0144ms
do element elaborator of Lean.Parser.Term.doExpr took 1.15ms
typeclass inference of Aesop.Queue took 0.0873ms
typeclass inference of Aesop.Queue took 0.0172ms
typeclass inference of Pure took 0.0266ms
do element elaborator of Lean.Parser.Term.doReturn took 0.157ms
typeclass inference of Bind took 0.427ms
do element elaborator of Lean.Parser.Term.doExpr took 1.31ms
do element elaborator of Lean.Parser.Term.doNested took 0.0428ms
do element elaborator of Lean.Parser.Term.doMatch took 2.2ms
do element elaborator of Lean.Parser.Term.doLetElse took 0.217ms
typeclass inference of Bind took 0.0143ms
do element elaborator of Lean.Parser.Term.doExpr took 1.31ms
do element elaborator of Lean.Parser.Term.doLetArrow took 0.0563ms
typeclass inference of Aesop.Queue took 0.0148ms
typeclass inference of Pure took 0.0154ms
typeclass inference of Pure took 0.0116ms
do element elaborator of Lean.Parser.Term.doExpr took 1.31ms
typeclass inference of Monad took 0.208ms
typeclass inference of Aesop.MonadStats took 0.586ms
typeclass inference of MonadLiftT took 4.98ms
typeclass inference of Pure took 0.0175ms
typeclass inference of Pure took 0.0117ms
do element elaborator of Lean.Parser.Term.doExpr took 1.45ms
do element elaborator of Lean.Parser.Term.doLet took 0.414ms
instantiate metavars took 0.0063ms
instantiate metavars took 0.0011ms
instantiate metavars took 0.0005ms
instantiate metavars took 0.0008ms
instantiate metavars took 0.0005ms
share common exprs took 0.195ms
fix level params took 0.0271ms
let-to-have transformation took 0.005ms
let-to-have transformation took 0.873ms
type checking took 0.477ms
attribute application took 0.0045ms
compilation (LCNF base) took 177ms
compilation (LCNF mono) took 19.5ms
compilation (LCNF mono) took 0.497ms
compilation (LCNF impure) took 0.491ms
compilation (IR) took 0.132ms
compilation (LCNF mono) took 14.5ms
compilation (LCNF impure) took 9.17ms
compilation (IR) took 1.17ms
compilation (LCNF mono) took 0.258ms
compilation (LCNF impure) took 0.264ms
compilation (IR) took 0.0487ms
attribute application took 0.0065ms
process pre-definitions took 14.5ms
linting took 0.472ms
elaboration took 2.3ms
parsing took 0.32ms
attribute application took 0.0038ms
type checking took 0.266ms
type checking took 0.104ms
type checking took 0.107ms
type checking took 0.0631ms
compilation (LCNF base) took 0.386ms
compilation (LCNF mono) took 0.133ms
compilation (LCNF mono) took 0.171ms
compilation (LCNF impure) took 0.238ms
compilation (IR) took 0.0531ms
type checking took 0.116ms
type checking took 0.568ms
compilation (LCNF base) took 0.794ms
compilation (LCNF mono) took 0.374ms
compilation (LCNF mono) took 0.196ms
compilation (LCNF impure) took 0.241ms
compilation (IR) took 0.0483ms
compilation (LCNF mono) took 0.212ms
compilation (LCNF impure) took 0.182ms
compilation (IR) took 0.0392ms
type checking took 0.258ms
compilation (LCNF base) took 0.373ms
compilation (LCNF mono) took 0.183ms
compilation (LCNF mono) took 0.117ms
compilation (LCNF impure) took 0.113ms
compilation (IR) took 0.0581ms
compilation (LCNF mono) took 0.149ms
compilation (LCNF impure) took 0.109ms
compilation (IR) took 0.031ms
type checking took 0.23ms
compilation (LCNF base) took 0.306ms
compilation (LCNF mono) took 0.163ms
compilation (LCNF mono) took 0.116ms
compilation (LCNF impure) took 0.1ms
compilation (IR) took 0.0247ms
compilation (LCNF mono) took 0.124ms
compilation (LCNF impure) took 0.1ms
compilation (IR) took 0.02ms
type checking took 0.211ms
compilation (LCNF base) took 0.298ms
compilation (LCNF mono) took 0.174ms
compilation (LCNF mono) took 0.105ms
compilation (LCNF impure) took 0.0957ms
compilation (IR) took 0.0235ms
compilation (LCNF mono) took 0.114ms
compilation (LCNF impure) took 0.0976ms
compilation (IR) took 0.0192ms
type checking took 0.184ms
compilation (LCNF base) took 0.282ms
compilation (LCNF mono) took 0.153ms
compilation (LCNF mono) took 0.102ms
compilation (LCNF impure) took 0.0861ms
compilation (IR) took 0.0223ms
compilation (LCNF mono) took 0.109ms
compilation (LCNF impure) took 0.0925ms
compilation (IR) took 0.0192ms
type checking took 0.318ms
type checking took 1.05ms
type checking took 0.386ms
type checking took 0.434ms
type checking took 0.474ms
typeclass inference of OfNat took 0.19ms
typeclass inference of SizeOf took 0.714ms
typeclass inference of HAdd took 0.547ms
typeclass inference of OfNat took 0.0191ms
typeclass inference of SizeOf took 0.0307ms
typeclass inference of HAdd took 0.0117ms
typeclass inference of OfNat took 0.0132ms
typeclass inference of SizeOf took 0.298ms
typeclass inference of HAdd took 0.0364ms
typeclass inference of OfNat took 0.0073ms
type checking took 0.261ms
type checking took 0.0485ms
typeclass inference of OfNat took 0.137ms
typeclass inference of SizeOf took 0.838ms
typeclass inference of HAdd took 0.795ms
type checking took 0.411ms
congr simp thm took 0.0253ms
congr simp thm took 0.0251ms
simp took 0.383ms
simp took 0.0318ms
typeclass inference of OfNat took 0.177ms
typeclass inference of SizeOf took 0.614ms
typeclass inference of HAdd took 0.294ms
type checking took 0.31ms
congr simp thm took 0.01ms
congr simp thm took 0.0248ms
simp took 0.288ms
simp took 0.0236ms
typeclass inference of OfNat took 0.121ms
typeclass inference of SizeOf took 0.261ms
typeclass inference of HAdd took 0.303ms
type checking took 0.306ms
congr simp thm took 0.0265ms
congr simp thm took 0.0264ms
simp took 0.284ms
simp took 0.0231ms
typeclass inference of OfNat took 0.151ms
type checking took 0.142ms
congr simp thm took 0.0088ms
simp took 0.195ms
simp took 0.0248ms
type checking took 0.135ms
type checking took 0.186ms
type checking took 0.133ms
type checking took 0.168ms
type checking took 0.129ms
type checking took 0.199ms
attribute application took 0.0044ms
attribute application took 0.002ms
linting took 0.226ms
elaboration took 31.1ms
parsing took 0.229ms
attribute application took 0.0041ms
instantiate metavars took 0.002ms
instantiate metavars took 0.0009ms
type checking took 0.156ms
instantiate metavars took 0.0052ms
instantiate metavars took 0.0009ms
instantiate metavars took 0.0005ms
instantiate metavars took 0.0008ms
instantiate metavars took 0.0006ms
share common exprs took 0.0493ms
fix level params took 0.0069ms
let-to-have transformation took 0.0036ms
let-to-have transformation took 0.0026ms
type checking took 0.0683ms
attribute application took 0.0036ms
compilation (LCNF base) took 0.567ms
compilation (LCNF mono) took 0.127ms
compilation (LCNF mono) took 0.167ms
compilation (LCNF impure) took 0.246ms
compilation (IR) took 0.0679ms
attribute application took 0.0036ms
process pre-definitions took 1.66ms
linting took 0.2ms
elaboration took 4.6ms
parsing took 1.53ms
attribute application took 0.0046ms
typeclass inference of Aesop.Queue took 0.0797ms
instantiate metavars took 0.0018ms
instantiate metavars took 0.0009ms
typeclass inference of MonadLiftT took 0.122ms
typeclass inference of MonadLiftT took 5.55ms
typeclass inference of CoeT took 1.26ms
typeclass inference of Decidable took 0.172ms
typeclass inference of Pure took 0.954ms
do element elaborator of Lean.Parser.Term.doReturn took 0.144ms
do element elaborator of Lean.Parser.Term.InternalSyntax.doSkip took 0.0251ms
typeclass inference of MonadLiftT took 1ms
typeclass inference of MonadLiftT took 0.133ms
typeclass inference of MonadLiftT took 0.0161ms
typeclass inference of Aesop.Queue took 0.0953ms
typeclass inference of Aesop.Queue took 0.0716ms
typeclass inference of EmptyCollection took 0.322ms
typeclass inference of EmptyCollection took 0.182ms
typeclass inference of ForIn took 1.56ms
typeclass inference of Aesop.Queue took 0.0792ms
typeclass inference of Aesop.Queue took 0.0164ms
typeclass inference of Pure took 0.0233ms
do element elaborator of Lean.Parser.Term.doContinue took 0.32ms
typeclass inference of Pure took 0.016ms
do element elaborator of Lean.Parser.Term.doReturn took 0.226ms
typeclass inference of Pure took 0.015ms
do element elaborator of Lean.Parser.Term.doReturn took 0.226ms
typeclass inference of Pure took 0.0151ms
do element elaborator of Lean.Parser.Term.doReassign took 0.329ms
typeclass inference of EmptyCollection took 0.248ms
typeclass inference of EmptyCollection took 0.182ms
type checking took 0.187ms
do element elaborator of Lean.Parser.Term.doMatch took 5.11ms
typeclass inference of Bind took 0.408ms
do element elaborator of Lean.Parser.Term.doExpr took 1.4ms
do element elaborator of Lean.Parser.Term.doLetArrow took 0.105ms
typeclass inference of Pure took 0.989ms
do element elaborator of Lean.Parser.Term.doReturn took 0.219ms
typeclass inference of Pure took 0.0138ms
typeclass inference of Bind took 0.0128ms
do element elaborator of Lean.Parser.Term.doFor took 0.979ms
do element elaborator of Lean.Parser.Term.doLet took 1.35ms
typeclass inference of Bind took 0.0142ms
do element elaborator of Lean.Parser.Term.doExpr took 1.32ms
do element elaborator of Lean.Parser.Term.doLetArrow took 0.0644ms
typeclass inference of Bind took 0.0127ms
do element elaborator of Lean.Parser.Term.doExpr took 0.97ms
do element elaborator of Lean.Parser.Term.doLetArrow took 0.0968ms
typeclass inference of Bind took 0.012ms
do element elaborator of Lean.Parser.Term.doExpr took 1.11ms
do element elaborator of Lean.Parser.Term.doIf took 1.29ms
typeclass inference of Bind took 0.0177ms
do element elaborator of Lean.Parser.Term.doExpr took 1.06ms
do element elaborator of Lean.Parser.Term.doLetArrow took 0.086ms
do element elaborator of Lean.Parser.Term.doIf took 0.0352ms
do element elaborator of Lean.Parser.Term.doIf took 0.0353ms
typeclass inference of EmptyCollection took 0.163ms
typeclass inference of EmptyCollection took 0.124ms
instantiate metavars took 0.0469ms
instantiate metavars took 0.0012ms
instantiate metavars took 0.0006ms
instantiate metavars took 0.0006ms
instantiate metavars took 0.0005ms
share common exprs took 0.329ms
fix level params took 0.0437ms
let-to-have transformation took 0.0043ms
let-to-have transformation took 0.796ms
type checking took 0.908ms
attribute application took 0.0044ms
compilation (LCNF base) took 57.4ms
compilation (LCNF mono) took 3.99ms
compilation (LCNF mono) took 0.926ms
compilation (LCNF impure) took 1.22ms
compilation (IR) took 0.261ms
compilation (LCNF mono) took 1.58ms
compilation (LCNF impure) took 1.78ms
compilation (IR) took 0.441ms
compilation (LCNF mono) took 0.861ms
compilation (LCNF impure) took 0.957ms
compilation (IR) took 0.168ms
attribute application took 0.0152ms
process pre-definitions took 27.5ms
linting took 1.16ms
elaboration took 8.39ms
parsing took 0.983ms
attribute application took 0.0102ms
typeclass inference of Aesop.Queue took 0.118ms
instantiate metavars took 0.0025ms
instantiate metavars took 0.0007ms
typeclass inference of Aesop.Queue took 0.0892ms
typeclass inference of Aesop.Queue took 0.103ms
typeclass inference of Aesop.Queue took 0.069ms
typeclass inference of Pure took 0.993ms
typeclass inference of Pure took 0.0159ms
do element elaborator of Lean.Parser.Term.doExpr took 1.27ms
typeclass inference of Aesop.Queue took 0.0142ms
typeclass inference of Pure took 0.0127ms
typeclass inference of Pure took 0.0095ms
do element elaborator of Lean.Parser.Term.doExpr took 1.64ms
instantiate metavars took 0.0062ms
instantiate metavars took 0.0008ms
instantiate metavars took 0.0005ms
instantiate metavars took 0.0006ms
instantiate metavars took 0.0005ms
share common exprs took 0.0466ms
fix level params took 0.0102ms
let-to-have transformation took 0.0051ms
let-to-have transformation took 0.0025ms
type checking took 0.116ms
attribute application took 0.0151ms
compilation (LCNF base) took 7.13ms
compilation (LCNF mono) took 4.68ms
compilation (LCNF mono) took 6.29ms
compilation (LCNF impure) took 3.56ms
compilation (IR) took 0.566ms
compilation (LCNF mono) took 0.446ms
compilation (LCNF impure) took 0.517ms
compilation (IR) took 0.0792ms
attribute application took 0.0133ms
process pre-definitions took 4.83ms
linting took 0.367ms
elaboration took 3.16ms
parsing took 2.99ms
attribute application took 0.0163ms
typeclass inference of Aesop.Queue took 0.141ms
instantiate metavars took 0.0084ms
instantiate metavars took 0.0014ms
attribute application took 0.0052ms
typeclass inference of Aesop.Queue took 0.147ms
typeclass inference of Aesop.Queue took 0.184ms
typeclass inference of Aesop.Queue took 0.0261ms
typeclass inference of Pure took 1.55ms
do element elaborator of Lean.Parser.Term.doReturn took 0.801ms
typeclass inference of Pure took 0.0195ms
do element elaborator of Lean.Parser.Term.doReturn took 0.646ms
typeclass inference of Pure took 0.0165ms
typeclass inference of Pure took 0.0112ms
do element elaborator of Lean.Parser.Term.doExpr took 0.721ms
do element elaborator of Lean.Parser.Term.doMatch took 2.75ms
typeclass inference of Bind took 0.639ms
do element elaborator of Lean.Parser.Term.doExpr took 1.96ms
do element elaborator of Lean.Parser.Term.doLetArrow took 0.171ms
typeclass inference of Aesop.Queue took 0.115ms
typeclass inference of Aesop.Queue took 0.0368ms
typeclass inference of Pure took 0.0206ms
do element elaborator of Lean.Parser.Term.doReturn took 0.835ms
typeclass inference of Bind took 0.0246ms
do element elaborator of Lean.Parser.Term.doExpr took 1.08ms
do element elaborator of Lean.Parser.Term.doLetArrow took 0.0742ms
do element elaborator of Lean.Parser.Term.doReturn took 0.0668ms
type checking took 0.223ms
do element elaborator of Lean.Parser.Term.doMatch took 2.99ms
typeclass inference of Pure took 1.3ms
do element elaborator of Lean.Parser.Term.doReturn took 1.04ms
type checking took 0.258ms
do element elaborator of Lean.Parser.Term.doMatch took 4.43ms
do element elaborator of Lean.Parser.Term.doMatch took 0.575ms
do element elaborator of Lean.Parser.Term.doLetElse took 0.466ms
typeclass inference of MonadLiftT took 1.2ms
typeclass inference of Aesop.Queue took 0.0772ms
typeclass inference of Aesop.Queue took 0.0559ms
typeclass inference of MonadLiftT took 0.299ms
typeclass inference of MonadLiftT took 8.06ms
typeclass inference of CoeT took 2.32ms
typeclass inference of Decidable took 0.235ms
typeclass inference of MonadLiftT took 0.135ms
typeclass inference of MonadLiftT took 0.0152ms
typeclass inference of Monad took 0.177ms
typeclass inference of ToBool took 0.515ms
typeclass inference of Pure took 0.347ms
typeclass inference of Pure took 1.5ms
typeclass inference of MonadLiftT took 6.31ms
typeclass inference of Monad took 0.282ms
typeclass inference of ToBool took 0.0536ms
typeclass inference of CoeT took 1.34ms
typeclass inference of Decidable took 0.246ms
typeclass inference of MonadLiftT took 0.0526ms
typeclass inference of Bind took 0.491ms
do element elaborator of Lean.Parser.Term.doExpr took 1.26ms
do element elaborator of Lean.Parser.Term.InternalSyntax.doSkip took 0.0401ms
do element elaborator of Lean.Parser.Term.doIf took 1.78ms
typeclass inference of Bind took 0.0263ms
do element elaborator of Lean.Parser.Term.doExpr took 4.02ms
do element elaborator of Lean.Parser.Term.doLetArrow took 0.081ms
do element elaborator of Lean.Parser.Term.doIf took 0.0554ms
do element elaborator of Lean.Parser.Term.doIf took 0.0526ms
typeclass inference of Bind took 0.0206ms
do element elaborator of Lean.Parser.Term.doExpr took 1.05ms
do element elaborator of Lean.Parser.Term.doLetArrow took 0.0883ms
do element elaborator of Lean.Parser.Term.InternalSyntax.doSkip took 0.06ms
typeclass inference of Pure took 0.0399ms
do element elaborator of Lean.Parser.Term.doReturn took 0.362ms
do element elaborator of Lean.Parser.Term.doIf took 3.06ms
do element elaborator of Lean.Parser.Term.doIf took 0.137ms
typeclass inference of Bind took 0.0422ms
do element elaborator of Lean.Parser.Term.doExpr took 2.19ms
type checking took 0.178ms
do element elaborator of Lean.Parser.Term.doLet took 4.44ms
typeclass inference of Bind took 0.6ms
do element elaborator of Lean.Parser.Term.doExpr took 0.969ms
do element elaborator of Lean.Parser.Term.doLetArrow took 0.114ms
typeclass inference of Bind took 0.0162ms
do element elaborator of Lean.Parser.Term.doExpr took 1.15ms
do element elaborator of Lean.Parser.Term.doLetArrow took 0.15ms
typeclass inference of Bind took 0.0193ms
do element elaborator of Lean.Parser.Term.doExpr took 1.44ms
instantiate metavars took 0.0197ms
instantiate metavars took 0.0049ms
instantiate metavars took 0.0007ms
instantiate metavars took 0.0052ms
instantiate metavars took 0.0248ms
instantiate metavars took 0.0031ms
instantiate metavars took 0.0008ms
instantiate metavars took 0.0036ms
instantiate metavars took 0.0011ms
instantiate metavars took 0.0017ms
instantiate metavars took 0.0276ms
instantiate metavars took 0.0007ms
instantiate metavars took 0.0005ms
instantiate metavars took 0.0005ms
share common exprs took 0.647ms
fix level params took 0.0891ms
typeclass inference of Inhabited took 0.783ms
let-to-have transformation took 0.0069ms
type checking took 0.12ms
attribute application took 0.0073ms
attribute application took 0.0023ms
type checking took 0.477ms
attribute application took 0.0025ms
compilation (LCNF base) took 11.3ms
compilation (LCNF mono) took 0.714ms
compilation (LCNF mono) took 0.599ms
compilation (LCNF impure) took 0.964ms
compilation (IR) took 0.203ms
compilation (LCNF mono) took 0.218ms
compilation (LCNF impure) took 0.235ms
compilation (IR) took 0.0624ms
attribute application took 0.004ms
let-to-have transformation took 0.0093ms
let-to-have transformation took 0.0284ms
type checking took 1.04ms
attribute application took 0.0146ms
compilation (LCNF base) took 79.4ms
compilation (LCNF mono) took 4.39ms
compilation (LCNF mono) took 1.61ms
compilation (LCNF impure) took 1.76ms
compilation (IR) took 0.298ms
compilation (LCNF mono) took 0.188ms
compilation (LCNF impure) took 0.227ms
compilation (IR) took 0.0431ms
attribute application took 0.0067ms
process pre-definitions took 57.3ms
linting took 0.953ms
elaboration took 8.44ms
parsing took 2.7ms
attribute application took 0.0062ms
typeclass inference of Aesop.Queue took 0.0975ms
instantiate metavars took 0.0021ms
instantiate metavars took 0.0012ms
attribute application took 0.0045ms
typeclass inference of Aesop.Queue took 0.147ms
attribute application took 0.0087ms
typeclass inference of Aesop.Queue took 0.711ms
attribute application took 0.0163ms
typeclass inference of Aesop.Queue took 0.365ms
attribute application took 0.0146ms
typeclass inference of Aesop.Queue took 0.236ms
typeclass inference of Monad took 0.539ms
typeclass inference of Lean.MonadTrace took 0.211ms
typeclass inference of MonadLiftT took 0.304ms
typeclass inference of Lean.MonadRef took 0.154ms
typeclass inference of Lean.AddMessageContext took 0.167ms
typeclass inference of Lean.MonadOptions took 0.181ms
typeclass inference of Lean.MonadAlwaysExcept took 0.351ms
typeclass inference of Lean.ExceptToTraceResult took 0.13ms
typeclass inference of Aesop.Queue took 0.239ms
typeclass inference of Aesop.Queue took 0.0299ms
typeclass inference of Pure took 2.22ms
typeclass inference of Pure took 0.0284ms
do element elaborator of Lean.Parser.Term.doExpr took 2.59ms
typeclass inference of Monad took 0.32ms
typeclass inference of Lean.MonadTrace took 3.43ms
typeclass inference of MonadLiftT took 6.28ms
typeclass inference of Lean.MonadRef took 0.199ms
typeclass inference of Lean.AddMessageContext took 1.36ms
typeclass inference of Lean.MonadOptions took 0.683ms
typeclass inference of Lean.MonadAlwaysExcept took 1.98ms
typeclass inference of Lean.ExceptToTraceResult took 0.124ms
typeclass inference of Pure took 0.0184ms
typeclass inference of Pure took 0.0106ms
do element elaborator of Lean.Parser.Term.doExpr took 3.71ms
typeclass inference of Lean.ToMessageData took 0.141ms
typeclass inference of Lean.ToMessageData took 0.0909ms
typeclass inference of Lean.ToMessageData took 0.115ms
typeclass inference of HAppend took 0.332ms
typeclass inference of HAppend took 0.43ms
typeclass inference of Pure took 0.0181ms
do element elaborator of Lean.Parser.Term.doReturn took 1.59ms
typeclass inference of Lean.ToMessageData took 0.011ms
typeclass inference of Lean.ToMessageData took 0.0094ms
typeclass inference of Lean.ToMessageData took 0.0901ms
typeclass inference of Lean.ToMessageData took 0.0747ms
typeclass inference of HAppend took 0.0118ms
typeclass inference of HAppend took 0.107ms
typeclass inference of Pure took 0.0176ms
do element elaborator of Lean.Parser.Term.doReturn took 1.72ms
typeclass inference of Lean.ToMessageData took 0.0101ms
typeclass inference of Lean.ToMessageData took 0.0085ms
typeclass inference of Lean.ToMessageData took 0.0752ms
typeclass inference of Lean.ToMessageData took 0.0687ms
typeclass inference of HAppend took 0.0119ms
typeclass inference of HAppend took 0.107ms
typeclass inference of Pure took 0.0164ms
do element elaborator of Lean.Parser.Term.doReturn took 1.58ms
typeclass inference of Monad took 0.132ms
typeclass inference of Lean.MonadTrace took 0.0737ms
typeclass inference of MonadLiftT took 0.109ms
typeclass inference of Lean.MonadRef took 0.0895ms
typeclass inference of Lean.AddMessageContext took 0.0689ms
typeclass inference of Lean.MonadOptions took 0.0651ms
typeclass inference of Lean.MonadAlwaysExcept took 0.124ms
typeclass inference of Lean.ExceptToTraceResult took 0.0778ms
typeclass inference of Aesop.Queue took 0.0672ms
typeclass inference of Aesop.Queue took 0.0134ms
typeclass inference of Monad took 0.0157ms
typeclass inference of Lean.MonadTrace took 0.0147ms
typeclass inference of MonadLiftT took 0.0142ms
typeclass inference of Lean.MonadRef took 0.0138ms
typeclass inference of Lean.AddMessageContext took 0.0141ms
typeclass inference of Lean.MonadOptions took 0.013ms
typeclass inference of Lean.MonadAlwaysExcept took 0.0538ms
typeclass inference of Lean.ExceptToTraceResult took 0.103ms
interpretation of Aesop._aux_Aesop_Tracing___macroRules_Aesop_doElemAesop_trace[_]___1._boxed took 0.352ms
typeclass inference of Monad took 0.311ms
typeclass inference of Lean.MonadOptions took 0.144ms
typeclass inference of Monad took 0.0376ms
typeclass inference of Lean.MonadOptions took 0.0271ms
typeclass inference of CoeT took 1.82ms
typeclass inference of Decidable took 0.286ms
typeclass inference of CoeT took 2.12ms
typeclass inference of Decidable took 0.603ms
do element elaborator of Lean.Parser.Term.InternalSyntax.doSkip took 0.0712ms
typeclass inference of MonadLiftT took 0.176ms
typeclass inference of MonadLiftT took 5.67ms
typeclass inference of MonadLiftT took 0.97ms
typeclass inference of MonadLiftT took 5.07ms
interpretation of Aesop._aux_Aesop_Tracing___macroRules_Aesop_doElemAesop_trace![_]___1._boxed took 0.307ms
typeclass inference of Monad took 0.184ms
typeclass inference of Lean.MonadTrace took 0.0665ms
typeclass inference of Lean.MonadRef took 0.11ms
typeclass inference of Lean.AddMessageContext took 0.0823ms
typeclass inference of Lean.ToMessageData took 0.0223ms
typeclass inference of CoeT took 2.82ms
typeclass inference of Lean.ToMessageData took 0.14ms
typeclass inference of Lean.ToMessageData took 0.153ms
typeclass inference of HAppend took 0.0271ms
typeclass inference of HAppend took 0.35ms
typeclass inference of Monad took 0.229ms
typeclass inference of Lean.MonadTrace took 1.36ms
typeclass inference of Lean.MonadRef took 13.1ms
typeclass inference of Lean.AddMessageContext took 0.0977ms
typeclass inference of Pure took 0.605ms
typeclass inference of Pure took 0.0105ms
do element elaborator of Lean.Parser.Term.doExpr took 5.43ms
do element elaborator of Aesop.doElemAesop_trace![_]__ took 0.114ms
typeclass inference of MonadLiftT took 0.0211ms
typeclass inference of Bind took 0.439ms
do element elaborator of Lean.Parser.Term.doExpr took 1.58ms
typeclass inference of Lean.ToMessageData took 0.101ms
typeclass inference of CoeT took 1.57ms
typeclass inference of CoeT took 1.4ms
typeclass inference of CoeT took 1.37ms
type checking took 0.206ms
type checking took 0.171ms
do element elaborator of Lean.Parser.Term.doLet took 10.3ms
typeclass inference of Bind took 0.472ms
do element elaborator of Lean.Parser.Term.doExpr took 1.3ms
do element elaborator of Lean.Parser.Term.doLetArrow took 0.114ms
typeclass inference of Bind took 0.014ms
do element elaborator of Lean.Parser.Term.doExpr took 0.914ms
do element elaborator of Lean.Parser.Term.doLetArrow took 0.135ms
typeclass inference of Bind took 0.0129ms
do element elaborator of Lean.Parser.Term.doExpr took 1.33ms
do element elaborator of Lean.Parser.Term.doLetArrow took 0.0976ms
do element elaborator of Lean.Parser.Term.doLetArrow took 0.145ms
do element elaborator of Lean.Parser.Term.doIf took 2.98ms
do element elaborator of Lean.Parser.Term.doUnless took 0.097ms
do element elaborator of Lean.Parser.Term.InternalSyntax.doSkip took 0.04ms
typeclass inference of CoeT took 1.32ms
typeclass inference of Decidable took 0.19ms
typeclass inference of Pure took 1.41ms
do element elaborator of Lean.Parser.Term.doReturn took 0.707ms
do element elaborator of Lean.Parser.Term.InternalSyntax.doSkip took 0.0468ms
typeclass inference of Monad took 0.319ms
typeclass inference of Lean.MonadTrace took 0.082ms
typeclass inference of MonadLiftT took 0.142ms
typeclass inference of Lean.MonadRef took 0.0939ms
typeclass inference of Lean.AddMessageContext took 0.0941ms
typeclass inference of Lean.MonadOptions took 0.06ms
typeclass inference of Lean.MonadAlwaysExcept took 0.167ms
typeclass inference of Lean.ExceptToTraceResult took 0.0704ms
typeclass inference of Aesop.Queue took 0.108ms
typeclass inference of Aesop.Queue took 0.087ms
typeclass inference of Monad took 0.318ms
typeclass inference of Lean.MonadTrace took 2.32ms
typeclass inference of MonadLiftT took 5.06ms
typeclass inference of Lean.MonadRef took 0.247ms
typeclass inference of Lean.AddMessageContext took 1.44ms
typeclass inference of Lean.MonadOptions took 0.934ms
typeclass inference of Lean.MonadAlwaysExcept took 2.95ms
typeclass inference of Lean.ExceptToTraceResult took 0.156ms
typeclass inference of Pure took 0.0207ms
do element elaborator of Lean.Parser.Term.doReturn took 0.244ms
typeclass inference of Pure took 0.0173ms
do element elaborator of Lean.Parser.Term.doReturn took 0.191ms
typeclass inference of Pure took 0.0149ms
typeclass inference of Pure took 0.0108ms
do element elaborator of Lean.Parser.Term.doExpr took 0.366ms
typeclass inference of Pure took 0.015ms
typeclass inference of Pure took 0.0116ms
do element elaborator of Lean.Parser.Term.doExpr took 0.824ms
type checking took 0.207ms
do element elaborator of Lean.Parser.Term.doMatch took 3.51ms
typeclass inference of Bind took 0.412ms
do element elaborator of Lean.Parser.Term.doExpr took 3.59ms
do element elaborator of Lean.Parser.Term.doLetArrow took 0.283ms
do element elaborator of Lean.Parser.Term.doIf took 1.42ms
do element elaborator of Lean.Parser.Term.doIf took 0.0462ms
do element elaborator of Lean.Parser.Term.doIf took 1.91ms
typeclass inference of Bind took 0.0143ms
do element elaborator of Lean.Parser.Term.doExpr took 2.13ms
do element elaborator of Lean.Parser.Term.doLetArrow took 0.0772ms
do element elaborator of Lean.Parser.Term.doIf took 0.056ms
do element elaborator of Lean.Parser.Term.doIf took 0.0328ms
do element elaborator of Lean.Parser.Term.doNested took 0.0775ms
do element elaborator of Aesop.doElemAesop_trace[_]__ took 0.144ms
typeclass inference of Bind took 0.0139ms
do element elaborator of Lean.Parser.Term.doExpr took 2.34ms
do element elaborator of Lean.Parser.Term.doLetArrow took 0.071ms
instantiate metavars took 0.0244ms
instantiate metavars took 0.0068ms
instantiate metavars took 0.0007ms
instantiate metavars took 0.0036ms
instantiate metavars took 0.0025ms
instantiate metavars took 0.0033ms
instantiate metavars took 0.019ms
instantiate metavars took 0.0033ms
instantiate metavars took 0.0133ms
instantiate metavars took 0.0027ms
instantiate metavars took 0.0119ms
instantiate metavars took 0.0015ms
instantiate metavars took 0.0006ms
instantiate metavars took 0.0014ms
instantiate metavars took 0.001ms
instantiate metavars took 0.0018ms
instantiate metavars took 0.0007ms
instantiate metavars took 0.0014ms
instantiate metavars took 0.0006ms
instantiate metavars took 0.001ms
instantiate metavars took 0.0006ms
instantiate metavars took 0.0012ms
instantiate metavars took 0.0009ms
instantiate metavars took 0.0012ms
instantiate metavars took 0.0007ms
instantiate metavars took 0.0011ms
instantiate metavars took 0.0007ms
instantiate metavars took 0.0011ms
instantiate metavars took 0.0191ms
instantiate metavars took 0.0007ms
instantiate metavars took 0.0007ms
instantiate metavars took 0.0005ms
instantiate metavars took 0.0005ms
instantiate metavars took 0.0005ms
instantiate metavars took 0.0004ms
instantiate metavars took 0.0005ms
instantiate metavars took 0.0005ms
instantiate metavars took 0.0005ms
share common exprs took 0.867ms
fix level params took 0.229ms
let-to-have transformation took 0.0053ms
let-to-have transformation took 0.0056ms
type checking took 0.359ms
attribute application took 0.0055ms
compilation (LCNF base) took 2ms
compilation (LCNF mono) took 0.206ms
compilation (LCNF mono) took 0.329ms
compilation (LCNF impure) took 0.298ms
compilation (IR) took 0.0822ms
compilation (LCNF mono) took 0.16ms
compilation (LCNF impure) took 0.215ms
compilation (IR) took 0.0512ms
attribute application took 0.0055ms
let-to-have transformation took 0.0118ms
let-to-have transformation took 0.016ms
type checking took 0.577ms
attribute application took 0.0037ms
compilation (LCNF base) took 140ms
compilation (LCNF mono) took 9.5ms
compilation (LCNF mono) took 4.08ms
compilation (LCNF impure) took 2.56ms
compilation (IR) took 0.447ms
compilation (LCNF mono) took 0.383ms
compilation (LCNF impure) took 0.286ms
compilation (IR) took 0.058ms
attribute application took 0.0069ms
let-to-have transformation took 0.0088ms
let-to-have transformation took 0.443ms
type checking took 0.581ms
attribute application took 0.0138ms
compilation (LCNF base) took 2.92ms
compilation (LCNF mono) took 0.398ms
compilation (LCNF mono) took 1.1ms
compilation (LCNF impure) took 1.14ms
compilation (IR) took 0.677ms
compilation (LCNF mono) took 0.54ms
compilation (LCNF impure) took 0.324ms
compilation (IR) took 0.0733ms
attribute application took 0.0118ms
let-to-have transformation took 0.0117ms
let-to-have transformation took 0.0065ms
type checking took 0.32ms
attribute application took 0.0062ms
compilation (LCNF base) took 2.45ms
compilation (LCNF mono) took 0.264ms
compilation (LCNF mono) took 0.481ms
compilation (LCNF impure) took 0.533ms
compilation (IR) took 0.156ms
compilation (LCNF mono) took 0.339ms
compilation (LCNF impure) took 0.354ms
compilation (IR) took 0.166ms
attribute application took 0.0134ms
let-to-have transformation took 0.0218ms
let-to-have transformation took 0.0711ms
type checking took 2.22ms
attribute application took 0.0175ms
compilation (LCNF base) took 496ms
compilation (LCNF mono) took 27.8ms
compilation (LCNF mono) took 8.41ms
compilation (LCNF impure) took 8.43ms
compilation (IR) took 2.31ms
compilation (LCNF mono) took 0.28ms
compilation (LCNF impure) took 0.261ms
compilation (IR) took 0.0431ms
attribute application took 0.0072ms
process pre-definitions took 93.3ms
linting took 3.38ms
elaboration took 17.1ms
parsing took 0.0952ms
linting took 0.0745ms
elaboration took 0.203ms
parsing took 0.0022ms
linting took 0.0683ms
module linting took 0.01ms
elaboration took 0.113ms
.olean serialization took 169ms
cumulative profiling times:
	.olean serialization 169ms
	attribute application 1.37ms
	compilation (IR) 21.2ms
	compilation (LCNF base) 1.74s
	compilation (LCNF impure) 91.3ms
	compilation (LCNF mono) 258ms
	congr simp thm 2.94ms
	do element elaborator 292ms
	dsimp 0.583ms
	elaboration 309ms
	fix level params 0.769ms
	import 2.09s
	initialization 89.7ms
	instantiate metavars 0.763ms
	interpretation 620ms
	let-to-have transformation 9.86ms
	linting 18.2ms
	module linting 0.0089ms
	parsing 25.3ms
	process pre-definitions 377ms
	share common exprs 5.36ms
	simp 14.8ms
	tactic execution 130ms
	type checking 38.7ms
	typeclass inference 353ms
