interpretation of Mathlib.Linter.linter.directoryDependency took 8.68ms
interpretation of _private.Mathlib.Tactic.Linter.Header.0.Mathlib.Linter.inLibraryRootMutex took 1.51ms
interpretation of Mathlib.Linter.linter.style.header took 7.57ms
interpretation of Mathlib.Linter.linter.style.header.license took 6.31ms
interpretation of _private.Mathlib.Tactic.Linter.Header.0.Mathlib.Linter.Style.header.initFn._@.Mathlib.Tactic.Linter.Header.1276962649._hygCtx._hyg.2 took 0.627ms
interpretation of _private.Mathlib.Tactic.Linter.Header.0.Mathlib.Linter.Style.header.initFn._@.Mathlib.Tactic.Linter.Header.1276962649._hygCtx._hyg.2._boxed took 24.6ms
interpretation of _private.Mathlib.Tactic.AdaptationNote.0.initFn._@.Mathlib.Tactic.AdaptationNote.1330411147._hygCtx._hyg.2 took 0.555ms
interpretation of _private.Mathlib.Tactic.AdaptationNote.0.initFn._@.Mathlib.Tactic.AdaptationNote.1330411147._hygCtx._hyg.2._boxed took 17.8ms
interpretation of Mathlib.Linter.AuxLemma.linter.auxLemma took 8.83ms
interpretation of _private.Mathlib.Tactic.Linter.AuxLemma.0.Mathlib.Linter.AuxLemma.initFn._@.Mathlib.Tactic.Linter.AuxLemma.2530988339._hygCtx._hyg.2 took 0.928ms
interpretation of _private.Mathlib.Tactic.Linter.AuxLemma.0.Mathlib.Linter.AuxLemma.initFn._@.Mathlib.Tactic.Linter.AuxLemma.2530988339._hygCtx._hyg.2._boxed took 19.7ms
interpretation of Mathlib.Linter.Style.linter.style.refine took 8.73ms
interpretation of Mathlib.Linter.Style.linter.style.cases took 4.93ms
interpretation of Mathlib.Linter.Style.linter.style.induction took 5.03ms
interpretation of Mathlib.Linter.Style.linter.style.admit took 5.91ms
interpretation of Mathlib.Linter.Style.linter.style.nativeDecide took 5.94ms
interpretation of Mathlib.Linter.Style.linter.style.maxHeartbeats took 4.3ms
interpretation of _private.Mathlib.Tactic.Linter.DeprecatedSyntaxLinter.0.Mathlib.Linter.Style.initFn._@.Mathlib.Tactic.Linter.DeprecatedSyntaxLinter.2374602524._hygCtx._hyg.2 took 0.601ms
interpretation of _private.Mathlib.Tactic.Linter.DeprecatedSyntaxLinter.0.Mathlib.Linter.Style.initFn._@.Mathlib.Tactic.Linter.DeprecatedSyntaxLinter.2374602524._hygCtx._hyg.2._boxed took 15ms
interpretation of Mathlib.Linter.linter.docPrime took 8.77ms
interpretation of _private.Mathlib.Tactic.Linter.DocPrime.0.Mathlib.Linter.DocPrime.initFn._@.Mathlib.Tactic.Linter.DocPrime.856601495._hygCtx._hyg.2 took 0.778ms
interpretation of _private.Mathlib.Tactic.Linter.DocPrime.0.Mathlib.Linter.DocPrime.initFn._@.Mathlib.Tactic.Linter.DocPrime.856601495._hygCtx._hyg.2._boxed took 21.6ms
interpretation of Mathlib.Linter.linter.style.docString took 11.8ms
interpretation of Mathlib.Linter.linter.style.docString.empty took 7.21ms
interpretation of Mathlib.Linter.linter.style.docStringVerso took 5.69ms
interpretation of _private.Mathlib.Tactic.Linter.DocString.0.Mathlib.Linter.Style.initFn._@.Mathlib.Tactic.Linter.DocString.3364454516._hygCtx._hyg.2 took 0.564ms
interpretation of _private.Mathlib.Tactic.Linter.DocString.0.Mathlib.Linter.Style.initFn._@.Mathlib.Tactic.Linter.DocString.3364454516._hygCtx._hyg.2._boxed took 19.6ms
interpretation of _private.Mathlib.Tactic.Linter.DocString.0.Mathlib.Linter.Style.initFn._@.Mathlib.Tactic.Linter.DocString.3183647073._hygCtx._hyg.2 took 0.55ms
interpretation of _private.Mathlib.Tactic.Linter.DocString.0.Mathlib.Linter.Style.initFn._@.Mathlib.Tactic.Linter.DocString.3183647073._hygCtx._hyg.2._boxed took 7.19ms
interpretation of Mathlib.Linter.linter.style.emptyLine took 6.72ms
interpretation of _private.Mathlib.Tactic.Linter.EmptyLine.0.Mathlib.Linter.EmptyLine.initFn._@.Mathlib.Tactic.Linter.EmptyLine.1134681162._hygCtx._hyg.2 took 0.527ms
interpretation of _private.Mathlib.Tactic.Linter.EmptyLine.0.Mathlib.Linter.EmptyLine.initFn._@.Mathlib.Tactic.Linter.EmptyLine.1134681162._hygCtx._hyg.2._boxed took 7.52ms
interpretation of Mathlib.Linter.linter.globalAttributeIn took 8.9ms
interpretation of _private.Mathlib.Tactic.Linter.GlobalAttributeIn.0.Mathlib.Linter.globalAttributeInLinter.initFn._@.Mathlib.Tactic.Linter.GlobalAttributeIn.3315358037._hygCtx._hyg.2 took 0.903ms
interpretation of _private.Mathlib.Tactic.Linter.GlobalAttributeIn.0.Mathlib.Linter.globalAttributeInLinter.initFn._@.Mathlib.Tactic.Linter.GlobalAttributeIn.3315358037._hygCtx._hyg.2._boxed took 10ms
interpretation of Mathlib.Linter.linter.hashCommand took 8.2ms
interpretation of _private.Mathlib.Tactic.Linter.HashCommandLinter.0.Mathlib.Linter.HashCommandLinter.initFn._@.Mathlib.Tactic.Linter.HashCommandLinter.682754668._hygCtx._hyg.2 took 0.924ms
interpretation of _private.Mathlib.Tactic.Linter.HashCommandLinter.0.Mathlib.Linter.HashCommandLinter.initFn._@.Mathlib.Tactic.Linter.HashCommandLinter.682754668._hygCtx._hyg.2._boxed took 14.6ms
interpretation of Mathlib.Linter.HaveILetI.linter.style.haveILetI took 7.24ms
interpretation of Mathlib.Linter.linter.flexible took 7.57ms
interpretation of _private.Mathlib.Tactic.Linter.FlexibleLinter.0.Mathlib.Linter.Flexible.initFn._@.Mathlib.Tactic.Linter.FlexibleLinter.242819373._hygCtx._hyg.2 took 0.544ms
interpretation of _private.Mathlib.Tactic.Linter.FlexibleLinter.0.Mathlib.Linter.Flexible.initFn._@.Mathlib.Tactic.Linter.FlexibleLinter.242819373._hygCtx._hyg.2._boxed took 19.1ms
interpretation of Mathlib.Linter.linter.style.multiGoal took 6.67ms
interpretation of _private.Mathlib.Tactic.Linter.Multigoal.0.Mathlib.Linter.Style.multiGoal.initFn._@.Mathlib.Tactic.Linter.Multigoal.276707340._hygCtx._hyg.2 took 0.525ms
interpretation of _private.Mathlib.Tactic.Linter.Multigoal.0.Mathlib.Linter.Style.multiGoal.initFn._@.Mathlib.Tactic.Linter.Multigoal.276707340._hygCtx._hyg.2._boxed took 17ms
interpretation of Mathlib.Linter.Style.linter.oldObtain took 7.29ms
interpretation of _private.Mathlib.Tactic.Linter.OldObtain.0.Mathlib.Linter.Style.initFn._@.Mathlib.Tactic.Linter.OldObtain.3115300298._hygCtx._hyg.2 took 0.525ms
interpretation of _private.Mathlib.Tactic.Linter.OldObtain.0.Mathlib.Linter.Style.initFn._@.Mathlib.Tactic.Linter.OldObtain.3115300298._hygCtx._hyg.2._boxed took 17.6ms
interpretation of Batteries.Tactic.Lint.batteriesLinterExt took 15.6ms
interpretation of _private.Batteries.Tactic.Lint.Basic.0.Batteries.Tactic.Lint.initFn._@.Batteries.Tactic.Lint.Basic.3164034710._hygCtx._hyg.2 took 0.543ms
interpretation of _private.Batteries.Tactic.Lint.Basic.0.Batteries.Tactic.Lint.initFn._@.Batteries.Tactic.Lint.Basic.3164034710._hygCtx._hyg.2._boxed took 21.6ms
interpretation of Batteries.Tactic.Lint.nolintAttr took 8.56ms
interpretation of Mathlib.Linter.UnusedInstancesInType.linter.unusedDecidableInType took 7.32ms
interpretation of _private.Mathlib.Tactic.Linter.UnusedInstancesInType.0.Mathlib.Linter.UnusedInstancesInType.initFn._@.Mathlib.Tactic.Linter.UnusedInstancesInType.1258466126._hygCtx._hyg.2 took 0.552ms
interpretation of _private.Mathlib.Tactic.Linter.UnusedInstancesInType.0.Mathlib.Linter.UnusedInstancesInType.initFn._@.Mathlib.Tactic.Linter.UnusedInstancesInType.1258466126._hygCtx._hyg.2._boxed took 11.8ms
interpretation of Mathlib.Linter.UnusedInstancesInType.linter.unusedFintypeInType took 4.98ms
interpretation of _private.Mathlib.Tactic.Linter.UnusedInstancesInType.0.Mathlib.Linter.UnusedInstancesInType.initFn._@.Mathlib.Tactic.Linter.UnusedInstancesInType.2867144287._hygCtx._hyg.2 took 0.598ms
interpretation of _private.Mathlib.Tactic.Linter.UnusedInstancesInType.0.Mathlib.Linter.UnusedInstancesInType.initFn._@.Mathlib.Tactic.Linter.UnusedInstancesInType.2867144287._hygCtx._hyg.2._boxed took 3.75ms
interpretation of _private.Mathlib.Tactic.Linter.OverlappingInstances.0.Mathlib.Linter.OverlappingInstances.classProjectionsCache took 1.5ms
interpretation of _private.Mathlib.Tactic.Linter.OverlappingInstances.0.Mathlib.Linter.OverlappingInstances.linter.overlappingInstances took 16.2ms
interpretation of _private.Mathlib.Tactic.Linter.OverlappingInstances.0.Mathlib.Linter.OverlappingInstances.initFn._@.Mathlib.Tactic.Linter.OverlappingInstances.2887050497._hygCtx._hyg.2 took 0.831ms
interpretation of _private.Mathlib.Tactic.Linter.OverlappingInstances.0.Mathlib.Linter.OverlappingInstances.initFn._@.Mathlib.Tactic.Linter.OverlappingInstances.2887050497._hygCtx._hyg.2._boxed took 11.7ms
interpretation of _private.Mathlib.Tactic.Linter.OverlappingInstances.0.Mathlib.Linter.OverlappingInstances.initFn._@.Mathlib.Tactic.Linter.OverlappingInstances.4094535516._hygCtx._hyg.2 took 0.827ms
interpretation of _private.Mathlib.Tactic.Linter.OverlappingInstances.0.Mathlib.Linter.OverlappingInstances.initFn._@.Mathlib.Tactic.Linter.OverlappingInstances.4094535516._hygCtx._hyg.2._boxed took 4.23ms
interpretation of Mathlib.Linter.linter.privateModule took 6.12ms
interpretation of _private.Mathlib.Tactic.Linter.PrivateModule.0.Mathlib.Linter.initFn._@.Mathlib.Tactic.Linter.PrivateModule.3751228466._hygCtx._hyg.2 took 0.516ms
interpretation of _private.Mathlib.Tactic.Linter.PrivateModule.0.Mathlib.Linter.initFn._@.Mathlib.Tactic.Linter.PrivateModule.3751228466._hygCtx._hyg.2._boxed took 13.2ms
interpretation of Mathlib.Linter.UnusedTactic.allowedUnusedTacticExt took 11.9ms
interpretation of Mathlib.Linter.UnusedTactic.allowedRef took 33ms
interpretation of Mathlib.Linter.linter.unusedTactic took 7.46ms
interpretation of _private.Mathlib.Tactic.Linter.UnusedTactic.0.Mathlib.Linter.UnusedTactic.ignoreTacticKindsRef took 36.8ms
interpretation of _private.Mathlib.Tactic.Linter.UnusedTactic.0.Mathlib.Linter.UnusedTactic.initFn._@.Mathlib.Tactic.Linter.UnusedTactic.300650473._hygCtx._hyg.2 took 0.927ms
interpretation of _private.Mathlib.Tactic.Linter.UnusedTactic.0.Mathlib.Linter.UnusedTactic.initFn._@.Mathlib.Tactic.Linter.UnusedTactic.300650473._hygCtx._hyg.2._boxed took 14.7ms
interpretation of Mathlib.Linter.linter.style.setOption took 6.37ms
interpretation of _private.Mathlib.Tactic.Linter.Style.0.Mathlib.Linter.Style.setOption.initFn._@.Mathlib.Tactic.Linter.Style.3512398344._hygCtx._hyg.2 took 0.512ms
interpretation of _private.Mathlib.Tactic.Linter.Style.0.Mathlib.Linter.Style.setOption.initFn._@.Mathlib.Tactic.Linter.Style.3512398344._hygCtx._hyg.2._boxed took 15.6ms
interpretation of Mathlib.Linter.linter.style.missingEnd took 3.9ms
interpretation of _private.Mathlib.Tactic.Linter.Style.0.Mathlib.Linter.Style.missingEnd.initFn._@.Mathlib.Tactic.Linter.Style.3360231377._hygCtx._hyg.2 took 0.603ms
interpretation of _private.Mathlib.Tactic.Linter.Style.0.Mathlib.Linter.Style.missingEnd.initFn._@.Mathlib.Tactic.Linter.Style.3360231377._hygCtx._hyg.2._boxed took 7.23ms
interpretation of Mathlib.Linter.linter.style.cdot took 3.48ms
interpretation of _private.Mathlib.Tactic.Linter.Style.0.Mathlib.Linter.Style.initFn._@.Mathlib.Tactic.Linter.Style.1823831825._hygCtx._hyg.2 took 0.481ms
interpretation of _private.Mathlib.Tactic.Linter.Style.0.Mathlib.Linter.Style.initFn._@.Mathlib.Tactic.Linter.Style.1823831825._hygCtx._hyg.2._boxed took 4.8ms
interpretation of Mathlib.Linter.linter.style.dollarSyntax took 3.47ms
interpretation of _private.Mathlib.Tactic.Linter.Style.0.Mathlib.Linter.Style.dollarSyntax.initFn._@.Mathlib.Tactic.Linter.Style.1303717341._hygCtx._hyg.2 took 0.492ms
interpretation of _private.Mathlib.Tactic.Linter.Style.0.Mathlib.Linter.Style.dollarSyntax.initFn._@.Mathlib.Tactic.Linter.Style.1303717341._hygCtx._hyg.2._boxed took 6.03ms
interpretation of Mathlib.Linter.linter.style.lambdaSyntax took 3.5ms
interpretation of _private.Mathlib.Tactic.Linter.Style.0.Mathlib.Linter.Style.lambdaSyntax.initFn._@.Mathlib.Tactic.Linter.Style.1166937461._hygCtx._hyg.2 took 0.501ms
interpretation of _private.Mathlib.Tactic.Linter.Style.0.Mathlib.Linter.Style.lambdaSyntax.initFn._@.Mathlib.Tactic.Linter.Style.1166937461._hygCtx._hyg.2._boxed took 6.11ms
interpretation of Mathlib.Linter.linter.style.longFile took 4.52ms
interpretation of Mathlib.Linter.linter.style.longFileDefValue took 4.34ms
interpretation of _private.Mathlib.Tactic.Linter.Style.0.Mathlib.Linter.Style.longFile.initFn._@.Mathlib.Tactic.Linter.Style.3199531762._hygCtx._hyg.2 took 0.59ms
interpretation of _private.Mathlib.Tactic.Linter.Style.0.Mathlib.Linter.Style.longFile.initFn._@.Mathlib.Tactic.Linter.Style.3199531762._hygCtx._hyg.2._boxed took 6.02ms
interpretation of Mathlib.Linter.linter.style.longLine took 4.09ms
interpretation of Mathlib.Linter.linter.style.longLine.maxLineLength took 3.61ms
interpretation of _private.Mathlib.Tactic.Linter.Style.0.Mathlib.Linter.Style.longLine.initFn._@.Mathlib.Tactic.Linter.Style.724867545._hygCtx._hyg.2 took 0.49ms
interpretation of _private.Mathlib.Tactic.Linter.Style.0.Mathlib.Linter.Style.longLine.initFn._@.Mathlib.Tactic.Linter.Style.724867545._hygCtx._hyg.2._boxed took 5.81ms
interpretation of Mathlib.Linter.linter.style.nameCheck took 5.83ms
interpretation of _private.Mathlib.Tactic.Linter.Style.0.Mathlib.Linter.Style.nameCheck.initFn._@.Mathlib.Tactic.Linter.Style.1285535146._hygCtx._hyg.2 took 0.518ms
interpretation of _private.Mathlib.Tactic.Linter.Style.0.Mathlib.Linter.Style.nameCheck.initFn._@.Mathlib.Tactic.Linter.Style.1285535146._hygCtx._hyg.2._boxed took 8.9ms
interpretation of Mathlib.Linter.linter.style.openClassical took 4.09ms
interpretation of _private.Mathlib.Tactic.Linter.Style.0.Mathlib.Linter.Style.openClassical.initFn._@.Mathlib.Tactic.Linter.Style.273924139._hygCtx._hyg.2 took 0.541ms
interpretation of _private.Mathlib.Tactic.Linter.Style.0.Mathlib.Linter.Style.openClassical.initFn._@.Mathlib.Tactic.Linter.Style.273924139._hygCtx._hyg.2._boxed took 6.19ms
interpretation of Mathlib.Linter.linter.style.show took 3.48ms
interpretation of Mathlib.Linter.linter.style.whitespace took 5.95ms
interpretation of Mathlib.Linter.linter.style.whitespace.verbose took 3.5ms
interpretation of _private.Mathlib.Tactic.Linter.Whitespace.0.Mathlib.Linter.Style.Whitespace.initFn._@.Mathlib.Tactic.Linter.Whitespace.391367517._hygCtx._hyg.2 took 0.491ms
interpretation of _private.Mathlib.Tactic.Linter.Whitespace.0.Mathlib.Linter.Style.Whitespace.initFn._@.Mathlib.Tactic.Linter.Whitespace.391367517._hygCtx._hyg.2._boxed took 23.7ms
interpretation of linter.tacticAnalysis took 4.07ms
interpretation of Mathlib.TacticAnalysis.tacticAnalysisExt took 13ms
interpretation of _private.Mathlib.Tactic.TacticAnalysis.0.Mathlib.TacticAnalysis.initFn._@.Mathlib.Tactic.TacticAnalysis.2535838111._hygCtx._hyg.2 took 0.487ms
interpretation of _private.Mathlib.Tactic.TacticAnalysis.0.Mathlib.TacticAnalysis.initFn._@.Mathlib.Tactic.TacticAnalysis.2535838111._hygCtx._hyg.2._boxed took 16.5ms
interpretation of _private.Mathlib.Tactic.TacticAnalysis.0.Mathlib.TacticAnalysis.initFn._@.Mathlib.Tactic.TacticAnalysis.1736486024._hygCtx._hyg.2 took 0.519ms
interpretation of _private.Mathlib.Tactic.TacticAnalysis.0.Mathlib.TacticAnalysis.initFn._@.Mathlib.Tactic.TacticAnalysis.1736486024._hygCtx._hyg.2._boxed took 5.76ms
interpretation of linter.tacticAnalysis.dummy took 3ms
interpretation of linter.tacticAnalysis.regressions.linarithToGrind took 5.55ms
interpretation of linter.tacticAnalysis.regressions.ringToGrind took 2.51ms
interpretation of linter.tacticAnalysis.regressions.omegaToLia took 2.18ms
interpretation of linter.tacticAnalysis.omegaToLia took 1.86ms
interpretation of linter.tacticAnalysis.rwMerge took 2.28ms
interpretation of linter.tacticAnalysis.mergeWithGrind took 2.1ms
interpretation of linter.tacticAnalysis.terminalToGrind took 2.04ms
interpretation of linter.tacticAnalysis.tryAtEachStep.fraction took 3.59ms
interpretation of linter.tacticAnalysis.tryAtEachStep.showTiming took 3.09ms
interpretation of linter.tacticAnalysis.tryAtEachStep.selfReplacements took 2.38ms
interpretation of linter.tacticAnalysis.tryAtEachStepGrind took 2.25ms
interpretation of linter.tacticAnalysis.tryAtEachStepSimpAll took 2.33ms
interpretation of linter.tacticAnalysis.tryAtEachStepAesop took 2.45ms
interpretation of linter.tacticAnalysis.tryAtEachStepGrindSuggestions took 2.48ms
interpretation of linter.tacticAnalysis.tryAtEachStepSimpAllSuggestions took 2.12ms
interpretation of linter.tacticAnalysis.tryAtEachStepFromEnv took 2.63ms
interpretation of linter.tacticAnalysis.introMerge took 2.42ms
interpretation of linter.tacticAnalysis.verifyGrind took 2.63ms
interpretation of linter.tacticAnalysis.verifyGrindSuggestions took 2.09ms
interpretation of linter.tacticAnalysis.verifyGrindOnly took 2.06ms
interpretation of Batteries.Util.LibraryNote.libraryNoteExt took 8.39ms
interpretation of _private.Batteries.Util.ProofWanted.0.wantedInstancesExt took 13.6ms
interpretation of _private.Batteries.Util.ProofWanted.0.wantedArityExt took 6.28ms
interpretation of Batteries.Tactic.Lint.linter.simpNF.respectTransparency took 6.38ms
interpretation of _private.Batteries.Tactic.Lint.Frontend.0.Batteries.Tactic.Lint.initFn._@.Batteries.Tactic.Lint.Frontend.971841226._hygCtx._hyg.2 took 0.508ms
interpretation of _private.Batteries.Tactic.Lint.Frontend.0.Batteries.Tactic.Lint.initFn._@.Batteries.Tactic.Lint.Frontend.971841226._hygCtx._hyg.2._boxed took 15.6ms
interpretation of Mathlib.Linter.linter.dupNamespace took 7.01ms
interpretation of _private.Mathlib.Tactic.Linter.Lint.0.Mathlib.Linter.DupNamespaceLinter.initFn._@.Mathlib.Tactic.Linter.Lint.3996576634._hygCtx._hyg.2 took 0.568ms
interpretation of _private.Mathlib.Tactic.Linter.Lint.0.Mathlib.Linter.DupNamespaceLinter.initFn._@.Mathlib.Tactic.Linter.Lint.3996576634._hygCtx._hyg.2._boxed took 16.9ms
interpretation of linter.mathlibStandardSet took 4.48ms
interpretation of linter.nightlyRegressionSet took 2.89ms
interpretation of linter.weeklyLintSet took 2.74ms
interpretation of Qq.Impl.pp.qq took 8.55ms
interpretation of _private.Mathlib.Tactic.TacticAnalysis.0.Mathlib.TacticAnalysis.initFn._lam_5._@.Mathlib.Tactic.TacticAnalysis.358552301._hygCtx._hyg.2._boxed took 0.598ms
interpretation of coeNotation took 0.436ms
interpretation of coeFunNotation took 0.337ms
interpretation of coeSortNotation took 0.319ms
interpretation of Lean.Parser.Syntax.addPrec took 0.382ms
interpretation of Lean.Parser.Syntax.subPrec took 0.36ms
interpretation of Lean.Parser.Syntax.addPrio took 0.516ms
interpretation of Lean.Parser.Syntax.subPrio took 0.589ms
interpretation of precMax took 0.57ms
interpretation of precArg took 0.502ms
interpretation of precLead took 0.505ms
interpretation of prec(_) took 0.502ms
interpretation of precMin took 0.306ms
interpretation of precMin1 took 0.305ms
interpretation of termMax_prec took 0.318ms
interpretation of prioDefault took 0.315ms
interpretation of prioLow took 0.334ms
interpretation of prioMid took 0.313ms
interpretation of prioHigh took 0.315ms
interpretation of prio(_) took 0.329ms
interpretation of stx_+ took 0.32ms
interpretation of stx_* took 0.354ms
interpretation of stx_? took 0.321ms
interpretation of stx_<|>_ took 0.341ms
interpretation of stx_,* took 0.327ms
interpretation of stx_,+ took 0.629ms
interpretation of stx_,*,? took 0.613ms
interpretation of stx_,+,? took 0.609ms
interpretation of stx!_ took 0.503ms
interpretation of rawNatLit took 0.343ms
interpretation of term_∘_ took 0.348ms
interpretation of term_×_ took 0.352ms
interpretation of term_×'_ took 0.321ms
interpretation of term_∣_ took 0.387ms
interpretation of term_|||_ took 0.347ms
interpretation of term_^^^_ took 0.328ms
interpretation of term_&&&_ took 0.347ms
interpretation of term_+_ took 0.356ms
interpretation of term_-_ took 0.332ms
interpretation of term_*_ took 0.519ms
interpretation of term_/_ took 0.563ms
interpretation of term_%_ took 0.394ms
interpretation of term_<<<_ took 0.506ms
interpretation of term_>>>_ took 0.567ms
interpretation of term_^_ took 0.57ms
interpretation of term_++_ took 0.485ms
interpretation of term-_ took 0.408ms
interpretation of term~~~_ took 0.406ms
interpretation of term_⁻¹ took 0.469ms
interpretation of term_•_ took 0.55ms
interpretation of term_>=_ took 0.534ms
interpretation of term_<=_ took 0.712ms
interpretation of term_≤_ took 0.527ms
interpretation of term_<_ took 0.584ms
interpretation of term_≥_ took 0.349ms
interpretation of term_>_ took 0.365ms
interpretation of term_=_ took 0.332ms
interpretation of term_==_ took 0.703ms
interpretation of term_≍_ took 0.533ms
interpretation of term_∧_ took 0.705ms
interpretation of term_∨_ took 0.537ms
interpretation of term¬_ took 0.376ms
interpretation of term_&&_ took 0.328ms
interpretation of term_||_ took 0.327ms
interpretation of term!_ took 0.339ms
interpretation of term_∈_ took 0.325ms
interpretation of term_∉_ took 0.364ms
interpretation of term_::_ took 0.325ms
interpretation of term_<$>_ took 0.33ms
interpretation of term_>>=_ took 0.337ms
interpretation of term_<|>_ took 0.33ms
interpretation of term_>>_ took 0.322ms
interpretation of term_<*>_ took 0.329ms
interpretation of term_<*_ took 0.349ms
interpretation of term_*>_ took 0.334ms
interpretation of termDepIfThenElse took 0.336ms
interpretation of termIfThenElse took 0.332ms
interpretation of termIfLet took 0.321ms
interpretation of boolIfThenElse took 0.341ms
interpretation of term_<|_ took 0.325ms
interpretation of term_|>_ took 0.322ms
interpretation of term_$__ took 0.319ms
interpretation of term{_:_//_} took 0.355ms
interpretation of termWithout_expected_type_ took 0.349ms
interpretation of Lean.byElab took 0.414ms
interpretation of Lean.rawStx.quot took 0.353ms
interpretation of Lean.withAnnotateTerm took 0.372ms
interpretation of Lean.modCast took 0.348ms
interpretation of Lean.deprecated took 0.33ms
interpretation of Lean.deprecated_arg took 0.333ms
interpretation of Lean.suggest_for took 0.35ms
interpretation of Lean.univ_out_params took 0.349ms
interpretation of Lean.Attr.coe took 0.338ms
interpretation of Lean.command_code_action took 0.397ms
interpretation of Lean.builtin_command_code_action took 1.66ms
interpretation of Lean.includeStr took 0.353ms
interpretation of Lean.runCmd took 0.355ms
interpretation of Lean.runElab took 0.344ms
interpretation of Lean.runMeta took 0.305ms
interpretation of Lean.reduceCmd took 0.313ms
interpretation of Lean.guardMsgsCmd took 0.347ms
interpretation of Lean.guardPanicCmd took 0.35ms
interpretation of Lean.infoTreesCmd took 0.34ms
interpretation of Lean.setLibrarySuggestionsCmd took 0.372ms
interpretation of Lean.Parser.checkTactic took 0.371ms
interpretation of Lean.Parser.checkTacticFailure took 0.346ms
interpretation of Lean.Parser.checkSimp took 0.333ms
interpretation of Lean.Parser.checkSimpFailure took 0.343ms
interpretation of Lean.Parser.timeCmd took 0.337ms
interpretation of Lean.Parser.discrTreeKeyCmd took 0.395ms
interpretation of Lean.Parser.discrTreeSimpKeyCmd took 0.362ms
interpretation of Lean.Parser.commandSeal__ took 0.358ms
interpretation of Lean.Parser.commandUnseal__ took 0.373ms
interpretation of Lean.Parser.Tactic.as_aux_lemma took 0.383ms
interpretation of Lean.Parser.Tactic.withAnnotateState took 0.365ms
interpretation of Lean.Parser.Tactic.intro took 0.337ms
interpretation of Lean.Parser.Tactic.intros took 0.347ms
interpretation of Lean.Parser.Tactic.rename took 0.339ms
interpretation of Lean.Parser.Tactic.revert took 0.362ms
interpretation of Lean.Parser.Tactic.clear took 0.351ms
interpretation of Lean.Parser.Tactic.clearValue took 0.376ms
interpretation of Lean.Parser.Tactic.subst took 0.35ms
interpretation of Lean.Parser.Tactic.substVars took 0.357ms
interpretation of Lean.Parser.Tactic.assumption took 0.371ms
interpretation of Lean.Parser.Tactic.contradiction took 0.386ms
interpretation of Lean.Parser.Tactic.falseOrByContra took 0.381ms
interpretation of Lean.Parser.Tactic.apply took 0.363ms
interpretation of Lean.Parser.Tactic.exact took 0.378ms
interpretation of Lean.Parser.Tactic.refine took 0.463ms
interpretation of Lean.Parser.Tactic.refine' took 0.643ms
interpretation of Lean.Parser.Tactic.tacticExfalso took 0.635ms
interpretation of Lean.Parser.Tactic.constructor took 0.534ms
interpretation of Lean.Parser.Tactic.left took 0.574ms
interpretation of Lean.Parser.Tactic.right took 0.391ms
interpretation of Lean.Parser.Tactic.case took 0.344ms
interpretation of Lean.Parser.Tactic.case' took 0.463ms
interpretation of Lean.Parser.Tactic.tacticNext_=>_ took 0.39ms
interpretation of Lean.Parser.Tactic.allGoals took 0.362ms
interpretation of Lean.Parser.Tactic.anyGoals took 0.377ms
interpretation of Lean.Parser.Tactic.focus took 0.368ms
interpretation of Lean.Parser.Tactic.skip took 0.575ms
interpretation of Lean.Parser.Tactic.done took 0.581ms
interpretation of Lean.Parser.Tactic.traceState took 0.561ms
interpretation of Lean.Parser.Tactic.traceMessage took 0.516ms
interpretation of Lean.Parser.Tactic.failIfSuccess took 0.387ms
interpretation of Lean.Parser.Tactic.paren took 0.456ms
interpretation of Lean.Parser.Tactic.withReducible took 0.352ms
interpretation of Lean.Parser.Tactic.withReducibleAndInstances took 0.356ms
interpretation of Lean.Parser.Tactic.withImplicit took 0.335ms
interpretation of Lean.Parser.Tactic.withUnfoldingAll took 0.371ms
interpretation of Lean.Parser.Tactic.withUnfoldingNone took 0.368ms
interpretation of Lean.Parser.Tactic.first took 0.337ms
interpretation of Lean.Parser.Tactic.rotateLeft took 0.345ms
interpretation of Lean.Parser.Tactic.rotateRight took 0.346ms
interpretation of Lean.Parser.Tactic.tacticTry_ took 0.357ms
interpretation of Lean.Parser.Tactic.tactic_<;>_ took 0.367ms
interpretation of Lean.Parser.Tactic.fail took 0.333ms
interpretation of Lean.Parser.Tactic.eqRefl took 0.338ms
interpretation of Lean.Parser.Tactic.tacticRfl took 0.341ms
interpretation of Lean.Parser.Tactic.applyRfl took 0.347ms
interpretation of Lean.Parser.Tactic.tacticRfl' took 0.347ms
interpretation of Lean.Parser.Tactic.acRfl took 0.338ms
interpretation of Lean.Parser.Tactic.tacticSorry took 0.455ms
interpretation of Lean.Parser.Tactic.tacticAdmit took 0.548ms
interpretation of Lean.Parser.Tactic.tacticInfer_instance took 0.513ms
interpretation of Lean.Parser.Tactic.change took 0.571ms
interpretation of Lean.Parser.Tactic.show took 0.589ms
interpretation of Lean.Parser.Tactic.extractLets took 0.747ms
interpretation of Lean.Parser.Tactic.liftLets took 0.475ms
interpretation of Lean.Parser.Tactic.letToHave took 0.405ms
interpretation of Lean.Parser.Tactic.rewriteSeq took 0.366ms
interpretation of Lean.Parser.Tactic.rwSeq took 0.358ms
interpretation of Lean.Parser.Tactic.tacticRwa__ took 0.369ms
interpretation of Lean.Parser.Tactic.injection took 0.351ms
interpretation of Lean.Parser.Tactic.injections took 0.346ms
interpretation of Lean.Parser.Tactic.simp took 0.384ms
interpretation of Lean.Parser.Tactic.simpAll took 0.348ms
interpretation of Lean.Parser.Tactic.dsimp took 0.34ms
interpretation of Lean.Parser.Tactic.simpTrace took 0.358ms
interpretation of Lean.Parser.Tactic.tacticSimp?!_ took 0.369ms
interpretation of Lean.Parser.Tactic.simpAllTrace took 0.351ms
interpretation of Lean.Parser.Tactic.tacticSimp_all?!_ took 0.385ms
interpretation of Lean.Parser.Tactic.dsimpTrace took 0.347ms
interpretation of Lean.Parser.Tactic.tacticDsimp?!_ took 0.389ms
interpretation of Lean.Parser.Tactic.simpa took 0.363ms
interpretation of Lean.Parser.Tactic.simpaUsingBang took 0.373ms
interpretation of Lean.Parser.Tactic.tacticSimpa!_ took 0.378ms
interpretation of Lean.Parser.Tactic.tacticSimpa?_ took 0.385ms
interpretation of Lean.Parser.Tactic.tacticSimpa?!_ took 0.398ms
interpretation of Lean.Parser.Tactic.tacticSimpa!__1 took 0.363ms
interpretation of Lean.Parser.Tactic.tacticSimpa?__1 took 0.46ms
interpretation of Lean.Parser.Tactic.tacticSimpa?!__1 took 0.389ms
interpretation of Lean.Parser.Tactic.delta took 0.496ms
interpretation of Lean.Parser.Tactic.unfold took 0.366ms
interpretation of Lean.Parser.Tactic.tacticRefine_lift_ took 0.381ms
interpretation of Lean.Parser.Tactic.tacticHave__ took 0.476ms
interpretation of Lean.Parser.Tactic.tacticSuffices_ took 0.572ms
interpretation of Lean.Parser.Tactic.tacticLet__ took 0.373ms
interpretation of Lean.Parser.Tactic.letrec took 0.356ms
interpretation of Lean.Parser.Tactic.tacticRefine_lift'_ took 0.396ms
interpretation of Lean.Parser.Tactic.tacticHave' took 0.366ms
interpretation of Lean.Parser.Tactic.tacticLet'__ took 0.374ms
interpretation of Lean.Parser.Tactic.induction took 0.358ms
interpretation of Lean.Parser.Tactic.generalize took 0.478ms
interpretation of Lean.Parser.Tactic.cases took 0.355ms
interpretation of Lean.Parser.Tactic.funInduction took 0.367ms
interpretation of Lean.Parser.Tactic.funCases took 0.37ms
interpretation of Lean.Parser.Tactic.renameI took 0.356ms
interpretation of Lean.Parser.Tactic.tacticRepeat_ took 0.369ms
interpretation of Lean.Parser.Tactic.repeat' took 0.358ms
interpretation of Lean.Parser.Tactic.repeat1' took 0.368ms
interpretation of Lean.Parser.Tactic.tacticTrivial took 0.363ms
interpretation of Lean.Parser.Tactic.classical took 0.354ms
interpretation of Lean.Parser.Tactic.impossible took 0.357ms
interpretation of Lean.Parser.Tactic.split took 0.361ms
interpretation of Lean.Parser.Tactic.dbgTrace took 0.356ms
interpretation of Lean.Parser.Tactic.tacticStop_ took 0.364ms
interpretation of Lean.Parser.Tactic.tacticUnhygienic_ took 0.372ms
interpretation of Lean.Parser.Tactic.sleep took 0.358ms
interpretation of Lean.Parser.Tactic.tacticExists_,, took 0.379ms
interpretation of Lean.Parser.Tactic.congr took 0.348ms
interpretation of Lean.Parser.Tactic.tacIfThenElse took 0.363ms
interpretation of Lean.Parser.Tactic.tacDepIfThenElse took 0.377ms
interpretation of Lean.Parser.Tactic.tacticNofun took 0.361ms
interpretation of Lean.Parser.Tactic.tacticNomatch_,, took 0.378ms
interpretation of Lean.Parser.Tactic.replace took 0.353ms
interpretation of Lean.Parser.Tactic.specialize took 0.365ms
interpretation of Lean.Parser.Tactic.tacticAnd_intros took 0.656ms
interpretation of Lean.Parser.Tactic.substEqs took 0.517ms
interpretation of Lean.Parser.Tactic.runTac took 0.576ms
interpretation of Lean.Parser.Tactic.tacticHaveI__ took 0.724ms
interpretation of Lean.Parser.Tactic.tacticLetI__ took 0.683ms
interpretation of Lean.Parser.Tactic.decide took 0.631ms
interpretation of Lean.Parser.Tactic.nativeDecide took 0.565ms
interpretation of Lean.Parser.Tactic.omega took 0.371ms
interpretation of Lean.Parser.Tactic.tacticBv_omega took 0.359ms
interpretation of Lean.Parser.Tactic.acNf0 took 0.34ms
interpretation of Lean.Parser.Tactic.normCast0 took 0.342ms
interpretation of Lean.Parser.Tactic.tacticAssumption_mod_cast_ took 0.398ms
interpretation of Lean.Parser.Tactic.tacticNorm_cast__ took 0.393ms
interpretation of Lean.Parser.Tactic.pushCast took 0.407ms
interpretation of Lean.Parser.Tactic.normCastAddElim took 0.354ms
interpretation of Lean.Parser.Tactic.tacticAc_nf_ took 0.421ms
interpretation of Lean.Parser.Tactic.symm took 0.315ms
interpretation of Lean.Parser.Tactic.symmSaturate took 0.326ms
interpretation of Lean.Parser.Tactic.solveByElim took 0.322ms
interpretation of Lean.Parser.Tactic.applyAssumption took 0.338ms
interpretation of Lean.Parser.Tactic.applyRules took 0.323ms
interpretation of Lean.Parser.Tactic.exact? took 0.32ms
interpretation of Lean.Parser.Tactic.apply? took 0.32ms
interpretation of Lean.Parser.Tactic.rewrites? took 0.332ms
interpretation of Lean.Parser.Tactic.showTerm took 0.426ms
interpretation of Lean.Parser.Tactic.showTermElab took 0.327ms
interpretation of Lean.Parser.Tactic.by? took 0.315ms
interpretation of Lean.Parser.Tactic.exposeNames took 0.32ms
interpretation of Lean.Parser.Tactic.suggestions took 0.328ms
interpretation of Lean.Parser.Tactic.bvCheck took 0.314ms
interpretation of Lean.Parser.Tactic.bvDecide took 0.404ms
interpretation of Lean.Parser.Tactic.bvTrace took 0.552ms
interpretation of Lean.Parser.Tactic.bvNormalize took 0.535ms
interpretation of Lean.Parser.Tactic.massumptionMacro took 0.326ms
interpretation of Lean.Parser.Tactic.mclearMacro took 0.32ms
interpretation of Lean.Parser.Tactic.mconstructorMacro took 0.32ms
interpretation of Lean.Parser.Tactic.mexactMacro took 0.31ms
interpretation of Lean.Parser.Tactic.mexfalsoMacro took 0.312ms
interpretation of Lean.Parser.Tactic.mexistsMacro took 0.309ms
interpretation of Lean.Parser.Tactic.mframeMacro took 0.316ms
interpretation of Lean.Parser.Tactic.mhaveMacro took 0.308ms
interpretation of Lean.Parser.Tactic.mreplaceMacro took 0.313ms
interpretation of Lean.Parser.Tactic.mleftMacro took 0.307ms
interpretation of Lean.Parser.Tactic.mrightMacro took 0.308ms
interpretation of Lean.Parser.Tactic.mpureMacro took 0.314ms
interpretation of Lean.Parser.Tactic.mpureIntroMacro took 0.318ms
interpretation of Lean.Parser.Tactic.mrevertMacro took 0.31ms
interpretation of Lean.Parser.Tactic.mrenameIMacro took 0.31ms
interpretation of Lean.Parser.Tactic.mspecializeMacro took 0.315ms
interpretation of Lean.Parser.Tactic.mspecializePureMacro took 0.327ms
interpretation of Lean.Parser.Tactic.mstartMacro took 0.31ms
interpretation of Lean.Parser.Tactic.mstopMacro took 0.311ms
interpretation of Lean.Parser.Tactic.mleaveMacro took 0.361ms
interpretation of Lean.Parser.Tactic.mcasesMacro took 0.311ms
interpretation of Lean.Parser.Tactic.mrefineMacro took 0.318ms
interpretation of Lean.Parser.Tactic.mintroMacro took 0.309ms
interpretation of Lean.Parser.Tactic.mspecMacro took 0.308ms
interpretation of Lean.Parser.Tactic.mvcgenMacro took 0.308ms
interpretation of Lean.Parser.Tactic.vcgenMacro took 0.306ms
interpretation of Lean.Parser.Tactic.cbv took 0.305ms
interpretation of Lean.Parser.Tactic.decide_cbv took 0.311ms
interpretation of Lean.Parser.Attr.simp took 0.314ms
interpretation of Lean.Parser.Attr.wf_preprocess took 0.312ms
interpretation of Lean.Parser.Attr.method_specs_simp took 0.319ms
interpretation of Lean.Parser.Attr.cbv_eval took 0.314ms
interpretation of Lean.Parser.Attr.norm_cast took 0.307ms
interpretation of term‹_› took 0.296ms
interpretation of tacticGet_elem_tactic_extensible took 0.316ms
interpretation of tacticGet_elem_tactic_trivial took 0.316ms
interpretation of tacticGet_elem_tactic took 0.296ms
interpretation of Lean.Parser.Syntax.exact? took 0.309ms
interpretation of term_<->_ took 0.296ms
interpretation of term_↔_ took 0.287ms
interpretation of term_⊕_ took 0.286ms
interpretation of term_⊕'_ took 0.329ms
interpretation of term_≈_ took 0.522ms
interpretation of term_⊆_ took 0.481ms
interpretation of term_⊂_ took 0.469ms
interpretation of term_⊇_ took 0.48ms
interpretation of term_⊃_ took 0.473ms
interpretation of term_∪_ took 0.467ms
interpretation of term_∩_ took 0.438ms
interpretation of term_\_ took 0.285ms
interpretation of term{} took 0.286ms
interpretation of term∅ took 0.279ms
interpretation of term_!=_ took 0.289ms
interpretation of term_≠_ took 0.286ms
interpretation of term_<&>_ took 0.299ms
interpretation of term_<||>_ took 0.3ms
interpretation of term_<&&>_ took 0.301ms
interpretation of term_>=>_ took 0.294ms
interpretation of term_<=<_ took 0.294ms
interpretation of term_=<<_ took 0.309ms
interpretation of Lean.Parser.resetGrindAttrs took 0.314ms
interpretation of Lean.Parser.Attr.grind took 0.302ms
interpretation of Lean.Parser.Attr.grind! took 0.318ms
interpretation of Lean.Parser.Attr.grind? took 0.307ms
interpretation of Lean.Parser.Attr.grind!? took 0.314ms
interpretation of Lean.Parser.Attr.lia took 0.299ms
interpretation of Lean.Parser.Attr.lia! took 0.304ms
interpretation of Lean.Parser.Attr.lia? took 0.304ms
interpretation of Lean.Parser.Attr.lia!? took 0.309ms
interpretation of Lean.Parser.Tactic.Grind.grind_filter.quot took 0.335ms
interpretation of Lean.Parser.Tactic.Grind.grind_filter_ took 0.328ms
interpretation of Lean.Parser.Tactic.Grind.grind_filterGen<_ took 0.341ms
interpretation of Lean.Parser.Tactic.Grind.grind_filterGen=_ took 0.337ms
interpretation of Lean.Parser.Tactic.Grind.grind_filterGen!=_ took 0.35ms
interpretation of Lean.Parser.Tactic.Grind.grind_filterGen≤_ took 0.339ms
interpretation of Lean.Parser.Tactic.Grind.grind_filterGen<=_ took 0.342ms
interpretation of Lean.Parser.Tactic.Grind.grind_filterGen>_ took 0.336ms
interpretation of Lean.Parser.Tactic.Grind.grind_filterGen≥_ took 0.37ms
interpretation of Lean.Parser.Tactic.Grind.grind_filterGen>=_ took 0.342ms
interpretation of Lean.Parser.Tactic.Grind.grind_filter(_) took 0.337ms
interpretation of Lean.Parser.Tactic.Grind.grind_filter_&&_ took 0.621ms
interpretation of Lean.Parser.Tactic.Grind.grind_filter_||_ took 0.626ms
interpretation of Lean.Parser.Tactic.Grind.grind_filter!_ took 0.637ms
interpretation of Lean.Parser.Tactic.Grind.grind.quot took 0.607ms
interpretation of Lean.Parser.Tactic.Grind.paren took 0.604ms
interpretation of Lean.Parser.Tactic.Grind.skip took 0.573ms
interpretation of Lean.Parser.Tactic.Grind.lia took 0.543ms
interpretation of Lean.Parser.Tactic.Grind.ring took 0.546ms
interpretation of Lean.Parser.Tactic.Grind.ac took 0.586ms
interpretation of Lean.Parser.Tactic.Grind.linarith took 0.629ms
interpretation of Lean.Parser.Tactic.Grind.sorry took 0.555ms
interpretation of Lean.Parser.Tactic.Grind.instantiate took 0.566ms
interpretation of Lean.Parser.Tactic.Grind.use took 0.668ms
interpretation of Lean.Parser.Tactic.Grind.showAsserted took 0.627ms
interpretation of Lean.Parser.Tactic.Grind.showTrue took 0.577ms
interpretation of Lean.Parser.Tactic.Grind.showFalse took 0.452ms
interpretation of Lean.Parser.Tactic.Grind.showEqcs took 0.543ms
interpretation of Lean.Parser.Tactic.Grind.showCases took 0.539ms
interpretation of Lean.Parser.Tactic.Grind.showState took 0.536ms
interpretation of Lean.Parser.Tactic.Grind.showLocalThms took 0.335ms
interpretation of Lean.Parser.Tactic.Grind.showTerm took 0.325ms
interpretation of Lean.Parser.Tactic.Grind.showGoals took 0.328ms
interpretation of Lean.Parser.Tactic.Grind.grind_ref.quot took 0.363ms
interpretation of Lean.Parser.Tactic.Grind.grind_ref_ took 0.364ms
interpretation of Lean.Parser.Tactic.Grind.grind_ref__/__ took 0.41ms
interpretation of Lean.Parser.Tactic.Grind.grind_ref__1 took 0.353ms
interpretation of Lean.Parser.Tactic.Grind.cases took 0.339ms
interpretation of Lean.Parser.Tactic.Grind.casesTrace took 0.329ms
interpretation of Lean.Parser.Tactic.Grind.casesNext took 0.33ms
interpretation of Lean.Parser.Tactic.Grind.done took 0.321ms
interpretation of Lean.Parser.Tactic.Grind.finish took 0.365ms
interpretation of Lean.Parser.Tactic.Grind.finishTrace took 0.343ms
interpretation of Lean.Parser.Tactic.Grind.have took 0.348ms
interpretation of Lean.Parser.Tactic.Grind.nestedTacticCore took 0.341ms
interpretation of Lean.Parser.Tactic.Grind.allGoals took 0.326ms
interpretation of Lean.Parser.Tactic.Grind.focus took 0.346ms
interpretation of Lean.Parser.Tactic.Grind.next took 0.331ms
interpretation of Lean.Parser.Tactic.Grind.grind·_ took 0.336ms
interpretation of Lean.Parser.Tactic.Grind.case took 0.321ms
interpretation of Lean.Parser.Tactic.Grind.anyGoals took 0.338ms
interpretation of Lean.Parser.Tactic.Grind.withAnnotateState took 0.693ms
interpretation of Lean.Parser.Tactic.Grind.grind_<;>_ took 0.593ms
interpretation of Lean.Parser.Tactic.Grind.first took 0.568ms
interpretation of Lean.Parser.Tactic.Grind.grindTry_ took 0.539ms
interpretation of Lean.Parser.Tactic.Grind.failIfSuccess took 0.51ms
interpretation of Lean.Parser.Tactic.Grind.grindAdmit took 0.515ms
interpretation of Lean.Parser.Tactic.Grind.fail took 0.372ms
interpretation of Lean.Parser.Tactic.Grind.grindRepeat_ took 0.342ms
interpretation of Lean.Parser.Tactic.Grind.renameI took 0.341ms
interpretation of Lean.Parser.Tactic.Grind.exposeNames took 0.416ms
interpretation of Lean.Parser.Tactic.Grind.setOption took 0.412ms
interpretation of Lean.Parser.Tactic.Grind.setConfig took 0.348ms
interpretation of Lean.Parser.Tactic.Grind.haveSilent took 0.337ms
interpretation of Lean.Parser.Tactic.Grind.mbtc took 0.324ms
interpretation of Lean.Parser.Tactic.Grind.symIntro took 0.358ms
interpretation of Lean.Parser.Tactic.Grind.symIntroLight took 0.351ms
interpretation of Lean.Parser.Tactic.Grind.symIntros took 0.407ms
interpretation of Lean.Parser.Tactic.Grind.symIntrosLight took 0.388ms
interpretation of Lean.Parser.Tactic.Grind.symApply took 0.452ms
interpretation of Lean.Parser.Tactic.Grind.symInternalize took 0.527ms
interpretation of Lean.Parser.Tactic.Grind.symInternalizeAll took 0.573ms
interpretation of Lean.Parser.Tactic.Grind.symByContra took 0.545ms
interpretation of Lean.Parser.Tactic.Grind.symSimp took 0.351ms
interpretation of Lean.Parser.Tactic.Grind.symDSimp took 0.331ms
interpretation of Lean.Parser.Tactic.Grind.symRw took 0.325ms
interpretation of Lean.Parser.Tactic.Grind.grindExact_ took 0.336ms
interpretation of Lean.Parser.Tactic.Grind.symCbv took 0.342ms
interpretation of Lean.Parser.Tactic.Grind.bvNormalize took 0.334ms
interpretation of Lean.Parser.Tactic.Grind.bvDecide took 0.328ms
interpretation of Lean.Parser.Tactic.Grind.bvTrace took 0.331ms
interpretation of Lean.Parser.Tactic.Grind.bvCheck took 0.44ms
interpretation of Lean.Parser.Tactic.grind took 0.36ms
interpretation of Lean.Parser.Tactic.grindTrace took 0.426ms
interpretation of Lean.Parser.Tactic.sym took 0.53ms
interpretation of Lean.Parser.Tactic.cutsat took 0.623ms
interpretation of Lean.Parser.Tactic.lia took 0.6ms
interpretation of Lean.Parser.Tactic.grind_order took 0.632ms
interpretation of Lean.Parser.Tactic.grind_linarith took 0.667ms
interpretation of Lean.Parser.Tactic.grobner took 0.629ms
interpretation of Int.term-[_+1] took 0.758ms
interpretation of term[_] took 0.538ms
interpretation of term%[_|_] took 0.548ms
interpretation of List.term_<+_ took 0.571ms
interpretation of List.term_<+:_ took 0.526ms
interpretation of List.term_<:+_ took 0.501ms
interpretation of List.term_<:+:_ took 0.54ms
interpretation of List.term_~_ took 0.518ms
interpretation of tacticSimp_wf took 0.514ms
interpretation of tacticClean_wf took 0.49ms
interpretation of tacticDecreasing_trivial took 0.586ms
interpretation of tacticDecreasing_trivial_pre_omega took 0.571ms
interpretation of tacticDecreasing_with_ took 0.533ms
interpretation of tacticDecreasing_tactic took 0.524ms
interpretation of term__[_] took 0.52ms
interpretation of term__[_]'_ took 0.546ms
interpretation of term__[_]_? took 0.517ms
interpretation of term__[_]_! took 0.578ms
interpretation of term#[_,] took 0.572ms
interpretation of Lean.termEval_prec_ took 0.534ms
interpretation of Lean.termEval_prio_ took 0.507ms
interpretation of Lean.Parser.Tactic.tacticErw___ took 0.558ms
interpretation of Lean.Parser.Tactic.declareSimpLikeTactic took 0.594ms
interpretation of Lean.Parser.Tactic.simpAutoUnfold took 0.555ms
interpretation of Lean.Parser.Tactic.simpArith took 0.537ms
interpretation of Lean.Parser.Tactic.simpArithBang took 0.626ms
interpretation of Lean.Parser.Tactic.simpAllAutoUnfold took 0.594ms
interpretation of Lean.Parser.Tactic.simpAllArith took 0.601ms
interpretation of Lean.Parser.Tactic.simpAllArithBang took 0.433ms
interpretation of Lean.Parser.Tactic.dsimpAutoUnfold took 0.363ms
interpretation of Lean.Parser.Tactic.tacticIterate____ took 0.596ms
interpretation of Lean.Parser.Tactic.tacticRw_mod_cast___ took 0.608ms
interpretation of Lean.Parser.Tactic.tacticExact_mod_cast_ took 0.588ms
interpretation of Lean.Parser.Tactic.tacticApply_mod_cast_ took 0.598ms
interpretation of tacticBy_cases_:_ took 0.553ms
interpretation of Lean.Parser.Tactic.rcasesPat.quot took 0.569ms
interpretation of Lean.Parser.Tactic.rcasesPat.one took 0.57ms
interpretation of Lean.Parser.Tactic.rcasesPat.ignore took 0.557ms
interpretation of Lean.Parser.Tactic.rcasesPat.clear took 0.558ms
interpretation of Lean.Parser.Tactic.rcasesPat.explicit took 0.587ms
interpretation of Lean.Parser.Tactic.rcasesPat.tuple took 0.501ms
interpretation of Lean.Parser.Tactic.rcasesPat.paren took 0.598ms
interpretation of Lean.Parser.Tactic.rintroPat.quot took 0.572ms
interpretation of Lean.Parser.Tactic.rintroPat.one took 0.564ms
interpretation of Lean.Parser.Tactic.rintroPat.binder took 0.569ms
interpretation of Lean.Parser.Tactic.rcases took 0.418ms
interpretation of Lean.Parser.Tactic.obtain took 0.552ms
interpretation of Lean.Parser.Tactic.rintro took 0.635ms
interpretation of Lean.Parser.Tactic.Conv.conv.quot took 0.587ms
interpretation of Lean.Parser.Tactic.Conv.withAnnotateState took 0.565ms
interpretation of Lean.Parser.Tactic.Conv.skip took 0.446ms
interpretation of Lean.Parser.Tactic.Conv.cbv took 0.359ms
interpretation of Lean.Parser.Tactic.Conv.lhs took 0.369ms
interpretation of Lean.Parser.Tactic.Conv.rhs took 0.362ms
interpretation of Lean.Parser.Tactic.Conv.fun took 0.387ms
interpretation of Lean.Parser.Tactic.Conv.whnf took 0.573ms
interpretation of Lean.Parser.Tactic.Conv.zeta took 0.515ms
interpretation of Lean.Parser.Tactic.Conv.reduce took 0.371ms
interpretation of Lean.Parser.Tactic.Conv.congr took 0.351ms
interpretation of Lean.Parser.Tactic.Conv.arg took 0.346ms
interpretation of Lean.Parser.Tactic.Conv.ext took 0.5ms
interpretation of Lean.Parser.Tactic.Conv.change took 0.358ms
interpretation of Lean.Parser.Tactic.Conv.delta took 0.355ms
interpretation of Lean.Parser.Tactic.Conv.unfold took 0.367ms
interpretation of Lean.Parser.Tactic.Conv.pattern took 0.358ms
interpretation of Lean.Parser.Tactic.Conv.rewrite took 0.36ms
interpretation of Lean.Parser.Tactic.Conv.simp took 0.348ms
interpretation of Lean.Parser.Tactic.Conv.simpTrace took 0.391ms
interpretation of Lean.Parser.Tactic.Conv.dsimp took 0.356ms
interpretation of Lean.Parser.Tactic.Conv.dsimpTrace took 0.359ms
interpretation of Lean.Parser.Tactic.Conv.simpMatch took 0.4ms
interpretation of Lean.Parser.Tactic.Conv.clear took 0.349ms
interpretation of Lean.Parser.Tactic.Conv.nestedTacticCore took 0.382ms
interpretation of Lean.Parser.Tactic.Conv.nestedTactic took 0.37ms
interpretation of Lean.Parser.Tactic.Conv.convTactic took 0.376ms
interpretation of Lean.Parser.Tactic.Conv.nestedConv took 0.37ms
interpretation of Lean.Parser.Tactic.Conv.paren took 0.345ms
interpretation of Lean.Parser.Tactic.Conv.convRfl took 0.374ms
interpretation of Lean.Parser.Tactic.Conv.convDone took 0.398ms
interpretation of Lean.Parser.Tactic.Conv.convTrace_state took 0.66ms
interpretation of Lean.Parser.Tactic.Conv.allGoals took 0.548ms
interpretation of Lean.Parser.Tactic.Conv.anyGoals took 0.598ms
interpretation of Lean.Parser.Tactic.Conv.case took 0.374ms
interpretation of Lean.Parser.Tactic.Conv.case' took 0.404ms
interpretation of Lean.Parser.Tactic.Conv.convNext__=>_ took 0.669ms
interpretation of Lean.Parser.Tactic.Conv.focus took 0.468ms
interpretation of Lean.Parser.Tactic.Conv.convConvSeq took 0.417ms
interpretation of Lean.Parser.Tactic.Conv.conv·_ took 0.366ms
interpretation of Lean.Parser.Tactic.Conv.failIfSuccess took 0.358ms
interpretation of Lean.Parser.Tactic.Conv.convRw__ took 0.432ms
interpretation of Lean.Parser.Tactic.Conv.convErw__ took 0.348ms
interpretation of Lean.Parser.Tactic.Conv.convArgs took 0.428ms
interpretation of Lean.Parser.Tactic.Conv.convLeft took 0.555ms
interpretation of Lean.Parser.Tactic.Conv.convRight took 0.447ms
interpretation of Lean.Parser.Tactic.Conv.convIntro___ took 0.356ms
interpretation of Lean.Parser.Tactic.Conv.enter took 0.337ms
interpretation of Lean.Parser.Tactic.Conv.convApply_ took 0.358ms
interpretation of Lean.Parser.Tactic.Conv.first took 0.335ms
interpretation of Lean.Parser.Tactic.Conv.convTry_ took 0.344ms
interpretation of Lean.Parser.Tactic.Conv.conv_<;>_ took 0.367ms
interpretation of Lean.Parser.Tactic.Conv.convRepeat_ took 0.347ms
interpretation of Lean.Parser.Tactic.Conv.extractLets took 0.343ms
interpretation of Lean.Parser.Tactic.Conv.liftLets took 0.34ms
interpretation of Lean.Parser.Tactic.Conv.letToHave took 0.345ms
interpretation of Lean.Parser.Tactic.Conv.conv took 0.332ms
interpretation of Lean.Parser.Tactic.Conv.normCast took 0.341ms
interpretation of Lean.command__Unif_hint____Where_|_-⊢__ took 0.398ms
interpretation of term∃_,_ took 0.33ms
interpretation of termExists_,_ took 0.337ms
interpretation of termΣ_,_ took 0.317ms
interpretation of termΣ'_,_ took 0.467ms
interpretation of term_×__1 took 0.354ms
interpretation of term_×'__1 took 0.37ms
interpretation of Lean.calc took 0.343ms
interpretation of Lean.calcTactic took 0.416ms
interpretation of Lean.convCalc_ took 0.509ms
interpretation of tacticFunext___ took 0.61ms
interpretation of Lean.Parser.Command.classAbbrev took 0.6ms
interpretation of Lean.cdot took 0.375ms
interpretation of Lean.solveTactic took 0.338ms
interpretation of Lean.term_Matches_| took 0.332ms
interpretation of term{_} took 0.344ms
interpretation of Lean.Parser.Attr.ext took 0.676ms
interpretation of Lean.Elab.Tactic.Ext.ext took 0.682ms
interpretation of Lean.Elab.Tactic.Ext.applyExtTheorem took 0.428ms
interpretation of Lean.Elab.Tactic.Ext.tacticExt1___ took 0.532ms
interpretation of Lean.binderPred.quot took 0.415ms
interpretation of Lean.termSatisfies_binder_pred%__ took 0.397ms
interpretation of Lean.term∃__,_ took 0.334ms
interpretation of Lean.term∀__,_ took 0.33ms
interpretation of Lean.binderPred>_ took 0.333ms
interpretation of Lean.binderPred≥_ took 0.338ms
interpretation of Lean.binderPred<_ took 0.322ms
interpretation of Lean.binderPred≤_ took 0.336ms
interpretation of Lean.binderPred≠_ took 0.357ms
interpretation of Lean.binderPred∈_ took 0.345ms
interpretation of Lean.binderPred∉_ took 0.335ms
interpretation of Lean.binderPred⊆_ took 0.351ms
interpretation of Lean.binderPred⊂_ took 0.342ms
interpretation of Lean.binderPred⊇_ took 0.324ms
interpretation of Lean.binderPred⊃_ took 0.349ms
interpretation of Bool.term_^^_ took 0.36ms
interpretation of List.tacticSizeOf_list_dec took 0.382ms
interpretation of BitVec.term__#__ took 0.333ms
interpretation of BitVec.term__#'__ took 0.355ms
interpretation of Std.term_...* took 0.367ms
interpretation of Std.term*...* took 0.332ms
interpretation of Std.term_<...* took 0.4ms
interpretation of Std.term_...<_ took 0.347ms
interpretation of Std.term_..._ took 0.446ms
interpretation of Std.term*...<_ took 0.571ms
interpretation of Std.term*..._ took 0.597ms
interpretation of Std.term_<...<_ took 0.402ms
interpretation of Std.term_<..._ took 0.349ms
interpretation of Std.term_...=_ took 0.336ms
interpretation of Std.term*...=_ took 0.386ms
interpretation of Std.term_<...=_ took 0.353ms
interpretation of Vector.term#v[_,] took 0.382ms
interpretation of Std.Legacy.Range.term[:_] took 0.369ms
interpretation of Std.Legacy.Range.term[_:_] took 0.355ms
interpretation of Std.Legacy.Range.term[:_:_] took 0.35ms
interpretation of Std.Legacy.Range.term[_:_:_] took 0.351ms
interpretation of Array.term__[_:_] took 0.387ms
interpretation of Array.term__[_:] took 0.338ms
interpretation of Array.term__[:_] took 0.327ms
interpretation of String.Internal.tacticOrder took 0.33ms
interpretation of Array.tacticArray_get_dec took 0.326ms
interpretation of Array.tacticArray_mem_dec took 0.332ms
interpretation of Array.term_~_ took 0.316ms
interpretation of commandDeclare_uint_theorems__ took 0.363ms
interpretation of commandDeclare_bitwise_uint_theorems__ took 0.361ms
interpretation of commandDeclare_int_theorems__ took 0.34ms
interpretation of commandDeclare_bitwise_int_theorems__ took 0.36ms
interpretation of termPrintln!__ took 0.322ms
interpretation of termS!_ took 0.304ms
interpretation of Std.termF!_ took 0.315ms
interpretation of Vector.term_~_ took 0.328ms
interpretation of Rat.term_/._ took 0.35ms
interpretation of Lean.Parser.command_Grind_propagator___(_):=_ took 0.403ms
interpretation of Lean.Parser.command_Builtin_grind_propagator____:=_ took 0.394ms
interpretation of Lean.Parser.grindPropagatorBuiltinAttr took 0.36ms
interpretation of DerivingHelpers.tacticDeriving_ReflEq_tactic took 0.51ms
interpretation of tacticDeriving_LawfulEq_tactic_step took 0.484ms
interpretation of tacticDeriving_LawfulEq_tactic took 0.404ms
interpretation of Lean.Parser.Command.grindAnnotated took 0.405ms
interpretation of Lean.Grind.grindLintCheck took 0.39ms
interpretation of Lean.Grind.grindLintInspect took 0.362ms
interpretation of Lean.Grind.grindLintMute took 0.394ms
interpretation of Lean.Grind.grindLintSkip took 0.382ms
interpretation of Lean.Parser.Tactic.guardExpr took 0.375ms
interpretation of Lean.Parser.Tactic.guardExprConv took 0.368ms
interpretation of Lean.Parser.Tactic.guardTarget took 0.352ms
interpretation of Lean.Parser.Tactic.guardTargetConv took 0.346ms
interpretation of Lean.Parser.Tactic.guardHyp took 0.344ms
interpretation of Lean.Parser.Tactic.guardHypConv took 0.38ms
interpretation of Lean.Parser.Command.guardExprCmd took 0.523ms
interpretation of Lean.Parser.Command.guardCmd took 0.634ms
interpretation of Lean.Parser.command__Simproc__[_]_(_):=_ took 0.681ms
interpretation of Lean.Parser.command__Dsimproc__[_]_(_):=_ took 0.46ms
interpretation of Lean.Parser.command_Simproc_decl_(_):=_ took 0.422ms
interpretation of Lean.Parser.command_Dsimproc_decl_(_):=_ took 0.385ms
interpretation of Lean.Parser.command__Builtin_simproc__[_]_(_):=_ took 0.412ms
interpretation of Lean.Parser.command__Builtin_dsimproc__[_]_(_):=_ took 0.421ms
interpretation of Lean.Parser.command_Builtin_simproc_decl_(_):=_ took 0.395ms
interpretation of Lean.Parser.command_Builtin_dsimproc_decl_(_):=_ took 0.393ms
interpretation of Lean.Parser.simprocPattern took 0.327ms
interpretation of Lean.Parser.simprocPatternBuiltin took 0.345ms
interpretation of Lean.Parser.Attr.simprocAttr took 0.333ms
interpretation of Lean.Parser.Attr.sevalprocAttr took 0.332ms
interpretation of Lean.Parser.Attr.simprocBuiltinAttr took 0.34ms
interpretation of Lean.Parser.Attr.sevalprocBuiltinAttr took 0.343ms
interpretation of Lean.Parser.command__Cbv_simproc____(_):=_ took 0.391ms
interpretation of Lean.Parser.command_Cbv_simproc_decl_(_):=_ took 0.384ms
interpretation of Lean.Parser.command__Builtin_cbv_simproc____(_):=_ took 0.402ms
interpretation of Lean.Parser.command_Builtin_cbv_simproc_decl_(_):=_ took 0.408ms
interpretation of Lean.Parser.cbvSimprocPattern took 0.347ms
interpretation of Lean.Parser.cbvSimprocPatternBuiltin took 0.35ms
interpretation of Lean.Parser.Attr.cbvSimprocAttr took 0.336ms
interpretation of Lean.Parser.Attr.cbvSimprocBuiltinAttr took 0.344ms
interpretation of Lean.termMacro.trace[_]_ took 0.367ms
interpretation of Lean.Parser.Sym.Simp.sym_simproc.quot took 0.689ms
interpretation of Lean.Parser.Sym.Simp.sym_discharger.quot took 0.71ms
interpretation of Lean.Parser.Sym.Simp.ground took 0.535ms
interpretation of Lean.Parser.Sym.Simp.telescope took 0.404ms
interpretation of Lean.Parser.Sym.Simp.control took 0.439ms
interpretation of Lean.Parser.Sym.Simp.arrowTelescope took 0.402ms
interpretation of Lean.Parser.Sym.Simp.rewriteSet took 0.377ms
interpretation of Lean.Parser.Sym.Simp.rewriteInline took 0.359ms
interpretation of Lean.Parser.Sym.Simp.self took 0.355ms
interpretation of Lean.Parser.Sym.Simp.none took 0.37ms
interpretation of Lean.Parser.Sym.Simp.andThen took 0.344ms
interpretation of Lean.Parser.Sym.Simp.orElse took 0.353ms
interpretation of Lean.Parser.Sym.Simp.simprocParen took 0.34ms
interpretation of Lean.Parser.Sym.Simp.dischSelf took 0.33ms
interpretation of Lean.Parser.Sym.Simp.dischNone took 0.342ms
interpretation of Lean.Parser.Sym.Simp.dischParen took 0.335ms
interpretation of Lean.Parser.Sym.Simp.dischGrind took 0.373ms
interpretation of Lean.Parser.Command.sym_simp_field.quot took 0.485ms
interpretation of Lean.Parser.Command.symSimpFieldPre took 0.394ms
interpretation of Lean.Parser.Command.symSimpFieldPost took 0.353ms
interpretation of Lean.Parser.Command.symSimpFieldMaxSteps took 0.358ms
interpretation of Lean.Parser.Command.symSimpFieldMaxDischargeDepth took 0.405ms
interpretation of Lean.Parser.Command.registerSymSimp took 0.374ms
interpretation of Lean.Parser.Sym.DSimp.sym_dsimproc.quot took 0.378ms
interpretation of Lean.Parser.Sym.DSimp.none took 0.35ms
interpretation of Lean.Parser.Sym.DSimp.ground took 0.365ms
interpretation of Lean.Parser.Sym.DSimp.beta took 0.346ms
interpretation of Lean.Parser.Sym.DSimp.zeta took 0.335ms
interpretation of Lean.Parser.Sym.DSimp.zetaDelta took 0.344ms
interpretation of Lean.Parser.Sym.DSimp.proj took 0.333ms
interpretation of Lean.Parser.Sym.DSimp.reduceMatch took 0.347ms
interpretation of Lean.Parser.Sym.DSimp.andThen took 0.393ms
interpretation of Lean.Parser.Sym.DSimp.orElse took 0.343ms
interpretation of Lean.Parser.Sym.DSimp.dsimprocParen took 0.353ms
interpretation of Lean.Parser.Command.sym_dsimp_field.quot took 0.396ms
interpretation of Lean.Parser.Command.symDSimpFieldPre took 0.435ms
interpretation of Lean.Parser.Command.symDSimpFieldPost took 0.494ms
interpretation of Lean.Parser.Command.symDSimpFieldMaxSteps took 0.598ms
interpretation of Lean.Parser.Command.registerSymDSimp took 0.571ms
interpretation of Lean.Order.term_⊑_ took 0.441ms
interpretation of Lean.Order.term⊥ took 0.517ms
interpretation of Lean.Order.monotonicity took 0.44ms
interpretation of Lean.Parser.Tactic.tryTrace took 0.391ms
interpretation of Lean.Parser.Tactic.tryTraceWith took 0.381ms
interpretation of Lean.Parser.Tactic.attemptAll took 0.391ms
interpretation of Lean.Parser.Tactic.attemptAllPar took 0.361ms
interpretation of Lean.Parser.Tactic.firstPar took 0.422ms
interpretation of Lean.Parser.Tactic.tryResult took 0.385ms
interpretation of Lean.Parser.Command.registerTryTactic took 0.379ms
interpretation of tactic∎ took 0.394ms
interpretation of term∎ took 0.578ms
interpretation of Std.DHashMap.Raw.term_~m_ took 0.69ms
interpretation of Std.DHashMap.term_~m_ took 0.659ms
interpretation of Std.HashMap.term_~m_ took 0.409ms
interpretation of Std.HashSet.term_~m_ took 0.336ms
interpretation of Std.DTreeMap.Internal.Impl.tacticTree_tac took 0.362ms
interpretation of Std.DTreeMap.Internal.Impl.term✓ took 0.356ms
interpretation of Std.DTreeMap.Internal.Impl.term_~m_ took 0.358ms
interpretation of Std.DTreeMap.term_~m_ took 0.345ms
interpretation of Std.TreeMap.term_~m_ took 0.343ms
interpretation of Std.TreeSet.term_~m_ took 0.341ms
interpretation of Std.HashMap.Raw.term_~m_ took 0.338ms
interpretation of Lean.Option.registerBuiltinOption took 0.365ms
interpretation of Lean.Option.registerOption took 0.375ms
interpretation of Std.DTreeMap.Raw.term_~m_ took 0.367ms
interpretation of Std.TreeMap.Raw.term_~m_ took 0.388ms
interpretation of Lean.termM!_ took 0.331ms
interpretation of Lean.termThrowError__ took 0.333ms
interpretation of Lean.termThrowErrorAt____ took 0.474ms
interpretation of Lean.doElemTrace[_]__ took 0.359ms
interpretation of Lean.PrettyPrinter.Delaborator.attrApp_delab_ took 0.45ms
interpretation of Lean.termRegister_parser_alias(Kind:=_)______ took 0.422ms
interpretation of Lean.Doc.Syntax.arg_val.quot took 0.371ms
interpretation of Lean.Doc.Syntax.arg_str took 0.341ms
interpretation of Lean.Doc.Syntax.arg_ident took 0.338ms
interpretation of Lean.Doc.Syntax.arg_num took 0.383ms
interpretation of Lean.Doc.Syntax.doc_arg.quot took 0.339ms
interpretation of Lean.Doc.Syntax.anon took 0.345ms
interpretation of Lean.Doc.Syntax.named took 0.33ms
interpretation of Lean.Doc.Syntax.named_no_paren took 0.345ms
interpretation of Lean.Doc.Syntax.flag_on took 0.357ms
interpretation of Lean.Doc.Syntax.flag_off took 0.367ms
interpretation of Lean.Doc.Syntax.link_target.quot took 0.35ms
interpretation of Lean.Doc.Syntax.url took 0.327ms
interpretation of Lean.Doc.Syntax.ref took 0.347ms
interpretation of Lean.Doc.Syntax.inline.quot took 0.343ms
interpretation of Lean.Doc.Syntax.text took 0.324ms
interpretation of Lean.Doc.Syntax.emph took 0.324ms
interpretation of Lean.Doc.Syntax.bold took 0.335ms
interpretation of Lean.Doc.Syntax.link took 0.323ms
interpretation of Lean.Doc.Syntax.image took 0.33ms
interpretation of Lean.Doc.Syntax.footnote took 0.331ms
interpretation of Lean.Doc.Syntax.linebreak took 0.33ms
interpretation of Lean.Doc.Syntax.code took 0.333ms
interpretation of Lean.Doc.Syntax.role took 0.321ms
interpretation of Lean.Doc.Syntax.inline_math took 0.334ms
interpretation of Lean.Doc.Syntax.display_math took 0.337ms
interpretation of Lean.Doc.Syntax.block.quot took 0.332ms
interpretation of Lean.Doc.Syntax.list_item.quot took 0.349ms
interpretation of Lean.Doc.Syntax.li took 0.322ms
interpretation of Lean.Doc.Syntax.desc_item.quot took 0.34ms
interpretation of Lean.Doc.Syntax.desc took 0.323ms
interpretation of Lean.Doc.Syntax.para took 0.331ms
interpretation of Lean.Doc.Syntax.ul took 0.441ms
interpretation of Lean.Doc.Syntax.dl took 0.516ms
interpretation of Lean.Doc.Syntax.ol took 0.507ms
interpretation of Lean.Doc.Syntax.codeblock took 0.504ms
interpretation of Lean.Doc.Syntax.blockquote took 0.606ms
interpretation of Lean.Doc.Syntax.link_ref took 0.468ms
interpretation of Lean.Doc.Syntax.footnote_ref took 0.389ms
interpretation of Lean.Doc.Syntax.directive took 0.349ms
interpretation of Lean.Doc.Syntax.header took 0.344ms
interpretation of Lean.Doc.Syntax.metadata_block took 0.346ms
interpretation of Lean.Doc.Syntax.metadataContents took 0.345ms
interpretation of Lean.Doc.Syntax.command took 0.401ms
interpretation of Lean.Parser.Term.InternalSyntax.doSkip took 0.386ms
interpretation of Lean.Parser.Command.InternalSyntax.end_local_scope took 0.388ms
interpretation of Lean.Json.json.quot took 0.484ms
interpretation of Lean.Json.jsonNull took 0.326ms
interpretation of Lean.Json.jsonTrue took 0.329ms
interpretation of Lean.Json.jsonFalse took 0.323ms
interpretation of Lean.Json.json_ took 0.381ms
interpretation of Lean.Json.json-_ took 0.328ms
interpretation of Lean.Json.json-__1 took 0.34ms
interpretation of Lean.Json.json[_] took 0.334ms
interpretation of Lean.Json.json{_} took 0.331ms
interpretation of Lean.Json.termJson%_ took 0.334ms
interpretation of Lean.Linter.command_Register_linter_set_:=_ took 0.395ms
interpretation of adaptationNoteCmd took 9.15ms
interpretation of tactic#adaptation_note_ took 4.2ms
interpretation of adaptationNoteTermStx took 5.24ms
interpretation of lemma took 17.2ms
interpretation of Mathlib.Linter.HaveILetI.tacticHaveI__ took 10.5ms
interpretation of Mathlib.Linter.HaveILetI.tacticLetI__ took 5.65ms
interpretation of Lean.commandDeclare_uint_simprocs_ took 0.413ms
interpretation of Lean.commandDeclare_sint_simprocs_ took 0.463ms
interpretation of Lean.Parser.Command.registerSimpAttr took 0.665ms
interpretation of Batteries.Tactic.Lint.env_linter took 7.6ms
interpretation of Batteries.Tactic.Lint.nolint took 8.52ms
interpretation of Mathlib.Linter.UnusedTactic.command#allow_unused_tactic!___ took 26.1ms
interpretation of Mathlib.Linter.UnusedTactic.command#show_kind_ took 7.95ms
interpretation of Batteries.Tactic.unreachable took 4.53ms
interpretation of Batteries.Tactic.unreachableConv took 2.29ms
interpretation of Mathlib.Linter.Style.show took 8.03ms
interpretation of Mathlib.Command.MinImports.minImpsStx took 10.7ms
interpretation of Mathlib.Command.MinImports.command#min_importsIn_ took 5.93ms
interpretation of Mathlib.Tactic.ExtractGoal.extractGoal took 31.7ms
interpretation of Mathlib.GuardExceptions.parseCmd took 14.6ms
interpretation of Lean.Elab.Term.termSort* took 5.19ms
interpretation of Lean.Elab.Term.termType* took 3.57ms
interpretation of Batteries.Util.LibraryNote.commandLibrary_note___ took 15ms
interpretation of Batteries.Tactic.command#help_Option___ took 28.1ms
interpretation of Lean.Parser.rawIdent took 0.563ms
interpretation of Batteries.Tactic.command#help_AttrAttribute___ took 13.8ms
interpretation of Lean.Parser.rawIdent took 0.0042ms
interpretation of Batteries.Tactic.command#help_Cats___ took 6.48ms
interpretation of Lean.Parser.rawIdent took 0.0065ms
interpretation of Batteries.Tactic.command#help_Cat+______ took 18.9ms
interpretation of Lean.Parser.rawIdent took 0.0059ms
interpretation of Batteries.Tactic.command#help_Note___ took 14.1ms
interpretation of Lean.Parser.strLit took 0.589ms
interpretation of Batteries.Tactic.command#help_Term+____ took 7.25ms
interpretation of Lean.Parser.rawIdent took 0.0038ms
interpretation of Batteries.Tactic.command#help_Tactic+____ took 8.42ms
interpretation of Lean.Parser.rawIdent took 0.0042ms
interpretation of Batteries.Tactic.command#help_Conv+____ took 6.43ms
interpretation of Lean.Parser.rawIdent took 0.0038ms
interpretation of Batteries.Tactic.command#help_Command+____ took 10.5ms
interpretation of Lean.Parser.rawIdent took 0.0068ms
interpretation of wantedRef took 8.76ms
interpretation of theorem_wanted took 19.2ms
interpretation of proof_wanted took 8.02ms
interpretation of def_wanted took 9.13ms
interpretation of instance_wanted took 8.97ms
interpretation of command#find_home!_ took 11.7ms
interpretation of command#import_diff_ took 11.4ms
interpretation of command#min_imports took 3.63ms
interpretation of command#minimize_imports took 3.49ms
interpretation of command#redundant_imports took 3.52ms
interpretation of Lean.Elab.Command.openPrivate took 25ms
interpretation of Lean.Elab.Command.exportPrivate took 8.32ms
interpretation of Batteries.Tactic.Lint.command#lint+-*Only___ took 32.9ms
interpretation of Batteries.Tactic.Lint.command#list_linters took 3.92ms
interpretation of Qq.termQl(_) took 8.43ms
interpretation of Qq.term_=QL_ took 5.58ms
interpretation of Qq.termQ(__) took 9.04ms
interpretation of Lean.Parser.Term.optType took 0.818ms
interpretation of Qq.termQ(__)_1 took 4.73ms
interpretation of Lean.Parser.Term.optType took 0.0051ms
interpretation of Qq.term_=Q_ took 4.01ms
interpretation of Qq.Impl.term_qq_match_←_|_In_ took 14ms
interpretation of Qq.Impl.term_qq_match_:=_|_ took 8.46ms
interpretation of Lean.Parser.Term.doSeqIndent took 0.335ms
interpretation of Qq.Impl.term_comefrom_Do_In_ took 9.9ms
interpretation of Lean.Parser.Term.ident took 0.365ms
interpretation of Qq.Impl.term_comefrom_Do_ took 2.04ms
interpretation of Lean.Parser.Term.ident took 0.0025ms
interpretation of Qq.Impl.doElemComefrom_Do_ took 4.35ms
interpretation of Lean.Parser.Term.ident took 0.0021ms
interpretation of Qq.matcher took 4.4ms
interpretation of Qq.termAssumeInstancesCommute'_ took 6.38ms
interpretation of Qq.Impl.termAssertInstancesCommuteImpl_ took 4.1ms
interpretation of Qq.Impl.termAssertInstancesCommuteDummy took 3.02ms
interpretation of Qq.Impl.termAssumeInstancesCommuteDummy took 2.97ms
interpretation of Qq.doElemAssertInstancesCommute took 3.19ms
interpretation of Qq.doElemAssumeInstancesCommute took 3.22ms
interpretation of Qq.termBy_elabq_ took 6.7ms
interpretation of Qq.tacticRun_tacq_=>_ took 12.9ms
interpretation of theorem_wanted.formatter took 1.26ms
interpretation of proof_wanted.formatter took 0.953ms
interpretation of def_wanted.formatter took 0.69ms
interpretation of instance_wanted.formatter took 0.558ms
interpretation of theorem_wanted.parenthesizer took 0.491ms
interpretation of proof_wanted.parenthesizer took 0.467ms
interpretation of def_wanted.parenthesizer took 0.467ms
interpretation of instance_wanted.parenthesizer took 0.487ms
interpretation of Qq.Impl.delabQ took 0.674ms
interpretation of Qq.Impl.delabq took 0.761ms
interpretation of Qq.Impl.delabQuotedDefEq took 0.715ms
interpretation of Qq.Impl.delabQuotedLevelDefEq took 0.474ms
interpretation of _aux_Init_Notation___unexpand_Function_comp_1 took 0.152ms
interpretation of _aux_Init_Notation___unexpand_Prod_1 took 0.0918ms
interpretation of _aux_Init_Notation___unexpand_PProd_1 took 0.0695ms
interpretation of _aux_Init_Notation___unexpand_Dvd_dvd_1 took 0.0769ms
interpretation of _aux_Init_Notation___unexpand_HOr_hOr_1 took 0.0698ms
interpretation of _aux_Init_Notation___unexpand_HXor_hXor_1 took 0.0716ms
interpretation of _aux_Init_Notation___unexpand_HAnd_hAnd_1 took 0.0816ms
interpretation of _aux_Init_Notation___unexpand_HAdd_hAdd_1 took 0.0683ms
interpretation of _aux_Init_Notation___unexpand_HSub_hSub_1 took 0.069ms
interpretation of _aux_Init_Notation___unexpand_HMul_hMul_1 took 0.0715ms
interpretation of _aux_Init_Notation___unexpand_HDiv_hDiv_1 took 0.0706ms
interpretation of _aux_Init_Notation___unexpand_HMod_hMod_1 took 0.0982ms
interpretation of _aux_Init_Notation___unexpand_HShiftLeft_hShiftLeft_1 took 0.0731ms
interpretation of _aux_Init_Notation___unexpand_HShiftRight_hShiftRight_1 took 0.0875ms
interpretation of _aux_Init_Notation___unexpand_HPow_hPow_1 took 0.0687ms
interpretation of _aux_Init_Notation___unexpand_HAppend_hAppend_1 took 0.0708ms
interpretation of _aux_Init_Notation___unexpand_Neg_neg_1 took 0.102ms
interpretation of _aux_Init_Notation___unexpand_Complement_complement_1 took 0.0994ms
interpretation of _aux_Init_Notation___unexpand_Inv_inv_1 took 0.106ms
interpretation of _aux_Init_Notation___unexpand_HSMul_hSMul_1 took 0.0729ms
interpretation of _aux_Init_Notation___unexpand_GE_ge_1 took 0.071ms
interpretation of _aux_Init_Notation___unexpand_LE_le_1 took 0.0693ms
interpretation of _aux_Init_Notation___unexpand_LE_le_2 took 0.0695ms
interpretation of _aux_Init_Notation___unexpand_LT_lt_1 took 0.0689ms
interpretation of _aux_Init_Notation___unexpand_GE_ge_2 took 0.069ms
interpretation of _aux_Init_Notation___unexpand_GT_gt_1 took 0.0875ms
interpretation of _aux_Init_Notation___unexpand_Eq_1 took 0.0695ms
interpretation of _aux_Init_Notation___unexpand_BEq_beq_1 took 0.0688ms
interpretation of _aux_Init_Notation___unexpand_HEq_1 took 0.0685ms
interpretation of _aux_Init_Notation___unexpand_And_1 took 0.0701ms
interpretation of _aux_Init_Notation___unexpand_Or_1 took 0.0963ms
interpretation of _aux_Init_Notation___unexpand_Not_1 took 0.0923ms
interpretation of _aux_Init_Notation___unexpand_Bool_and_1 took 0.0716ms
interpretation of _aux_Init_Notation___unexpand_Bool_or_1 took 0.0684ms
interpretation of _aux_Init_Notation___unexpand_Bool_not_1 took 0.068ms
interpretation of _aux_Init_Notation___unexpand_Membership_mem_1 took 0.0718ms
interpretation of _aux_Init_Notation___unexpand_List_cons_1 took 0.0709ms
interpretation of _aux_Init_Notation___unexpand_Functor_map_1 took 0.0697ms
interpretation of _aux_Init_Notation___unexpand_Bind_bind_1 took 0.0693ms
interpretation of _aux_Init_Core___unexpand_Iff_1 took 0.0789ms
interpretation of _aux_Init_Core___unexpand_Iff_2 took 0.0737ms
interpretation of _aux_Init_Core___unexpand_Sum_1 took 0.0665ms
interpretation of _aux_Init_Core___unexpand_PSum_1 took 0.0673ms
interpretation of _aux_Init_Core___unexpand_HasEquiv_Equiv_1 took 0.0846ms
interpretation of _aux_Init_Core___unexpand_HasSubset_Subset_1 took 0.0962ms
interpretation of _aux_Init_Core___unexpand_HasSSubset_SSubset_1 took 0.083ms
interpretation of _aux_Init_Core___unexpand_Superset_1 took 0.0983ms
interpretation of _aux_Init_Core___unexpand_SSuperset_1 took 0.0689ms
interpretation of _aux_Init_Core___unexpand_Union_union_1 took 0.0804ms
interpretation of _aux_Init_Core___unexpand_Inter_inter_1 took 0.069ms
interpretation of _aux_Init_Core___unexpand_SDiff_sdiff_1 took 0.0682ms
interpretation of _aux_Init_Core___unexpand_EmptyCollection_emptyCollection_1 took 0.0881ms
interpretation of _aux_Init_Core___unexpand_EmptyCollection_emptyCollection_2 took 0.0729ms
interpretation of _aux_Init_Core___unexpand_bne_1 took 0.067ms
interpretation of _aux_Init_Core___unexpand_Ne_1 took 0.0669ms
interpretation of _aux_Init_Control_Basic___unexpand_Functor_mapRev_1 took 0.0735ms
interpretation of _aux_Init_Control_Basic___unexpand_orM_1 took 0.0687ms
interpretation of _aux_Init_Control_Basic___unexpand_andM_1 took 0.0692ms
interpretation of _aux_Init_Control_Basic___unexpand_Bind_kleisliRight_1 took 0.0723ms
interpretation of _aux_Init_Control_Basic___unexpand_Bind_kleisliLeft_1 took 0.0719ms
interpretation of _aux_Init_Control_Basic___unexpand_Bind_bindLeft_1 took 0.0736ms
interpretation of Int._aux_Init_Data_Int_Basic___unexpand_Int_negSucc_1 took 0.0775ms
interpretation of List._aux_Init_Data_List_Basic___unexpand_List_Sublist_1 took 0.0835ms
interpretation of List._aux_Init_Data_List_Basic___unexpand_List_IsPrefix_1 took 0.0739ms
interpretation of List._aux_Init_Data_List_Basic___unexpand_List_IsSuffix_1 took 0.074ms
interpretation of List._aux_Init_Data_List_Basic___unexpand_List_IsInfix_1 took 0.0875ms
interpretation of List._aux_Init_Data_List_Basic___unexpand_List_Perm_1 took 0.0724ms
interpretation of unexpandUnit took 0.0657ms
interpretation of unexpandListNil took 0.0645ms
interpretation of unexpandListCons took 0.0635ms
interpretation of unexpandListToArray took 0.0634ms
interpretation of unexpandProdMk took 0.0618ms
interpretation of unexpandIte took 0.0632ms
interpretation of unexpandEqNDRec took 0.0634ms
interpretation of unexpandEqRec took 0.0618ms
interpretation of unexpandExists took 0.0626ms
interpretation of unexpandSigma took 0.0686ms
interpretation of unexpandPSigma took 0.0624ms
interpretation of unexpandSubtype took 0.062ms
interpretation of unexpandTSyntax took 0.0629ms
interpretation of unexpandTSyntaxArray took 0.0637ms
interpretation of unexpandTSepArray took 0.0623ms
interpretation of unexpandGetElem took 0.0629ms
interpretation of unexpandGetElem! took 0.0633ms
interpretation of unexpandGetElem? took 0.0764ms
interpretation of unexpandArrayEmpty took 0.0634ms
interpretation of unexpandMkArray0 took 0.0861ms
interpretation of unexpandMkArray1 took 0.0939ms
interpretation of unexpandMkArray2 took 0.0793ms
interpretation of unexpandMkArray3 took 0.101ms
interpretation of unexpandMkArray4 took 0.0799ms
interpretation of unexpandMkArray5 took 0.083ms
interpretation of unexpandMkArray6 took 0.0621ms
interpretation of unexpandMkArray7 took 0.0626ms
interpretation of unexpandMkArray8 took 0.0624ms
interpretation of Lean.singletonUnexpander took 0.0721ms
interpretation of Lean.insertUnexpander took 0.0692ms
interpretation of Bool._aux_Init_Data_Bool___unexpand_Bool_xor_1 took 0.0847ms
interpretation of BitVec.unexpandBitVecOfNat took 0.398ms
interpretation of BitVec.unexpandBitVecOfNatLt took 0.0719ms
interpretation of Vector.unexpandMk took 0.0679ms
interpretation of Lean.Grind.toIntUnexpander took 0.0687ms
interpretation of Array._aux_Init_Data_Array_Perm___unexpand_Array_Perm_1 took 0.0856ms
interpretation of Vector._aux_Init_Data_Vector_Perm___unexpand_Vector_Perm_1 took 0.0783ms
interpretation of Rat._aux_Init_Data_Rat_Basic___unexpand_Rat_divInt_1 took 0.085ms
interpretation of Lean.Grind.nestedProofUnexpander took 0.105ms
interpretation of Lean.Grind.matchCondUnexpander took 0.0685ms
interpretation of Lean.Grind.eqMatchUnexpander took 0.0882ms
interpretation of Lean.Grind.offsetUnexpander took 0.0676ms
interpretation of Lean.Grind.natCastUnexpander took 0.126ms
interpretation of Lean.Grind.markerUnexpander took 0.134ms
interpretation of Lean.Grind.nodeDefUnexpander took 0.0804ms
interpretation of Lean.Grind.NodeDefUnexpander took 0.0668ms
interpretation of Lean.Grind.CommRing.OfCommSemiring.toQUnexpander took 0.0732ms
interpretation of Lean.Grind.leftInvUnexpander took 0.0654ms
interpretation of Lean.Order._aux_Init_Internal_Order_Basic___unexpand_Lean_Order_PartialOrder_rel_1 took 0.0864ms
interpretation of Lean.Order._aux_Init_Internal_Order_Basic___unexpand_Lean_Order_bot_1 took 0.0777ms
interpretation of Lean.Try.markerUnexpander took 0.137ms
interpretation of Std.DHashMap.Raw._aux_Std_Data_DHashMap_Raw___unexpand_Std_DHashMap_Raw_Equiv_1 took 0.125ms
interpretation of Std.DHashMap._aux_Std_Data_DHashMap_Basic___unexpand_Std_DHashMap_Equiv_1 took 0.123ms
interpretation of Std.HashMap._aux_Std_Data_HashMap_Basic___unexpand_Std_HashMap_Equiv_1 took 0.117ms
interpretation of Std.HashSet._aux_Std_Data_HashSet_Basic___unexpand_Std_HashSet_Equiv_1 took 0.123ms
interpretation of Std.DTreeMap.Internal.Impl._aux_Std_Data_DTreeMap_Internal_Queries___unexpand_Std_DTreeMap_Internal_Impl_Equiv_1 took 0.119ms
interpretation of Std.DTreeMap._aux_Std_Data_DTreeMap_Basic___unexpand_Std_DTreeMap_Equiv_1 took 0.129ms
interpretation of Std.TreeMap._aux_Std_Data_TreeMap_Basic___unexpand_Std_TreeMap_Equiv_1 took 0.139ms
interpretation of Std.TreeSet._aux_Std_Data_TreeSet_Basic___unexpand_Std_TreeSet_Equiv_1 took 0.129ms
interpretation of Std.HashMap.Raw._aux_Std_Data_HashMap_Raw___unexpand_Std_HashMap_Raw_Equiv_1 took 0.12ms
interpretation of Std.DTreeMap.Raw._aux_Std_Data_DTreeMap_Raw_Basic___unexpand_Std_DTreeMap_Raw_Equiv_1 took 0.137ms
interpretation of Std.TreeMap.Raw._aux_Std_Data_TreeMap_Raw_Basic___unexpand_Std_TreeMap_Raw_Equiv_1 took 0.14ms
interpretation of Qq._aux_Qq_Macro___unexpand_Qq_QuotedDefEq_1 took 0.751ms
interpretation of _aux_Init_Notation___macroRules_precMax_1 took 0.229ms
interpretation of _aux_Init_Notation___macroRules_precArg_1 took 0.107ms
interpretation of _aux_Init_Notation___macroRules_precLead_1 took 0.0911ms
interpretation of _aux_Init_Notation___macroRules_prec(_)_1 took 0.0989ms
interpretation of _aux_Init_Notation___macroRules_precMin_1 took 0.0779ms
interpretation of _aux_Init_Notation___macroRules_precMin1_1 took 0.0715ms
interpretation of _aux_Init_Notation___macroRules_termMax_prec_1 took 0.0749ms
interpretation of _aux_Init_Notation___macroRules_prioDefault_1 took 0.0805ms
interpretation of _aux_Init_Notation___macroRules_prioLow_1 took 0.0776ms
interpretation of _aux_Init_Notation___macroRules_prioMid_1 took 0.071ms
interpretation of _aux_Init_Notation___macroRules_prioHigh_1 took 0.0702ms
interpretation of _aux_Init_Notation___macroRules_prio(_)_1 took 0.0754ms
interpretation of _aux_Init_Notation___macroRules_stx_+_1 took 0.0702ms
interpretation of _aux_Init_Notation___macroRules_stx_*_1 took 0.0704ms
interpretation of _aux_Init_Notation___macroRules_stx_?_1 took 0.0711ms
interpretation of _aux_Init_Notation___macroRules_stx_<|>__1 took 0.0744ms
interpretation of _aux_Init_Notation___macroRules_stx_,*_1 took 0.0713ms
interpretation of _aux_Init_Notation___macroRules_stx_,+_1 took 0.0707ms
interpretation of _aux_Init_Notation___macroRules_stx_,*,?_1 took 0.0736ms
interpretation of _aux_Init_Notation___macroRules_stx_,+,?_1 took 0.0733ms
interpretation of _aux_Init_Notation___macroRules_stx!__1 took 0.0867ms
interpretation of _aux_Init_Notation___macroRules_term_∘__1 took 0.0798ms
interpretation of _aux_Init_Notation___macroRules_term_×__1 took 0.0727ms
interpretation of _aux_Init_Notation___macroRules_term_×'__1 took 0.0734ms
interpretation of _aux_Init_Notation___macroRules_term_∣__1 took 0.0704ms
interpretation of _aux_Init_Notation___macroRules_term_|||__1 took 0.0711ms
interpretation of _aux_Init_Notation___macroRules_term_^^^__1 took 0.0842ms
interpretation of _aux_Init_Notation___macroRules_term_&&&__1 took 0.0754ms
interpretation of _aux_Init_Notation___macroRules_term_+__1 took 0.0725ms
interpretation of _aux_Init_Notation___macroRules_term_-__1 took 0.0723ms
interpretation of _aux_Init_Notation___macroRules_term_*__1 took 0.0709ms
interpretation of _aux_Init_Notation___macroRules_term_/__1 took 0.073ms
interpretation of _aux_Init_Notation___macroRules_term_%__1 took 0.0746ms
interpretation of _aux_Init_Notation___macroRules_term_<<<__1 took 0.0736ms
interpretation of _aux_Init_Notation___macroRules_term_>>>__1 took 0.0721ms
interpretation of _aux_Init_Notation___macroRules_term_^__1 took 0.0714ms
interpretation of _aux_Init_Notation___macroRules_term_++__1 took 0.073ms
interpretation of _aux_Init_Notation___macroRules_term-__1 took 0.106ms
interpretation of _aux_Init_Notation___macroRules_term~~~__1 took 0.073ms
interpretation of _aux_Init_Notation___macroRules_term_⁻¹_1 took 0.0714ms
interpretation of _aux_Init_Notation___macroRules_term_•__1 took 0.0717ms
interpretation of _aux_Init_Notation___macroRules_term_|||__2 took 0.0712ms
interpretation of _aux_Init_Notation___macroRules_term_^^^__2 took 0.0713ms
interpretation of _aux_Init_Notation___macroRules_term_&&&__2 took 0.0834ms
interpretation of _aux_Init_Notation___macroRules_term_+__2 took 0.0705ms
interpretation of _aux_Init_Notation___macroRules_term_-__2 took 0.0781ms
interpretation of _aux_Init_Notation___macroRules_term_*__2 took 0.0704ms
interpretation of _aux_Init_Notation___macroRules_term_/__2 took 0.0706ms
interpretation of _aux_Init_Notation___macroRules_term_%__2 took 0.0695ms
interpretation of _aux_Init_Notation___macroRules_term_^__2 took 0.0696ms
interpretation of _aux_Init_Notation___macroRules_term_++__2 took 0.0715ms
interpretation of _aux_Init_Notation___macroRules_term-__2 took 0.0708ms
interpretation of _aux_Init_Notation___macroRules_term_•__2 took 0.0851ms
interpretation of _aux_Init_Notation___macroRules_term_>=__1 took 0.173ms
interpretation of _aux_Init_Notation___macroRules_term_<=__1 took 0.12ms
interpretation of _aux_Init_Notation___macroRules_term_>=__2 took 0.121ms
interpretation of _aux_Init_Notation___macroRules_term_<=__2 took 0.121ms
interpretation of _aux_Init_Notation___macroRules_term_≤__1 took 0.123ms
interpretation of _aux_Init_Notation___macroRules_term_<__1 took 0.114ms
interpretation of _aux_Init_Notation___macroRules_term_≥__1 took 0.115ms
interpretation of _aux_Init_Notation___macroRules_term_>__1 took 0.118ms
interpretation of _aux_Init_Notation___macroRules_term_=__1 took 0.114ms
interpretation of _aux_Init_Notation___macroRules_term_==__1 took 0.115ms
interpretation of _aux_Init_Notation___macroRules_term_≍__1 took 0.144ms
interpretation of _aux_Init_Notation___macroRules_term_≤__2 took 0.116ms
interpretation of _aux_Init_Notation___macroRules_term_<__2 took 0.109ms
interpretation of _aux_Init_Notation___macroRules_term_>__2 took 0.116ms
interpretation of _aux_Init_Notation___macroRules_term_≥__2 took 0.361ms
interpretation of _aux_Init_Notation___macroRules_term_=__2 took 0.123ms
interpretation of _aux_Init_Notation___macroRules_term_==__2 took 0.155ms
interpretation of _aux_Init_Notation___macroRules_term_∧__1 took 0.127ms
interpretation of _aux_Init_Notation___macroRules_term_∨__1 took 0.107ms
interpretation of _aux_Init_Notation___macroRules_term¬__1 took 0.103ms
interpretation of _aux_Init_Notation___macroRules_term_&&__1 took 0.0991ms
interpretation of _aux_Init_Notation___macroRules_term_||__1 took 0.0975ms
interpretation of _aux_Init_Notation___macroRules_term!__1 took 0.1ms
interpretation of _aux_Init_Notation___macroRules_term_∈__1 took 0.101ms
interpretation of _aux_Init_Notation___macroRules_term_∉__1 took 0.103ms
interpretation of _aux_Init_Notation___macroRules_term_::__1 took 0.101ms
interpretation of _aux_Init_Notation___macroRules_term_<$>__1 took 0.0975ms
interpretation of _aux_Init_Notation___macroRules_term_>>=__1 took 0.0982ms
interpretation of _aux_Init_Notation___macroRules_term_<|>__1 took 0.101ms
interpretation of _aux_Init_Notation___macroRules_term_>>__1 took 0.122ms
interpretation of _aux_Init_Notation___macroRules_term_<*>__1 took 0.109ms
interpretation of _aux_Init_Notation___macroRules_term_<*__1 took 0.0794ms
interpretation of _aux_Init_Notation___macroRules_term_*>__1 took 0.0724ms
interpretation of _aux_Init_Notation___macroRules_termDepIfThenElse_1 took 0.0735ms
interpretation of _aux_Init_Notation___macroRules_termIfThenElse_1 took 0.0721ms
interpretation of _aux_Init_Notation___macroRules_termIfLet_1 took 0.07ms
interpretation of _aux_Init_Notation___macroRules_boolIfThenElse_1 took 0.0708ms
interpretation of _aux_Init_Notation___macroRules_term_<|__1 took 0.0721ms
interpretation of _aux_Init_Notation___macroRules_term_|>__1 took 0.0713ms
interpretation of _aux_Init_Notation___macroRules_term_$___1 took 0.0715ms
interpretation of _aux_Init_Notation___macroRules_term{_:_//_}_1 took 0.0758ms
interpretation of _aux_Init_Notation___macroRules_termWithout_expected_type__1 took 0.075ms
interpretation of Lean.Parser._aux_Init_Notation___macroRules_Lean_Parser_commandSeal___1 took 0.0878ms
interpretation of Lean.Parser._aux_Init_Notation___macroRules_Lean_Parser_commandUnseal___1 took 0.0788ms
interpretation of Lean.Parser.Tactic._aux_Init_Tactics___macroRules_Lean_Parser_Tactic_tacticExfalso_1 took 0.105ms
interpretation of Lean.Parser.Tactic._aux_Init_Tactics___macroRules_Lean_Parser_Tactic_tacticNext_=>__1 took 0.102ms
interpretation of Lean.Parser.Tactic._aux_Init_Tactics___macroRules_Lean_Parser_Tactic_tacticTry__1 took 0.0885ms
interpretation of Lean.Parser.Tactic._aux_Init_Tactics___macroRules_Lean_Parser_Tactic_tactic_<;>__1 took 0.0813ms
interpretation of Lean.Parser.Tactic._aux_Init_Tactics___macroRules_Lean_Parser_Tactic_tacticRfl_1 took 0.0791ms
interpretation of Lean.Parser.Tactic._aux_Init_Tactics___macroRules_Lean_Parser_Tactic_tacticRfl_2 took 0.08ms
interpretation of Lean.Parser.Tactic._aux_Init_Tactics___macroRules_Lean_Parser_Tactic_tacticRfl_3 took 0.0809ms
interpretation of Lean.Parser.Tactic._aux_Init_Tactics___macroRules_Lean_Parser_Tactic_tacticRfl'_1 took 0.0794ms
interpretation of Lean.Parser.Tactic._aux_Init_Tactics___macroRules_Lean_Parser_Tactic_tacticSorry_1 took 0.0808ms
interpretation of Lean.Parser.Tactic._aux_Init_Tactics___macroRules_Lean_Parser_Tactic_tacticAdmit_1 took 0.0789ms
interpretation of Lean.Parser.Tactic._aux_Init_Tactics___macroRules_Lean_Parser_Tactic_tacticInfer_instance_1 took 0.0902ms
interpretation of Lean.Parser.Tactic._aux_Init_Tactics___macroRules_Lean_Parser_Tactic_rwSeq_1 took 0.0828ms
interpretation of Lean.Parser.Tactic._aux_Init_Tactics___macroRules_Lean_Parser_Tactic_tacticRwa___1 took 0.0805ms
interpretation of Lean.Parser.Tactic._aux_Init_Tactics___macroRules_Lean_Parser_Tactic_tacticSimp?!__1 took 0.0814ms
interpretation of Lean.Parser.Tactic._aux_Init_Tactics___macroRules_Lean_Parser_Tactic_tacticSimp_all?!__1 took 0.0824ms
interpretation of Lean.Parser.Tactic._aux_Init_Tactics___macroRules_Lean_Parser_Tactic_tacticDsimp?!__1 took 0.0802ms
interpretation of Lean.Parser.Tactic._aux_Init_Tactics___macroRules_Lean_Parser_Tactic_tacticSimpa!__1 took 0.0788ms
interpretation of Lean.Parser.Tactic._aux_Init_Tactics___macroRules_Lean_Parser_Tactic_tacticSimpa?__1 took 0.0803ms
interpretation of Lean.Parser.Tactic._aux_Init_Tactics___macroRules_Lean_Parser_Tactic_tacticSimpa?!__1 took 0.081ms
interpretation of Lean.Parser.Tactic._aux_Init_Tactics___macroRules_Lean_Parser_Tactic_tacticSimpa!__1_1 took 0.0801ms
interpretation of Lean.Parser.Tactic._aux_Init_Tactics___macroRules_Lean_Parser_Tactic_tacticSimpa?__1_1 took 0.0802ms
interpretation of Lean.Parser.Tactic._aux_Init_Tactics___macroRules_Lean_Parser_Tactic_tacticSimpa?!__1_1 took 0.0808ms
interpretation of Lean.Parser.Tactic._aux_Init_Tactics___macroRules_Lean_Parser_Tactic_tacticRefine_lift__1 took 0.0805ms
interpretation of Lean.Parser.Tactic._aux_Init_Tactics___macroRules_Lean_Parser_Tactic_tacticHave___1 took 0.0798ms
interpretation of Lean.Parser.Tactic._aux_Init_Tactics___macroRules_Lean_Parser_Tactic_tacticSuffices__1 took 0.0802ms
interpretation of Lean.Parser.Tactic._aux_Init_Tactics___macroRules_Lean_Parser_Tactic_tacticLet___1 took 0.0781ms
interpretation of Lean.Parser.Tactic._aux_Init_Tactics___macroRules_Lean_Parser_Tactic_letrec_1 took 0.0799ms
interpretation of Lean.Parser.Tactic._aux_Init_Tactics___macroRules_Lean_Parser_Tactic_tacticRefine_lift'__1 took 0.0811ms
interpretation of Lean.Parser.Tactic._aux_Init_Tactics___macroRules_Lean_Parser_Tactic_tacticHave'_1 took 0.0803ms
interpretation of Lean.Parser.Tactic._aux_Init_Tactics___macroRules_Lean_Parser_Tactic_tacticLet'___1 took 0.0803ms
interpretation of Lean.Parser.Tactic._aux_Init_Tactics___macroRules_Lean_Parser_Tactic_tacticStop__1 took 0.0781ms
interpretation of Lean.Parser.Tactic._aux_Init_Tactics___macroRules_Lean_Parser_Tactic_tacticUnhygienic__1 took 0.0793ms
interpretation of Lean.Parser.Tactic._aux_Init_Tactics___macroRules_Lean_Parser_Tactic_tacticExists_,,_1 took 0.0987ms
interpretation of Lean.Parser.Tactic._aux_Init_Tactics___macroRules_Lean_Parser_Tactic_tacticNofun_1 took 0.09ms
interpretation of Lean.Parser.Tactic._aux_Init_Tactics___macroRules_Lean_Parser_Tactic_tacticNomatch_,,_1 took 0.0827ms
interpretation of Lean.Parser.Tactic._aux_Init_Tactics___macroRules_Lean_Parser_Tactic_tacticAnd_intros_1 took 0.0794ms
interpretation of Lean.Parser.Tactic._aux_Init_Tactics___macroRules_Lean_Parser_Tactic_tacticHaveI___1 took 0.0787ms
interpretation of Lean.Parser.Tactic._aux_Init_Tactics___macroRules_Lean_Parser_Tactic_tacticLetI___1 took 0.0785ms
interpretation of Lean.Parser.Tactic._aux_Init_Tactics___macroRules_Lean_Parser_Tactic_tacticTrivial_1 took 0.0783ms
interpretation of Lean.Parser.Tactic._aux_Init_Tactics___macroRules_Lean_Parser_Tactic_tacticTrivial_2 took 0.0779ms
interpretation of Lean.Parser.Tactic._aux_Init_Tactics___macroRules_Lean_Parser_Tactic_tacticTrivial_3 took 0.0791ms
interpretation of Lean.Parser.Tactic._aux_Init_Tactics___macroRules_Lean_Parser_Tactic_tacticTrivial_4 took 0.0792ms
interpretation of Lean.Parser.Tactic._aux_Init_Tactics___macroRules_Lean_Parser_Tactic_tacticTrivial_5 took 0.0778ms
interpretation of Lean.Parser.Tactic._aux_Init_Tactics___macroRules_Lean_Parser_Tactic_tacticTrivial_6 took 0.0789ms
interpretation of Lean.Parser.Tactic._aux_Init_Tactics___macroRules_Lean_Parser_Tactic_tacticBv_omega_1 took 0.0792ms
interpretation of Lean.Parser.Tactic._aux_Init_Tactics___macroRules_Lean_Parser_Tactic_tacticAssumption_mod_cast__1 took 0.0821ms
interpretation of Lean.Parser.Tactic._aux_Init_Tactics___macroRules_Lean_Parser_Tactic_tacticNorm_cast___1 took 0.0807ms
interpretation of Lean.Parser.Tactic._aux_Init_Tactics___macroRules_Lean_Parser_Tactic_tacticAc_nf__1 took 0.0789ms
interpretation of Lean.Parser.Tactic._aux_Init_Tactics___macroRules_Lean_Parser_Tactic_showTermElab_1 took 0.0789ms
interpretation of Lean.Parser.Tactic._aux_Init_Tactics___macroRules_Lean_Parser_Tactic_by?_1 took 0.0796ms
interpretation of Lean.Parser.Tactic._aux_Init_Tactics___macroRules_Lean_Parser_Tactic_massumptionMacro_1 took 0.0893ms
interpretation of Lean.Parser.Tactic._aux_Init_Tactics___macroRules_Lean_Parser_Tactic_mclearMacro_1 took 0.078ms
interpretation of Lean.Parser.Tactic._aux_Init_Tactics___macroRules_Lean_Parser_Tactic_mconstructorMacro_1 took 0.0783ms
interpretation of Lean.Parser.Tactic._aux_Init_Tactics___macroRules_Lean_Parser_Tactic_mexactMacro_1 took 0.0783ms
interpretation of Lean.Parser.Tactic._aux_Init_Tactics___macroRules_Lean_Parser_Tactic_mexfalsoMacro_1 took 0.0793ms
interpretation of Lean.Parser.Tactic._aux_Init_Tactics___macroRules_Lean_Parser_Tactic_mexistsMacro_1 took 0.0792ms
interpretation of Lean.Parser.Tactic._aux_Init_Tactics___macroRules_Lean_Parser_Tactic_mframeMacro_1 took 0.0783ms
interpretation of Lean.Parser.Tactic._aux_Init_Tactics___macroRules_Lean_Parser_Tactic_mhaveMacro_1 took 0.079ms
interpretation of Lean.Parser.Tactic._aux_Init_Tactics___macroRules_Lean_Parser_Tactic_mreplaceMacro_1 took 0.0787ms
interpretation of Lean.Parser.Tactic._aux_Init_Tactics___macroRules_Lean_Parser_Tactic_mleftMacro_1 took 0.0776ms
interpretation of Lean.Parser.Tactic._aux_Init_Tactics___macroRules_Lean_Parser_Tactic_mrightMacro_1 took 0.0781ms
interpretation of Lean.Parser.Tactic._aux_Init_Tactics___macroRules_Lean_Parser_Tactic_mpureMacro_1 took 0.0781ms
interpretation of Lean.Parser.Tactic._aux_Init_Tactics___macroRules_Lean_Parser_Tactic_mpureIntroMacro_1 took 0.0798ms
interpretation of Lean.Parser.Tactic._aux_Init_Tactics___macroRules_Lean_Parser_Tactic_mrevertMacro_1 took 0.0786ms
interpretation of Lean.Parser.Tactic._aux_Init_Tactics___macroRules_Lean_Parser_Tactic_mrenameIMacro_1 took 0.0783ms
interpretation of Lean.Parser.Tactic._aux_Init_Tactics___macroRules_Lean_Parser_Tactic_mspecializeMacro_1 took 0.0788ms
interpretation of Lean.Parser.Tactic._aux_Init_Tactics___macroRules_Lean_Parser_Tactic_mspecializePureMacro_1 took 0.0805ms
interpretation of Lean.Parser.Tactic._aux_Init_Tactics___macroRules_Lean_Parser_Tactic_mstartMacro_1 took 0.0791ms
interpretation of Lean.Parser.Tactic._aux_Init_Tactics___macroRules_Lean_Parser_Tactic_mstopMacro_1 took 0.0777ms
interpretation of Lean.Parser.Tactic._aux_Init_Tactics___macroRules_Lean_Parser_Tactic_mleaveMacro_1 took 0.0781ms
interpretation of Lean.Parser.Tactic._aux_Init_Tactics___macroRules_Lean_Parser_Tactic_mcasesMacro_1 took 0.0796ms
interpretation of Lean.Parser.Tactic._aux_Init_Tactics___macroRules_Lean_Parser_Tactic_mrefineMacro_1 took 0.0794ms
interpretation of Lean.Parser.Tactic._aux_Init_Tactics___macroRules_Lean_Parser_Tactic_mintroMacro_1 took 0.0783ms
interpretation of Lean.Parser.Tactic._aux_Init_Tactics___macroRules_Lean_Parser_Tactic_mspecMacro_1 took 0.0779ms
interpretation of Lean.Parser.Tactic._aux_Init_Tactics___macroRules_Lean_Parser_Tactic_mvcgenMacro_1 took 0.0773ms
interpretation of Lean.Parser.Tactic._aux_Init_Tactics___macroRules_Lean_Parser_Tactic_vcgenMacro_1 took 0.0792ms
interpretation of _aux_Init_Tactics___macroRules_term‹_›_1 took 0.0764ms
interpretation of _aux_Init_Tactics___macroRules_tacticGet_elem_tactic_extensible_1 took 0.0766ms
interpretation of _aux_Init_Tactics___macroRules_tacticGet_elem_tactic_extensible_2 took 0.0736ms
interpretation of _aux_Init_Tactics___macroRules_tacticGet_elem_tactic_extensible_3 took 0.0733ms
interpretation of _aux_Init_Tactics___macroRules_tacticGet_elem_tactic_1 took 0.0715ms
interpretation of _aux_Init_Core___macroRules_term_<->__1 took 0.0742ms
interpretation of _aux_Init_Core___macroRules_term_↔__1 took 0.0714ms
interpretation of _aux_Init_Core___macroRules_term_⊕__1 took 0.0694ms
interpretation of _aux_Init_Core___macroRules_term_⊕'__1 took 0.0804ms
interpretation of _aux_Init_Core___macroRules_term_≈__1 took 0.0691ms
interpretation of _aux_Init_Core___macroRules_term_⊆__1 took 0.069ms
interpretation of _aux_Init_Core___macroRules_term_⊂__1 took 0.0987ms
interpretation of _aux_Init_Core___macroRules_term_⊇__1 took 0.104ms
interpretation of _aux_Init_Core___macroRules_term_⊃__1 took 0.109ms
interpretation of _aux_Init_Core___macroRules_term_∪__1 took 0.112ms
interpretation of _aux_Init_Core___macroRules_term_∩__1 took 0.112ms
interpretation of _aux_Init_Core___macroRules_term_\__1 took 0.0719ms
interpretation of _aux_Init_Core___macroRules_term{}_1 took 0.0688ms
interpretation of _aux_Init_Core___macroRules_term∅_1 took 0.0687ms
interpretation of _aux_Init_Core___macroRules_term_!=__1 took 0.0705ms
interpretation of _aux_Init_Core___macroRules_term_!=__2 took 0.069ms
interpretation of _aux_Init_Core___macroRules_term_≠__1 took 0.0692ms
interpretation of _aux_Init_Core___macroRules_term_≠__2 took 0.0688ms
interpretation of _aux_Init_Core___macroRules_Lean_Parser_Tactic_tacticRfl_1 took 0.087ms
interpretation of _aux_Init_Control_Basic___macroRules_term_<&>__1 took 0.074ms
interpretation of _aux_Init_Control_Basic___macroRules_term_<||>__1 took 0.0749ms
interpretation of _aux_Init_Control_Basic___macroRules_term_<&&>__1 took 0.0734ms
interpretation of _aux_Init_Control_Basic___macroRules_term_>=>__1 took 0.0722ms
interpretation of _aux_Init_Control_Basic___macroRules_term_<=<__1 took 0.0715ms
interpretation of _aux_Init_Control_Basic___macroRules_term_=<<__1 took 0.0718ms
interpretation of Lean.Parser.Tactic.Grind._aux_Init_Grind_Interactive___macroRules_Lean_Parser_Tactic_Grind_use_1 took 0.0909ms
interpretation of Lean.Parser.Tactic.Grind._aux_Init_Grind_Interactive___macroRules_Lean_Parser_Tactic_Grind_grind·__1 took 0.0848ms
interpretation of Lean.Parser.Tactic.Grind._aux_Init_Grind_Interactive___macroRules_Lean_Parser_Tactic_Grind_grind_<;>__1 took 0.0647ms
interpretation of Lean.Parser.Tactic.Grind._aux_Init_Grind_Interactive___macroRules_Lean_Parser_Tactic_Grind_grindTry__1 took 0.0852ms
interpretation of Lean.Parser.Tactic.Grind._aux_Init_Grind_Interactive___macroRules_Lean_Parser_Tactic_Grind_grindAdmit_1 took 0.0853ms
interpretation of Lean.Parser.Tactic.Grind._aux_Init_Grind_Interactive___macroRules_Lean_Parser_Tactic_Grind_grindRepeat__1 took 0.0625ms
interpretation of Lean.Parser.Tactic.Grind._aux_Init_Grind_Interactive___macroRules_Lean_Parser_Tactic_Grind_symIntroLight_1 took 0.0627ms
interpretation of Lean.Parser.Tactic.Grind._aux_Init_Grind_Interactive___macroRules_Lean_Parser_Tactic_Grind_symIntrosLight_1 took 0.0636ms
interpretation of Lean.Parser.Tactic.Grind._aux_Init_Grind_Interactive___macroRules_Lean_Parser_Tactic_Grind_grindExact__1 took 0.0635ms
interpretation of Int._aux_Init_Data_Int_Basic___macroRules_Int_term-[_+1]_1 took 0.0989ms
interpretation of Lean._aux_Init_Data_List_Notation___macroRules_term[_]_1 took 0.106ms
interpretation of List._aux_Init_Data_List_Basic___macroRules_List_term_<+__1 took 0.138ms
interpretation of List._aux_Init_Data_List_Basic___macroRules_List_term_<+:__1 took 0.0825ms
interpretation of List._aux_Init_Data_List_Basic___macroRules_List_term_<:+__1 took 0.0761ms
interpretation of List._aux_Init_Data_List_Basic___macroRules_List_term_<:+:__1 took 0.0783ms
interpretation of List._aux_Init_Data_List_Basic___macroRules_List_term_~__1 took 0.0749ms
interpretation of _aux_Init_WFTactics___macroRules_tacticSimp_wf_1 took 0.0799ms
interpretation of _aux_Init_WFTactics___macroRules_tacticClean_wf_1 took 0.0712ms
interpretation of _aux_Init_WFTactics___macroRules_tacticDecreasing_trivial_1 took 0.0729ms
interpretation of _aux_Init_WFTactics___macroRules_tacticDecreasing_trivial_2 took 0.0723ms
interpretation of _aux_Init_WFTactics___macroRules_tacticDecreasing_trivial_3 took 0.0782ms
interpretation of _aux_Init_WFTactics___macroRules_tacticDecreasing_trivial_pre_omega_1 took 0.0749ms
interpretation of _aux_Init_WFTactics___macroRules_tacticDecreasing_trivial_pre_omega_2 took 0.0742ms
interpretation of _aux_Init_WFTactics___macroRules_tacticDecreasing_trivial_pre_omega_3 took 0.0743ms
interpretation of _aux_Init_WFTactics___macroRules_tacticDecreasing_with__1 took 0.072ms
interpretation of _aux_Init_WFTactics___macroRules_tacticDecreasing_tactic_1 took 0.0828ms
interpretation of _aux_Init_GetElem___macroRules_term__[_]_1 took 0.097ms
interpretation of _aux_Init_GetElem___macroRules_term__[_]'__1 took 0.0746ms
interpretation of _aux_Init_GetElem___macroRules_term__[_]_?_1 took 0.0734ms
interpretation of _aux_Init_GetElem___macroRules_term__[_]_!_1 took 0.0721ms
interpretation of Fin._aux_Init_GetElem___macroRules_tacticGet_elem_tactic_extensible_1 took 0.0816ms
interpretation of _aux_Init_Data_Array_Basic___macroRules_term#[_,]_1 took 0.0973ms
interpretation of Lean._aux_Init_Meta___macroRules_Lean_Parser_Syntax_addPrec_1 took 0.123ms
interpretation of Lean._aux_Init_Meta___macroRules_Lean_Parser_Syntax_subPrec_1 took 0.101ms
interpretation of Lean._aux_Init_Meta___macroRules_Lean_termEval_prec__1 took 0.0794ms
interpretation of Lean._aux_Init_Meta___macroRules_Lean_Parser_Syntax_addPrio_1 took 0.0799ms
interpretation of Lean._aux_Init_Meta___macroRules_Lean_Parser_Syntax_subPrio_1 took 0.0738ms
interpretation of Lean._aux_Init_Meta___macroRules_Lean_termEval_prio__1 took 0.0801ms
interpretation of Lean.Parser.Tactic._aux_Init_Meta___macroRules_Lean_Parser_Tactic_tacticErw____1 took 0.101ms
interpretation of Lean.Parser.Tactic._aux_Init_Meta___macroRules_Lean_Parser_Tactic_declareSimpLikeTactic_1 took 0.0976ms
interpretation of Lean.Parser.Tactic.expandSimp._@.Init.Meta.4021577198._hygCtx._hyg.3 took 0.0833ms
interpretation of Lean.Parser.Tactic.expandSimp._@.Init.Meta.3079349156._hygCtx._hyg.3 took 0.0768ms
interpretation of Lean.Parser.Tactic.expandSimp._@.Init.Meta.4207919134._hygCtx._hyg.3 took 0.0846ms
interpretation of Lean.Parser.Tactic._aux_Init_TacticsExtra___macroRules_Lean_Parser_Tactic_tacDepIfThenElse_1 took 0.0841ms
interpretation of Lean.Parser.Tactic._aux_Init_TacticsExtra___macroRules_Lean_Parser_Tactic_tacIfThenElse_1 took 0.0803ms
interpretation of Lean.Parser.Tactic._aux_Init_TacticsExtra___macroRules_Lean_Parser_Tactic_tacticIterate_____1 took 0.0836ms
interpretation of Lean.Parser.Tactic._aux_Init_TacticsExtra___macroRules_Lean_Parser_Tactic_tacticRw_mod_cast____1 took 0.0825ms
interpretation of Lean.Parser.Tactic._aux_Init_TacticsExtra___macroRules_Lean_Parser_Tactic_tacticExact_mod_cast__1 took 0.0882ms
interpretation of Lean.Parser.Tactic._aux_Init_TacticsExtra___macroRules_Lean_Parser_Tactic_tacticApply_mod_cast__1 took 0.0823ms
interpretation of _aux_Init_ByCases___macroRules_tacticBy_cases_:__1 took 0.0762ms
interpretation of _aux_Init_ByCases___macroRules_tacticBy_cases_:__2 took 0.0741ms
interpretation of Lean.Parser.Tactic.Conv._aux_Init_Conv___macroRules_Lean_Parser_Tactic_Conv_convRfl_1 took 0.0842ms
interpretation of Lean.Parser.Tactic.Conv._aux_Init_Conv___macroRules_Lean_Parser_Tactic_Conv_convDone_1 took 0.0806ms
interpretation of Lean.Parser.Tactic.Conv._aux_Init_Conv___macroRules_Lean_Parser_Tactic_Conv_convTrace_state_1 took 0.0821ms
interpretation of Lean.Parser.Tactic.Conv._aux_Init_Conv___macroRules_Lean_Parser_Tactic_Conv_allGoals_1 took 0.0801ms
interpretation of Lean.Parser.Tactic.Conv._aux_Init_Conv___macroRules_Lean_Parser_Tactic_Conv_anyGoals_1 took 0.106ms
interpretation of Lean.Parser.Tactic.Conv._aux_Init_Conv___macroRules_Lean_Parser_Tactic_Conv_case_1 took 0.0855ms
interpretation of Lean.Parser.Tactic.Conv._aux_Init_Conv___macroRules_Lean_Parser_Tactic_Conv_case'_1 took 0.0788ms
interpretation of Lean.Parser.Tactic.Conv._aux_Init_Conv___macroRules_Lean_Parser_Tactic_Conv_convNext__=>__1 took 0.0821ms
interpretation of Lean.Parser.Tactic.Conv._aux_Init_Conv___macroRules_Lean_Parser_Tactic_Conv_focus_1 took 0.0789ms
interpretation of Lean.Parser.Tactic.Conv._aux_Init_Conv___macroRules_Lean_Parser_Tactic_Conv_conv·__1 took 0.0817ms
interpretation of Lean.Parser.Tactic.Conv._aux_Init_Conv___macroRules_Lean_Parser_Tactic_Conv_failIfSuccess_1 took 0.0821ms
interpretation of Lean.Parser.Tactic.Conv._aux_Init_Conv___macroRules_Lean_Parser_Tactic_Conv_convRw___1 took 0.0791ms
interpretation of Lean.Parser.Tactic.Conv._aux_Init_Conv___macroRules_Lean_Parser_Tactic_Conv_convErw___1 took 0.082ms
interpretation of Lean.Parser.Tactic.Conv._aux_Init_Conv___macroRules_Lean_Parser_Tactic_Conv_convArgs_1 took 0.0799ms
interpretation of Lean.Parser.Tactic.Conv._aux_Init_Conv___macroRules_Lean_Parser_Tactic_Conv_convLeft_1 took 0.0787ms
interpretation of Lean.Parser.Tactic.Conv._aux_Init_Conv___macroRules_Lean_Parser_Tactic_Conv_convRight_1 took 0.081ms
interpretation of Lean.Parser.Tactic.Conv._aux_Init_Conv___macroRules_Lean_Parser_Tactic_Conv_convIntro____1 took 0.0835ms
interpretation of Lean.Parser.Tactic.Conv._aux_Init_Conv___macroRules_Lean_Parser_Tactic_Conv_convApply__1 took 0.0805ms
interpretation of Lean.Parser.Tactic.Conv._aux_Init_Conv___macroRules_Lean_Parser_Tactic_Conv_convTry__1 took 0.0803ms
interpretation of Lean.Parser.Tactic.Conv._aux_Init_Conv___macroRules_Lean_Parser_Tactic_Conv_conv_<;>__1 took 0.0839ms
interpretation of Lean.Parser.Tactic.Conv._aux_Init_Conv___macroRules_Lean_Parser_Tactic_Conv_convRepeat__1 took 0.0805ms
interpretation of Lean._aux_Init_NotationExtra___macroRules_Lean_command__Unif_hint____Where_|_-⊢___1 took 0.0925ms
interpretation of _aux_Init_NotationExtra___macroRules_term∃_,__1 took 0.0767ms
interpretation of _aux_Init_NotationExtra___macroRules_termExists_,__1 took 0.0727ms
interpretation of _aux_Init_NotationExtra___macroRules_termΣ_,__1 took 0.0763ms
interpretation of _aux_Init_NotationExtra___macroRules_termΣ'_,__1 took 0.0741ms
interpretation of _aux_Init_NotationExtra___macroRules_term_×__1_1 took 0.0709ms
interpretation of _aux_Init_NotationExtra___macroRules_term_×'__1_1 took 0.0728ms
interpretation of Lean._aux_Init_NotationExtra___macroRules_Lean_convCalc__1 took 0.0762ms
interpretation of _aux_Init_NotationExtra___macroRules_tacticFunext____1 took 0.0749ms
interpretation of _aux_Init_NotationExtra___macroRules_term%[_|_]_1 took 0.0737ms
interpretation of _aux_Init_NotationExtra___macroRules_Lean_Parser_Command_classAbbrev_1 took 0.0765ms
interpretation of Lean._aux_Init_NotationExtra___macroRules_Lean_solveTactic_1 took 0.0733ms
interpretation of Lean._aux_Init_NotationExtra___macroRules_Lean_term_Matches_|_1 took 0.0749ms
interpretation of _aux_Init_NotationExtra___macroRules_term{_}_1 took 0.0712ms
interpretation of Lean.Elab.Tactic.Ext._aux_Init_Ext___macroRules_Lean_Elab_Tactic_Ext_tacticExt1____1 took 0.0869ms
interpretation of Lean._aux_Init_BinderPredicates___macroRules_Lean_term∃__,__1 took 0.0903ms
interpretation of Lean._aux_Init_BinderPredicates___macroRules_Lean_term∀__,__1 took 0.0759ms
interpretation of Lean._aux_Init_BinderPredicates___macroRules_Lean_termSatisfies_binder_pred%___1 took 0.0789ms
interpretation of Lean._aux_Init_BinderPredicates___macroRules_Lean_termSatisfies_binder_pred%___2 took 0.0784ms
interpretation of Lean._aux_Init_BinderPredicates___macroRules_Lean_termSatisfies_binder_pred%___3 took 0.0784ms
interpretation of Lean._aux_Init_BinderPredicates___macroRules_Lean_termSatisfies_binder_pred%___4 took 0.0793ms
interpretation of Lean._aux_Init_BinderPredicates___macroRules_Lean_termSatisfies_binder_pred%___5 took 0.0864ms
interpretation of Lean._aux_Init_BinderPredicates___macroRules_Lean_termSatisfies_binder_pred%___6 took 0.106ms
interpretation of Lean._aux_Init_BinderPredicates___macroRules_Lean_termSatisfies_binder_pred%___7 took 0.0918ms
interpretation of Lean._aux_Init_BinderPredicates___macroRules_Lean_termSatisfies_binder_pred%___8 took 0.0783ms
interpretation of Lean._aux_Init_BinderPredicates___macroRules_Lean_termSatisfies_binder_pred%___9 took 0.078ms
interpretation of Lean._aux_Init_BinderPredicates___macroRules_Lean_termSatisfies_binder_pred%___10 took 0.0819ms
interpretation of Lean._aux_Init_BinderPredicates___macroRules_Lean_termSatisfies_binder_pred%___11 took 0.0799ms
interpretation of Bool._aux_Init_Data_Bool___macroRules_Bool_term_^^__1 took 0.0825ms
interpretation of List._aux_Init_Data_List_BasicAux___macroRules_List_tacticSizeOf_list_dec_1 took 0.0834ms
interpretation of List._aux_Init_Data_List_BasicAux___macroRules_tacticDecreasing_trivial_1 took 0.0898ms
interpretation of BitVec._aux_Init_Data_BitVec_Basic___macroRules_BitVec_term__#___1 took 0.0813ms
interpretation of BitVec._aux_Init_Data_BitVec_Basic___macroRules_BitVec_term__#'___1 took 0.0866ms
interpretation of String._aux_Init_Data_String_Termination___macroRules_tacticDecreasing_trivial_1 took 0.0835ms
interpretation of String._aux_Init_Data_String_Termination___macroRules_tacticDecreasing_trivial_2 took 0.0791ms
interpretation of String._aux_Init_Data_String_Termination___macroRules_tacticDecreasing_trivial_3 took 0.0865ms
interpretation of String._aux_Init_Data_String_Termination___macroRules_tacticDecreasing_trivial_4 took 0.086ms
interpretation of String.Legacy.Iterator._aux_Init_Data_String_Iterator___macroRules_tacticDecreasing_trivial_1 took 0.0913ms
interpretation of String.Legacy.Iterator._aux_Init_Data_String_Iterator___macroRules_tacticDecreasing_trivial_2 took 0.0853ms
interpretation of Std._aux_Init_Data_Iterators_Basic___macroRules_tacticDecreasing_trivial_1 took 0.0968ms
interpretation of Std._aux_Init_Data_Iterators_Basic___macroRules_tacticDecreasing_trivial_2 took 0.0821ms
interpretation of Std._aux_Init_Data_Iterators_Basic___macroRules_tacticDecreasing_trivial_3 took 0.0825ms
interpretation of Std._aux_Init_Data_Iterators_Basic___macroRules_tacticDecreasing_trivial_4 took 0.085ms
interpretation of Std._aux_Init_Data_Range_Polymorphic_PRange___macroRules_Std_term_...=__1 took 0.124ms
interpretation of Std._aux_Init_Data_Range_Polymorphic_PRange___macroRules_Std_term*...=__1 took 0.0862ms
interpretation of Std._aux_Init_Data_Range_Polymorphic_PRange___macroRules_Std_term_...*_1 took 0.0876ms
interpretation of Std._aux_Init_Data_Range_Polymorphic_PRange___macroRules_Std_term*...*_1 took 0.0832ms
interpretation of Std._aux_Init_Data_Range_Polymorphic_PRange___macroRules_Std_term_<...=__1 took 0.0991ms
interpretation of Std._aux_Init_Data_Range_Polymorphic_PRange___macroRules_Std_term_<...*_1 took 0.0874ms
interpretation of Std._aux_Init_Data_Range_Polymorphic_PRange___macroRules_Std_term_...<__1 took 0.085ms
interpretation of Std._aux_Init_Data_Range_Polymorphic_PRange___macroRules_Std_term_...__1 took 0.0811ms
interpretation of Std._aux_Init_Data_Range_Polymorphic_PRange___macroRules_Std_term*...<__1 took 0.0812ms
interpretation of Std._aux_Init_Data_Range_Polymorphic_PRange___macroRules_Std_term*...__1 took 0.0824ms
interpretation of Std._aux_Init_Data_Range_Polymorphic_PRange___macroRules_Std_term_<...<__1 took 0.082ms
interpretation of Std._aux_Init_Data_Range_Polymorphic_PRange___macroRules_Std_term_<...__1 took 0.0802ms
interpretation of Vector._aux_Init_Data_Vector_Basic___macroRules_Vector_term#v[_,]_1 took 0.0856ms
interpretation of Std.Legacy.Range._aux_Init_Data_Range_Basic___macroRules_Std_Legacy_Range_term[:_]_1 took 0.0903ms
interpretation of Std.Legacy.Range._aux_Init_Data_Range_Basic___macroRules_Std_Legacy_Range_term[_:_]_1 took 0.0964ms
interpretation of Std.Legacy.Range._aux_Init_Data_Range_Basic___macroRules_Std_Legacy_Range_term[_:_:_]_1 took 0.0924ms
interpretation of Std.Legacy.Range._aux_Init_Data_Range_Basic___macroRules_Std_Legacy_Range_term[:_:_]_1 took 0.0837ms
interpretation of _aux_Init_Data_Range_Basic___macroRules_tacticGet_elem_tactic_extensible_1 took 0.101ms
interpretation of Array._aux_Init_Data_Array_Subarray___macroRules_Array_term__[_:_]_1 took 0.122ms
interpretation of Array._aux_Init_Data_Array_Subarray___macroRules_Array_term__[:_]_1 took 0.0989ms
interpretation of Array._aux_Init_Data_Array_Subarray___macroRules_Array_term__[_:]_1 took 0.0788ms
interpretation of String.Internal._aux_Init_Data_String_OrderInstances___macroRules_String_Internal_tacticOrder_1 took 0.09ms
interpretation of Array._aux_Init_Data_Array_Mem___macroRules_Array_tacticArray_get_dec_1 took 0.0799ms
interpretation of Array._aux_Init_Data_Array_Mem___macroRules_tacticDecreasing_trivial_1 took 0.0763ms
interpretation of Array._aux_Init_Data_Array_Mem___macroRules_Array_tacticArray_mem_dec_1 took 0.0782ms
interpretation of Array._aux_Init_Data_Array_Mem___macroRules_tacticDecreasing_trivial_2 took 0.0759ms
interpretation of Array._aux_Init_Data_Array_Perm___macroRules_Array_term_~__1 took 0.0764ms
interpretation of Std._aux_Init_Data_Slice_Notation___macroRules_term__[_]_1 took 0.0788ms
interpretation of Std._aux_Init_Data_Range_Polymorphic_Basic___macroRules_tacticGet_elem_tactic_extensible_1 took 0.0865ms
interpretation of _aux_Init_Data_UInt_Lemmas___macroRules_commandDeclare_uint_theorems___1 took 0.0867ms
interpretation of _aux_Init_Data_UInt_Bitwise___macroRules_commandDeclare_bitwise_uint_theorems___1 took 0.0842ms
interpretation of _aux_Init_Data_SInt_Lemmas___macroRules_commandDeclare_int_theorems___1 took 0.0799ms
interpretation of _aux_Init_Data_SInt_Bitwise___macroRules_commandDeclare_bitwise_int_theorems___1 took 0.0808ms
interpretation of _aux_Init_System_IO___macroRules_termPrintln!___1 took 0.0796ms
interpretation of _aux_Init_Data_ToString_Macro___macroRules_termS!__1 took 0.0754ms
interpretation of Std._aux_Init_Data_Format_Macro___macroRules_Std_termF!__1 took 0.0774ms
interpretation of Vector._aux_Init_Data_Vector_Perm___macroRules_Vector_term_~__1 took 0.125ms
interpretation of Rat._aux_Init_Data_Rat_Basic___macroRules_Rat_term_/.__1 took 0.094ms
interpretation of Lean.Parser._aux_Init_Grind_Propagator___macroRules_Lean_Parser_command_Builtin_grind_propagator____:=__1 took 0.116ms
interpretation of DerivingHelpers._aux_Init_LawfulBEqTactics___macroRules_DerivingHelpers_tacticDeriving_ReflEq_tactic_1 took 0.143ms
interpretation of _aux_Init_LawfulBEqTactics___macroRules_tacticDeriving_LawfulEq_tactic_step_1 took 0.142ms
interpretation of _aux_Init_LawfulBEqTactics___macroRules_tacticDeriving_LawfulEq_tactic_step_2 took 0.136ms
interpretation of _aux_Init_LawfulBEqTactics___macroRules_tacticDeriving_LawfulEq_tactic_step_3 took 0.13ms
interpretation of _aux_Init_LawfulBEqTactics___macroRules_tacticDeriving_LawfulEq_tactic_step_4 took 0.129ms
interpretation of _aux_Init_LawfulBEqTactics___macroRules_tacticDeriving_LawfulEq_tactic_step_5 took 0.128ms
interpretation of _aux_Init_LawfulBEqTactics___macroRules_tacticDeriving_LawfulEq_tactic_step_6 took 0.131ms
interpretation of _aux_Init_LawfulBEqTactics___macroRules_tacticDeriving_LawfulEq_tactic_1 took 0.129ms
interpretation of _aux_Init_Data_Range_Polymorphic_GetElemTactic___macroRules_tacticGet_elem_tactic_extensible_1 took 0.0923ms
interpretation of Lean.Parser._aux_Init_Simproc___macroRules_Lean_Parser_command_Simproc_decl_(_):=__1 took 0.118ms
interpretation of Lean.Parser._aux_Init_Simproc___macroRules_Lean_Parser_command_Dsimproc_decl_(_):=__1 took 0.0902ms
interpretation of Lean.Parser._aux_Init_Simproc___macroRules_Lean_Parser_command_Builtin_simproc_decl_(_):=__1 took 0.0739ms
interpretation of Lean.Parser._aux_Init_Simproc___macroRules_Lean_Parser_command_Builtin_dsimproc_decl_(_):=__1 took 0.0661ms
interpretation of Lean.Parser._aux_Init_Simproc___macroRules_Lean_Parser_command__Simproc__[_]_(_):=__1 took 0.0649ms
interpretation of Lean.Parser._aux_Init_Simproc___macroRules_Lean_Parser_command__Dsimproc__[_]_(_):=__1 took 0.0632ms
interpretation of Lean.Parser._aux_Init_Simproc___macroRules_Lean_Parser_command__Builtin_simproc__[_]_(_):=__1 took 0.0637ms
interpretation of Lean.Parser._aux_Init_Simproc___macroRules_Lean_Parser_command__Builtin_dsimproc__[_]_(_):=__1 took 0.0656ms
interpretation of Lean.Parser._aux_Init_CbvSimproc___macroRules_Lean_Parser_command_Cbv_simproc_decl_(_):=__1 took 0.068ms
interpretation of Lean.Parser._aux_Init_CbvSimproc___macroRules_Lean_Parser_command_Builtin_cbv_simproc_decl_(_):=__1 took 0.0647ms
interpretation of Lean.Parser._aux_Init_CbvSimproc___macroRules_Lean_Parser_command__Cbv_simproc____(_):=__1 took 0.0645ms
interpretation of Lean.Parser._aux_Init_CbvSimproc___macroRules_Lean_Parser_command__Builtin_cbv_simproc____(_):=__1 took 0.114ms
interpretation of Lean._aux_Init_MacroTrace___macroRules_Lean_termMacro.trace[_]__1 took 0.089ms
interpretation of Lean.Order._aux_Init_Internal_Order_Basic___macroRules_Lean_Order_term_⊑__1 took 0.0868ms
interpretation of Lean.Order._aux_Init_Internal_Order_Basic___macroRules_Lean_Order_term⊥_1 took 0.0811ms
interpretation of _aux_Init_Try___macroRules_tactic∎_1 took 0.0756ms
interpretation of _aux_Init_Try___macroRules_term∎_1 took 0.0697ms
interpretation of Std.DHashMap.Raw._aux_Std_Data_DHashMap_Raw___macroRules_Std_DHashMap_Raw_term_~m__1 took 0.0909ms
interpretation of Std.DHashMap._aux_Std_Data_DHashMap_Basic___macroRules_Std_DHashMap_term_~m__1 took 0.0816ms
interpretation of Std.HashMap._aux_Std_Data_HashMap_Basic___macroRules_Std_HashMap_term_~m__1 took 0.0822ms
interpretation of Std.HashSet._aux_Std_Data_HashSet_Basic___macroRules_Std_HashSet_term_~m__1 took 0.0911ms
interpretation of Std.DTreeMap.Internal.Impl._aux_Std_Data_DTreeMap_Internal_Balancing___macroRules_Std_DTreeMap_Internal_Impl_tacticTree_tac_1 took 0.0698ms
interpretation of Std.DTreeMap.Internal.Impl._aux_Std_Data_DTreeMap_Internal_Balancing___macroRules_Std_DTreeMap_Internal_Impl_term✓_1 took 0.0746ms
interpretation of Std.DTreeMap.Internal.Impl._aux_Std_Data_DTreeMap_Internal_Queries___macroRules_Std_DTreeMap_Internal_Impl_term_~m__1 took 0.0727ms
interpretation of Std.DTreeMap._aux_Std_Data_DTreeMap_Basic___macroRules_Std_DTreeMap_term_~m__1 took 0.0829ms
interpretation of Std.TreeMap._aux_Std_Data_TreeMap_Basic___macroRules_Std_TreeMap_term_~m__1 took 0.113ms
interpretation of Std.TreeSet._aux_Std_Data_TreeSet_Basic___macroRules_Std_TreeSet_term_~m__1 took 0.0823ms
interpretation of Std.HashMap.Raw._aux_Std_Data_HashMap_Raw___macroRules_Std_HashMap_Raw_term_~m__1 took 0.0852ms
interpretation of Lean.Option._aux_Lean_Data_Options___macroRules_Lean_Option_registerBuiltinOption_1 took 0.102ms
interpretation of Lean.Option._aux_Lean_Data_Options___macroRules_Lean_Option_registerOption_1 took 0.0891ms
interpretation of Std.DTreeMap.Raw._aux_Std_Data_DTreeMap_Raw_Basic___macroRules_Std_DTreeMap_Raw_term_~m__1 took 0.0883ms
interpretation of Std.TreeMap.Raw._aux_Std_Data_TreeMap_Raw_Basic___macroRules_Std_TreeMap_Raw_term_~m__1 took 0.0863ms
interpretation of Lean._aux_Lean_Message___macroRules_Lean_termM!__1 took 0.087ms
interpretation of Lean._aux_Lean_Exception___macroRules_Lean_termThrowError___1 took 0.0973ms
interpretation of Lean._aux_Lean_Exception___macroRules_Lean_termThrowErrorAt_____1 took 0.083ms
interpretation of Lean._aux_Lean_Util_Trace___macroRules_Lean_doElemTrace[_]___1 took 0.0856ms
interpretation of Lean.PrettyPrinter.Delaborator._aux_Lean_PrettyPrinter_Delaborator_Basic___macroRules_Lean_PrettyPrinter_Delaborator_attrApp_delab__1 took 0.0764ms
interpretation of Lean._aux_Lean_Parser_Extra___macroRules_Lean_termRegister_parser_alias(Kind:=_)_______1 took 0.0691ms
interpretation of Lean.Json._aux_Lean_Data_Json_Elab___macroRules_Lean_Json_termJson%__1 took 0.106ms
interpretation of expandLemma took 0.569ms
interpretation of Lean._aux_Lean_Meta_Tactic_Simp_BuiltinSimprocs_UInt___macroRules_Lean_commandDeclare_uint_simprocs__1 took 0.148ms
interpretation of Lean._aux_Lean_Meta_Tactic_Simp_BuiltinSimprocs_SInt___macroRules_Lean_commandDeclare_sint_simprocs__1 took 0.139ms
interpretation of Lean.Meta.Simp._aux_Lean_Meta_Tactic_Simp_RegisterCommand___macroRules_Lean_Meta_Simp__root__Lean_Parser_Command_registerSimpAttr_1 took 0.149ms
interpretation of Batteries.Tactic._aux_Batteries_Tactic_Unreachable___macroRules_Batteries_Tactic_unreachableConv_1 took 0.883ms
interpretation of Batteries.Tactic._aux_Batteries_Tactic_HelpCmd___macroRules_Batteries_Tactic_command#help_Term+_____1 took 0.67ms
interpretation of Batteries.Tactic._aux_Batteries_Tactic_HelpCmd___macroRules_Batteries_Tactic_command#help_Tactic+_____1 took 0.688ms
interpretation of Batteries.Tactic._aux_Batteries_Tactic_HelpCmd___macroRules_Batteries_Tactic_command#help_Conv+_____1 took 0.668ms
interpretation of Batteries.Tactic._aux_Batteries_Tactic_HelpCmd___macroRules_Batteries_Tactic_command#help_Command+_____1 took 0.627ms
interpretation of Qq._aux_Qq_Macro___macroRules_Qq_term_=QL__1 took 1ms
interpretation of Qq._aux_Qq_Macro___macroRules_Qq_termQ(__)_1 took 0.894ms
interpretation of Qq._aux_Qq_Macro___macroRules_Qq_termQ(__)_1_1 took 0.909ms
interpretation of Qq._aux_Qq_Macro___macroRules_Qq_term_=Q__1 took 0.744ms
interpretation of Qq.Impl._aux_Qq_Macro___macroRules_Qq_termQ(__)_1_1 took 0.569ms
interpretation of Qq.Impl._aux_Qq_Macro___macroRules_Qq_termQ(__)_1 took 0.545ms
interpretation of Qq.Impl._aux_Qq_Match___macroRules_Lean_Parser_Term_assert_1 took 0.607ms
interpretation of Qq.Impl._aux_Qq_Match___macroRules_Lean_Parser_Term_assert_2 took 0.59ms
interpretation of Qq.Impl._aux_Qq_Match___macroRules_Qq_Impl_doElemComefrom_Do__1 took 0.566ms
interpretation of Qq._aux_Qq_Match___macroRules_Lean_Parser_Term_doLet_1 took 0.574ms
interpretation of Qq._aux_Qq_Match___macroRules_Lean_Parser_Term_doLetElse_1 took 0.56ms
interpretation of Qq._aux_Qq_Match___macroRules_Lean_Parser_Term_match_1 took 0.534ms
interpretation of Qq._aux_Qq_Match___macroRules_Lean_Parser_Term_doMatch_1 took 0.553ms
interpretation of Qq.Impl._aux_Qq_AssertInstancesCommute___macroRules_Lean_Parser_Term_assert_1 took 0.626ms
interpretation of Qq.Impl._aux_Qq_AssertInstancesCommute___macroRules_Lean_Parser_Term_assert_2 took 0.605ms
interpretation of Qq._aux_Qq_AssertInstancesCommute___macroRules_Qq_doElemAssertInstancesCommute_1 took 0.603ms
interpretation of Qq._aux_Qq_AssertInstancesCommute___macroRules_Qq_doElemAssumeInstancesCommute_1 took 0.589ms
interpretation of adaptationNoteTermElab took 0.653ms
interpretation of Lean.Elab.Term._aux_Mathlib_Tactic_TypeStar___elabRules_Lean_Elab_Term_termSort*_1 took 0.717ms
interpretation of Lean.Elab.Term._aux_Mathlib_Tactic_TypeStar___elabRules_Lean_Elab_Term_termType*_1 took 0.673ms
interpretation of elabWantedRef took 0.435ms
interpretation of Qq._aux_Qq_Macro___elabRules_Qq_termQl(_)_1 took 0.532ms
interpretation of Qq._aux_Qq_Macro___elabRules_Qq_termQ(__)_1 took 0.546ms
interpretation of Qq._aux_Qq_Macro___elabRules_Qq_termQ(__)_1_1 took 0.54ms
interpretation of Qq.Impl._aux_Qq_Match___elabRules_Qq_Impl_term_qq_match_←_|_In__1 took 0.76ms
interpretation of Qq.Impl._aux_Qq_Match___elabRules_Qq_Impl_term_comefrom_Do_In__1 took 0.64ms
interpretation of Qq.Impl._aux_Qq_AssertInstancesCommute___elabRules_Qq_Impl_termAssertInstancesCommuteImpl__1 took 0.651ms
interpretation of Qq.Impl._aux_Qq_AssertInstancesCommute___elabRules_Qq_termAssumeInstancesCommute'__1 took 0.693ms
interpretation of Qq._aux_Qq_Commands___elabRules_Qq_termBy_elabq__1 took 0.697ms
interpretation of _aux_Mathlib_Tactic_AdaptationNote___elabRules_tactic#adaptation_note__1 took 1.04ms
interpretation of Mathlib.Linter.HaveILetI._aux_Mathlib_Tactic_Linter_HaveILetI___elabRules_Mathlib_Linter_HaveILetI_tacticHaveI___1 took 0.663ms
interpretation of Mathlib.Linter.HaveILetI._aux_Mathlib_Tactic_Linter_HaveILetI___elabRules_Mathlib_Linter_HaveILetI_tacticLetI___1 took 0.579ms
interpretation of Batteries.Tactic._aux_Batteries_Tactic_Unreachable___elabRules_Batteries_Tactic_unreachable_1 took 0.676ms
interpretation of Mathlib.Linter.Style._aux_Mathlib_Tactic_Linter_Style___elabRules_Mathlib_Linter_Style_show_1 took 0.67ms
interpretation of Mathlib.Tactic.ExtractGoal._aux_Mathlib_Tactic_ExtractGoal___elabRules_Mathlib_Tactic_ExtractGoal_extractGoal_1 took 0.422ms
interpretation of Qq._aux_Qq_Commands___elabRules_Qq_tacticRun_tacq_=>__1 took 0.58ms
interpretation of Lean.Linter._aux_Lean_Linter_Sets___elabRules_Lean_Linter_command_Register_linter_set_:=__1 took 0.103ms
interpretation of _aux_Mathlib_Tactic_AdaptationNote___elabRules_adaptationNoteCmd_1 took 0.599ms
interpretation of Mathlib.Linter.UnusedTactic._aux_Mathlib_Tactic_Linter_UnusedTacticExtension___elabRules_Mathlib_Linter_UnusedTactic_command#allow_unused_tactic!____1 took 0.479ms
interpretation of Mathlib.Linter.UnusedTactic._aux_Mathlib_Tactic_Linter_UnusedTacticExtension___elabRules_Mathlib_Linter_UnusedTactic_command#show_kind__1 took 0.455ms
interpretation of Mathlib.Command.MinImports._aux_Mathlib_Tactic_MinImports___elabRules_Mathlib_Command_MinImports_minImpsStx_1 took 0.465ms
interpretation of Mathlib.Command.MinImports._aux_Mathlib_Tactic_MinImports___elabRules_Mathlib_Command_MinImports_command#min_importsIn__1 took 0.434ms
interpretation of Mathlib.GuardExceptions._aux_Mathlib_Util_ParseCommand___elabRules_Mathlib_GuardExceptions_parseCmd_1 took 0.833ms
interpretation of Batteries.Util.LibraryNote._aux_Batteries_Util_LibraryNote___elabRules_Batteries_Util_LibraryNote_commandLibrary_note____1 took 0.645ms
interpretation of Batteries.Tactic._aux_Batteries_Tactic_HelpCmd___elabRules_Batteries_Tactic_command#help_Option____1 took 0.676ms
interpretation of Batteries.Tactic._aux_Batteries_Tactic_HelpCmd___elabRules_Batteries_Tactic_command#help_AttrAttribute____1 took 0.633ms
interpretation of Batteries.Tactic._aux_Batteries_Tactic_HelpCmd___elabRules_Batteries_Tactic_command#help_Cats____1 took 0.428ms
interpretation of Batteries.Tactic._aux_Batteries_Tactic_HelpCmd___elabRules_Batteries_Tactic_command#help_Cat+_______1 took 0.477ms
interpretation of Batteries.Tactic._aux_Batteries_Tactic_HelpCmd___elabRules_Batteries_Tactic_command#help_Note____1 took 0.434ms
interpretation of elabTheoremWanted took 0.515ms
interpretation of elabProofWanted took 0.45ms
interpretation of elabDefWanted took 0.446ms
interpretation of elabInstanceWanted took 0.445ms
interpretation of _aux_ImportGraph_Tools_FindHome___elabRules_command#find_home!__1 took 0.643ms
interpretation of _aux_ImportGraph_Tools_ImportDiff___elabRules_command#import_diff__1 took 0.609ms
interpretation of _aux_ImportGraph_Tools_MinImports___elabRules_command#min_imports_1 took 0.633ms
interpretation of _aux_ImportGraph_Tools_MinImports___elabRules_command#minimize_imports_1 took 0.682ms
interpretation of _aux_ImportGraph_Tools_RedundantImports___elabRules_command#redundant_imports_1 took 0.645ms
interpretation of Lean.Elab.Command.elabOpenPrivate took 0.486ms
interpretation of Lean.Elab.Command.elabExportPrivate took 0.515ms
interpretation of Batteries.Tactic.Lint._aux_Batteries_Tactic_Lint_Frontend___elabRules_Batteries_Tactic_Lint_command#lint+-*Only____1 took 0.448ms
interpretation of Batteries.Tactic.Lint._aux_Batteries_Tactic_Lint_Frontend___elabRules_Batteries_Tactic_Lint_command#list_linters_1 took 0.5ms
interpretation of _private.Batteries.Tactic.Lint.Basic.0.Batteries.Tactic.Lint.initFn._lam_1._@.Batteries.Tactic.Lint.Basic.880347739._hygCtx._hyg.2._boxed took 5.41ms
interpretation of _private.Mathlib.Tactic.Linter.UnusedTacticExtension.0.Mathlib.Linter.UnusedTactic.initFn._lam_1._@.Mathlib.Tactic.Linter.UnusedTacticExtension.2679548081._hygCtx._hyg.2._boxed took 1.98ms
interpretation of linarithToGrindRegressions took 13.9ms
interpretation of linter.tacticAnalysis.regressions.linarithToGrind took 0.0107ms
interpretation of ringToGrindRegressions took 4.18ms
interpretation of linter.tacticAnalysis.regressions.ringToGrind took 0.0091ms
interpretation of omegaToLiaRegressions took 5.79ms
interpretation of linter.tacticAnalysis.regressions.omegaToLia took 0.0028ms
interpretation of omegaToLia took 1.1ms
interpretation of linter.tacticAnalysis.omegaToLia took 0.0034ms
interpretation of Mathlib.TacticAnalysis.rwMerge took 6.5ms
interpretation of linter.tacticAnalysis.rwMerge took 0.0038ms
interpretation of Mathlib.TacticAnalysis.mergeWithGrind took 3.61ms
interpretation of linter.tacticAnalysis.mergeWithGrind took 0.0123ms
interpretation of Mathlib.TacticAnalysis.terminalToGrind took 2.23ms
interpretation of linter.tacticAnalysis.terminalToGrind took 0.0032ms
interpretation of tryAtEachStepGrind took 3.04ms
interpretation of linter.tacticAnalysis.tryAtEachStepGrind took 0.0028ms
interpretation of tryAtEachStepSimpAll took 2.16ms
interpretation of linter.tacticAnalysis.tryAtEachStepSimpAll took 0.003ms
interpretation of tryAtEachStepAesop took 2.04ms
interpretation of linter.tacticAnalysis.tryAtEachStepAesop took 0.0029ms
interpretation of tryAtEachStepGrindSuggestions took 2.04ms
interpretation of linter.tacticAnalysis.tryAtEachStepGrindSuggestions took 0.003ms
interpretation of tryAtEachStepSimpAllSuggestions took 2.58ms
interpretation of linter.tacticAnalysis.tryAtEachStepSimpAllSuggestions took 0.0064ms
interpretation of tryAtEachStepFromEnv took 2.47ms
interpretation of linter.tacticAnalysis.tryAtEachStepFromEnv took 0.0089ms
interpretation of Mathlib.TacticAnalysis.introMerge took 5.94ms
interpretation of linter.tacticAnalysis.introMerge took 0.0127ms
interpretation of verifyGrind took 4.43ms
interpretation of linter.tacticAnalysis.verifyGrind took 0.004ms
interpretation of verifyGrindSuggestions took 2.6ms
interpretation of linter.tacticAnalysis.verifyGrindSuggestions took 0.0029ms
interpretation of verifyGrindOnly took 2.49ms
interpretation of linter.tacticAnalysis.verifyGrindOnly took 0.0058ms
interpretation of _private.Mathlib.Tactic.TacticAnalysis.0.Mathlib.TacticAnalysis.initFn._lam_4._@.Mathlib.Tactic.TacticAnalysis.358552301._hygCtx._hyg.2._boxed took 9.78ms
interpretation of _private.Batteries.Util.LibraryNote.0.Batteries.Util.LibraryNote.initFn._lam_1._@.Batteries.Util.LibraryNote.1081991270._hygCtx._hyg.2._boxed took 1.52ms
interpretation of _private.Batteries.Util.ProofWanted.0.initFn._lam_1._@.Batteries.Util.ProofWanted.2313051376._hygCtx._hyg.2._boxed took 0.0777ms
interpretation of _private.Batteries.Util.ProofWanted.0.initFn._lam_1._@.Batteries.Util.ProofWanted.3080469459._hygCtx._hyg.2._boxed took 0.0145ms
import took 2.59s
parsing took 0.0805ms
interpretation of _private.Mathlib.Tactic.Linter.Header.0.Mathlib.Linter.Style.header.headerLinter._lam_3._boxed took 4.88ms
interpretation of _private.Mathlib.Tactic.Linter.AuxLemma.0.Mathlib.Linter.AuxLemma.auxLemmaLinter._lam_1._boxed took 4.87ms
interpretation of _private.Mathlib.Tactic.Linter.DeprecatedSyntaxLinter.0.Mathlib.Linter.Style.deprecatedSyntaxLinter._lam_1._boxed took 2.86ms
interpretation of _private.Mathlib.Tactic.Linter.DocPrime.0.Mathlib.Linter.DocPrime.docPrimeLinter._lam_3._boxed took 2.5ms
interpretation of _private.Mathlib.Tactic.Linter.DocString.0.Mathlib.Linter.Style.docStringLinter._lam_0._boxed took 13.5ms
interpretation of _private.Mathlib.Tactic.Linter.DocString.0.Mathlib.Linter.Style.moduleDocVersoLinter._lam_0._boxed took 1.63ms
interpretation of Mathlib.Linter.EmptyLine.emptyLineLinter._lam_2._boxed took 3.21ms
interpretation of _private.Mathlib.Tactic.Linter.GlobalAttributeIn.0.Mathlib.Linter.globalAttributeInLinter.globalAttributeIn._lam_0._boxed took 6.23ms
interpretation of _private.Mathlib.Tactic.Linter.HashCommandLinter.0.Mathlib.Linter.HashCommandLinter.withSetOptionIn'._boxed took 6.18ms
interpretation of _private.Mathlib.Tactic.Linter.FlexibleLinter.0.Mathlib.Linter.Flexible.flexibleLinter._lam_0._boxed took 1.81ms
interpretation of _private.Mathlib.Tactic.Linter.Multigoal.0.Mathlib.Linter.Style.multiGoal.multiGoalLinter._lam_0._boxed took 2.57ms
interpretation of _private.Mathlib.Tactic.Linter.OldObtain.0.Mathlib.Linter.Style.oldObtainLinter._lam_0._boxed took 1.89ms
interpretation of Mathlib.Linter.UnusedInstancesInType.withSetBoolOptionIn._boxed took 7.62ms
interpretation of Mathlib.Linter.UnusedInstancesInType.withSetBoolOptionIn._boxed took 0.614ms
overlappingInstancesLinter took 7.43ms
interpretation of Mathlib.Linter.UnusedInstancesInType.withSetBoolOptionIn._boxed took 4.03ms
interpretation of _private.Mathlib.Tactic.Linter.PrivateModule.0.Mathlib.Linter.privateModule._lam_1._boxed took 5.09ms
interpretation of _private.Mathlib.Tactic.Linter.UnusedTactic.0.Mathlib.Linter.UnusedTactic.unusedTacticLinter._lam_0._boxed took 24.2ms
interpretation of _private.Mathlib.Tactic.Linter.Style.0.Mathlib.Linter.Style.setOption.setOptionLinter._lam_0._boxed took 1.86ms
interpretation of _private.Mathlib.Tactic.Linter.Style.0.Mathlib.Linter.Style.missingEnd.missingEndLinter._lam_0._boxed took 4.33ms
interpretation of _private.Mathlib.Tactic.Linter.Style.0.Mathlib.Linter.Style.cdotLinter._lam_0._boxed took 0.911ms
interpretation of _private.Mathlib.Tactic.Linter.Style.0.Mathlib.Linter.Style.dollarSyntax.dollarSyntaxLinter._lam_0._boxed took 1.1ms
interpretation of _private.Mathlib.Tactic.Linter.Style.0.Mathlib.Linter.Style.lambdaSyntax.lambdaSyntaxLinter._lam_0._boxed took 0.93ms
interpretation of _private.Mathlib.Tactic.Linter.Style.0.Mathlib.Linter.Style.longFile.longFileLinter._lam_0._boxed took 1.8ms
interpretation of _private.Mathlib.Tactic.Linter.Style.0.Mathlib.Linter.Style.longLine.longLineLinter._lam_0._boxed took 1.42ms
interpretation of _private.Mathlib.Tactic.Linter.Style.0.Mathlib.Linter.Style.nameCheck.doubleUnderscore._lam_2._boxed took 10.7ms
interpretation of _private.Mathlib.Tactic.Linter.Style.0.Mathlib.Linter.Style.openClassical.openClassicalLinter._lam_0._boxed took 0.994ms
interpretation of _private.Mathlib.Tactic.Linter.Whitespace.0.Mathlib.Linter.Style.Whitespace.whitespaceLinter._lam_4._boxed took 1.87ms
tacticAnalysis took 48.5ms
interpretation of Mathlib.TacticAnalysis.tacticAnalysis._lam_1._boxed took 1.4ms
interpretation of _private.Mathlib.Tactic.Linter.Lint.0.Mathlib.Linter.DupNamespaceLinter.dupNamespace._lam_1._boxed took 11.8ms
linting took 3.22ms
elaboration took 0.373ms
parsing took 0.71ms
interpretation of _private.Mathlib.Tactic.Linter.Header.0.Mathlib.Linter.Style.header.headerLinter._lam_3._boxed took 0.338ms
interpretation of _private.Mathlib.Tactic.Linter.AuxLemma.0.Mathlib.Linter.AuxLemma.auxLemmaLinter._lam_1._boxed took 0.18ms
interpretation of _private.Mathlib.Tactic.Linter.DeprecatedSyntaxLinter.0.Mathlib.Linter.Style.deprecatedSyntaxLinter._lam_1._boxed took 0.112ms
interpretation of _private.Mathlib.Tactic.Linter.DocPrime.0.Mathlib.Linter.DocPrime.docPrimeLinter._lam_3._boxed took 0.0659ms
interpretation of _private.Mathlib.Tactic.Linter.DocString.0.Mathlib.Linter.Style.docStringLinter._lam_0._boxed took 0.515ms
interpretation of _private.Mathlib.Tactic.Linter.DocString.0.Mathlib.Linter.Style.moduleDocVersoLinter._lam_0._boxed took 0.0614ms
interpretation of Mathlib.Linter.EmptyLine.emptyLineLinter._lam_2._boxed took 0.06ms
interpretation of _private.Mathlib.Tactic.Linter.GlobalAttributeIn.0.Mathlib.Linter.globalAttributeInLinter.globalAttributeIn._lam_0._boxed took 0.224ms
interpretation of _private.Mathlib.Tactic.Linter.HashCommandLinter.0.Mathlib.Linter.HashCommandLinter.withSetOptionIn'._boxed took 0.116ms
interpretation of _private.Mathlib.Tactic.Linter.FlexibleLinter.0.Mathlib.Linter.Flexible.flexibleLinter._lam_0._boxed took 0.0515ms
interpretation of _private.Mathlib.Tactic.Linter.Multigoal.0.Mathlib.Linter.Style.multiGoal.multiGoalLinter._lam_0._boxed took 0.0494ms
interpretation of _private.Mathlib.Tactic.Linter.OldObtain.0.Mathlib.Linter.Style.oldObtainLinter._lam_0._boxed took 0.0389ms
interpretation of Mathlib.Linter.UnusedInstancesInType.withSetBoolOptionIn._boxed took 0.106ms
interpretation of Mathlib.Linter.UnusedInstancesInType.withSetBoolOptionIn._boxed took 0.106ms
overlappingInstancesLinter took 0.149ms
interpretation of Mathlib.Linter.UnusedInstancesInType.withSetBoolOptionIn._boxed took 0.197ms
interpretation of _private.Mathlib.Tactic.Linter.PrivateModule.0.Mathlib.Linter.privateModule._lam_1._boxed took 0.0478ms
interpretation of _private.Mathlib.Tactic.Linter.UnusedTactic.0.Mathlib.Linter.UnusedTactic.unusedTacticLinter._lam_0._boxed took 1.22ms
interpretation of _private.Mathlib.Tactic.Linter.Style.0.Mathlib.Linter.Style.setOption.setOptionLinter._lam_0._boxed took 0.0428ms
interpretation of _private.Mathlib.Tactic.Linter.Style.0.Mathlib.Linter.Style.missingEnd.missingEndLinter._lam_0._boxed took 0.0429ms
interpretation of _private.Mathlib.Tactic.Linter.Style.0.Mathlib.Linter.Style.cdotLinter._lam_0._boxed took 0.0243ms
interpretation of _private.Mathlib.Tactic.Linter.Style.0.Mathlib.Linter.Style.dollarSyntax.dollarSyntaxLinter._lam_0._boxed took 0.0174ms
interpretation of _private.Mathlib.Tactic.Linter.Style.0.Mathlib.Linter.Style.lambdaSyntax.lambdaSyntaxLinter._lam_0._boxed took 0.0202ms
interpretation of _private.Mathlib.Tactic.Linter.Style.0.Mathlib.Linter.Style.longFile.longFileLinter._lam_0._boxed took 0.0229ms
interpretation of _private.Mathlib.Tactic.Linter.Style.0.Mathlib.Linter.Style.longLine.longLineLinter._lam_0._boxed took 0.0186ms
interpretation of _private.Mathlib.Tactic.Linter.Style.0.Mathlib.Linter.Style.nameCheck.doubleUnderscore._lam_2._boxed took 0.19ms
interpretation of _private.Mathlib.Tactic.Linter.Style.0.Mathlib.Linter.Style.openClassical.openClassicalLinter._lam_0._boxed took 0.0201ms
interpretation of _private.Mathlib.Tactic.Linter.Whitespace.0.Mathlib.Linter.Style.Whitespace.whitespaceLinter._lam_4._boxed took 0.0248ms
tacticAnalysis took 0.291ms
interpretation of Mathlib.TacticAnalysis.tacticAnalysis._lam_1._boxed took 0.0531ms
interpretation of _private.Mathlib.Tactic.Linter.Lint.0.Mathlib.Linter.DupNamespaceLinter.dupNamespace._lam_1._boxed took 0.0724ms
linting took 1.88ms
elaboration took 0.474ms
parsing took 0.0388ms
interpretation of _private.Mathlib.Tactic.Linter.Header.0.Mathlib.Linter.Style.header.headerLinter._lam_3._boxed took 0.0474ms
interpretation of _private.Mathlib.Tactic.Linter.AuxLemma.0.Mathlib.Linter.AuxLemma.auxLemmaLinter._lam_1._boxed took 9.11ms
interpretation of _private.Mathlib.Tactic.Linter.DeprecatedSyntaxLinter.0.Mathlib.Linter.Style.deprecatedSyntaxLinter._lam_1._boxed took 0.0618ms
interpretation of _private.Mathlib.Tactic.Linter.DocPrime.0.Mathlib.Linter.DocPrime.docPrimeLinter._lam_3._boxed took 0.0452ms
interpretation of _private.Mathlib.Tactic.Linter.DocString.0.Mathlib.Linter.Style.docStringLinter._lam_0._boxed took 0.12ms
interpretation of _private.Mathlib.Tactic.Linter.DocString.0.Mathlib.Linter.Style.moduleDocVersoLinter._lam_0._boxed took 0.0222ms
interpretation of Mathlib.Linter.EmptyLine.emptyLineLinter._lam_2._boxed took 0.0222ms
interpretation of _private.Mathlib.Tactic.Linter.GlobalAttributeIn.0.Mathlib.Linter.globalAttributeInLinter.globalAttributeIn._lam_0._boxed took 0.0717ms
interpretation of _private.Mathlib.Tactic.Linter.HashCommandLinter.0.Mathlib.Linter.HashCommandLinter.withSetOptionIn'._boxed took 0.0473ms
interpretation of _private.Mathlib.Tactic.Linter.FlexibleLinter.0.Mathlib.Linter.Flexible.flexibleLinter._lam_0._boxed took 0.0244ms
interpretation of _private.Mathlib.Tactic.Linter.Multigoal.0.Mathlib.Linter.Style.multiGoal.multiGoalLinter._lam_0._boxed took 0.0216ms
interpretation of _private.Mathlib.Tactic.Linter.OldObtain.0.Mathlib.Linter.Style.oldObtainLinter._lam_0._boxed took 0.0182ms
interpretation of Mathlib.Linter.UnusedInstancesInType.withSetBoolOptionIn._boxed took 0.0437ms
interpretation of Mathlib.Linter.UnusedInstancesInType.withSetBoolOptionIn._boxed took 0.0436ms
overlappingInstancesLinter took 0.086ms
interpretation of Mathlib.Linter.UnusedInstancesInType.withSetBoolOptionIn._boxed took 0.0845ms
interpretation of _private.Mathlib.Tactic.Linter.PrivateModule.0.Mathlib.Linter.privateModule._lam_1._boxed took 0.0217ms
interpretation of _private.Mathlib.Tactic.Linter.UnusedTactic.0.Mathlib.Linter.UnusedTactic.unusedTacticLinter._lam_0._boxed took 0.406ms
interpretation of _private.Mathlib.Tactic.Linter.Style.0.Mathlib.Linter.Style.setOption.setOptionLinter._lam_0._boxed took 0.0304ms
interpretation of _private.Mathlib.Tactic.Linter.Style.0.Mathlib.Linter.Style.missingEnd.missingEndLinter._lam_0._boxed took 0.0415ms
interpretation of _private.Mathlib.Tactic.Linter.Style.0.Mathlib.Linter.Style.cdotLinter._lam_0._boxed took 0.0205ms
interpretation of _private.Mathlib.Tactic.Linter.Style.0.Mathlib.Linter.Style.dollarSyntax.dollarSyntaxLinter._lam_0._boxed took 0.018ms
interpretation of _private.Mathlib.Tactic.Linter.Style.0.Mathlib.Linter.Style.lambdaSyntax.lambdaSyntaxLinter._lam_0._boxed took 0.0174ms
interpretation of _private.Mathlib.Tactic.Linter.Style.0.Mathlib.Linter.Style.longFile.longFileLinter._lam_0._boxed took 0.0203ms
interpretation of _private.Mathlib.Tactic.Linter.Style.0.Mathlib.Linter.Style.longLine.longLineLinter._lam_0._boxed took 0.0178ms
interpretation of _private.Mathlib.Tactic.Linter.Style.0.Mathlib.Linter.Style.nameCheck.doubleUnderscore._lam_2._boxed took 0.147ms
interpretation of _private.Mathlib.Tactic.Linter.Style.0.Mathlib.Linter.Style.openClassical.openClassicalLinter._lam_0._boxed took 0.021ms
interpretation of _private.Mathlib.Tactic.Linter.Whitespace.0.Mathlib.Linter.Style.Whitespace.whitespaceLinter._lam_4._boxed took 0.0261ms
tacticAnalysis took 0.331ms
interpretation of Mathlib.TacticAnalysis.tacticAnalysis._lam_1._boxed took 0.0602ms
interpretation of _private.Mathlib.Tactic.Linter.Lint.0.Mathlib.Linter.DupNamespaceLinter.dupNamespace._lam_1._boxed took 0.0831ms
linting took 0.866ms
elaboration took 0.159ms
parsing took 0.0844ms
interpretation of _private.Mathlib.Tactic.Linter.Header.0.Mathlib.Linter.Style.header.headerLinter._lam_3._boxed took 0.0502ms
interpretation of _private.Mathlib.Tactic.Linter.AuxLemma.0.Mathlib.Linter.AuxLemma.auxLemmaLinter._lam_1._boxed took 0.0883ms
interpretation of _private.Mathlib.Tactic.Linter.DeprecatedSyntaxLinter.0.Mathlib.Linter.Style.deprecatedSyntaxLinter._lam_1._boxed took 0.0385ms
interpretation of _private.Mathlib.Tactic.Linter.DocPrime.0.Mathlib.Linter.DocPrime.docPrimeLinter._lam_3._boxed took 0.0236ms
interpretation of _private.Mathlib.Tactic.Linter.DocString.0.Mathlib.Linter.Style.docStringLinter._lam_0._boxed took 0.134ms
interpretation of _private.Mathlib.Tactic.Linter.DocString.0.Mathlib.Linter.Style.moduleDocVersoLinter._lam_0._boxed took 0.0229ms
interpretation of Mathlib.Linter.EmptyLine.emptyLineLinter._lam_2._boxed took 0.0232ms
interpretation of _private.Mathlib.Tactic.Linter.GlobalAttributeIn.0.Mathlib.Linter.globalAttributeInLinter.globalAttributeIn._lam_0._boxed took 0.0865ms
interpretation of _private.Mathlib.Tactic.Linter.HashCommandLinter.0.Mathlib.Linter.HashCommandLinter.withSetOptionIn'._boxed took 0.0473ms
interpretation of _private.Mathlib.Tactic.Linter.FlexibleLinter.0.Mathlib.Linter.Flexible.flexibleLinter._lam_0._boxed took 0.0625ms
interpretation of _private.Mathlib.Tactic.Linter.Multigoal.0.Mathlib.Linter.Style.multiGoal.multiGoalLinter._lam_0._boxed took 0.0226ms
interpretation of _private.Mathlib.Tactic.Linter.OldObtain.0.Mathlib.Linter.Style.oldObtainLinter._lam_0._boxed took 0.0194ms
interpretation of Mathlib.Linter.UnusedInstancesInType.withSetBoolOptionIn._boxed took 0.0636ms
interpretation of Mathlib.Linter.UnusedInstancesInType.withSetBoolOptionIn._boxed took 0.033ms
overlappingInstancesLinter took 0.0485ms
interpretation of Mathlib.Linter.UnusedInstancesInType.withSetBoolOptionIn._boxed took 0.0754ms
interpretation of _private.Mathlib.Tactic.Linter.PrivateModule.0.Mathlib.Linter.privateModule._lam_1._boxed took 0.0206ms
interpretation of _private.Mathlib.Tactic.Linter.UnusedTactic.0.Mathlib.Linter.UnusedTactic.unusedTacticLinter._lam_0._boxed took 0.429ms
interpretation of _private.Mathlib.Tactic.Linter.Style.0.Mathlib.Linter.Style.setOption.setOptionLinter._lam_0._boxed took 0.0282ms
interpretation of _private.Mathlib.Tactic.Linter.Style.0.Mathlib.Linter.Style.missingEnd.missingEndLinter._lam_0._boxed took 0.0394ms
interpretation of _private.Mathlib.Tactic.Linter.Style.0.Mathlib.Linter.Style.cdotLinter._lam_0._boxed took 0.0206ms
interpretation of _private.Mathlib.Tactic.Linter.Style.0.Mathlib.Linter.Style.dollarSyntax.dollarSyntaxLinter._lam_0._boxed took 0.0184ms
interpretation of _private.Mathlib.Tactic.Linter.Style.0.Mathlib.Linter.Style.lambdaSyntax.lambdaSyntaxLinter._lam_0._boxed took 0.0176ms
interpretation of _private.Mathlib.Tactic.Linter.Style.0.Mathlib.Linter.Style.longFile.longFileLinter._lam_0._boxed took 0.0212ms
interpretation of _private.Mathlib.Tactic.Linter.Style.0.Mathlib.Linter.Style.longLine.longLineLinter._lam_0._boxed took 0.0188ms
interpretation of _private.Mathlib.Tactic.Linter.Style.0.Mathlib.Linter.Style.nameCheck.doubleUnderscore._lam_2._boxed took 0.149ms
interpretation of _private.Mathlib.Tactic.Linter.Style.0.Mathlib.Linter.Style.openClassical.openClassicalLinter._lam_0._boxed took 0.0205ms
interpretation of _private.Mathlib.Tactic.Linter.Whitespace.0.Mathlib.Linter.Style.Whitespace.whitespaceLinter._lam_4._boxed took 0.0255ms
tacticAnalysis took 0.3ms
interpretation of Mathlib.TacticAnalysis.tacticAnalysis._lam_1._boxed took 0.0517ms
interpretation of _private.Mathlib.Tactic.Linter.Lint.0.Mathlib.Linter.DupNamespaceLinter.dupNamespace._lam_1._boxed took 0.0847ms
linting took 0.789ms
elaboration took 0.27ms
parsing took 0.715ms
attribute application took 0.0263ms
typeclass inference of Pure took 1.7ms
typeclass inference of Pure took 1.49ms
type checking took 0.531ms
type checking took 0.108ms
type checking took 0.0903ms
type checking took 0.0273ms
type checking took 0.0899ms
type checking took 0.268ms
type checking took 0.147ms
typeclass inference of OfNat took 0.193ms
typeclass inference of SizeOf took 0.0686ms
typeclass inference of HAdd took 0.352ms
type checking took 0.113ms
type checking took 0.0342ms
typeclass inference of OfNat took 0.118ms
typeclass inference of SizeOf took 0.0644ms
typeclass inference of HAdd took 0.293ms
type checking took 0.311ms
congr simp thm took 0.0828ms
congr simp thm took 0.126ms
simp took 0.618ms
simp took 0.0294ms
type checking took 0.23ms
type checking took 0.298ms
type checking took 0.0341ms
type checking took 0.0263ms
type checking took 0.0321ms
type checking took 0.113ms
attribute application took 0.0063ms
typeclass inference of Inhabited took 0.0969ms
type checking took 0.145ms
compilation (LCNF base) took 4.29ms
compilation (LCNF mono) took 0.393ms
compilation (LCNF mono) took 0.415ms
compilation (LCNF impure) took 0.518ms
compilation (IR) took 0.148ms
compilation (LCNF mono) took 0.415ms
compilation (LCNF impure) took 0.286ms
compilation (IR) took 0.05ms
attribute application took 0.0197ms
instantiate metavars took 0.0057ms
instantiate metavars took 0.0011ms
instantiate metavars took 0.0034ms
instantiate metavars took 0.0011ms
instantiate metavars took 0.0008ms
instantiate metavars took 0.0009ms
instantiate metavars took 0.0006ms
share common exprs took 0.0212ms
fix level params took 0.0137ms
let-to-have transformation took 0.0331ms
let-to-have transformation took 0.0026ms
type checking took 0.071ms
attribute application took 0.241ms
compilation (LCNF base) took 0.316ms
compilation (LCNF mono) took 0.0635ms
compilation (LCNF mono) took 0.0967ms
compilation (LCNF impure) took 0.111ms
compilation (IR) took 0.0596ms
attribute application took 0.0087ms
process pre-definitions took 0.883ms
attribute application took 0.0031ms
interpretation of _private.Mathlib.Tactic.Linter.Header.0.Mathlib.Linter.Style.header.headerLinter._lam_3._boxed took 0.0662ms
interpretation of _private.Mathlib.Tactic.Linter.AuxLemma.0.Mathlib.Linter.AuxLemma.auxLemmaLinter._lam_1._boxed took 0.178ms
interpretation of _private.Mathlib.Tactic.Linter.DeprecatedSyntaxLinter.0.Mathlib.Linter.Style.deprecatedSyntaxLinter._lam_1._boxed took 0.0456ms
interpretation of _private.Mathlib.Tactic.Linter.DocPrime.0.Mathlib.Linter.DocPrime.docPrimeLinter._lam_3._boxed took 0.0247ms
interpretation of _private.Mathlib.Tactic.Linter.DocString.0.Mathlib.Linter.Style.docStringLinter._lam_0._boxed took 18.4ms
interpretation of _private.Mathlib.Tactic.Linter.DocString.0.Mathlib.Linter.Style.moduleDocVersoLinter._lam_0._boxed took 0.0733ms
interpretation of Mathlib.Linter.EmptyLine.emptyLineLinter._lam_2._boxed took 0.0345ms
interpretation of _private.Mathlib.Tactic.Linter.GlobalAttributeIn.0.Mathlib.Linter.globalAttributeInLinter.globalAttributeIn._lam_0._boxed took 0.432ms
interpretation of _private.Mathlib.Tactic.Linter.HashCommandLinter.0.Mathlib.Linter.HashCommandLinter.withSetOptionIn'._boxed took 0.156ms
interpretation of _private.Mathlib.Tactic.Linter.FlexibleLinter.0.Mathlib.Linter.Flexible.flexibleLinter._lam_0._boxed took 0.0298ms
interpretation of _private.Mathlib.Tactic.Linter.Multigoal.0.Mathlib.Linter.Style.multiGoal.multiGoalLinter._lam_0._boxed took 0.0269ms
interpretation of _private.Mathlib.Tactic.Linter.OldObtain.0.Mathlib.Linter.Style.oldObtainLinter._lam_0._boxed took 0.0341ms
interpretation of Mathlib.Linter.UnusedInstancesInType.withSetBoolOptionIn._boxed took 0.0544ms
interpretation of Mathlib.Linter.UnusedInstancesInType.withSetBoolOptionIn._boxed took 0.058ms
overlappingInstancesLinter took 21.7ms
interpretation of Mathlib.Linter.UnusedInstancesInType.withSetBoolOptionIn._boxed took 0.159ms
interpretation of _private.Mathlib.Tactic.Linter.PrivateModule.0.Mathlib.Linter.privateModule._lam_1._boxed took 0.0502ms
interpretation of _private.Mathlib.Tactic.Linter.UnusedTactic.0.Mathlib.Linter.UnusedTactic.unusedTacticLinter._lam_0._boxed took 1.89ms
interpretation of _private.Mathlib.Tactic.Linter.Style.0.Mathlib.Linter.Style.setOption.setOptionLinter._lam_0._boxed took 0.0657ms
interpretation of _private.Mathlib.Tactic.Linter.Style.0.Mathlib.Linter.Style.missingEnd.missingEndLinter._lam_0._boxed took 0.0785ms
interpretation of _private.Mathlib.Tactic.Linter.Style.0.Mathlib.Linter.Style.cdotLinter._lam_0._boxed took 0.0568ms
interpretation of _private.Mathlib.Tactic.Linter.Style.0.Mathlib.Linter.Style.dollarSyntax.dollarSyntaxLinter._lam_0._boxed took 0.0325ms
interpretation of _private.Mathlib.Tactic.Linter.Style.0.Mathlib.Linter.Style.lambdaSyntax.lambdaSyntaxLinter._lam_0._boxed took 0.0292ms
interpretation of _private.Mathlib.Tactic.Linter.Style.0.Mathlib.Linter.Style.longFile.longFileLinter._lam_0._boxed took 0.0351ms
interpretation of _private.Mathlib.Tactic.Linter.Style.0.Mathlib.Linter.Style.longLine.longLineLinter._lam_0._boxed took 0.0301ms
interpretation of _private.Mathlib.Tactic.Linter.Style.0.Mathlib.Linter.Style.nameCheck.doubleUnderscore._lam_2._boxed took 1.55ms
interpretation of _private.Mathlib.Tactic.Linter.Style.0.Mathlib.Linter.Style.openClassical.openClassicalLinter._lam_0._boxed took 0.0322ms
interpretation of _private.Mathlib.Tactic.Linter.Whitespace.0.Mathlib.Linter.Style.Whitespace.whitespaceLinter._lam_4._boxed took 0.0301ms
tacticAnalysis took 2.74ms
interpretation of Mathlib.TacticAnalysis.tacticAnalysis._lam_1._boxed took 0.119ms
interpretation of _private.Mathlib.Tactic.Linter.Lint.0.Mathlib.Linter.DupNamespaceLinter.dupNamespace._lam_1._boxed took 6.95ms
linting took 1.9ms
elaboration took 26.9ms
parsing took 0.851ms
attribute application took 0.0119ms
type checking took 0.178ms
type checking took 0.0898ms
type checking took 0.0759ms
type checking took 0.0313ms
type checking took 0.102ms
type checking took 0.277ms
type checking took 0.143ms
typeclass inference of OfNat took 0.163ms
typeclass inference of SizeOf took 0.267ms
typeclass inference of HAdd took 0.304ms
type checking took 0.115ms
type checking took 0.0334ms
typeclass inference of OfNat took 0.124ms
typeclass inference of SizeOf took 0.227ms
typeclass inference of HAdd took 0.287ms
type checking took 0.3ms
congr simp thm took 0.039ms
congr simp thm took 0.0548ms
simp took 1.07ms
simp took 0.0459ms
type checking took 0.187ms
type checking took 0.269ms
type checking took 0.0325ms
type checking took 0.0276ms
type checking took 0.0816ms
attribute application took 0.0052ms
attribute application took 0.0026ms
interpretation of _private.Mathlib.Tactic.Linter.Header.0.Mathlib.Linter.Style.header.headerLinter._lam_3._boxed took 0.0641ms
interpretation of _private.Mathlib.Tactic.Linter.AuxLemma.0.Mathlib.Linter.AuxLemma.auxLemmaLinter._lam_1._boxed took 0.13ms
interpretation of _private.Mathlib.Tactic.Linter.DeprecatedSyntaxLinter.0.Mathlib.Linter.Style.deprecatedSyntaxLinter._lam_1._boxed took 0.037ms
interpretation of _private.Mathlib.Tactic.Linter.DocPrime.0.Mathlib.Linter.DocPrime.docPrimeLinter._lam_3._boxed took 0.0235ms
interpretation of _private.Mathlib.Tactic.Linter.DocString.0.Mathlib.Linter.Style.docStringLinter._lam_0._boxed took 0.661ms
interpretation of _private.Mathlib.Tactic.Linter.DocString.0.Mathlib.Linter.Style.moduleDocVersoLinter._lam_0._boxed took 0.0238ms
interpretation of Mathlib.Linter.EmptyLine.emptyLineLinter._lam_2._boxed took 0.0236ms
interpretation of _private.Mathlib.Tactic.Linter.GlobalAttributeIn.0.Mathlib.Linter.globalAttributeInLinter.globalAttributeIn._lam_0._boxed took 0.217ms
interpretation of _private.Mathlib.Tactic.Linter.HashCommandLinter.0.Mathlib.Linter.HashCommandLinter.withSetOptionIn'._boxed took 0.0514ms
interpretation of _private.Mathlib.Tactic.Linter.FlexibleLinter.0.Mathlib.Linter.Flexible.flexibleLinter._lam_0._boxed took 0.0289ms
interpretation of _private.Mathlib.Tactic.Linter.Multigoal.0.Mathlib.Linter.Style.multiGoal.multiGoalLinter._lam_0._boxed took 0.0205ms
interpretation of _private.Mathlib.Tactic.Linter.OldObtain.0.Mathlib.Linter.Style.oldObtainLinter._lam_0._boxed took 0.0177ms
interpretation of Mathlib.Linter.UnusedInstancesInType.withSetBoolOptionIn._boxed took 0.0434ms
interpretation of Mathlib.Linter.UnusedInstancesInType.withSetBoolOptionIn._boxed took 0.0294ms
overlappingInstancesLinter took 0.0991ms
interpretation of Mathlib.Linter.UnusedInstancesInType.withSetBoolOptionIn._boxed took 0.0738ms
interpretation of _private.Mathlib.Tactic.Linter.PrivateModule.0.Mathlib.Linter.privateModule._lam_1._boxed took 0.0179ms
interpretation of _private.Mathlib.Tactic.Linter.UnusedTactic.0.Mathlib.Linter.UnusedTactic.unusedTacticLinter._lam_0._boxed took 0.664ms
interpretation of _private.Mathlib.Tactic.Linter.Style.0.Mathlib.Linter.Style.setOption.setOptionLinter._lam_0._boxed took 0.0279ms
interpretation of _private.Mathlib.Tactic.Linter.Style.0.Mathlib.Linter.Style.missingEnd.missingEndLinter._lam_0._boxed took 0.0479ms
interpretation of _private.Mathlib.Tactic.Linter.Style.0.Mathlib.Linter.Style.cdotLinter._lam_0._boxed took 0.0214ms
interpretation of _private.Mathlib.Tactic.Linter.Style.0.Mathlib.Linter.Style.dollarSyntax.dollarSyntaxLinter._lam_0._boxed took 0.0166ms
interpretation of _private.Mathlib.Tactic.Linter.Style.0.Mathlib.Linter.Style.lambdaSyntax.lambdaSyntaxLinter._lam_0._boxed took 0.0196ms
interpretation of _private.Mathlib.Tactic.Linter.Style.0.Mathlib.Linter.Style.longFile.longFileLinter._lam_0._boxed took 0.0242ms
interpretation of _private.Mathlib.Tactic.Linter.Style.0.Mathlib.Linter.Style.longLine.longLineLinter._lam_0._boxed took 0.016ms
interpretation of _private.Mathlib.Tactic.Linter.Style.0.Mathlib.Linter.Style.nameCheck.doubleUnderscore._lam_2._boxed took 0.179ms
interpretation of _private.Mathlib.Tactic.Linter.Style.0.Mathlib.Linter.Style.openClassical.openClassicalLinter._lam_0._boxed took 0.0194ms
interpretation of _private.Mathlib.Tactic.Linter.Whitespace.0.Mathlib.Linter.Style.Whitespace.whitespaceLinter._lam_4._boxed took 0.0236ms
tacticAnalysis took 0.51ms
interpretation of Mathlib.TacticAnalysis.tacticAnalysis._lam_1._boxed took 0.0544ms
interpretation of _private.Mathlib.Tactic.Linter.Lint.0.Mathlib.Linter.DupNamespaceLinter.dupNamespace._lam_1._boxed took 0.252ms
linting took 0.897ms
elaboration took 9.58ms
parsing took 0.57ms
attribute application took 0.0151ms
instantiate metavars took 0.0061ms
instantiate metavars took 0.0025ms
typeclass inference of STWorld took 3.22ms
instantiate metavars took 0.0049ms
instantiate metavars took 0.001ms
instantiate metavars took 0.0017ms
instantiate metavars took 0.0014ms
instantiate metavars took 0.0005ms
share common exprs took 0.0189ms
fix level params took 0.0053ms
let-to-have transformation took 0.0037ms
let-to-have transformation took 0.002ms
type checking took 0.0687ms
attribute application took 0.0776ms
attribute application took 0.0052ms
process pre-definitions took 0.289ms
interpretation of _private.Mathlib.Tactic.Linter.Header.0.Mathlib.Linter.Style.header.headerLinter._lam_3._boxed took 0.151ms
interpretation of _private.Mathlib.Tactic.Linter.AuxLemma.0.Mathlib.Linter.AuxLemma.auxLemmaLinter._lam_1._boxed took 0.223ms
interpretation of _private.Mathlib.Tactic.Linter.DeprecatedSyntaxLinter.0.Mathlib.Linter.Style.deprecatedSyntaxLinter._lam_1._boxed took 0.0628ms
interpretation of _private.Mathlib.Tactic.Linter.DocPrime.0.Mathlib.Linter.DocPrime.docPrimeLinter._lam_3._boxed took 0.0374ms
interpretation of _private.Mathlib.Tactic.Linter.DocString.0.Mathlib.Linter.Style.docStringLinter._lam_0._boxed took 0.64ms
interpretation of _private.Mathlib.Tactic.Linter.DocString.0.Mathlib.Linter.Style.moduleDocVersoLinter._lam_0._boxed took 0.031ms
interpretation of Mathlib.Linter.EmptyLine.emptyLineLinter._lam_2._boxed took 0.043ms
interpretation of _private.Mathlib.Tactic.Linter.GlobalAttributeIn.0.Mathlib.Linter.globalAttributeInLinter.globalAttributeIn._lam_0._boxed took 0.176ms
interpretation of _private.Mathlib.Tactic.Linter.HashCommandLinter.0.Mathlib.Linter.HashCommandLinter.withSetOptionIn'._boxed took 0.0699ms
interpretation of _private.Mathlib.Tactic.Linter.FlexibleLinter.0.Mathlib.Linter.Flexible.flexibleLinter._lam_0._boxed took 0.0357ms
interpretation of _private.Mathlib.Tactic.Linter.Multigoal.0.Mathlib.Linter.Style.multiGoal.multiGoalLinter._lam_0._boxed took 0.023ms
interpretation of _private.Mathlib.Tactic.Linter.OldObtain.0.Mathlib.Linter.Style.oldObtainLinter._lam_0._boxed took 0.0397ms
interpretation of Mathlib.Linter.UnusedInstancesInType.withSetBoolOptionIn._boxed took 0.0467ms
interpretation of Mathlib.Linter.UnusedInstancesInType.withSetBoolOptionIn._boxed took 0.0307ms
overlappingInstancesLinter took 0.274ms
interpretation of Mathlib.Linter.UnusedInstancesInType.withSetBoolOptionIn._boxed took 0.125ms
interpretation of _private.Mathlib.Tactic.Linter.PrivateModule.0.Mathlib.Linter.privateModule._lam_1._boxed took 0.0301ms
interpretation of _private.Mathlib.Tactic.Linter.UnusedTactic.0.Mathlib.Linter.UnusedTactic.unusedTacticLinter._lam_0._boxed took 0.848ms
interpretation of _private.Mathlib.Tactic.Linter.Style.0.Mathlib.Linter.Style.setOption.setOptionLinter._lam_0._boxed took 0.0321ms
interpretation of _private.Mathlib.Tactic.Linter.Style.0.Mathlib.Linter.Style.missingEnd.missingEndLinter._lam_0._boxed took 0.0494ms
interpretation of _private.Mathlib.Tactic.Linter.Style.0.Mathlib.Linter.Style.cdotLinter._lam_0._boxed took 0.0195ms
interpretation of _private.Mathlib.Tactic.Linter.Style.0.Mathlib.Linter.Style.dollarSyntax.dollarSyntaxLinter._lam_0._boxed took 0.0162ms
interpretation of _private.Mathlib.Tactic.Linter.Style.0.Mathlib.Linter.Style.lambdaSyntax.lambdaSyntaxLinter._lam_0._boxed took 0.0157ms
interpretation of _private.Mathlib.Tactic.Linter.Style.0.Mathlib.Linter.Style.longFile.longFileLinter._lam_0._boxed took 0.0216ms
interpretation of _private.Mathlib.Tactic.Linter.Style.0.Mathlib.Linter.Style.longLine.longLineLinter._lam_0._boxed took 0.0182ms
interpretation of _private.Mathlib.Tactic.Linter.Style.0.Mathlib.Linter.Style.nameCheck.doubleUnderscore._lam_2._boxed took 0.207ms
interpretation of _private.Mathlib.Tactic.Linter.Style.0.Mathlib.Linter.Style.openClassical.openClassicalLinter._lam_0._boxed took 0.046ms
interpretation of _private.Mathlib.Tactic.Linter.Whitespace.0.Mathlib.Linter.Style.Whitespace.whitespaceLinter._lam_4._boxed took 0.0353ms
tacticAnalysis took 0.482ms
interpretation of Mathlib.TacticAnalysis.tacticAnalysis._lam_1._boxed took 0.0645ms
interpretation of _private.Mathlib.Tactic.Linter.Lint.0.Mathlib.Linter.DupNamespaceLinter.dupNamespace._lam_1._boxed took 0.17ms
linting took 0.992ms
elaboration took 1.85ms
parsing took 0.773ms
attribute application took 0.0056ms
typeclass inference of Pure took 0.305ms
typeclass inference of Pure took 0.667ms
instantiate metavars took 0.0065ms
instantiate metavars took 0.0009ms
typeclass inference of Insert took 0.249ms
typeclass inference of Singleton took 0.204ms
typeclass inference of Singleton took 0.0613ms
typeclass inference of Singleton took 0.0053ms
typeclass inference of Monad took 0.094ms
typeclass inference of MonadLiftT took 4.34ms
typeclass inference of EmptyCollection took 0.511ms
typeclass inference of EmptyCollection took 0.0677ms
instantiate metavars took 0.0069ms
instantiate metavars took 0.0011ms
instantiate metavars took 0.0006ms
instantiate metavars took 0.0007ms
instantiate metavars took 0.0005ms
share common exprs took 0.107ms
fix level params took 0.0211ms
let-to-have transformation took 0.0093ms
let-to-have transformation took 0.005ms
type checking took 0.39ms
attribute application took 0.0064ms
compilation (LCNF base) took 6.41ms
compilation (LCNF mono) took 0.649ms
compilation (LCNF mono) took 0.824ms
compilation (LCNF impure) took 0.75ms
compilation (IR) took 0.117ms
compilation (LCNF mono) took 0.215ms
compilation (LCNF impure) took 0.174ms
compilation (IR) took 0.0481ms
attribute application took 0.0061ms
process pre-definitions took 8ms
interpretation of _private.Mathlib.Tactic.Linter.Header.0.Mathlib.Linter.Style.header.headerLinter._lam_3._boxed took 0.0765ms
interpretation of _private.Mathlib.Tactic.Linter.AuxLemma.0.Mathlib.Linter.AuxLemma.auxLemmaLinter._lam_1._boxed took 0.22ms
interpretation of _private.Mathlib.Tactic.Linter.DeprecatedSyntaxLinter.0.Mathlib.Linter.Style.deprecatedSyntaxLinter._lam_1._boxed took 0.0366ms
interpretation of _private.Mathlib.Tactic.Linter.DocPrime.0.Mathlib.Linter.DocPrime.docPrimeLinter._lam_3._boxed took 0.0223ms
interpretation of _private.Mathlib.Tactic.Linter.DocString.0.Mathlib.Linter.Style.docStringLinter._lam_0._boxed took 0.564ms
interpretation of _private.Mathlib.Tactic.Linter.DocString.0.Mathlib.Linter.Style.moduleDocVersoLinter._lam_0._boxed took 0.0233ms
interpretation of Mathlib.Linter.EmptyLine.emptyLineLinter._lam_2._boxed took 0.022ms
interpretation of _private.Mathlib.Tactic.Linter.GlobalAttributeIn.0.Mathlib.Linter.globalAttributeInLinter.globalAttributeIn._lam_0._boxed took 0.41ms
interpretation of _private.Mathlib.Tactic.Linter.HashCommandLinter.0.Mathlib.Linter.HashCommandLinter.withSetOptionIn'._boxed took 0.0526ms
interpretation of _private.Mathlib.Tactic.Linter.FlexibleLinter.0.Mathlib.Linter.Flexible.flexibleLinter._lam_0._boxed took 0.0248ms
interpretation of _private.Mathlib.Tactic.Linter.Multigoal.0.Mathlib.Linter.Style.multiGoal.multiGoalLinter._lam_0._boxed took 0.03ms
interpretation of _private.Mathlib.Tactic.Linter.OldObtain.0.Mathlib.Linter.Style.oldObtainLinter._lam_0._boxed took 0.0182ms
interpretation of Mathlib.Linter.UnusedInstancesInType.withSetBoolOptionIn._boxed took 0.0433ms
interpretation of Mathlib.Linter.UnusedInstancesInType.withSetBoolOptionIn._boxed took 0.0305ms
overlappingInstancesLinter took 0.216ms
interpretation of Mathlib.Linter.UnusedInstancesInType.withSetBoolOptionIn._boxed took 0.081ms
interpretation of _private.Mathlib.Tactic.Linter.PrivateModule.0.Mathlib.Linter.privateModule._lam_1._boxed took 0.0349ms
interpretation of _private.Mathlib.Tactic.Linter.UnusedTactic.0.Mathlib.Linter.UnusedTactic.unusedTacticLinter._lam_0._boxed took 1.1ms
interpretation of _private.Mathlib.Tactic.Linter.Style.0.Mathlib.Linter.Style.setOption.setOptionLinter._lam_0._boxed took 0.0353ms
interpretation of _private.Mathlib.Tactic.Linter.Style.0.Mathlib.Linter.Style.missingEnd.missingEndLinter._lam_0._boxed took 0.0417ms
interpretation of _private.Mathlib.Tactic.Linter.Style.0.Mathlib.Linter.Style.cdotLinter._lam_0._boxed took 0.0189ms
interpretation of _private.Mathlib.Tactic.Linter.Style.0.Mathlib.Linter.Style.dollarSyntax.dollarSyntaxLinter._lam_0._boxed took 0.0164ms
interpretation of _private.Mathlib.Tactic.Linter.Style.0.Mathlib.Linter.Style.lambdaSyntax.lambdaSyntaxLinter._lam_0._boxed took 0.0149ms
interpretation of _private.Mathlib.Tactic.Linter.Style.0.Mathlib.Linter.Style.longFile.longFileLinter._lam_0._boxed took 0.0377ms
interpretation of _private.Mathlib.Tactic.Linter.Style.0.Mathlib.Linter.Style.longLine.longLineLinter._lam_0._boxed took 0.016ms
interpretation of _private.Mathlib.Tactic.Linter.Style.0.Mathlib.Linter.Style.nameCheck.doubleUnderscore._lam_2._boxed took 0.243ms
interpretation of _private.Mathlib.Tactic.Linter.Style.0.Mathlib.Linter.Style.openClassical.openClassicalLinter._lam_0._boxed took 0.0232ms
interpretation of _private.Mathlib.Tactic.Linter.Whitespace.0.Mathlib.Linter.Style.Whitespace.whitespaceLinter._lam_4._boxed took 0.0243ms
tacticAnalysis took 1.45ms
interpretation of Mathlib.TacticAnalysis.tacticAnalysis._lam_1._boxed took 0.112ms
interpretation of _private.Mathlib.Tactic.Linter.Lint.0.Mathlib.Linter.DupNamespaceLinter.dupNamespace._lam_1._boxed took 0.415ms
linting took 1.25ms
elaboration took 7.11ms
parsing took 0.81ms
attribute application took 0.0054ms
instantiate metavars took 0.002ms
instantiate metavars took 0.001ms
typeclass inference of Monad took 0.145ms
typeclass inference of Pure took 0.759ms
do element elaborator of Lean.Parser.Term.doExpr took 1.25ms
typeclass inference of MonadExcept took 4.91ms
typeclass inference of Pure took 0.257ms
typeclass inference of Pure took 0.0113ms
typeclass inference of Monad took 0.0093ms
typeclass inference of Pure took 0.007ms
do element elaborator of Lean.Parser.Term.doExpr took 0.827ms
typeclass inference of Pure took 0.008ms
typeclass inference of Pure took 0.0061ms
do element elaborator of Lean.Parser.Term.doTry took 3.01ms
instantiate metavars took 0.0064ms
instantiate metavars took 0.001ms
instantiate metavars took 0.0006ms
instantiate metavars took 0.0007ms
instantiate metavars took 0.0005ms
share common exprs took 0.077ms
fix level params took 0.0132ms
let-to-have transformation took 0.0041ms
let-to-have transformation took 0.0054ms
type checking took 0.307ms
attribute application took 0.0045ms
compilation (LCNF base) took 6.2ms
compilation (LCNF mono) took 0.556ms
compilation (LCNF mono) took 0.58ms
compilation (LCNF impure) took 0.494ms
compilation (IR) took 0.161ms
attribute application took 0.0063ms
process pre-definitions took 9.52ms
interpretation of _private.Mathlib.Tactic.Linter.Header.0.Mathlib.Linter.Style.header.headerLinter._lam_3._boxed took 0.0764ms
interpretation of _private.Mathlib.Tactic.Linter.AuxLemma.0.Mathlib.Linter.AuxLemma.auxLemmaLinter._lam_1._boxed took 0.151ms
interpretation of _private.Mathlib.Tactic.Linter.DeprecatedSyntaxLinter.0.Mathlib.Linter.Style.deprecatedSyntaxLinter._lam_1._boxed took 0.0396ms
interpretation of _private.Mathlib.Tactic.Linter.DocPrime.0.Mathlib.Linter.DocPrime.docPrimeLinter._lam_3._boxed took 0.0238ms
interpretation of _private.Mathlib.Tactic.Linter.DocString.0.Mathlib.Linter.Style.docStringLinter._lam_0._boxed took 0.854ms
interpretation of _private.Mathlib.Tactic.Linter.DocString.0.Mathlib.Linter.Style.moduleDocVersoLinter._lam_0._boxed took 0.0251ms
interpretation of Mathlib.Linter.EmptyLine.emptyLineLinter._lam_2._boxed took 0.0237ms
interpretation of _private.Mathlib.Tactic.Linter.GlobalAttributeIn.0.Mathlib.Linter.globalAttributeInLinter.globalAttributeIn._lam_0._boxed took 0.253ms
interpretation of _private.Mathlib.Tactic.Linter.HashCommandLinter.0.Mathlib.Linter.HashCommandLinter.withSetOptionIn'._boxed took 0.0537ms
interpretation of _private.Mathlib.Tactic.Linter.FlexibleLinter.0.Mathlib.Linter.Flexible.flexibleLinter._lam_0._boxed took 0.0258ms
interpretation of _private.Mathlib.Tactic.Linter.Multigoal.0.Mathlib.Linter.Style.multiGoal.multiGoalLinter._lam_0._boxed took 0.0213ms
interpretation of _private.Mathlib.Tactic.Linter.OldObtain.0.Mathlib.Linter.Style.oldObtainLinter._lam_0._boxed took 0.0293ms
interpretation of Mathlib.Linter.UnusedInstancesInType.withSetBoolOptionIn._boxed took 0.0416ms
interpretation of Mathlib.Linter.UnusedInstancesInType.withSetBoolOptionIn._boxed took 0.0308ms
overlappingInstancesLinter took 0.222ms
interpretation of Mathlib.Linter.UnusedInstancesInType.withSetBoolOptionIn._boxed took 0.0782ms
interpretation of _private.Mathlib.Tactic.Linter.PrivateModule.0.Mathlib.Linter.privateModule._lam_1._boxed took 0.0197ms
interpretation of _private.Mathlib.Tactic.Linter.UnusedTactic.0.Mathlib.Linter.UnusedTactic.unusedTacticLinter._lam_0._boxed took 0.776ms
interpretation of _private.Mathlib.Tactic.Linter.Style.0.Mathlib.Linter.Style.setOption.setOptionLinter._lam_0._boxed took 0.0305ms
interpretation of _private.Mathlib.Tactic.Linter.Style.0.Mathlib.Linter.Style.missingEnd.missingEndLinter._lam_0._boxed took 0.0487ms
interpretation of _private.Mathlib.Tactic.Linter.Style.0.Mathlib.Linter.Style.cdotLinter._lam_0._boxed took 0.0206ms
interpretation of _private.Mathlib.Tactic.Linter.Style.0.Mathlib.Linter.Style.dollarSyntax.dollarSyntaxLinter._lam_0._boxed took 0.0169ms
interpretation of _private.Mathlib.Tactic.Linter.Style.0.Mathlib.Linter.Style.lambdaSyntax.lambdaSyntaxLinter._lam_0._boxed took 0.0154ms
interpretation of _private.Mathlib.Tactic.Linter.Style.0.Mathlib.Linter.Style.longFile.longFileLinter._lam_0._boxed took 0.02ms
interpretation of _private.Mathlib.Tactic.Linter.Style.0.Mathlib.Linter.Style.longLine.longLineLinter._lam_0._boxed took 0.0172ms
interpretation of _private.Mathlib.Tactic.Linter.Style.0.Mathlib.Linter.Style.nameCheck.doubleUnderscore._lam_2._boxed took 0.201ms
interpretation of _private.Mathlib.Tactic.Linter.Style.0.Mathlib.Linter.Style.openClassical.openClassicalLinter._lam_0._boxed took 0.0206ms
interpretation of _private.Mathlib.Tactic.Linter.Whitespace.0.Mathlib.Linter.Style.Whitespace.whitespaceLinter._lam_4._boxed took 0.0255ms
tacticAnalysis took 0.843ms
interpretation of Mathlib.TacticAnalysis.tacticAnalysis._lam_1._boxed took 0.0641ms
interpretation of _private.Mathlib.Tactic.Linter.Lint.0.Mathlib.Linter.DupNamespaceLinter.dupNamespace._lam_1._boxed took 0.223ms
linting took 1.03ms
elaboration took 1.4ms
parsing took 1.44ms
attribute application took 0.0064ms
instantiate metavars took 0.0198ms
instantiate metavars took 0.0024ms
typeclass inference of MonadState took 0.975ms
typeclass inference of MonadState took 6.81ms
typeclass inference of ForIn' took 2.32ms
typeclass inference of MonadReader took 1.67ms
typeclass inference of MonadReader took 3.24ms
typeclass inference of MonadControlT took 0.388ms
typeclass inference of Monad took 0.29ms
typeclass inference of GetElem took 1.21ms
typeclass inference of MonadLiftT took 1.69ms
typeclass inference of MonadControlT took 2.87ms
typeclass inference of Monad took 0.752ms
typeclass inference of CoeT took 2.15ms
typeclass inference of Decidable took 0.493ms
typeclass inference of GetElem took 0.945ms
typeclass inference of Pure took 1.31ms
do element elaborator of Lean.Parser.Term.doReturn took 3.12ms
typeclass inference of Pure took 0.0146ms
do element elaborator of Lean.Parser.Term.InternalSyntax.doSkip took 0.196ms
do element elaborator of Lean.Parser.Term.doIf took 1.87ms
typeclass inference of Bind took 1.13ms
do element elaborator of Lean.Parser.Term.doExpr took 6.31ms
do element elaborator of Lean.Parser.Term.doLetArrow took 0.373ms
typeclass inference of Bind took 0.0225ms
do element elaborator of Lean.Parser.Term.doExpr took 1.95ms
do element elaborator of Lean.Parser.Term.doLetArrow took 0.206ms
do element elaborator of Lean.Parser.Term.doIf took 0.149ms
do element elaborator of Lean.Parser.Term.doIf took 0.137ms
typeclass inference of MonadState took 1.5ms
typeclass inference of MonadState took 8.85ms
typeclass inference of Pure took 0.0162ms
typeclass inference of Pure took 0.0094ms
do element elaborator of Lean.Parser.Term.doExpr took 6.79ms
typeclass inference of Pure took 0.0099ms
typeclass inference of Bind took 0.0108ms
do element elaborator of Lean.Parser.Term.doFor took 4.2ms
typeclass inference of Bind took 0.0155ms
do element elaborator of Lean.Parser.Term.doExpr took 1.63ms
do element elaborator of Lean.Parser.Term.doLetArrow took 0.224ms
tactic execution of Lean.Parser.Tactic.done took 0.183ms
tactic execution of Lean.Parser.Tactic.tacticSeq1Indented took 0.116ms
tactic execution of Lean.Parser.Tactic.tacticSeq took 0.054ms
tactic execution of Lean.Parser.Tactic.assumption took 0.952ms
tactic execution of Lean.Parser.Tactic.tacticSeq1Indented took 0.117ms
tactic execution of Lean.Parser.Tactic.tacticSeq took 0.0535ms
typeclass inference of LE took 0.664ms
typeclass inference of LE took 0.242ms
typeclass inference of LE took 0.405ms
typeclass inference of LE took 0.251ms
typeclass inference of LE took 0.292ms
typeclass inference of LE took 0.125ms
typeclass inference of LE took 0.191ms
typeclass inference of LE took 0.169ms
typeclass inference of LE took 0.125ms
typeclass inference of LE took 0.105ms
typeclass inference of LE took 0.125ms
typeclass inference of LE took 0.13ms
tactic execution of Lean.Parser.Tactic.rewriteSeq took 6.97ms
tactic execution of Lean.Parser.Tactic.tacticSeq1Indented took 0.0539ms
tactic execution of Lean.Parser.Tactic.tacticSeq took 0.0366ms
tactic execution of Lean.Parser.Tactic.paren took 0.0358ms
tactic execution of Lean.Parser.Tactic.rwSeq took 0.0619ms
tactic execution of Lean.Parser.Tactic.tacticSeq1Indented took 0.0306ms
tactic execution of Lean.Parser.Tactic.tacticSeq took 0.0262ms
tactic execution of Lean.Parser.Tactic.skip took 0.0068ms
tactic execution of Lean.Parser.Tactic.tacticSeq1Indented took 0.0569ms
tactic execution of Lean.Parser.Tactic.tacticSeq took 0.0363ms
tactic execution of Lean.Parser.Tactic.first took 0.0542ms
tactic execution of Lean.Parser.Tactic.tacticTry_ took 0.0453ms
typeclass inference of LE took 0.581ms
typeclass inference of LT took 0.37ms
typeclass inference of LE took 0.182ms
typeclass inference of LT took 0.207ms
typeclass inference of LE took 0.353ms
typeclass inference of LT took 0.319ms
typeclass inference of LE took 0.23ms
typeclass inference of LT took 0.203ms
typeclass inference of LE took 0.308ms
typeclass inference of LT took 0.406ms
typeclass inference of LE took 0.286ms
typeclass inference of LT took 0.213ms
typeclass inference of LE took 0.287ms
typeclass inference of LT took 0.291ms
typeclass inference of LE took 0.195ms
typeclass inference of LT took 0.196ms
typeclass inference of LE took 0.292ms
typeclass inference of LT took 0.254ms
typeclass inference of LE took 0.192ms
typeclass inference of LT took 0.196ms
typeclass inference of LE took 0.403ms
typeclass inference of LT took 0.327ms
typeclass inference of LE took 0.194ms
typeclass inference of LT took 0.29ms
tactic execution of Lean.Parser.Tactic.rewriteSeq took 9.65ms
tactic execution of Lean.Parser.Tactic.tacticSeq1Indented took 0.0691ms
tactic execution of Lean.Parser.Tactic.tacticSeq took 0.0425ms
tactic execution of Lean.Parser.Tactic.paren took 0.0451ms
tactic execution of Lean.Parser.Tactic.rwSeq took 0.0828ms
tactic execution of Lean.Parser.Tactic.tacticSeq1Indented took 0.0478ms
tactic execution of Lean.Parser.Tactic.tacticSeq took 0.0395ms
tactic execution of Lean.Parser.Tactic.skip took 0.011ms
tactic execution of Lean.Parser.Tactic.tacticSeq1Indented took 0.0544ms
tactic execution of Lean.Parser.Tactic.tacticSeq took 0.0547ms
tactic execution of Lean.Parser.Tactic.first took 0.104ms
tactic execution of Lean.Parser.Tactic.tacticTry_ took 0.0804ms
typeclass inference of LE took 0.387ms
typeclass inference of LE took 0.236ms
typeclass inference of LE took 0.543ms
typeclass inference of LE took 0.89ms
typeclass inference of LE took 0.316ms
typeclass inference of LE took 0.182ms
typeclass inference of LE took 0.782ms
typeclass inference of LE took 0.254ms
typeclass inference of LE took 0.259ms
typeclass inference of LE took 0.161ms
typeclass inference of LE took 0.585ms
typeclass inference of LE took 0.278ms
tactic execution of Lean.Parser.Tactic.rewriteSeq took 9.84ms
tactic execution of Lean.Parser.Tactic.tacticSeq1Indented took 0.0747ms
tactic execution of Lean.Parser.Tactic.tacticSeq took 0.0426ms
tactic execution of Lean.Parser.Tactic.paren took 0.0508ms
tactic execution of Lean.Parser.Tactic.rwSeq took 0.059ms
tactic execution of Lean.Parser.Tactic.tacticSeq1Indented took 0.0403ms
tactic execution of Lean.Parser.Tactic.tacticSeq took 0.0351ms
tactic execution of Lean.Parser.Tactic.skip took 0.0094ms
tactic execution of Lean.Parser.Tactic.tacticSeq1Indented took 0.0413ms
tactic execution of Lean.Parser.Tactic.tacticSeq took 0.0544ms
tactic execution of Lean.Parser.Tactic.first took 0.105ms
tactic execution of Lean.Parser.Tactic.tacticTry_ took 0.0652ms
typeclass inference of LE took 0.444ms
typeclass inference of LT took 0.333ms
typeclass inference of LE took 0.26ms
typeclass inference of LT took 0.247ms
typeclass inference of LE took 0.367ms
typeclass inference of LT took 0.257ms
typeclass inference of LE took 0.194ms
typeclass inference of LT took 0.177ms
typeclass inference of LE took 0.228ms
typeclass inference of LT took 0.236ms
typeclass inference of LE took 0.19ms
typeclass inference of LT took 0.189ms
typeclass inference of LE took 0.296ms
typeclass inference of LT took 0.24ms
typeclass inference of LE took 0.213ms
typeclass inference of LT took 0.17ms
typeclass inference of LE took 0.213ms
typeclass inference of LT took 0.255ms
typeclass inference of LE took 0.174ms
typeclass inference of LT took 0.221ms
typeclass inference of LE took 0.267ms
typeclass inference of LT took 0.218ms
typeclass inference of LE took 0.19ms
typeclass inference of LT took 0.183ms
tactic execution of Lean.Parser.Tactic.rewriteSeq took 8.5ms
tactic execution of Lean.Parser.Tactic.tacticSeq1Indented took 0.0637ms
tactic execution of Lean.Parser.Tactic.tacticSeq took 0.0411ms
tactic execution of Lean.Parser.Tactic.paren took 0.0597ms
tactic execution of Lean.Parser.Tactic.rwSeq took 0.0573ms
tactic execution of Lean.Parser.Tactic.tacticSeq1Indented took 0.0416ms
tactic execution of Lean.Parser.Tactic.tacticSeq took 0.034ms
tactic execution of Lean.Parser.Tactic.skip took 0.0089ms
tactic execution of Lean.Parser.Tactic.tacticSeq1Indented took 0.0428ms
tactic execution of Lean.Parser.Tactic.tacticSeq took 0.0466ms
tactic execution of Lean.Parser.Tactic.first took 0.0682ms
tactic execution of Lean.Parser.Tactic.tacticTry_ took 0.101ms
typeclass inference of LT took 0.858ms
typeclass inference of LT took 0.598ms
typeclass inference of LT took 0.503ms
typeclass inference of LT took 0.353ms
typeclass inference of LT took 0.394ms
typeclass inference of LT took 0.207ms
typeclass inference of LT took 1.21ms
typeclass inference of LT took 0.178ms
typeclass inference of LT took 0.348ms
typeclass inference of LT took 0.278ms
typeclass inference of LT took 0.251ms
typeclass inference of LT took 0.198ms
tactic execution of Lean.Parser.Tactic.rewriteSeq took 9.37ms
tactic execution of Lean.Parser.Tactic.tacticSeq1Indented took 0.0792ms
tactic execution of Lean.Parser.Tactic.tacticSeq took 0.0405ms
tactic execution of Lean.Parser.Tactic.paren took 0.0477ms
tactic execution of Lean.Parser.Tactic.rwSeq took 0.0741ms
tactic execution of Lean.Parser.Tactic.tacticSeq1Indented took 0.065ms
tactic execution of Lean.Parser.Tactic.tacticSeq took 0.0446ms
tactic execution of Lean.Parser.Tactic.skip took 0.0105ms
tactic execution of Lean.Parser.Tactic.tacticSeq1Indented took 0.0438ms
tactic execution of Lean.Parser.Tactic.tacticSeq took 0.0498ms
tactic execution of Lean.Parser.Tactic.first took 0.0805ms
tactic execution of Lean.Parser.Tactic.tacticTry_ took 0.0714ms
typeclass inference of LT took 0.328ms
typeclass inference of LT took 0.207ms
typeclass inference of LT took 0.222ms
typeclass inference of LT took 0.151ms
typeclass inference of LT took 0.302ms
typeclass inference of LT took 0.239ms
typeclass inference of LT took 0.316ms
typeclass inference of LT took 0.199ms
typeclass inference of LT took 0.161ms
typeclass inference of LT took 0.113ms
typeclass inference of LT took 0.252ms
typeclass inference of LT took 0.173ms
tactic execution of Lean.Parser.Tactic.rewriteSeq took 6.61ms
tactic execution of Lean.Parser.Tactic.tacticSeq1Indented took 0.0556ms
tactic execution of Lean.Parser.Tactic.tacticSeq took 0.042ms
tactic execution of Lean.Parser.Tactic.paren took 0.0498ms
tactic execution of Lean.Parser.Tactic.rwSeq took 0.0569ms
tactic execution of Lean.Parser.Tactic.tacticSeq1Indented took 0.0459ms
tactic execution of Lean.Parser.Tactic.tacticSeq took 0.0375ms
tactic execution of Lean.Parser.Tactic.skip took 0.0114ms
tactic execution of Lean.Parser.Tactic.tacticSeq1Indented took 0.103ms
tactic execution of Lean.Parser.Tactic.tacticSeq took 0.0872ms
tactic execution of Lean.Parser.Tactic.first took 0.0893ms
tactic execution of Lean.Parser.Tactic.tacticTry_ took 0.167ms
typeclass inference of LE took 0.578ms
typeclass inference of LE took 0.255ms
typeclass inference of LE took 0.405ms
typeclass inference of LE took 0.303ms
typeclass inference of LE took 0.456ms
typeclass inference of LE took 0.569ms
typeclass inference of LE took 0.244ms
typeclass inference of LE took 0.901ms
typeclass inference of LE took 0.265ms
typeclass inference of LE took 0.177ms
typeclass inference of LE took 0.234ms
typeclass inference of LE took 0.508ms
tactic execution of Lean.Parser.Tactic.rewriteSeq took 10.1ms
tactic execution of Lean.Parser.Tactic.tacticSeq1Indented took 0.0585ms
tactic execution of Lean.Parser.Tactic.tacticSeq took 0.0363ms
tactic execution of Lean.Parser.Tactic.paren took 0.197ms
tactic execution of Lean.Parser.Tactic.rwSeq took 0.056ms
tactic execution of Lean.Parser.Tactic.tacticSeq1Indented took 0.0371ms
tactic execution of Lean.Parser.Tactic.tacticSeq took 0.0335ms
tactic execution of Lean.Parser.Tactic.skip took 0.0089ms
tactic execution of Lean.Parser.Tactic.tacticSeq1Indented took 0.0877ms
tactic execution of Lean.Parser.Tactic.tacticSeq took 0.307ms
tactic execution of Lean.Parser.Tactic.first took 0.0937ms
tactic execution of Lean.Parser.Tactic.tacticTry_ took 0.0899ms
typeclass inference of LT took 0.409ms
typeclass inference of LT took 0.907ms
typeclass inference of LT took 0.42ms
typeclass inference of LT took 0.191ms
typeclass inference of LT took 0.661ms
typeclass inference of LT took 0.425ms
typeclass inference of LT took 0.543ms
typeclass inference of LT took 0.235ms
typeclass inference of LT took 0.366ms
typeclass inference of LT took 0.138ms
typeclass inference of LT took 0.206ms
typeclass inference of LT took 0.125ms
tactic execution of Lean.Parser.Tactic.rewriteSeq took 10.4ms
tactic execution of Lean.Parser.Tactic.tacticSeq1Indented took 0.0456ms
tactic execution of Lean.Parser.Tactic.tacticSeq took 0.0366ms
tactic execution of Lean.Parser.Tactic.paren took 0.0455ms
tactic execution of Lean.Parser.Tactic.rwSeq took 0.0677ms
tactic execution of Lean.Parser.Tactic.tacticSeq1Indented took 0.0366ms
tactic execution of Lean.Parser.Tactic.tacticSeq took 0.0252ms
tactic execution of Lean.Parser.Tactic.skip took 0.0068ms
tactic execution of Lean.Parser.Tactic.tacticSeq1Indented took 0.0279ms
tactic execution of Lean.Parser.Tactic.tacticSeq took 0.0393ms
tactic execution of Lean.Parser.Tactic.first took 0.0587ms
tactic execution of Lean.Parser.Tactic.tacticTry_ took 0.0589ms
tactic execution of Lean.Parser.Tactic.rewriteSeq took 2.19ms
tactic execution of Lean.Parser.Tactic.tacticSeq1Indented took 0.0537ms
tactic execution of Lean.Parser.Tactic.tacticSeq took 0.0253ms
tactic execution of Lean.Parser.Tactic.paren took 0.027ms
tactic execution of Lean.Parser.Tactic.rwSeq took 0.0303ms
tactic execution of Lean.Parser.Tactic.tacticSeq1Indented took 0.0362ms
tactic execution of Lean.Parser.Tactic.tacticSeq took 0.0199ms
tactic execution of Lean.Parser.Tactic.skip took 0.0068ms
tactic execution of Lean.Parser.Tactic.tacticSeq1Indented took 0.0263ms
tactic execution of Lean.Parser.Tactic.tacticSeq took 0.031ms
tactic execution of Lean.Parser.Tactic.first took 0.0493ms
tactic execution of Lean.Parser.Tactic.tacticTry_ took 0.0663ms
dsimp took 0.563ms
dsimp took 0.191ms
tactic execution of Lean.Parser.Tactic.dsimp took 0.978ms
tactic execution of Lean.Parser.Tactic.tacticSeq1Indented took 0.0299ms
tactic execution of Lean.Parser.Tactic.tacticSeq took 0.022ms
tactic execution of Lean.Parser.Tactic.skip took 0.0059ms
tactic execution of Lean.Parser.Tactic.tacticSeq1Indented took 0.026ms
tactic execution of Lean.Parser.Tactic.tacticSeq took 0.0321ms
tactic execution of Lean.Parser.Tactic.first took 0.0445ms
tactic execution of Lean.Parser.Tactic.tacticTry_ took 0.0386ms
congr simp thm took 0.0548ms
congr simp thm took 0.0535ms
congr simp thm took 0.0481ms
simp took 0.473ms
simp took 0.0265ms
tactic execution of Lean.Parser.Tactic.simp took 5.81ms
tactic execution of Lean.Parser.Tactic.tacticSeq1Indented took 0.0308ms
tactic execution of Lean.Parser.Tactic.tacticSeq took 0.0363ms
tactic execution of Lean.Parser.Tactic.skip took 0.0061ms
tactic execution of Lean.Parser.Tactic.tacticSeq1Indented took 0.028ms
tactic execution of Lean.Parser.Tactic.tacticSeq took 0.0436ms
tactic execution of Lean.Parser.Tactic.first took 0.0668ms
tactic execution of Lean.Parser.Tactic.tacticTry_ took 0.0642ms
typeclass inference of Decidable took 0.258ms
tactic execution of Lean.Parser.Tactic.omega took 1.64ms
tactic execution of Lean.Parser.Tactic.tacticSeq1Indented took 0.616ms
tactic execution of Lean.Parser.Tactic.tacticSeq took 0.0552ms
tactic execution of Lean.Parser.Tactic.done took 0.121ms
tactic execution of Lean.Parser.Tactic.tacticSeq1Indented took 0.059ms
tactic execution of Lean.Parser.Tactic.tacticSeq took 0.0614ms
tactic execution of Lean.Parser.Tactic.first took 0.112ms
typeclass inference of LE took 0.213ms
typeclass inference of LT took 0.146ms
typeclass inference of LE took 0.127ms
typeclass inference of LT took 0.105ms
typeclass inference of LE took 0.0696ms
typeclass inference of LT took 0.0576ms
tactic execution of Lean.Parser.Tactic.assumption took 0.911ms
tactic execution of Lean.Parser.Tactic.tacticSeq1Indented took 0.0608ms
tactic execution of Lean.Parser.Tactic.tacticSeq took 0.0424ms
tactic execution of Lean.Parser.Tactic.apply took 1.79ms
tactic execution of Lean.Parser.Tactic.tacticSeq1Indented took 0.03ms
tactic execution of Lean.Parser.Tactic.tacticSeq took 0.0221ms
typeclass inference of LE took 0.171ms
typeclass inference of LT took 0.133ms
typeclass inference of LE took 0.102ms
typeclass inference of LT took 0.105ms
typeclass inference of LE took 0.0125ms
typeclass inference of LT took 0.0086ms
tactic execution of Lean.Parser.Tactic.assumption took 0.549ms
tactic execution of Lean.Parser.Tactic.tacticSeq1Indented took 0.0508ms
tactic execution of Lean.Parser.Tactic.tacticSeq took 0.0374ms
tactic execution of Lean.Parser.Tactic.apply took 1.36ms
tactic execution of Lean.Parser.Tactic.tacticSeq1Indented took 0.0303ms
tactic execution of Lean.Parser.Tactic.tacticSeq took 0.0343ms
typeclass inference of LE took 0.15ms
typeclass inference of LT took 0.144ms
typeclass inference of LE took 0.103ms
typeclass inference of LT took 0.0996ms
typeclass inference of LE took 0.012ms
typeclass inference of LT took 0.0085ms
tactic execution of Lean.Parser.Tactic.assumption took 0.59ms
tactic execution of Lean.Parser.Tactic.tacticSeq1Indented took 0.0414ms
tactic execution of Lean.Parser.Tactic.tacticSeq took 0.0377ms
tactic execution of Lean.Parser.Tactic.apply took 1.3ms
tactic execution of Lean.Parser.Tactic.tacticSeq1Indented took 0.0278ms
tactic execution of Lean.Parser.Tactic.tacticSeq took 0.0283ms
tactic execution of Lean.Parser.Tactic.done took 0.0533ms
tactic execution of Lean.Parser.Tactic.tacticSeq1Indented took 0.0314ms
tactic execution of Lean.Parser.Tactic.tacticSeq took 0.0283ms
tactic execution of Lean.Parser.Tactic.first took 0.137ms
tactic execution of Lean.Parser.Tactic.apply took 0.345ms
tactic execution of Lean.Parser.Tactic.assumption took 0.226ms
tactic execution of Lean.Parser.Tactic.exact took 0.392ms
tactic execution of Lean.Parser.Tactic.exact took 0.397ms
tactic execution of Lean.Parser.Tactic.eqRefl took 0.577ms
tactic execution of Lean.Parser.Tactic.tacticRfl took 0.201ms
tactic execution of Lean.Parser.Tactic.seq1 took 0.122ms
tactic execution of tacticGet_elem_tactic_extensible took 1.03ms
tactic execution of Lean.Parser.Tactic.tacticSeq1Indented took 0.0859ms
tactic execution of Lean.Parser.Tactic.tacticSeq took 0.0517ms
tactic execution of Lean.Parser.Tactic.first took 0.181ms
tactic execution of tacticGet_elem_tactic took 0.147ms
tactic execution of Lean.Parser.Tactic.tacticSeq1Indented took 0.0717ms
tactic execution of Lean.Parser.Tactic.tacticSeq took 0.653ms
tactic execution of Lean.Parser.Tactic.done took 0.163ms
tactic execution of Lean.Parser.Tactic.tacticSeq1Indented took 0.136ms
tactic execution of Lean.Parser.Tactic.tacticSeq took 0.0584ms
tactic execution of Lean.Parser.Tactic.assumption took 0.781ms
tactic execution of Lean.Parser.Tactic.tacticSeq1Indented took 0.158ms
tactic execution of Lean.Parser.Tactic.tacticSeq took 0.0555ms
typeclass inference of LE took 0.911ms
typeclass inference of LE took 0.385ms
typeclass inference of LE took 0.349ms
typeclass inference of LE took 0.396ms
typeclass inference of LE took 0.444ms
typeclass inference of LE took 0.192ms
typeclass inference of LE took 0.284ms
typeclass inference of LE took 0.181ms
typeclass inference of LE took 0.181ms
typeclass inference of LE took 0.113ms
typeclass inference of LE took 0.19ms
typeclass inference of LE took 0.145ms
tactic execution of Lean.Parser.Tactic.rewriteSeq took 9.12ms
tactic execution of Lean.Parser.Tactic.tacticSeq1Indented took 0.061ms
tactic execution of Lean.Parser.Tactic.tacticSeq took 0.0535ms
tactic execution of Lean.Parser.Tactic.paren took 0.0511ms
tactic execution of Lean.Parser.Tactic.rwSeq took 0.0687ms
tactic execution of Lean.Parser.Tactic.tacticSeq1Indented took 0.0528ms
tactic execution of Lean.Parser.Tactic.tacticSeq took 0.035ms
tactic execution of Lean.Parser.Tactic.skip took 0.0073ms
tactic execution of Lean.Parser.Tactic.tacticSeq1Indented took 0.0317ms
tactic execution of Lean.Parser.Tactic.tacticSeq took 0.0496ms
tactic execution of Lean.Parser.Tactic.first took 0.058ms
tactic execution of Lean.Parser.Tactic.tacticTry_ took 0.0631ms
typeclass inference of LE took 0.427ms
typeclass inference of LT took 0.295ms
typeclass inference of LE took 0.217ms
typeclass inference of LT took 0.181ms
typeclass inference of LE took 0.336ms
typeclass inference of LT took 0.203ms
typeclass inference of LE took 0.158ms
typeclass inference of LT took 0.191ms
typeclass inference of LE took 0.205ms
typeclass inference of LT took 0.138ms
typeclass inference of LE took 0.128ms
typeclass inference of LT took 0.115ms
typeclass inference of LE took 0.163ms
typeclass inference of LT took 0.182ms
typeclass inference of LE took 0.125ms
typeclass inference of LT took 0.106ms
typeclass inference of LE took 0.13ms
typeclass inference of LT took 0.12ms
typeclass inference of LE took 0.106ms
typeclass inference of LT took 0.111ms
typeclass inference of LE took 0.145ms
typeclass inference of LT took 0.235ms
typeclass inference of LE took 0.195ms
typeclass inference of LT took 0.163ms
tactic execution of Lean.Parser.Tactic.rewriteSeq took 6.72ms
tactic execution of Lean.Parser.Tactic.tacticSeq1Indented took 0.0617ms
tactic execution of Lean.Parser.Tactic.tacticSeq took 0.0367ms
tactic execution of Lean.Parser.Tactic.paren took 0.0521ms
tactic execution of Lean.Parser.Tactic.rwSeq took 0.124ms
tactic execution of Lean.Parser.Tactic.tacticSeq1Indented took 0.0534ms
tactic execution of Lean.Parser.Tactic.tacticSeq took 0.0482ms
tactic execution of Lean.Parser.Tactic.skip took 0.0181ms
tactic execution of Lean.Parser.Tactic.tacticSeq1Indented took 0.0531ms
tactic execution of Lean.Parser.Tactic.tacticSeq took 0.05ms
tactic execution of Lean.Parser.Tactic.first took 0.0947ms
tactic execution of Lean.Parser.Tactic.tacticTry_ took 0.0751ms
typeclass inference of LE took 0.315ms
typeclass inference of LE took 0.213ms
typeclass inference of LE took 0.246ms
typeclass inference of LE took 0.123ms
typeclass inference of LE took 0.169ms
typeclass inference of LE took 0.112ms
typeclass inference of LE took 0.16ms
typeclass inference of LE took 0.147ms
typeclass inference of LE took 0.277ms
typeclass inference of LE took 0.131ms
typeclass inference of LE took 0.564ms
typeclass inference of LE took 0.426ms
tactic execution of Lean.Parser.Tactic.rewriteSeq took 6.46ms
tactic execution of Lean.Parser.Tactic.tacticSeq1Indented took 0.194ms
tactic execution of Lean.Parser.Tactic.tacticSeq took 0.0814ms
tactic execution of Lean.Parser.Tactic.paren took 0.0897ms
tactic execution of Lean.Parser.Tactic.rwSeq took 0.0714ms
tactic execution of Lean.Parser.Tactic.tacticSeq1Indented took 0.0702ms
tactic execution of Lean.Parser.Tactic.tacticSeq took 0.0598ms
tactic execution of Lean.Parser.Tactic.skip took 0.0307ms
tactic execution of Lean.Parser.Tactic.tacticSeq1Indented took 0.137ms
tactic execution of Lean.Parser.Tactic.tacticSeq took 0.233ms
tactic execution of Lean.Parser.Tactic.first took 0.132ms
tactic execution of Lean.Parser.Tactic.tacticTry_ took 0.0827ms
typeclass inference of LE took 0.479ms
typeclass inference of LT took 0.328ms
typeclass inference of LE took 0.312ms
typeclass inference of LT took 0.302ms
typeclass inference of LE took 0.506ms
typeclass inference of LT took 0.339ms
typeclass inference of LE took 0.344ms
typeclass inference of LT took 0.323ms
typeclass inference of LE took 0.483ms
typeclass inference of LT took 0.343ms
typeclass inference of LE took 0.255ms
typeclass inference of LT took 0.191ms
typeclass inference of LE took 0.238ms
typeclass inference of LT took 0.218ms
typeclass inference of LE took 0.179ms
typeclass inference of LT took 0.161ms
typeclass inference of LE took 0.247ms
typeclass inference of LT took 0.21ms
typeclass inference of LE took 0.19ms
typeclass inference of LT took 0.19ms
typeclass inference of LE took 0.378ms
typeclass inference of LT took 0.293ms
typeclass inference of LE took 0.266ms
typeclass inference of LT took 0.202ms
tactic execution of Lean.Parser.Tactic.rewriteSeq took 10.6ms
tactic execution of Lean.Parser.Tactic.tacticSeq1Indented took 0.0656ms
tactic execution of Lean.Parser.Tactic.tacticSeq took 0.035ms
tactic execution of Lean.Parser.Tactic.paren took 0.0332ms
tactic execution of Lean.Parser.Tactic.rwSeq took 0.0584ms
tactic execution of Lean.Parser.Tactic.tacticSeq1Indented took 0.0374ms
tactic execution of Lean.Parser.Tactic.tacticSeq took 0.0301ms
tactic execution of Lean.Parser.Tactic.skip took 0.0106ms
tactic execution of Lean.Parser.Tactic.tacticSeq1Indented took 0.0607ms
tactic execution of Lean.Parser.Tactic.tacticSeq took 0.0608ms
tactic execution of Lean.Parser.Tactic.first took 0.0785ms
tactic execution of Lean.Parser.Tactic.tacticTry_ took 0.106ms
typeclass inference of LT took 0.246ms
typeclass inference of LT took 0.116ms
typeclass inference of LT took 0.143ms
typeclass inference of LT took 0.142ms
typeclass inference of LT took 0.145ms
typeclass inference of LT took 0.131ms
typeclass inference of LT took 0.2ms
typeclass inference of LT took 0.152ms
typeclass inference of LT took 0.134ms
typeclass inference of LT took 0.121ms
typeclass inference of LT took 0.123ms
typeclass inference of LT took 0.105ms
tactic execution of Lean.Parser.Tactic.rewriteSeq took 4.41ms
tactic execution of Lean.Parser.Tactic.tacticSeq1Indented took 0.0662ms
tactic execution of Lean.Parser.Tactic.tacticSeq took 0.0425ms
tactic execution of Lean.Parser.Tactic.paren took 0.0415ms
tactic execution of Lean.Parser.Tactic.rwSeq took 0.098ms
tactic execution of Lean.Parser.Tactic.tacticSeq1Indented took 0.071ms
tactic execution of Lean.Parser.Tactic.tacticSeq took 0.0345ms
tactic execution of Lean.Parser.Tactic.skip took 0.0065ms
tactic execution of Lean.Parser.Tactic.tacticSeq1Indented took 0.0259ms
tactic execution of Lean.Parser.Tactic.tacticSeq took 0.0302ms
tactic execution of Lean.Parser.Tactic.first took 0.0559ms
tactic execution of Lean.Parser.Tactic.tacticTry_ took 0.0611ms
typeclass inference of LT took 0.165ms
typeclass inference of LT took 0.106ms
typeclass inference of LT took 0.136ms
typeclass inference of LT took 0.114ms
typeclass inference of LT took 0.139ms
typeclass inference of LT took 0.106ms
typeclass inference of LT took 0.167ms
typeclass inference of LT took 0.134ms
typeclass inference of LT took 0.215ms
typeclass inference of LT took 0.177ms
typeclass inference of LT took 0.2ms
typeclass inference of LT took 0.162ms
tactic execution of Lean.Parser.Tactic.rewriteSeq took 4.42ms
tactic execution of Lean.Parser.Tactic.tacticSeq1Indented took 0.0418ms
tactic execution of Lean.Parser.Tactic.tacticSeq took 0.0387ms
tactic execution of Lean.Parser.Tactic.paren took 0.042ms
tactic execution of Lean.Parser.Tactic.rwSeq took 0.0408ms
tactic execution of Lean.Parser.Tactic.tacticSeq1Indented took 0.0289ms
tactic execution of Lean.Parser.Tactic.tacticSeq took 0.0353ms
tactic execution of Lean.Parser.Tactic.skip took 0.0072ms
tactic execution of Lean.Parser.Tactic.tacticSeq1Indented took 0.0273ms
tactic execution of Lean.Parser.Tactic.tacticSeq took 0.0335ms
tactic execution of Lean.Parser.Tactic.first took 0.0558ms
tactic execution of Lean.Parser.Tactic.tacticTry_ took 0.0454ms
typeclass inference of LE took 0.18ms
typeclass inference of LE took 0.115ms
typeclass inference of LE took 0.125ms
typeclass inference of LE took 0.112ms
typeclass inference of LE took 0.2ms
typeclass inference of LE took 0.173ms
typeclass inference of LE took 0.627ms
typeclass inference of LE took 0.41ms
typeclass inference of LE took 0.411ms
typeclass inference of LE took 0.208ms
typeclass inference of LE took 0.345ms
typeclass inference of LE took 0.134ms
tactic execution of Lean.Parser.Tactic.rewriteSeq took 7.11ms
tactic execution of Lean.Parser.Tactic.tacticSeq1Indented took 0.0554ms
tactic execution of Lean.Parser.Tactic.tacticSeq took 0.0268ms
tactic execution of Lean.Parser.Tactic.paren took 0.0298ms
tactic execution of Lean.Parser.Tactic.rwSeq took 0.0422ms
tactic execution of Lean.Parser.Tactic.tacticSeq1Indented took 0.0513ms
tactic execution of Lean.Parser.Tactic.tacticSeq took 0.0475ms
tactic execution of Lean.Parser.Tactic.skip took 0.0089ms
tactic execution of Lean.Parser.Tactic.tacticSeq1Indented took 0.0353ms
tactic execution of Lean.Parser.Tactic.tacticSeq took 0.0456ms
tactic execution of Lean.Parser.Tactic.first took 0.0588ms
tactic execution of Lean.Parser.Tactic.tacticTry_ took 0.0546ms
typeclass inference of LT took 0.634ms
typeclass inference of LT took 0.244ms
typeclass inference of LT took 0.344ms
typeclass inference of LT took 0.208ms
typeclass inference of LT took 0.291ms
typeclass inference of LT took 0.133ms
typeclass inference of LT took 0.541ms
typeclass inference of LT took 0.194ms
typeclass inference of LT took 0.296ms
typeclass inference of LT took 0.181ms
typeclass inference of LT took 0.278ms
typeclass inference of LT took 0.197ms
tactic execution of Lean.Parser.Tactic.rewriteSeq took 8.05ms
tactic execution of Lean.Parser.Tactic.tacticSeq1Indented took 0.14ms
tactic execution of Lean.Parser.Tactic.tacticSeq took 0.0849ms
tactic execution of Lean.Parser.Tactic.paren took 0.0476ms
tactic execution of Lean.Parser.Tactic.rwSeq took 0.0547ms
tactic execution of Lean.Parser.Tactic.tacticSeq1Indented took 0.0453ms
tactic execution of Lean.Parser.Tactic.tacticSeq took 0.0479ms
tactic execution of Lean.Parser.Tactic.skip took 0.0105ms
tactic execution of Lean.Parser.Tactic.tacticSeq1Indented took 0.0629ms
tactic execution of Lean.Parser.Tactic.tacticSeq took 0.0495ms
tactic execution of Lean.Parser.Tactic.first took 0.0896ms
tactic execution of Lean.Parser.Tactic.tacticTry_ took 0.0694ms
tactic execution of Lean.Parser.Tactic.rewriteSeq took 4.13ms
tactic execution of Lean.Parser.Tactic.tacticSeq1Indented took 0.0838ms
tactic execution of Lean.Parser.Tactic.tacticSeq took 0.0512ms
tactic execution of Lean.Parser.Tactic.paren took 0.052ms
tactic execution of Lean.Parser.Tactic.rwSeq took 0.0821ms
tactic execution of Lean.Parser.Tactic.tacticSeq1Indented took 0.0604ms
tactic execution of Lean.Parser.Tactic.tacticSeq took 0.0459ms
tactic execution of Lean.Parser.Tactic.skip took 0.0096ms
tactic execution of Lean.Parser.Tactic.tacticSeq1Indented took 0.044ms
tactic execution of Lean.Parser.Tactic.tacticSeq took 0.0534ms
tactic execution of Lean.Parser.Tactic.first took 0.0873ms
tactic execution of Lean.Parser.Tactic.tacticTry_ took 0.0504ms
dsimp took 0.381ms
dsimp took 0.192ms
tactic execution of Lean.Parser.Tactic.dsimp took 0.639ms
tactic execution of Lean.Parser.Tactic.tacticSeq1Indented took 0.0371ms
tactic execution of Lean.Parser.Tactic.tacticSeq took 0.0243ms
tactic execution of Lean.Parser.Tactic.skip took 0.007ms
tactic execution of Lean.Parser.Tactic.tacticSeq1Indented took 0.0436ms
tactic execution of Lean.Parser.Tactic.tacticSeq took 0.0331ms
tactic execution of Lean.Parser.Tactic.first took 0.0489ms
tactic execution of Lean.Parser.Tactic.tacticTry_ took 0.048ms
congr simp thm took 0.0142ms
congr simp thm took 0.0086ms
congr simp thm took 0.0074ms
simp took 0.471ms
simp took 0.0263ms
tactic execution of Lean.Parser.Tactic.simp took 4.07ms
tactic execution of Lean.Parser.Tactic.tacticSeq1Indented took 0.0329ms
tactic execution of Lean.Parser.Tactic.tacticSeq took 0.0238ms
tactic execution of Lean.Parser.Tactic.skip took 0.0075ms
tactic execution of Lean.Parser.Tactic.tacticSeq1Indented took 0.0315ms
tactic execution of Lean.Parser.Tactic.tacticSeq took 0.0331ms
tactic execution of Lean.Parser.Tactic.first took 0.0549ms
tactic execution of Lean.Parser.Tactic.tacticTry_ took 0.0512ms
typeclass inference of Decidable took 0.315ms
tactic execution of Lean.Parser.Tactic.omega took 1.37ms
tactic execution of Lean.Parser.Tactic.tacticSeq1Indented took 0.526ms
tactic execution of Lean.Parser.Tactic.tacticSeq took 0.074ms
tactic execution of Lean.Parser.Tactic.done took 0.203ms
tactic execution of Lean.Parser.Tactic.tacticSeq1Indented took 0.0882ms
tactic execution of Lean.Parser.Tactic.tacticSeq took 0.101ms
tactic execution of Lean.Parser.Tactic.first took 0.168ms
typeclass inference of LE took 0.366ms
typeclass inference of LT took 0.219ms
typeclass inference of LE took 0.131ms
typeclass inference of LT took 0.113ms
typeclass inference of LE took 0.0795ms
typeclass inference of LT took 0.0503ms
tactic execution of Lean.Parser.Tactic.assumption took 1.05ms
tactic execution of Lean.Parser.Tactic.tacticSeq1Indented took 0.0516ms
tactic execution of Lean.Parser.Tactic.tacticSeq took 0.0419ms
tactic execution of Lean.Parser.Tactic.apply took 2.5ms
tactic execution of Lean.Parser.Tactic.tacticSeq1Indented took 0.0388ms
tactic execution of Lean.Parser.Tactic.tacticSeq took 0.028ms
typeclass inference of LE took 0.19ms
typeclass inference of LT took 0.158ms
typeclass inference of LE took 0.12ms
typeclass inference of LT took 0.109ms
typeclass inference of LE took 0.0132ms
typeclass inference of LT took 0.0091ms
tactic execution of Lean.Parser.Tactic.assumption took 0.629ms
tactic execution of Lean.Parser.Tactic.tacticSeq1Indented took 0.0578ms
tactic execution of Lean.Parser.Tactic.tacticSeq took 0.0718ms
tactic execution of Lean.Parser.Tactic.apply took 1.65ms
tactic execution of Lean.Parser.Tactic.tacticSeq1Indented took 0.042ms
tactic execution of Lean.Parser.Tactic.tacticSeq took 0.0429ms
typeclass inference of LE took 0.189ms
typeclass inference of LT took 0.163ms
typeclass inference of LE took 0.14ms
typeclass inference of LT took 0.115ms
typeclass inference of LE took 0.0134ms
typeclass inference of LT took 0.01ms
tactic execution of Lean.Parser.Tactic.assumption took 0.642ms
tactic execution of Lean.Parser.Tactic.tacticSeq1Indented took 0.0553ms
tactic execution of Lean.Parser.Tactic.tacticSeq took 0.0643ms
tactic execution of Lean.Parser.Tactic.apply took 1.65ms
tactic execution of Lean.Parser.Tactic.tacticSeq1Indented took 0.0338ms
tactic execution of Lean.Parser.Tactic.tacticSeq took 0.0311ms
tactic execution of Lean.Parser.Tactic.done took 0.0576ms
tactic execution of Lean.Parser.Tactic.tacticSeq1Indented took 0.0364ms
tactic execution of Lean.Parser.Tactic.tacticSeq took 0.0346ms
tactic execution of Lean.Parser.Tactic.first took 0.17ms
tactic execution of Lean.Parser.Tactic.apply took 0.396ms
tactic execution of Lean.Parser.Tactic.assumption took 0.276ms
tactic execution of Lean.Parser.Tactic.exact took 0.437ms
tactic execution of Lean.Parser.Tactic.exact took 0.385ms
tactic execution of Lean.Parser.Tactic.eqRefl took 0.38ms
tactic execution of Lean.Parser.Tactic.tacticRfl took 0.165ms
tactic execution of Lean.Parser.Tactic.seq1 took 0.121ms
tactic execution of tacticGet_elem_tactic_extensible took 0.802ms
tactic execution of Lean.Parser.Tactic.tacticSeq1Indented took 0.0482ms
tactic execution of Lean.Parser.Tactic.tacticSeq took 0.041ms
tactic execution of Lean.Parser.Tactic.first took 0.125ms
tactic execution of tacticGet_elem_tactic took 0.093ms
tactic execution of Lean.Parser.Tactic.tacticSeq1Indented took 0.0605ms
tactic execution of Lean.Parser.Tactic.tacticSeq took 0.175ms
instantiate metavars took 0.175ms
instantiate metavars took 0.0031ms
instantiate metavars took 0.0013ms
instantiate metavars took 0.0019ms
instantiate metavars took 0.003ms
share common exprs took 0.542ms
fix level params took 0.0699ms
type checking took 0.654ms
let-to-have transformation took 0.0128ms
let-to-have transformation took 3.5ms
type checking took 2.17ms
attribute application took 0.017ms
compilation (LCNF base) took 51.6ms
compilation (LCNF mono) took 6.29ms
compilation (LCNF mono) took 2.31ms
compilation (LCNF impure) took 2.12ms
compilation (IR) took 0.734ms
compilation (LCNF mono) took 2.55ms
compilation (LCNF impure) took 1.62ms
compilation (IR) took 0.428ms
compilation (LCNF mono) took 0.59ms
compilation (LCNF impure) took 0.452ms
compilation (IR) took 0.0809ms
attribute application took 0.0076ms
process pre-definitions took 32.4ms
interpretation of _private.Mathlib.Tactic.Linter.Header.0.Mathlib.Linter.Style.header.headerLinter._lam_3._boxed took 0.0734ms
interpretation of _private.Mathlib.Tactic.Linter.AuxLemma.0.Mathlib.Linter.AuxLemma.auxLemmaLinter._lam_1._boxed took 0.314ms
interpretation of _private.Mathlib.Tactic.Linter.DeprecatedSyntaxLinter.0.Mathlib.Linter.Style.deprecatedSyntaxLinter._lam_1._boxed took 0.0537ms
interpretation of _private.Mathlib.Tactic.Linter.DocPrime.0.Mathlib.Linter.DocPrime.docPrimeLinter._lam_3._boxed took 0.0306ms
interpretation of _private.Mathlib.Tactic.Linter.DocString.0.Mathlib.Linter.Style.docStringLinter._lam_0._boxed took 1.68ms
interpretation of _private.Mathlib.Tactic.Linter.DocString.0.Mathlib.Linter.Style.moduleDocVersoLinter._lam_0._boxed took 0.0398ms
interpretation of Mathlib.Linter.EmptyLine.emptyLineLinter._lam_2._boxed took 0.0392ms
interpretation of _private.Mathlib.Tactic.Linter.GlobalAttributeIn.0.Mathlib.Linter.globalAttributeInLinter.globalAttributeIn._lam_0._boxed took 0.594ms
interpretation of _private.Mathlib.Tactic.Linter.HashCommandLinter.0.Mathlib.Linter.HashCommandLinter.withSetOptionIn'._boxed took 0.069ms
interpretation of _private.Mathlib.Tactic.Linter.FlexibleLinter.0.Mathlib.Linter.Flexible.flexibleLinter._lam_0._boxed took 0.0273ms
interpretation of _private.Mathlib.Tactic.Linter.Multigoal.0.Mathlib.Linter.Style.multiGoal.multiGoalLinter._lam_0._boxed took 0.0227ms
interpretation of _private.Mathlib.Tactic.Linter.OldObtain.0.Mathlib.Linter.Style.oldObtainLinter._lam_0._boxed took 0.0196ms
interpretation of Mathlib.Linter.UnusedInstancesInType.withSetBoolOptionIn._boxed took 0.0968ms
interpretation of Mathlib.Linter.UnusedInstancesInType.withSetBoolOptionIn._boxed took 0.0585ms
overlappingInstancesLinter took 0.504ms
interpretation of Mathlib.Linter.UnusedInstancesInType.withSetBoolOptionIn._boxed took 0.151ms
interpretation of _private.Mathlib.Tactic.Linter.PrivateModule.0.Mathlib.Linter.privateModule._lam_1._boxed took 0.0248ms
interpretation of _private.Mathlib.Tactic.Linter.UnusedTactic.0.Mathlib.Linter.UnusedTactic.unusedTacticLinter._lam_0._boxed took 1.82ms
interpretation of _private.Mathlib.Tactic.Linter.Style.0.Mathlib.Linter.Style.setOption.setOptionLinter._lam_0._boxed took 0.0415ms
interpretation of _private.Mathlib.Tactic.Linter.Style.0.Mathlib.Linter.Style.missingEnd.missingEndLinter._lam_0._boxed took 0.0959ms
interpretation of _private.Mathlib.Tactic.Linter.Style.0.Mathlib.Linter.Style.cdotLinter._lam_0._boxed took 0.0283ms
interpretation of _private.Mathlib.Tactic.Linter.Style.0.Mathlib.Linter.Style.dollarSyntax.dollarSyntaxLinter._lam_0._boxed took 0.0229ms
interpretation of _private.Mathlib.Tactic.Linter.Style.0.Mathlib.Linter.Style.lambdaSyntax.lambdaSyntaxLinter._lam_0._boxed took 0.0182ms
interpretation of _private.Mathlib.Tactic.Linter.Style.0.Mathlib.Linter.Style.longFile.longFileLinter._lam_0._boxed took 0.0329ms
interpretation of _private.Mathlib.Tactic.Linter.Style.0.Mathlib.Linter.Style.longLine.longLineLinter._lam_0._boxed took 0.0182ms
interpretation of _private.Mathlib.Tactic.Linter.Style.0.Mathlib.Linter.Style.nameCheck.doubleUnderscore._lam_2._boxed took 0.316ms
interpretation of _private.Mathlib.Tactic.Linter.Style.0.Mathlib.Linter.Style.openClassical.openClassicalLinter._lam_0._boxed took 0.0221ms
interpretation of _private.Mathlib.Tactic.Linter.Whitespace.0.Mathlib.Linter.Style.Whitespace.whitespaceLinter._lam_4._boxed took 0.0299ms
tacticAnalysis took 3.21ms
interpretation of Mathlib.TacticAnalysis.tacticAnalysis._lam_1._boxed took 0.16ms
interpretation of _private.Mathlib.Tactic.Linter.Lint.0.Mathlib.Linter.DupNamespaceLinter.dupNamespace._lam_1._boxed took 0.508ms
linting took 2.64ms
elaboration took 8.08ms
parsing took 2.21ms
attribute application took 0.0168ms
interpretation of Qq.Impl._aux_Qq_Macro___macroRules_Qq_termQ(__)_1_1._boxed took 14.1ms
interpretation of Qq._aux_Qq_Macro___macroRules_Qq_termQ(__)_1_1._boxed took 0.0971ms
typeclass inference of Lean.ToExpr took 0.206ms
interpretation of Qq._aux_Qq_Macro___elabRules_Qq_termQ(__)_1_1._boxed took 106ms
interpretation of Qq.Impl._aux_Qq_Macro___macroRules_Qq_termQ(__)_1_1._boxed took 6.84ms
interpretation of Qq.Impl._aux_Qq_Macro___macroRules_Qq_termQ(__)_1_1._boxed took 0.147ms
interpretation of Qq._aux_Qq_Macro___macroRules_Qq_termQ(__)_1_1._boxed took 0.0232ms
typeclass inference of Lean.ToExpr took 0.14ms
interpretation of Qq._aux_Qq_Macro___elabRules_Qq_termQ(__)_1_1._boxed took 12.4ms
interpretation of Qq.Impl._aux_Qq_Macro___macroRules_Qq_termQ(__)_1_1._boxed took 0.306ms
interpretation of Qq.Impl._aux_Qq_Macro___macroRules_Qq_termQ(__)_1_1._boxed took 0.082ms
interpretation of Qq._aux_Qq_Macro___macroRules_Qq_termQ(__)_1_1._boxed took 0.018ms
typeclass inference of Lean.ToExpr took 0.0221ms
interpretation of Qq._aux_Qq_Macro___elabRules_Qq_termQ(__)_1_1._boxed took 1.13ms
interpretation of Qq._aux_Qq_Macro___macroRules_Qq_term_=Q__1._boxed took 6.74ms
interpretation of Qq.Impl._aux_Qq_Macro___macroRules_Qq_termQ(__)_1._boxed took 0.252ms
interpretation of Qq.Impl._aux_Qq_Macro___macroRules_Qq_termQ(__)_1._boxed took 0.0678ms
interpretation of Qq._aux_Qq_Macro___macroRules_Qq_termQ(__)_1._boxed took 0.018ms
interpretation of Qq._aux_Qq_Macro___elabRules_Qq_termQ(__)_1._boxed took 2.43ms
interpretation of Qq.Impl._aux_Qq_Macro___macroRules_Qq_termQ(__)_1._boxed took 0.316ms
interpretation of Qq.Impl._aux_Qq_Macro___macroRules_Qq_termQ(__)_1._boxed took 0.121ms
interpretation of Qq._aux_Qq_Macro___macroRules_Qq_termQ(__)_1._boxed took 0.0275ms
interpretation of Qq._aux_Qq_Macro___elabRules_Qq_termQ(__)_1._boxed took 0.12ms
interpretation of Qq.Impl._aux_Qq_Macro___macroRules_Qq_termQ(__)_1._boxed took 0.14ms
interpretation of Qq._aux_Qq_Macro___macroRules_Qq_termQ(__)_1._boxed took 0.0311ms
interpretation of Qq._aux_Qq_Macro___elabRules_Qq_termQ(__)_1._boxed took 0.112ms
interpretation of Qq.Impl._aux_Qq_Macro___macroRules_Qq_termQ(__)_1._boxed took 0.121ms
interpretation of Qq._aux_Qq_Macro___macroRules_Qq_termQ(__)_1._boxed took 0.0253ms
interpretation of Qq._aux_Qq_Macro___elabRules_Qq_termQ(__)_1._boxed took 0.0787ms
interpretation of Qq.Impl._aux_Qq_Macro___macroRules_Qq_termQ(__)_1._boxed took 0.123ms
interpretation of Qq._aux_Qq_Macro___macroRules_Qq_termQ(__)_1._boxed took 0.0282ms
typeclass inference of Lean.ToExpr took 0.0449ms
interpretation of Qq._aux_Qq_Macro___elabRules_Qq_termQ(__)_1._boxed took 37.7ms
interpretation of Qq.Impl._aux_Qq_Macro___macroRules_Qq_termQ(__)_1._boxed took 0.229ms
interpretation of Qq._aux_Qq_Macro___macroRules_Qq_termQ(__)_1._boxed took 0.042ms
typeclass inference of Lean.ToExpr took 0.0179ms
interpretation of Qq._aux_Qq_Macro___elabRules_Qq_termQ(__)_1._boxed took 1.33ms
instantiate metavars took 0.0423ms
instantiate metavars took 0.0036ms
interpretation of Qq._aux_Qq_Match___macroRules_Lean_Parser_Term_doLet_1._boxed took 7.18ms
interpretation of Qq._aux_Qq_Match___macroRules_Lean_Parser_Term_match_1._boxed took 1.5ms
typeclass inference of Pure took 1.85ms
do element elaborator of Lean.Parser.Term.doReturn took 5.99ms
type checking took 0.244ms
do element elaborator of Lean.Parser.Term.doLet took 11.1ms
typeclass inference of Bind took 0.844ms
do element elaborator of Lean.Parser.Term.doExpr took 1ms
do element elaborator of Lean.Parser.Term.doLetArrow took 0.156ms
instantiate metavars took 0.0153ms
instantiate metavars took 0.0013ms
instantiate metavars took 0.0007ms
instantiate metavars took 0.0008ms
instantiate metavars took 0.0006ms
share common exprs took 0.164ms
fix level params took 0.0386ms
type checking took 0.208ms
let-to-have transformation took 0.0109ms
let-to-have transformation took 0.0212ms
type checking took 0.59ms
attribute application took 0.0079ms
compilation (LCNF base) took 3.35ms
compilation (LCNF mono) took 0.405ms
compilation (LCNF mono) took 0.364ms
compilation (LCNF impure) took 0.56ms
compilation (IR) took 0.138ms
compilation (LCNF mono) took 0.22ms
compilation (LCNF impure) took 0.255ms
compilation (IR) took 0.0591ms
attribute application took 0.0078ms
process pre-definitions took 13.3ms
interpretation of _private.Mathlib.Tactic.Linter.Header.0.Mathlib.Linter.Style.header.headerLinter._lam_3._boxed took 0.107ms
interpretation of _private.Mathlib.Tactic.Linter.AuxLemma.0.Mathlib.Linter.AuxLemma.auxLemmaLinter._lam_1._boxed took 0.214ms
interpretation of _private.Mathlib.Tactic.Linter.DeprecatedSyntaxLinter.0.Mathlib.Linter.Style.deprecatedSyntaxLinter._lam_1._boxed took 0.0526ms
interpretation of _private.Mathlib.Tactic.Linter.DocPrime.0.Mathlib.Linter.DocPrime.docPrimeLinter._lam_3._boxed took 0.025ms
interpretation of _private.Mathlib.Tactic.Linter.DocString.0.Mathlib.Linter.Style.docStringLinter._lam_0._boxed took 1.69ms
interpretation of _private.Mathlib.Tactic.Linter.DocString.0.Mathlib.Linter.Style.moduleDocVersoLinter._lam_0._boxed took 0.027ms
interpretation of Mathlib.Linter.EmptyLine.emptyLineLinter._lam_2._boxed took 0.0264ms
interpretation of _private.Mathlib.Tactic.Linter.GlobalAttributeIn.0.Mathlib.Linter.globalAttributeInLinter.globalAttributeIn._lam_0._boxed took 1.53ms
interpretation of _private.Mathlib.Tactic.Linter.HashCommandLinter.0.Mathlib.Linter.HashCommandLinter.withSetOptionIn'._boxed took 1.09ms
interpretation of _private.Mathlib.Tactic.Linter.FlexibleLinter.0.Mathlib.Linter.Flexible.flexibleLinter._lam_0._boxed took 0.0282ms
interpretation of _private.Mathlib.Tactic.Linter.Multigoal.0.Mathlib.Linter.Style.multiGoal.multiGoalLinter._lam_0._boxed took 0.0256ms
interpretation of _private.Mathlib.Tactic.Linter.OldObtain.0.Mathlib.Linter.Style.oldObtainLinter._lam_0._boxed took 0.0273ms
interpretation of Mathlib.Linter.UnusedInstancesInType.withSetBoolOptionIn._boxed took 1.99ms
interpretation of Mathlib.Linter.UnusedInstancesInType.withSetBoolOptionIn._boxed took 0.168ms
overlappingInstancesLinter took 0.673ms
interpretation of Mathlib.Linter.UnusedInstancesInType.withSetBoolOptionIn._boxed took 0.232ms
interpretation of _private.Mathlib.Tactic.Linter.PrivateModule.0.Mathlib.Linter.privateModule._lam_1._boxed took 0.0581ms
interpretation of _private.Mathlib.Tactic.Linter.UnusedTactic.0.Mathlib.Linter.UnusedTactic.unusedTacticLinter._lam_0._boxed took 2.23ms
interpretation of _private.Mathlib.Tactic.Linter.Style.0.Mathlib.Linter.Style.setOption.setOptionLinter._lam_0._boxed took 0.163ms
interpretation of _private.Mathlib.Tactic.Linter.Style.0.Mathlib.Linter.Style.missingEnd.missingEndLinter._lam_0._boxed took 0.127ms
interpretation of _private.Mathlib.Tactic.Linter.Style.0.Mathlib.Linter.Style.cdotLinter._lam_0._boxed took 0.0528ms
interpretation of _private.Mathlib.Tactic.Linter.Style.0.Mathlib.Linter.Style.dollarSyntax.dollarSyntaxLinter._lam_0._boxed took 0.0256ms
interpretation of _private.Mathlib.Tactic.Linter.Style.0.Mathlib.Linter.Style.lambdaSyntax.lambdaSyntaxLinter._lam_0._boxed took 0.0237ms
interpretation of _private.Mathlib.Tactic.Linter.Style.0.Mathlib.Linter.Style.longFile.longFileLinter._lam_0._boxed took 0.0854ms
interpretation of _private.Mathlib.Tactic.Linter.Style.0.Mathlib.Linter.Style.longLine.longLineLinter._lam_0._boxed took 0.0244ms
interpretation of _private.Mathlib.Tactic.Linter.Style.0.Mathlib.Linter.Style.nameCheck.doubleUnderscore._lam_2._boxed took 0.751ms
interpretation of _private.Mathlib.Tactic.Linter.Style.0.Mathlib.Linter.Style.openClassical.openClassicalLinter._lam_0._boxed took 0.0361ms
interpretation of _private.Mathlib.Tactic.Linter.Whitespace.0.Mathlib.Linter.Style.Whitespace.whitespaceLinter._lam_4._boxed took 0.0584ms
tacticAnalysis took 2.71ms
interpretation of Mathlib.TacticAnalysis.tacticAnalysis._lam_1._boxed took 0.275ms
interpretation of _private.Mathlib.Tactic.Linter.Lint.0.Mathlib.Linter.DupNamespaceLinter.dupNamespace._lam_1._boxed took 0.756ms
linting took 2.07ms
elaboration took 7.66ms
parsing took 0.938ms
attribute application took 0.0075ms
instantiate metavars took 0.0085ms
instantiate metavars took 0.0014ms
typeclass inference of Functor took 0.18ms
typeclass inference of Functor took 0.757ms
instantiate metavars took 0.0088ms
instantiate metavars took 0.0013ms
instantiate metavars took 0.0007ms
instantiate metavars took 0.0015ms
instantiate metavars took 0.0011ms
share common exprs took 0.0604ms
fix level params took 0.0108ms
let-to-have transformation took 0.0045ms
let-to-have transformation took 0.0049ms
type checking took 0.165ms
attribute application took 0.0059ms
compilation (LCNF base) took 3.18ms
compilation (LCNF mono) took 0.372ms
compilation (LCNF mono) took 0.316ms
compilation (LCNF impure) took 0.597ms
compilation (IR) took 0.099ms
attribute application took 0.007ms
process pre-definitions took 5.68ms
interpretation of _private.Mathlib.Tactic.Linter.Header.0.Mathlib.Linter.Style.header.headerLinter._lam_3._boxed took 0.118ms
interpretation of _private.Mathlib.Tactic.Linter.AuxLemma.0.Mathlib.Linter.AuxLemma.auxLemmaLinter._lam_1._boxed took 0.145ms
interpretation of _private.Mathlib.Tactic.Linter.DeprecatedSyntaxLinter.0.Mathlib.Linter.Style.deprecatedSyntaxLinter._lam_1._boxed took 0.041ms
interpretation of _private.Mathlib.Tactic.Linter.DocPrime.0.Mathlib.Linter.DocPrime.docPrimeLinter._lam_3._boxed took 0.049ms
interpretation of _private.Mathlib.Tactic.Linter.DocString.0.Mathlib.Linter.Style.docStringLinter._lam_0._boxed took 1.57ms
interpretation of _private.Mathlib.Tactic.Linter.DocString.0.Mathlib.Linter.Style.moduleDocVersoLinter._lam_0._boxed took 0.0294ms
interpretation of Mathlib.Linter.EmptyLine.emptyLineLinter._lam_2._boxed took 0.0247ms
interpretation of _private.Mathlib.Tactic.Linter.GlobalAttributeIn.0.Mathlib.Linter.globalAttributeInLinter.globalAttributeIn._lam_0._boxed took 0.247ms
interpretation of _private.Mathlib.Tactic.Linter.HashCommandLinter.0.Mathlib.Linter.HashCommandLinter.withSetOptionIn'._boxed took 0.0554ms
interpretation of _private.Mathlib.Tactic.Linter.FlexibleLinter.0.Mathlib.Linter.Flexible.flexibleLinter._lam_0._boxed took 0.0368ms
interpretation of _private.Mathlib.Tactic.Linter.Multigoal.0.Mathlib.Linter.Style.multiGoal.multiGoalLinter._lam_0._boxed took 0.0276ms
interpretation of _private.Mathlib.Tactic.Linter.OldObtain.0.Mathlib.Linter.Style.oldObtainLinter._lam_0._boxed took 0.0197ms
interpretation of Mathlib.Linter.UnusedInstancesInType.withSetBoolOptionIn._boxed took 0.0464ms
interpretation of Mathlib.Linter.UnusedInstancesInType.withSetBoolOptionIn._boxed took 0.0354ms
overlappingInstancesLinter took 0.243ms
interpretation of Mathlib.Linter.UnusedInstancesInType.withSetBoolOptionIn._boxed took 0.116ms
interpretation of _private.Mathlib.Tactic.Linter.PrivateModule.0.Mathlib.Linter.privateModule._lam_1._boxed took 0.0214ms
interpretation of _private.Mathlib.Tactic.Linter.UnusedTactic.0.Mathlib.Linter.UnusedTactic.unusedTacticLinter._lam_0._boxed took 0.823ms
interpretation of _private.Mathlib.Tactic.Linter.Style.0.Mathlib.Linter.Style.setOption.setOptionLinter._lam_0._boxed took 0.124ms
interpretation of _private.Mathlib.Tactic.Linter.Style.0.Mathlib.Linter.Style.missingEnd.missingEndLinter._lam_0._boxed took 0.0748ms
interpretation of _private.Mathlib.Tactic.Linter.Style.0.Mathlib.Linter.Style.cdotLinter._lam_0._boxed took 0.0248ms
interpretation of _private.Mathlib.Tactic.Linter.Style.0.Mathlib.Linter.Style.dollarSyntax.dollarSyntaxLinter._lam_0._boxed took 0.0187ms
interpretation of _private.Mathlib.Tactic.Linter.Style.0.Mathlib.Linter.Style.lambdaSyntax.lambdaSyntaxLinter._lam_0._boxed took 0.0163ms
interpretation of _private.Mathlib.Tactic.Linter.Style.0.Mathlib.Linter.Style.longFile.longFileLinter._lam_0._boxed took 0.0224ms
interpretation of _private.Mathlib.Tactic.Linter.Style.0.Mathlib.Linter.Style.longLine.longLineLinter._lam_0._boxed took 0.0329ms
interpretation of _private.Mathlib.Tactic.Linter.Style.0.Mathlib.Linter.Style.nameCheck.doubleUnderscore._lam_2._boxed took 0.382ms
interpretation of _private.Mathlib.Tactic.Linter.Style.0.Mathlib.Linter.Style.openClassical.openClassicalLinter._lam_0._boxed took 0.0449ms
interpretation of _private.Mathlib.Tactic.Linter.Whitespace.0.Mathlib.Linter.Style.Whitespace.whitespaceLinter._lam_4._boxed took 0.119ms
tacticAnalysis took 1.15ms
interpretation of Mathlib.TacticAnalysis.tacticAnalysis._lam_1._boxed took 0.146ms
interpretation of _private.Mathlib.Tactic.Linter.Lint.0.Mathlib.Linter.DupNamespaceLinter.dupNamespace._lam_1._boxed took 0.27ms
linting took 1.28ms
elaboration took 3.79ms
parsing took 1.52ms
attribute application took 0.0055ms
interpretation of Qq.Impl._aux_Qq_Macro___macroRules_Qq_termQ(__)_1_1._boxed took 0.2ms
interpretation of Qq._aux_Qq_Macro___macroRules_Qq_termQ(__)_1_1._boxed took 0.0195ms
typeclass inference of Lean.ToExpr took 0.158ms
interpretation of Qq._aux_Qq_Macro___elabRules_Qq_termQ(__)_1_1._boxed took 0.912ms
interpretation of Qq.Impl._aux_Qq_Macro___macroRules_Qq_termQ(__)_1_1._boxed took 0.159ms
interpretation of Qq.Impl._aux_Qq_Macro___macroRules_Qq_termQ(__)_1_1._boxed took 0.0793ms
interpretation of Qq._aux_Qq_Macro___macroRules_Qq_termQ(__)_1_1._boxed took 0.0154ms
typeclass inference of Lean.ToExpr took 0.014ms
interpretation of Qq._aux_Qq_Macro___elabRules_Qq_termQ(__)_1_1._boxed took 0.898ms
interpretation of Qq.Impl._aux_Qq_Macro___macroRules_Qq_termQ(__)_1_1._boxed took 0.225ms
interpretation of Qq.Impl._aux_Qq_Macro___macroRules_Qq_termQ(__)_1_1._boxed took 0.0722ms
interpretation of Qq._aux_Qq_Macro___macroRules_Qq_termQ(__)_1_1._boxed took 0.0164ms
typeclass inference of Lean.ToExpr took 0.0154ms
interpretation of Qq._aux_Qq_Macro___elabRules_Qq_termQ(__)_1_1._boxed took 1.04ms
interpretation of Qq._aux_Qq_Macro___macroRules_Qq_term_=Q__1._boxed took 0.0871ms
interpretation of Qq.Impl._aux_Qq_Macro___macroRules_Qq_termQ(__)_1._boxed took 0.234ms
interpretation of Qq.Impl._aux_Qq_Macro___macroRules_Qq_termQ(__)_1._boxed took 0.0651ms
interpretation of Qq._aux_Qq_Macro___macroRules_Qq_termQ(__)_1._boxed took 0.022ms
interpretation of Qq._aux_Qq_Macro___elabRules_Qq_termQ(__)_1._boxed took 0.067ms
interpretation of Qq.Impl._aux_Qq_Macro___macroRules_Qq_termQ(__)_1._boxed took 0.14ms
interpretation of Qq.Impl._aux_Qq_Macro___macroRules_Qq_termQ(__)_1._boxed took 0.0601ms
interpretation of Qq._aux_Qq_Macro___macroRules_Qq_termQ(__)_1._boxed took 0.0155ms
interpretation of Qq._aux_Qq_Macro___elabRules_Qq_termQ(__)_1._boxed took 0.052ms
interpretation of Qq.Impl._aux_Qq_Macro___macroRules_Qq_termQ(__)_1._boxed took 0.07ms
interpretation of Qq._aux_Qq_Macro___macroRules_Qq_termQ(__)_1._boxed took 0.0162ms
interpretation of Qq._aux_Qq_Macro___elabRules_Qq_termQ(__)_1._boxed took 0.0545ms
interpretation of Qq.Impl._aux_Qq_Macro___macroRules_Qq_termQ(__)_1._boxed took 0.06ms
interpretation of Qq._aux_Qq_Macro___macroRules_Qq_termQ(__)_1._boxed took 0.0165ms
interpretation of Qq._aux_Qq_Macro___elabRules_Qq_termQ(__)_1._boxed took 0.0476ms
interpretation of Qq.Impl._aux_Qq_Macro___macroRules_Qq_termQ(__)_1._boxed took 0.0569ms
interpretation of Qq._aux_Qq_Macro___macroRules_Qq_termQ(__)_1._boxed took 0.0181ms
typeclass inference of Lean.ToExpr took 0.0258ms
interpretation of Qq._aux_Qq_Macro___elabRules_Qq_termQ(__)_1._boxed took 5.32ms
interpretation of Qq.Impl._aux_Qq_Macro___macroRules_Qq_termQ(__)_1._boxed took 0.406ms
interpretation of Qq._aux_Qq_Macro___macroRules_Qq_termQ(__)_1._boxed took 0.0434ms
typeclass inference of Lean.ToExpr took 0.0746ms
interpretation of Qq._aux_Qq_Macro___elabRules_Qq_termQ(__)_1._boxed took 5.49ms
instantiate metavars took 0.0641ms
instantiate metavars took 0.0021ms
interpretation of Qq._aux_Qq_Match___macroRules_Lean_Parser_Term_doLet_1._boxed took 0.147ms
interpretation of Qq._aux_Qq_Match___macroRules_Lean_Parser_Term_match_1._boxed took 0.0659ms
typeclass inference of Pure took 0.843ms
do element elaborator of Lean.Parser.Term.doReturn took 1.53ms
type checking took 0.155ms
do element elaborator of Lean.Parser.Term.doLet took 3.89ms
typeclass inference of Bind took 0.769ms
do element elaborator of Lean.Parser.Term.doExpr took 0.975ms
do element elaborator of Lean.Parser.Term.doLetArrow took 0.0772ms
instantiate metavars took 0.0123ms
instantiate metavars took 0.0011ms
instantiate metavars took 0.0006ms
instantiate metavars took 0.0007ms
instantiate metavars took 0.0005ms
share common exprs took 0.15ms
fix level params took 0.0346ms
let-to-have transformation took 0.0085ms
let-to-have transformation took 0.0242ms
type checking took 0.505ms
attribute application took 0.0067ms
compilation (LCNF base) took 3.24ms
compilation (LCNF mono) took 0.354ms
compilation (LCNF mono) took 0.306ms
compilation (LCNF impure) took 0.536ms
compilation (IR) took 0.109ms
compilation (LCNF mono) took 0.193ms
compilation (LCNF impure) took 0.198ms
compilation (IR) took 0.0622ms
attribute application took 0.0084ms
process pre-definitions took 10.1ms
interpretation of _private.Mathlib.Tactic.Linter.Header.0.Mathlib.Linter.Style.header.headerLinter._lam_3._boxed took 0.076ms
interpretation of _private.Mathlib.Tactic.Linter.AuxLemma.0.Mathlib.Linter.AuxLemma.auxLemmaLinter._lam_1._boxed took 0.211ms
interpretation of _private.Mathlib.Tactic.Linter.DeprecatedSyntaxLinter.0.Mathlib.Linter.Style.deprecatedSyntaxLinter._lam_1._boxed took 0.0403ms
interpretation of _private.Mathlib.Tactic.Linter.DocPrime.0.Mathlib.Linter.DocPrime.docPrimeLinter._lam_3._boxed took 0.027ms
interpretation of _private.Mathlib.Tactic.Linter.DocString.0.Mathlib.Linter.Style.docStringLinter._lam_0._boxed took 1.71ms
interpretation of _private.Mathlib.Tactic.Linter.DocString.0.Mathlib.Linter.Style.moduleDocVersoLinter._lam_0._boxed took 0.0331ms
interpretation of Mathlib.Linter.EmptyLine.emptyLineLinter._lam_2._boxed took 0.0259ms
interpretation of _private.Mathlib.Tactic.Linter.GlobalAttributeIn.0.Mathlib.Linter.globalAttributeInLinter.globalAttributeIn._lam_0._boxed took 0.465ms
interpretation of _private.Mathlib.Tactic.Linter.HashCommandLinter.0.Mathlib.Linter.HashCommandLinter.withSetOptionIn'._boxed took 0.0839ms
interpretation of _private.Mathlib.Tactic.Linter.FlexibleLinter.0.Mathlib.Linter.Flexible.flexibleLinter._lam_0._boxed took 0.0291ms
interpretation of _private.Mathlib.Tactic.Linter.Multigoal.0.Mathlib.Linter.Style.multiGoal.multiGoalLinter._lam_0._boxed took 0.0307ms
interpretation of _private.Mathlib.Tactic.Linter.OldObtain.0.Mathlib.Linter.Style.oldObtainLinter._lam_0._boxed took 0.0199ms
interpretation of Mathlib.Linter.UnusedInstancesInType.withSetBoolOptionIn._boxed took 0.0554ms
interpretation of Mathlib.Linter.UnusedInstancesInType.withSetBoolOptionIn._boxed took 0.0478ms
overlappingInstancesLinter took 0.281ms
interpretation of Mathlib.Linter.UnusedInstancesInType.withSetBoolOptionIn._boxed took 0.109ms
interpretation of _private.Mathlib.Tactic.Linter.PrivateModule.0.Mathlib.Linter.privateModule._lam_1._boxed took 0.0208ms
interpretation of _private.Mathlib.Tactic.Linter.UnusedTactic.0.Mathlib.Linter.UnusedTactic.unusedTacticLinter._lam_0._boxed took 1.18ms
interpretation of _private.Mathlib.Tactic.Linter.Style.0.Mathlib.Linter.Style.setOption.setOptionLinter._lam_0._boxed took 0.0357ms
interpretation of _private.Mathlib.Tactic.Linter.Style.0.Mathlib.Linter.Style.missingEnd.missingEndLinter._lam_0._boxed took 0.0689ms
interpretation of _private.Mathlib.Tactic.Linter.Style.0.Mathlib.Linter.Style.cdotLinter._lam_0._boxed took 0.0257ms
interpretation of _private.Mathlib.Tactic.Linter.Style.0.Mathlib.Linter.Style.dollarSyntax.dollarSyntaxLinter._lam_0._boxed took 0.023ms
interpretation of _private.Mathlib.Tactic.Linter.Style.0.Mathlib.Linter.Style.lambdaSyntax.lambdaSyntaxLinter._lam_0._boxed took 0.0191ms
interpretation of _private.Mathlib.Tactic.Linter.Style.0.Mathlib.Linter.Style.longFile.longFileLinter._lam_0._boxed took 0.0341ms
interpretation of _private.Mathlib.Tactic.Linter.Style.0.Mathlib.Linter.Style.longLine.longLineLinter._lam_0._boxed took 0.0202ms
interpretation of _private.Mathlib.Tactic.Linter.Style.0.Mathlib.Linter.Style.nameCheck.doubleUnderscore._lam_2._boxed took 0.273ms
interpretation of _private.Mathlib.Tactic.Linter.Style.0.Mathlib.Linter.Style.openClassical.openClassicalLinter._lam_0._boxed took 0.0215ms
interpretation of _private.Mathlib.Tactic.Linter.Whitespace.0.Mathlib.Linter.Style.Whitespace.whitespaceLinter._lam_4._boxed took 0.0266ms
tacticAnalysis took 3.68ms
interpretation of Mathlib.TacticAnalysis.tacticAnalysis._lam_1._boxed took 0.253ms
interpretation of _private.Mathlib.Tactic.Linter.Lint.0.Mathlib.Linter.DupNamespaceLinter.dupNamespace._lam_1._boxed took 0.837ms
linting took 1.68ms
elaboration took 5.18ms
parsing took 0.164ms
interpretation of _private.Mathlib.Tactic.Linter.Header.0.Mathlib.Linter.Style.header.headerLinter._lam_3._boxed took 0.241ms
interpretation of _private.Mathlib.Tactic.Linter.AuxLemma.0.Mathlib.Linter.AuxLemma.auxLemmaLinter._lam_1._boxed took 0.441ms
interpretation of _private.Mathlib.Tactic.Linter.DeprecatedSyntaxLinter.0.Mathlib.Linter.Style.deprecatedSyntaxLinter._lam_1._boxed took 0.0923ms
interpretation of _private.Mathlib.Tactic.Linter.DocPrime.0.Mathlib.Linter.DocPrime.docPrimeLinter._lam_3._boxed took 0.0948ms
interpretation of _private.Mathlib.Tactic.Linter.DocString.0.Mathlib.Linter.Style.docStringLinter._lam_0._boxed took 0.395ms
interpretation of _private.Mathlib.Tactic.Linter.DocString.0.Mathlib.Linter.Style.moduleDocVersoLinter._lam_0._boxed took 0.0442ms
interpretation of Mathlib.Linter.EmptyLine.emptyLineLinter._lam_2._boxed took 0.0492ms
interpretation of _private.Mathlib.Tactic.Linter.GlobalAttributeIn.0.Mathlib.Linter.globalAttributeInLinter.globalAttributeIn._lam_0._boxed took 0.179ms
interpretation of _private.Mathlib.Tactic.Linter.HashCommandLinter.0.Mathlib.Linter.HashCommandLinter.withSetOptionIn'._boxed took 0.167ms
interpretation of _private.Mathlib.Tactic.Linter.FlexibleLinter.0.Mathlib.Linter.Flexible.flexibleLinter._lam_0._boxed took 0.0647ms
interpretation of _private.Mathlib.Tactic.Linter.Multigoal.0.Mathlib.Linter.Style.multiGoal.multiGoalLinter._lam_0._boxed took 0.0673ms
interpretation of _private.Mathlib.Tactic.Linter.OldObtain.0.Mathlib.Linter.Style.oldObtainLinter._lam_0._boxed took 0.0465ms
interpretation of Mathlib.Linter.UnusedInstancesInType.withSetBoolOptionIn._boxed took 0.109ms
interpretation of Mathlib.Linter.UnusedInstancesInType.withSetBoolOptionIn._boxed took 0.0681ms
overlappingInstancesLinter took 0.252ms
interpretation of Mathlib.Linter.UnusedInstancesInType.withSetBoolOptionIn._boxed took 0.197ms
interpretation of _private.Mathlib.Tactic.Linter.PrivateModule.0.Mathlib.Linter.privateModule._lam_1._boxed took 0.0967ms
interpretation of _private.Mathlib.Tactic.Linter.UnusedTactic.0.Mathlib.Linter.UnusedTactic.unusedTacticLinter._lam_0._boxed took 1.36ms
interpretation of _private.Mathlib.Tactic.Linter.Style.0.Mathlib.Linter.Style.setOption.setOptionLinter._lam_0._boxed took 0.163ms
interpretation of _private.Mathlib.Tactic.Linter.Style.0.Mathlib.Linter.Style.missingEnd.missingEndLinter._lam_0._boxed took 0.134ms
interpretation of _private.Mathlib.Tactic.Linter.Style.0.Mathlib.Linter.Style.cdotLinter._lam_0._boxed took 0.0719ms
interpretation of _private.Mathlib.Tactic.Linter.Style.0.Mathlib.Linter.Style.dollarSyntax.dollarSyntaxLinter._lam_0._boxed took 0.0394ms
interpretation of _private.Mathlib.Tactic.Linter.Style.0.Mathlib.Linter.Style.lambdaSyntax.lambdaSyntaxLinter._lam_0._boxed took 0.0777ms
interpretation of _private.Mathlib.Tactic.Linter.Style.0.Mathlib.Linter.Style.longFile.longFileLinter._lam_0._boxed took 0.051ms
interpretation of _private.Mathlib.Tactic.Linter.Style.0.Mathlib.Linter.Style.longLine.longLineLinter._lam_0._boxed took 0.0398ms
interpretation of _private.Mathlib.Tactic.Linter.Style.0.Mathlib.Linter.Style.nameCheck.doubleUnderscore._lam_2._boxed took 0.545ms
interpretation of _private.Mathlib.Tactic.Linter.Style.0.Mathlib.Linter.Style.openClassical.openClassicalLinter._lam_0._boxed took 0.0426ms
interpretation of _private.Mathlib.Tactic.Linter.Whitespace.0.Mathlib.Linter.Style.Whitespace.whitespaceLinter._lam_4._boxed took 0.0442ms
tacticAnalysis took 0.647ms
interpretation of Mathlib.TacticAnalysis.tacticAnalysis._lam_1._boxed took 0.162ms
interpretation of _private.Mathlib.Tactic.Linter.Lint.0.Mathlib.Linter.DupNamespaceLinter.dupNamespace._lam_1._boxed took 0.183ms
linting took 1.77ms
elaboration took 0.362ms
parsing took 0.0033ms
interpretation of _private.Mathlib.Tactic.Linter.Header.0.Mathlib.Linter.Style.header.headerLinter._lam_3._boxed took 0.0453ms
interpretation of _private.Mathlib.Tactic.Linter.AuxLemma.0.Mathlib.Linter.AuxLemma.auxLemmaLinter._lam_1._boxed took 0.0539ms
interpretation of _private.Mathlib.Tactic.Linter.DeprecatedSyntaxLinter.0.Mathlib.Linter.Style.deprecatedSyntaxLinter._lam_1._boxed took 0.0635ms
interpretation of _private.Mathlib.Tactic.Linter.DocPrime.0.Mathlib.Linter.DocPrime.docPrimeLinter._lam_3._boxed took 0.0296ms
interpretation of _private.Mathlib.Tactic.Linter.DocString.0.Mathlib.Linter.Style.docStringLinter._lam_0._boxed took 0.107ms
interpretation of _private.Mathlib.Tactic.Linter.DocString.0.Mathlib.Linter.Style.moduleDocVersoLinter._lam_0._boxed took 0.0219ms
interpretation of Mathlib.Linter.EmptyLine.emptyLineLinter._lam_2._boxed took 0.0269ms
interpretation of _private.Mathlib.Tactic.Linter.GlobalAttributeIn.0.Mathlib.Linter.globalAttributeInLinter.globalAttributeIn._lam_0._boxed took 0.0795ms
interpretation of _private.Mathlib.Tactic.Linter.HashCommandLinter.0.Mathlib.Linter.HashCommandLinter.withSetOptionIn'._boxed took 0.0585ms
interpretation of _private.Mathlib.Tactic.Linter.FlexibleLinter.0.Mathlib.Linter.Flexible.flexibleLinter._lam_0._boxed took 0.0486ms
interpretation of _private.Mathlib.Tactic.Linter.Multigoal.0.Mathlib.Linter.Style.multiGoal.multiGoalLinter._lam_0._boxed took 0.0231ms
interpretation of _private.Mathlib.Tactic.Linter.OldObtain.0.Mathlib.Linter.Style.oldObtainLinter._lam_0._boxed took 0.0183ms
interpretation of Mathlib.Linter.UnusedInstancesInType.withSetBoolOptionIn._boxed took 0.0461ms
interpretation of Mathlib.Linter.UnusedInstancesInType.withSetBoolOptionIn._boxed took 0.0316ms
overlappingInstancesLinter took 0.085ms
interpretation of Mathlib.Linter.UnusedInstancesInType.withSetBoolOptionIn._boxed took 0.0895ms
interpretation of _private.Mathlib.Tactic.Linter.PrivateModule.0.Mathlib.Linter.privateModule._lam_1._boxed took 1.23ms
interpretation of _private.Mathlib.Tactic.Linter.UnusedTactic.0.Mathlib.Linter.UnusedTactic.unusedTacticLinter._lam_0._boxed took 0.451ms
interpretation of _private.Mathlib.Tactic.Linter.Style.0.Mathlib.Linter.Style.setOption.setOptionLinter._lam_0._boxed took 0.0318ms
interpretation of _private.Mathlib.Tactic.Linter.Style.0.Mathlib.Linter.Style.missingEnd.missingEndLinter._lam_0._boxed took 0.059ms
interpretation of _private.Mathlib.Tactic.Linter.Style.0.Mathlib.Linter.Style.cdotLinter._lam_0._boxed took 0.0177ms
interpretation of _private.Mathlib.Tactic.Linter.Style.0.Mathlib.Linter.Style.dollarSyntax.dollarSyntaxLinter._lam_0._boxed took 0.0276ms
interpretation of _private.Mathlib.Tactic.Linter.Style.0.Mathlib.Linter.Style.lambdaSyntax.lambdaSyntaxLinter._lam_0._boxed took 0.0248ms
interpretation of _private.Mathlib.Tactic.Linter.Style.0.Mathlib.Linter.Style.longFile.longFileLinter._lam_0._boxed took 0.0205ms
interpretation of _private.Mathlib.Tactic.Linter.Style.0.Mathlib.Linter.Style.longLine.longLineLinter._lam_0._boxed took 0.0169ms
interpretation of _private.Mathlib.Tactic.Linter.Style.0.Mathlib.Linter.Style.nameCheck.doubleUnderscore._lam_2._boxed took 0.152ms
interpretation of _private.Mathlib.Tactic.Linter.Style.0.Mathlib.Linter.Style.openClassical.openClassicalLinter._lam_0._boxed took 0.0229ms
interpretation of _private.Mathlib.Tactic.Linter.Whitespace.0.Mathlib.Linter.Style.Whitespace.whitespaceLinter._lam_4._boxed took 0.0404ms
tacticAnalysis took 0.304ms
interpretation of Mathlib.TacticAnalysis.tacticAnalysis._lam_1._boxed took 0.0548ms
interpretation of _private.Mathlib.Tactic.Linter.Lint.0.Mathlib.Linter.DupNamespaceLinter.dupNamespace._lam_1._boxed took 0.118ms
linting took 0.829ms
module linting took 0.0053ms
elaboration took 0.108ms
interpretation of _private.Batteries.Tactic.Lint.Basic.0.Batteries.Tactic.Lint.initFn._lam_2._@.Batteries.Tactic.Lint.Basic.880347739._hygCtx._hyg.2 took 0.0202ms
interpretation of _private.Mathlib.Tactic.Linter.UnusedTacticExtension.0.Mathlib.Linter.UnusedTactic.initFn._lam_0._@.Mathlib.Tactic.Linter.UnusedTacticExtension.2679548081._hygCtx._hyg.2 took 0.0049ms
interpretation of _private.Mathlib.Tactic.TacticAnalysis.0.Mathlib.TacticAnalysis.initFn._lam_2._@.Mathlib.Tactic.TacticAnalysis.358552301._hygCtx._hyg.2._boxed took 0.686ms
interpretation of _private.Batteries.Util.LibraryNote.0.Batteries.Util.LibraryNote.initFn._lam_0._@.Batteries.Util.LibraryNote.1081991270._hygCtx._hyg.2 took 0.0041ms
interpretation of _private.Batteries.Util.ProofWanted.0.initFn._lam_2._@.Batteries.Util.ProofWanted.2313051376._hygCtx._hyg.2 took 0.0031ms
interpretation of _private.Batteries.Util.ProofWanted.0.initFn._lam_2._@.Batteries.Util.ProofWanted.3080469459._hygCtx._hyg.2 took 0.0025ms
.olean serialization took 57.4ms
cumulative profiling times:
	.olean serialization 57.3ms
	attribute application 0.538ms
	compilation (IR) 2.28ms
	compilation (LCNF base) 78.6ms
	compilation (LCNF impure) 8.65ms
	compilation (LCNF mono) 18.5ms
	congr simp thm 0.473ms
	do element elaborator 56.9ms
	dsimp 1.32ms
	elaboration 73.3ms
	fix level params 0.203ms
	import 2.59s
	initialization 97.5ms
	instantiate metavars 0.402ms
	interpretation 2.49s
	let-to-have transformation 3.63ms
	linting 23.1ms
	module linting 0.0048ms
	overlappingInstancesLinter 32.3ms
	parsing 10.9ms
	process pre-definitions 80.2ms
	share common exprs 1.14ms
	simp 2.76ms
	tactic execution 190ms
	tacticAnalysis 67.1ms
	type checking 10ms
	typeclass inference 136ms
