interpretation of Batteries.machineApplicableDeprecated took 3.57ms
interpretation of Batteries.Tactic.Alias.aliasExt took 8.03ms
interpretation of coeNotation took 0.392ms
interpretation of coeFunNotation took 0.489ms
interpretation of coeSortNotation took 0.448ms
interpretation of Lean.Parser.Syntax.addPrec took 0.795ms
interpretation of Lean.Parser.Syntax.subPrec took 0.397ms
interpretation of Lean.Parser.Syntax.addPrio took 0.521ms
interpretation of Lean.Parser.Syntax.subPrio took 0.331ms
interpretation of precMax took 0.296ms
interpretation of precArg took 0.288ms
interpretation of precLead took 0.291ms
interpretation of prec(_) took 0.39ms
interpretation of precMin took 0.452ms
interpretation of precMin1 took 0.463ms
interpretation of termMax_prec took 0.361ms
interpretation of prioDefault took 0.316ms
interpretation of prioLow took 0.284ms
interpretation of prioMid took 0.28ms
interpretation of prioHigh took 0.283ms
interpretation of prio(_) took 0.293ms
interpretation of stx_+ took 0.287ms
interpretation of stx_* took 0.283ms
interpretation of stx_? took 0.284ms
interpretation of stx_<|>_ took 0.303ms
interpretation of stx_,* took 0.291ms
interpretation of stx_,+ took 0.331ms
interpretation of stx_,*,? took 0.311ms
interpretation of stx_,+,? took 0.304ms
interpretation of stx!_ took 0.287ms
interpretation of rawNatLit took 0.289ms
interpretation of term_∘_ took 0.305ms
interpretation of term_×_ took 0.293ms
interpretation of term_×'_ took 0.297ms
interpretation of term_∣_ took 0.294ms
interpretation of term_|||_ took 0.304ms
interpretation of term_^^^_ took 0.311ms
interpretation of term_&&&_ took 0.304ms
interpretation of term_+_ took 0.291ms
interpretation of term_-_ took 0.291ms
interpretation of term_*_ took 0.29ms
interpretation of term_/_ took 0.298ms
interpretation of term_%_ took 0.291ms
interpretation of term_<<<_ took 0.304ms
interpretation of term_>>>_ took 0.307ms
interpretation of term_^_ took 0.291ms
interpretation of term_++_ took 0.304ms
interpretation of term-_ took 0.289ms
interpretation of term~~~_ took 0.302ms
interpretation of term_⁻¹ took 0.296ms
interpretation of term_•_ took 0.294ms
interpretation of term_>=_ took 0.305ms
interpretation of term_<=_ took 0.296ms
interpretation of term_≤_ took 0.294ms
interpretation of term_<_ took 0.292ms
interpretation of term_≥_ took 0.294ms
interpretation of term_>_ took 0.342ms
interpretation of term_=_ took 0.335ms
interpretation of term_==_ took 0.303ms
interpretation of term_≍_ took 0.298ms
interpretation of term_∧_ took 0.296ms
interpretation of term_∨_ took 0.31ms
interpretation of term¬_ took 0.306ms
interpretation of term_&&_ took 0.326ms
interpretation of term_||_ took 0.306ms
interpretation of term!_ took 0.303ms
interpretation of term_∈_ took 0.312ms
interpretation of term_∉_ took 0.297ms
interpretation of term_::_ took 0.299ms
interpretation of term_<$>_ took 0.306ms
interpretation of term_>>=_ took 0.307ms
interpretation of term_<|>_ took 0.317ms
interpretation of term_>>_ took 0.303ms
interpretation of term_<*>_ took 0.309ms
interpretation of term_<*_ took 0.303ms
interpretation of term_*>_ took 0.305ms
interpretation of termDepIfThenElse took 0.309ms
interpretation of termIfThenElse took 0.295ms
interpretation of termIfLet took 0.285ms
interpretation of boolIfThenElse took 0.296ms
interpretation of term_<|_ took 0.306ms
interpretation of term_|>_ took 0.307ms
interpretation of term_$__ took 0.293ms
interpretation of term{_:_//_} took 0.317ms
interpretation of termWithout_expected_type_ took 0.32ms
interpretation of Lean.byElab took 0.332ms
interpretation of Lean.rawStx.quot took 0.325ms
interpretation of Lean.withAnnotateTerm took 0.356ms
interpretation of Lean.modCast took 0.321ms
interpretation of Lean.deprecated took 0.307ms
interpretation of Lean.deprecated_arg took 0.309ms
interpretation of Lean.suggest_for took 0.325ms
interpretation of Lean.univ_out_params took 0.324ms
interpretation of Lean.Attr.coe took 0.329ms
interpretation of Lean.command_code_action took 0.315ms
interpretation of Lean.builtin_command_code_action took 0.341ms
interpretation of Lean.includeStr took 0.32ms
interpretation of Lean.runCmd took 0.3ms
interpretation of Lean.runElab took 0.292ms
interpretation of Lean.runMeta took 0.291ms
interpretation of Lean.reduceCmd took 0.368ms
interpretation of Lean.guardMsgsCmd took 0.379ms
interpretation of Lean.guardPanicCmd took 0.337ms
interpretation of Lean.infoTreesCmd took 0.305ms
interpretation of Lean.setLibrarySuggestionsCmd took 0.336ms
interpretation of Lean.Parser.checkTactic took 0.322ms
interpretation of Lean.Parser.checkTacticFailure took 0.346ms
interpretation of Lean.Parser.checkSimp took 0.469ms
interpretation of Lean.Parser.checkSimpFailure took 0.519ms
interpretation of Lean.Parser.timeCmd took 0.311ms
interpretation of Lean.Parser.discrTreeKeyCmd took 0.316ms
interpretation of Lean.Parser.discrTreeSimpKeyCmd took 0.321ms
interpretation of Lean.Parser.commandSeal__ took 0.328ms
interpretation of Lean.Parser.commandUnseal__ took 0.324ms
interpretation of Lean.Parser.Tactic.as_aux_lemma took 0.331ms
interpretation of Lean.Parser.Tactic.withAnnotateState took 0.334ms
interpretation of Lean.Parser.Tactic.intro took 0.319ms
interpretation of Lean.Parser.Tactic.intros took 0.313ms
interpretation of Lean.Parser.Tactic.rename took 0.314ms
interpretation of Lean.Parser.Tactic.revert took 0.409ms
interpretation of Lean.Parser.Tactic.clear took 0.313ms
interpretation of Lean.Parser.Tactic.clearValue took 0.322ms
interpretation of Lean.Parser.Tactic.subst took 0.311ms
interpretation of Lean.Parser.Tactic.substVars took 0.318ms
interpretation of Lean.Parser.Tactic.assumption took 0.318ms
interpretation of Lean.Parser.Tactic.contradiction took 0.328ms
interpretation of Lean.Parser.Tactic.falseOrByContra took 0.325ms
interpretation of Lean.Parser.Tactic.apply took 0.309ms
interpretation of Lean.Parser.Tactic.exact took 0.308ms
interpretation of Lean.Parser.Tactic.refine took 0.311ms
interpretation of Lean.Parser.Tactic.refine' took 0.324ms
interpretation of Lean.Parser.Tactic.tacticExfalso took 0.323ms
interpretation of Lean.Parser.Tactic.constructor took 0.318ms
interpretation of Lean.Parser.Tactic.left took 0.307ms
interpretation of Lean.Parser.Tactic.right took 0.31ms
interpretation of Lean.Parser.Tactic.case took 0.317ms
interpretation of Lean.Parser.Tactic.case' took 0.337ms
interpretation of Lean.Parser.Tactic.tacticNext_=>_ took 0.359ms
interpretation of Lean.Parser.Tactic.allGoals took 0.318ms
interpretation of Lean.Parser.Tactic.anyGoals took 0.326ms
interpretation of Lean.Parser.Tactic.focus took 0.312ms
interpretation of Lean.Parser.Tactic.skip took 0.33ms
interpretation of Lean.Parser.Tactic.done took 0.309ms
interpretation of Lean.Parser.Tactic.traceState took 0.318ms
interpretation of Lean.Parser.Tactic.traceMessage took 0.332ms
interpretation of Lean.Parser.Tactic.failIfSuccess took 0.322ms
interpretation of Lean.Parser.Tactic.paren took 0.319ms
interpretation of Lean.Parser.Tactic.withReducible took 0.31ms
interpretation of Lean.Parser.Tactic.withReducibleAndInstances took 0.329ms
interpretation of Lean.Parser.Tactic.withImplicit took 0.316ms
interpretation of Lean.Parser.Tactic.withUnfoldingAll took 0.316ms
interpretation of Lean.Parser.Tactic.withUnfoldingNone took 0.316ms
interpretation of Lean.Parser.Tactic.first took 0.3ms
interpretation of Lean.Parser.Tactic.rotateLeft took 0.309ms
interpretation of Lean.Parser.Tactic.rotateRight took 0.316ms
interpretation of Lean.Parser.Tactic.tacticTry_ took 0.311ms
interpretation of Lean.Parser.Tactic.tactic_<;>_ took 0.327ms
interpretation of Lean.Parser.Tactic.fail took 0.297ms
interpretation of Lean.Parser.Tactic.eqRefl took 0.302ms
interpretation of Lean.Parser.Tactic.tacticRfl took 0.305ms
interpretation of Lean.Parser.Tactic.applyRfl took 0.303ms
interpretation of Lean.Parser.Tactic.tacticRfl' took 0.311ms
interpretation of Lean.Parser.Tactic.acRfl took 0.32ms
interpretation of Lean.Parser.Tactic.tacticSorry took 0.308ms
interpretation of Lean.Parser.Tactic.tacticAdmit took 0.308ms
interpretation of Lean.Parser.Tactic.tacticInfer_instance took 0.322ms
interpretation of Lean.Parser.Tactic.change took 0.305ms
interpretation of Lean.Parser.Tactic.show took 0.3ms
interpretation of Lean.Parser.Tactic.extractLets took 0.317ms
interpretation of Lean.Parser.Tactic.liftLets took 0.306ms
interpretation of Lean.Parser.Tactic.letToHave took 0.308ms
interpretation of Lean.Parser.Tactic.rewriteSeq took 0.309ms
interpretation of Lean.Parser.Tactic.rwSeq took 0.309ms
interpretation of Lean.Parser.Tactic.tacticRwa__ took 0.319ms
interpretation of Lean.Parser.Tactic.injection took 0.308ms
interpretation of Lean.Parser.Tactic.injections took 0.308ms
interpretation of Lean.Parser.Tactic.simp took 0.299ms
interpretation of Lean.Parser.Tactic.simpAll took 0.309ms
interpretation of Lean.Parser.Tactic.dsimp took 0.303ms
interpretation of Lean.Parser.Tactic.simpTrace took 0.313ms
interpretation of Lean.Parser.Tactic.tacticSimp?!_ took 0.356ms
interpretation of Lean.Parser.Tactic.simpAllTrace took 0.314ms
interpretation of Lean.Parser.Tactic.tacticSimp_all?!_ took 0.335ms
interpretation of Lean.Parser.Tactic.dsimpTrace took 0.31ms
interpretation of Lean.Parser.Tactic.tacticDsimp?!_ took 0.622ms
interpretation of Lean.Parser.Tactic.simpa took 0.667ms
interpretation of Lean.Parser.Tactic.simpaUsingBang took 0.627ms
interpretation of Lean.Parser.Tactic.tacticSimpa!_ took 0.426ms
interpretation of Lean.Parser.Tactic.tacticSimpa?_ took 0.365ms
interpretation of Lean.Parser.Tactic.tacticSimpa?!_ took 0.367ms
interpretation of Lean.Parser.Tactic.tacticSimpa!__1 took 0.398ms
interpretation of Lean.Parser.Tactic.tacticSimpa?__1 took 0.414ms
interpretation of Lean.Parser.Tactic.tacticSimpa?!__1 took 0.367ms
interpretation of Lean.Parser.Tactic.delta took 0.34ms
interpretation of Lean.Parser.Tactic.unfold took 0.381ms
interpretation of Lean.Parser.Tactic.tacticRefine_lift_ took 0.369ms
interpretation of Lean.Parser.Tactic.tacticHave__ took 0.349ms
interpretation of Lean.Parser.Tactic.tacticSuffices_ took 0.328ms
interpretation of Lean.Parser.Tactic.tacticLet__ took 0.316ms
interpretation of Lean.Parser.Tactic.letrec took 0.306ms
interpretation of Lean.Parser.Tactic.tacticRefine_lift'_ took 0.333ms
interpretation of Lean.Parser.Tactic.tacticHave' took 0.315ms
interpretation of Lean.Parser.Tactic.tacticLet'__ took 0.328ms
interpretation of Lean.Parser.Tactic.induction took 0.309ms
interpretation of Lean.Parser.Tactic.generalize took 0.312ms
interpretation of Lean.Parser.Tactic.cases took 0.303ms
interpretation of Lean.Parser.Tactic.funInduction took 0.315ms
interpretation of Lean.Parser.Tactic.funCases took 0.315ms
interpretation of Lean.Parser.Tactic.renameI took 0.306ms
interpretation of Lean.Parser.Tactic.tacticRepeat_ took 0.324ms
interpretation of Lean.Parser.Tactic.repeat' took 0.307ms
interpretation of Lean.Parser.Tactic.repeat1' took 0.318ms
interpretation of Lean.Parser.Tactic.tacticTrivial took 0.312ms
interpretation of Lean.Parser.Tactic.classical took 0.308ms
interpretation of Lean.Parser.Tactic.impossible took 0.312ms
interpretation of Lean.Parser.Tactic.split took 0.31ms
interpretation of Lean.Parser.Tactic.dbgTrace took 0.319ms
interpretation of Lean.Parser.Tactic.tacticStop_ took 0.317ms
interpretation of Lean.Parser.Tactic.tacticUnhygienic_ took 0.326ms
interpretation of Lean.Parser.Tactic.sleep took 0.3ms
interpretation of Lean.Parser.Tactic.tacticExists_,, took 0.339ms
interpretation of Lean.Parser.Tactic.congr took 0.311ms
interpretation of Lean.Parser.Tactic.tacIfThenElse took 0.311ms
interpretation of Lean.Parser.Tactic.tacDepIfThenElse took 0.322ms
interpretation of Lean.Parser.Tactic.tacticNofun took 0.312ms
interpretation of Lean.Parser.Tactic.tacticNomatch_,, took 0.336ms
interpretation of Lean.Parser.Tactic.replace took 0.304ms
interpretation of Lean.Parser.Tactic.specialize took 0.307ms
interpretation of Lean.Parser.Tactic.tacticAnd_intros took 0.319ms
interpretation of Lean.Parser.Tactic.substEqs took 0.303ms
interpretation of Lean.Parser.Tactic.runTac took 0.304ms
interpretation of Lean.Parser.Tactic.tacticHaveI__ took 0.325ms
interpretation of Lean.Parser.Tactic.tacticLetI__ took 0.317ms
interpretation of Lean.Parser.Tactic.decide took 0.302ms
interpretation of Lean.Parser.Tactic.nativeDecide took 0.314ms
interpretation of Lean.Parser.Tactic.omega took 0.304ms
interpretation of Lean.Parser.Tactic.tacticBv_omega took 0.321ms
interpretation of Lean.Parser.Tactic.acNf0 took 0.301ms
interpretation of Lean.Parser.Tactic.normCast0 took 0.318ms
interpretation of Lean.Parser.Tactic.tacticAssumption_mod_cast_ took 0.345ms
interpretation of Lean.Parser.Tactic.tacticNorm_cast__ took 0.326ms
interpretation of Lean.Parser.Tactic.pushCast took 0.307ms
interpretation of Lean.Parser.Tactic.normCastAddElim took 0.326ms
interpretation of Lean.Parser.Tactic.tacticAc_nf_ took 0.317ms
interpretation of Lean.Parser.Tactic.symm took 0.3ms
interpretation of Lean.Parser.Tactic.symmSaturate took 0.314ms
interpretation of Lean.Parser.Tactic.solveByElim took 0.308ms
interpretation of Lean.Parser.Tactic.applyAssumption took 0.327ms
interpretation of Lean.Parser.Tactic.applyRules took 0.3ms
interpretation of Lean.Parser.Tactic.exact? took 0.3ms
interpretation of Lean.Parser.Tactic.apply? took 0.299ms
interpretation of Lean.Parser.Tactic.rewrites? took 0.312ms
interpretation of Lean.Parser.Tactic.showTerm took 0.295ms
interpretation of Lean.Parser.Tactic.showTermElab took 0.3ms
interpretation of Lean.Parser.Tactic.by? took 0.3ms
interpretation of Lean.Parser.Tactic.exposeNames took 0.297ms
interpretation of Lean.Parser.Tactic.suggestions took 0.419ms
interpretation of Lean.Parser.Tactic.bvCheck took 0.474ms
interpretation of Lean.Parser.Tactic.bvDecide took 0.303ms
interpretation of Lean.Parser.Tactic.bvTrace took 0.351ms
interpretation of Lean.Parser.Tactic.bvNormalize took 0.344ms
interpretation of Lean.Parser.Tactic.massumptionMacro took 0.335ms
interpretation of Lean.Parser.Tactic.mclearMacro took 0.314ms
interpretation of Lean.Parser.Tactic.mconstructorMacro took 0.322ms
interpretation of Lean.Parser.Tactic.mexactMacro took 0.303ms
interpretation of Lean.Parser.Tactic.mexfalsoMacro took 0.305ms
interpretation of Lean.Parser.Tactic.mexistsMacro took 0.301ms
interpretation of Lean.Parser.Tactic.mframeMacro took 0.305ms
interpretation of Lean.Parser.Tactic.mhaveMacro took 0.35ms
interpretation of Lean.Parser.Tactic.mreplaceMacro took 0.303ms
interpretation of Lean.Parser.Tactic.mleftMacro took 0.298ms
interpretation of Lean.Parser.Tactic.mrightMacro took 0.313ms
interpretation of Lean.Parser.Tactic.mpureMacro took 0.313ms
interpretation of Lean.Parser.Tactic.mpureIntroMacro took 0.326ms
interpretation of Lean.Parser.Tactic.mrevertMacro took 0.308ms
interpretation of Lean.Parser.Tactic.mrenameIMacro took 0.302ms
interpretation of Lean.Parser.Tactic.mspecializeMacro took 0.305ms
interpretation of Lean.Parser.Tactic.mspecializePureMacro took 0.31ms
interpretation of Lean.Parser.Tactic.mstartMacro took 0.304ms
interpretation of Lean.Parser.Tactic.mstopMacro took 0.296ms
interpretation of Lean.Parser.Tactic.mleaveMacro took 0.302ms
interpretation of Lean.Parser.Tactic.mcasesMacro took 0.296ms
interpretation of Lean.Parser.Tactic.mrefineMacro took 0.298ms
interpretation of Lean.Parser.Tactic.mintroMacro took 0.302ms
interpretation of Lean.Parser.Tactic.mspecMacro took 0.296ms
interpretation of Lean.Parser.Tactic.mvcgenMacro took 0.297ms
interpretation of Lean.Parser.Tactic.vcgenMacro took 0.296ms
interpretation of Lean.Parser.Tactic.cbv took 0.287ms
interpretation of Lean.Parser.Tactic.decide_cbv took 0.298ms
interpretation of Lean.Parser.Attr.simp took 0.304ms
interpretation of Lean.Parser.Attr.wf_preprocess took 0.301ms
interpretation of Lean.Parser.Attr.method_specs_simp took 0.309ms
interpretation of Lean.Parser.Attr.cbv_eval took 0.296ms
interpretation of Lean.Parser.Attr.norm_cast took 0.302ms
interpretation of term‹_› took 0.292ms
interpretation of tacticGet_elem_tactic_extensible took 0.313ms
interpretation of tacticGet_elem_tactic_trivial took 0.299ms
interpretation of tacticGet_elem_tactic took 0.287ms
interpretation of Lean.Parser.Syntax.exact? took 0.302ms
interpretation of term_<->_ took 0.287ms
interpretation of term_↔_ took 0.28ms
interpretation of term_⊕_ took 0.282ms
interpretation of term_⊕'_ took 0.306ms
interpretation of term_≈_ took 0.285ms
interpretation of term_⊆_ took 0.286ms
interpretation of term_⊂_ took 0.283ms
interpretation of term_⊇_ took 0.285ms
interpretation of term_⊃_ took 0.283ms
interpretation of term_∪_ took 0.284ms
interpretation of term_∩_ took 0.293ms
interpretation of term_\_ took 0.283ms
interpretation of term{} took 0.281ms
interpretation of term∅ took 0.278ms
interpretation of term_!=_ took 0.289ms
interpretation of term_≠_ took 0.293ms
interpretation of term_<&>_ took 0.299ms
interpretation of term_<||>_ took 0.299ms
interpretation of term_<&&>_ took 0.323ms
interpretation of term_>=>_ took 0.307ms
interpretation of term_<=<_ took 0.31ms
interpretation of term_=<<_ took 0.303ms
interpretation of Lean.Parser.resetGrindAttrs took 0.321ms
interpretation of Lean.Parser.Attr.grind took 0.311ms
interpretation of Lean.Parser.Attr.grind! took 0.334ms
interpretation of Lean.Parser.Attr.grind? took 0.31ms
interpretation of Lean.Parser.Attr.grind!? took 0.321ms
interpretation of Lean.Parser.Attr.lia took 0.3ms
interpretation of Lean.Parser.Attr.lia! took 0.303ms
interpretation of Lean.Parser.Attr.lia? took 0.321ms
interpretation of Lean.Parser.Attr.lia!? took 0.309ms
interpretation of Lean.Parser.Tactic.Grind.grind_filter.quot took 0.334ms
interpretation of Lean.Parser.Tactic.Grind.grind_filter_ took 0.331ms
interpretation of Lean.Parser.Tactic.Grind.grind_filterGen<_ took 0.345ms
interpretation of Lean.Parser.Tactic.Grind.grind_filterGen=_ took 0.337ms
interpretation of Lean.Parser.Tactic.Grind.grind_filterGen!=_ took 0.342ms
interpretation of Lean.Parser.Tactic.Grind.grind_filterGen≤_ took 0.379ms
interpretation of Lean.Parser.Tactic.Grind.grind_filterGen<=_ took 0.363ms
interpretation of Lean.Parser.Tactic.Grind.grind_filterGen>_ took 0.347ms
interpretation of Lean.Parser.Tactic.Grind.grind_filterGen≥_ took 0.35ms
interpretation of Lean.Parser.Tactic.Grind.grind_filterGen>=_ took 0.352ms
interpretation of Lean.Parser.Tactic.Grind.grind_filter(_) took 0.351ms
interpretation of Lean.Parser.Tactic.Grind.grind_filter_&&_ took 0.353ms
interpretation of Lean.Parser.Tactic.Grind.grind_filter_||_ took 0.35ms
interpretation of Lean.Parser.Tactic.Grind.grind_filter!_ took 0.341ms
interpretation of Lean.Parser.Tactic.Grind.grind.quot took 0.327ms
interpretation of Lean.Parser.Tactic.Grind.paren took 0.327ms
interpretation of Lean.Parser.Tactic.Grind.skip took 0.32ms
interpretation of Lean.Parser.Tactic.Grind.lia took 0.316ms
interpretation of Lean.Parser.Tactic.Grind.ring took 0.317ms
interpretation of Lean.Parser.Tactic.Grind.ac took 0.314ms
interpretation of Lean.Parser.Tactic.Grind.linarith took 0.332ms
interpretation of Lean.Parser.Tactic.Grind.sorry took 0.319ms
interpretation of Lean.Parser.Tactic.Grind.instantiate took 0.332ms
interpretation of Lean.Parser.Tactic.Grind.use took 0.319ms
interpretation of Lean.Parser.Tactic.Grind.showAsserted took 0.335ms
interpretation of Lean.Parser.Tactic.Grind.showTrue took 0.325ms
interpretation of Lean.Parser.Tactic.Grind.showFalse took 0.342ms
interpretation of Lean.Parser.Tactic.Grind.showEqcs took 0.314ms
interpretation of Lean.Parser.Tactic.Grind.showCases took 0.315ms
interpretation of Lean.Parser.Tactic.Grind.showState took 0.314ms
interpretation of Lean.Parser.Tactic.Grind.showLocalThms took 0.32ms
interpretation of Lean.Parser.Tactic.Grind.showTerm took 0.337ms
interpretation of Lean.Parser.Tactic.Grind.showGoals took 0.327ms
interpretation of Lean.Parser.Tactic.Grind.grind_ref.quot took 0.334ms
interpretation of Lean.Parser.Tactic.Grind.grind_ref_ took 0.333ms
interpretation of Lean.Parser.Tactic.Grind.grind_ref__/__ took 0.349ms
interpretation of Lean.Parser.Tactic.Grind.grind_ref__1 took 0.345ms
interpretation of Lean.Parser.Tactic.Grind.cases took 0.396ms
interpretation of Lean.Parser.Tactic.Grind.casesTrace took 0.59ms
interpretation of Lean.Parser.Tactic.Grind.casesNext took 0.589ms
interpretation of Lean.Parser.Tactic.Grind.done took 0.443ms
interpretation of Lean.Parser.Tactic.Grind.finish took 0.385ms
interpretation of Lean.Parser.Tactic.Grind.finishTrace took 0.449ms
interpretation of Lean.Parser.Tactic.Grind.have took 0.437ms
interpretation of Lean.Parser.Tactic.Grind.nestedTacticCore took 0.367ms
interpretation of Lean.Parser.Tactic.Grind.allGoals took 0.348ms
interpretation of Lean.Parser.Tactic.Grind.focus took 0.342ms
interpretation of Lean.Parser.Tactic.Grind.next took 0.352ms
interpretation of Lean.Parser.Tactic.Grind.grind·_ took 0.391ms
interpretation of Lean.Parser.Tactic.Grind.case took 0.38ms
interpretation of Lean.Parser.Tactic.Grind.anyGoals took 0.418ms
interpretation of Lean.Parser.Tactic.Grind.withAnnotateState took 0.36ms
interpretation of Lean.Parser.Tactic.Grind.grind_<;>_ took 0.356ms
interpretation of Lean.Parser.Tactic.Grind.first took 0.342ms
interpretation of Lean.Parser.Tactic.Grind.grindTry_ took 0.342ms
interpretation of Lean.Parser.Tactic.Grind.failIfSuccess took 0.333ms
interpretation of Lean.Parser.Tactic.Grind.grindAdmit took 0.332ms
interpretation of Lean.Parser.Tactic.Grind.fail took 0.327ms
interpretation of Lean.Parser.Tactic.Grind.grindRepeat_ took 0.339ms
interpretation of Lean.Parser.Tactic.Grind.renameI took 0.326ms
interpretation of Lean.Parser.Tactic.Grind.exposeNames took 0.33ms
interpretation of Lean.Parser.Tactic.Grind.setOption took 0.338ms
interpretation of Lean.Parser.Tactic.Grind.setConfig took 0.331ms
interpretation of Lean.Parser.Tactic.Grind.haveSilent took 0.33ms
interpretation of Lean.Parser.Tactic.Grind.mbtc took 0.321ms
interpretation of Lean.Parser.Tactic.Grind.symIntro took 0.34ms
interpretation of Lean.Parser.Tactic.Grind.symIntroLight took 0.338ms
interpretation of Lean.Parser.Tactic.Grind.symIntros took 0.328ms
interpretation of Lean.Parser.Tactic.Grind.symIntrosLight took 0.335ms
interpretation of Lean.Parser.Tactic.Grind.symApply took 0.326ms
interpretation of Lean.Parser.Tactic.Grind.symInternalize took 0.348ms
interpretation of Lean.Parser.Tactic.Grind.symInternalizeAll took 0.339ms
interpretation of Lean.Parser.Tactic.Grind.symByContra took 0.328ms
interpretation of Lean.Parser.Tactic.Grind.symSimp took 0.347ms
interpretation of Lean.Parser.Tactic.Grind.symDSimp took 0.335ms
interpretation of Lean.Parser.Tactic.Grind.symRw took 0.331ms
interpretation of Lean.Parser.Tactic.Grind.grindExact_ took 0.326ms
interpretation of Lean.Parser.Tactic.Grind.symCbv took 0.495ms
interpretation of Lean.Parser.Tactic.Grind.bvNormalize took 0.538ms
interpretation of Lean.Parser.Tactic.Grind.bvDecide took 0.526ms
interpretation of Lean.Parser.Tactic.Grind.bvTrace took 0.581ms
interpretation of Lean.Parser.Tactic.Grind.bvCheck took 0.573ms
interpretation of Lean.Parser.Tactic.grind took 0.385ms
interpretation of Lean.Parser.Tactic.grindTrace took 0.362ms
interpretation of Lean.Parser.Tactic.sym took 0.547ms
interpretation of Lean.Parser.Tactic.cutsat took 0.551ms
interpretation of Lean.Parser.Tactic.lia took 0.545ms
interpretation of Lean.Parser.Tactic.grind_order took 0.572ms
interpretation of Lean.Parser.Tactic.grind_linarith took 0.585ms
interpretation of Lean.Parser.Tactic.grobner took 0.564ms
interpretation of Int.term-[_+1] took 0.615ms
interpretation of term[_] took 0.534ms
interpretation of term%[_|_] took 0.533ms
interpretation of List.term_<+_ took 0.606ms
interpretation of List.term_<+:_ took 0.526ms
interpretation of List.term_<:+_ took 0.546ms
interpretation of List.term_<:+:_ took 0.521ms
interpretation of List.term_~_ took 0.65ms
interpretation of tacticSimp_wf took 0.781ms
interpretation of tacticClean_wf took 0.7ms
interpretation of tacticDecreasing_trivial took 0.875ms
interpretation of tacticDecreasing_trivial_pre_omega took 0.627ms
interpretation of tacticDecreasing_with_ took 0.606ms
interpretation of tacticDecreasing_tactic took 1.06ms
interpretation of term__[_] took 0.644ms
interpretation of term__[_]'_ took 0.748ms
interpretation of term__[_]_? took 0.651ms
interpretation of term__[_]_! took 0.599ms
interpretation of term#[_,] took 0.702ms
interpretation of Lean.termEval_prec_ took 0.781ms
interpretation of Lean.termEval_prio_ took 0.763ms
interpretation of Lean.Parser.Tactic.tacticErw___ took 0.749ms
interpretation of Lean.Parser.Tactic.declareSimpLikeTactic took 0.543ms
interpretation of Lean.Parser.Tactic.simpAutoUnfold took 0.475ms
interpretation of Lean.Parser.Tactic.simpArith took 0.447ms
interpretation of Lean.Parser.Tactic.simpArithBang took 0.438ms
interpretation of Lean.Parser.Tactic.simpAllAutoUnfold took 0.44ms
interpretation of Lean.Parser.Tactic.simpAllArith took 0.455ms
interpretation of Lean.Parser.Tactic.simpAllArithBang took 0.511ms
interpretation of Lean.Parser.Tactic.dsimpAutoUnfold took 0.51ms
interpretation of Lean.Parser.Tactic.tacticIterate____ took 0.49ms
interpretation of Lean.Parser.Tactic.tacticRw_mod_cast___ took 0.47ms
interpretation of Lean.Parser.Tactic.tacticExact_mod_cast_ took 0.484ms
interpretation of Lean.Parser.Tactic.tacticApply_mod_cast_ took 0.474ms
interpretation of tacticBy_cases_:_ took 0.474ms
interpretation of Lean.Parser.Tactic.rcasesPat.quot took 0.482ms
interpretation of Lean.Parser.Tactic.rcasesPat.one took 0.471ms
interpretation of Lean.Parser.Tactic.rcasesPat.ignore took 0.452ms
interpretation of Lean.Parser.Tactic.rcasesPat.clear took 0.486ms
interpretation of Lean.Parser.Tactic.rcasesPat.explicit took 0.459ms
interpretation of Lean.Parser.Tactic.rcasesPat.tuple took 0.443ms
interpretation of Lean.Parser.Tactic.rcasesPat.paren took 0.461ms
interpretation of Lean.Parser.Tactic.rintroPat.quot took 0.441ms
interpretation of Lean.Parser.Tactic.rintroPat.one took 0.437ms
interpretation of Lean.Parser.Tactic.rintroPat.binder took 0.493ms
interpretation of Lean.Parser.Tactic.rcases took 0.435ms
interpretation of Lean.Parser.Tactic.obtain took 0.431ms
interpretation of Lean.Parser.Tactic.rintro took 0.448ms
interpretation of Lean.Parser.Tactic.Conv.conv.quot took 0.361ms
interpretation of Lean.Parser.Tactic.Conv.withAnnotateState took 0.331ms
interpretation of Lean.Parser.Tactic.Conv.skip took 0.312ms
interpretation of Lean.Parser.Tactic.Conv.cbv took 0.318ms
interpretation of Lean.Parser.Tactic.Conv.lhs took 0.308ms
interpretation of Lean.Parser.Tactic.Conv.rhs took 0.347ms
interpretation of Lean.Parser.Tactic.Conv.fun took 0.304ms
interpretation of Lean.Parser.Tactic.Conv.whnf took 0.307ms
interpretation of Lean.Parser.Tactic.Conv.zeta took 0.321ms
interpretation of Lean.Parser.Tactic.Conv.reduce took 0.313ms
interpretation of Lean.Parser.Tactic.Conv.congr took 0.311ms
interpretation of Lean.Parser.Tactic.Conv.arg took 0.308ms
interpretation of Lean.Parser.Tactic.Conv.ext took 0.311ms
interpretation of Lean.Parser.Tactic.Conv.change took 0.315ms
interpretation of Lean.Parser.Tactic.Conv.delta took 0.305ms
interpretation of Lean.Parser.Tactic.Conv.unfold took 0.312ms
interpretation of Lean.Parser.Tactic.Conv.pattern took 0.306ms
interpretation of Lean.Parser.Tactic.Conv.rewrite took 0.316ms
interpretation of Lean.Parser.Tactic.Conv.simp took 0.341ms
interpretation of Lean.Parser.Tactic.Conv.simpTrace took 0.332ms
interpretation of Lean.Parser.Tactic.Conv.dsimp took 0.322ms
interpretation of Lean.Parser.Tactic.Conv.dsimpTrace took 0.327ms
interpretation of Lean.Parser.Tactic.Conv.simpMatch took 0.337ms
interpretation of Lean.Parser.Tactic.Conv.clear took 0.342ms
interpretation of Lean.Parser.Tactic.Conv.nestedTacticCore took 0.343ms
interpretation of Lean.Parser.Tactic.Conv.nestedTactic took 0.339ms
interpretation of Lean.Parser.Tactic.Conv.convTactic took 0.33ms
interpretation of Lean.Parser.Tactic.Conv.nestedConv took 0.343ms
interpretation of Lean.Parser.Tactic.Conv.paren took 0.317ms
interpretation of Lean.Parser.Tactic.Conv.convRfl took 0.331ms
interpretation of Lean.Parser.Tactic.Conv.convDone took 0.315ms
interpretation of Lean.Parser.Tactic.Conv.convTrace_state took 0.324ms
interpretation of Lean.Parser.Tactic.Conv.allGoals took 0.334ms
interpretation of Lean.Parser.Tactic.Conv.anyGoals took 0.38ms
interpretation of Lean.Parser.Tactic.Conv.case took 0.324ms
interpretation of Lean.Parser.Tactic.Conv.case' took 0.399ms
interpretation of Lean.Parser.Tactic.Conv.convNext__=>_ took 0.477ms
interpretation of Lean.Parser.Tactic.Conv.focus took 0.394ms
interpretation of Lean.Parser.Tactic.Conv.convConvSeq took 0.41ms
interpretation of Lean.Parser.Tactic.Conv.conv·_ took 0.439ms
interpretation of Lean.Parser.Tactic.Conv.failIfSuccess took 0.497ms
interpretation of Lean.Parser.Tactic.Conv.convRw__ took 0.428ms
interpretation of Lean.Parser.Tactic.Conv.convErw__ took 0.38ms
interpretation of Lean.Parser.Tactic.Conv.convArgs took 0.327ms
interpretation of Lean.Parser.Tactic.Conv.convLeft took 0.396ms
interpretation of Lean.Parser.Tactic.Conv.convRight took 0.397ms
interpretation of Lean.Parser.Tactic.Conv.convIntro___ took 0.337ms
interpretation of Lean.Parser.Tactic.Conv.enter took 0.326ms
interpretation of Lean.Parser.Tactic.Conv.convApply_ took 0.329ms
interpretation of Lean.Parser.Tactic.Conv.first took 0.325ms
interpretation of Lean.Parser.Tactic.Conv.convTry_ took 0.322ms
interpretation of Lean.Parser.Tactic.Conv.conv_<;>_ took 0.338ms
interpretation of Lean.Parser.Tactic.Conv.convRepeat_ took 0.507ms
interpretation of Lean.Parser.Tactic.Conv.extractLets took 0.563ms
interpretation of Lean.Parser.Tactic.Conv.liftLets took 0.537ms
interpretation of Lean.Parser.Tactic.Conv.letToHave took 0.484ms
interpretation of Lean.Parser.Tactic.Conv.conv took 0.422ms
interpretation of Lean.Parser.Tactic.Conv.normCast took 0.367ms
interpretation of Lean.command__Unif_hint____Where_|_-⊢__ took 0.391ms
interpretation of term∃_,_ took 0.308ms
interpretation of termExists_,_ took 0.299ms
interpretation of termΣ_,_ took 0.296ms
interpretation of termΣ'_,_ took 0.341ms
interpretation of term_×__1 took 0.296ms
interpretation of term_×'__1 took 0.462ms
interpretation of Lean.calc took 0.437ms
interpretation of Lean.calcTactic took 0.484ms
interpretation of Lean.convCalc_ took 0.488ms
interpretation of tacticFunext___ took 0.345ms
interpretation of Lean.Parser.Command.classAbbrev took 0.376ms
interpretation of Lean.cdot took 0.301ms
interpretation of Lean.solveTactic took 0.302ms
interpretation of Lean.term_Matches_| took 0.311ms
interpretation of term{_} took 0.296ms
interpretation of Lean.Parser.Attr.ext took 0.493ms
interpretation of Lean.Elab.Tactic.Ext.ext took 0.496ms
interpretation of Lean.Elab.Tactic.Ext.applyExtTheorem took 0.322ms
interpretation of Lean.Elab.Tactic.Ext.tacticExt1___ took 0.357ms
interpretation of Lean.binderPred.quot took 0.482ms
interpretation of Lean.termSatisfies_binder_pred%__ took 0.468ms
interpretation of Lean.term∃__,_ took 0.381ms
interpretation of Lean.term∀__,_ took 0.318ms
interpretation of Lean.binderPred>_ took 0.336ms
interpretation of Lean.binderPred≥_ took 0.311ms
interpretation of Lean.binderPred<_ took 0.303ms
interpretation of Lean.binderPred≤_ took 0.316ms
interpretation of Lean.binderPred≠_ took 0.31ms
interpretation of Lean.binderPred∈_ took 0.302ms
interpretation of Lean.binderPred∉_ took 0.302ms
interpretation of Lean.binderPred⊆_ took 0.317ms
interpretation of Lean.binderPred⊂_ took 0.311ms
interpretation of Lean.binderPred⊇_ took 0.3ms
interpretation of Lean.binderPred⊃_ took 0.304ms
interpretation of Bool.term_^^_ took 0.357ms
interpretation of List.tacticSizeOf_list_dec took 0.324ms
interpretation of BitVec.term__#__ took 0.315ms
interpretation of BitVec.term__#'__ took 0.31ms
interpretation of Std.term_...* took 0.391ms
interpretation of Std.term*...* took 0.313ms
interpretation of Std.term_<...* took 0.374ms
interpretation of Std.term_...<_ took 0.326ms
interpretation of Std.term_..._ took 0.311ms
interpretation of Std.term*...<_ took 0.318ms
interpretation of Std.term*..._ took 0.342ms
interpretation of Std.term_<...<_ took 0.315ms
interpretation of Std.term_<..._ took 0.309ms
interpretation of Std.term_...=_ took 0.31ms
interpretation of Std.term*...=_ took 0.311ms
interpretation of Std.term_<...=_ took 0.326ms
interpretation of Vector.term#v[_,] took 0.37ms
interpretation of Std.Legacy.Range.term[:_] took 0.368ms
interpretation of Std.Legacy.Range.term[_:_] took 0.347ms
interpretation of Std.Legacy.Range.term[:_:_] took 0.368ms
interpretation of Std.Legacy.Range.term[_:_:_] took 0.356ms
interpretation of Array.term__[_:_] took 0.405ms
interpretation of Array.term__[_:] took 0.312ms
interpretation of Array.term__[:_] took 0.322ms
interpretation of String.Internal.tacticOrder took 0.314ms
interpretation of Array.tacticArray_get_dec took 0.309ms
interpretation of Array.tacticArray_mem_dec took 0.319ms
interpretation of Array.term_~_ took 0.301ms
interpretation of commandDeclare_uint_theorems__ took 0.35ms
interpretation of commandDeclare_bitwise_uint_theorems__ took 0.345ms
interpretation of commandDeclare_int_theorems__ took 0.331ms
interpretation of commandDeclare_bitwise_int_theorems__ took 0.352ms
interpretation of termPrintln!__ took 0.312ms
interpretation of termS!_ took 0.292ms
interpretation of Std.termF!_ took 0.317ms
interpretation of Vector.term_~_ took 0.306ms
interpretation of Rat.term_/._ took 0.368ms
interpretation of Lean.Parser.command_Grind_propagator___(_):=_ took 0.383ms
interpretation of Lean.Parser.command_Builtin_grind_propagator____:=_ took 0.381ms
interpretation of Lean.Parser.grindPropagatorBuiltinAttr took 0.329ms
interpretation of DerivingHelpers.tacticDeriving_ReflEq_tactic took 0.365ms
interpretation of tacticDeriving_LawfulEq_tactic_step took 0.336ms
interpretation of tacticDeriving_LawfulEq_tactic took 0.327ms
interpretation of Lean.Parser.Command.grindAnnotated took 0.442ms
interpretation of Lean.Grind.grindLintCheck took 0.54ms
interpretation of Lean.Grind.grindLintInspect took 0.445ms
interpretation of Lean.Grind.grindLintMute took 0.377ms
interpretation of Lean.Grind.grindLintSkip took 0.362ms
interpretation of Lean.Parser.Tactic.guardExpr took 0.536ms
interpretation of Lean.Parser.Tactic.guardExprConv took 0.428ms
interpretation of Lean.Parser.Tactic.guardTarget took 0.343ms
interpretation of Lean.Parser.Tactic.guardTargetConv took 0.331ms
interpretation of Lean.Parser.Tactic.guardHyp took 0.329ms
interpretation of Lean.Parser.Tactic.guardHypConv took 0.319ms
interpretation of Lean.Parser.Command.guardExprCmd took 0.333ms
interpretation of Lean.Parser.Command.guardCmd took 0.318ms
interpretation of Lean.Parser.command__Simproc__[_]_(_):=_ took 0.522ms
interpretation of Lean.Parser.command__Dsimproc__[_]_(_):=_ took 0.525ms
interpretation of Lean.Parser.command_Simproc_decl_(_):=_ took 0.39ms
interpretation of Lean.Parser.command_Dsimproc_decl_(_):=_ took 0.447ms
interpretation of Lean.Parser.command__Builtin_simproc__[_]_(_):=_ took 0.734ms
interpretation of Lean.Parser.command__Builtin_dsimproc__[_]_(_):=_ took 0.781ms
interpretation of Lean.Parser.command_Builtin_simproc_decl_(_):=_ took 0.695ms
interpretation of Lean.Parser.command_Builtin_dsimproc_decl_(_):=_ took 0.592ms
interpretation of Lean.Parser.simprocPattern took 0.512ms
interpretation of Lean.Parser.simprocPatternBuiltin took 0.539ms
interpretation of Lean.Parser.Attr.simprocAttr took 0.48ms
interpretation of Lean.Parser.Attr.sevalprocAttr took 0.429ms
interpretation of Lean.Parser.Attr.simprocBuiltinAttr took 0.465ms
interpretation of Lean.Parser.Attr.sevalprocBuiltinAttr took 0.398ms
interpretation of Lean.Parser.command__Cbv_simproc____(_):=_ took 0.433ms
interpretation of Lean.Parser.command_Cbv_simproc_decl_(_):=_ took 0.374ms
interpretation of Lean.Parser.command__Builtin_cbv_simproc____(_):=_ took 0.383ms
interpretation of Lean.Parser.command_Builtin_cbv_simproc_decl_(_):=_ took 0.378ms
interpretation of Lean.Parser.cbvSimprocPattern took 0.328ms
interpretation of Lean.Parser.cbvSimprocPatternBuiltin took 0.336ms
interpretation of Lean.Parser.Attr.cbvSimprocAttr took 0.328ms
interpretation of Lean.Parser.Attr.cbvSimprocBuiltinAttr took 0.326ms
interpretation of Lean.termMacro.trace[_]_ took 0.353ms
interpretation of Lean.Parser.Sym.Simp.sym_simproc.quot took 0.35ms
interpretation of Lean.Parser.Sym.Simp.sym_discharger.quot took 0.336ms
interpretation of Lean.Parser.Sym.Simp.ground took 0.326ms
interpretation of Lean.Parser.Sym.Simp.telescope took 0.33ms
interpretation of Lean.Parser.Sym.Simp.control took 0.366ms
interpretation of Lean.Parser.Sym.Simp.arrowTelescope took 0.334ms
interpretation of Lean.Parser.Sym.Simp.rewriteSet took 0.316ms
interpretation of Lean.Parser.Sym.Simp.rewriteInline took 0.336ms
interpretation of Lean.Parser.Sym.Simp.self took 0.31ms
interpretation of Lean.Parser.Sym.Simp.none took 0.303ms
interpretation of Lean.Parser.Sym.Simp.andThen took 0.325ms
interpretation of Lean.Parser.Sym.Simp.orElse took 0.306ms
interpretation of Lean.Parser.Sym.Simp.simprocParen took 0.326ms
interpretation of Lean.Parser.Sym.Simp.dischSelf took 0.338ms
interpretation of Lean.Parser.Sym.Simp.dischNone took 0.32ms
interpretation of Lean.Parser.Sym.Simp.dischParen took 0.33ms
interpretation of Lean.Parser.Sym.Simp.dischGrind took 0.324ms
interpretation of Lean.Parser.Command.sym_simp_field.quot took 0.366ms
interpretation of Lean.Parser.Command.symSimpFieldPre took 0.337ms
interpretation of Lean.Parser.Command.symSimpFieldPost took 0.334ms
interpretation of Lean.Parser.Command.symSimpFieldMaxSteps took 0.338ms
interpretation of Lean.Parser.Command.symSimpFieldMaxDischargeDepth took 0.351ms
interpretation of Lean.Parser.Command.registerSymSimp took 0.335ms
interpretation of Lean.Parser.Sym.DSimp.sym_dsimproc.quot took 0.359ms
interpretation of Lean.Parser.Sym.DSimp.none took 0.305ms
interpretation of Lean.Parser.Sym.DSimp.ground took 0.308ms
interpretation of Lean.Parser.Sym.DSimp.beta took 0.339ms
interpretation of Lean.Parser.Sym.DSimp.zeta took 0.315ms
interpretation of Lean.Parser.Sym.DSimp.zetaDelta took 0.324ms
interpretation of Lean.Parser.Sym.DSimp.proj took 0.367ms
interpretation of Lean.Parser.Sym.DSimp.reduceMatch took 0.329ms
interpretation of Lean.Parser.Sym.DSimp.andThen took 0.332ms
interpretation of Lean.Parser.Sym.DSimp.orElse took 0.318ms
interpretation of Lean.Parser.Sym.DSimp.dsimprocParen took 0.338ms
interpretation of Lean.Parser.Command.sym_dsimp_field.quot took 0.351ms
interpretation of Lean.Parser.Command.symDSimpFieldPre took 0.352ms
interpretation of Lean.Parser.Command.symDSimpFieldPost took 0.355ms
interpretation of Lean.Parser.Command.symDSimpFieldMaxSteps took 0.346ms
interpretation of Lean.Parser.Command.registerSymDSimp took 0.339ms
interpretation of Lean.Order.term_⊑_ took 0.337ms
interpretation of Lean.Order.term⊥ took 0.32ms
interpretation of Lean.Order.monotonicity took 0.312ms
interpretation of Lean.Parser.Tactic.tryTrace took 0.333ms
interpretation of Lean.Parser.Tactic.tryTraceWith took 0.344ms
interpretation of Lean.Parser.Tactic.attemptAll took 0.377ms
interpretation of Lean.Parser.Tactic.attemptAllPar took 0.342ms
interpretation of Lean.Parser.Tactic.firstPar took 0.341ms
interpretation of Lean.Parser.Tactic.tryResult took 0.321ms
interpretation of Lean.Parser.Command.registerTryTactic took 0.342ms
interpretation of tactic∎ took 0.314ms
interpretation of term∎ took 0.303ms
interpretation of Std.DHashMap.Raw.term_~m_ took 0.405ms
interpretation of Std.DHashMap.term_~m_ took 0.335ms
interpretation of Std.HashMap.term_~m_ took 0.327ms
interpretation of Std.HashSet.term_~m_ took 0.32ms
interpretation of Std.DTreeMap.Internal.Impl.tacticTree_tac took 0.345ms
interpretation of Std.DTreeMap.Internal.Impl.term✓ took 0.333ms
interpretation of Std.DTreeMap.Internal.Impl.term_~m_ took 0.353ms
interpretation of Std.DTreeMap.term_~m_ took 0.336ms
interpretation of Std.TreeMap.term_~m_ took 0.361ms
interpretation of Std.TreeSet.term_~m_ took 0.328ms
interpretation of Std.HashMap.Raw.term_~m_ took 0.351ms
interpretation of Lean.Option.registerBuiltinOption took 0.513ms
interpretation of Lean.Option.registerOption took 0.473ms
interpretation of Std.DTreeMap.Raw.term_~m_ took 0.349ms
interpretation of Std.TreeMap.Raw.term_~m_ took 0.333ms
interpretation of Lean.termM!_ took 0.431ms
interpretation of Lean.termThrowError__ took 0.651ms
interpretation of Lean.termThrowErrorAt____ took 0.553ms
interpretation of Lean.doElemTrace[_]__ took 0.748ms
interpretation of Lean.PrettyPrinter.Delaborator.attrApp_delab_ took 0.672ms
interpretation of Lean.termRegister_parser_alias(Kind:=_)______ took 0.842ms
interpretation of Lean.Doc.Syntax.arg_val.quot took 0.591ms
interpretation of Lean.Doc.Syntax.arg_str took 0.457ms
interpretation of Lean.Doc.Syntax.arg_ident took 0.544ms
interpretation of Lean.Doc.Syntax.arg_num took 0.78ms
interpretation of Lean.Doc.Syntax.doc_arg.quot took 0.636ms
interpretation of Lean.Doc.Syntax.anon took 0.631ms
interpretation of Lean.Doc.Syntax.named took 0.61ms
interpretation of Lean.Doc.Syntax.named_no_paren took 0.697ms
interpretation of Lean.Doc.Syntax.flag_on took 0.619ms
interpretation of Lean.Doc.Syntax.flag_off took 0.573ms
interpretation of Lean.Doc.Syntax.link_target.quot took 0.683ms
interpretation of Lean.Doc.Syntax.url took 0.607ms
interpretation of Lean.Doc.Syntax.ref took 0.633ms
interpretation of Lean.Doc.Syntax.inline.quot took 0.628ms
interpretation of Lean.Doc.Syntax.text took 0.616ms
interpretation of Lean.Doc.Syntax.emph took 0.641ms
interpretation of Lean.Doc.Syntax.bold took 0.655ms
interpretation of Lean.Doc.Syntax.link took 0.52ms
interpretation of Lean.Doc.Syntax.image took 0.446ms
interpretation of Lean.Doc.Syntax.footnote took 0.435ms
interpretation of Lean.Doc.Syntax.linebreak took 0.439ms
interpretation of Lean.Doc.Syntax.code took 0.417ms
interpretation of Lean.Doc.Syntax.role took 0.435ms
interpretation of Lean.Doc.Syntax.inline_math took 0.451ms
interpretation of Lean.Doc.Syntax.display_math took 0.467ms
interpretation of Lean.Doc.Syntax.block.quot took 0.452ms
interpretation of Lean.Doc.Syntax.list_item.quot took 0.521ms
interpretation of Lean.Doc.Syntax.li took 0.441ms
interpretation of Lean.Doc.Syntax.desc_item.quot took 0.486ms
interpretation of Lean.Doc.Syntax.desc took 0.452ms
interpretation of Lean.Doc.Syntax.para took 0.46ms
interpretation of Lean.Doc.Syntax.ul took 0.432ms
interpretation of Lean.Doc.Syntax.dl took 0.422ms
interpretation of Lean.Doc.Syntax.ol took 0.422ms
interpretation of Lean.Doc.Syntax.codeblock took 0.727ms
interpretation of Lean.Doc.Syntax.blockquote took 0.772ms
interpretation of Lean.Doc.Syntax.link_ref took 0.753ms
interpretation of Lean.Doc.Syntax.footnote_ref took 0.474ms
interpretation of Lean.Doc.Syntax.directive took 0.461ms
interpretation of Lean.Doc.Syntax.header took 0.448ms
interpretation of Lean.Doc.Syntax.metadata_block took 0.527ms
interpretation of Lean.Doc.Syntax.metadataContents took 0.523ms
interpretation of Lean.Doc.Syntax.command took 0.488ms
interpretation of Lean.Parser.Term.InternalSyntax.doSkip took 0.531ms
interpretation of Lean.Parser.Command.InternalSyntax.end_local_scope took 0.576ms
interpretation of Lean.Json.json.quot took 0.492ms
interpretation of Lean.Json.jsonNull took 0.454ms
interpretation of Lean.Json.jsonTrue took 0.463ms
interpretation of Lean.Json.jsonFalse took 0.445ms
interpretation of Lean.Json.json_ took 0.44ms
interpretation of Lean.Json.json-_ took 0.528ms
interpretation of Lean.Json.json-__1 took 0.505ms
interpretation of Lean.Json.json[_] took 0.503ms
interpretation of Lean.Json.json{_} took 0.463ms
interpretation of Lean.Json.termJson%_ took 0.476ms
interpretation of Batteries.Tactic.Alias.alias took 14.4ms
interpretation of Batteries.Tactic.Alias.aliasLR took 10.9ms
interpretation of List.term_<+~_ took 7.63ms
interpretation of _aux_Init_Notation___unexpand_Function_comp_1 took 0.141ms
interpretation of _aux_Init_Notation___unexpand_Prod_1 took 0.0933ms
interpretation of _aux_Init_Notation___unexpand_PProd_1 took 0.0822ms
interpretation of _aux_Init_Notation___unexpand_Dvd_dvd_1 took 0.0807ms
interpretation of _aux_Init_Notation___unexpand_HOr_hOr_1 took 0.0795ms
interpretation of _aux_Init_Notation___unexpand_HXor_hXor_1 took 0.0797ms
interpretation of _aux_Init_Notation___unexpand_HAnd_hAnd_1 took 0.0961ms
interpretation of _aux_Init_Notation___unexpand_HAdd_hAdd_1 took 0.0798ms
interpretation of _aux_Init_Notation___unexpand_HSub_hSub_1 took 0.0797ms
interpretation of _aux_Init_Notation___unexpand_HMul_hMul_1 took 0.0982ms
interpretation of _aux_Init_Notation___unexpand_HDiv_hDiv_1 took 0.126ms
interpretation of _aux_Init_Notation___unexpand_HMod_hMod_1 took 0.106ms
interpretation of _aux_Init_Notation___unexpand_HShiftLeft_hShiftLeft_1 took 0.0817ms
interpretation of _aux_Init_Notation___unexpand_HShiftRight_hShiftRight_1 took 0.0793ms
interpretation of _aux_Init_Notation___unexpand_HPow_hPow_1 took 0.0762ms
interpretation of _aux_Init_Notation___unexpand_HAppend_hAppend_1 took 0.0773ms
interpretation of _aux_Init_Notation___unexpand_Neg_neg_1 took 0.0843ms
interpretation of _aux_Init_Notation___unexpand_Complement_complement_1 took 0.129ms
interpretation of _aux_Init_Notation___unexpand_Inv_inv_1 took 0.0794ms
interpretation of _aux_Init_Notation___unexpand_HSMul_hSMul_1 took 0.0794ms
interpretation of _aux_Init_Notation___unexpand_GE_ge_1 took 0.0782ms
interpretation of _aux_Init_Notation___unexpand_LE_le_1 took 0.0788ms
interpretation of _aux_Init_Notation___unexpand_LE_le_2 took 0.0779ms
interpretation of _aux_Init_Notation___unexpand_LT_lt_1 took 0.0784ms
interpretation of _aux_Init_Notation___unexpand_GE_ge_2 took 0.0777ms
interpretation of _aux_Init_Notation___unexpand_GT_gt_1 took 0.0782ms
interpretation of _aux_Init_Notation___unexpand_Eq_1 took 0.0777ms
interpretation of _aux_Init_Notation___unexpand_BEq_beq_1 took 0.0785ms
interpretation of _aux_Init_Notation___unexpand_HEq_1 took 0.0774ms
interpretation of _aux_Init_Notation___unexpand_And_1 took 0.0771ms
interpretation of _aux_Init_Notation___unexpand_Or_1 took 0.0799ms
interpretation of _aux_Init_Notation___unexpand_Not_1 took 0.0765ms
interpretation of _aux_Init_Notation___unexpand_Bool_and_1 took 0.0792ms
interpretation of _aux_Init_Notation___unexpand_Bool_or_1 took 0.0792ms
interpretation of _aux_Init_Notation___unexpand_Bool_not_1 took 0.0784ms
interpretation of _aux_Init_Notation___unexpand_Membership_mem_1 took 0.0805ms
interpretation of _aux_Init_Notation___unexpand_List_cons_1 took 0.0785ms
interpretation of _aux_Init_Notation___unexpand_Functor_map_1 took 0.0794ms
interpretation of _aux_Init_Notation___unexpand_Bind_bind_1 took 0.0798ms
interpretation of _aux_Init_Core___unexpand_Iff_1 took 0.0889ms
interpretation of _aux_Init_Core___unexpand_Iff_2 took 0.0775ms
interpretation of _aux_Init_Core___unexpand_Sum_1 took 0.0762ms
interpretation of _aux_Init_Core___unexpand_PSum_1 took 0.0781ms
interpretation of _aux_Init_Core___unexpand_HasEquiv_Equiv_1 took 0.0793ms
interpretation of _aux_Init_Core___unexpand_HasSubset_Subset_1 took 0.0813ms
interpretation of _aux_Init_Core___unexpand_HasSSubset_SSubset_1 took 0.081ms
interpretation of _aux_Init_Core___unexpand_Superset_1 took 0.0763ms
interpretation of _aux_Init_Core___unexpand_SSuperset_1 took 0.0755ms
interpretation of _aux_Init_Core___unexpand_Union_union_1 took 0.076ms
interpretation of _aux_Init_Core___unexpand_Inter_inter_1 took 0.0752ms
interpretation of _aux_Init_Core___unexpand_SDiff_sdiff_1 took 0.0749ms
interpretation of _aux_Init_Core___unexpand_EmptyCollection_emptyCollection_1 took 0.0821ms
interpretation of _aux_Init_Core___unexpand_EmptyCollection_emptyCollection_2 took 0.0819ms
interpretation of _aux_Init_Core___unexpand_bne_1 took 0.0737ms
interpretation of _aux_Init_Core___unexpand_Ne_1 took 0.0852ms
interpretation of _aux_Init_Control_Basic___unexpand_Functor_mapRev_1 took 0.0813ms
interpretation of _aux_Init_Control_Basic___unexpand_orM_1 took 0.0758ms
interpretation of _aux_Init_Control_Basic___unexpand_andM_1 took 0.0774ms
interpretation of _aux_Init_Control_Basic___unexpand_Bind_kleisliRight_1 took 0.0802ms
interpretation of _aux_Init_Control_Basic___unexpand_Bind_kleisliLeft_1 took 0.0796ms
interpretation of _aux_Init_Control_Basic___unexpand_Bind_bindLeft_1 took 0.0797ms
interpretation of Int._aux_Init_Data_Int_Basic___unexpand_Int_negSucc_1 took 0.0919ms
interpretation of List._aux_Init_Data_List_Basic___unexpand_List_Sublist_1 took 0.0978ms
interpretation of List._aux_Init_Data_List_Basic___unexpand_List_IsPrefix_1 took 0.0831ms
interpretation of List._aux_Init_Data_List_Basic___unexpand_List_IsSuffix_1 took 0.0821ms
interpretation of List._aux_Init_Data_List_Basic___unexpand_List_IsInfix_1 took 0.0803ms
interpretation of List._aux_Init_Data_List_Basic___unexpand_List_Perm_1 took 0.0799ms
interpretation of unexpandUnit took 0.0724ms
interpretation of unexpandListNil took 0.0712ms
interpretation of unexpandListCons took 0.0792ms
interpretation of unexpandListToArray took 0.07ms
interpretation of unexpandProdMk took 0.0692ms
interpretation of unexpandIte took 0.0683ms
interpretation of unexpandEqNDRec took 0.0853ms
interpretation of unexpandEqRec took 0.0657ms
interpretation of unexpandExists took 0.066ms
interpretation of unexpandSigma took 0.0664ms
interpretation of unexpandPSigma took 0.0656ms
interpretation of unexpandSubtype took 0.0659ms
interpretation of unexpandTSyntax took 0.0666ms
interpretation of unexpandTSyntaxArray took 0.249ms
interpretation of unexpandTSepArray took 0.121ms
interpretation of unexpandGetElem took 0.112ms
interpretation of unexpandGetElem! took 0.102ms
interpretation of unexpandGetElem? took 0.103ms
interpretation of unexpandArrayEmpty took 0.0996ms
interpretation of unexpandMkArray0 took 0.1ms
interpretation of unexpandMkArray1 took 0.101ms
interpretation of unexpandMkArray2 took 0.0993ms
interpretation of unexpandMkArray3 took 0.1ms
interpretation of unexpandMkArray4 took 0.118ms
interpretation of unexpandMkArray5 took 0.0977ms
interpretation of unexpandMkArray6 took 0.1ms
interpretation of unexpandMkArray7 took 0.131ms
interpretation of unexpandMkArray8 took 0.112ms
interpretation of Lean.singletonUnexpander took 0.135ms
interpretation of Lean.insertUnexpander took 0.126ms
interpretation of Bool._aux_Init_Data_Bool___unexpand_Bool_xor_1 took 0.155ms
interpretation of BitVec.unexpandBitVecOfNat took 0.115ms
interpretation of BitVec.unexpandBitVecOfNatLt took 0.11ms
interpretation of Vector.unexpandMk took 0.154ms
interpretation of Lean.Grind.toIntUnexpander took 0.117ms
interpretation of Array._aux_Init_Data_Array_Perm___unexpand_Array_Perm_1 took 0.14ms
interpretation of Vector._aux_Init_Data_Vector_Perm___unexpand_Vector_Perm_1 took 0.132ms
interpretation of Rat._aux_Init_Data_Rat_Basic___unexpand_Rat_divInt_1 took 0.127ms
interpretation of Lean.Grind.nestedProofUnexpander took 0.111ms
interpretation of Lean.Grind.matchCondUnexpander took 0.104ms
interpretation of Lean.Grind.eqMatchUnexpander took 0.104ms
interpretation of Lean.Grind.offsetUnexpander took 0.102ms
interpretation of Lean.Grind.natCastUnexpander took 0.159ms
interpretation of Lean.Grind.markerUnexpander took 0.0848ms
interpretation of Lean.Grind.nodeDefUnexpander took 0.116ms
interpretation of Lean.Grind.NodeDefUnexpander took 0.0758ms
interpretation of Lean.Grind.CommRing.OfCommSemiring.toQUnexpander took 0.0837ms
interpretation of Lean.Grind.leftInvUnexpander took 0.0831ms
interpretation of Lean.Order._aux_Init_Internal_Order_Basic___unexpand_Lean_Order_PartialOrder_rel_1 took 0.105ms
interpretation of Lean.Order._aux_Init_Internal_Order_Basic___unexpand_Lean_Order_bot_1 took 0.0838ms
interpretation of Lean.Try.markerUnexpander took 0.135ms
interpretation of Std.DHashMap.Raw._aux_Std_Data_DHashMap_Raw___unexpand_Std_DHashMap_Raw_Equiv_1 took 0.099ms
interpretation of Std.DHashMap._aux_Std_Data_DHashMap_Basic___unexpand_Std_DHashMap_Equiv_1 took 0.0822ms
interpretation of Std.HashMap._aux_Std_Data_HashMap_Basic___unexpand_Std_HashMap_Equiv_1 took 0.0919ms
interpretation of Std.HashSet._aux_Std_Data_HashSet_Basic___unexpand_Std_HashSet_Equiv_1 took 0.111ms
interpretation of Std.DTreeMap.Internal.Impl._aux_Std_Data_DTreeMap_Internal_Queries___unexpand_Std_DTreeMap_Internal_Impl_Equiv_1 took 0.0974ms
interpretation of Std.DTreeMap._aux_Std_Data_DTreeMap_Basic___unexpand_Std_DTreeMap_Equiv_1 took 0.106ms
interpretation of Std.TreeMap._aux_Std_Data_TreeMap_Basic___unexpand_Std_TreeMap_Equiv_1 took 0.0961ms
interpretation of Std.TreeSet._aux_Std_Data_TreeSet_Basic___unexpand_Std_TreeSet_Equiv_1 took 0.102ms
interpretation of Std.HashMap.Raw._aux_Std_Data_HashMap_Raw___unexpand_Std_HashMap_Raw_Equiv_1 took 0.086ms
interpretation of Std.DTreeMap.Raw._aux_Std_Data_DTreeMap_Raw_Basic___unexpand_Std_DTreeMap_Raw_Equiv_1 took 0.0938ms
interpretation of Std.TreeMap.Raw._aux_Std_Data_TreeMap_Raw_Basic___unexpand_Std_TreeMap_Raw_Equiv_1 took 0.103ms
interpretation of List._aux_Batteries_Data_List_Basic___unexpand_List_Subperm_1 took 0.711ms
interpretation of _aux_Init_Notation___macroRules_precMax_1 took 0.153ms
interpretation of _aux_Init_Notation___macroRules_precArg_1 took 0.133ms
interpretation of _aux_Init_Notation___macroRules_precLead_1 took 0.129ms
interpretation of _aux_Init_Notation___macroRules_prec(_)_1 took 0.148ms
interpretation of _aux_Init_Notation___macroRules_precMin_1 took 0.13ms
interpretation of _aux_Init_Notation___macroRules_precMin1_1 took 0.127ms
interpretation of _aux_Init_Notation___macroRules_termMax_prec_1 took 0.146ms
interpretation of _aux_Init_Notation___macroRules_prioDefault_1 took 0.154ms
interpretation of _aux_Init_Notation___macroRules_prioLow_1 took 0.134ms
interpretation of _aux_Init_Notation___macroRules_prioMid_1 took 0.139ms
interpretation of _aux_Init_Notation___macroRules_prioHigh_1 took 0.105ms
interpretation of _aux_Init_Notation___macroRules_prio(_)_1 took 0.0867ms
interpretation of _aux_Init_Notation___macroRules_stx_+_1 took 0.0844ms
interpretation of _aux_Init_Notation___macroRules_stx_*_1 took 0.113ms
interpretation of _aux_Init_Notation___macroRules_stx_?_1 took 0.0858ms
interpretation of _aux_Init_Notation___macroRules_stx_<|>__1 took 0.089ms
interpretation of _aux_Init_Notation___macroRules_stx_,*_1 took 0.0889ms
interpretation of _aux_Init_Notation___macroRules_stx_,+_1 took 0.0869ms
interpretation of _aux_Init_Notation___macroRules_stx_,*,?_1 took 0.0885ms
interpretation of _aux_Init_Notation___macroRules_stx_,+,?_1 took 0.0886ms
interpretation of _aux_Init_Notation___macroRules_stx!__1 took 0.0863ms
interpretation of _aux_Init_Notation___macroRules_term_∘__1 took 0.105ms
interpretation of _aux_Init_Notation___macroRules_term_×__1 took 0.0841ms
interpretation of _aux_Init_Notation___macroRules_term_×'__1 took 0.0877ms
interpretation of _aux_Init_Notation___macroRules_term_∣__1 took 0.0848ms
interpretation of _aux_Init_Notation___macroRules_term_|||__1 took 0.087ms
interpretation of _aux_Init_Notation___macroRules_term_^^^__1 took 0.0983ms
interpretation of _aux_Init_Notation___macroRules_term_&&&__1 took 0.0913ms
interpretation of _aux_Init_Notation___macroRules_term_+__1 took 0.0908ms
interpretation of _aux_Init_Notation___macroRules_term_-__1 took 0.085ms
interpretation of _aux_Init_Notation___macroRules_term_*__1 took 0.0832ms
interpretation of _aux_Init_Notation___macroRules_term_/__1 took 0.0884ms
interpretation of _aux_Init_Notation___macroRules_term_%__1 took 0.0832ms
interpretation of _aux_Init_Notation___macroRules_term_<<<__1 took 0.085ms
interpretation of _aux_Init_Notation___macroRules_term_>>>__1 took 0.0854ms
interpretation of _aux_Init_Notation___macroRules_term_^__1 took 0.0827ms
interpretation of _aux_Init_Notation___macroRules_term_++__1 took 0.0839ms
interpretation of _aux_Init_Notation___macroRules_term-__1 took 0.0835ms
interpretation of _aux_Init_Notation___macroRules_term~~~__1 took 0.0883ms
interpretation of _aux_Init_Notation___macroRules_term_⁻¹_1 took 0.084ms
interpretation of _aux_Init_Notation___macroRules_term_•__1 took 0.0977ms
interpretation of _aux_Init_Notation___macroRules_term_|||__2 took 0.123ms
interpretation of _aux_Init_Notation___macroRules_term_^^^__2 took 0.144ms
interpretation of _aux_Init_Notation___macroRules_term_&&&__2 took 0.135ms
interpretation of _aux_Init_Notation___macroRules_term_+__2 took 0.0875ms
interpretation of _aux_Init_Notation___macroRules_term_-__2 took 0.087ms
interpretation of _aux_Init_Notation___macroRules_term_*__2 took 0.085ms
interpretation of _aux_Init_Notation___macroRules_term_/__2 took 0.0839ms
interpretation of _aux_Init_Notation___macroRules_term_%__2 took 0.0839ms
interpretation of _aux_Init_Notation___macroRules_term_^__2 took 0.083ms
interpretation of _aux_Init_Notation___macroRules_term_++__2 took 0.0841ms
interpretation of _aux_Init_Notation___macroRules_term-__2 took 0.0826ms
interpretation of _aux_Init_Notation___macroRules_term_•__2 took 0.0849ms
interpretation of _aux_Init_Notation___macroRules_term_>=__1 took 0.0856ms
interpretation of _aux_Init_Notation___macroRules_term_<=__1 took 0.085ms
interpretation of _aux_Init_Notation___macroRules_term_>=__2 took 0.0858ms
interpretation of _aux_Init_Notation___macroRules_term_<=__2 took 0.0848ms
interpretation of _aux_Init_Notation___macroRules_term_≤__1 took 0.0854ms
interpretation of _aux_Init_Notation___macroRules_term_<__1 took 0.0834ms
interpretation of _aux_Init_Notation___macroRules_term_≥__1 took 0.083ms
interpretation of _aux_Init_Notation___macroRules_term_>__1 took 0.0834ms
interpretation of _aux_Init_Notation___macroRules_term_=__1 took 0.0826ms
interpretation of _aux_Init_Notation___macroRules_term_==__1 took 0.0847ms
interpretation of _aux_Init_Notation___macroRules_term_≍__1 took 0.0877ms
interpretation of _aux_Init_Notation___macroRules_term_≤__2 took 0.0861ms
interpretation of _aux_Init_Notation___macroRules_term_<__2 took 0.0825ms
interpretation of _aux_Init_Notation___macroRules_term_>__2 took 0.083ms
interpretation of _aux_Init_Notation___macroRules_term_≥__2 took 0.084ms
interpretation of _aux_Init_Notation___macroRules_term_=__2 took 0.0829ms
interpretation of _aux_Init_Notation___macroRules_term_==__2 took 0.0842ms
interpretation of _aux_Init_Notation___macroRules_term_∧__1 took 0.0838ms
interpretation of _aux_Init_Notation___macroRules_term_∨__1 took 0.0836ms
interpretation of _aux_Init_Notation___macroRules_term¬__1 took 0.115ms
interpretation of _aux_Init_Notation___macroRules_term_&&__1 took 0.0922ms
interpretation of _aux_Init_Notation___macroRules_term_||__1 took 0.0906ms
interpretation of _aux_Init_Notation___macroRules_term!__1 took 0.0897ms
interpretation of _aux_Init_Notation___macroRules_term_∈__1 took 0.0903ms
interpretation of _aux_Init_Notation___macroRules_term_∉__1 took 0.0904ms
interpretation of _aux_Init_Notation___macroRules_term_::__1 took 0.0922ms
interpretation of _aux_Init_Notation___macroRules_term_<$>__1 took 0.0914ms
interpretation of _aux_Init_Notation___macroRules_term_>>=__1 took 0.111ms
interpretation of _aux_Init_Notation___macroRules_term_<|>__1 took 0.0886ms
interpretation of _aux_Init_Notation___macroRules_term_>>__1 took 0.0883ms
interpretation of _aux_Init_Notation___macroRules_term_<*>__1 took 0.0899ms
interpretation of _aux_Init_Notation___macroRules_term_<*__1 took 0.0879ms
interpretation of _aux_Init_Notation___macroRules_term_*>__1 took 0.0877ms
interpretation of _aux_Init_Notation___macroRules_termDepIfThenElse_1 took 0.101ms
interpretation of _aux_Init_Notation___macroRules_termIfThenElse_1 took 0.0876ms
interpretation of _aux_Init_Notation___macroRules_termIfLet_1 took 0.0876ms
interpretation of _aux_Init_Notation___macroRules_boolIfThenElse_1 took 0.0869ms
interpretation of _aux_Init_Notation___macroRules_term_<|__1 took 0.087ms
interpretation of _aux_Init_Notation___macroRules_term_|>__1 took 0.0927ms
interpretation of _aux_Init_Notation___macroRules_term_$___1 took 0.0878ms
interpretation of _aux_Init_Notation___macroRules_term{_:_//_}_1 took 0.0923ms
interpretation of _aux_Init_Notation___macroRules_termWithout_expected_type__1 took 0.0909ms
interpretation of Lean.Parser._aux_Init_Notation___macroRules_Lean_Parser_commandSeal___1 took 0.103ms
interpretation of Lean.Parser._aux_Init_Notation___macroRules_Lean_Parser_commandUnseal___1 took 0.0988ms
interpretation of Lean.Parser.Tactic._aux_Init_Tactics___macroRules_Lean_Parser_Tactic_tacticExfalso_1 took 0.119ms
interpretation of Lean.Parser.Tactic._aux_Init_Tactics___macroRules_Lean_Parser_Tactic_tacticNext_=>__1 took 0.107ms
interpretation of Lean.Parser.Tactic._aux_Init_Tactics___macroRules_Lean_Parser_Tactic_tacticTry__1 took 0.114ms
interpretation of Lean.Parser.Tactic._aux_Init_Tactics___macroRules_Lean_Parser_Tactic_tactic_<;>__1 took 0.115ms
interpretation of Lean.Parser.Tactic._aux_Init_Tactics___macroRules_Lean_Parser_Tactic_tacticRfl_1 took 0.102ms
interpretation of Lean.Parser.Tactic._aux_Init_Tactics___macroRules_Lean_Parser_Tactic_tacticRfl_2 took 0.102ms
interpretation of Lean.Parser.Tactic._aux_Init_Tactics___macroRules_Lean_Parser_Tactic_tacticRfl_3 took 0.101ms
interpretation of Lean.Parser.Tactic._aux_Init_Tactics___macroRules_Lean_Parser_Tactic_tacticRfl'_1 took 0.1ms
interpretation of Lean.Parser.Tactic._aux_Init_Tactics___macroRules_Lean_Parser_Tactic_tacticSorry_1 took 0.0989ms
interpretation of Lean.Parser.Tactic._aux_Init_Tactics___macroRules_Lean_Parser_Tactic_tacticAdmit_1 took 0.0986ms
interpretation of Lean.Parser.Tactic._aux_Init_Tactics___macroRules_Lean_Parser_Tactic_tacticInfer_instance_1 took 0.1ms
interpretation of Lean.Parser.Tactic._aux_Init_Tactics___macroRules_Lean_Parser_Tactic_rwSeq_1 took 0.0968ms
interpretation of Lean.Parser.Tactic._aux_Init_Tactics___macroRules_Lean_Parser_Tactic_tacticRwa___1 took 0.0995ms
interpretation of Lean.Parser.Tactic._aux_Init_Tactics___macroRules_Lean_Parser_Tactic_tacticSimp?!__1 took 0.173ms
interpretation of Lean.Parser.Tactic._aux_Init_Tactics___macroRules_Lean_Parser_Tactic_tacticSimp_all?!__1 took 0.177ms
interpretation of Lean.Parser.Tactic._aux_Init_Tactics___macroRules_Lean_Parser_Tactic_tacticDsimp?!__1 took 0.162ms
interpretation of Lean.Parser.Tactic._aux_Init_Tactics___macroRules_Lean_Parser_Tactic_tacticSimpa!__1 took 0.151ms
interpretation of Lean.Parser.Tactic._aux_Init_Tactics___macroRules_Lean_Parser_Tactic_tacticSimpa?__1 took 0.12ms
interpretation of Lean.Parser.Tactic._aux_Init_Tactics___macroRules_Lean_Parser_Tactic_tacticSimpa?!__1 took 0.105ms
interpretation of Lean.Parser.Tactic._aux_Init_Tactics___macroRules_Lean_Parser_Tactic_tacticSimpa!__1_1 took 0.107ms
interpretation of Lean.Parser.Tactic._aux_Init_Tactics___macroRules_Lean_Parser_Tactic_tacticSimpa?__1_1 took 0.101ms
interpretation of Lean.Parser.Tactic._aux_Init_Tactics___macroRules_Lean_Parser_Tactic_tacticSimpa?!__1_1 took 0.102ms
interpretation of Lean.Parser.Tactic._aux_Init_Tactics___macroRules_Lean_Parser_Tactic_tacticRefine_lift__1 took 0.101ms
interpretation of Lean.Parser.Tactic._aux_Init_Tactics___macroRules_Lean_Parser_Tactic_tacticHave___1 took 0.1ms
interpretation of Lean.Parser.Tactic._aux_Init_Tactics___macroRules_Lean_Parser_Tactic_tacticSuffices__1 took 0.099ms
interpretation of Lean.Parser.Tactic._aux_Init_Tactics___macroRules_Lean_Parser_Tactic_tacticLet___1 took 0.0985ms
interpretation of Lean.Parser.Tactic._aux_Init_Tactics___macroRules_Lean_Parser_Tactic_letrec_1 took 0.108ms
interpretation of Lean.Parser.Tactic._aux_Init_Tactics___macroRules_Lean_Parser_Tactic_tacticRefine_lift'__1 took 0.103ms
interpretation of Lean.Parser.Tactic._aux_Init_Tactics___macroRules_Lean_Parser_Tactic_tacticHave'_1 took 0.131ms
interpretation of Lean.Parser.Tactic._aux_Init_Tactics___macroRules_Lean_Parser_Tactic_tacticLet'___1 took 0.103ms
interpretation of Lean.Parser.Tactic._aux_Init_Tactics___macroRules_Lean_Parser_Tactic_tacticStop__1 took 0.099ms
interpretation of Lean.Parser.Tactic._aux_Init_Tactics___macroRules_Lean_Parser_Tactic_tacticUnhygienic__1 took 0.0991ms
interpretation of Lean.Parser.Tactic._aux_Init_Tactics___macroRules_Lean_Parser_Tactic_tacticExists_,,_1 took 0.101ms
interpretation of Lean.Parser.Tactic._aux_Init_Tactics___macroRules_Lean_Parser_Tactic_tacticNofun_1 took 0.0979ms
interpretation of Lean.Parser.Tactic._aux_Init_Tactics___macroRules_Lean_Parser_Tactic_tacticNomatch_,,_1 took 0.095ms
interpretation of Lean.Parser.Tactic._aux_Init_Tactics___macroRules_Lean_Parser_Tactic_tacticAnd_intros_1 took 0.092ms
interpretation of Lean.Parser.Tactic._aux_Init_Tactics___macroRules_Lean_Parser_Tactic_tacticHaveI___1 took 0.0925ms
interpretation of Lean.Parser.Tactic._aux_Init_Tactics___macroRules_Lean_Parser_Tactic_tacticLetI___1 took 0.0915ms
interpretation of Lean.Parser.Tactic._aux_Init_Tactics___macroRules_Lean_Parser_Tactic_tacticTrivial_1 took 0.0922ms
interpretation of Lean.Parser.Tactic._aux_Init_Tactics___macroRules_Lean_Parser_Tactic_tacticTrivial_2 took 0.0997ms
interpretation of Lean.Parser.Tactic._aux_Init_Tactics___macroRules_Lean_Parser_Tactic_tacticTrivial_3 took 0.0912ms
interpretation of Lean.Parser.Tactic._aux_Init_Tactics___macroRules_Lean_Parser_Tactic_tacticTrivial_4 took 0.107ms
interpretation of Lean.Parser.Tactic._aux_Init_Tactics___macroRules_Lean_Parser_Tactic_tacticTrivial_5 took 0.094ms
interpretation of Lean.Parser.Tactic._aux_Init_Tactics___macroRules_Lean_Parser_Tactic_tacticTrivial_6 took 0.0915ms
interpretation of Lean.Parser.Tactic._aux_Init_Tactics___macroRules_Lean_Parser_Tactic_tacticBv_omega_1 took 0.0916ms
interpretation of Lean.Parser.Tactic._aux_Init_Tactics___macroRules_Lean_Parser_Tactic_tacticAssumption_mod_cast__1 took 0.0945ms
interpretation of Lean.Parser.Tactic._aux_Init_Tactics___macroRules_Lean_Parser_Tactic_tacticNorm_cast___1 took 0.0943ms
interpretation of Lean.Parser.Tactic._aux_Init_Tactics___macroRules_Lean_Parser_Tactic_tacticAc_nf__1 took 0.0914ms
interpretation of Lean.Parser.Tactic._aux_Init_Tactics___macroRules_Lean_Parser_Tactic_showTermElab_1 took 0.0901ms
interpretation of Lean.Parser.Tactic._aux_Init_Tactics___macroRules_Lean_Parser_Tactic_by?_1 took 0.0909ms
interpretation of Lean.Parser.Tactic._aux_Init_Tactics___macroRules_Lean_Parser_Tactic_massumptionMacro_1 took 0.0886ms
interpretation of Lean.Parser.Tactic._aux_Init_Tactics___macroRules_Lean_Parser_Tactic_mclearMacro_1 took 0.0882ms
interpretation of Lean.Parser.Tactic._aux_Init_Tactics___macroRules_Lean_Parser_Tactic_mconstructorMacro_1 took 0.0879ms
interpretation of Lean.Parser.Tactic._aux_Init_Tactics___macroRules_Lean_Parser_Tactic_mexactMacro_1 took 0.096ms
interpretation of Lean.Parser.Tactic._aux_Init_Tactics___macroRules_Lean_Parser_Tactic_mexfalsoMacro_1 took 0.0901ms
interpretation of Lean.Parser.Tactic._aux_Init_Tactics___macroRules_Lean_Parser_Tactic_mexistsMacro_1 took 0.0889ms
interpretation of Lean.Parser.Tactic._aux_Init_Tactics___macroRules_Lean_Parser_Tactic_mframeMacro_1 took 0.0984ms
interpretation of Lean.Parser.Tactic._aux_Init_Tactics___macroRules_Lean_Parser_Tactic_mhaveMacro_1 took 0.0968ms
interpretation of Lean.Parser.Tactic._aux_Init_Tactics___macroRules_Lean_Parser_Tactic_mreplaceMacro_1 took 0.0904ms
interpretation of Lean.Parser.Tactic._aux_Init_Tactics___macroRules_Lean_Parser_Tactic_mleftMacro_1 took 0.0905ms
interpretation of Lean.Parser.Tactic._aux_Init_Tactics___macroRules_Lean_Parser_Tactic_mrightMacro_1 took 0.0896ms
interpretation of Lean.Parser.Tactic._aux_Init_Tactics___macroRules_Lean_Parser_Tactic_mpureMacro_1 took 0.0911ms
interpretation of Lean.Parser.Tactic._aux_Init_Tactics___macroRules_Lean_Parser_Tactic_mpureIntroMacro_1 took 0.0889ms
interpretation of Lean.Parser.Tactic._aux_Init_Tactics___macroRules_Lean_Parser_Tactic_mrevertMacro_1 took 0.0877ms
interpretation of Lean.Parser.Tactic._aux_Init_Tactics___macroRules_Lean_Parser_Tactic_mrenameIMacro_1 took 0.0886ms
interpretation of Lean.Parser.Tactic._aux_Init_Tactics___macroRules_Lean_Parser_Tactic_mspecializeMacro_1 took 0.108ms
interpretation of Lean.Parser.Tactic._aux_Init_Tactics___macroRules_Lean_Parser_Tactic_mspecializePureMacro_1 took 0.0963ms
interpretation of Lean.Parser.Tactic._aux_Init_Tactics___macroRules_Lean_Parser_Tactic_mstartMacro_1 took 0.0882ms
interpretation of Lean.Parser.Tactic._aux_Init_Tactics___macroRules_Lean_Parser_Tactic_mstopMacro_1 took 0.0886ms
interpretation of Lean.Parser.Tactic._aux_Init_Tactics___macroRules_Lean_Parser_Tactic_mleaveMacro_1 took 0.0887ms
interpretation of Lean.Parser.Tactic._aux_Init_Tactics___macroRules_Lean_Parser_Tactic_mcasesMacro_1 took 0.107ms
interpretation of Lean.Parser.Tactic._aux_Init_Tactics___macroRules_Lean_Parser_Tactic_mrefineMacro_1 took 0.15ms
interpretation of Lean.Parser.Tactic._aux_Init_Tactics___macroRules_Lean_Parser_Tactic_mintroMacro_1 took 0.134ms
interpretation of Lean.Parser.Tactic._aux_Init_Tactics___macroRules_Lean_Parser_Tactic_mspecMacro_1 took 0.127ms
interpretation of Lean.Parser.Tactic._aux_Init_Tactics___macroRules_Lean_Parser_Tactic_mvcgenMacro_1 took 0.146ms
interpretation of Lean.Parser.Tactic._aux_Init_Tactics___macroRules_Lean_Parser_Tactic_vcgenMacro_1 took 0.101ms
interpretation of _aux_Init_Tactics___macroRules_term‹_›_1 took 0.0889ms
interpretation of _aux_Init_Tactics___macroRules_tacticGet_elem_tactic_extensible_1 took 0.0846ms
interpretation of _aux_Init_Tactics___macroRules_tacticGet_elem_tactic_extensible_2 took 0.086ms
interpretation of _aux_Init_Tactics___macroRules_tacticGet_elem_tactic_extensible_3 took 0.0825ms
interpretation of _aux_Init_Tactics___macroRules_tacticGet_elem_tactic_1 took 0.0925ms
interpretation of _aux_Init_Core___macroRules_term_<->__1 took 0.0842ms
interpretation of _aux_Init_Core___macroRules_term_↔__1 took 0.0781ms
interpretation of _aux_Init_Core___macroRules_term_⊕__1 took 0.0784ms
interpretation of _aux_Init_Core___macroRules_term_⊕'__1 took 0.0778ms
interpretation of _aux_Init_Core___macroRules_term_≈__1 took 0.0771ms
interpretation of _aux_Init_Core___macroRules_term_⊆__1 took 0.0775ms
interpretation of _aux_Init_Core___macroRules_term_⊂__1 took 0.0773ms
interpretation of _aux_Init_Core___macroRules_term_⊇__1 took 0.0793ms
interpretation of _aux_Init_Core___macroRules_term_⊃__1 took 0.11ms
interpretation of _aux_Init_Core___macroRules_term_∪__1 took 0.0802ms
interpretation of _aux_Init_Core___macroRules_term_∩__1 took 0.104ms
interpretation of _aux_Init_Core___macroRules_term_\__1 took 0.0779ms
interpretation of _aux_Init_Core___macroRules_term{}_1 took 0.101ms
interpretation of _aux_Init_Core___macroRules_term∅_1 took 0.0933ms
interpretation of _aux_Init_Core___macroRules_term_!=__1 took 0.112ms
interpretation of _aux_Init_Core___macroRules_term_!=__2 took 0.0815ms
interpretation of _aux_Init_Core___macroRules_term_≠__1 took 0.0771ms
interpretation of _aux_Init_Core___macroRules_term_≠__2 took 0.101ms
interpretation of _aux_Init_Core___macroRules_Lean_Parser_Tactic_tacticRfl_1 took 0.0827ms
interpretation of _aux_Init_Control_Basic___macroRules_term_<&>__1 took 0.0847ms
interpretation of _aux_Init_Control_Basic___macroRules_term_<||>__1 took 0.125ms
interpretation of _aux_Init_Control_Basic___macroRules_term_<&&>__1 took 0.0898ms
interpretation of _aux_Init_Control_Basic___macroRules_term_>=>__1 took 0.0813ms
interpretation of _aux_Init_Control_Basic___macroRules_term_<=<__1 took 0.0806ms
interpretation of _aux_Init_Control_Basic___macroRules_term_=<<__1 took 0.0812ms
interpretation of Lean.Parser.Tactic.Grind._aux_Init_Grind_Interactive___macroRules_Lean_Parser_Tactic_Grind_use_1 took 0.102ms
interpretation of Lean.Parser.Tactic.Grind._aux_Init_Grind_Interactive___macroRules_Lean_Parser_Tactic_Grind_grind·__1 took 0.0989ms
interpretation of Lean.Parser.Tactic.Grind._aux_Init_Grind_Interactive___macroRules_Lean_Parser_Tactic_Grind_grind_<;>__1 took 0.0715ms
interpretation of Lean.Parser.Tactic.Grind._aux_Init_Grind_Interactive___macroRules_Lean_Parser_Tactic_Grind_grindTry__1 took 0.104ms
interpretation of Lean.Parser.Tactic.Grind._aux_Init_Grind_Interactive___macroRules_Lean_Parser_Tactic_Grind_grindAdmit_1 took 0.0939ms
interpretation of Lean.Parser.Tactic.Grind._aux_Init_Grind_Interactive___macroRules_Lean_Parser_Tactic_Grind_grindRepeat__1 took 0.0751ms
interpretation of Lean.Parser.Tactic.Grind._aux_Init_Grind_Interactive___macroRules_Lean_Parser_Tactic_Grind_symIntroLight_1 took 0.0699ms
interpretation of Lean.Parser.Tactic.Grind._aux_Init_Grind_Interactive___macroRules_Lean_Parser_Tactic_Grind_symIntrosLight_1 took 0.0707ms
interpretation of Lean.Parser.Tactic.Grind._aux_Init_Grind_Interactive___macroRules_Lean_Parser_Tactic_Grind_grindExact__1 took 0.0716ms
interpretation of Int._aux_Init_Data_Int_Basic___macroRules_Int_term-[_+1]_1 took 0.0878ms
interpretation of Lean._aux_Init_Data_List_Notation___macroRules_term[_]_1 took 0.0954ms
interpretation of List._aux_Init_Data_List_Basic___macroRules_List_term_<+__1 took 0.096ms
interpretation of List._aux_Init_Data_List_Basic___macroRules_List_term_<+:__1 took 0.0986ms
interpretation of List._aux_Init_Data_List_Basic___macroRules_List_term_<:+__1 took 0.0856ms
interpretation of List._aux_Init_Data_List_Basic___macroRules_List_term_<:+:__1 took 0.0959ms
interpretation of List._aux_Init_Data_List_Basic___macroRules_List_term_~__1 took 0.12ms
interpretation of _aux_Init_WFTactics___macroRules_tacticSimp_wf_1 took 0.0915ms
interpretation of _aux_Init_WFTactics___macroRules_tacticClean_wf_1 took 0.0909ms
interpretation of _aux_Init_WFTactics___macroRules_tacticDecreasing_trivial_1 took 0.0832ms
interpretation of _aux_Init_WFTactics___macroRules_tacticDecreasing_trivial_2 took 0.08ms
interpretation of _aux_Init_WFTactics___macroRules_tacticDecreasing_trivial_3 took 0.0804ms
interpretation of _aux_Init_WFTactics___macroRules_tacticDecreasing_trivial_pre_omega_1 took 0.083ms
interpretation of _aux_Init_WFTactics___macroRules_tacticDecreasing_trivial_pre_omega_2 took 0.083ms
interpretation of _aux_Init_WFTactics___macroRules_tacticDecreasing_trivial_pre_omega_3 took 0.0832ms
interpretation of _aux_Init_WFTactics___macroRules_tacticDecreasing_with__1 took 0.0834ms
interpretation of _aux_Init_WFTactics___macroRules_tacticDecreasing_tactic_1 took 0.0797ms
interpretation of _aux_Init_GetElem___macroRules_term__[_]_1 took 0.0837ms
interpretation of _aux_Init_GetElem___macroRules_term__[_]'__1 took 0.0803ms
interpretation of _aux_Init_GetElem___macroRules_term__[_]_?_1 took 0.0804ms
interpretation of _aux_Init_GetElem___macroRules_term__[_]_!_1 took 0.0783ms
interpretation of Fin._aux_Init_GetElem___macroRules_tacticGet_elem_tactic_extensible_1 took 0.0876ms
interpretation of _aux_Init_Data_Array_Basic___macroRules_term#[_,]_1 took 0.0839ms
interpretation of Lean._aux_Init_Meta___macroRules_Lean_Parser_Syntax_addPrec_1 took 0.0911ms
interpretation of Lean._aux_Init_Meta___macroRules_Lean_Parser_Syntax_subPrec_1 took 0.173ms
interpretation of Lean._aux_Init_Meta___macroRules_Lean_termEval_prec__1 took 0.128ms
interpretation of Lean._aux_Init_Meta___macroRules_Lean_Parser_Syntax_addPrio_1 took 0.126ms
interpretation of Lean._aux_Init_Meta___macroRules_Lean_Parser_Syntax_subPrio_1 took 0.137ms
interpretation of Lean._aux_Init_Meta___macroRules_Lean_termEval_prio__1 took 0.0958ms
interpretation of Lean.Parser.Tactic._aux_Init_Meta___macroRules_Lean_Parser_Tactic_tacticErw____1 took 0.147ms
interpretation of Lean.Parser.Tactic._aux_Init_Meta___macroRules_Lean_Parser_Tactic_declareSimpLikeTactic_1 took 0.146ms
interpretation of Lean.Parser.Tactic.expandSimp._@.Init.Meta.4021577198._hygCtx._hyg.3 took 0.178ms
interpretation of Lean.Parser.Tactic.expandSimp._@.Init.Meta.3079349156._hygCtx._hyg.3 took 0.189ms
interpretation of Lean.Parser.Tactic.expandSimp._@.Init.Meta.4207919134._hygCtx._hyg.3 took 0.117ms
interpretation of Lean.Parser.Tactic._aux_Init_TacticsExtra___macroRules_Lean_Parser_Tactic_tacDepIfThenElse_1 took 0.1ms
interpretation of Lean.Parser.Tactic._aux_Init_TacticsExtra___macroRules_Lean_Parser_Tactic_tacIfThenElse_1 took 0.11ms
interpretation of Lean.Parser.Tactic._aux_Init_TacticsExtra___macroRules_Lean_Parser_Tactic_tacticIterate_____1 took 0.0991ms
interpretation of Lean.Parser.Tactic._aux_Init_TacticsExtra___macroRules_Lean_Parser_Tactic_tacticRw_mod_cast____1 took 0.0981ms
interpretation of Lean.Parser.Tactic._aux_Init_TacticsExtra___macroRules_Lean_Parser_Tactic_tacticExact_mod_cast__1 took 0.097ms
interpretation of Lean.Parser.Tactic._aux_Init_TacticsExtra___macroRules_Lean_Parser_Tactic_tacticApply_mod_cast__1 took 0.0944ms
interpretation of _aux_Init_ByCases___macroRules_tacticBy_cases_:__1 took 0.098ms
interpretation of _aux_Init_ByCases___macroRules_tacticBy_cases_:__2 took 0.0887ms
interpretation of Lean.Parser.Tactic.Conv._aux_Init_Conv___macroRules_Lean_Parser_Tactic_Conv_convRfl_1 took 0.096ms
interpretation of Lean.Parser.Tactic.Conv._aux_Init_Conv___macroRules_Lean_Parser_Tactic_Conv_convDone_1 took 0.091ms
interpretation of Lean.Parser.Tactic.Conv._aux_Init_Conv___macroRules_Lean_Parser_Tactic_Conv_convTrace_state_1 took 0.106ms
interpretation of Lean.Parser.Tactic.Conv._aux_Init_Conv___macroRules_Lean_Parser_Tactic_Conv_allGoals_1 took 0.0916ms
interpretation of Lean.Parser.Tactic.Conv._aux_Init_Conv___macroRules_Lean_Parser_Tactic_Conv_anyGoals_1 took 0.0904ms
interpretation of Lean.Parser.Tactic.Conv._aux_Init_Conv___macroRules_Lean_Parser_Tactic_Conv_case_1 took 0.0893ms
interpretation of Lean.Parser.Tactic.Conv._aux_Init_Conv___macroRules_Lean_Parser_Tactic_Conv_case'_1 took 0.0894ms
interpretation of Lean.Parser.Tactic.Conv._aux_Init_Conv___macroRules_Lean_Parser_Tactic_Conv_convNext__=>__1 took 0.111ms
interpretation of Lean.Parser.Tactic.Conv._aux_Init_Conv___macroRules_Lean_Parser_Tactic_Conv_focus_1 took 0.0874ms
interpretation of Lean.Parser.Tactic.Conv._aux_Init_Conv___macroRules_Lean_Parser_Tactic_Conv_conv·__1 took 0.0876ms
interpretation of Lean.Parser.Tactic.Conv._aux_Init_Conv___macroRules_Lean_Parser_Tactic_Conv_failIfSuccess_1 took 0.136ms
interpretation of Lean.Parser.Tactic.Conv._aux_Init_Conv___macroRules_Lean_Parser_Tactic_Conv_convRw___1 took 0.108ms
interpretation of Lean.Parser.Tactic.Conv._aux_Init_Conv___macroRules_Lean_Parser_Tactic_Conv_convErw___1 took 0.0917ms
interpretation of Lean.Parser.Tactic.Conv._aux_Init_Conv___macroRules_Lean_Parser_Tactic_Conv_convArgs_1 took 0.0939ms
interpretation of Lean.Parser.Tactic.Conv._aux_Init_Conv___macroRules_Lean_Parser_Tactic_Conv_convLeft_1 took 0.0924ms
interpretation of Lean.Parser.Tactic.Conv._aux_Init_Conv___macroRules_Lean_Parser_Tactic_Conv_convRight_1 took 0.126ms
interpretation of Lean.Parser.Tactic.Conv._aux_Init_Conv___macroRules_Lean_Parser_Tactic_Conv_convIntro____1 took 0.107ms
interpretation of Lean.Parser.Tactic.Conv._aux_Init_Conv___macroRules_Lean_Parser_Tactic_Conv_convApply__1 took 0.151ms
interpretation of Lean.Parser.Tactic.Conv._aux_Init_Conv___macroRules_Lean_Parser_Tactic_Conv_convTry__1 took 0.107ms
interpretation of Lean.Parser.Tactic.Conv._aux_Init_Conv___macroRules_Lean_Parser_Tactic_Conv_conv_<;>__1 took 0.165ms
interpretation of Lean.Parser.Tactic.Conv._aux_Init_Conv___macroRules_Lean_Parser_Tactic_Conv_convRepeat__1 took 0.15ms
interpretation of Lean._aux_Init_NotationExtra___macroRules_Lean_command__Unif_hint____Where_|_-⊢___1 took 0.186ms
interpretation of _aux_Init_NotationExtra___macroRules_term∃_,__1 took 0.128ms
interpretation of _aux_Init_NotationExtra___macroRules_termExists_,__1 took 0.0796ms
interpretation of _aux_Init_NotationExtra___macroRules_termΣ_,__1 took 0.112ms
interpretation of _aux_Init_NotationExtra___macroRules_termΣ'_,__1 took 0.126ms
interpretation of _aux_Init_NotationExtra___macroRules_term_×__1_1 took 0.084ms
interpretation of _aux_Init_NotationExtra___macroRules_term_×'__1_1 took 0.0792ms
interpretation of Lean._aux_Init_NotationExtra___macroRules_Lean_convCalc__1 took 0.0815ms
interpretation of _aux_Init_NotationExtra___macroRules_tacticFunext____1 took 0.0794ms
interpretation of _aux_Init_NotationExtra___macroRules_term%[_|_]_1 took 0.0794ms
interpretation of _aux_Init_NotationExtra___macroRules_Lean_Parser_Command_classAbbrev_1 took 0.0821ms
interpretation of Lean._aux_Init_NotationExtra___macroRules_Lean_solveTactic_1 took 0.08ms
interpretation of Lean._aux_Init_NotationExtra___macroRules_Lean_term_Matches_|_1 took 0.0802ms
interpretation of _aux_Init_NotationExtra___macroRules_term{_}_1 took 0.105ms
interpretation of Lean.Elab.Tactic.Ext._aux_Init_Ext___macroRules_Lean_Elab_Tactic_Ext_tacticExt1____1 took 0.177ms
interpretation of Lean._aux_Init_BinderPredicates___macroRules_Lean_term∃__,__1 took 0.187ms
interpretation of Lean._aux_Init_BinderPredicates___macroRules_Lean_term∀__,__1 took 0.143ms
interpretation of Lean._aux_Init_BinderPredicates___macroRules_Lean_termSatisfies_binder_pred%___1 took 0.175ms
interpretation of Lean._aux_Init_BinderPredicates___macroRules_Lean_termSatisfies_binder_pred%___2 took 0.142ms
interpretation of Lean._aux_Init_BinderPredicates___macroRules_Lean_termSatisfies_binder_pred%___3 took 0.141ms
interpretation of Lean._aux_Init_BinderPredicates___macroRules_Lean_termSatisfies_binder_pred%___4 took 0.148ms
interpretation of Lean._aux_Init_BinderPredicates___macroRules_Lean_termSatisfies_binder_pred%___5 took 0.148ms
interpretation of Lean._aux_Init_BinderPredicates___macroRules_Lean_termSatisfies_binder_pred%___6 took 0.165ms
interpretation of Lean._aux_Init_BinderPredicates___macroRules_Lean_termSatisfies_binder_pred%___7 took 0.15ms
interpretation of Lean._aux_Init_BinderPredicates___macroRules_Lean_termSatisfies_binder_pred%___8 took 0.146ms
interpretation of Lean._aux_Init_BinderPredicates___macroRules_Lean_termSatisfies_binder_pred%___9 took 0.13ms
interpretation of Lean._aux_Init_BinderPredicates___macroRules_Lean_termSatisfies_binder_pred%___10 took 0.0974ms
interpretation of Lean._aux_Init_BinderPredicates___macroRules_Lean_termSatisfies_binder_pred%___11 took 0.116ms
interpretation of Bool._aux_Init_Data_Bool___macroRules_Bool_term_^^__1 took 0.114ms
interpretation of List._aux_Init_Data_List_BasicAux___macroRules_List_tacticSizeOf_list_dec_1 took 0.0941ms
interpretation of List._aux_Init_Data_List_BasicAux___macroRules_tacticDecreasing_trivial_1 took 0.121ms
interpretation of BitVec._aux_Init_Data_BitVec_Basic___macroRules_BitVec_term__#___1 took 0.128ms
interpretation of BitVec._aux_Init_Data_BitVec_Basic___macroRules_BitVec_term__#'___1 took 0.133ms
interpretation of String._aux_Init_Data_String_Termination___macroRules_tacticDecreasing_trivial_1 took 0.0949ms
interpretation of String._aux_Init_Data_String_Termination___macroRules_tacticDecreasing_trivial_2 took 0.0888ms
interpretation of String._aux_Init_Data_String_Termination___macroRules_tacticDecreasing_trivial_3 took 0.0877ms
interpretation of String._aux_Init_Data_String_Termination___macroRules_tacticDecreasing_trivial_4 took 0.088ms
interpretation of String.Legacy.Iterator._aux_Init_Data_String_Iterator___macroRules_tacticDecreasing_trivial_1 took 0.0964ms
interpretation of String.Legacy.Iterator._aux_Init_Data_String_Iterator___macroRules_tacticDecreasing_trivial_2 took 0.102ms
interpretation of Std._aux_Init_Data_Iterators_Basic___macroRules_tacticDecreasing_trivial_1 took 0.111ms
interpretation of Std._aux_Init_Data_Iterators_Basic___macroRules_tacticDecreasing_trivial_2 took 0.117ms
interpretation of Std._aux_Init_Data_Iterators_Basic___macroRules_tacticDecreasing_trivial_3 took 0.118ms
interpretation of Std._aux_Init_Data_Iterators_Basic___macroRules_tacticDecreasing_trivial_4 took 0.105ms
interpretation of Std._aux_Init_Data_Range_Polymorphic_PRange___macroRules_Std_term_...=__1 took 0.0987ms
interpretation of Std._aux_Init_Data_Range_Polymorphic_PRange___macroRules_Std_term*...=__1 took 0.126ms
interpretation of Std._aux_Init_Data_Range_Polymorphic_PRange___macroRules_Std_term_...*_1 took 0.0948ms
interpretation of Std._aux_Init_Data_Range_Polymorphic_PRange___macroRules_Std_term*...*_1 took 0.093ms
interpretation of Std._aux_Init_Data_Range_Polymorphic_PRange___macroRules_Std_term_<...=__1 took 0.104ms
interpretation of Std._aux_Init_Data_Range_Polymorphic_PRange___macroRules_Std_term_<...*_1 took 0.0921ms
interpretation of Std._aux_Init_Data_Range_Polymorphic_PRange___macroRules_Std_term_...<__1 took 0.0917ms
interpretation of Std._aux_Init_Data_Range_Polymorphic_PRange___macroRules_Std_term_...__1 took 0.0909ms
interpretation of Std._aux_Init_Data_Range_Polymorphic_PRange___macroRules_Std_term*...<__1 took 0.091ms
interpretation of Std._aux_Init_Data_Range_Polymorphic_PRange___macroRules_Std_term*...__1 took 0.091ms
interpretation of Std._aux_Init_Data_Range_Polymorphic_PRange___macroRules_Std_term_<...<__1 took 0.0929ms
interpretation of Std._aux_Init_Data_Range_Polymorphic_PRange___macroRules_Std_term_<...__1 took 0.0908ms
interpretation of Vector._aux_Init_Data_Vector_Basic___macroRules_Vector_term#v[_,]_1 took 0.105ms
interpretation of Std.Legacy.Range._aux_Init_Data_Range_Basic___macroRules_Std_Legacy_Range_term[:_]_1 took 0.0992ms
interpretation of Std.Legacy.Range._aux_Init_Data_Range_Basic___macroRules_Std_Legacy_Range_term[_:_]_1 took 0.158ms
interpretation of Std.Legacy.Range._aux_Init_Data_Range_Basic___macroRules_Std_Legacy_Range_term[_:_:_]_1 took 0.16ms
interpretation of Std.Legacy.Range._aux_Init_Data_Range_Basic___macroRules_Std_Legacy_Range_term[:_:_]_1 took 0.17ms
interpretation of _aux_Init_Data_Range_Basic___macroRules_tacticGet_elem_tactic_extensible_1 took 0.15ms
interpretation of Array._aux_Init_Data_Array_Subarray___macroRules_Array_term__[_:_]_1 took 0.159ms
interpretation of Array._aux_Init_Data_Array_Subarray___macroRules_Array_term__[:_]_1 took 0.146ms
interpretation of Array._aux_Init_Data_Array_Subarray___macroRules_Array_term__[_:]_1 took 0.143ms
interpretation of String.Internal._aux_Init_Data_String_OrderInstances___macroRules_String_Internal_tacticOrder_1 took 0.147ms
interpretation of Array._aux_Init_Data_Array_Mem___macroRules_Array_tacticArray_get_dec_1 took 0.105ms
interpretation of Array._aux_Init_Data_Array_Mem___macroRules_tacticDecreasing_trivial_1 took 0.0874ms
interpretation of Array._aux_Init_Data_Array_Mem___macroRules_Array_tacticArray_mem_dec_1 took 0.0849ms
interpretation of Array._aux_Init_Data_Array_Mem___macroRules_tacticDecreasing_trivial_2 took 0.0852ms
interpretation of Array._aux_Init_Data_Array_Perm___macroRules_Array_term_~__1 took 0.0945ms
interpretation of Std._aux_Init_Data_Slice_Notation___macroRules_term__[_]_1 took 0.0868ms
interpretation of Std._aux_Init_Data_Range_Polymorphic_Basic___macroRules_tacticGet_elem_tactic_extensible_1 took 0.102ms
interpretation of _aux_Init_Data_UInt_Lemmas___macroRules_commandDeclare_uint_theorems___1 took 0.0886ms
interpretation of _aux_Init_Data_UInt_Bitwise___macroRules_commandDeclare_bitwise_uint_theorems___1 took 0.0895ms
interpretation of _aux_Init_Data_SInt_Lemmas___macroRules_commandDeclare_int_theorems___1 took 0.0859ms
interpretation of _aux_Init_Data_SInt_Bitwise___macroRules_commandDeclare_bitwise_int_theorems___1 took 0.0884ms
interpretation of _aux_Init_System_IO___macroRules_termPrintln!___1 took 0.0823ms
interpretation of _aux_Init_Data_ToString_Macro___macroRules_termS!__1 took 0.0853ms
interpretation of Std._aux_Init_Data_Format_Macro___macroRules_Std_termF!__1 took 0.0849ms
interpretation of Vector._aux_Init_Data_Vector_Perm___macroRules_Vector_term_~__1 took 0.119ms
interpretation of Rat._aux_Init_Data_Rat_Basic___macroRules_Rat_term_/.__1 took 0.118ms
interpretation of Lean.Parser._aux_Init_Grind_Propagator___macroRules_Lean_Parser_command_Builtin_grind_propagator____:=__1 took 0.0912ms
interpretation of DerivingHelpers._aux_Init_LawfulBEqTactics___macroRules_DerivingHelpers_tacticDeriving_ReflEq_tactic_1 took 0.113ms
interpretation of _aux_Init_LawfulBEqTactics___macroRules_tacticDeriving_LawfulEq_tactic_step_1 took 0.102ms
interpretation of _aux_Init_LawfulBEqTactics___macroRules_tacticDeriving_LawfulEq_tactic_step_2 took 0.0984ms
interpretation of _aux_Init_LawfulBEqTactics___macroRules_tacticDeriving_LawfulEq_tactic_step_3 took 0.0891ms
interpretation of _aux_Init_LawfulBEqTactics___macroRules_tacticDeriving_LawfulEq_tactic_step_4 took 0.0892ms
interpretation of _aux_Init_LawfulBEqTactics___macroRules_tacticDeriving_LawfulEq_tactic_step_5 took 0.0895ms
interpretation of _aux_Init_LawfulBEqTactics___macroRules_tacticDeriving_LawfulEq_tactic_step_6 took 0.0975ms
interpretation of _aux_Init_LawfulBEqTactics___macroRules_tacticDeriving_LawfulEq_tactic_1 took 0.0877ms
interpretation of _aux_Init_Data_Range_Polymorphic_GetElemTactic___macroRules_tacticGet_elem_tactic_extensible_1 took 0.0973ms
interpretation of Lean.Parser._aux_Init_Simproc___macroRules_Lean_Parser_command_Simproc_decl_(_):=__1 took 0.099ms
interpretation of Lean.Parser._aux_Init_Simproc___macroRules_Lean_Parser_command_Dsimproc_decl_(_):=__1 took 0.123ms
interpretation of Lean.Parser._aux_Init_Simproc___macroRules_Lean_Parser_command_Builtin_simproc_decl_(_):=__1 took 0.109ms
interpretation of Lean.Parser._aux_Init_Simproc___macroRules_Lean_Parser_command_Builtin_dsimproc_decl_(_):=__1 took 0.11ms
interpretation of Lean.Parser._aux_Init_Simproc___macroRules_Lean_Parser_command__Simproc__[_]_(_):=__1 took 0.114ms
interpretation of Lean.Parser._aux_Init_Simproc___macroRules_Lean_Parser_command__Dsimproc__[_]_(_):=__1 took 0.11ms
interpretation of Lean.Parser._aux_Init_Simproc___macroRules_Lean_Parser_command__Builtin_simproc__[_]_(_):=__1 took 0.133ms
interpretation of Lean.Parser._aux_Init_Simproc___macroRules_Lean_Parser_command__Builtin_dsimproc__[_]_(_):=__1 took 0.0928ms
interpretation of Lean.Parser._aux_Init_CbvSimproc___macroRules_Lean_Parser_command_Cbv_simproc_decl_(_):=__1 took 0.0792ms
interpretation of Lean.Parser._aux_Init_CbvSimproc___macroRules_Lean_Parser_command_Builtin_cbv_simproc_decl_(_):=__1 took 0.0734ms
interpretation of Lean.Parser._aux_Init_CbvSimproc___macroRules_Lean_Parser_command__Cbv_simproc____(_):=__1 took 0.0731ms
interpretation of Lean.Parser._aux_Init_CbvSimproc___macroRules_Lean_Parser_command__Builtin_cbv_simproc____(_):=__1 took 0.072ms
interpretation of Lean._aux_Init_MacroTrace___macroRules_Lean_termMacro.trace[_]__1 took 0.0908ms
interpretation of Lean.Order._aux_Init_Internal_Order_Basic___macroRules_Lean_Order_term_⊑__1 took 0.1ms
interpretation of Lean.Order._aux_Init_Internal_Order_Basic___macroRules_Lean_Order_term⊥_1 took 0.0898ms
interpretation of _aux_Init_Try___macroRules_tactic∎_1 took 0.0838ms
interpretation of _aux_Init_Try___macroRules_term∎_1 took 0.08ms
interpretation of Std.DHashMap.Raw._aux_Std_Data_DHashMap_Raw___macroRules_Std_DHashMap_Raw_term_~m__1 took 0.1ms
interpretation of Std.DHashMap._aux_Std_Data_DHashMap_Basic___macroRules_Std_DHashMap_term_~m__1 took 0.105ms
interpretation of Std.HashMap._aux_Std_Data_HashMap_Basic___macroRules_Std_HashMap_term_~m__1 took 0.108ms
interpretation of Std.HashSet._aux_Std_Data_HashSet_Basic___macroRules_Std_HashSet_term_~m__1 took 0.0964ms
interpretation of Std.DTreeMap.Internal.Impl._aux_Std_Data_DTreeMap_Internal_Balancing___macroRules_Std_DTreeMap_Internal_Impl_tacticTree_tac_1 took 0.114ms
interpretation of Std.DTreeMap.Internal.Impl._aux_Std_Data_DTreeMap_Internal_Balancing___macroRules_Std_DTreeMap_Internal_Impl_term✓_1 took 0.227ms
interpretation of Std.DTreeMap.Internal.Impl._aux_Std_Data_DTreeMap_Internal_Queries___macroRules_Std_DTreeMap_Internal_Impl_term_~m__1 took 0.128ms
interpretation of Std.DTreeMap._aux_Std_Data_DTreeMap_Basic___macroRules_Std_DTreeMap_term_~m__1 took 0.152ms
interpretation of Std.TreeMap._aux_Std_Data_TreeMap_Basic___macroRules_Std_TreeMap_term_~m__1 took 0.107ms
interpretation of Std.TreeSet._aux_Std_Data_TreeSet_Basic___macroRules_Std_TreeSet_term_~m__1 took 0.0997ms
interpretation of Std.HashMap.Raw._aux_Std_Data_HashMap_Raw___macroRules_Std_HashMap_Raw_term_~m__1 took 0.165ms
interpretation of Lean.Option._aux_Lean_Data_Options___macroRules_Lean_Option_registerBuiltinOption_1 took 0.52ms
interpretation of Lean.Option._aux_Lean_Data_Options___macroRules_Lean_Option_registerOption_1 took 0.596ms
interpretation of Std.DTreeMap.Raw._aux_Std_Data_DTreeMap_Raw_Basic___macroRules_Std_DTreeMap_Raw_term_~m__1 took 0.143ms
interpretation of Std.TreeMap.Raw._aux_Std_Data_TreeMap_Raw_Basic___macroRules_Std_TreeMap_Raw_term_~m__1 took 0.213ms
interpretation of Lean._aux_Lean_Message___macroRules_Lean_termM!__1 took 0.56ms
interpretation of Lean._aux_Lean_Exception___macroRules_Lean_termThrowError___1 took 0.482ms
interpretation of Lean._aux_Lean_Exception___macroRules_Lean_termThrowErrorAt_____1 took 0.471ms
interpretation of Lean._aux_Lean_Util_Trace___macroRules_Lean_doElemTrace[_]___1 took 0.468ms
interpretation of Lean.PrettyPrinter.Delaborator._aux_Lean_PrettyPrinter_Delaborator_Basic___macroRules_Lean_PrettyPrinter_Delaborator_attrApp_delab__1 took 0.401ms
interpretation of Lean._aux_Lean_Parser_Extra___macroRules_Lean_termRegister_parser_alias(Kind:=_)_______1 took 0.389ms
interpretation of Lean.Json._aux_Lean_Data_Json_Elab___macroRules_Lean_Json_termJson%__1 took 0.549ms
interpretation of List._aux_Batteries_Data_List_Basic___macroRules_List_term_<+~__1 took 0.849ms
interpretation of Batteries.Tactic.Alias._aux_Batteries_Tactic_Alias___elabRules_Batteries_Tactic_Alias_alias_1 took 1.31ms
interpretation of Batteries.Tactic.Alias._aux_Batteries_Tactic_Alias___elabRules_Batteries_Tactic_Alias_aliasLR_1 took 0.916ms
import took 5.9s
parsing took 0.317ms
linting took 0.282ms
elaboration took 0.319ms
parsing took 0.0552ms
linting took 0.0518ms
elaboration took 0.0928ms
parsing took 0.0429ms
linting took 0.0373ms
elaboration took 0.198ms
parsing took 0.0222ms
linting took 0.0356ms
elaboration took 0.204ms
parsing took 0.0239ms
linting took 0.0363ms
elaboration took 0.0544ms
parsing took 0.685ms
attribute application took 0.0365ms
typeclass inference of LT took 0.694ms
typeclass inference of LT took 0.153ms
typeclass inference of LT took 0.133ms
typeclass inference of LT took 0.411ms
instantiate metavars took 0.0136ms
instantiate metavars took 0.0023ms
tactic execution of Lean.Parser.Tactic.rewriteSeq took 1.83ms
tactic execution of Lean.Parser.Tactic.exact took 0.899ms
tactic execution of Lean.Parser.Tactic.exact took 0.299ms
tactic execution of Lean.Parser.Tactic.eqRefl took 0.0427ms
tactic execution of Lean.Parser.Tactic.applyRfl took 0.886ms
tactic execution of Lean.Parser.Tactic.tacticRfl took 0.259ms
tactic execution of Lean.Parser.Tactic.tacticSeq1Indented took 0.0603ms
tactic execution of Lean.Parser.Tactic.tacticSeq took 0.041ms
tactic execution of Lean.Parser.Tactic.withReducible took 0.0353ms
tactic execution of Lean.Parser.Tactic.tacticSeq1Indented took 0.0406ms
tactic execution of Lean.Parser.Tactic.tacticSeq took 0.0432ms
tactic execution of Lean.Parser.Tactic.paren took 0.0553ms
tactic execution of Lean.Parser.Tactic.tacticSeq1Indented took 0.0315ms
tactic execution of Lean.Parser.Tactic.tacticSeq took 0.0256ms
tactic execution of Lean.Parser.Tactic.skip took 0.0065ms
tactic execution of Lean.Parser.Tactic.tacticSeq1Indented took 0.0307ms
tactic execution of Lean.Parser.Tactic.tacticSeq took 0.0306ms
tactic execution of Lean.Parser.Tactic.first took 0.0748ms
tactic execution of Lean.Parser.Tactic.tacticTry_ took 0.047ms
tactic execution of Lean.Parser.Tactic.tacticSeq1Indented took 0.0326ms
tactic execution of Lean.Parser.Tactic.tacticSeq took 0.0248ms
tactic execution of Lean.Parser.Tactic.paren took 0.032ms
tactic execution of Lean.Parser.Tactic.withAnnotateState took 0.0627ms
tactic execution of Lean.Parser.Tactic.tacticSeq1Indented took 0.11ms
tactic execution of Lean.Parser.Tactic.tacticSeq took 0.0212ms
tactic execution of Lean.Parser.Tactic.paren took 0.0296ms
tactic execution of Lean.Parser.Tactic.rwSeq took 0.101ms
tactic execution of Lean.Parser.Tactic.constructor took 0.349ms
tactic execution of Lean.Parser.Tactic.skip took 0.0099ms
tactic execution of Lean.Parser.Tactic.withAnnotateState took 0.0626ms
tactic execution of Lean.Parser.Tactic.intro took 1.33ms
tactic execution of Lean.Parser.Tactic.tacticSeq1Indented took 0.117ms
tactic execution of Lean.Parser.Tactic.tacticSeq took 0.0528ms
tactic execution of Lean.Parser.Tactic.intro took 0.111ms
tactic execution of Lean.Parser.Tactic.tacticSeq1Indented took 0.0577ms
tactic execution of Lean.Parser.Tactic.tacticSeq took 0.0612ms
tactic execution of Lean.Parser.Tactic.allGoals took 0.119ms
tactic execution of Lean.Parser.Tactic.tacticSeq1Indented took 0.173ms
tactic execution of Lean.Parser.Tactic.tacticSeq took 0.0422ms
tactic execution of Lean.Parser.Tactic.focus took 0.0666ms
tactic execution of Lean.Parser.Tactic.tactic_<;>_ took 0.0563ms
tactic execution of Lean.Parser.Tactic.intros took 1.1ms
tactic execution of Lean.Parser.Tactic.exact took 2.2ms
tactic execution of Lean.Parser.Tactic.tacticSeq1Indented took 0.331ms
tactic execution of Lean.Parser.Tactic.tacticSeq took 0.0544ms
tactic execution of Lean.cdot took 0.0881ms
tactic execution of Lean.Parser.Tactic.intros took 0.298ms
tactic execution of Lean.Parser.Tactic.exact took 2.09ms
tactic execution of Lean.Parser.Tactic.tacticSeq1Indented took 0.223ms
tactic execution of Lean.Parser.Tactic.tacticSeq took 0.0682ms
tactic execution of Lean.cdot took 0.117ms
tactic execution of Lean.Parser.Tactic.tacticSeq1Indented took 0.21ms
tactic execution of Lean.Parser.Tactic.tacticSeq took 0.123ms
instantiate metavars took 0.163ms
instantiate metavars took 0.003ms
instantiate metavars took 0.0012ms
instantiate metavars took 0.0013ms
instantiate metavars took 0.0012ms
share common exprs took 0.237ms
fix level params took 0.121ms
let-to-have transformation took 0.0298ms
type checking took 0.959ms
attribute application took 0.0063ms
attribute application took 0.0026ms
process pre-definitions took 0.635ms
linting took 0.962ms
elaboration took 10.1ms
parsing took 0.0311ms
linting took 0.0609ms
elaboration took 0.098ms
parsing took 0.423ms
attribute application took 0.0352ms
typeclass inference of DecidableRel took 0.366ms
typeclass inference of CoeT took 0.19ms
typeclass inference of CoeT took 0.136ms
instantiate metavars took 0.0109ms
instantiate metavars took 0.002ms
instantiate metavars took 0.0049ms
instantiate metavars took 0.0011ms
instantiate metavars took 0.0006ms
instantiate metavars took 0.0006ms
instantiate metavars took 0.0005ms
share common exprs took 0.039ms
fix level params took 0.0187ms
let-to-have transformation took 0.005ms
type checking took 1.51ms
attribute application took 0.557ms
attribute application took 0.354ms
process pre-definitions took 0.277ms
linting took 0.212ms
elaboration took 4.5ms
parsing took 0.445ms
attribute application took 0.0065ms
typeclass inference of Membership took 0.304ms
typeclass inference of DecidableRel took 0.238ms
typeclass inference of Membership took 0.284ms
typeclass inference of DecidableRel took 0.0526ms
typeclass inference of DecidableRel took 0.0498ms
instantiate metavars took 0.0125ms
instantiate metavars took 0.0016ms
instantiate metavars took 0.0111ms
instantiate metavars took 0.0014ms
instantiate metavars took 0.0006ms
instantiate metavars took 0.0008ms
instantiate metavars took 0.0005ms
share common exprs took 0.11ms
fix level params took 0.0456ms
let-to-have transformation took 0.0097ms
type checking took 1.29ms
attribute application took 0.0481ms
attribute application took 0.248ms
process pre-definitions took 0.344ms
linting took 0.433ms
elaboration took 11.6ms
parsing took 0.486ms
attribute application took 0.0068ms
typeclass inference of Membership took 0.257ms
typeclass inference of DecidableRel took 0.249ms
typeclass inference of Membership took 0.302ms
typeclass inference of DecidableRel took 0.0769ms
typeclass inference of DecidableRel took 0.0876ms
instantiate metavars took 0.0172ms
instantiate metavars took 0.0015ms
instantiate metavars took 0.0163ms
instantiate metavars took 0.0012ms
instantiate metavars took 0.0007ms
instantiate metavars took 0.0007ms
instantiate metavars took 0.0005ms
share common exprs took 0.112ms
fix level params took 0.0505ms
let-to-have transformation took 0.0127ms
type checking took 2.01ms
attribute application took 0.0654ms
attribute application took 0.356ms
process pre-definitions took 0.504ms
linting took 0.44ms
elaboration took 9.96ms
parsing took 1.55ms
attribute application took 0.0044ms
typeclass inference of DecidableRel took 0.277ms
typeclass inference of DecidableRel took 0.371ms
instantiate metavars took 0.0118ms
instantiate metavars took 0.0012ms
type checking took 0.192ms
typeclass inference of Membership took 0.367ms
typeclass inference of DecidableRel took 0.311ms
typeclass inference of Membership took 0.333ms
typeclass inference of Decidable took 1.88ms
tactic execution of Lean.Parser.Tactic.refine took 3.3ms
tactic execution of Lean.Parser.Tactic.tacticSeq1Indented took 0.0678ms
tactic execution of Lean.Parser.Tactic.tacticSeq took 0.103ms
tactic execution of Lean.Parser.Tactic.open took 2.02ms
tactic execution of Lean.Parser.Tactic.tacticSeq1Indented took 0.0347ms
tactic execution of Lean.Parser.Tactic.tacticSeq took 0.0233ms
tactic execution of Lean.Parser.Tactic.paren took 0.0268ms
tactic execution of Lean.Parser.Tactic.skip took 0.0101ms
tactic execution of Lean.Parser.Tactic.withAnnotateState took 0.0558ms
typeclass inference of Membership took 0.333ms
typeclass inference of DecidableRel took 0.335ms
typeclass inference of Membership took 0.341ms
typeclass inference of DecidableRel took 0.792ms
typeclass inference of DecidableRel took 0.412ms
typeclass inference of DecidableRel took 0.227ms
tactic execution of Lean.Parser.Tactic.rewriteSeq took 0.832ms
tactic execution of Lean.Parser.Tactic.exact took 0.372ms
tactic execution of Lean.Parser.Tactic.exact took 0.372ms
tactic execution of Lean.Parser.Tactic.eqRefl took 0.0262ms
tactic execution of Lean.Parser.Tactic.applyRfl took 0.0935ms
tactic execution of Lean.Parser.Tactic.tacticRfl took 0.202ms
tactic execution of Lean.Parser.Tactic.tacticSeq1Indented took 0.041ms
tactic execution of Lean.Parser.Tactic.tacticSeq took 0.0328ms
tactic execution of Lean.Parser.Tactic.withReducible took 0.0333ms
tactic execution of Lean.Parser.Tactic.tacticSeq1Indented took 0.0352ms
tactic execution of Lean.Parser.Tactic.tacticSeq took 0.0314ms
tactic execution of Lean.Parser.Tactic.paren took 0.0365ms
tactic execution of Lean.Parser.Tactic.tacticSeq1Indented took 0.0448ms
tactic execution of Lean.Parser.Tactic.tacticSeq took 0.0289ms
tactic execution of Lean.Parser.Tactic.skip took 0.0065ms
tactic execution of Lean.Parser.Tactic.tacticSeq1Indented took 0.0295ms
tactic execution of Lean.Parser.Tactic.tacticSeq took 0.0275ms
tactic execution of Lean.Parser.Tactic.first took 0.0561ms
tactic execution of Lean.Parser.Tactic.tacticTry_ took 0.0361ms
tactic execution of Lean.Parser.Tactic.tacticSeq1Indented took 0.0228ms
tactic execution of Lean.Parser.Tactic.tacticSeq took 0.021ms
tactic execution of Lean.Parser.Tactic.paren took 0.0245ms
tactic execution of Lean.Parser.Tactic.withAnnotateState took 0.0418ms
tactic execution of Lean.Parser.Tactic.tacticSeq1Indented took 0.0859ms
tactic execution of Lean.Parser.Tactic.tacticSeq took 0.025ms
tactic execution of Lean.Parser.Tactic.paren took 0.0411ms
tactic execution of Lean.Parser.Tactic.rwSeq took 0.0439ms
tactic execution of Lean.Parser.Tactic.apply took 1.04ms
tactic execution of Lean.Parser.Tactic.tacticSeq1Indented took 0.0935ms
tactic execution of Lean.Parser.Tactic.tacticSeq took 0.0483ms
tactic execution of Lean.Parser.Tactic.refine took 3.09ms
tactic execution of Lean.Parser.Tactic.rotateRight took 0.0214ms
tactic execution of Lean.Parser.Tactic.tacticSeq1Indented took 0.0714ms
tactic execution of Lean.Parser.Tactic.tacticSeq took 0.0221ms
tactic execution of Lean.Parser.Tactic.paren took 0.0278ms
tactic execution of Lean.Parser.Tactic.tacticSeq1Indented took 0.0283ms
tactic execution of Lean.Parser.Tactic.tacticSeq took 0.0224ms
tactic execution of Lean.Parser.Tactic.focus took 0.0326ms
tactic execution of Lean.Parser.Tactic.tacticRefine_lift_ took 0.0321ms
tactic execution of Lean.Parser.Tactic.tacticHave__ took 0.072ms
typeclass inference of DecidableRel took 0.0536ms
typeclass inference of DecidableRel took 0.0936ms
typeclass inference of DecidableRel took 0.72ms
typeclass inference of DecidableRel took 0.704ms
typeclass inference of DecidableRel took 0.054ms
tactic execution of Lean.Parser.Tactic.rewriteSeq took 6.81ms
tactic execution of Lean.Parser.Tactic.exact took 0.389ms
tactic execution of Lean.Parser.Tactic.exact took 0.407ms
tactic execution of Lean.Parser.Tactic.eqRefl took 0.0754ms
tactic execution of Lean.Parser.Tactic.tacticRfl took 0.171ms
tactic execution of Lean.Parser.Tactic.tacticSeq1Indented took 0.0646ms
tactic execution of Lean.Parser.Tactic.tacticSeq took 0.061ms
tactic execution of Lean.Parser.Tactic.withReducible took 0.0531ms
tactic execution of Lean.Parser.Tactic.tacticSeq1Indented took 0.0773ms
tactic execution of Lean.Parser.Tactic.tacticSeq took 0.0497ms
tactic execution of Lean.Parser.Tactic.paren took 0.057ms
tactic execution of Lean.Parser.Tactic.tacticSeq1Indented took 0.0482ms
tactic execution of Lean.Parser.Tactic.tacticSeq took 0.0516ms
tactic execution of Lean.Parser.Tactic.first took 0.071ms
tactic execution of Lean.Parser.Tactic.tacticTry_ took 0.0666ms
tactic execution of Lean.Parser.Tactic.tacticSeq1Indented took 0.063ms
tactic execution of Lean.Parser.Tactic.tacticSeq took 0.0683ms
tactic execution of Lean.Parser.Tactic.paren took 0.0551ms
tactic execution of Lean.Parser.Tactic.withAnnotateState took 0.0795ms
tactic execution of Lean.Parser.Tactic.tacticSeq1Indented took 0.202ms
tactic execution of Lean.Parser.Tactic.tacticSeq took 0.0719ms
tactic execution of Lean.Parser.Tactic.paren took 0.0602ms
tactic execution of Lean.Parser.Tactic.rwSeq took 0.159ms
tactic execution of Lean.Parser.Tactic.tacticSeq1Indented took 0.116ms
tactic execution of Lean.Parser.Tactic.tacticSeq took 0.103ms
tactic execution of Lean.Parser.Tactic.paren took 0.0825ms
tactic execution of Lean.Parser.Tactic.tacticSeq1Indented took 0.12ms
tactic execution of Lean.Parser.Tactic.tacticSeq took 0.0626ms
tactic execution of Lean.Parser.Tactic.case took 1.11ms
tactic execution of Lean.Parser.Tactic.skip took 0.0253ms
tactic execution of Lean.Parser.Tactic.withAnnotateState took 0.0736ms
typeclass inference of DecidableRel took 0.122ms
typeclass inference of DecidableRel took 0.545ms
typeclass inference of DecidableRel took 0.312ms
typeclass inference of DecidableRel took 0.056ms
typeclass inference of DecidableRel took 0.323ms
typeclass inference of DecidableRel took 0.232ms
typeclass inference of DecidableRel took 0.0393ms
tactic execution of Lean.Parser.Tactic.rewriteSeq took 5.68ms
tactic execution of Lean.Parser.Tactic.exact took 0.323ms
tactic execution of Lean.Parser.Tactic.exact took 0.339ms
tactic execution of Lean.Parser.Tactic.eqRefl took 0.0291ms
tactic execution of Lean.Parser.Tactic.tacticRfl took 0.146ms
tactic execution of Lean.Parser.Tactic.tacticSeq1Indented took 0.0321ms
tactic execution of Lean.Parser.Tactic.tacticSeq took 0.0277ms
tactic execution of Lean.Parser.Tactic.withReducible took 0.0338ms
tactic execution of Lean.Parser.Tactic.tacticSeq1Indented took 0.0315ms
tactic execution of Lean.Parser.Tactic.tacticSeq took 0.0246ms
tactic execution of Lean.Parser.Tactic.paren took 0.0285ms
tactic execution of Lean.Parser.Tactic.tacticSeq1Indented took 0.0327ms
tactic execution of Lean.Parser.Tactic.tacticSeq took 0.0241ms
tactic execution of Lean.Parser.Tactic.first took 0.0316ms
tactic execution of Lean.Parser.Tactic.tacticTry_ took 0.0389ms
tactic execution of Lean.Parser.Tactic.tacticSeq1Indented took 0.0241ms
tactic execution of Lean.Parser.Tactic.tacticSeq took 0.0237ms
tactic execution of Lean.Parser.Tactic.paren took 0.0305ms
tactic execution of Lean.Parser.Tactic.withAnnotateState took 0.0448ms
tactic execution of Lean.Parser.Tactic.tacticSeq1Indented took 0.0824ms
tactic execution of Lean.Parser.Tactic.tacticSeq took 0.0368ms
tactic execution of Lean.Parser.Tactic.paren took 0.0429ms
tactic execution of Lean.Parser.Tactic.rwSeq took 0.103ms
tactic execution of Lean.Parser.Tactic.refine took 0.696ms
typeclass inference of DecidableRel took 0.472ms
typeclass inference of DecidableRel took 0.267ms
typeclass inference of DecidableRel took 0.044ms
tactic execution of Lean.Parser.Tactic.rewriteSeq took 2.16ms
tactic execution of Lean.Parser.Tactic.exact took 0.272ms
tactic execution of Lean.Parser.Tactic.exact took 0.241ms
tactic execution of Lean.Parser.Tactic.eqRefl took 0.0419ms
tactic execution of Lean.Parser.Tactic.applyRfl took 0.0331ms
tactic execution of Lean.Parser.Tactic.tacticRfl took 0.148ms
tactic execution of Lean.Parser.Tactic.tacticSeq1Indented took 0.0237ms
tactic execution of Lean.Parser.Tactic.tacticSeq took 0.0216ms
tactic execution of Lean.Parser.Tactic.withReducible took 0.0231ms
tactic execution of Lean.Parser.Tactic.tacticSeq1Indented took 0.0226ms
tactic execution of Lean.Parser.Tactic.tacticSeq took 0.0197ms
tactic execution of Lean.Parser.Tactic.paren took 0.0219ms
tactic execution of Lean.Parser.Tactic.tacticSeq1Indented took 0.0221ms
tactic execution of Lean.Parser.Tactic.tacticSeq took 0.0192ms
tactic execution of Lean.Parser.Tactic.skip took 0.0056ms
tactic execution of Lean.Parser.Tactic.tacticSeq1Indented took 0.0221ms
tactic execution of Lean.Parser.Tactic.tacticSeq took 0.0202ms
tactic execution of Lean.Parser.Tactic.first took 0.0415ms
tactic execution of Lean.Parser.Tactic.tacticTry_ took 0.0314ms
tactic execution of Lean.Parser.Tactic.tacticSeq1Indented took 0.0183ms
tactic execution of Lean.Parser.Tactic.tacticSeq took 0.0269ms
tactic execution of Lean.Parser.Tactic.paren took 0.0234ms
tactic execution of Lean.Parser.Tactic.withAnnotateState took 0.0353ms
tactic execution of Lean.Parser.Tactic.tacticSeq1Indented took 0.0805ms
tactic execution of Lean.Parser.Tactic.tacticSeq took 0.0178ms
tactic execution of Lean.Parser.Tactic.paren took 0.031ms
tactic execution of Lean.Parser.Tactic.rwSeq took 0.0441ms
type checking took 1.12ms
tactic execution of Lean.Parser.Tactic.refine took 8.29ms
tactic execution of Lean.Parser.Tactic.rotateRight took 0.0254ms
tactic execution of Lean.Parser.Tactic.tacticSeq1Indented took 0.139ms
tactic execution of Lean.Parser.Tactic.tacticSeq took 0.0396ms
tactic execution of Lean.Parser.Tactic.paren took 0.0357ms
tactic execution of Lean.Parser.Tactic.tacticSeq1Indented took 0.0402ms
tactic execution of Lean.Parser.Tactic.tacticSeq took 0.0334ms
tactic execution of Lean.Parser.Tactic.focus took 0.0428ms
tactic execution of Lean.Parser.Tactic.tacticRefine_lift_ took 0.0599ms
tactic execution of Lean.Parser.Tactic.tacticLet__ took 0.144ms
tactic execution of Lean.Parser.Tactic.exact took 1.71ms
tactic execution of Lean.Parser.Tactic.tacticSeq1Indented took 0.265ms
tactic execution of Lean.Parser.Tactic.tacticSeq took 0.061ms
tactic execution of Lean.Parser.Tactic.paren took 0.0475ms
tactic execution of Lean.Parser.Tactic.tacticSeq1Indented took 0.109ms
tactic execution of Lean.Parser.Tactic.tacticSeq took 0.106ms
tactic execution of Lean.Parser.Tactic.case took 0.286ms
tactic execution of Lean.Parser.Tactic.tacticSeq1Indented took 0.158ms
tactic execution of Lean.Parser.Tactic.tacticSeq took 0.0268ms
tactic execution of Lean.Parser.Tactic.paren took 0.0446ms
tactic execution of Lean.Parser.Tactic.tacDepIfThenElse took 0.957ms
tactic execution of Lean.Parser.Tactic.tacticSeq1Indented took 0.0475ms
tactic execution of Lean.Parser.Tactic.tacticSeq took 0.0422ms
instantiate metavars took 0.363ms
instantiate metavars took 0.0038ms
instantiate metavars took 0.0011ms
instantiate metavars took 0.0011ms
instantiate metavars took 0.0008ms
share common exprs took 1.13ms
fix level params took 0.298ms
type checking took 0.402ms
type checking took 0.394ms
type checking took 0.375ms
type checking took 0.182ms
let-to-have transformation took 0.011ms
type checking took 4.21ms
let-to-have transformation took 0.0123ms
type checking took 0.723ms
attribute application took 0.0072ms
attribute application took 0.0048ms
process pre-definitions took 34.3ms
linting took 1.51ms
elaboration took 13.2ms
parsing took 1.61ms
attribute application took 0.0302ms
typeclass inference of DecidableRel took 0.364ms
instantiate metavars took 0.0098ms
instantiate metavars took 0.0016ms
typeclass inference of Membership took 0.38ms
typeclass inference of DecidableRel took 0.331ms
typeclass inference of Membership took 0.326ms
typeclass inference of Decidable took 1.45ms
typeclass inference of DecidableRel took 0.0449ms
typeclass inference of DecidableRel took 0.451ms
typeclass inference of DecidableRel took 0.0475ms
typeclass inference of DecidableRel took 0.0432ms
typeclass inference of DecidableRel took 0.411ms
typeclass inference of DecidableRel took 0.0433ms
instantiate metavars took 0.0248ms
instantiate metavars took 0.0012ms
instantiate metavars took 0.0006ms
instantiate metavars took 0.0007ms
instantiate metavars took 0.0006ms
share common exprs took 0.219ms
fix level params took 0.0686ms
type checking took 0.0822ms
type checking took 0.0639ms
type checking took 0.0639ms
type checking took 0.0659ms
let-to-have transformation took 0.0156ms
type checking took 1.56ms
let-to-have transformation took 0.0077ms
type checking took 0.283ms
attribute application took 0.0061ms
attribute application took 0.0033ms
process pre-definitions took 4.26ms
linting took 0.493ms
elaboration took 19.2ms
parsing took 0.259ms
attribute application took 0.0042ms
typeclass inference of HasSubset took 0.11ms
typeclass inference of DecidableRel took 0.275ms
typeclass inference of HasSubset took 0.146ms
instantiate metavars took 0.0107ms
instantiate metavars took 0.0011ms
typeclass inference of DecidableRel took 0.433ms
typeclass inference of DecidableRel took 0.204ms
instantiate metavars took 0.0082ms
instantiate metavars took 0.001ms
instantiate metavars took 0.0006ms
instantiate metavars took 0.0008ms
instantiate metavars took 0.0006ms
share common exprs took 0.0452ms
fix level params took 0.0219ms
let-to-have transformation took 0.0049ms
type checking took 0.217ms
attribute application took 0.0042ms
attribute application took 0.0017ms
process pre-definitions took 0.216ms
linting took 0.278ms
elaboration took 3.44ms
parsing took 0.49ms
attribute application took 0.0039ms
typeclass inference of DecidableRel took 0.273ms
instantiate metavars took 0.007ms
instantiate metavars took 0.0012ms
typeclass inference of Membership took 0.761ms
typeclass inference of DecidableRel took 0.475ms
typeclass inference of Membership took 0.452ms
typeclass inference of Decidable took 2.01ms
typeclass inference of DecidableRel took 0.0675ms
typeclass inference of DecidableRel took 0.871ms
typeclass inference of DecidableRel took 0.0455ms
typeclass inference of DecidableRel took 0.0485ms
typeclass inference of DecidableRel took 0.514ms
typeclass inference of DecidableRel took 0.0453ms
instantiate metavars took 0.0264ms
instantiate metavars took 0.0014ms
instantiate metavars took 0.0007ms
instantiate metavars took 0.001ms
instantiate metavars took 0.0007ms
share common exprs took 0.27ms
fix level params took 0.0828ms
type checking took 0.105ms
type checking took 0.0791ms
type checking took 0.0758ms
type checking took 0.0839ms
let-to-have transformation took 0.0071ms
type checking took 1.43ms
let-to-have transformation took 0.0061ms
type checking took 0.299ms
attribute application took 0.0111ms
attribute application took 0.0035ms
process pre-definitions took 5.34ms
linting took 0.649ms
elaboration took 17.4ms
parsing took 0.828ms
attribute application took 0.0068ms
typeclass inference of DecidableRel took 0.64ms
instantiate metavars took 0.0144ms
instantiate metavars took 0.0019ms
typeclass inference of DecidableRel took 0.57ms
typeclass inference of DecidableRel took 0.212ms
tactic execution of Lean.Parser.Tactic.refine took 1.32ms
tactic execution of Lean.Parser.Tactic.exact took 0.319ms
tactic execution of Lean.Parser.Tactic.exact took 0.287ms
tactic execution of Lean.Parser.Tactic.eqRefl took 0.287ms
tactic execution of Lean.Parser.Tactic.tacticRfl took 0.163ms
tactic execution of Lean.Parser.Tactic.tacticSeq1Indented took 0.0304ms
tactic execution of Lean.Parser.Tactic.tacticSeq took 0.0376ms
type checking took 0.609ms
tactic execution of Lean.Parser.Tactic.refine took 6.47ms
tactic execution of Lean.Parser.Tactic.rotateRight took 0.0461ms
tactic execution of Lean.Parser.Tactic.tacticSeq1Indented took 0.142ms
tactic execution of Lean.Parser.Tactic.tacticSeq took 0.0777ms
tactic execution of Lean.Parser.Tactic.paren took 0.0383ms
tactic execution of Lean.Parser.Tactic.tacticSeq1Indented took 0.0438ms
tactic execution of Lean.Parser.Tactic.tacticSeq took 0.0314ms
tactic execution of Lean.Parser.Tactic.focus took 0.0408ms
tactic execution of Lean.Parser.Tactic.tacticRefine_lift_ took 0.0315ms
tactic execution of Lean.Parser.Tactic.tacticLet__ took 0.0263ms
typeclass inference of DecidableRel took 0.994ms
typeclass inference of DecidableRel took 1.02ms
typeclass inference of DecidableRel took 0.449ms
tactic execution of Lean.Parser.Tactic.rewriteSeq took 2.61ms
tactic execution of Lean.Parser.Tactic.exact took 0.521ms
tactic execution of Lean.Parser.Tactic.exact took 0.414ms
tactic execution of Lean.Parser.Tactic.eqRefl took 0.0335ms
tactic execution of Lean.Parser.Tactic.tacticRfl took 0.189ms
tactic execution of Lean.Parser.Tactic.tacticSeq1Indented took 0.0455ms
tactic execution of Lean.Parser.Tactic.tacticSeq took 0.0571ms
tactic execution of Lean.Parser.Tactic.withReducible took 0.0535ms
tactic execution of Lean.Parser.Tactic.tacticSeq1Indented took 0.0557ms
tactic execution of Lean.Parser.Tactic.tacticSeq took 0.0814ms
tactic execution of Lean.Parser.Tactic.paren took 0.0372ms
tactic execution of Lean.Parser.Tactic.tacticSeq1Indented took 0.037ms
tactic execution of Lean.Parser.Tactic.tacticSeq took 0.0345ms
tactic execution of Lean.Parser.Tactic.first took 0.0376ms
tactic execution of Lean.Parser.Tactic.tacticTry_ took 0.0487ms
tactic execution of Lean.Parser.Tactic.tacticSeq1Indented took 0.0324ms
tactic execution of Lean.Parser.Tactic.tacticSeq took 0.0563ms
tactic execution of Lean.Parser.Tactic.paren took 0.0481ms
tactic execution of Lean.Parser.Tactic.withAnnotateState took 0.0557ms
tactic execution of Lean.Parser.Tactic.tacticSeq1Indented took 0.137ms
tactic execution of Lean.Parser.Tactic.tacticSeq took 0.0461ms
tactic execution of Lean.Parser.Tactic.paren took 0.0377ms
tactic execution of Lean.Parser.Tactic.rwSeq took 0.0508ms
tactic execution of Lean.Parser.Tactic.rewriteSeq took 0.672ms
tactic execution of Lean.Parser.Tactic.exact took 0.386ms
tactic execution of Lean.Parser.Tactic.exact took 0.341ms
tactic execution of Lean.Parser.Tactic.eqRefl took 0.028ms
tactic execution of Lean.Parser.Tactic.applyRfl took 0.0407ms
tactic execution of Lean.Parser.Tactic.tacticRfl took 0.209ms
tactic execution of Lean.Parser.Tactic.tacticSeq1Indented took 0.0264ms
tactic execution of Lean.Parser.Tactic.tacticSeq took 0.0253ms
tactic execution of Lean.Parser.Tactic.withReducible took 0.0272ms
tactic execution of Lean.Parser.Tactic.tacticSeq1Indented took 0.0257ms
tactic execution of Lean.Parser.Tactic.tacticSeq took 0.0202ms
tactic execution of Lean.Parser.Tactic.paren took 0.0255ms
tactic execution of Lean.Parser.Tactic.tacticSeq1Indented took 0.0258ms
tactic execution of Lean.Parser.Tactic.tacticSeq took 0.0209ms
tactic execution of Lean.Parser.Tactic.skip took 0.0067ms
tactic execution of Lean.Parser.Tactic.tacticSeq1Indented took 0.0244ms
tactic execution of Lean.Parser.Tactic.tacticSeq took 0.0236ms
tactic execution of Lean.Parser.Tactic.first took 0.0505ms
tactic execution of Lean.Parser.Tactic.tacticTry_ took 0.047ms
tactic execution of Lean.Parser.Tactic.tacticSeq1Indented took 0.0411ms
tactic execution of Lean.Parser.Tactic.tacticSeq took 0.02ms
tactic execution of Lean.Parser.Tactic.paren took 0.0278ms
tactic execution of Lean.Parser.Tactic.withAnnotateState took 0.0354ms
tactic execution of Lean.Parser.Tactic.tacticSeq1Indented took 0.0798ms
tactic execution of Lean.Parser.Tactic.tacticSeq took 0.02ms
tactic execution of Lean.Parser.Tactic.paren took 0.0249ms
tactic execution of Lean.Parser.Tactic.rwSeq took 0.0431ms
tactic execution of Lean.Parser.Tactic.exact took 0.477ms
tactic execution of Lean.Parser.Tactic.tacticSeq1Indented took 0.145ms
tactic execution of Lean.Parser.Tactic.tacticSeq took 0.0898ms
tactic execution of Lean.Parser.Tactic.induction took 1.58ms
tactic execution of Lean.Parser.Tactic.tacticSeq1Indented took 0.102ms
tactic execution of Lean.Parser.Tactic.tacticSeq took 0.0538ms
instantiate metavars took 0.17ms
instantiate metavars took 0.0015ms
instantiate metavars took 0.0007ms
instantiate metavars took 0.0007ms
instantiate metavars took 0.0006ms
share common exprs took 0.275ms
fix level params took 0.09ms
let-to-have transformation took 0.0071ms
type checking took 1.64ms
attribute application took 0.007ms
attribute application took 0.002ms
process pre-definitions took 0.421ms
linting took 0.848ms
elaboration took 5.13ms
parsing took 0.646ms
attribute application took 0.0152ms
typeclass inference of DecidableRel took 0.427ms
typeclass inference of DecidableRel took 0.0715ms
typeclass inference of DecidableRel took 0.0952ms
instantiate metavars took 0.0143ms
instantiate metavars took 0.0016ms
typeclass inference of DecidableRel took 0.695ms
typeclass inference of DecidableRel took 0.582ms
typeclass inference of DecidableRel took 0.381ms
typeclass inference of DecidableRel took 0.0582ms
instantiate metavars took 0.0142ms
instantiate metavars took 0.0015ms
instantiate metavars took 0.0013ms
instantiate metavars took 0.0008ms
instantiate metavars took 0.0007ms
share common exprs took 0.0589ms
fix level params took 0.027ms
let-to-have transformation took 0.0085ms
type checking took 0.3ms
attribute application took 0.0157ms
attribute application took 0.244ms
process pre-definitions took 0.305ms
linting took 0.344ms
elaboration took 7.32ms
parsing took 2.43ms
attribute application took 0.0054ms
typeclass inference of Membership took 0.321ms
typeclass inference of DecidableRel took 0.298ms
typeclass inference of Membership took 0.31ms
typeclass inference of Membership took 0.264ms
typeclass inference of Membership took 0.0982ms
instantiate metavars took 0.0145ms
instantiate metavars took 0.0017ms
typeclass inference of DecidableRel took 0.901ms
tactic execution of Lean.Parser.Tactic.refine took 3.89ms
tactic execution of Lean.Parser.Tactic.exact took 1.95ms
tactic execution of Lean.Parser.Tactic.tacticSeq1Indented took 0.189ms
tactic execution of Lean.Parser.Tactic.tacticSeq took 0.0979ms
type checking took 1.16ms
congr simp thm took 0.0648ms
typeclass inference of Subsingleton took 1.03ms
type checking took 0.0438ms
congr simp thm took 3.51ms
congr simp thm took 0.0726ms
congr simp thm took 0.0145ms
congr simp thm took 0.0021ms
congr simp thm took 0.0023ms
congr simp thm took 0.0382ms
congr simp thm took 0.0016ms
congr simp thm took 0.002ms
congr simp thm took 0.0012ms
simp took 5.94ms
simp took 0.0599ms
tactic execution of Lean.Parser.Tactic.simp took 3.37ms
typeclass inference of Membership took 0.234ms
typeclass inference of DecidableRel took 0.222ms
typeclass inference of Membership took 0.304ms
typeclass inference of Decidable took 1.34ms
tactic execution of Lean.Parser.Tactic.refine took 1.74ms
tactic execution of Lean.Parser.Tactic.tacticSeq1Indented took 0.0381ms
tactic execution of Lean.Parser.Tactic.tacticSeq took 0.0246ms
tactic execution of Lean.Parser.Tactic.open took 0.178ms
tactic execution of Lean.Parser.Tactic.tacticSeq1Indented took 0.0256ms
tactic execution of Lean.Parser.Tactic.tacticSeq took 0.017ms
tactic execution of Lean.Parser.Tactic.paren took 0.0165ms
tactic execution of Lean.Parser.Tactic.skip took 0.0056ms
tactic execution of Lean.Parser.Tactic.withAnnotateState took 0.0258ms
typeclass inference of DecidableRel took 0.231ms
congr simp thm took 0.0091ms
congr simp thm took 0.033ms
congr simp thm took 0.0055ms
congr simp thm took 0.0016ms
congr simp thm took 0.0015ms
congr simp thm took 0.036ms
congr simp thm took 0.0315ms
congr simp thm took 0.0024ms
congr simp thm took 0.0128ms
typeclass inference of Nonempty took 0.495ms
congr simp thm took 0.0118ms
typeclass inference of Nonempty took 0.0121ms
congr simp thm took 0.01ms
congr simp thm took 0.0068ms
congr simp thm took 0.0014ms
congr simp thm took 0.0013ms
congr simp thm took 0.0011ms
typeclass inference of Nonempty took 0.441ms
congr simp thm took 0.0106ms
congr simp thm took 0.0046ms
congr simp thm took 0.0016ms
congr simp thm took 0.003ms
typeclass inference of Nonempty took 0.51ms
congr simp thm took 0.0167ms
typeclass inference of Nonempty took 0.402ms
congr simp thm took 0.0335ms
typeclass inference of Nonempty took 2.4ms
congr simp thm took 0.0167ms
typeclass inference of Nonempty took 0.247ms
congr simp thm took 0.0111ms
simp took 15.7ms
simp took 0.0402ms
simp took 0.834ms
simp took 0.0733ms
tactic execution of Lean.Parser.Tactic.simpa took 5.06ms
tactic execution of Lean.Parser.Tactic.tacticSeq1Indented took 0.0519ms
tactic execution of Lean.Parser.Tactic.tacticSeq took 0.0217ms
tactic execution of Lean.Parser.Tactic.paren took 0.0251ms
tactic execution of Lean.Parser.Tactic.tacticSeq1Indented took 0.043ms
tactic execution of Lean.Parser.Tactic.tacticSeq took 0.0229ms
tactic execution of Lean.Parser.Tactic.case took 0.0474ms
tactic execution of Lean.Parser.Tactic.skip took 0.0055ms
tactic execution of Lean.Parser.Tactic.withAnnotateState took 0.0239ms
typeclass inference of DecidableRel took 0.244ms
tactic execution of Lean.Parser.Tactic.refine took 3.31ms
typeclass inference of CoeT took 1.06ms
typeclass inference of DecidableRel took 0.222ms
type checking took 0.178ms
tactic execution of Lean.Parser.Tactic.refine took 4.14ms
tactic execution of Lean.Parser.Tactic.skip took 0.0059ms
tactic execution of Lean.Parser.Tactic.withAnnotateState took 0.0268ms
congr simp thm took 0.0143ms
simp took 0.115ms
simp took 0.0196ms
congr simp thm took 0.0388ms
congr simp thm took 0.033ms
congr simp thm took 0.0443ms
congr simp thm took 0.0016ms
congr simp thm took 0.0021ms
typeclass inference of Decidable took 0.356ms
congr simp thm took 0.04ms
congr simp thm took 0.002ms
congr simp thm took 0.002ms
congr simp thm took 0.0014ms
typeclass inference of Decidable took 0.0164ms
simp took 1.95ms
simp took 0.0309ms
tactic execution of Lean.Parser.Tactic.simpa took 1.07ms
tactic execution of Lean.Parser.Tactic.tacticSeq1Indented took 0.0442ms
tactic execution of Lean.Parser.Tactic.tacticSeq took 0.029ms
tactic execution of Lean.Parser.Tactic.exact took 0.951ms
tactic execution of Lean.Parser.Tactic.tacticSeq1Indented took 0.032ms
tactic execution of Lean.Parser.Tactic.tacticSeq took 0.0244ms
tactic execution of Lean.Parser.Tactic.tacticSeq1Indented took 0.0718ms
tactic execution of Lean.Parser.Tactic.tacticSeq took 0.0208ms
tactic execution of Lean.Parser.Tactic.case took 0.0608ms
tactic execution of Lean.Parser.Tactic.skip took 0.0057ms
tactic execution of Lean.Parser.Tactic.withAnnotateState took 0.0237ms
tactic execution of Lean.Parser.Tactic.refine took 0.734ms
tactic execution of Lean.Parser.Tactic.rotateRight took 0.0099ms
tactic execution of Lean.Parser.Tactic.tacticSeq1Indented took 0.0757ms
tactic execution of Lean.Parser.Tactic.tacticSeq took 0.0217ms
tactic execution of Lean.Parser.Tactic.paren took 0.0204ms
tactic execution of Lean.Parser.Tactic.tacticSeq1Indented took 0.0226ms
tactic execution of Lean.Parser.Tactic.tacticSeq took 0.0341ms
tactic execution of Lean.Parser.Tactic.focus took 0.0272ms
tactic execution of Lean.Parser.Tactic.tacticRefine_lift_ took 0.0236ms
tactic execution of Lean.Parser.Tactic.tacticHave__ took 0.0264ms
tactic execution of Lean.Parser.Tactic.apply took 1.25ms
typeclass inference of Decidable took 0.436ms
typeclass inference of Decidable took 0.226ms
typeclass inference of Decidable took 0.476ms
tactic execution of Lean.Parser.Tactic.rewriteSeq took 0.674ms
tactic execution of Lean.Parser.Tactic.exact took 0.535ms
tactic execution of Lean.Parser.Tactic.exact took 0.457ms
tactic execution of Lean.Parser.Tactic.eqRefl took 0.0243ms
tactic execution of Lean.Parser.Tactic.applyRfl took 0.0271ms
tactic execution of Lean.Parser.Tactic.tacticRfl took 0.156ms
tactic execution of Lean.Parser.Tactic.tacticSeq1Indented took 0.0276ms
tactic execution of Lean.Parser.Tactic.tacticSeq took 0.0217ms
tactic execution of Lean.Parser.Tactic.withReducible took 0.0303ms
tactic execution of Lean.Parser.Tactic.tacticSeq1Indented took 0.0217ms
tactic execution of Lean.Parser.Tactic.tacticSeq took 0.0259ms
tactic execution of Lean.Parser.Tactic.paren took 0.0227ms
tactic execution of Lean.Parser.Tactic.tacticSeq1Indented took 0.0257ms
tactic execution of Lean.Parser.Tactic.tacticSeq took 0.0277ms
tactic execution of Lean.Parser.Tactic.skip took 0.0051ms
tactic execution of Lean.Parser.Tactic.tacticSeq1Indented took 0.0213ms
tactic execution of Lean.Parser.Tactic.tacticSeq took 0.0198ms
tactic execution of Lean.Parser.Tactic.first took 0.0407ms
tactic execution of Lean.Parser.Tactic.tacticTry_ took 0.0372ms
tactic execution of Lean.Parser.Tactic.tacticSeq1Indented took 0.0161ms
tactic execution of Lean.Parser.Tactic.tacticSeq took 0.0153ms
tactic execution of Lean.Parser.Tactic.paren took 0.0207ms
tactic execution of Lean.Parser.Tactic.withAnnotateState took 0.0307ms
tactic execution of Lean.Parser.Tactic.tacticSeq1Indented took 0.0632ms
tactic execution of Lean.Parser.Tactic.tacticSeq took 0.0186ms
tactic execution of Lean.Parser.Tactic.paren took 0.0261ms
tactic execution of Lean.Parser.Tactic.rwSeq took 0.0394ms
tactic execution of Lean.Parser.Tactic.exact took 0.119ms
tactic execution of Lean.Parser.Tactic.tacticSeq1Indented took 0.119ms
tactic execution of Lean.Parser.Tactic.tacticSeq took 0.024ms
tactic execution of Lean.Parser.Tactic.tacticSeq1Indented took 0.0458ms
tactic execution of Lean.Parser.Tactic.tacticSeq took 0.0185ms
tactic execution of Lean.Parser.Tactic.case took 0.0867ms
tactic execution of null took 0.0748ms
tactic execution of Lean.Parser.Tactic.match took 1.18ms
tactic execution of Lean.Parser.Tactic.tacticSeq1Indented took 0.0906ms
tactic execution of Lean.Parser.Tactic.tacticSeq took 0.0178ms
tactic execution of Lean.Parser.Tactic.paren took 0.084ms
tactic execution of Lean.Parser.Tactic.tacticSeq1Indented took 0.0399ms
tactic execution of Lean.Parser.Tactic.tacticSeq took 0.0242ms
tactic execution of Lean.Parser.Tactic.case took 0.0688ms
tactic execution of Lean.Parser.Tactic.tacticSeq1Indented took 0.0809ms
tactic execution of Lean.Parser.Tactic.tacticSeq took 0.0179ms
tactic execution of Lean.Parser.Tactic.paren took 0.0245ms
tactic execution of Lean.Parser.Tactic.tacDepIfThenElse took 0.0519ms
tactic execution of Lean.Parser.Tactic.tacticSeq1Indented took 0.0888ms
tactic execution of Lean.Parser.Tactic.tacticSeq took 0.062ms
tactic execution of Lean.Parser.Tactic.induction took 1.78ms
tactic execution of Lean.Parser.Tactic.tacticSeq1Indented took 0.259ms
tactic execution of Lean.Parser.Tactic.tacticSeq took 0.0478ms
instantiate metavars took 0.218ms
instantiate metavars took 0.0013ms
instantiate metavars took 0.0006ms
instantiate metavars took 0.0007ms
instantiate metavars took 0.0006ms
share common exprs took 0.535ms
fix level params took 0.156ms
let-to-have transformation took 0.0099ms
type checking took 4.46ms
attribute application took 0.04ms
attribute application took 0.0031ms
process pre-definitions took 0.693ms
linting took 5.09ms
elaboration took 7.48ms
parsing took 0.0031ms
linting took 0.0682ms
module linting took 0.0061ms
elaboration took 0.117ms
interpretation of _private.Batteries.Tactic.Alias.0.Batteries.Tactic.Alias.initFn._lam_0._@.Batteries.Tactic.Alias.3155908491._hygCtx._hyg.2._boxed took 4.37ms
.olean serialization took 80.4ms
cumulative profiling times:
	.olean serialization 80.4ms
	attribute application 2.11ms
	congr simp thm 4.12ms
	elaboration 110ms
	fix level params 0.97ms
	import 5.9s
	initialization 149ms
	instantiate metavars 1.16ms
	interpretation 395ms
	let-to-have transformation 0.129ms
	linting 11.8ms
	module linting 0.0052ms
	parsing 10.3ms
	process pre-definitions 47.3ms
	share common exprs 3.03ms
	simp 24.8ms
	tactic execution 117ms
	type checking 26.1ms
	typeclass inference 43.8ms
