interpretation of Aesop.aesop.smallErrorMessages took 19.2ms
interpretation of Aesop.TraceOption.steps took 8.89ms
interpretation of Aesop.TraceOption.ruleSet took 2.87ms
interpretation of Aesop.TraceOption.proof took 2.99ms
interpretation of Aesop.TraceOption.tree took 2.92ms
interpretation of Aesop.TraceOption.extraction took 3.04ms
interpretation of Aesop.TraceOption.stats took 3.3ms
interpretation of Aesop.TraceOption.debug took 3ms
interpretation of Aesop.TraceOption.script took 3.37ms
interpretation of Aesop.TraceOption.forward took 3.81ms
interpretation of Aesop.TraceOption.forwardDebug took 3.15ms
interpretation of Aesop.TraceOption.rpinf took 4.83ms
interpretation of Aesop.aesop.dev.dynamicStructuring took 8.96ms
interpretation of Aesop.aesop.dev.optimizedDynamicStructuring took 5.05ms
interpretation of Aesop.aesop.dev.generateScript took 4.79ms
interpretation of Aesop.aesop.dev.statefulForward took 4.56ms
interpretation of Aesop.aesop.warn.applyIff took 5.76ms
interpretation of Aesop.aesop.warn.nonterminal took 5.45ms
interpretation of Aesop.aesop.collectStats took 7.83ms
interpretation of Aesop.aesop.stats.file took 6.69ms
interpretation of _private.Aesop.Util.EqualUpToIds.0.Aesop.initFn._@.Aesop.Util.EqualUpToIds.1192428161._hygCtx._hyg.2 took 0.64ms
interpretation of _private.Aesop.Util.EqualUpToIds.0.Aesop.initFn._@.Aesop.Util.EqualUpToIds.1192428161._hygCtx._hyg.2._boxed took 14.8ms
interpretation of Aesop.Check.all took 9.5ms
interpretation of Aesop.option._@.Aesop.Check.3841271143._hygCtx._hyg.3 took 14.4ms
interpretation of Aesop.option._@.Aesop.Check.445867947._hygCtx._hyg.3 took 6.8ms
interpretation of Aesop.option._@.Aesop.Check.611402289._hygCtx._hyg.3 took 8.93ms
interpretation of Aesop.option._@.Aesop.Check.1191392668._hygCtx._hyg.3 took 9.21ms
interpretation of Aesop.option._@.Aesop.Check.2536445200._hygCtx._hyg.3 took 8.86ms
interpretation of Batteries.machineApplicableDeprecated took 8.09ms
interpretation of Batteries.Tactic.Alias.aliasExt took 8.76ms
interpretation of Batteries.Linter.linter.unreachableTactic took 9.63ms
interpretation of Batteries.Linter.UnreachableTactic.ignoreTacticKindsRef took 36.5ms
interpretation of _private.Batteries.Linter.UnreachableTactic.0.Batteries.Linter.UnreachableTactic.initFn._@.Batteries.Linter.UnreachableTactic.179727238._hygCtx._hyg.2 took 0.518ms
interpretation of _private.Batteries.Linter.UnreachableTactic.0.Batteries.Linter.UnreachableTactic.initFn._@.Batteries.Linter.UnreachableTactic.179727238._hygCtx._hyg.2._boxed took 13.8ms
interpretation of Batteries.Linter.linter.unnecessarySeqFocus took 6.11ms
interpretation of Batteries.Linter.UnnecessarySeqFocus.multigoalAttr took 46.9ms
interpretation of _private.Batteries.Linter.UnnecessarySeqFocus.0.Batteries.Linter.UnnecessarySeqFocus.initFn._@.Batteries.Linter.UnnecessarySeqFocus.3311112716._hygCtx._hyg.2 took 0.66ms
interpretation of _private.Batteries.Linter.UnnecessarySeqFocus.0.Batteries.Linter.UnnecessarySeqFocus.initFn._@.Batteries.Linter.UnnecessarySeqFocus.3311112716._hygCtx._hyg.2._boxed took 7.31ms
interpretation of Batteries.Tactic.Lint.batteriesLinterExt took 11.2ms
interpretation of _private.Batteries.Tactic.Lint.Basic.0.Batteries.Tactic.Lint.initFn._@.Batteries.Tactic.Lint.Basic.3164034710._hygCtx._hyg.2 took 0.539ms
interpretation of _private.Batteries.Tactic.Lint.Basic.0.Batteries.Tactic.Lint.initFn._@.Batteries.Tactic.Lint.Basic.3164034710._hygCtx._hyg.2._boxed took 23.6ms
interpretation of Batteries.Tactic.Lint.nolintAttr took 12.7ms
interpretation of _private.Batteries.Util.ProofWanted.0.wantedInstancesExt took 17.6ms
interpretation of _private.Batteries.Util.ProofWanted.0.wantedArityExt took 10ms
interpretation of Aesop.declaredRuleSetsRef took 4.97ms
interpretation of _private.Aesop.Frontend.Extension.0.Aesop.Frontend.initFn._@.Aesop.Frontend.Extension.3818590508._hygCtx._hyg.2 took 0.822ms
interpretation of _private.Aesop.Frontend.Extension.0.Aesop.Frontend.initFn._@.Aesop.Frontend.Extension.3818590508._hygCtx._hyg.2._boxed took 67.7ms
interpretation of _private.Aesop.Frontend.Attribute.0.Aesop.Frontend.initFn._@.Aesop.Frontend.Attribute.2269118540._hygCtx._hyg.2 took 0.624ms
interpretation of _private.Aesop.Frontend.Attribute.0.Aesop.Frontend.initFn._@.Aesop.Frontend.Attribute.2269118540._hygCtx._hyg.2._boxed took 26.8ms
interpretation of coeNotation took 4.25ms
interpretation of coeFunNotation took 0.706ms
interpretation of coeSortNotation took 0.633ms
interpretation of Lean.Parser.Syntax.addPrec took 2.95ms
interpretation of Lean.Parser.Syntax.subPrec took 0.68ms
interpretation of Lean.Parser.Syntax.addPrio took 0.468ms
interpretation of Lean.Parser.Syntax.subPrio took 0.778ms
interpretation of precMax took 1.3ms
interpretation of precArg took 0.451ms
interpretation of precLead took 0.449ms
interpretation of prec(_) took 0.4ms
interpretation of precMin took 0.411ms
interpretation of precMin1 took 0.57ms
interpretation of termMax_prec took 0.737ms
interpretation of prioDefault took 0.488ms
interpretation of prioLow took 0.479ms
interpretation of prioMid took 0.425ms
interpretation of prioHigh took 0.465ms
interpretation of prio(_) took 0.504ms
interpretation of stx_+ took 0.403ms
interpretation of stx_* took 0.416ms
interpretation of stx_? took 0.394ms
interpretation of stx_<|>_ took 0.4ms
interpretation of stx_,* took 0.609ms
interpretation of stx_,+ took 0.453ms
interpretation of stx_,*,? took 0.393ms
interpretation of stx_,+,? took 0.576ms
interpretation of stx!_ took 0.541ms
interpretation of rawNatLit took 0.574ms
interpretation of term_∘_ took 0.473ms
interpretation of term_×_ took 0.361ms
interpretation of term_×'_ took 0.429ms
interpretation of term_∣_ took 0.402ms
interpretation of term_|||_ took 0.512ms
interpretation of term_^^^_ took 0.555ms
interpretation of term_&&&_ took 0.53ms
interpretation of term_+_ took 0.53ms
interpretation of term_-_ took 0.444ms
interpretation of term_*_ took 0.452ms
interpretation of term_/_ took 0.535ms
interpretation of term_%_ took 0.354ms
interpretation of term_<<<_ took 0.357ms
interpretation of term_>>>_ took 0.37ms
interpretation of term_^_ took 0.343ms
interpretation of term_++_ took 0.362ms
interpretation of term-_ took 0.354ms
interpretation of term~~~_ took 0.363ms
interpretation of term_⁻¹ took 0.36ms
interpretation of term_•_ took 0.363ms
interpretation of term_>=_ took 0.345ms
interpretation of term_<=_ took 0.339ms
interpretation of term_≤_ took 0.366ms
interpretation of term_<_ took 0.369ms
interpretation of term_≥_ took 0.349ms
interpretation of term_>_ took 0.359ms
interpretation of term_=_ took 0.366ms
interpretation of term_==_ took 0.37ms
interpretation of term_≍_ took 0.357ms
interpretation of term_∧_ took 0.363ms
interpretation of term_∨_ took 0.597ms
interpretation of term¬_ took 0.706ms
interpretation of term_&&_ took 0.444ms
interpretation of term_||_ took 0.432ms
interpretation of term!_ took 0.43ms
interpretation of term_∈_ took 0.403ms
interpretation of term_∉_ took 0.477ms
interpretation of term_::_ took 0.421ms
interpretation of term_<$>_ took 0.413ms
interpretation of term_>>=_ took 0.376ms
interpretation of term_<|>_ took 0.389ms
interpretation of term_>>_ took 0.37ms
interpretation of term_<*>_ took 0.534ms
interpretation of term_<*_ took 0.705ms
interpretation of term_*>_ took 0.493ms
interpretation of termDepIfThenElse took 0.463ms
interpretation of termIfThenElse took 0.608ms
interpretation of termIfLet took 0.59ms
interpretation of boolIfThenElse took 0.6ms
interpretation of term_<|_ took 0.581ms
interpretation of term_|>_ took 0.623ms
interpretation of term_$__ took 0.596ms
interpretation of term{_:_//_} took 0.559ms
interpretation of termWithout_expected_type_ took 0.589ms
interpretation of Lean.byElab took 3.57ms
interpretation of Lean.rawStx.quot took 0.491ms
interpretation of Lean.withAnnotateTerm took 1.7ms
interpretation of Lean.modCast took 2.67ms
interpretation of Lean.deprecated took 0.671ms
interpretation of Lean.deprecated_arg took 0.572ms
interpretation of Lean.suggest_for took 1.95ms
interpretation of Lean.univ_out_params took 1.44ms
interpretation of Lean.Attr.coe took 1.31ms
interpretation of Lean.command_code_action took 0.446ms
interpretation of Lean.builtin_command_code_action took 0.601ms
interpretation of Lean.includeStr took 2.13ms
interpretation of Lean.runCmd took 0.727ms
interpretation of Lean.runElab took 0.36ms
interpretation of Lean.runMeta took 0.352ms
interpretation of Lean.reduceCmd took 0.373ms
interpretation of Lean.guardMsgsCmd took 0.38ms
interpretation of Lean.guardPanicCmd took 0.345ms
interpretation of Lean.infoTreesCmd took 0.343ms
interpretation of Lean.setLibrarySuggestionsCmd took 0.423ms
interpretation of Lean.Parser.checkTactic took 0.359ms
interpretation of Lean.Parser.checkTacticFailure took 0.364ms
interpretation of Lean.Parser.checkSimp took 0.335ms
interpretation of Lean.Parser.checkSimpFailure took 0.428ms
interpretation of Lean.Parser.timeCmd took 0.353ms
interpretation of Lean.Parser.discrTreeKeyCmd took 0.389ms
interpretation of Lean.Parser.discrTreeSimpKeyCmd took 0.468ms
interpretation of Lean.Parser.commandSeal__ took 0.797ms
interpretation of Lean.Parser.commandUnseal__ took 0.702ms
interpretation of Lean.Parser.Tactic.as_aux_lemma took 0.853ms
interpretation of Lean.Parser.Tactic.withAnnotateState took 0.75ms
interpretation of Lean.Parser.Tactic.intro took 0.845ms
interpretation of Lean.Parser.Tactic.intros took 0.607ms
interpretation of Lean.Parser.Tactic.rename took 0.452ms
interpretation of Lean.Parser.Tactic.revert took 0.379ms
interpretation of Lean.Parser.Tactic.clear took 0.345ms
interpretation of Lean.Parser.Tactic.clearValue took 0.388ms
interpretation of Lean.Parser.Tactic.subst took 0.344ms
interpretation of Lean.Parser.Tactic.substVars took 0.372ms
interpretation of Lean.Parser.Tactic.assumption took 0.335ms
interpretation of Lean.Parser.Tactic.contradiction took 0.551ms
interpretation of Lean.Parser.Tactic.falseOrByContra took 0.625ms
interpretation of Lean.Parser.Tactic.apply took 0.549ms
interpretation of Lean.Parser.Tactic.exact took 0.499ms
interpretation of Lean.Parser.Tactic.refine took 0.422ms
interpretation of Lean.Parser.Tactic.refine' took 0.365ms
interpretation of Lean.Parser.Tactic.tacticExfalso took 0.388ms
interpretation of Lean.Parser.Tactic.constructor took 0.426ms
interpretation of Lean.Parser.Tactic.left took 0.387ms
interpretation of Lean.Parser.Tactic.right took 0.543ms
interpretation of Lean.Parser.Tactic.case took 0.611ms
interpretation of Lean.Parser.Tactic.case' took 0.726ms
interpretation of Lean.Parser.Tactic.tacticNext_=>_ took 0.666ms
interpretation of Lean.Parser.Tactic.allGoals took 0.615ms
interpretation of Lean.Parser.Tactic.anyGoals took 0.637ms
interpretation of Lean.Parser.Tactic.focus took 0.631ms
interpretation of Lean.Parser.Tactic.skip took 0.601ms
interpretation of Lean.Parser.Tactic.done took 0.509ms
interpretation of Lean.Parser.Tactic.traceState took 0.54ms
interpretation of Lean.Parser.Tactic.traceMessage took 0.434ms
interpretation of Lean.Parser.Tactic.failIfSuccess took 0.629ms
interpretation of Lean.Parser.Tactic.paren took 0.592ms
interpretation of Lean.Parser.Tactic.withReducible took 0.672ms
interpretation of Lean.Parser.Tactic.withReducibleAndInstances took 0.637ms
interpretation of Lean.Parser.Tactic.withImplicit took 0.67ms
interpretation of Lean.Parser.Tactic.withUnfoldingAll took 0.635ms
interpretation of Lean.Parser.Tactic.withUnfoldingNone took 0.369ms
interpretation of Lean.Parser.Tactic.first took 0.676ms
interpretation of Lean.Parser.Tactic.rotateLeft took 0.48ms
interpretation of Lean.Parser.Tactic.rotateRight took 0.676ms
interpretation of Lean.Parser.Tactic.tacticTry_ took 0.624ms
interpretation of Lean.Parser.Tactic.tactic_<;>_ took 0.399ms
interpretation of Lean.Parser.Tactic.fail took 0.381ms
interpretation of Lean.Parser.Tactic.eqRefl took 0.443ms
interpretation of Lean.Parser.Tactic.tacticRfl took 0.37ms
interpretation of Lean.Parser.Tactic.applyRfl took 0.384ms
interpretation of Lean.Parser.Tactic.tacticRfl' took 0.36ms
interpretation of Lean.Parser.Tactic.acRfl took 0.351ms
interpretation of Lean.Parser.Tactic.tacticSorry took 0.378ms
interpretation of Lean.Parser.Tactic.tacticAdmit took 0.36ms
interpretation of Lean.Parser.Tactic.tacticInfer_instance took 0.402ms
interpretation of Lean.Parser.Tactic.change took 0.35ms
interpretation of Lean.Parser.Tactic.show took 0.374ms
interpretation of Lean.Parser.Tactic.extractLets took 0.385ms
interpretation of Lean.Parser.Tactic.liftLets took 0.458ms
interpretation of Lean.Parser.Tactic.letToHave took 0.606ms
interpretation of Lean.Parser.Tactic.rewriteSeq took 0.721ms
interpretation of Lean.Parser.Tactic.rwSeq took 1.02ms
interpretation of Lean.Parser.Tactic.tacticRwa__ took 0.59ms
interpretation of Lean.Parser.Tactic.injection took 0.578ms
interpretation of Lean.Parser.Tactic.injections took 0.383ms
interpretation of Lean.Parser.Tactic.simp took 0.645ms
interpretation of Lean.Parser.Tactic.simpAll took 0.519ms
interpretation of Lean.Parser.Tactic.dsimp took 0.393ms
interpretation of Lean.Parser.Tactic.simpTrace took 0.355ms
interpretation of Lean.Parser.Tactic.tacticSimp?!_ took 0.864ms
interpretation of Lean.Parser.Tactic.simpAllTrace took 0.806ms
interpretation of Lean.Parser.Tactic.tacticSimp_all?!_ took 0.556ms
interpretation of Lean.Parser.Tactic.dsimpTrace took 0.478ms
interpretation of Lean.Parser.Tactic.tacticDsimp?!_ took 0.394ms
interpretation of Lean.Parser.Tactic.simpa took 0.431ms
interpretation of Lean.Parser.Tactic.simpaUsingBang took 0.364ms
interpretation of Lean.Parser.Tactic.tacticSimpa!_ took 0.576ms
interpretation of Lean.Parser.Tactic.tacticSimpa?_ took 0.471ms
interpretation of Lean.Parser.Tactic.tacticSimpa?!_ took 0.496ms
interpretation of Lean.Parser.Tactic.tacticSimpa!__1 took 0.472ms
interpretation of Lean.Parser.Tactic.tacticSimpa?__1 took 0.698ms
interpretation of Lean.Parser.Tactic.tacticSimpa?!__1 took 0.693ms
interpretation of Lean.Parser.Tactic.delta took 0.431ms
interpretation of Lean.Parser.Tactic.unfold took 0.469ms
interpretation of Lean.Parser.Tactic.tacticRefine_lift_ took 0.559ms
interpretation of Lean.Parser.Tactic.tacticHave__ took 0.708ms
interpretation of Lean.Parser.Tactic.tacticSuffices_ took 0.584ms
interpretation of Lean.Parser.Tactic.tacticLet__ took 0.754ms
interpretation of Lean.Parser.Tactic.letrec took 0.426ms
interpretation of Lean.Parser.Tactic.tacticRefine_lift'_ took 0.363ms
interpretation of Lean.Parser.Tactic.tacticHave' took 0.364ms
interpretation of Lean.Parser.Tactic.tacticLet'__ took 0.373ms
interpretation of Lean.Parser.Tactic.induction took 0.382ms
interpretation of Lean.Parser.Tactic.generalize took 0.409ms
interpretation of Lean.Parser.Tactic.cases took 0.357ms
interpretation of Lean.Parser.Tactic.funInduction took 0.38ms
interpretation of Lean.Parser.Tactic.funCases took 0.386ms
interpretation of Lean.Parser.Tactic.renameI took 0.363ms
interpretation of Lean.Parser.Tactic.tacticRepeat_ took 0.347ms
interpretation of Lean.Parser.Tactic.repeat' took 0.351ms
interpretation of Lean.Parser.Tactic.repeat1' took 0.372ms
interpretation of Lean.Parser.Tactic.tacticTrivial took 0.344ms
interpretation of Lean.Parser.Tactic.classical took 0.39ms
interpretation of Lean.Parser.Tactic.impossible took 0.348ms
interpretation of Lean.Parser.Tactic.split took 0.358ms
interpretation of Lean.Parser.Tactic.dbgTrace took 0.359ms
interpretation of Lean.Parser.Tactic.tacticStop_ took 0.37ms
interpretation of Lean.Parser.Tactic.tacticUnhygienic_ took 0.348ms
interpretation of Lean.Parser.Tactic.sleep took 0.355ms
interpretation of Lean.Parser.Tactic.tacticExists_,, took 0.335ms
interpretation of Lean.Parser.Tactic.congr took 0.329ms
interpretation of Lean.Parser.Tactic.tacIfThenElse took 0.346ms
interpretation of Lean.Parser.Tactic.tacDepIfThenElse took 0.359ms
interpretation of Lean.Parser.Tactic.tacticNofun took 0.372ms
interpretation of Lean.Parser.Tactic.tacticNomatch_,, took 0.368ms
interpretation of Lean.Parser.Tactic.replace took 0.375ms
interpretation of Lean.Parser.Tactic.specialize took 0.417ms
interpretation of Lean.Parser.Tactic.tacticAnd_intros took 0.37ms
interpretation of Lean.Parser.Tactic.substEqs took 0.337ms
interpretation of Lean.Parser.Tactic.runTac took 0.333ms
interpretation of Lean.Parser.Tactic.tacticHaveI__ took 0.354ms
interpretation of Lean.Parser.Tactic.tacticLetI__ took 0.377ms
interpretation of Lean.Parser.Tactic.decide took 0.374ms
interpretation of Lean.Parser.Tactic.nativeDecide took 0.42ms
interpretation of Lean.Parser.Tactic.omega took 0.391ms
interpretation of Lean.Parser.Tactic.tacticBv_omega took 0.387ms
interpretation of Lean.Parser.Tactic.acNf0 took 0.61ms
interpretation of Lean.Parser.Tactic.normCast0 took 0.565ms
interpretation of Lean.Parser.Tactic.tacticAssumption_mod_cast_ took 0.638ms
interpretation of Lean.Parser.Tactic.tacticNorm_cast__ took 0.789ms
interpretation of Lean.Parser.Tactic.pushCast took 0.841ms
interpretation of Lean.Parser.Tactic.normCastAddElim took 0.785ms
interpretation of Lean.Parser.Tactic.tacticAc_nf_ took 0.57ms
interpretation of Lean.Parser.Tactic.symm took 0.381ms
interpretation of Lean.Parser.Tactic.symmSaturate took 0.409ms
interpretation of Lean.Parser.Tactic.solveByElim took 0.363ms
interpretation of Lean.Parser.Tactic.applyAssumption took 0.624ms
interpretation of Lean.Parser.Tactic.applyRules took 0.698ms
interpretation of Lean.Parser.Tactic.exact? took 0.573ms
interpretation of Lean.Parser.Tactic.apply? took 0.584ms
interpretation of Lean.Parser.Tactic.rewrites? took 0.492ms
interpretation of Lean.Parser.Tactic.showTerm took 0.428ms
interpretation of Lean.Parser.Tactic.showTermElab took 0.435ms
interpretation of Lean.Parser.Tactic.by? took 0.509ms
interpretation of Lean.Parser.Tactic.exposeNames took 0.497ms
interpretation of Lean.Parser.Tactic.suggestions took 0.358ms
interpretation of Lean.Parser.Tactic.bvCheck took 0.388ms
interpretation of Lean.Parser.Tactic.bvDecide took 0.377ms
interpretation of Lean.Parser.Tactic.bvTrace took 0.395ms
interpretation of Lean.Parser.Tactic.bvNormalize took 0.464ms
interpretation of Lean.Parser.Tactic.massumptionMacro took 0.453ms
interpretation of Lean.Parser.Tactic.mclearMacro took 0.384ms
interpretation of Lean.Parser.Tactic.mconstructorMacro took 0.396ms
interpretation of Lean.Parser.Tactic.mexactMacro took 0.39ms
interpretation of Lean.Parser.Tactic.mexfalsoMacro took 0.403ms
interpretation of Lean.Parser.Tactic.mexistsMacro took 0.369ms
interpretation of Lean.Parser.Tactic.mframeMacro took 0.37ms
interpretation of Lean.Parser.Tactic.mhaveMacro took 0.349ms
interpretation of Lean.Parser.Tactic.mreplaceMacro took 0.37ms
interpretation of Lean.Parser.Tactic.mleftMacro took 0.37ms
interpretation of Lean.Parser.Tactic.mrightMacro took 0.346ms
interpretation of Lean.Parser.Tactic.mpureMacro took 0.33ms
interpretation of Lean.Parser.Tactic.mpureIntroMacro took 0.405ms
interpretation of Lean.Parser.Tactic.mrevertMacro took 0.43ms
interpretation of Lean.Parser.Tactic.mrenameIMacro took 0.342ms
interpretation of Lean.Parser.Tactic.mspecializeMacro took 0.354ms
interpretation of Lean.Parser.Tactic.mspecializePureMacro took 0.382ms
interpretation of Lean.Parser.Tactic.mstartMacro took 0.538ms
interpretation of Lean.Parser.Tactic.mstopMacro took 0.465ms
interpretation of Lean.Parser.Tactic.mleaveMacro took 0.549ms
interpretation of Lean.Parser.Tactic.mcasesMacro took 0.48ms
interpretation of Lean.Parser.Tactic.mrefineMacro took 0.58ms
interpretation of Lean.Parser.Tactic.mintroMacro took 0.618ms
interpretation of Lean.Parser.Tactic.mspecMacro took 0.461ms
interpretation of Lean.Parser.Tactic.mvcgenMacro took 0.444ms
interpretation of Lean.Parser.Tactic.vcgenMacro took 0.382ms
interpretation of Lean.Parser.Tactic.cbv took 0.362ms
interpretation of Lean.Parser.Tactic.decide_cbv took 0.592ms
interpretation of Lean.Parser.Attr.simp took 0.678ms
interpretation of Lean.Parser.Attr.wf_preprocess took 0.653ms
interpretation of Lean.Parser.Attr.method_specs_simp took 0.623ms
interpretation of Lean.Parser.Attr.cbv_eval took 0.403ms
interpretation of Lean.Parser.Attr.norm_cast took 0.38ms
interpretation of term‹_› took 0.379ms
interpretation of tacticGet_elem_tactic_extensible took 0.387ms
interpretation of tacticGet_elem_tactic_trivial took 0.374ms
interpretation of tacticGet_elem_tactic took 0.348ms
interpretation of Lean.Parser.Syntax.exact? took 0.364ms
interpretation of term_<->_ took 0.658ms
interpretation of term_↔_ took 0.663ms
interpretation of term_⊕_ took 0.657ms
interpretation of term_⊕'_ took 0.578ms
interpretation of term_≈_ took 0.38ms
interpretation of term_⊆_ took 0.34ms
interpretation of term_⊂_ took 0.323ms
interpretation of term_⊇_ took 0.323ms
interpretation of term_⊃_ took 0.321ms
interpretation of term_∪_ took 0.322ms
interpretation of term_∩_ took 0.32ms
interpretation of term_\_ took 0.318ms
interpretation of term{} took 0.368ms
interpretation of term∅ took 0.381ms
interpretation of term_!=_ took 0.422ms
interpretation of term_≠_ took 0.33ms
interpretation of term_<&>_ took 0.398ms
interpretation of term_<||>_ took 0.692ms
interpretation of term_<&&>_ took 0.585ms
interpretation of term_>=>_ took 0.599ms
interpretation of term_<=<_ took 0.609ms
interpretation of term_=<<_ took 0.386ms
interpretation of Lean.Parser.resetGrindAttrs took 0.436ms
interpretation of Lean.Parser.Attr.grind took 0.445ms
interpretation of Lean.Parser.Attr.grind! took 0.497ms
interpretation of Lean.Parser.Attr.grind? took 0.342ms
interpretation of Lean.Parser.Attr.grind!? took 0.65ms
interpretation of Lean.Parser.Attr.lia took 0.413ms
interpretation of Lean.Parser.Attr.lia! took 0.565ms
interpretation of Lean.Parser.Attr.lia? took 0.452ms
interpretation of Lean.Parser.Attr.lia!? took 0.351ms
interpretation of Lean.Parser.Tactic.Grind.grind_filter.quot took 0.653ms
interpretation of Lean.Parser.Tactic.Grind.grind_filter_ took 0.373ms
interpretation of Lean.Parser.Tactic.Grind.grind_filterGen<_ took 0.398ms
interpretation of Lean.Parser.Tactic.Grind.grind_filterGen=_ took 0.472ms
interpretation of Lean.Parser.Tactic.Grind.grind_filterGen!=_ took 0.366ms
interpretation of Lean.Parser.Tactic.Grind.grind_filterGen≤_ took 0.403ms
interpretation of Lean.Parser.Tactic.Grind.grind_filterGen<=_ took 0.396ms
interpretation of Lean.Parser.Tactic.Grind.grind_filterGen>_ took 0.383ms
interpretation of Lean.Parser.Tactic.Grind.grind_filterGen≥_ took 0.38ms
interpretation of Lean.Parser.Tactic.Grind.grind_filterGen>=_ took 0.406ms
interpretation of Lean.Parser.Tactic.Grind.grind_filter(_) took 0.447ms
interpretation of Lean.Parser.Tactic.Grind.grind_filter_&&_ took 0.372ms
interpretation of Lean.Parser.Tactic.Grind.grind_filter_||_ took 0.371ms
interpretation of Lean.Parser.Tactic.Grind.grind_filter!_ took 0.367ms
interpretation of Lean.Parser.Tactic.Grind.grind.quot took 0.342ms
interpretation of Lean.Parser.Tactic.Grind.paren took 0.375ms
interpretation of Lean.Parser.Tactic.Grind.skip took 0.355ms
interpretation of Lean.Parser.Tactic.Grind.lia took 0.322ms
interpretation of Lean.Parser.Tactic.Grind.ring took 0.323ms
interpretation of Lean.Parser.Tactic.Grind.ac took 0.318ms
interpretation of Lean.Parser.Tactic.Grind.linarith took 0.328ms
interpretation of Lean.Parser.Tactic.Grind.sorry took 0.322ms
interpretation of Lean.Parser.Tactic.Grind.instantiate took 0.331ms
interpretation of Lean.Parser.Tactic.Grind.use took 0.589ms
interpretation of Lean.Parser.Tactic.Grind.showAsserted took 0.601ms
interpretation of Lean.Parser.Tactic.Grind.showTrue took 0.452ms
interpretation of Lean.Parser.Tactic.Grind.showFalse took 0.404ms
interpretation of Lean.Parser.Tactic.Grind.showEqcs took 0.494ms
interpretation of Lean.Parser.Tactic.Grind.showCases took 0.721ms
interpretation of Lean.Parser.Tactic.Grind.showState took 0.532ms
interpretation of Lean.Parser.Tactic.Grind.showLocalThms took 0.634ms
interpretation of Lean.Parser.Tactic.Grind.showTerm took 0.371ms
interpretation of Lean.Parser.Tactic.Grind.showGoals took 0.44ms
interpretation of Lean.Parser.Tactic.Grind.grind_ref.quot took 0.421ms
interpretation of Lean.Parser.Tactic.Grind.grind_ref_ took 0.582ms
interpretation of Lean.Parser.Tactic.Grind.grind_ref__/__ took 0.625ms
interpretation of Lean.Parser.Tactic.Grind.grind_ref__1 took 0.714ms
interpretation of Lean.Parser.Tactic.Grind.cases took 0.759ms
interpretation of Lean.Parser.Tactic.Grind.casesTrace took 0.683ms
interpretation of Lean.Parser.Tactic.Grind.casesNext took 0.465ms
interpretation of Lean.Parser.Tactic.Grind.done took 0.411ms
interpretation of Lean.Parser.Tactic.Grind.finish took 0.586ms
interpretation of Lean.Parser.Tactic.Grind.finishTrace took 0.48ms
interpretation of Lean.Parser.Tactic.Grind.have took 0.761ms
interpretation of Lean.Parser.Tactic.Grind.nestedTacticCore took 0.69ms
interpretation of Lean.Parser.Tactic.Grind.allGoals took 0.5ms
interpretation of Lean.Parser.Tactic.Grind.focus took 0.358ms
interpretation of Lean.Parser.Tactic.Grind.next took 0.355ms
interpretation of Lean.Parser.Tactic.Grind.grind·_ took 0.464ms
interpretation of Lean.Parser.Tactic.Grind.case took 0.357ms
interpretation of Lean.Parser.Tactic.Grind.anyGoals took 0.411ms
interpretation of Lean.Parser.Tactic.Grind.withAnnotateState took 0.4ms
interpretation of Lean.Parser.Tactic.Grind.grind_<;>_ took 0.543ms
interpretation of Lean.Parser.Tactic.Grind.first took 0.358ms
interpretation of Lean.Parser.Tactic.Grind.grindTry_ took 0.398ms
interpretation of Lean.Parser.Tactic.Grind.failIfSuccess took 0.356ms
interpretation of Lean.Parser.Tactic.Grind.grindAdmit took 0.378ms
interpretation of Lean.Parser.Tactic.Grind.fail took 0.355ms
interpretation of Lean.Parser.Tactic.Grind.grindRepeat_ took 0.358ms
interpretation of Lean.Parser.Tactic.Grind.renameI took 0.347ms
interpretation of Lean.Parser.Tactic.Grind.exposeNames took 0.385ms
interpretation of Lean.Parser.Tactic.Grind.setOption took 0.407ms
interpretation of Lean.Parser.Tactic.Grind.setConfig took 0.385ms
interpretation of Lean.Parser.Tactic.Grind.haveSilent took 0.343ms
interpretation of Lean.Parser.Tactic.Grind.mbtc took 0.325ms
interpretation of Lean.Parser.Tactic.Grind.symIntro took 0.331ms
interpretation of Lean.Parser.Tactic.Grind.symIntroLight took 0.339ms
interpretation of Lean.Parser.Tactic.Grind.symIntros took 0.354ms
interpretation of Lean.Parser.Tactic.Grind.symIntrosLight took 0.352ms
interpretation of Lean.Parser.Tactic.Grind.symApply took 0.351ms
interpretation of Lean.Parser.Tactic.Grind.symInternalize took 0.353ms
interpretation of Lean.Parser.Tactic.Grind.symInternalizeAll took 0.351ms
interpretation of Lean.Parser.Tactic.Grind.symByContra took 0.342ms
interpretation of Lean.Parser.Tactic.Grind.symSimp took 0.345ms
interpretation of Lean.Parser.Tactic.Grind.symDSimp took 0.342ms
interpretation of Lean.Parser.Tactic.Grind.symRw took 0.334ms
interpretation of Lean.Parser.Tactic.Grind.grindExact_ took 0.348ms
interpretation of Lean.Parser.Tactic.Grind.symCbv took 0.506ms
interpretation of Lean.Parser.Tactic.Grind.bvNormalize took 0.53ms
interpretation of Lean.Parser.Tactic.Grind.bvDecide took 0.474ms
interpretation of Lean.Parser.Tactic.Grind.bvTrace took 0.419ms
interpretation of Lean.Parser.Tactic.Grind.bvCheck took 0.358ms
interpretation of Lean.Parser.Tactic.grind took 0.429ms
interpretation of Lean.Parser.Tactic.grindTrace took 0.403ms
interpretation of Lean.Parser.Tactic.sym took 0.408ms
interpretation of Lean.Parser.Tactic.cutsat took 0.357ms
interpretation of Lean.Parser.Tactic.lia took 0.367ms
interpretation of Lean.Parser.Tactic.grind_order took 0.375ms
interpretation of Lean.Parser.Tactic.grind_linarith took 0.361ms
interpretation of Lean.Parser.Tactic.grobner took 0.364ms
interpretation of Int.term-[_+1] took 0.807ms
interpretation of term[_] took 0.356ms
interpretation of term%[_|_] took 0.345ms
interpretation of List.term_<+_ took 2.39ms
interpretation of List.term_<+:_ took 0.464ms
interpretation of List.term_<:+_ took 0.532ms
interpretation of List.term_<:+:_ took 0.465ms
interpretation of List.term_~_ took 0.505ms
interpretation of tacticSimp_wf took 0.525ms
interpretation of tacticClean_wf took 0.366ms
interpretation of tacticDecreasing_trivial took 0.376ms
interpretation of tacticDecreasing_trivial_pre_omega took 0.346ms
interpretation of tacticDecreasing_with_ took 0.522ms
interpretation of tacticDecreasing_tactic took 0.578ms
interpretation of term__[_] took 0.904ms
interpretation of term__[_]'_ took 0.476ms
interpretation of term__[_]_? took 0.403ms
interpretation of term__[_]_! took 0.36ms
interpretation of term#[_,] took 0.333ms
interpretation of Lean.termEval_prec_ took 0.383ms
interpretation of Lean.termEval_prio_ took 0.354ms
interpretation of Lean.Parser.Tactic.tacticErw___ took 0.408ms
interpretation of Lean.Parser.Tactic.declareSimpLikeTactic took 0.434ms
interpretation of Lean.Parser.Tactic.simpAutoUnfold took 0.404ms
interpretation of Lean.Parser.Tactic.simpArith took 0.405ms
interpretation of Lean.Parser.Tactic.simpArithBang took 0.363ms
interpretation of Lean.Parser.Tactic.simpAllAutoUnfold took 0.395ms
interpretation of Lean.Parser.Tactic.simpAllArith took 0.365ms
interpretation of Lean.Parser.Tactic.simpAllArithBang took 0.37ms
interpretation of Lean.Parser.Tactic.dsimpAutoUnfold took 0.347ms
interpretation of Lean.Parser.Tactic.tacticIterate____ took 0.597ms
interpretation of Lean.Parser.Tactic.tacticRw_mod_cast___ took 0.604ms
interpretation of Lean.Parser.Tactic.tacticExact_mod_cast_ took 0.56ms
interpretation of Lean.Parser.Tactic.tacticApply_mod_cast_ took 0.545ms
interpretation of tacticBy_cases_:_ took 0.385ms
interpretation of Lean.Parser.Tactic.rcasesPat.quot took 0.36ms
interpretation of Lean.Parser.Tactic.rcasesPat.one took 0.327ms
interpretation of Lean.Parser.Tactic.rcasesPat.ignore took 0.311ms
interpretation of Lean.Parser.Tactic.rcasesPat.clear took 0.319ms
interpretation of Lean.Parser.Tactic.rcasesPat.explicit took 0.341ms
interpretation of Lean.Parser.Tactic.rcasesPat.tuple took 0.312ms
interpretation of Lean.Parser.Tactic.rcasesPat.paren took 0.307ms
interpretation of Lean.Parser.Tactic.rintroPat.quot took 0.309ms
interpretation of Lean.Parser.Tactic.rintroPat.one took 0.31ms
interpretation of Lean.Parser.Tactic.rintroPat.binder took 0.328ms
interpretation of Lean.Parser.Tactic.rcases took 0.308ms
interpretation of Lean.Parser.Tactic.obtain took 0.307ms
interpretation of Lean.Parser.Tactic.rintro took 0.308ms
interpretation of Lean.Parser.Tactic.Conv.conv.quot took 0.47ms
interpretation of Lean.Parser.Tactic.Conv.withAnnotateState took 0.372ms
interpretation of Lean.Parser.Tactic.Conv.skip took 0.32ms
interpretation of Lean.Parser.Tactic.Conv.cbv took 0.296ms
interpretation of Lean.Parser.Tactic.Conv.lhs took 0.306ms
interpretation of Lean.Parser.Tactic.Conv.rhs took 0.308ms
interpretation of Lean.Parser.Tactic.Conv.fun took 0.294ms
interpretation of Lean.Parser.Tactic.Conv.whnf took 0.298ms
interpretation of Lean.Parser.Tactic.Conv.zeta took 0.299ms
interpretation of Lean.Parser.Tactic.Conv.reduce took 0.299ms
interpretation of Lean.Parser.Tactic.Conv.congr took 0.309ms
interpretation of Lean.Parser.Tactic.Conv.arg took 0.308ms
interpretation of Lean.Parser.Tactic.Conv.ext took 0.449ms
interpretation of Lean.Parser.Tactic.Conv.change took 0.499ms
interpretation of Lean.Parser.Tactic.Conv.delta took 0.441ms
interpretation of Lean.Parser.Tactic.Conv.unfold took 0.362ms
interpretation of Lean.Parser.Tactic.Conv.pattern took 0.321ms
interpretation of Lean.Parser.Tactic.Conv.rewrite took 0.296ms
interpretation of Lean.Parser.Tactic.Conv.simp took 0.359ms
interpretation of Lean.Parser.Tactic.Conv.simpTrace took 0.549ms
interpretation of Lean.Parser.Tactic.Conv.dsimp took 0.627ms
interpretation of Lean.Parser.Tactic.Conv.dsimpTrace took 0.714ms
interpretation of Lean.Parser.Tactic.Conv.simpMatch took 0.736ms
interpretation of Lean.Parser.Tactic.Conv.clear took 0.629ms
interpretation of Lean.Parser.Tactic.Conv.nestedTacticCore took 0.611ms
interpretation of Lean.Parser.Tactic.Conv.nestedTactic took 0.619ms
interpretation of Lean.Parser.Tactic.Conv.convTactic took 0.644ms
interpretation of Lean.Parser.Tactic.Conv.nestedConv took 0.423ms
interpretation of Lean.Parser.Tactic.Conv.paren took 0.348ms
interpretation of Lean.Parser.Tactic.Conv.convRfl took 0.606ms
interpretation of Lean.Parser.Tactic.Conv.convDone took 0.576ms
interpretation of Lean.Parser.Tactic.Conv.convTrace_state took 0.427ms
interpretation of Lean.Parser.Tactic.Conv.allGoals took 0.561ms
interpretation of Lean.Parser.Tactic.Conv.anyGoals took 0.438ms
interpretation of Lean.Parser.Tactic.Conv.case took 0.369ms
interpretation of Lean.Parser.Tactic.Conv.case' took 0.57ms
interpretation of Lean.Parser.Tactic.Conv.convNext__=>_ took 0.405ms
interpretation of Lean.Parser.Tactic.Conv.focus took 0.376ms
interpretation of Lean.Parser.Tactic.Conv.convConvSeq took 0.468ms
interpretation of Lean.Parser.Tactic.Conv.conv·_ took 0.388ms
interpretation of Lean.Parser.Tactic.Conv.failIfSuccess took 0.458ms
interpretation of Lean.Parser.Tactic.Conv.convRw__ took 0.406ms
interpretation of Lean.Parser.Tactic.Conv.convErw__ took 0.373ms
interpretation of Lean.Parser.Tactic.Conv.convArgs took 0.396ms
interpretation of Lean.Parser.Tactic.Conv.convLeft took 0.42ms
interpretation of Lean.Parser.Tactic.Conv.convRight took 0.362ms
interpretation of Lean.Parser.Tactic.Conv.convIntro___ took 0.368ms
interpretation of Lean.Parser.Tactic.Conv.enter took 0.554ms
interpretation of Lean.Parser.Tactic.Conv.convApply_ took 0.578ms
interpretation of Lean.Parser.Tactic.Conv.first took 0.425ms
interpretation of Lean.Parser.Tactic.Conv.convTry_ took 0.378ms
interpretation of Lean.Parser.Tactic.Conv.conv_<;>_ took 0.425ms
interpretation of Lean.Parser.Tactic.Conv.convRepeat_ took 0.373ms
interpretation of Lean.Parser.Tactic.Conv.extractLets took 0.427ms
interpretation of Lean.Parser.Tactic.Conv.liftLets took 0.381ms
interpretation of Lean.Parser.Tactic.Conv.letToHave took 0.407ms
interpretation of Lean.Parser.Tactic.Conv.conv took 0.409ms
interpretation of Lean.Parser.Tactic.Conv.normCast took 0.388ms
interpretation of Lean.command__Unif_hint____Where_|_-⊢__ took 0.781ms
interpretation of term∃_,_ took 0.633ms
interpretation of termExists_,_ took 0.677ms
interpretation of termΣ_,_ took 0.629ms
interpretation of termΣ'_,_ took 0.438ms
interpretation of term_×__1 took 0.401ms
interpretation of term_×'__1 took 0.442ms
interpretation of Lean.calc took 0.472ms
interpretation of Lean.calcTactic took 0.569ms
interpretation of Lean.convCalc_ took 0.55ms
interpretation of tacticFunext___ took 0.597ms
interpretation of Lean.Parser.Command.classAbbrev took 1.22ms
interpretation of Lean.cdot took 0.405ms
interpretation of Lean.solveTactic took 0.369ms
interpretation of Lean.term_Matches_| took 0.399ms
interpretation of term{_} took 0.342ms
interpretation of Lean.Parser.Attr.ext took 0.514ms
interpretation of Lean.Elab.Tactic.Ext.ext took 2.91ms
interpretation of Lean.Elab.Tactic.Ext.applyExtTheorem took 0.62ms
interpretation of Lean.Elab.Tactic.Ext.tacticExt1___ took 0.439ms
interpretation of Lean.binderPred.quot took 0.424ms
interpretation of Lean.termSatisfies_binder_pred%__ took 0.434ms
interpretation of Lean.term∃__,_ took 0.735ms
interpretation of Lean.term∀__,_ took 0.576ms
interpretation of Lean.binderPred>_ took 0.679ms
interpretation of Lean.binderPred≥_ took 0.72ms
interpretation of Lean.binderPred<_ took 0.554ms
interpretation of Lean.binderPred≤_ took 0.62ms
interpretation of Lean.binderPred≠_ took 0.37ms
interpretation of Lean.binderPred∈_ took 0.406ms
interpretation of Lean.binderPred∉_ took 0.409ms
interpretation of Lean.binderPred⊆_ took 0.392ms
interpretation of Lean.binderPred⊂_ took 0.368ms
interpretation of Lean.binderPred⊇_ took 0.423ms
interpretation of Lean.binderPred⊃_ took 0.367ms
interpretation of Bool.term_^^_ took 1.63ms
interpretation of List.tacticSizeOf_list_dec took 0.45ms
interpretation of BitVec.term__#__ took 0.374ms
interpretation of BitVec.term__#'__ took 0.394ms
interpretation of Std.term_...* took 3.86ms
interpretation of Std.term*...* took 0.504ms
interpretation of Std.term_<...* took 0.397ms
interpretation of Std.term_...<_ took 0.38ms
interpretation of Std.term_..._ took 0.366ms
interpretation of Std.term*...<_ took 0.458ms
interpretation of Std.term*..._ took 0.369ms
interpretation of Std.term_<...<_ took 0.363ms
interpretation of Std.term_<..._ took 0.381ms
interpretation of Std.term_...=_ took 0.462ms
interpretation of Std.term*...=_ took 0.442ms
interpretation of Std.term_<...=_ took 0.471ms
interpretation of Vector.term#v[_,] took 2.58ms
interpretation of Std.Legacy.Range.term[:_] took 1.32ms
interpretation of Std.Legacy.Range.term[_:_] took 0.423ms
interpretation of Std.Legacy.Range.term[:_:_] took 0.407ms
interpretation of Std.Legacy.Range.term[_:_:_] took 0.377ms
interpretation of Array.term__[_:_] took 0.965ms
interpretation of Array.term__[_:] took 0.642ms
interpretation of Array.term__[:_] took 0.425ms
interpretation of String.Internal.tacticOrder took 0.392ms
interpretation of Array.tacticArray_get_dec took 0.401ms
interpretation of Array.tacticArray_mem_dec took 0.379ms
interpretation of Array.term_~_ took 0.406ms
interpretation of commandDeclare_uint_theorems__ took 0.481ms
interpretation of commandDeclare_bitwise_uint_theorems__ took 0.801ms
interpretation of commandDeclare_int_theorems__ took 0.674ms
interpretation of commandDeclare_bitwise_int_theorems__ took 1.47ms
interpretation of termPrintln!__ took 0.862ms
interpretation of termS!_ took 0.619ms
interpretation of Std.termF!_ took 0.764ms
interpretation of Vector.term_~_ took 0.706ms
interpretation of Rat.term_/._ took 3.15ms
interpretation of Lean.Parser.command_Grind_propagator___(_):=_ took 0.582ms
interpretation of Lean.Parser.command_Builtin_grind_propagator____:=_ took 0.463ms
interpretation of Lean.Parser.grindPropagatorBuiltinAttr took 0.407ms
interpretation of DerivingHelpers.tacticDeriving_ReflEq_tactic took 0.402ms
interpretation of tacticDeriving_LawfulEq_tactic_step took 0.449ms
interpretation of tacticDeriving_LawfulEq_tactic took 0.394ms
interpretation of Lean.Parser.Command.grindAnnotated took 0.378ms
interpretation of Lean.Grind.grindLintCheck took 2.33ms
interpretation of Lean.Grind.grindLintInspect took 0.412ms
interpretation of Lean.Grind.grindLintMute took 0.343ms
interpretation of Lean.Grind.grindLintSkip took 0.353ms
interpretation of Lean.Parser.Tactic.guardExpr took 0.664ms
interpretation of Lean.Parser.Tactic.guardExprConv took 0.359ms
interpretation of Lean.Parser.Tactic.guardTarget took 0.347ms
interpretation of Lean.Parser.Tactic.guardTargetConv took 0.362ms
interpretation of Lean.Parser.Tactic.guardHyp took 0.391ms
interpretation of Lean.Parser.Tactic.guardHypConv took 0.365ms
interpretation of Lean.Parser.Command.guardExprCmd took 0.374ms
interpretation of Lean.Parser.Command.guardCmd took 0.358ms
interpretation of Lean.Parser.command__Simproc__[_]_(_):=_ took 0.468ms
interpretation of Lean.Parser.command__Dsimproc__[_]_(_):=_ took 0.438ms
interpretation of Lean.Parser.command_Simproc_decl_(_):=_ took 0.513ms
interpretation of Lean.Parser.command_Dsimproc_decl_(_):=_ took 0.435ms
interpretation of Lean.Parser.command__Builtin_simproc__[_]_(_):=_ took 0.539ms
interpretation of Lean.Parser.command__Builtin_dsimproc__[_]_(_):=_ took 0.651ms
interpretation of Lean.Parser.command_Builtin_simproc_decl_(_):=_ took 0.842ms
interpretation of Lean.Parser.command_Builtin_dsimproc_decl_(_):=_ took 1.06ms
interpretation of Lean.Parser.simprocPattern took 0.646ms
interpretation of Lean.Parser.simprocPatternBuiltin took 0.632ms
interpretation of Lean.Parser.Attr.simprocAttr took 0.667ms
interpretation of Lean.Parser.Attr.sevalprocAttr took 0.639ms
interpretation of Lean.Parser.Attr.simprocBuiltinAttr took 0.601ms
interpretation of Lean.Parser.Attr.sevalprocBuiltinAttr took 0.692ms
interpretation of Lean.Parser.command__Cbv_simproc____(_):=_ took 0.809ms
interpretation of Lean.Parser.command_Cbv_simproc_decl_(_):=_ took 0.672ms
interpretation of Lean.Parser.command__Builtin_cbv_simproc____(_):=_ took 0.744ms
interpretation of Lean.Parser.command_Builtin_cbv_simproc_decl_(_):=_ took 0.532ms
interpretation of Lean.Parser.cbvSimprocPattern took 0.403ms
interpretation of Lean.Parser.cbvSimprocPatternBuiltin took 0.418ms
interpretation of Lean.Parser.Attr.cbvSimprocAttr took 0.361ms
interpretation of Lean.Parser.Attr.cbvSimprocBuiltinAttr took 0.456ms
interpretation of Lean.termMacro.trace[_]_ took 0.388ms
interpretation of Lean.Parser.Sym.Simp.sym_simproc.quot took 0.803ms
interpretation of Lean.Parser.Sym.Simp.sym_discharger.quot took 0.399ms
interpretation of Lean.Parser.Sym.Simp.ground took 0.386ms
interpretation of Lean.Parser.Sym.Simp.telescope took 0.367ms
interpretation of Lean.Parser.Sym.Simp.control took 0.371ms
interpretation of Lean.Parser.Sym.Simp.arrowTelescope took 0.388ms
interpretation of Lean.Parser.Sym.Simp.rewriteSet took 0.394ms
interpretation of Lean.Parser.Sym.Simp.rewriteInline took 0.388ms
interpretation of Lean.Parser.Sym.Simp.self took 0.373ms
interpretation of Lean.Parser.Sym.Simp.none took 0.571ms
interpretation of Lean.Parser.Sym.Simp.andThen took 0.373ms
interpretation of Lean.Parser.Sym.Simp.orElse took 0.37ms
interpretation of Lean.Parser.Sym.Simp.simprocParen took 0.436ms
interpretation of Lean.Parser.Sym.Simp.dischSelf took 0.555ms
interpretation of Lean.Parser.Sym.Simp.dischNone took 0.494ms
interpretation of Lean.Parser.Sym.Simp.dischParen took 0.391ms
interpretation of Lean.Parser.Sym.Simp.dischGrind took 0.369ms
interpretation of Lean.Parser.Command.sym_simp_field.quot took 0.376ms
interpretation of Lean.Parser.Command.symSimpFieldPre took 0.382ms
interpretation of Lean.Parser.Command.symSimpFieldPost took 0.41ms
interpretation of Lean.Parser.Command.symSimpFieldMaxSteps took 0.399ms
interpretation of Lean.Parser.Command.symSimpFieldMaxDischargeDepth took 0.448ms
interpretation of Lean.Parser.Command.registerSymSimp took 0.402ms
interpretation of Lean.Parser.Sym.DSimp.sym_dsimproc.quot took 0.533ms
interpretation of Lean.Parser.Sym.DSimp.none took 0.499ms
interpretation of Lean.Parser.Sym.DSimp.ground took 0.409ms
interpretation of Lean.Parser.Sym.DSimp.beta took 0.585ms
interpretation of Lean.Parser.Sym.DSimp.zeta took 0.421ms
interpretation of Lean.Parser.Sym.DSimp.zetaDelta took 0.449ms
interpretation of Lean.Parser.Sym.DSimp.proj took 0.471ms
interpretation of Lean.Parser.Sym.DSimp.reduceMatch took 0.476ms
interpretation of Lean.Parser.Sym.DSimp.andThen took 0.416ms
interpretation of Lean.Parser.Sym.DSimp.orElse took 0.464ms
interpretation of Lean.Parser.Sym.DSimp.dsimprocParen took 0.434ms
interpretation of Lean.Parser.Command.sym_dsimp_field.quot took 0.453ms
interpretation of Lean.Parser.Command.symDSimpFieldPre took 0.464ms
interpretation of Lean.Parser.Command.symDSimpFieldPost took 0.505ms
interpretation of Lean.Parser.Command.symDSimpFieldMaxSteps took 0.453ms
interpretation of Lean.Parser.Command.registerSymDSimp took 0.44ms
interpretation of Lean.Order.term_⊑_ took 0.734ms
interpretation of Lean.Order.term⊥ took 0.598ms
interpretation of Lean.Order.monotonicity took 0.553ms
interpretation of Lean.Parser.Tactic.tryTrace took 0.402ms
interpretation of Lean.Parser.Tactic.tryTraceWith took 0.402ms
interpretation of Lean.Parser.Tactic.attemptAll took 0.366ms
interpretation of Lean.Parser.Tactic.attemptAllPar took 0.397ms
interpretation of Lean.Parser.Tactic.firstPar took 0.376ms
interpretation of Lean.Parser.Tactic.tryResult took 0.361ms
interpretation of Lean.Parser.Command.registerTryTactic took 0.397ms
interpretation of tactic∎ took 0.349ms
interpretation of term∎ took 0.363ms
interpretation of Std.DHashMap.Raw.term_~m_ took 2.52ms
interpretation of Std.DHashMap.term_~m_ took 1.79ms
interpretation of Std.HashMap.term_~m_ took 0.721ms
interpretation of Std.HashSet.term_~m_ took 1.19ms
interpretation of Std.DTreeMap.Internal.Impl.tacticTree_tac took 0.779ms
interpretation of Std.DTreeMap.Internal.Impl.term✓ took 0.902ms
interpretation of Std.DTreeMap.Internal.Impl.term_~m_ took 0.471ms
interpretation of Std.DTreeMap.term_~m_ took 1.94ms
interpretation of Std.TreeMap.term_~m_ took 1.49ms
interpretation of Std.TreeSet.term_~m_ took 0.567ms
interpretation of Std.HashMap.Raw.term_~m_ took 0.486ms
interpretation of Lean.Option.registerBuiltinOption took 1.41ms
interpretation of Lean.Option.registerOption took 0.678ms
interpretation of Std.DTreeMap.Raw.term_~m_ took 0.85ms
interpretation of Std.TreeMap.Raw.term_~m_ took 0.376ms
interpretation of Lean.termM!_ took 0.407ms
interpretation of Lean.termThrowError__ took 0.344ms
interpretation of Lean.termThrowErrorAt____ took 0.345ms
interpretation of Lean.doElemTrace[_]__ took 0.376ms
interpretation of Lean.termRegister_parser_alias(Kind:=_)______ took 0.509ms
interpretation of Lean.Doc.Syntax.arg_val.quot took 1.12ms
interpretation of Lean.Doc.Syntax.arg_str took 0.38ms
interpretation of Lean.Doc.Syntax.arg_ident took 0.371ms
interpretation of Lean.Doc.Syntax.arg_num took 0.364ms
interpretation of Lean.Doc.Syntax.doc_arg.quot took 0.356ms
interpretation of Lean.Doc.Syntax.anon took 0.387ms
interpretation of Lean.Doc.Syntax.named took 0.396ms
interpretation of Lean.Doc.Syntax.named_no_paren took 0.4ms
interpretation of Lean.Doc.Syntax.flag_on took 0.379ms
interpretation of Lean.Doc.Syntax.flag_off took 0.362ms
interpretation of Lean.Doc.Syntax.link_target.quot took 0.358ms
interpretation of Lean.Doc.Syntax.url took 0.602ms
interpretation of Lean.Doc.Syntax.ref took 0.666ms
interpretation of Lean.Doc.Syntax.inline.quot took 0.713ms
interpretation of Lean.Doc.Syntax.text took 0.489ms
interpretation of Lean.Doc.Syntax.emph took 0.421ms
interpretation of Lean.Doc.Syntax.bold took 0.561ms
interpretation of Lean.Doc.Syntax.link took 0.59ms
interpretation of Lean.Doc.Syntax.image took 0.648ms
interpretation of Lean.Doc.Syntax.footnote took 0.679ms
interpretation of Lean.Doc.Syntax.linebreak took 0.593ms
interpretation of Lean.Doc.Syntax.code took 0.578ms
interpretation of Lean.Doc.Syntax.role took 0.56ms
interpretation of Lean.Doc.Syntax.inline_math took 0.606ms
interpretation of Lean.Doc.Syntax.display_math took 0.591ms
interpretation of Lean.Doc.Syntax.block.quot took 0.371ms
interpretation of Lean.Doc.Syntax.list_item.quot took 0.374ms
interpretation of Lean.Doc.Syntax.li took 0.371ms
interpretation of Lean.Doc.Syntax.desc_item.quot took 0.372ms
interpretation of Lean.Doc.Syntax.desc took 0.379ms
interpretation of Lean.Doc.Syntax.para took 0.438ms
interpretation of Lean.Doc.Syntax.ul took 0.395ms
interpretation of Lean.Doc.Syntax.dl took 0.38ms
interpretation of Lean.Doc.Syntax.ol took 0.406ms
interpretation of Lean.Doc.Syntax.codeblock took 0.397ms
interpretation of Lean.Doc.Syntax.blockquote took 0.536ms
interpretation of Lean.Doc.Syntax.link_ref took 0.399ms
interpretation of Lean.Doc.Syntax.footnote_ref took 0.389ms
interpretation of Lean.Doc.Syntax.directive took 0.361ms
interpretation of Lean.Doc.Syntax.header took 0.381ms
interpretation of Lean.Doc.Syntax.metadata_block took 0.461ms
interpretation of Lean.Doc.Syntax.metadataContents took 0.639ms
interpretation of Lean.Doc.Syntax.command took 0.621ms
interpretation of Lean.Parser.Term.InternalSyntax.doSkip took 0.504ms
interpretation of Lean.Parser.Command.InternalSyntax.end_local_scope took 0.516ms
interpretation of Lean.Json.json.quot took 1.37ms
interpretation of Lean.Json.jsonNull took 0.396ms
interpretation of Lean.Json.jsonTrue took 0.343ms
interpretation of Lean.Json.jsonFalse took 0.384ms
interpretation of Lean.Json.json_ took 0.392ms
interpretation of Lean.Json.json-_ took 0.387ms
interpretation of Lean.Json.json-__1 took 0.384ms
interpretation of Lean.Json.json[_] took 0.357ms
interpretation of Lean.Json.json{_} took 0.407ms
interpretation of Lean.Json.termJson%_ took 0.371ms
interpretation of Lean.PrettyPrinter.Delaborator.attrApp_delab_ took 0.705ms
interpretation of Aesop.doElemAesop_trace![_]__ took 21.3ms
interpretation of Aesop.doElemAesop_trace[_]__ took 6.42ms
interpretation of Aesop.Frontend.Parser.Aesop.priority.quot took 14.4ms
interpretation of Aesop.Frontend.Parser.priority_% took 10.8ms
interpretation of Aesop.Frontend.Parser.priority-_ took 8.87ms
interpretation of Aesop.Frontend.Parser.Aesop.phase.quot took 10.2ms
interpretation of Aesop.Frontend.Parser.phaseSafe took 4ms
interpretation of Aesop.Frontend.Parser.phaseNorm took 3.9ms
interpretation of Aesop.Frontend.Parser.phaseUnsafe took 4.74ms
interpretation of Aesop.Frontend.Parser.Aesop.builder_name.quot took 12.7ms
interpretation of Aesop.Frontend.Parser.builder_nameApply took 4.73ms
interpretation of Aesop.Frontend.Parser.builder_nameSimp took 4.47ms
interpretation of Aesop.Frontend.Parser.builder_nameUnfold took 4.3ms
interpretation of Aesop.Frontend.Parser.builder_nameTactic took 4.42ms
interpretation of Aesop.Frontend.Parser.builder_nameConstructors took 4.98ms
interpretation of Aesop.Frontend.Parser.builder_nameForward took 4.23ms
interpretation of Aesop.Frontend.Parser.builder_nameDestruct took 4.18ms
interpretation of Aesop.Frontend.Parser.builder_nameCases took 5.97ms
interpretation of Aesop.Frontend.Parser.builder_nameDefault took 5.42ms
interpretation of Aesop.Frontend.Parser.Aesop.indexing_mode.quot took 7.3ms
interpretation of Aesop.Frontend.Parser.indexing_modeTarget_ took 7.67ms
interpretation of Aesop.Frontend.Parser.indexing_modeHyp_ took 4.62ms
interpretation of Aesop.Frontend.Parser.indexing_modeUnindexed took 5.07ms
interpretation of Aesop.Frontend.Parser.Aesop.builder_option.quot took 10ms
interpretation of Aesop.Frontend.Parser.builder_option(Immediate:=[_]) took 26.4ms
interpretation of Aesop.Frontend.Parser.builder_option(Index:=[_]) took 9.1ms
interpretation of Aesop.Frontend.Parser.builder_option(Pattern:=_) took 8.37ms
interpretation of Aesop.Frontend.Parser.builder_option(Cases_patterns:=[_]) took 11.4ms
interpretation of Aesop.Frontend.Parser.builder_option(Transparency:=_) took 26.4ms
interpretation of Aesop.Frontend.Parser.builder_option(Transparency!:=_) took 10.9ms
interpretation of Aesop.Frontend.Parser.Aesop.feature.quot took 8.44ms
interpretation of Aesop.Frontend.Parser.feature_ took 2.43ms
interpretation of Aesop.Frontend.Parser.feature__1 took 2.39ms
interpretation of Aesop.Frontend.Parser.feature__2 took 2.66ms
interpretation of Aesop.Frontend.Parser.feature__3 took 2.97ms
interpretation of Aesop.Frontend.Parser.feature__4 took 13.3ms
interpretation of Aesop.Frontend.Parser.featIdent took 4.14ms
interpretation of Aesop.Frontend.Parser.feature(_) took 4.51ms
interpretation of Aesop.Frontend.Parser.Aesop.rule_expr.quot took 9.55ms
interpretation of Aesop.Frontend.Parser.rule_expr_ took 2.78ms
interpretation of Aesop.Frontend.Parser.rule_expr___ took 6.47ms
interpretation of Aesop.Frontend.Parser.rule_expr_[_] took 9.18ms
interpretation of Aesop.Frontend.Parser.Aesop.attr_rules.quot took 19.4ms
interpretation of Aesop.Frontend.Parser.attr_rules_ took 5.11ms
interpretation of Aesop.Frontend.Parser.attr_rules[_] took 9.8ms
interpretation of Aesop.Frontend.Parser.aesop took 4.32ms
interpretation of _aux_Init_Notation___unexpand_Function_comp_1 took 2.89ms
interpretation of _aux_Init_Notation___unexpand_Prod_1 took 0.432ms
interpretation of _aux_Init_Notation___unexpand_PProd_1 took 0.108ms
interpretation of _aux_Init_Notation___unexpand_Dvd_dvd_1 took 0.099ms
interpretation of _aux_Init_Notation___unexpand_HOr_hOr_1 took 0.0895ms
interpretation of _aux_Init_Notation___unexpand_HXor_hXor_1 took 0.09ms
interpretation of _aux_Init_Notation___unexpand_HAnd_hAnd_1 took 0.0942ms
interpretation of _aux_Init_Notation___unexpand_HAdd_hAdd_1 took 0.0894ms
interpretation of _aux_Init_Notation___unexpand_HSub_hSub_1 took 0.102ms
interpretation of _aux_Init_Notation___unexpand_HMul_hMul_1 took 0.12ms
interpretation of _aux_Init_Notation___unexpand_HDiv_hDiv_1 took 0.13ms
interpretation of _aux_Init_Notation___unexpand_HMod_hMod_1 took 0.134ms
interpretation of _aux_Init_Notation___unexpand_HShiftLeft_hShiftLeft_1 took 0.157ms
interpretation of _aux_Init_Notation___unexpand_HShiftRight_hShiftRight_1 took 0.142ms
interpretation of _aux_Init_Notation___unexpand_HPow_hPow_1 took 0.0959ms
interpretation of _aux_Init_Notation___unexpand_HAppend_hAppend_1 took 0.0857ms
interpretation of _aux_Init_Notation___unexpand_Neg_neg_1 took 0.0962ms
interpretation of _aux_Init_Notation___unexpand_Complement_complement_1 took 0.0949ms
interpretation of _aux_Init_Notation___unexpand_Inv_inv_1 took 0.0865ms
interpretation of _aux_Init_Notation___unexpand_HSMul_hSMul_1 took 0.0926ms
interpretation of _aux_Init_Notation___unexpand_GE_ge_1 took 0.103ms
interpretation of _aux_Init_Notation___unexpand_LE_le_1 took 0.0997ms
interpretation of _aux_Init_Notation___unexpand_LE_le_2 took 0.0873ms
interpretation of _aux_Init_Notation___unexpand_LT_lt_1 took 0.0994ms
interpretation of _aux_Init_Notation___unexpand_GE_ge_2 took 0.0968ms
interpretation of _aux_Init_Notation___unexpand_GT_gt_1 took 0.0951ms
interpretation of _aux_Init_Notation___unexpand_Eq_1 took 0.0869ms
interpretation of _aux_Init_Notation___unexpand_BEq_beq_1 took 0.0871ms
interpretation of _aux_Init_Notation___unexpand_HEq_1 took 0.0784ms
interpretation of _aux_Init_Notation___unexpand_And_1 took 0.1ms
interpretation of _aux_Init_Notation___unexpand_Or_1 took 0.134ms
interpretation of _aux_Init_Notation___unexpand_Not_1 took 0.129ms
interpretation of _aux_Init_Notation___unexpand_Bool_and_1 took 0.146ms
interpretation of _aux_Init_Notation___unexpand_Bool_or_1 took 0.147ms
interpretation of _aux_Init_Notation___unexpand_Bool_not_1 took 0.144ms
interpretation of _aux_Init_Notation___unexpand_Membership_mem_1 took 0.139ms
interpretation of _aux_Init_Notation___unexpand_List_cons_1 took 0.156ms
interpretation of _aux_Init_Notation___unexpand_Functor_map_1 took 0.139ms
interpretation of _aux_Init_Notation___unexpand_Bind_bind_1 took 0.131ms
interpretation of _aux_Init_Core___unexpand_Iff_1 took 1.33ms
interpretation of _aux_Init_Core___unexpand_Iff_2 took 0.254ms
interpretation of _aux_Init_Core___unexpand_Sum_1 took 0.143ms
interpretation of _aux_Init_Core___unexpand_PSum_1 took 0.12ms
interpretation of _aux_Init_Core___unexpand_HasEquiv_Equiv_1 took 0.133ms
interpretation of _aux_Init_Core___unexpand_HasSubset_Subset_1 took 0.172ms
interpretation of _aux_Init_Core___unexpand_HasSSubset_SSubset_1 took 0.125ms
interpretation of _aux_Init_Core___unexpand_Superset_1 took 0.117ms
interpretation of _aux_Init_Core___unexpand_SSuperset_1 took 0.143ms
interpretation of _aux_Init_Core___unexpand_Union_union_1 took 0.141ms
interpretation of _aux_Init_Core___unexpand_Inter_inter_1 took 0.126ms
interpretation of _aux_Init_Core___unexpand_SDiff_sdiff_1 took 0.108ms
interpretation of _aux_Init_Core___unexpand_EmptyCollection_emptyCollection_1 took 0.147ms
interpretation of _aux_Init_Core___unexpand_EmptyCollection_emptyCollection_2 took 0.183ms
interpretation of _aux_Init_Core___unexpand_bne_1 took 0.131ms
interpretation of _aux_Init_Core___unexpand_Ne_1 took 0.124ms
interpretation of _aux_Init_Control_Basic___unexpand_Functor_mapRev_1 took 0.169ms
interpretation of _aux_Init_Control_Basic___unexpand_orM_1 took 0.131ms
interpretation of _aux_Init_Control_Basic___unexpand_andM_1 took 0.147ms
interpretation of _aux_Init_Control_Basic___unexpand_Bind_kleisliRight_1 took 0.144ms
interpretation of _aux_Init_Control_Basic___unexpand_Bind_kleisliLeft_1 took 0.132ms
interpretation of _aux_Init_Control_Basic___unexpand_Bind_bindLeft_1 took 0.137ms
interpretation of Int._aux_Init_Data_Int_Basic___unexpand_Int_negSucc_1 took 0.19ms
interpretation of List._aux_Init_Data_List_Basic___unexpand_List_Sublist_1 took 0.231ms
interpretation of List._aux_Init_Data_List_Basic___unexpand_List_IsPrefix_1 took 0.14ms
interpretation of List._aux_Init_Data_List_Basic___unexpand_List_IsSuffix_1 took 0.153ms
interpretation of List._aux_Init_Data_List_Basic___unexpand_List_IsInfix_1 took 0.142ms
interpretation of List._aux_Init_Data_List_Basic___unexpand_List_Perm_1 took 0.128ms
interpretation of unexpandUnit took 0.163ms
interpretation of unexpandListNil took 0.111ms
interpretation of unexpandListCons took 0.134ms
interpretation of unexpandListToArray took 0.13ms
interpretation of unexpandProdMk took 0.162ms
interpretation of unexpandIte took 0.123ms
interpretation of unexpandEqNDRec took 0.131ms
interpretation of unexpandEqRec took 0.13ms
interpretation of unexpandExists took 0.133ms
interpretation of unexpandSigma took 0.115ms
interpretation of unexpandPSigma took 0.136ms
interpretation of unexpandSubtype took 0.114ms
interpretation of unexpandTSyntax took 0.119ms
interpretation of unexpandTSyntaxArray took 0.125ms
interpretation of unexpandTSepArray took 0.126ms
interpretation of unexpandGetElem took 0.158ms
interpretation of unexpandGetElem! took 0.121ms
interpretation of unexpandGetElem? took 0.112ms
interpretation of unexpandArrayEmpty took 0.135ms
interpretation of unexpandMkArray0 took 0.127ms
interpretation of unexpandMkArray1 took 0.107ms
interpretation of unexpandMkArray2 took 0.0885ms
interpretation of unexpandMkArray3 took 0.0854ms
interpretation of unexpandMkArray4 took 0.081ms
interpretation of unexpandMkArray5 took 0.0892ms
interpretation of unexpandMkArray6 took 0.0834ms
interpretation of unexpandMkArray7 took 0.0718ms
interpretation of unexpandMkArray8 took 0.0762ms
interpretation of Lean.singletonUnexpander took 0.0843ms
interpretation of Lean.insertUnexpander took 0.0801ms
interpretation of Bool._aux_Init_Data_Bool___unexpand_Bool_xor_1 took 0.105ms
interpretation of BitVec.unexpandBitVecOfNat took 0.0742ms
interpretation of BitVec.unexpandBitVecOfNatLt took 0.0877ms
interpretation of Vector.unexpandMk took 0.129ms
interpretation of Lean.Grind.toIntUnexpander took 0.0952ms
interpretation of Array._aux_Init_Data_Array_Perm___unexpand_Array_Perm_1 took 0.457ms
interpretation of Vector._aux_Init_Data_Vector_Perm___unexpand_Vector_Perm_1 took 0.154ms
interpretation of Rat._aux_Init_Data_Rat_Basic___unexpand_Rat_divInt_1 took 0.148ms
interpretation of Lean.Grind.nestedProofUnexpander took 0.17ms
interpretation of Lean.Grind.matchCondUnexpander took 0.142ms
interpretation of Lean.Grind.eqMatchUnexpander took 0.144ms
interpretation of Lean.Grind.offsetUnexpander took 0.129ms
interpretation of Lean.Grind.natCastUnexpander took 0.132ms
interpretation of Lean.Grind.markerUnexpander took 0.122ms
interpretation of Lean.Grind.nodeDefUnexpander took 0.153ms
interpretation of Lean.Grind.NodeDefUnexpander took 0.113ms
interpretation of Lean.Grind.CommRing.OfCommSemiring.toQUnexpander took 0.0943ms
interpretation of Lean.Grind.leftInvUnexpander took 0.0895ms
interpretation of Lean.Order._aux_Init_Internal_Order_Basic___unexpand_Lean_Order_PartialOrder_rel_1 took 0.101ms
interpretation of Lean.Order._aux_Init_Internal_Order_Basic___unexpand_Lean_Order_bot_1 took 0.0936ms
interpretation of Lean.Try.markerUnexpander took 1.59ms
interpretation of Std.DHashMap.Raw._aux_Std_Data_DHashMap_Raw___unexpand_Std_DHashMap_Raw_Equiv_1 took 0.128ms
interpretation of Std.DHashMap._aux_Std_Data_DHashMap_Basic___unexpand_Std_DHashMap_Equiv_1 took 0.128ms
interpretation of Std.HashMap._aux_Std_Data_HashMap_Basic___unexpand_Std_HashMap_Equiv_1 took 0.0984ms
interpretation of Std.HashSet._aux_Std_Data_HashSet_Basic___unexpand_Std_HashSet_Equiv_1 took 0.381ms
interpretation of Std.DTreeMap.Internal.Impl._aux_Std_Data_DTreeMap_Internal_Queries___unexpand_Std_DTreeMap_Internal_Impl_Equiv_1 took 0.91ms
interpretation of Std.DTreeMap._aux_Std_Data_DTreeMap_Basic___unexpand_Std_DTreeMap_Equiv_1 took 0.18ms
interpretation of Std.TreeMap._aux_Std_Data_TreeMap_Basic___unexpand_Std_TreeMap_Equiv_1 took 0.131ms
interpretation of Std.TreeSet._aux_Std_Data_TreeSet_Basic___unexpand_Std_TreeSet_Equiv_1 took 0.131ms
interpretation of Std.HashMap.Raw._aux_Std_Data_HashMap_Raw___unexpand_Std_HashMap_Raw_Equiv_1 took 0.124ms
interpretation of Std.DTreeMap.Raw._aux_Std_Data_DTreeMap_Raw_Basic___unexpand_Std_DTreeMap_Raw_Equiv_1 took 0.138ms
interpretation of Std.TreeMap.Raw._aux_Std_Data_TreeMap_Raw_Basic___unexpand_Std_TreeMap_Raw_Equiv_1 took 0.594ms
interpretation of _aux_Init_Notation___macroRules_precMax_1 took 0.258ms
interpretation of _aux_Init_Notation___macroRules_precArg_1 took 0.184ms
interpretation of _aux_Init_Notation___macroRules_precLead_1 took 0.156ms
interpretation of _aux_Init_Notation___macroRules_prec(_)_1 took 0.165ms
interpretation of _aux_Init_Notation___macroRules_precMin_1 took 0.11ms
interpretation of _aux_Init_Notation___macroRules_precMin1_1 took 0.205ms
interpretation of _aux_Init_Notation___macroRules_termMax_prec_1 took 0.159ms
interpretation of _aux_Init_Notation___macroRules_prioDefault_1 took 0.11ms
interpretation of _aux_Init_Notation___macroRules_prioLow_1 took 0.0993ms
interpretation of _aux_Init_Notation___macroRules_prioMid_1 took 0.129ms
interpretation of _aux_Init_Notation___macroRules_prioHigh_1 took 0.156ms
interpretation of _aux_Init_Notation___macroRules_prio(_)_1 took 0.164ms
interpretation of _aux_Init_Notation___macroRules_stx_+_1 took 0.449ms
interpretation of _aux_Init_Notation___macroRules_stx_*_1 took 0.154ms
interpretation of _aux_Init_Notation___macroRules_stx_?_1 took 0.132ms
interpretation of _aux_Init_Notation___macroRules_stx_<|>__1 took 0.16ms
interpretation of _aux_Init_Notation___macroRules_stx_,*_1 took 0.131ms
interpretation of _aux_Init_Notation___macroRules_stx_,+_1 took 0.104ms
interpretation of _aux_Init_Notation___macroRules_stx_,*,?_1 took 0.132ms
interpretation of _aux_Init_Notation___macroRules_stx_,+,?_1 took 0.128ms
interpretation of _aux_Init_Notation___macroRules_stx!__1 took 0.659ms
interpretation of _aux_Init_Notation___macroRules_term_∘__1 took 0.162ms
interpretation of _aux_Init_Notation___macroRules_term_×__1 took 0.155ms
interpretation of _aux_Init_Notation___macroRules_term_×'__1 took 0.183ms
interpretation of _aux_Init_Notation___macroRules_term_∣__1 took 0.173ms
interpretation of _aux_Init_Notation___macroRules_term_|||__1 took 0.164ms
interpretation of _aux_Init_Notation___macroRules_term_^^^__1 took 0.177ms
interpretation of _aux_Init_Notation___macroRules_term_&&&__1 took 0.147ms
interpretation of _aux_Init_Notation___macroRules_term_+__1 took 0.143ms
interpretation of _aux_Init_Notation___macroRules_term_-__1 took 0.187ms
interpretation of _aux_Init_Notation___macroRules_term_*__1 took 0.147ms
interpretation of _aux_Init_Notation___macroRules_term_/__1 took 0.166ms
interpretation of _aux_Init_Notation___macroRules_term_%__1 took 0.144ms
interpretation of _aux_Init_Notation___macroRules_term_<<<__1 took 0.149ms
interpretation of _aux_Init_Notation___macroRules_term_>>>__1 took 0.192ms
interpretation of _aux_Init_Notation___macroRules_term_^__1 took 0.204ms
interpretation of _aux_Init_Notation___macroRules_term_++__1 took 0.156ms
interpretation of _aux_Init_Notation___macroRules_term-__1 took 0.171ms
interpretation of _aux_Init_Notation___macroRules_term~~~__1 took 0.147ms
interpretation of _aux_Init_Notation___macroRules_term_⁻¹_1 took 0.136ms
interpretation of _aux_Init_Notation___macroRules_term_•__1 took 0.146ms
interpretation of _aux_Init_Notation___macroRules_term_|||__2 took 0.109ms
interpretation of _aux_Init_Notation___macroRules_term_^^^__2 took 0.143ms
interpretation of _aux_Init_Notation___macroRules_term_&&&__2 took 0.114ms
interpretation of _aux_Init_Notation___macroRules_term_+__2 took 0.125ms
interpretation of _aux_Init_Notation___macroRules_term_-__2 took 0.101ms
interpretation of _aux_Init_Notation___macroRules_term_*__2 took 0.133ms
interpretation of _aux_Init_Notation___macroRules_term_/__2 took 0.141ms
interpretation of _aux_Init_Notation___macroRules_term_%__2 took 0.161ms
interpretation of _aux_Init_Notation___macroRules_term_^__2 took 0.13ms
interpretation of _aux_Init_Notation___macroRules_term_++__2 took 0.131ms
interpretation of _aux_Init_Notation___macroRules_term-__2 took 0.0905ms
interpretation of _aux_Init_Notation___macroRules_term_•__2 took 0.0939ms
interpretation of _aux_Init_Notation___macroRules_term_>=__1 took 0.132ms
interpretation of _aux_Init_Notation___macroRules_term_<=__1 took 0.107ms
interpretation of _aux_Init_Notation___macroRules_term_>=__2 took 0.105ms
interpretation of _aux_Init_Notation___macroRules_term_<=__2 took 0.105ms
interpretation of _aux_Init_Notation___macroRules_term_≤__1 took 0.094ms
interpretation of _aux_Init_Notation___macroRules_term_<__1 took 0.106ms
interpretation of _aux_Init_Notation___macroRules_term_≥__1 took 0.0918ms
interpretation of _aux_Init_Notation___macroRules_term_>__1 took 0.0945ms
interpretation of _aux_Init_Notation___macroRules_term_=__1 took 0.115ms
interpretation of _aux_Init_Notation___macroRules_term_==__1 took 0.0931ms
interpretation of _aux_Init_Notation___macroRules_term_≍__1 took 0.106ms
interpretation of _aux_Init_Notation___macroRules_term_≤__2 took 0.107ms
interpretation of _aux_Init_Notation___macroRules_term_<__2 took 0.111ms
interpretation of _aux_Init_Notation___macroRules_term_>__2 took 0.107ms
interpretation of _aux_Init_Notation___macroRules_term_≥__2 took 0.0899ms
interpretation of _aux_Init_Notation___macroRules_term_=__2 took 0.0898ms
interpretation of _aux_Init_Notation___macroRules_term_==__2 took 0.0911ms
interpretation of _aux_Init_Notation___macroRules_term_∧__1 took 0.0884ms
interpretation of _aux_Init_Notation___macroRules_term_∨__1 took 0.138ms
interpretation of _aux_Init_Notation___macroRules_term¬__1 took 0.148ms
interpretation of _aux_Init_Notation___macroRules_term_&&__1 took 0.112ms
interpretation of _aux_Init_Notation___macroRules_term_||__1 took 0.126ms
interpretation of _aux_Init_Notation___macroRules_term!__1 took 0.153ms
interpretation of _aux_Init_Notation___macroRules_term_∈__1 took 0.162ms
interpretation of _aux_Init_Notation___macroRules_term_∉__1 took 0.0904ms
interpretation of _aux_Init_Notation___macroRules_term_::__1 took 0.135ms
interpretation of _aux_Init_Notation___macroRules_term_<$>__1 took 0.108ms
interpretation of _aux_Init_Notation___macroRules_term_>>=__1 took 0.0838ms
interpretation of _aux_Init_Notation___macroRules_term_<|>__1 took 0.0858ms
interpretation of _aux_Init_Notation___macroRules_term_>>__1 took 0.0827ms
interpretation of _aux_Init_Notation___macroRules_term_<*>__1 took 0.154ms
interpretation of _aux_Init_Notation___macroRules_term_<*__1 took 0.154ms
interpretation of _aux_Init_Notation___macroRules_term_*>__1 took 0.126ms
interpretation of _aux_Init_Notation___macroRules_termDepIfThenElse_1 took 0.124ms
interpretation of _aux_Init_Notation___macroRules_termIfThenElse_1 took 0.123ms
interpretation of _aux_Init_Notation___macroRules_termIfLet_1 took 0.0874ms
interpretation of _aux_Init_Notation___macroRules_boolIfThenElse_1 took 0.109ms
interpretation of _aux_Init_Notation___macroRules_term_<|__1 took 0.11ms
interpretation of _aux_Init_Notation___macroRules_term_|>__1 took 0.139ms
interpretation of _aux_Init_Notation___macroRules_term_$___1 took 0.138ms
interpretation of _aux_Init_Notation___macroRules_term{_:_//_}_1 took 0.0896ms
interpretation of _aux_Init_Notation___macroRules_termWithout_expected_type__1 took 0.113ms
interpretation of Lean.Parser._aux_Init_Notation___macroRules_Lean_Parser_commandSeal___1 took 0.186ms
interpretation of Lean.Parser._aux_Init_Notation___macroRules_Lean_Parser_commandUnseal___1 took 0.118ms
interpretation of Lean.Parser.Tactic._aux_Init_Tactics___macroRules_Lean_Parser_Tactic_tacticExfalso_1 took 0.467ms
interpretation of Lean.Parser.Tactic._aux_Init_Tactics___macroRules_Lean_Parser_Tactic_tacticNext_=>__1 took 0.143ms
interpretation of Lean.Parser.Tactic._aux_Init_Tactics___macroRules_Lean_Parser_Tactic_tacticTry__1 took 0.113ms
interpretation of Lean.Parser.Tactic._aux_Init_Tactics___macroRules_Lean_Parser_Tactic_tactic_<;>__1 took 0.121ms
interpretation of Lean.Parser.Tactic._aux_Init_Tactics___macroRules_Lean_Parser_Tactic_tacticRfl_1 took 0.113ms
interpretation of Lean.Parser.Tactic._aux_Init_Tactics___macroRules_Lean_Parser_Tactic_tacticRfl_2 took 0.105ms
interpretation of Lean.Parser.Tactic._aux_Init_Tactics___macroRules_Lean_Parser_Tactic_tacticRfl_3 took 0.0986ms
interpretation of Lean.Parser.Tactic._aux_Init_Tactics___macroRules_Lean_Parser_Tactic_tacticRfl'_1 took 0.106ms
interpretation of Lean.Parser.Tactic._aux_Init_Tactics___macroRules_Lean_Parser_Tactic_tacticSorry_1 took 0.102ms
interpretation of Lean.Parser.Tactic._aux_Init_Tactics___macroRules_Lean_Parser_Tactic_tacticAdmit_1 took 0.109ms
interpretation of Lean.Parser.Tactic._aux_Init_Tactics___macroRules_Lean_Parser_Tactic_tacticInfer_instance_1 took 0.111ms
interpretation of Lean.Parser.Tactic._aux_Init_Tactics___macroRules_Lean_Parser_Tactic_rwSeq_1 took 0.111ms
interpretation of Lean.Parser.Tactic._aux_Init_Tactics___macroRules_Lean_Parser_Tactic_tacticRwa___1 took 0.17ms
interpretation of Lean.Parser.Tactic._aux_Init_Tactics___macroRules_Lean_Parser_Tactic_tacticSimp?!__1 took 0.133ms
interpretation of Lean.Parser.Tactic._aux_Init_Tactics___macroRules_Lean_Parser_Tactic_tacticSimp_all?!__1 took 0.105ms
interpretation of Lean.Parser.Tactic._aux_Init_Tactics___macroRules_Lean_Parser_Tactic_tacticDsimp?!__1 took 0.113ms
interpretation of Lean.Parser.Tactic._aux_Init_Tactics___macroRules_Lean_Parser_Tactic_tacticSimpa!__1 took 0.109ms
interpretation of Lean.Parser.Tactic._aux_Init_Tactics___macroRules_Lean_Parser_Tactic_tacticSimpa?__1 took 0.115ms
interpretation of Lean.Parser.Tactic._aux_Init_Tactics___macroRules_Lean_Parser_Tactic_tacticSimpa?!__1 took 0.129ms
interpretation of Lean.Parser.Tactic._aux_Init_Tactics___macroRules_Lean_Parser_Tactic_tacticSimpa!__1_1 took 0.109ms
interpretation of Lean.Parser.Tactic._aux_Init_Tactics___macroRules_Lean_Parser_Tactic_tacticSimpa?__1_1 took 0.102ms
interpretation of Lean.Parser.Tactic._aux_Init_Tactics___macroRules_Lean_Parser_Tactic_tacticSimpa?!__1_1 took 0.102ms
interpretation of Lean.Parser.Tactic._aux_Init_Tactics___macroRules_Lean_Parser_Tactic_tacticRefine_lift__1 took 0.114ms
interpretation of Lean.Parser.Tactic._aux_Init_Tactics___macroRules_Lean_Parser_Tactic_tacticHave___1 took 0.11ms
interpretation of Lean.Parser.Tactic._aux_Init_Tactics___macroRules_Lean_Parser_Tactic_tacticSuffices__1 took 0.0996ms
interpretation of Lean.Parser.Tactic._aux_Init_Tactics___macroRules_Lean_Parser_Tactic_tacticLet___1 took 0.0993ms
interpretation of Lean.Parser.Tactic._aux_Init_Tactics___macroRules_Lean_Parser_Tactic_letrec_1 took 0.126ms
interpretation of Lean.Parser.Tactic._aux_Init_Tactics___macroRules_Lean_Parser_Tactic_tacticRefine_lift'__1 took 0.11ms
interpretation of Lean.Parser.Tactic._aux_Init_Tactics___macroRules_Lean_Parser_Tactic_tacticHave'_1 took 0.104ms
interpretation of Lean.Parser.Tactic._aux_Init_Tactics___macroRules_Lean_Parser_Tactic_tacticLet'___1 took 0.123ms
interpretation of Lean.Parser.Tactic._aux_Init_Tactics___macroRules_Lean_Parser_Tactic_tacticStop__1 took 0.105ms
interpretation of Lean.Parser.Tactic._aux_Init_Tactics___macroRules_Lean_Parser_Tactic_tacticUnhygienic__1 took 0.102ms
interpretation of Lean.Parser.Tactic._aux_Init_Tactics___macroRules_Lean_Parser_Tactic_tacticExists_,,_1 took 0.101ms
interpretation of Lean.Parser.Tactic._aux_Init_Tactics___macroRules_Lean_Parser_Tactic_tacticNofun_1 took 0.097ms
interpretation of Lean.Parser.Tactic._aux_Init_Tactics___macroRules_Lean_Parser_Tactic_tacticNomatch_,,_1 took 0.11ms
interpretation of Lean.Parser.Tactic._aux_Init_Tactics___macroRules_Lean_Parser_Tactic_tacticAnd_intros_1 took 0.111ms
interpretation of Lean.Parser.Tactic._aux_Init_Tactics___macroRules_Lean_Parser_Tactic_tacticHaveI___1 took 0.102ms
interpretation of Lean.Parser.Tactic._aux_Init_Tactics___macroRules_Lean_Parser_Tactic_tacticLetI___1 took 0.0943ms
interpretation of Lean.Parser.Tactic._aux_Init_Tactics___macroRules_Lean_Parser_Tactic_tacticTrivial_1 took 0.11ms
interpretation of Lean.Parser.Tactic._aux_Init_Tactics___macroRules_Lean_Parser_Tactic_tacticTrivial_2 took 0.109ms
interpretation of Lean.Parser.Tactic._aux_Init_Tactics___macroRules_Lean_Parser_Tactic_tacticTrivial_3 took 0.109ms
interpretation of Lean.Parser.Tactic._aux_Init_Tactics___macroRules_Lean_Parser_Tactic_tacticTrivial_4 took 0.111ms
interpretation of Lean.Parser.Tactic._aux_Init_Tactics___macroRules_Lean_Parser_Tactic_tacticTrivial_5 took 0.104ms
interpretation of Lean.Parser.Tactic._aux_Init_Tactics___macroRules_Lean_Parser_Tactic_tacticTrivial_6 took 0.0919ms
interpretation of Lean.Parser.Tactic._aux_Init_Tactics___macroRules_Lean_Parser_Tactic_tacticBv_omega_1 took 0.0986ms
interpretation of Lean.Parser.Tactic._aux_Init_Tactics___macroRules_Lean_Parser_Tactic_tacticAssumption_mod_cast__1 took 0.108ms
interpretation of Lean.Parser.Tactic._aux_Init_Tactics___macroRules_Lean_Parser_Tactic_tacticNorm_cast___1 took 0.0939ms
interpretation of Lean.Parser.Tactic._aux_Init_Tactics___macroRules_Lean_Parser_Tactic_tacticAc_nf__1 took 0.093ms
interpretation of Lean.Parser.Tactic._aux_Init_Tactics___macroRules_Lean_Parser_Tactic_showTermElab_1 took 0.1ms
interpretation of Lean.Parser.Tactic._aux_Init_Tactics___macroRules_Lean_Parser_Tactic_by?_1 took 0.102ms
interpretation of Lean.Parser.Tactic._aux_Init_Tactics___macroRules_Lean_Parser_Tactic_massumptionMacro_1 took 0.103ms
interpretation of Lean.Parser.Tactic._aux_Init_Tactics___macroRules_Lean_Parser_Tactic_mclearMacro_1 took 0.0965ms
interpretation of Lean.Parser.Tactic._aux_Init_Tactics___macroRules_Lean_Parser_Tactic_mconstructorMacro_1 took 0.102ms
interpretation of Lean.Parser.Tactic._aux_Init_Tactics___macroRules_Lean_Parser_Tactic_mexactMacro_1 took 0.114ms
interpretation of Lean.Parser.Tactic._aux_Init_Tactics___macroRules_Lean_Parser_Tactic_mexfalsoMacro_1 took 0.103ms
interpretation of Lean.Parser.Tactic._aux_Init_Tactics___macroRules_Lean_Parser_Tactic_mexistsMacro_1 took 0.0982ms
interpretation of Lean.Parser.Tactic._aux_Init_Tactics___macroRules_Lean_Parser_Tactic_mframeMacro_1 took 0.106ms
interpretation of Lean.Parser.Tactic._aux_Init_Tactics___macroRules_Lean_Parser_Tactic_mhaveMacro_1 took 0.108ms
interpretation of Lean.Parser.Tactic._aux_Init_Tactics___macroRules_Lean_Parser_Tactic_mreplaceMacro_1 took 0.122ms
interpretation of Lean.Parser.Tactic._aux_Init_Tactics___macroRules_Lean_Parser_Tactic_mleftMacro_1 took 0.101ms
interpretation of Lean.Parser.Tactic._aux_Init_Tactics___macroRules_Lean_Parser_Tactic_mrightMacro_1 took 0.102ms
interpretation of Lean.Parser.Tactic._aux_Init_Tactics___macroRules_Lean_Parser_Tactic_mpureMacro_1 took 0.101ms
interpretation of Lean.Parser.Tactic._aux_Init_Tactics___macroRules_Lean_Parser_Tactic_mpureIntroMacro_1 took 0.101ms
interpretation of Lean.Parser.Tactic._aux_Init_Tactics___macroRules_Lean_Parser_Tactic_mrevertMacro_1 took 0.0985ms
interpretation of Lean.Parser.Tactic._aux_Init_Tactics___macroRules_Lean_Parser_Tactic_mrenameIMacro_1 took 0.103ms
interpretation of Lean.Parser.Tactic._aux_Init_Tactics___macroRules_Lean_Parser_Tactic_mspecializeMacro_1 took 0.113ms
interpretation of Lean.Parser.Tactic._aux_Init_Tactics___macroRules_Lean_Parser_Tactic_mspecializePureMacro_1 took 0.108ms
interpretation of Lean.Parser.Tactic._aux_Init_Tactics___macroRules_Lean_Parser_Tactic_mstartMacro_1 took 0.114ms
interpretation of Lean.Parser.Tactic._aux_Init_Tactics___macroRules_Lean_Parser_Tactic_mstopMacro_1 took 0.0951ms
interpretation of Lean.Parser.Tactic._aux_Init_Tactics___macroRules_Lean_Parser_Tactic_mleaveMacro_1 took 0.0982ms
interpretation of Lean.Parser.Tactic._aux_Init_Tactics___macroRules_Lean_Parser_Tactic_mcasesMacro_1 took 0.107ms
interpretation of Lean.Parser.Tactic._aux_Init_Tactics___macroRules_Lean_Parser_Tactic_mrefineMacro_1 took 0.113ms
interpretation of Lean.Parser.Tactic._aux_Init_Tactics___macroRules_Lean_Parser_Tactic_mintroMacro_1 took 0.112ms
interpretation of Lean.Parser.Tactic._aux_Init_Tactics___macroRules_Lean_Parser_Tactic_mspecMacro_1 took 0.0958ms
interpretation of Lean.Parser.Tactic._aux_Init_Tactics___macroRules_Lean_Parser_Tactic_mvcgenMacro_1 took 0.0951ms
interpretation of Lean.Parser.Tactic._aux_Init_Tactics___macroRules_Lean_Parser_Tactic_vcgenMacro_1 took 0.0995ms
interpretation of _aux_Init_Tactics___macroRules_term‹_›_1 took 0.105ms
interpretation of _aux_Init_Tactics___macroRules_tacticGet_elem_tactic_extensible_1 took 0.101ms
interpretation of _aux_Init_Tactics___macroRules_tacticGet_elem_tactic_extensible_2 took 0.0989ms
interpretation of _aux_Init_Tactics___macroRules_tacticGet_elem_tactic_extensible_3 took 0.107ms
interpretation of _aux_Init_Tactics___macroRules_tacticGet_elem_tactic_1 took 0.112ms
interpretation of _aux_Init_Core___macroRules_term_<->__1 took 0.0945ms
interpretation of _aux_Init_Core___macroRules_term_↔__1 took 0.0925ms
interpretation of _aux_Init_Core___macroRules_term_⊕__1 took 0.0968ms
interpretation of _aux_Init_Core___macroRules_term_⊕'__1 took 0.089ms
interpretation of _aux_Init_Core___macroRules_term_≈__1 took 0.0959ms
interpretation of _aux_Init_Core___macroRules_term_⊆__1 took 0.096ms
interpretation of _aux_Init_Core___macroRules_term_⊂__1 took 0.0945ms
interpretation of _aux_Init_Core___macroRules_term_⊇__1 took 0.0873ms
interpretation of _aux_Init_Core___macroRules_term_⊃__1 took 0.09ms
interpretation of _aux_Init_Core___macroRules_term_∪__1 took 0.0983ms
interpretation of _aux_Init_Core___macroRules_term_∩__1 took 0.1ms
interpretation of _aux_Init_Core___macroRules_term_\__1 took 0.0894ms
interpretation of _aux_Init_Core___macroRules_term{}_1 took 0.0882ms
interpretation of _aux_Init_Core___macroRules_term∅_1 took 0.093ms
interpretation of _aux_Init_Core___macroRules_term_!=__1 took 0.085ms
interpretation of _aux_Init_Core___macroRules_term_!=__2 took 0.0866ms
interpretation of _aux_Init_Core___macroRules_term_≠__1 took 0.0869ms
interpretation of _aux_Init_Core___macroRules_term_≠__2 took 0.097ms
interpretation of _aux_Init_Core___macroRules_Lean_Parser_Tactic_tacticRfl_1 took 0.0951ms
interpretation of _aux_Init_Control_Basic___macroRules_term_<&>__1 took 0.0935ms
interpretation of _aux_Init_Control_Basic___macroRules_term_<||>__1 took 0.0931ms
interpretation of _aux_Init_Control_Basic___macroRules_term_<&&>__1 took 0.0935ms
interpretation of _aux_Init_Control_Basic___macroRules_term_>=>__1 took 0.106ms
interpretation of _aux_Init_Control_Basic___macroRules_term_<=<__1 took 0.105ms
interpretation of _aux_Init_Control_Basic___macroRules_term_=<<__1 took 0.0892ms
interpretation of Lean.Parser.Tactic.Grind._aux_Init_Grind_Interactive___macroRules_Lean_Parser_Tactic_Grind_use_1 took 0.109ms
interpretation of Lean.Parser.Tactic.Grind._aux_Init_Grind_Interactive___macroRules_Lean_Parser_Tactic_Grind_grind·__1 took 0.126ms
interpretation of Lean.Parser.Tactic.Grind._aux_Init_Grind_Interactive___macroRules_Lean_Parser_Tactic_Grind_grind_<;>__1 took 0.0894ms
interpretation of Lean.Parser.Tactic.Grind._aux_Init_Grind_Interactive___macroRules_Lean_Parser_Tactic_Grind_grindTry__1 took 0.114ms
interpretation of Lean.Parser.Tactic.Grind._aux_Init_Grind_Interactive___macroRules_Lean_Parser_Tactic_Grind_grindAdmit_1 took 0.12ms
interpretation of Lean.Parser.Tactic.Grind._aux_Init_Grind_Interactive___macroRules_Lean_Parser_Tactic_Grind_grindRepeat__1 took 0.078ms
interpretation of Lean.Parser.Tactic.Grind._aux_Init_Grind_Interactive___macroRules_Lean_Parser_Tactic_Grind_symIntroLight_1 took 0.0759ms
interpretation of Lean.Parser.Tactic.Grind._aux_Init_Grind_Interactive___macroRules_Lean_Parser_Tactic_Grind_symIntrosLight_1 took 0.0762ms
interpretation of Lean.Parser.Tactic.Grind._aux_Init_Grind_Interactive___macroRules_Lean_Parser_Tactic_Grind_grindExact__1 took 0.0804ms
interpretation of Int._aux_Init_Data_Int_Basic___macroRules_Int_term-[_+1]_1 took 0.0954ms
interpretation of Lean._aux_Init_Data_List_Notation___macroRules_term[_]_1 took 0.448ms
interpretation of List._aux_Init_Data_List_Basic___macroRules_List_term_<+__1 took 0.102ms
interpretation of List._aux_Init_Data_List_Basic___macroRules_List_term_<+:__1 took 0.0981ms
interpretation of List._aux_Init_Data_List_Basic___macroRules_List_term_<:+__1 took 0.106ms
interpretation of List._aux_Init_Data_List_Basic___macroRules_List_term_<:+:__1 took 0.109ms
interpretation of List._aux_Init_Data_List_Basic___macroRules_List_term_~__1 took 0.1ms
interpretation of _aux_Init_WFTactics___macroRules_tacticSimp_wf_1 took 0.109ms
interpretation of _aux_Init_WFTactics___macroRules_tacticClean_wf_1 took 0.101ms
interpretation of _aux_Init_WFTactics___macroRules_tacticDecreasing_trivial_1 took 0.114ms
interpretation of _aux_Init_WFTactics___macroRules_tacticDecreasing_trivial_2 took 0.0879ms
interpretation of _aux_Init_WFTactics___macroRules_tacticDecreasing_trivial_3 took 0.102ms
interpretation of _aux_Init_WFTactics___macroRules_tacticDecreasing_trivial_pre_omega_1 took 0.106ms
interpretation of _aux_Init_WFTactics___macroRules_tacticDecreasing_trivial_pre_omega_2 took 0.103ms
interpretation of _aux_Init_WFTactics___macroRules_tacticDecreasing_trivial_pre_omega_3 took 0.109ms
interpretation of _aux_Init_WFTactics___macroRules_tacticDecreasing_with__1 took 0.0976ms
interpretation of _aux_Init_WFTactics___macroRules_tacticDecreasing_tactic_1 took 0.0904ms
interpretation of _aux_Init_GetElem___macroRules_term__[_]_1 took 0.101ms
interpretation of _aux_Init_GetElem___macroRules_term__[_]'__1 took 0.0884ms
interpretation of _aux_Init_GetElem___macroRules_term__[_]_?_1 took 0.0885ms
interpretation of _aux_Init_GetElem___macroRules_term__[_]_!_1 took 0.0863ms
interpretation of Fin._aux_Init_GetElem___macroRules_tacticGet_elem_tactic_extensible_1 took 0.12ms
interpretation of _aux_Init_Data_Array_Basic___macroRules_term#[_,]_1 took 0.0959ms
interpretation of Lean._aux_Init_Meta___macroRules_Lean_Parser_Syntax_addPrec_1 took 0.0993ms
interpretation of Lean._aux_Init_Meta___macroRules_Lean_Parser_Syntax_subPrec_1 took 0.0929ms
interpretation of Lean._aux_Init_Meta___macroRules_Lean_termEval_prec__1 took 0.0907ms
interpretation of Lean._aux_Init_Meta___macroRules_Lean_Parser_Syntax_addPrio_1 took 0.0932ms
interpretation of Lean._aux_Init_Meta___macroRules_Lean_Parser_Syntax_subPrio_1 took 0.491ms
interpretation of Lean._aux_Init_Meta___macroRules_Lean_termEval_prio__1 took 0.256ms
interpretation of Lean.Parser.Tactic._aux_Init_Meta___macroRules_Lean_Parser_Tactic_tacticErw____1 took 0.216ms
interpretation of Lean.Parser.Tactic._aux_Init_Meta___macroRules_Lean_Parser_Tactic_declareSimpLikeTactic_1 took 0.172ms
interpretation of Lean.Parser.Tactic.expandSimp._@.Init.Meta.4021577198._hygCtx._hyg.3 took 0.226ms
interpretation of Lean.Parser.Tactic.expandSimp._@.Init.Meta.3079349156._hygCtx._hyg.3 took 0.185ms
interpretation of Lean.Parser.Tactic.expandSimp._@.Init.Meta.4207919134._hygCtx._hyg.3 took 0.21ms
interpretation of Lean.Parser.Tactic._aux_Init_TacticsExtra___macroRules_Lean_Parser_Tactic_tacDepIfThenElse_1 took 0.199ms
interpretation of Lean.Parser.Tactic._aux_Init_TacticsExtra___macroRules_Lean_Parser_Tactic_tacIfThenElse_1 took 0.218ms
interpretation of Lean.Parser.Tactic._aux_Init_TacticsExtra___macroRules_Lean_Parser_Tactic_tacticIterate_____1 took 0.253ms
interpretation of Lean.Parser.Tactic._aux_Init_TacticsExtra___macroRules_Lean_Parser_Tactic_tacticRw_mod_cast____1 took 0.212ms
interpretation of Lean.Parser.Tactic._aux_Init_TacticsExtra___macroRules_Lean_Parser_Tactic_tacticExact_mod_cast__1 took 0.171ms
interpretation of Lean.Parser.Tactic._aux_Init_TacticsExtra___macroRules_Lean_Parser_Tactic_tacticApply_mod_cast__1 took 0.263ms
interpretation of _aux_Init_ByCases___macroRules_tacticBy_cases_:__1 took 0.182ms
interpretation of _aux_Init_ByCases___macroRules_tacticBy_cases_:__2 took 0.159ms
interpretation of Lean.Parser.Tactic.Conv._aux_Init_Conv___macroRules_Lean_Parser_Tactic_Conv_convRfl_1 took 0.17ms
interpretation of Lean.Parser.Tactic.Conv._aux_Init_Conv___macroRules_Lean_Parser_Tactic_Conv_convDone_1 took 0.162ms
interpretation of Lean.Parser.Tactic.Conv._aux_Init_Conv___macroRules_Lean_Parser_Tactic_Conv_convTrace_state_1 took 0.155ms
interpretation of Lean.Parser.Tactic.Conv._aux_Init_Conv___macroRules_Lean_Parser_Tactic_Conv_allGoals_1 took 0.215ms
interpretation of Lean.Parser.Tactic.Conv._aux_Init_Conv___macroRules_Lean_Parser_Tactic_Conv_anyGoals_1 took 0.161ms
interpretation of Lean.Parser.Tactic.Conv._aux_Init_Conv___macroRules_Lean_Parser_Tactic_Conv_case_1 took 0.195ms
interpretation of Lean.Parser.Tactic.Conv._aux_Init_Conv___macroRules_Lean_Parser_Tactic_Conv_case'_1 took 0.128ms
interpretation of Lean.Parser.Tactic.Conv._aux_Init_Conv___macroRules_Lean_Parser_Tactic_Conv_convNext__=>__1 took 0.116ms
interpretation of Lean.Parser.Tactic.Conv._aux_Init_Conv___macroRules_Lean_Parser_Tactic_Conv_focus_1 took 0.107ms
interpretation of Lean.Parser.Tactic.Conv._aux_Init_Conv___macroRules_Lean_Parser_Tactic_Conv_conv·__1 took 0.132ms
interpretation of Lean.Parser.Tactic.Conv._aux_Init_Conv___macroRules_Lean_Parser_Tactic_Conv_failIfSuccess_1 took 0.171ms
interpretation of Lean.Parser.Tactic.Conv._aux_Init_Conv___macroRules_Lean_Parser_Tactic_Conv_convRw___1 took 0.214ms
interpretation of Lean.Parser.Tactic.Conv._aux_Init_Conv___macroRules_Lean_Parser_Tactic_Conv_convErw___1 took 0.146ms
interpretation of Lean.Parser.Tactic.Conv._aux_Init_Conv___macroRules_Lean_Parser_Tactic_Conv_convArgs_1 took 0.159ms
interpretation of Lean.Parser.Tactic.Conv._aux_Init_Conv___macroRules_Lean_Parser_Tactic_Conv_convLeft_1 took 0.184ms
interpretation of Lean.Parser.Tactic.Conv._aux_Init_Conv___macroRules_Lean_Parser_Tactic_Conv_convRight_1 took 0.171ms
interpretation of Lean.Parser.Tactic.Conv._aux_Init_Conv___macroRules_Lean_Parser_Tactic_Conv_convIntro____1 took 0.173ms
interpretation of Lean.Parser.Tactic.Conv._aux_Init_Conv___macroRules_Lean_Parser_Tactic_Conv_convApply__1 took 0.201ms
interpretation of Lean.Parser.Tactic.Conv._aux_Init_Conv___macroRules_Lean_Parser_Tactic_Conv_convTry__1 took 0.17ms
interpretation of Lean.Parser.Tactic.Conv._aux_Init_Conv___macroRules_Lean_Parser_Tactic_Conv_conv_<;>__1 took 0.183ms
interpretation of Lean.Parser.Tactic.Conv._aux_Init_Conv___macroRules_Lean_Parser_Tactic_Conv_convRepeat__1 took 0.171ms
interpretation of Lean._aux_Init_NotationExtra___macroRules_Lean_command__Unif_hint____Where_|_-⊢___1 took 0.139ms
interpretation of _aux_Init_NotationExtra___macroRules_term∃_,__1 took 0.13ms
interpretation of _aux_Init_NotationExtra___macroRules_termExists_,__1 took 0.111ms
interpretation of _aux_Init_NotationExtra___macroRules_termΣ_,__1 took 0.123ms
interpretation of _aux_Init_NotationExtra___macroRules_termΣ'_,__1 took 0.0911ms
interpretation of _aux_Init_NotationExtra___macroRules_term_×__1_1 took 0.122ms
interpretation of _aux_Init_NotationExtra___macroRules_term_×'__1_1 took 0.0978ms
interpretation of Lean._aux_Init_NotationExtra___macroRules_Lean_convCalc__1 took 0.0939ms
interpretation of _aux_Init_NotationExtra___macroRules_tacticFunext____1 took 0.106ms
interpretation of _aux_Init_NotationExtra___macroRules_term%[_|_]_1 took 0.102ms
interpretation of _aux_Init_NotationExtra___macroRules_Lean_Parser_Command_classAbbrev_1 took 0.105ms
interpretation of Lean._aux_Init_NotationExtra___macroRules_Lean_solveTactic_1 took 0.105ms
interpretation of Lean._aux_Init_NotationExtra___macroRules_Lean_term_Matches_|_1 took 0.102ms
interpretation of _aux_Init_NotationExtra___macroRules_term{_}_1 took 0.0855ms
interpretation of Lean.Elab.Tactic.Ext._aux_Init_Ext___macroRules_Lean_Elab_Tactic_Ext_tacticExt1____1 took 0.111ms
interpretation of Lean._aux_Init_BinderPredicates___macroRules_Lean_term∃__,__1 took 0.111ms
interpretation of Lean._aux_Init_BinderPredicates___macroRules_Lean_term∀__,__1 took 0.102ms
interpretation of Lean._aux_Init_BinderPredicates___macroRules_Lean_termSatisfies_binder_pred%___1 took 0.0994ms
interpretation of Lean._aux_Init_BinderPredicates___macroRules_Lean_termSatisfies_binder_pred%___2 took 0.101ms
interpretation of Lean._aux_Init_BinderPredicates___macroRules_Lean_termSatisfies_binder_pred%___3 took 0.102ms
interpretation of Lean._aux_Init_BinderPredicates___macroRules_Lean_termSatisfies_binder_pred%___4 took 0.0965ms
interpretation of Lean._aux_Init_BinderPredicates___macroRules_Lean_termSatisfies_binder_pred%___5 took 0.0942ms
interpretation of Lean._aux_Init_BinderPredicates___macroRules_Lean_termSatisfies_binder_pred%___6 took 0.101ms
interpretation of Lean._aux_Init_BinderPredicates___macroRules_Lean_termSatisfies_binder_pred%___7 took 0.101ms
interpretation of Lean._aux_Init_BinderPredicates___macroRules_Lean_termSatisfies_binder_pred%___8 took 0.0997ms
interpretation of Lean._aux_Init_BinderPredicates___macroRules_Lean_termSatisfies_binder_pred%___9 took 0.0988ms
interpretation of Lean._aux_Init_BinderPredicates___macroRules_Lean_termSatisfies_binder_pred%___10 took 0.0947ms
interpretation of Lean._aux_Init_BinderPredicates___macroRules_Lean_termSatisfies_binder_pred%___11 took 0.115ms
interpretation of Bool._aux_Init_Data_Bool___macroRules_Bool_term_^^__1 took 0.102ms
interpretation of List._aux_Init_Data_List_BasicAux___macroRules_List_tacticSizeOf_list_dec_1 took 0.101ms
interpretation of List._aux_Init_Data_List_BasicAux___macroRules_tacticDecreasing_trivial_1 took 0.096ms
interpretation of BitVec._aux_Init_Data_BitVec_Basic___macroRules_BitVec_term__#___1 took 0.12ms
interpretation of BitVec._aux_Init_Data_BitVec_Basic___macroRules_BitVec_term__#'___1 took 0.116ms
interpretation of String._aux_Init_Data_String_Termination___macroRules_tacticDecreasing_trivial_1 took 0.12ms
interpretation of String._aux_Init_Data_String_Termination___macroRules_tacticDecreasing_trivial_2 took 0.107ms
interpretation of String._aux_Init_Data_String_Termination___macroRules_tacticDecreasing_trivial_3 took 0.111ms
interpretation of String._aux_Init_Data_String_Termination___macroRules_tacticDecreasing_trivial_4 took 0.111ms
interpretation of String.Legacy.Iterator._aux_Init_Data_String_Iterator___macroRules_tacticDecreasing_trivial_1 took 0.119ms
interpretation of String.Legacy.Iterator._aux_Init_Data_String_Iterator___macroRules_tacticDecreasing_trivial_2 took 0.115ms
interpretation of Std._aux_Init_Data_Iterators_Basic___macroRules_tacticDecreasing_trivial_1 took 0.835ms
interpretation of Std._aux_Init_Data_Iterators_Basic___macroRules_tacticDecreasing_trivial_2 took 0.12ms
interpretation of Std._aux_Init_Data_Iterators_Basic___macroRules_tacticDecreasing_trivial_3 took 0.1ms
interpretation of Std._aux_Init_Data_Iterators_Basic___macroRules_tacticDecreasing_trivial_4 took 0.0988ms
interpretation of Std._aux_Init_Data_Range_Polymorphic_PRange___macroRules_Std_term_...=__1 took 0.107ms
interpretation of Std._aux_Init_Data_Range_Polymorphic_PRange___macroRules_Std_term*...=__1 took 0.097ms
interpretation of Std._aux_Init_Data_Range_Polymorphic_PRange___macroRules_Std_term_...*_1 took 0.0979ms
interpretation of Std._aux_Init_Data_Range_Polymorphic_PRange___macroRules_Std_term*...*_1 took 0.101ms
interpretation of Std._aux_Init_Data_Range_Polymorphic_PRange___macroRules_Std_term_<...=__1 took 0.0968ms
interpretation of Std._aux_Init_Data_Range_Polymorphic_PRange___macroRules_Std_term_<...*_1 took 0.112ms
interpretation of Std._aux_Init_Data_Range_Polymorphic_PRange___macroRules_Std_term_...<__1 took 0.108ms
interpretation of Std._aux_Init_Data_Range_Polymorphic_PRange___macroRules_Std_term_...__1 took 0.105ms
interpretation of Std._aux_Init_Data_Range_Polymorphic_PRange___macroRules_Std_term*...<__1 took 0.105ms
interpretation of Std._aux_Init_Data_Range_Polymorphic_PRange___macroRules_Std_term*...__1 took 0.104ms
interpretation of Std._aux_Init_Data_Range_Polymorphic_PRange___macroRules_Std_term_<...<__1 took 0.1ms
interpretation of Std._aux_Init_Data_Range_Polymorphic_PRange___macroRules_Std_term_<...__1 took 0.0984ms
interpretation of Vector._aux_Init_Data_Vector_Basic___macroRules_Vector_term#v[_,]_1 took 0.103ms
interpretation of Std.Legacy.Range._aux_Init_Data_Range_Basic___macroRules_Std_Legacy_Range_term[:_]_1 took 0.111ms
interpretation of Std.Legacy.Range._aux_Init_Data_Range_Basic___macroRules_Std_Legacy_Range_term[_:_]_1 took 0.11ms
interpretation of Std.Legacy.Range._aux_Init_Data_Range_Basic___macroRules_Std_Legacy_Range_term[_:_:_]_1 took 0.107ms
interpretation of Std.Legacy.Range._aux_Init_Data_Range_Basic___macroRules_Std_Legacy_Range_term[:_:_]_1 took 0.115ms
interpretation of _aux_Init_Data_Range_Basic___macroRules_tacticGet_elem_tactic_extensible_1 took 0.112ms
interpretation of Array._aux_Init_Data_Array_Subarray___macroRules_Array_term__[_:_]_1 took 0.108ms
interpretation of Array._aux_Init_Data_Array_Subarray___macroRules_Array_term__[:_]_1 took 0.107ms
interpretation of Array._aux_Init_Data_Array_Subarray___macroRules_Array_term__[_:]_1 took 0.0989ms
interpretation of String.Internal._aux_Init_Data_String_OrderInstances___macroRules_String_Internal_tacticOrder_1 took 0.119ms
interpretation of Array._aux_Init_Data_Array_Mem___macroRules_Array_tacticArray_get_dec_1 took 0.107ms
interpretation of Array._aux_Init_Data_Array_Mem___macroRules_tacticDecreasing_trivial_1 took 0.104ms
interpretation of Array._aux_Init_Data_Array_Mem___macroRules_Array_tacticArray_mem_dec_1 took 0.0984ms
interpretation of Array._aux_Init_Data_Array_Mem___macroRules_tacticDecreasing_trivial_2 took 0.101ms
interpretation of Array._aux_Init_Data_Array_Perm___macroRules_Array_term_~__1 took 0.0935ms
interpretation of Std._aux_Init_Data_Slice_Notation___macroRules_term__[_]_1 took 0.109ms
interpretation of Std._aux_Init_Data_Range_Polymorphic_Basic___macroRules_tacticGet_elem_tactic_extensible_1 took 0.11ms
interpretation of _aux_Init_Data_UInt_Lemmas___macroRules_commandDeclare_uint_theorems___1 took 0.168ms
interpretation of _aux_Init_Data_UInt_Bitwise___macroRules_commandDeclare_bitwise_uint_theorems___1 took 0.124ms
interpretation of _aux_Init_Data_SInt_Lemmas___macroRules_commandDeclare_int_theorems___1 took 0.112ms
interpretation of _aux_Init_Data_SInt_Bitwise___macroRules_commandDeclare_bitwise_int_theorems___1 took 0.177ms
interpretation of _aux_Init_System_IO___macroRules_termPrintln!___1 took 0.157ms
interpretation of _aux_Init_Data_ToString_Macro___macroRules_termS!__1 took 0.135ms
interpretation of Std._aux_Init_Data_Format_Macro___macroRules_Std_termF!__1 took 0.141ms
interpretation of Vector._aux_Init_Data_Vector_Perm___macroRules_Vector_term_~__1 took 0.156ms
interpretation of Rat._aux_Init_Data_Rat_Basic___macroRules_Rat_term_/.__1 took 0.161ms
interpretation of Lean.Parser._aux_Init_Grind_Propagator___macroRules_Lean_Parser_command_Builtin_grind_propagator____:=__1 took 0.145ms
interpretation of DerivingHelpers._aux_Init_LawfulBEqTactics___macroRules_DerivingHelpers_tacticDeriving_ReflEq_tactic_1 took 0.143ms
interpretation of _aux_Init_LawfulBEqTactics___macroRules_tacticDeriving_LawfulEq_tactic_step_1 took 0.111ms
interpretation of _aux_Init_LawfulBEqTactics___macroRules_tacticDeriving_LawfulEq_tactic_step_2 took 0.0933ms
interpretation of _aux_Init_LawfulBEqTactics___macroRules_tacticDeriving_LawfulEq_tactic_step_3 took 0.121ms
interpretation of _aux_Init_LawfulBEqTactics___macroRules_tacticDeriving_LawfulEq_tactic_step_4 took 0.0955ms
interpretation of _aux_Init_LawfulBEqTactics___macroRules_tacticDeriving_LawfulEq_tactic_step_5 took 0.0935ms
interpretation of _aux_Init_LawfulBEqTactics___macroRules_tacticDeriving_LawfulEq_tactic_step_6 took 0.094ms
interpretation of _aux_Init_LawfulBEqTactics___macroRules_tacticDeriving_LawfulEq_tactic_1 took 0.101ms
interpretation of _aux_Init_Data_Range_Polymorphic_GetElemTactic___macroRules_tacticGet_elem_tactic_extensible_1 took 0.147ms
interpretation of Lean.Parser._aux_Init_Simproc___macroRules_Lean_Parser_command_Simproc_decl_(_):=__1 took 0.117ms
interpretation of Lean.Parser._aux_Init_Simproc___macroRules_Lean_Parser_command_Dsimproc_decl_(_):=__1 took 0.117ms
interpretation of Lean.Parser._aux_Init_Simproc___macroRules_Lean_Parser_command_Builtin_simproc_decl_(_):=__1 took 0.0903ms
interpretation of Lean.Parser._aux_Init_Simproc___macroRules_Lean_Parser_command_Builtin_dsimproc_decl_(_):=__1 took 0.0996ms
interpretation of Lean.Parser._aux_Init_Simproc___macroRules_Lean_Parser_command__Simproc__[_]_(_):=__1 took 0.0796ms
interpretation of Lean.Parser._aux_Init_Simproc___macroRules_Lean_Parser_command__Dsimproc__[_]_(_):=__1 took 0.0755ms
interpretation of Lean.Parser._aux_Init_Simproc___macroRules_Lean_Parser_command__Builtin_simproc__[_]_(_):=__1 took 0.0786ms
interpretation of Lean.Parser._aux_Init_Simproc___macroRules_Lean_Parser_command__Builtin_dsimproc__[_]_(_):=__1 took 0.0819ms
interpretation of Lean.Parser._aux_Init_CbvSimproc___macroRules_Lean_Parser_command_Cbv_simproc_decl_(_):=__1 took 0.0888ms
interpretation of Lean.Parser._aux_Init_CbvSimproc___macroRules_Lean_Parser_command_Builtin_cbv_simproc_decl_(_):=__1 took 0.0898ms
interpretation of Lean.Parser._aux_Init_CbvSimproc___macroRules_Lean_Parser_command__Cbv_simproc____(_):=__1 took 0.087ms
interpretation of Lean.Parser._aux_Init_CbvSimproc___macroRules_Lean_Parser_command__Builtin_cbv_simproc____(_):=__1 took 0.0802ms
interpretation of Lean._aux_Init_MacroTrace___macroRules_Lean_termMacro.trace[_]__1 took 0.104ms
interpretation of Lean.Order._aux_Init_Internal_Order_Basic___macroRules_Lean_Order_term_⊑__1 took 0.103ms
interpretation of Lean.Order._aux_Init_Internal_Order_Basic___macroRules_Lean_Order_term⊥_1 took 0.0968ms
interpretation of _aux_Init_Try___macroRules_tactic∎_1 took 0.0972ms
interpretation of _aux_Init_Try___macroRules_term∎_1 took 0.0965ms
interpretation of Std.DHashMap.Raw._aux_Std_Data_DHashMap_Raw___macroRules_Std_DHashMap_Raw_term_~m__1 took 0.11ms
interpretation of Std.DHashMap._aux_Std_Data_DHashMap_Basic___macroRules_Std_DHashMap_term_~m__1 took 0.0976ms
interpretation of Std.HashMap._aux_Std_Data_HashMap_Basic___macroRules_Std_HashMap_term_~m__1 took 0.123ms
interpretation of Std.HashSet._aux_Std_Data_HashSet_Basic___macroRules_Std_HashSet_term_~m__1 took 0.112ms
interpretation of Std.DTreeMap.Internal.Impl._aux_Std_Data_DTreeMap_Internal_Balancing___macroRules_Std_DTreeMap_Internal_Impl_tacticTree_tac_1 took 0.096ms
interpretation of Std.DTreeMap.Internal.Impl._aux_Std_Data_DTreeMap_Internal_Balancing___macroRules_Std_DTreeMap_Internal_Impl_term✓_1 took 0.0902ms
interpretation of Std.DTreeMap.Internal.Impl._aux_Std_Data_DTreeMap_Internal_Queries___macroRules_Std_DTreeMap_Internal_Impl_term_~m__1 took 0.0782ms
interpretation of Std.DTreeMap._aux_Std_Data_DTreeMap_Basic___macroRules_Std_DTreeMap_term_~m__1 took 0.102ms
interpretation of Std.TreeMap._aux_Std_Data_TreeMap_Basic___macroRules_Std_TreeMap_term_~m__1 took 0.0975ms
interpretation of Std.TreeSet._aux_Std_Data_TreeSet_Basic___macroRules_Std_TreeSet_term_~m__1 took 0.144ms
interpretation of Std.HashMap.Raw._aux_Std_Data_HashMap_Raw___macroRules_Std_HashMap_Raw_term_~m__1 took 0.104ms
interpretation of Lean.Option._aux_Lean_Data_Options___macroRules_Lean_Option_registerBuiltinOption_1 took 0.177ms
interpretation of Lean.Option._aux_Lean_Data_Options___macroRules_Lean_Option_registerOption_1 took 0.166ms
interpretation of Std.DTreeMap.Raw._aux_Std_Data_DTreeMap_Raw_Basic___macroRules_Std_DTreeMap_Raw_term_~m__1 took 0.11ms
interpretation of Std.TreeMap.Raw._aux_Std_Data_TreeMap_Raw_Basic___macroRules_Std_TreeMap_Raw_term_~m__1 took 0.103ms
interpretation of Lean._aux_Lean_Message___macroRules_Lean_termM!__1 took 0.149ms
interpretation of Lean._aux_Lean_Exception___macroRules_Lean_termThrowError___1 took 0.132ms
interpretation of Lean._aux_Lean_Exception___macroRules_Lean_termThrowErrorAt_____1 took 0.169ms
interpretation of Lean._aux_Lean_Util_Trace___macroRules_Lean_doElemTrace[_]___1 took 0.148ms
interpretation of Lean._aux_Lean_Parser_Extra___macroRules_Lean_termRegister_parser_alias(Kind:=_)_______1 took 0.123ms
interpretation of Lean.Json._aux_Lean_Data_Json_Elab___macroRules_Lean_Json_termJson%__1 took 0.194ms
interpretation of Lean.PrettyPrinter.Delaborator._aux_Lean_PrettyPrinter_Delaborator_Basic___macroRules_Lean_PrettyPrinter_Delaborator_attrApp_delab__1 took 0.136ms
interpretation of Aesop._aux_Aesop_Tracing___macroRules_Aesop_doElemAesop_trace![_]___1 took 0.833ms
interpretation of Aesop._aux_Aesop_Tracing___macroRules_Aesop_doElemAesop_trace[_]___1 took 0.999ms
interpretation of _private.Batteries.Tactic.Lint.Basic.0.Batteries.Tactic.Lint.initFn._lam_1._@.Batteries.Tactic.Lint.Basic.880347739._hygCtx._hyg.2._boxed took 1.77ms
interpretation of _private.Batteries.Util.ProofWanted.0.initFn._lam_1._@.Batteries.Util.ProofWanted.2313051376._hygCtx._hyg.2._boxed took 0.0285ms
interpretation of _private.Batteries.Util.ProofWanted.0.initFn._lam_1._@.Batteries.Util.ProofWanted.3080469459._hygCtx._hyg.2._boxed took 0.005ms
interpretation of Aesop.Frontend.extensionDescr._lam_1._boxed took 0.796ms
interpretation of Aesop.BaseRuleSet.add took 17.1ms
interpretation of Aesop.BaseRuleSet.add took 0.224ms
interpretation of Aesop.BaseRuleSet.add took 15.5ms
interpretation of Aesop.BaseRuleSet.add took 0.712ms
interpretation of Aesop.BaseRuleSet.add took 0.0613ms
interpretation of Aesop.BaseRuleSet.add took 0.0535ms
interpretation of Aesop.BaseRuleSet.add took 0.0425ms
interpretation of Aesop.BaseRuleSet.add took 0.817ms
interpretation of Aesop.BaseRuleSet.add took 0.102ms
interpretation of Aesop.Frontend.extensionDescr._lam_1._boxed took 0.0054ms
import took 5.55s
parsing took 1.42ms
interpretation of Batteries.Linter.UnreachableTactic.unreachableTacticLinter._lam_0._boxed took 30.5ms
interpretation of Batteries.Linter.UnnecessarySeqFocus.unnecessarySeqFocusLinter._lam_1._boxed took 18.2ms
linting took 10ms
elaboration took 4.41ms
parsing took 0.073ms
interpretation of Batteries.Linter.UnreachableTactic.unreachableTacticLinter._lam_0._boxed took 0.497ms
interpretation of Batteries.Linter.UnnecessarySeqFocus.unnecessarySeqFocusLinter._lam_1._boxed took 0.207ms
linting took 0.165ms
elaboration took 0.275ms
parsing took 2.51ms
interpretation of _private.Aesop.Frontend.Attribute.0.Aesop.Frontend.initFn._lam_3._@.Aesop.Frontend.Attribute.2269118540._hygCtx._hyg.2._boxed took 176ms
attribute application took 1.29ms
interpretation of Batteries.Linter.UnreachableTactic.unreachableTacticLinter._lam_0._boxed took 0.493ms
interpretation of Batteries.Linter.UnnecessarySeqFocus.unnecessarySeqFocusLinter._lam_1._boxed took 0.324ms
linting took 1.09ms
elaboration took 13.2ms
parsing took 0.268ms
interpretation of _private.Aesop.Frontend.Attribute.0.Aesop.Frontend.initFn._lam_3._@.Aesop.Frontend.Attribute.2269118540._hygCtx._hyg.2._boxed took 20.7ms
attribute application took 0.0829ms
interpretation of _private.Aesop.Frontend.Attribute.0.Aesop.Frontend.initFn._lam_3._@.Aesop.Frontend.Attribute.2269118540._hygCtx._hyg.2._boxed took 5.58ms
attribute application took 0.0642ms
interpretation of _private.Aesop.Frontend.Attribute.0.Aesop.Frontend.initFn._lam_3._@.Aesop.Frontend.Attribute.2269118540._hygCtx._hyg.2._boxed took 0.98ms
attribute application took 0.0569ms
interpretation of _private.Aesop.Frontend.Attribute.0.Aesop.Frontend.initFn._lam_3._@.Aesop.Frontend.Attribute.2269118540._hygCtx._hyg.2._boxed took 0.879ms
attribute application took 0.0579ms
interpretation of Batteries.Linter.UnreachableTactic.unreachableTacticLinter._lam_0._boxed took 0.408ms
interpretation of Batteries.Linter.UnnecessarySeqFocus.unnecessarySeqFocusLinter._lam_1._boxed took 0.3ms
linting took 0.176ms
elaboration took 0.621ms
parsing took 0.439ms
interpretation of _private.Aesop.Frontend.Attribute.0.Aesop.Frontend.initFn._lam_3._@.Aesop.Frontend.Attribute.2269118540._hygCtx._hyg.2._boxed took 9.04ms
attribute application took 0.0827ms
interpretation of _private.Aesop.Frontend.Attribute.0.Aesop.Frontend.initFn._lam_3._@.Aesop.Frontend.Attribute.2269118540._hygCtx._hyg.2._boxed took 0.985ms
attribute application took 0.0613ms
interpretation of _private.Aesop.Frontend.Attribute.0.Aesop.Frontend.initFn._lam_3._@.Aesop.Frontend.Attribute.2269118540._hygCtx._hyg.2._boxed took 0.783ms
attribute application took 0.056ms
interpretation of _private.Aesop.Frontend.Attribute.0.Aesop.Frontend.initFn._lam_3._@.Aesop.Frontend.Attribute.2269118540._hygCtx._hyg.2._boxed took 0.853ms
attribute application took 0.0553ms
interpretation of Batteries.Linter.UnreachableTactic.unreachableTacticLinter._lam_0._boxed took 0.405ms
interpretation of Batteries.Linter.UnnecessarySeqFocus.unnecessarySeqFocusLinter._lam_1._boxed took 0.249ms
linting took 0.167ms
elaboration took 0.674ms
parsing took 0.338ms
interpretation of _private.Aesop.Frontend.Attribute.0.Aesop.Frontend.initFn._lam_3._@.Aesop.Frontend.Attribute.2269118540._hygCtx._hyg.2._boxed took 38.3ms
attribute application took 0.0701ms
interpretation of _private.Aesop.Frontend.Attribute.0.Aesop.Frontend.initFn._lam_3._@.Aesop.Frontend.Attribute.2269118540._hygCtx._hyg.2._boxed took 3.07ms
attribute application took 0.129ms
interpretation of _private.Aesop.Frontend.Attribute.0.Aesop.Frontend.initFn._lam_3._@.Aesop.Frontend.Attribute.2269118540._hygCtx._hyg.2._boxed took 1.57ms
attribute application took 0.0848ms
interpretation of Batteries.Linter.UnreachableTactic.unreachableTacticLinter._lam_0._boxed took 0.45ms
interpretation of Batteries.Linter.UnnecessarySeqFocus.unnecessarySeqFocusLinter._lam_1._boxed took 0.279ms
linting took 0.155ms
elaboration took 0.445ms
parsing took 0.203ms
interpretation of _private.Aesop.Frontend.Attribute.0.Aesop.Frontend.initFn._lam_3._@.Aesop.Frontend.Attribute.2269118540._hygCtx._hyg.2._boxed took 0.745ms
attribute application took 0.0519ms
interpretation of Batteries.Linter.UnreachableTactic.unreachableTacticLinter._lam_0._boxed took 0.314ms
interpretation of Batteries.Linter.UnnecessarySeqFocus.unnecessarySeqFocusLinter._lam_1._boxed took 0.195ms
linting took 0.106ms
elaboration took 0.2ms
parsing took 0.548ms
attribute application took 0.0171ms
instantiate metavars took 0.0063ms
instantiate metavars took 0.0017ms
instantiate metavars took 0.0027ms
instantiate metavars took 0.0017ms
instantiate metavars took 0.0008ms
instantiate metavars took 0.0017ms
instantiate metavars took 0.0006ms
share common exprs took 1.25ms
fix level params took 0.327ms
let-to-have transformation took 0.718ms
type checking took 2ms
attribute application took 0.0121ms
interpretation of _private.Aesop.Frontend.Attribute.0.Aesop.Frontend.initFn._lam_3._@.Aesop.Frontend.Attribute.2269118540._hygCtx._hyg.2._boxed took 56.1ms
attribute application took 0.115ms
process pre-definitions took 6.22ms
interpretation of Batteries.Linter.UnreachableTactic.unreachableTacticLinter._lam_0._boxed took 1.32ms
interpretation of Batteries.Linter.UnnecessarySeqFocus.unnecessarySeqFocusLinter._lam_1._boxed took 0.666ms
linting took 2.01ms
elaboration took 52.2ms
parsing took 1.18ms
attribute application took 0.0367ms
instantiate metavars took 0.0018ms
instantiate metavars took 0.0009ms
type checking took 0.062ms
instantiate metavars took 0.0024ms
instantiate metavars took 0.001ms
instantiate metavars took 0.0005ms
instantiate metavars took 0.0007ms
instantiate metavars took 0.0005ms
share common exprs took 0.0175ms
fix level params took 0.0063ms
let-to-have transformation took 0.0029ms
type checking took 0.0463ms
attribute application took 0.0086ms
interpretation of _private.Aesop.Frontend.Attribute.0.Aesop.Frontend.initFn._lam_3._@.Aesop.Frontend.Attribute.2269118540._hygCtx._hyg.2._boxed took 78.4ms
attribute application took 0.0781ms
process pre-definitions took 0.174ms
interpretation of Batteries.Linter.UnreachableTactic.unreachableTacticLinter._lam_0._boxed took 0.577ms
interpretation of Batteries.Linter.UnnecessarySeqFocus.unnecessarySeqFocusLinter._lam_1._boxed took 0.327ms
linting took 0.222ms
elaboration took 30.7ms
parsing took 0.48ms
attribute application took 0.0091ms
instantiate metavars took 0.0043ms
instantiate metavars took 0.0011ms
type checking took 0.09ms
instantiate metavars took 0.0017ms
instantiate metavars took 0.001ms
instantiate metavars took 0.0006ms
instantiate metavars took 0.0007ms
instantiate metavars took 0.0006ms
share common exprs took 0.022ms
fix level params took 0.0108ms
let-to-have transformation took 0.0035ms
type checking took 0.058ms
attribute application took 0.0112ms
interpretation of _private.Aesop.Frontend.Attribute.0.Aesop.Frontend.initFn._lam_3._@.Aesop.Frontend.Attribute.2269118540._hygCtx._hyg.2._boxed took 4.22ms
attribute application took 0.0984ms
process pre-definitions took 0.214ms
interpretation of Batteries.Linter.UnreachableTactic.unreachableTacticLinter._lam_0._boxed took 0.566ms
interpretation of Batteries.Linter.UnnecessarySeqFocus.unnecessarySeqFocusLinter._lam_1._boxed took 0.383ms
linting took 0.27ms
elaboration took 2.63ms
parsing took 0.209ms
interpretation of _private.Aesop.Frontend.Attribute.0.Aesop.Frontend.initFn._lam_3._@.Aesop.Frontend.Attribute.2269118540._hygCtx._hyg.2._boxed took 1.19ms
attribute application took 0.0564ms
interpretation of Batteries.Linter.UnreachableTactic.unreachableTacticLinter._lam_0._boxed took 0.352ms
interpretation of Batteries.Linter.UnnecessarySeqFocus.unnecessarySeqFocusLinter._lam_1._boxed took 0.224ms
linting took 0.13ms
elaboration took 0.229ms
parsing took 0.212ms
interpretation of _private.Aesop.Frontend.Attribute.0.Aesop.Frontend.initFn._lam_3._@.Aesop.Frontend.Attribute.2269118540._hygCtx._hyg.2._boxed took 8.56ms
attribute application took 0.0729ms
interpretation of Batteries.Linter.UnreachableTactic.unreachableTacticLinter._lam_0._boxed took 0.389ms
interpretation of Batteries.Linter.UnnecessarySeqFocus.unnecessarySeqFocusLinter._lam_1._boxed took 0.242ms
linting took 0.141ms
elaboration took 0.225ms
parsing took 0.654ms
attribute application took 0.0056ms
instantiate metavars took 0.0064ms
instantiate metavars took 0.001ms
instantiate metavars took 0.0058ms
instantiate metavars took 0.001ms
instantiate metavars took 0.0006ms
instantiate metavars took 0.0006ms
instantiate metavars took 0.0006ms
share common exprs took 0.0259ms
fix level params took 0.0172ms
let-to-have transformation took 0.004ms
type checking took 0.144ms
attribute application took 0.0095ms
type checking took 0.21ms
interpretation of _private.Aesop.Frontend.Attribute.0.Aesop.Frontend.initFn._lam_3._@.Aesop.Frontend.Attribute.2269118540._hygCtx._hyg.2._boxed took 44ms
attribute application took 0.0779ms
process pre-definitions took 0.228ms
interpretation of Batteries.Linter.UnreachableTactic.unreachableTacticLinter._lam_0._boxed took 0.736ms
interpretation of Batteries.Linter.UnnecessarySeqFocus.unnecessarySeqFocusLinter._lam_1._boxed took 0.469ms
linting took 0.384ms
elaboration took 8.65ms
parsing took 0.0363ms
interpretation of Batteries.Linter.UnreachableTactic.unreachableTacticLinter._lam_0._boxed took 0.241ms
interpretation of Batteries.Linter.UnnecessarySeqFocus.unnecessarySeqFocusLinter._lam_1._boxed took 0.147ms
linting took 0.114ms
elaboration took 0.612ms
parsing took 0.0018ms
interpretation of Batteries.Linter.UnreachableTactic.unreachableTacticLinter._lam_0._boxed took 0.142ms
interpretation of Batteries.Linter.UnnecessarySeqFocus.unnecessarySeqFocusLinter._lam_1._boxed took 0.125ms
linting took 0.089ms
module linting took 0.326ms
elaboration took 0.488ms
interpretation of _private.Batteries.Tactic.Alias.0.Batteries.Tactic.Alias.initFn._lam_0._@.Batteries.Tactic.Alias.3155908491._hygCtx._hyg.2._boxed took 3.22ms
interpretation of _private.Batteries.Tactic.Lint.Basic.0.Batteries.Tactic.Lint.initFn._lam_2._@.Batteries.Tactic.Lint.Basic.880347739._hygCtx._hyg.2 took 0.0113ms
interpretation of _private.Batteries.Util.ProofWanted.0.initFn._lam_2._@.Batteries.Util.ProofWanted.2313051376._hygCtx._hyg.2 took 0.0057ms
interpretation of _private.Batteries.Util.ProofWanted.0.initFn._lam_2._@.Batteries.Util.ProofWanted.3080469459._hygCtx._hyg.2 took 0.0042ms
interpretation of Aesop.Frontend.extensionDescr._lam_0._boxed took 0.826ms
interpretation of Aesop.Frontend.extensionDescr._lam_0._boxed took 0.0039ms
interpretation of Aesop.Frontend.extensionDescr._lam_0._boxed took 0.0023ms
interpretation of Aesop.Frontend.extensionDescr._lam_0._boxed took 0.0022ms
interpretation of Aesop.Frontend.extensionDescr._lam_0._boxed took 0.0021ms
interpretation of Aesop.Frontend.extensionDescr._lam_0._boxed took 0.0021ms
interpretation of Aesop.Frontend.extensionDescr._lam_0._boxed took 0.0022ms
interpretation of Aesop.Frontend.extensionDescr._lam_0._boxed took 0.0023ms
interpretation of Aesop.Frontend.extensionDescr._lam_0._boxed took 0.0021ms
interpretation of Aesop.Frontend.extensionDescr._lam_0._boxed took 0.0021ms
interpretation of Aesop.Frontend.extensionDescr._lam_0._boxed took 0.0021ms
interpretation of Aesop.Frontend.extensionDescr._lam_0._boxed took 0.0022ms
interpretation of Aesop.Frontend.extensionDescr._lam_0._boxed took 0.0021ms
interpretation of Aesop.Frontend.extensionDescr._lam_0._boxed took 0.002ms
interpretation of Aesop.Frontend.extensionDescr._lam_0._boxed took 0.0023ms
interpretation of Aesop.Frontend.extensionDescr._lam_0._boxed took 0.0025ms
interpretation of Aesop.Frontend.extensionDescr._lam_0._boxed took 0.0021ms
interpretation of Aesop.Frontend.extensionDescr._lam_0._boxed took 0.002ms
interpretation of Aesop.Frontend.extensionDescr._lam_0._boxed took 0.0022ms
interpretation of Aesop.Frontend.extensionDescr._lam_0._boxed took 0.0023ms
interpretation of Aesop.Frontend.extensionDescr._lam_0._boxed took 0.0021ms
.olean serialization took 66.1ms
cumulative profiling times:
	.olean serialization 66.1ms
	attribute application 2.73ms
	elaboration 115ms
	fix level params 0.358ms
	import 5.55s
	initialization 88.2ms
	instantiate metavars 0.0337ms
	interpretation 1.9s
	let-to-have transformation 0.725ms
	linting 15.2ms
	module linting 0.324ms
	parsing 8.56ms
	process pre-definitions 6.83ms
	share common exprs 1.31ms
	type checking 2.6ms
