interpretation of Batteries.machineApplicableDeprecated took 3.59ms
interpretation of Batteries.Tactic.Alias.aliasExt took 11.6ms
interpretation of Mathlib.Linter.linter.directoryDependency took 5.6ms
interpretation of _private.Mathlib.Tactic.Linter.Header.0.Mathlib.Linter.inLibraryRootMutex took 1.25ms
interpretation of Mathlib.Linter.linter.style.header took 6.25ms
interpretation of Mathlib.Linter.linter.style.header.license took 5.07ms
interpretation of _private.Mathlib.Tactic.Linter.Header.0.Mathlib.Linter.Style.header.initFn._@.Mathlib.Tactic.Linter.Header.1276962649._hygCtx._hyg.2 took 0.522ms
interpretation of _private.Mathlib.Tactic.Linter.Header.0.Mathlib.Linter.Style.header.initFn._@.Mathlib.Tactic.Linter.Header.1276962649._hygCtx._hyg.2._boxed took 18.8ms
interpretation of _private.Mathlib.Tactic.AdaptationNote.0.initFn._@.Mathlib.Tactic.AdaptationNote.1330411147._hygCtx._hyg.2 took 0.479ms
interpretation of _private.Mathlib.Tactic.AdaptationNote.0.initFn._@.Mathlib.Tactic.AdaptationNote.1330411147._hygCtx._hyg.2._boxed took 14.6ms
interpretation of Mathlib.Linter.AuxLemma.linter.auxLemma took 9.54ms
interpretation of _private.Mathlib.Tactic.Linter.AuxLemma.0.Mathlib.Linter.AuxLemma.initFn._@.Mathlib.Tactic.Linter.AuxLemma.2530988339._hygCtx._hyg.2 took 0.831ms
interpretation of _private.Mathlib.Tactic.Linter.AuxLemma.0.Mathlib.Linter.AuxLemma.initFn._@.Mathlib.Tactic.Linter.AuxLemma.2530988339._hygCtx._hyg.2._boxed took 17.6ms
interpretation of Mathlib.Linter.Style.linter.style.refine took 10.5ms
interpretation of Mathlib.Linter.Style.linter.style.cases took 7.33ms
interpretation of Mathlib.Linter.Style.linter.style.induction took 6.64ms
interpretation of Mathlib.Linter.Style.linter.style.admit took 4.05ms
interpretation of Mathlib.Linter.Style.linter.style.nativeDecide took 3.49ms
interpretation of Mathlib.Linter.Style.linter.style.maxHeartbeats took 5.12ms
interpretation of _private.Mathlib.Tactic.Linter.DeprecatedSyntaxLinter.0.Mathlib.Linter.Style.initFn._@.Mathlib.Tactic.Linter.DeprecatedSyntaxLinter.2374602524._hygCtx._hyg.2 took 0.529ms
interpretation of _private.Mathlib.Tactic.Linter.DeprecatedSyntaxLinter.0.Mathlib.Linter.Style.initFn._@.Mathlib.Tactic.Linter.DeprecatedSyntaxLinter.2374602524._hygCtx._hyg.2._boxed took 15.6ms
interpretation of Mathlib.Linter.linter.docPrime took 7.65ms
interpretation of _private.Mathlib.Tactic.Linter.DocPrime.0.Mathlib.Linter.DocPrime.initFn._@.Mathlib.Tactic.Linter.DocPrime.856601495._hygCtx._hyg.2 took 0.511ms
interpretation of _private.Mathlib.Tactic.Linter.DocPrime.0.Mathlib.Linter.DocPrime.initFn._@.Mathlib.Tactic.Linter.DocPrime.856601495._hygCtx._hyg.2._boxed took 15.6ms
interpretation of Mathlib.Linter.linter.style.docString took 8.35ms
interpretation of Mathlib.Linter.linter.style.docString.empty took 3.66ms
interpretation of Mathlib.Linter.linter.style.docStringVerso took 3.69ms
interpretation of _private.Mathlib.Tactic.Linter.DocString.0.Mathlib.Linter.Style.initFn._@.Mathlib.Tactic.Linter.DocString.3364454516._hygCtx._hyg.2 took 0.883ms
interpretation of _private.Mathlib.Tactic.Linter.DocString.0.Mathlib.Linter.Style.initFn._@.Mathlib.Tactic.Linter.DocString.3364454516._hygCtx._hyg.2._boxed took 17.8ms
interpretation of _private.Mathlib.Tactic.Linter.DocString.0.Mathlib.Linter.Style.initFn._@.Mathlib.Tactic.Linter.DocString.3183647073._hygCtx._hyg.2 took 0.504ms
interpretation of _private.Mathlib.Tactic.Linter.DocString.0.Mathlib.Linter.Style.initFn._@.Mathlib.Tactic.Linter.DocString.3183647073._hygCtx._hyg.2._boxed took 7.55ms
interpretation of Mathlib.Linter.linter.style.emptyLine took 6.39ms
interpretation of _private.Mathlib.Tactic.Linter.EmptyLine.0.Mathlib.Linter.EmptyLine.initFn._@.Mathlib.Tactic.Linter.EmptyLine.1134681162._hygCtx._hyg.2 took 0.476ms
interpretation of _private.Mathlib.Tactic.Linter.EmptyLine.0.Mathlib.Linter.EmptyLine.initFn._@.Mathlib.Tactic.Linter.EmptyLine.1134681162._hygCtx._hyg.2._boxed took 7ms
interpretation of Mathlib.Linter.linter.globalAttributeIn took 8.32ms
interpretation of _private.Mathlib.Tactic.Linter.GlobalAttributeIn.0.Mathlib.Linter.globalAttributeInLinter.initFn._@.Mathlib.Tactic.Linter.GlobalAttributeIn.3315358037._hygCtx._hyg.2 took 0.578ms
interpretation of _private.Mathlib.Tactic.Linter.GlobalAttributeIn.0.Mathlib.Linter.globalAttributeInLinter.initFn._@.Mathlib.Tactic.Linter.GlobalAttributeIn.3315358037._hygCtx._hyg.2._boxed took 9.93ms
interpretation of Mathlib.Linter.linter.hashCommand took 8.5ms
interpretation of _private.Mathlib.Tactic.Linter.HashCommandLinter.0.Mathlib.Linter.HashCommandLinter.initFn._@.Mathlib.Tactic.Linter.HashCommandLinter.682754668._hygCtx._hyg.2 took 0.826ms
interpretation of _private.Mathlib.Tactic.Linter.HashCommandLinter.0.Mathlib.Linter.HashCommandLinter.initFn._@.Mathlib.Tactic.Linter.HashCommandLinter.682754668._hygCtx._hyg.2._boxed took 16.2ms
interpretation of Mathlib.Linter.HaveILetI.linter.style.haveILetI took 11.2ms
interpretation of Mathlib.Linter.linter.flexible took 5.94ms
interpretation of _private.Mathlib.Tactic.Linter.FlexibleLinter.0.Mathlib.Linter.Flexible.initFn._@.Mathlib.Tactic.Linter.FlexibleLinter.242819373._hygCtx._hyg.2 took 0.553ms
interpretation of _private.Mathlib.Tactic.Linter.FlexibleLinter.0.Mathlib.Linter.Flexible.initFn._@.Mathlib.Tactic.Linter.FlexibleLinter.242819373._hygCtx._hyg.2._boxed took 15.1ms
interpretation of Mathlib.Linter.linter.style.multiGoal took 8.59ms
interpretation of _private.Mathlib.Tactic.Linter.Multigoal.0.Mathlib.Linter.Style.multiGoal.initFn._@.Mathlib.Tactic.Linter.Multigoal.276707340._hygCtx._hyg.2 took 0.832ms
interpretation of _private.Mathlib.Tactic.Linter.Multigoal.0.Mathlib.Linter.Style.multiGoal.initFn._@.Mathlib.Tactic.Linter.Multigoal.276707340._hygCtx._hyg.2._boxed took 18ms
interpretation of Mathlib.Linter.Style.linter.oldObtain took 7.79ms
interpretation of _private.Mathlib.Tactic.Linter.OldObtain.0.Mathlib.Linter.Style.initFn._@.Mathlib.Tactic.Linter.OldObtain.3115300298._hygCtx._hyg.2 took 0.505ms
interpretation of _private.Mathlib.Tactic.Linter.OldObtain.0.Mathlib.Linter.Style.initFn._@.Mathlib.Tactic.Linter.OldObtain.3115300298._hygCtx._hyg.2._boxed took 21.6ms
interpretation of Batteries.Tactic.Lint.batteriesLinterExt took 12.8ms
interpretation of _private.Batteries.Tactic.Lint.Basic.0.Batteries.Tactic.Lint.initFn._@.Batteries.Tactic.Lint.Basic.3164034710._hygCtx._hyg.2 took 0.6ms
interpretation of _private.Batteries.Tactic.Lint.Basic.0.Batteries.Tactic.Lint.initFn._@.Batteries.Tactic.Lint.Basic.3164034710._hygCtx._hyg.2._boxed took 29.5ms
interpretation of Batteries.Tactic.Lint.nolintAttr took 12.1ms
interpretation of Mathlib.Linter.UnusedInstancesInType.linter.unusedDecidableInType took 6.38ms
interpretation of _private.Mathlib.Tactic.Linter.UnusedInstancesInType.0.Mathlib.Linter.UnusedInstancesInType.initFn._@.Mathlib.Tactic.Linter.UnusedInstancesInType.1258466126._hygCtx._hyg.2 took 0.563ms
interpretation of _private.Mathlib.Tactic.Linter.UnusedInstancesInType.0.Mathlib.Linter.UnusedInstancesInType.initFn._@.Mathlib.Tactic.Linter.UnusedInstancesInType.1258466126._hygCtx._hyg.2._boxed took 11.3ms
interpretation of Mathlib.Linter.UnusedInstancesInType.linter.unusedFintypeInType took 4.37ms
interpretation of _private.Mathlib.Tactic.Linter.UnusedInstancesInType.0.Mathlib.Linter.UnusedInstancesInType.initFn._@.Mathlib.Tactic.Linter.UnusedInstancesInType.2867144287._hygCtx._hyg.2 took 0.671ms
interpretation of _private.Mathlib.Tactic.Linter.UnusedInstancesInType.0.Mathlib.Linter.UnusedInstancesInType.initFn._@.Mathlib.Tactic.Linter.UnusedInstancesInType.2867144287._hygCtx._hyg.2._boxed took 3.34ms
interpretation of _private.Mathlib.Tactic.Linter.OverlappingInstances.0.Mathlib.Linter.OverlappingInstances.classProjectionsCache took 1.58ms
interpretation of _private.Mathlib.Tactic.Linter.OverlappingInstances.0.Mathlib.Linter.OverlappingInstances.linter.overlappingInstances took 14.3ms
interpretation of _private.Mathlib.Tactic.Linter.OverlappingInstances.0.Mathlib.Linter.OverlappingInstances.initFn._@.Mathlib.Tactic.Linter.OverlappingInstances.2887050497._hygCtx._hyg.2 took 0.508ms
interpretation of _private.Mathlib.Tactic.Linter.OverlappingInstances.0.Mathlib.Linter.OverlappingInstances.initFn._@.Mathlib.Tactic.Linter.OverlappingInstances.2887050497._hygCtx._hyg.2._boxed took 10.4ms
interpretation of _private.Mathlib.Tactic.Linter.OverlappingInstances.0.Mathlib.Linter.OverlappingInstances.initFn._@.Mathlib.Tactic.Linter.OverlappingInstances.4094535516._hygCtx._hyg.2 took 0.77ms
interpretation of _private.Mathlib.Tactic.Linter.OverlappingInstances.0.Mathlib.Linter.OverlappingInstances.initFn._@.Mathlib.Tactic.Linter.OverlappingInstances.4094535516._hygCtx._hyg.2._boxed took 5.4ms
interpretation of Mathlib.Linter.linter.privateModule took 8.25ms
interpretation of _private.Mathlib.Tactic.Linter.PrivateModule.0.Mathlib.Linter.initFn._@.Mathlib.Tactic.Linter.PrivateModule.3751228466._hygCtx._hyg.2 took 0.535ms
interpretation of _private.Mathlib.Tactic.Linter.PrivateModule.0.Mathlib.Linter.initFn._@.Mathlib.Tactic.Linter.PrivateModule.3751228466._hygCtx._hyg.2._boxed took 13ms
interpretation of Mathlib.Linter.UnusedTactic.allowedUnusedTacticExt took 12.4ms
interpretation of Mathlib.Linter.UnusedTactic.allowedRef took 37.2ms
interpretation of Mathlib.Linter.linter.unusedTactic took 7.5ms
interpretation of _private.Mathlib.Tactic.Linter.UnusedTactic.0.Mathlib.Linter.UnusedTactic.ignoreTacticKindsRef took 53.3ms
interpretation of _private.Mathlib.Tactic.Linter.UnusedTactic.0.Mathlib.Linter.UnusedTactic.initFn._@.Mathlib.Tactic.Linter.UnusedTactic.300650473._hygCtx._hyg.2 took 0.87ms
interpretation of _private.Mathlib.Tactic.Linter.UnusedTactic.0.Mathlib.Linter.UnusedTactic.initFn._@.Mathlib.Tactic.Linter.UnusedTactic.300650473._hygCtx._hyg.2._boxed took 17.1ms
interpretation of Mathlib.Linter.linter.style.setOption took 9.84ms
interpretation of _private.Mathlib.Tactic.Linter.Style.0.Mathlib.Linter.Style.setOption.initFn._@.Mathlib.Tactic.Linter.Style.3512398344._hygCtx._hyg.2 took 1.06ms
interpretation of _private.Mathlib.Tactic.Linter.Style.0.Mathlib.Linter.Style.setOption.initFn._@.Mathlib.Tactic.Linter.Style.3512398344._hygCtx._hyg.2._boxed took 20.7ms
interpretation of Mathlib.Linter.linter.style.missingEnd took 5.69ms
interpretation of _private.Mathlib.Tactic.Linter.Style.0.Mathlib.Linter.Style.missingEnd.initFn._@.Mathlib.Tactic.Linter.Style.3360231377._hygCtx._hyg.2 took 0.609ms
interpretation of _private.Mathlib.Tactic.Linter.Style.0.Mathlib.Linter.Style.missingEnd.initFn._@.Mathlib.Tactic.Linter.Style.3360231377._hygCtx._hyg.2._boxed took 7.86ms
interpretation of Mathlib.Linter.linter.style.cdot took 7.42ms
interpretation of _private.Mathlib.Tactic.Linter.Style.0.Mathlib.Linter.Style.initFn._@.Mathlib.Tactic.Linter.Style.1823831825._hygCtx._hyg.2 took 0.947ms
interpretation of _private.Mathlib.Tactic.Linter.Style.0.Mathlib.Linter.Style.initFn._@.Mathlib.Tactic.Linter.Style.1823831825._hygCtx._hyg.2._boxed took 7.2ms
interpretation of Mathlib.Linter.linter.style.dollarSyntax took 5.26ms
interpretation of _private.Mathlib.Tactic.Linter.Style.0.Mathlib.Linter.Style.dollarSyntax.initFn._@.Mathlib.Tactic.Linter.Style.1303717341._hygCtx._hyg.2 took 0.635ms
interpretation of _private.Mathlib.Tactic.Linter.Style.0.Mathlib.Linter.Style.dollarSyntax.initFn._@.Mathlib.Tactic.Linter.Style.1303717341._hygCtx._hyg.2._boxed took 11.3ms
interpretation of Mathlib.Linter.linter.style.lambdaSyntax took 8.79ms
interpretation of _private.Mathlib.Tactic.Linter.Style.0.Mathlib.Linter.Style.lambdaSyntax.initFn._@.Mathlib.Tactic.Linter.Style.1166937461._hygCtx._hyg.2 took 1.09ms
interpretation of _private.Mathlib.Tactic.Linter.Style.0.Mathlib.Linter.Style.lambdaSyntax.initFn._@.Mathlib.Tactic.Linter.Style.1166937461._hygCtx._hyg.2._boxed took 13.1ms
interpretation of Mathlib.Linter.linter.style.longFile took 4.92ms
interpretation of Mathlib.Linter.linter.style.longFileDefValue took 6.24ms
interpretation of _private.Mathlib.Tactic.Linter.Style.0.Mathlib.Linter.Style.longFile.initFn._@.Mathlib.Tactic.Linter.Style.3199531762._hygCtx._hyg.2 took 0.692ms
interpretation of _private.Mathlib.Tactic.Linter.Style.0.Mathlib.Linter.Style.longFile.initFn._@.Mathlib.Tactic.Linter.Style.3199531762._hygCtx._hyg.2._boxed took 8.82ms
interpretation of Mathlib.Linter.linter.style.longLine took 4.49ms
interpretation of Mathlib.Linter.linter.style.longLine.maxLineLength took 5.84ms
interpretation of _private.Mathlib.Tactic.Linter.Style.0.Mathlib.Linter.Style.longLine.initFn._@.Mathlib.Tactic.Linter.Style.724867545._hygCtx._hyg.2 took 0.586ms
interpretation of _private.Mathlib.Tactic.Linter.Style.0.Mathlib.Linter.Style.longLine.initFn._@.Mathlib.Tactic.Linter.Style.724867545._hygCtx._hyg.2._boxed took 10.7ms
interpretation of Mathlib.Linter.linter.style.nameCheck took 9.3ms
interpretation of _private.Mathlib.Tactic.Linter.Style.0.Mathlib.Linter.Style.nameCheck.initFn._@.Mathlib.Tactic.Linter.Style.1285535146._hygCtx._hyg.2 took 0.969ms
interpretation of _private.Mathlib.Tactic.Linter.Style.0.Mathlib.Linter.Style.nameCheck.initFn._@.Mathlib.Tactic.Linter.Style.1285535146._hygCtx._hyg.2._boxed took 16ms
interpretation of Mathlib.Linter.linter.style.openClassical took 7.77ms
interpretation of _private.Mathlib.Tactic.Linter.Style.0.Mathlib.Linter.Style.openClassical.initFn._@.Mathlib.Tactic.Linter.Style.273924139._hygCtx._hyg.2 took 1.04ms
interpretation of _private.Mathlib.Tactic.Linter.Style.0.Mathlib.Linter.Style.openClassical.initFn._@.Mathlib.Tactic.Linter.Style.273924139._hygCtx._hyg.2._boxed took 11ms
interpretation of Mathlib.Linter.linter.style.show took 5.62ms
interpretation of Mathlib.Linter.linter.style.whitespace took 10.2ms
interpretation of Mathlib.Linter.linter.style.whitespace.verbose took 5.12ms
interpretation of _private.Mathlib.Tactic.Linter.Whitespace.0.Mathlib.Linter.Style.Whitespace.initFn._@.Mathlib.Tactic.Linter.Whitespace.391367517._hygCtx._hyg.2 took 1.05ms
interpretation of _private.Mathlib.Tactic.Linter.Whitespace.0.Mathlib.Linter.Style.Whitespace.initFn._@.Mathlib.Tactic.Linter.Whitespace.391367517._hygCtx._hyg.2._boxed took 29.5ms
interpretation of linter.tacticAnalysis took 5.96ms
interpretation of Mathlib.TacticAnalysis.tacticAnalysisExt took 19ms
interpretation of _private.Mathlib.Tactic.TacticAnalysis.0.Mathlib.TacticAnalysis.initFn._@.Mathlib.Tactic.TacticAnalysis.2535838111._hygCtx._hyg.2 took 0.684ms
interpretation of _private.Mathlib.Tactic.TacticAnalysis.0.Mathlib.TacticAnalysis.initFn._@.Mathlib.Tactic.TacticAnalysis.2535838111._hygCtx._hyg.2._boxed took 20.2ms
interpretation of _private.Mathlib.Tactic.TacticAnalysis.0.Mathlib.TacticAnalysis.initFn._@.Mathlib.Tactic.TacticAnalysis.1736486024._hygCtx._hyg.2 took 1.22ms
interpretation of _private.Mathlib.Tactic.TacticAnalysis.0.Mathlib.TacticAnalysis.initFn._@.Mathlib.Tactic.TacticAnalysis.1736486024._hygCtx._hyg.2._boxed took 9.27ms
interpretation of linter.tacticAnalysis.dummy took 5.31ms
interpretation of linter.tacticAnalysis.regressions.linarithToGrind took 6.43ms
interpretation of linter.tacticAnalysis.regressions.ringToGrind took 3.28ms
interpretation of linter.tacticAnalysis.regressions.omegaToLia took 3ms
interpretation of linter.tacticAnalysis.omegaToLia took 2.21ms
interpretation of linter.tacticAnalysis.rwMerge took 3.08ms
interpretation of linter.tacticAnalysis.mergeWithGrind took 3.08ms
interpretation of linter.tacticAnalysis.terminalToGrind took 3.22ms
interpretation of linter.tacticAnalysis.tryAtEachStep.fraction took 5.04ms
interpretation of linter.tacticAnalysis.tryAtEachStep.showTiming took 4.96ms
interpretation of linter.tacticAnalysis.tryAtEachStep.selfReplacements took 2.9ms
interpretation of linter.tacticAnalysis.tryAtEachStepGrind took 3.11ms
interpretation of linter.tacticAnalysis.tryAtEachStepSimpAll took 4.24ms
interpretation of linter.tacticAnalysis.tryAtEachStepAesop took 4.36ms
interpretation of linter.tacticAnalysis.tryAtEachStepGrindSuggestions took 4.43ms
interpretation of linter.tacticAnalysis.tryAtEachStepSimpAllSuggestions took 3.39ms
interpretation of linter.tacticAnalysis.tryAtEachStepFromEnv took 3.26ms
interpretation of linter.tacticAnalysis.introMerge took 3.12ms
interpretation of linter.tacticAnalysis.verifyGrind took 4.22ms
interpretation of linter.tacticAnalysis.verifyGrindSuggestions took 3.24ms
interpretation of linter.tacticAnalysis.verifyGrindOnly took 3.1ms
interpretation of Batteries.Util.LibraryNote.libraryNoteExt took 11.9ms
interpretation of _private.Batteries.Util.ProofWanted.0.wantedInstancesExt took 19.6ms
interpretation of _private.Batteries.Util.ProofWanted.0.wantedArityExt took 10.1ms
interpretation of Batteries.Tactic.Lint.linter.simpNF.respectTransparency took 9.81ms
interpretation of _private.Batteries.Tactic.Lint.Frontend.0.Batteries.Tactic.Lint.initFn._@.Batteries.Tactic.Lint.Frontend.971841226._hygCtx._hyg.2 took 0.732ms
interpretation of _private.Batteries.Tactic.Lint.Frontend.0.Batteries.Tactic.Lint.initFn._@.Batteries.Tactic.Lint.Frontend.971841226._hygCtx._hyg.2._boxed took 23.6ms
interpretation of Mathlib.Linter.linter.dupNamespace took 8ms
interpretation of _private.Mathlib.Tactic.Linter.Lint.0.Mathlib.Linter.DupNamespaceLinter.initFn._@.Mathlib.Tactic.Linter.Lint.3996576634._hygCtx._hyg.2 took 0.668ms
interpretation of _private.Mathlib.Tactic.Linter.Lint.0.Mathlib.Linter.DupNamespaceLinter.initFn._@.Mathlib.Tactic.Linter.Lint.3996576634._hygCtx._hyg.2._boxed took 23.7ms
interpretation of linter.mathlibStandardSet took 4.75ms
interpretation of linter.nightlyRegressionSet took 4.31ms
interpretation of linter.weeklyLintSet took 5.45ms
interpretation of _private.Batteries.Tactic.Trans.0.Batteries.Tactic.initFn._@.Batteries.Tactic.Trans.2429574326._hygCtx._hyg.2 took 1ms
interpretation of _private.Batteries.Tactic.Trans.0.Batteries.Tactic.initFn._@.Batteries.Tactic.Trans.2429574326._hygCtx._hyg.2._boxed took 20.4ms
interpretation of Batteries.Tactic.transExt took 11.6ms
interpretation of _private.Batteries.Tactic.Trans.0.Batteries.Tactic.initFn._@.Batteries.Tactic.Trans.2247956323._hygCtx._hyg.2 took 0.853ms
interpretation of _private.Batteries.Tactic.Trans.0.Batteries.Tactic.initFn._@.Batteries.Tactic.Trans.2247956323._hygCtx._hyg.2._boxed took 9.17ms
interpretation of eqnsAttribute took 25.7ms
interpretation of _private.Mathlib.Tactic.Eqns.0.initFn._@.Mathlib.Tactic.Eqns.1919312714._hygCtx._hyg.2 took 1.16ms
interpretation of _private.Mathlib.Tactic.Eqns.0.initFn._@.Mathlib.Tactic.Eqns.1919312714._hygCtx._hyg.2._boxed took 2.6ms
interpretation of Mathlib.Tactic.generatingAttrs took 1.75ms
interpretation of _private.Mathlib.Tactic.Translate.Core.0.Mathlib.Tactic.Translate.initFn._@.Mathlib.Tactic.Translate.Core.1162112896._hygCtx._hyg.2 took 0.909ms
interpretation of _private.Mathlib.Tactic.Translate.Core.0.Mathlib.Tactic.Translate.initFn._@.Mathlib.Tactic.Translate.Core.1162112896._hygCtx._hyg.2._boxed took 23.2ms
interpretation of _private.Mathlib.Tactic.Translate.Core.0.Mathlib.Tactic.Translate.initFn._@.Mathlib.Tactic.Translate.Core.4063640531._hygCtx._hyg.2 took 0.937ms
interpretation of _private.Mathlib.Tactic.Translate.Core.0.Mathlib.Tactic.Translate.initFn._@.Mathlib.Tactic.Translate.Core.4063640531._hygCtx._hyg.2._boxed took 4.05ms
interpretation of Mathlib.Tactic.Translate.linter.existingAttributeWarning took 5.59ms
interpretation of Mathlib.Tactic.Translate.linter.translateGenerateName took 4.32ms
interpretation of Mathlib.Tactic.Translate.linter.translateExisting took 5.51ms
interpretation of Mathlib.Tactic.Translate.linter.translateReorder took 4.69ms
interpretation of Mathlib.Tactic.Translate.linter.translateRelevantArg took 4.69ms
interpretation of Mathlib.Tactic.Translate.linter.translateOverwrite took 4.94ms
interpretation of Mathlib.Tactic.Translate.linter.translateRedundant took 6.16ms
interpretation of Mathlib.Tactic.Translate.linter.translate.warnInvalid took 5.31ms
interpretation of Mathlib.Tactic.ToAdditive.ignoreArgsAttr took 8.86ms
interpretation of Mathlib.Tactic.ToAdditive.doTranslateAttr took 3.98ms
interpretation of _private.Mathlib.Tactic.Translate.ToAdditive.0.Mathlib.Tactic.ToAdditive.initFn._@.Mathlib.Tactic.Translate.ToAdditive.3091569921._hygCtx._hyg.2 took 0.963ms
interpretation of _private.Mathlib.Tactic.Translate.ToAdditive.0.Mathlib.Tactic.ToAdditive.initFn._@.Mathlib.Tactic.Translate.ToAdditive.3091569921._hygCtx._hyg.2._boxed took 27.8ms
interpretation of Mathlib.Tactic.ToAdditive.translations took 2.75ms
interpretation of Mathlib.Tactic.ToAdditive.guessNameExt took 404ms
interpretation of _private.Mathlib.Tactic.Translate.ToAdditive.0.Mathlib.Tactic.ToAdditive.initFn._@.Mathlib.Tactic.Translate.ToAdditive.1826194073._hygCtx._hyg.2 took 0.629ms
interpretation of _private.Mathlib.Tactic.Translate.ToAdditive.0.Mathlib.Tactic.ToAdditive.initFn._@.Mathlib.Tactic.Translate.ToAdditive.1826194073._hygCtx._hyg.2._boxed took 11.9ms
interpretation of _private.Mathlib.Tactic.MkIffOfInductiveProp.0.Mathlib.Tactic.MkIff.initFn._@.Mathlib.Tactic.MkIffOfInductiveProp.1665152415._hygCtx._hyg.2 took 0.528ms
interpretation of _private.Mathlib.Tactic.MkIffOfInductiveProp.0.Mathlib.Tactic.MkIff.initFn._@.Mathlib.Tactic.MkIffOfInductiveProp.1665152415._hygCtx._hyg.2._boxed took 21.4ms
interpretation of Simps.notationClassAttr took 6.94ms
interpretation of Lean.Parser.linter.simpsNoConstructor took 8.29ms
interpretation of Lean.Parser.linter.simpsUnusedCustomDeclarations took 5.66ms
interpretation of _private.Mathlib.Tactic.Simps.Basic.0.initFn._@.Mathlib.Tactic.Simps.Basic.462932316._hygCtx._hyg.2 took 0.908ms
interpretation of _private.Mathlib.Tactic.Simps.Basic.0.initFn._@.Mathlib.Tactic.Simps.Basic.462932316._hygCtx._hyg.2._boxed took 18.6ms
interpretation of _private.Mathlib.Tactic.Simps.Basic.0.initFn._@.Mathlib.Tactic.Simps.Basic.3238860256._hygCtx._hyg.2 took 0.667ms
interpretation of _private.Mathlib.Tactic.Simps.Basic.0.initFn._@.Mathlib.Tactic.Simps.Basic.3238860256._hygCtx._hyg.2._boxed took 3.39ms
interpretation of Simps.structureExt took 2.16ms
interpretation of simpsAttr took 7.83ms
interpretation of _private.Mathlib.Tactic.Simps.Basic.0.initFn._@.Mathlib.Tactic.Simps.Basic.2823639423._hygCtx._hyg.2 took 0.677ms
interpretation of _private.Mathlib.Tactic.Simps.Basic.0.initFn._@.Mathlib.Tactic.Simps.Basic.2823639423._hygCtx._hyg.2._boxed took 2.79ms
interpretation of Mathlib.Tactic.Push.pushExt took 12.5ms
interpretation of Mathlib.Tactic.Push.pullExt took 7.2ms
interpretation of _private.Mathlib.Tactic.Push.Attr.0.Mathlib.Tactic.Push.initFn._@.Mathlib.Tactic.Push.Attr.2591766601._hygCtx._hyg.2 took 0.548ms
interpretation of _private.Mathlib.Tactic.Push.Attr.0.Mathlib.Tactic.Push.initFn._@.Mathlib.Tactic.Push.Attr.2591766601._hygCtx._hyg.2._boxed took 19.9ms
interpretation of Mathlib.CrossRef.tagExt took 11.5ms
interpretation of _private.Mathlib.Tactic.CrossRefAttribute.0.Mathlib.CrossRef.initFn._@.Mathlib.Tactic.CrossRefAttribute.2143948442._hygCtx._hyg.2 took 0.58ms
interpretation of _private.Mathlib.Tactic.CrossRefAttribute.0.Mathlib.CrossRef.initFn._@.Mathlib.Tactic.CrossRefAttribute.2143948442._hygCtx._hyg.2._boxed took 23.3ms
interpretation of _private.Mathlib.Tactic.CrossRefAttribute.0.Mathlib.CrossRef.initFn._@.Mathlib.Tactic.CrossRefAttribute.2535236365._hygCtx._hyg.2 took 0.621ms
interpretation of _private.Mathlib.Tactic.CrossRefAttribute.0.Mathlib.CrossRef.initFn._@.Mathlib.Tactic.CrossRefAttribute.2535236365._hygCtx._hyg.2._boxed took 7.67ms
interpretation of _private.Mathlib.Tactic.CrossRefAttribute.0.Mathlib.CrossRef.initFn._@.Mathlib.Tactic.CrossRefAttribute.3593266836._hygCtx._hyg.2 took 0.852ms
interpretation of _private.Mathlib.Tactic.CrossRefAttribute.0.Mathlib.CrossRef.initFn._@.Mathlib.Tactic.CrossRefAttribute.3593266836._hygCtx._hyg.2._boxed took 9.6ms
interpretation of _private.Mathlib.Tactic.CrossRefAttribute.0.Mathlib.CrossRef.initFn._@.Mathlib.Tactic.CrossRefAttribute.1047927000._hygCtx._hyg.2 took 0.628ms
interpretation of _private.Mathlib.Tactic.CrossRefAttribute.0.Mathlib.CrossRef.initFn._@.Mathlib.Tactic.CrossRefAttribute.1047927000._hygCtx._hyg.2._boxed took 7.81ms
interpretation of ext._@.Mathlib.Tactic.Attr.Register.2336186397._hygCtx._hyg.3 took 15.8ms
interpretation of extProc._@.Mathlib.Tactic.Attr.Register.2336186397._hygCtx._hyg.3 took 12ms
interpretation of ext._@.Mathlib.Tactic.Attr.Register.3215534580._hygCtx._hyg.3 took 7.27ms
interpretation of extProc._@.Mathlib.Tactic.Attr.Register.3215534580._hygCtx._hyg.3 took 5.31ms
interpretation of ext._@.Mathlib.Tactic.Attr.Register.1568842782._hygCtx._hyg.3 took 5.2ms
interpretation of extProc._@.Mathlib.Tactic.Attr.Register.1568842782._hygCtx._hyg.3 took 5.56ms
interpretation of ext._@.Mathlib.Tactic.Attr.Register.2899626838._hygCtx._hyg.3 took 5.73ms
interpretation of extProc._@.Mathlib.Tactic.Attr.Register.2899626838._hygCtx._hyg.3 took 5.55ms
interpretation of ext._@.Mathlib.Tactic.Attr.Register.612238087._hygCtx._hyg.3 took 5.44ms
interpretation of extProc._@.Mathlib.Tactic.Attr.Register.612238087._hygCtx._hyg.3 took 6.33ms
interpretation of ext._@.Mathlib.Tactic.Attr.Register.1503578496._hygCtx._hyg.3 took 7.65ms
interpretation of extProc._@.Mathlib.Tactic.Attr.Register.1503578496._hygCtx._hyg.3 took 5.87ms
interpretation of ext._@.Mathlib.Tactic.Attr.Register.2552594532._hygCtx._hyg.3 took 7.19ms
interpretation of extProc._@.Mathlib.Tactic.Attr.Register.2552594532._hygCtx._hyg.3 took 6.75ms
interpretation of ext._@.Mathlib.Tactic.Attr.Register.1133190711._hygCtx._hyg.3 took 7.53ms
interpretation of extProc._@.Mathlib.Tactic.Attr.Register.1133190711._hygCtx._hyg.3 took 7.42ms
interpretation of ext._@.Mathlib.Tactic.Attr.Register.1988518680._hygCtx._hyg.3 took 6.93ms
interpretation of extProc._@.Mathlib.Tactic.Attr.Register.1988518680._hygCtx._hyg.3 took 8.19ms
interpretation of ext._@.Mathlib.Tactic.Attr.Register.479538640._hygCtx._hyg.3 took 6.48ms
interpretation of extProc._@.Mathlib.Tactic.Attr.Register.479538640._hygCtx._hyg.3 took 4.89ms
interpretation of ext._@.Mathlib.Tactic.Attr.Register.3849875863._hygCtx._hyg.3 took 5.07ms
interpretation of extProc._@.Mathlib.Tactic.Attr.Register.3849875863._hygCtx._hyg.3 took 4.63ms
interpretation of ext._@.Mathlib.Tactic.Attr.Register.1131139975._hygCtx._hyg.3 took 7.35ms
interpretation of extProc._@.Mathlib.Tactic.Attr.Register.1131139975._hygCtx._hyg.3 took 7.53ms
interpretation of ext._@.Mathlib.Tactic.Attr.Register.1086225606._hygCtx._hyg.3 took 5.48ms
interpretation of extProc._@.Mathlib.Tactic.Attr.Register.1086225606._hygCtx._hyg.3 took 4.47ms
interpretation of ext._@.Mathlib.Tactic.Attr.Register.2133673922._hygCtx._hyg.3 took 4.43ms
interpretation of extProc._@.Mathlib.Tactic.Attr.Register.2133673922._hygCtx._hyg.3 took 4.41ms
interpretation of ext._@.Mathlib.Tactic.Attr.Register.2811593030._hygCtx._hyg.3 took 4.12ms
interpretation of ext._@.Mathlib.Tactic.Attr.Register.3021440532._hygCtx._hyg.3 took 5.57ms
interpretation of extProc._@.Mathlib.Tactic.Attr.Register.3021440532._hygCtx._hyg.3 took 5.49ms
interpretation of ext._@.Mathlib.Tactic.Attr.Register.2016062075._hygCtx._hyg.3 took 4.89ms
interpretation of extProc._@.Mathlib.Tactic.Attr.Register.2016062075._hygCtx._hyg.3 took 7.72ms
interpretation of ext._@.Mathlib.Tactic.Attr.Register.668879677._hygCtx._hyg.3 took 8.68ms
interpretation of extProc._@.Mathlib.Tactic.Attr.Register.668879677._hygCtx._hyg.3 took 5.99ms
interpretation of ext._@.Mathlib.Tactic.Attr.Register.3369699945._hygCtx._hyg.3 took 5.91ms
interpretation of extProc._@.Mathlib.Tactic.Attr.Register.3369699945._hygCtx._hyg.3 took 5.57ms
interpretation of ext._@.Mathlib.Tactic.Attr.Register.3059584346._hygCtx._hyg.3 took 6.59ms
interpretation of extProc._@.Mathlib.Tactic.Attr.Register.3059584346._hygCtx._hyg.3 took 5.5ms
interpretation of ext._@.Mathlib.Tactic.Attr.Register.85691930._hygCtx._hyg.3 took 6.53ms
interpretation of extProc._@.Mathlib.Tactic.Attr.Register.85691930._hygCtx._hyg.3 took 5.47ms
interpretation of _private.Mathlib.Tactic.SetNotationForOrder.0.Mathlib.Meta.SetNotationForOrder.initFn._@.Mathlib.Tactic.SetNotationForOrder.2300165026._hygCtx._hyg.2 took 0.561ms
interpretation of _private.Mathlib.Tactic.SetNotationForOrder.0.Mathlib.Meta.SetNotationForOrder.initFn._@.Mathlib.Tactic.SetNotationForOrder.2300165026._hygCtx._hyg.2._boxed took 22.4ms
interpretation of _private.Mathlib.Tactic.SetNotationForOrder.0.Mathlib.Meta.SetNotationForOrder.linter.setNotationForOrder took 6.06ms
interpretation of _private.Mathlib.Tactic.SetNotationForOrder.0.Mathlib.Meta.SetNotationForOrder.initFn._@.Mathlib.Tactic.SetNotationForOrder.3871832695._hygCtx._hyg.2 took 0.604ms
interpretation of _private.Mathlib.Tactic.SetNotationForOrder.0.Mathlib.Meta.SetNotationForOrder.initFn._@.Mathlib.Tactic.SetNotationForOrder.3871832695._hygCtx._hyg.2._boxed took 9.76ms
interpretation of Mathlib.Tactic.ToDual.ignoreArgsAttr took 8.16ms
interpretation of Mathlib.Tactic.ToDual.unfoldBoundaries took 13.8ms
interpretation of Mathlib.Tactic.ToDual.doTranslateAttr took 2.35ms
interpretation of _private.Mathlib.Tactic.Translate.ToDual.0.Mathlib.Tactic.ToDual.initFn._@.Mathlib.Tactic.Translate.ToDual.4009335259._hygCtx._hyg.2 took 0.535ms
interpretation of _private.Mathlib.Tactic.Translate.ToDual.0.Mathlib.Tactic.ToDual.initFn._@.Mathlib.Tactic.Translate.ToDual.4009335259._hygCtx._hyg.2._boxed took 25.7ms
interpretation of Mathlib.Tactic.ToDual.translations took 3.86ms
interpretation of Mathlib.Tactic.ToDual.guessNameExt took 356ms
interpretation of _private.Mathlib.Tactic.Translate.ToDual.0.Mathlib.Tactic.ToDual.initFn._@.Mathlib.Tactic.Translate.ToDual.1319075495._hygCtx._hyg.2 took 0.507ms
interpretation of _private.Mathlib.Tactic.Translate.ToDual.0.Mathlib.Tactic.ToDual.initFn._@.Mathlib.Tactic.Translate.ToDual.1319075495._hygCtx._hyg.2._boxed took 8.14ms
interpretation of _private.Mathlib.Tactic.Use.0.Mathlib.Tactic.initFn._@.Mathlib.Tactic.Use.721082523._hygCtx._hyg.2 took 1.17ms
interpretation of _private.Mathlib.Tactic.Use.0.Mathlib.Tactic.initFn._@.Mathlib.Tactic.Use.721082523._hygCtx._hyg.2._boxed took 13.9ms
interpretation of Batteries.Linter.linter.unreachableTactic took 6.76ms
interpretation of Batteries.Linter.UnreachableTactic.ignoreTacticKindsRef took 22.6ms
interpretation of _private.Batteries.Linter.UnreachableTactic.0.Batteries.Linter.UnreachableTactic.initFn._@.Batteries.Linter.UnreachableTactic.179727238._hygCtx._hyg.2 took 1.05ms
interpretation of _private.Batteries.Linter.UnreachableTactic.0.Batteries.Linter.UnreachableTactic.initFn._@.Batteries.Linter.UnreachableTactic.179727238._hygCtx._hyg.2._boxed took 6.08ms
interpretation of _private.Mathlib.Util.Notation3.0.Mathlib.Notation3.initFn._@.Mathlib.Util.Notation3.790138031._hygCtx._hyg.2 took 0.548ms
interpretation of _private.Mathlib.Util.Notation3.0.Mathlib.Notation3.initFn._@.Mathlib.Util.Notation3.790138031._hygCtx._hyg.2._boxed took 15.1ms
interpretation of _private.Mathlib.Util.Notation3.0.Mathlib.Notation3.initFn._@.Mathlib.Util.Notation3.1308797801._hygCtx._hyg.2 took 0.496ms
interpretation of _private.Mathlib.Util.Notation3.0.Mathlib.Notation3.initFn._@.Mathlib.Util.Notation3.1308797801._hygCtx._hyg.2._boxed took 1.24ms
interpretation of Aesop.aesop.smallErrorMessages took 8.72ms
interpretation of Aesop.TraceOption.steps took 7.9ms
interpretation of Aesop.TraceOption.ruleSet took 3.5ms
interpretation of Aesop.TraceOption.proof took 3.32ms
interpretation of Aesop.TraceOption.tree took 3.31ms
interpretation of Aesop.TraceOption.extraction took 3.38ms
interpretation of Aesop.TraceOption.stats took 3.34ms
interpretation of Aesop.TraceOption.debug took 3.57ms
interpretation of Aesop.TraceOption.script took 3.78ms
interpretation of Aesop.TraceOption.forward took 4.2ms
interpretation of Aesop.TraceOption.forwardDebug took 2.7ms
interpretation of Aesop.TraceOption.rpinf took 3.32ms
interpretation of _private.Aesop.Util.EqualUpToIds.0.Aesop.initFn._@.Aesop.Util.EqualUpToIds.1192428161._hygCtx._hyg.2 took 0.678ms
interpretation of _private.Aesop.Util.EqualUpToIds.0.Aesop.initFn._@.Aesop.Util.EqualUpToIds.1192428161._hygCtx._hyg.2._boxed took 12.3ms
interpretation of Aesop.Check.all took 8.52ms
interpretation of Aesop.option._@.Aesop.Check.3841271143._hygCtx._hyg.3 took 15.2ms
interpretation of Aesop.option._@.Aesop.Check.445867947._hygCtx._hyg.3 took 8.7ms
interpretation of Aesop.option._@.Aesop.Check.611402289._hygCtx._hyg.3 took 6.38ms
interpretation of Aesop.option._@.Aesop.Check.1191392668._hygCtx._hyg.3 took 7.44ms
interpretation of Aesop.option._@.Aesop.Check.2536445200._hygCtx._hyg.3 took 8.04ms
interpretation of Aesop.aesop.dev.dynamicStructuring took 9.26ms
interpretation of Aesop.aesop.dev.optimizedDynamicStructuring took 4.51ms
interpretation of Aesop.aesop.dev.generateScript took 4.59ms
interpretation of Aesop.aesop.dev.statefulForward took 4.61ms
interpretation of Aesop.aesop.warn.applyIff took 5.23ms
interpretation of Aesop.aesop.warn.nonterminal took 4.8ms
interpretation of Aesop.aesop.collectStats took 6.78ms
interpretation of Aesop.aesop.stats.file took 7.55ms
interpretation of Batteries.Linter.linter.unnecessarySeqFocus took 6.01ms
interpretation of Batteries.Linter.UnnecessarySeqFocus.multigoalAttr took 38.8ms
interpretation of _private.Batteries.Linter.UnnecessarySeqFocus.0.Batteries.Linter.UnnecessarySeqFocus.initFn._@.Batteries.Linter.UnnecessarySeqFocus.3311112716._hygCtx._hyg.2 took 0.566ms
interpretation of _private.Batteries.Linter.UnnecessarySeqFocus.0.Batteries.Linter.UnnecessarySeqFocus.initFn._@.Batteries.Linter.UnnecessarySeqFocus.3311112716._hygCtx._hyg.2._boxed took 5.46ms
interpretation of Aesop.safeExpansionFailedExceptionId took 3.16ms
interpretation of Aesop.declaredRuleSetsRef took 3.53ms
interpretation of _private.Aesop.Frontend.Extension.0.Aesop.Frontend.initFn._@.Aesop.Frontend.Extension.3818590508._hygCtx._hyg.2 took 0.474ms
interpretation of _private.Aesop.Frontend.Extension.0.Aesop.Frontend.initFn._@.Aesop.Frontend.Extension.3818590508._hygCtx._hyg.2._boxed took 38ms
interpretation of _private.Aesop.Frontend.Tactic.0.Aesop.Frontend.Parser.initFn._@.Aesop.Frontend.Tactic.1696840279._hygCtx._hyg.2 took 0.583ms
interpretation of _private.Aesop.Frontend.Tactic.0.Aesop.Frontend.Parser.initFn._@.Aesop.Frontend.Tactic.1696840279._hygCtx._hyg.2._boxed took 4.65ms
interpretation of Aesop.statsExtension took 9.68ms
interpretation of _private.Aesop.Frontend.Attribute.0.Aesop.Frontend.initFn._@.Aesop.Frontend.Attribute.2269118540._hygCtx._hyg.2 took 0.833ms
interpretation of _private.Aesop.Frontend.Attribute.0.Aesop.Frontend.initFn._@.Aesop.Frontend.Attribute.2269118540._hygCtx._hyg.2._boxed took 21.2ms
interpretation of _private.Aesop.Frontend.Command.0.Aesop.Frontend.Parser.initFn._@.Aesop.Frontend.Command.470559899._hygCtx._hyg.2 took 0.484ms
interpretation of _private.Aesop.Frontend.Command.0.Aesop.Frontend.Parser.initFn._@.Aesop.Frontend.Command.470559899._hygCtx._hyg.2._boxed took 2.91ms
interpretation of _private.Aesop.Saturate.0.Aesop.initFn._@.Aesop.Saturate.2642905901._hygCtx._hyg.2 took 0.727ms
interpretation of _private.Aesop.Saturate.0.Aesop.initFn._@.Aesop.Saturate.2642905901._hygCtx._hyg.2._boxed took 19.3ms
interpretation of _private.Mathlib.Tactic.DepRewrite.0.Mathlib.Tactic.DepRewrite.initFn._@.Mathlib.Tactic.DepRewrite.762945641._hygCtx._hyg.2 took 0.511ms
interpretation of _private.Mathlib.Tactic.DepRewrite.0.Mathlib.Tactic.DepRewrite.initFn._@.Mathlib.Tactic.DepRewrite.762945641._hygCtx._hyg.2._boxed took 22.3ms
interpretation of _private.Mathlib.Lean.Meta.CongrTheorems.0.Lean.Meta.initFn._@.Mathlib.Lean.Meta.CongrTheorems.3122272532._hygCtx._hyg.2 took 0.534ms
interpretation of _private.Mathlib.Lean.Meta.CongrTheorems.0.Lean.Meta.initFn._@.Mathlib.Lean.Meta.CongrTheorems.3122272532._hygCtx._hyg.2._boxed took 16ms
interpretation of _private.Mathlib.Tactic.CongrExclamation.0.initFn._@.Mathlib.Tactic.CongrExclamation.2899176114._hygCtx._hyg.2 took 0.545ms
interpretation of _private.Mathlib.Tactic.CongrExclamation.0.initFn._@.Mathlib.Tactic.CongrExclamation.2899176114._hygCtx._hyg.2._boxed took 14.2ms
interpretation of _private.Mathlib.Tactic.CongrExclamation.0.initFn._@.Mathlib.Tactic.CongrExclamation.842475840._hygCtx._hyg.2 took 0.675ms
interpretation of _private.Mathlib.Tactic.CongrExclamation.0.initFn._@.Mathlib.Tactic.CongrExclamation.842475840._hygCtx._hyg.2._boxed took 3.63ms
interpretation of Mathlib.Tactic.Push.push_neg.use_distrib took 7.02ms
interpretation of Mathlib.Tactic.Contrapose.contrapose.negate_iff took 6.46ms
interpretation of _private.Mathlib.Tactic.FBinop.0.FBinopElab.initFn._@.Mathlib.Tactic.FBinop.1378038792._hygCtx._hyg.2 took 0.683ms
interpretation of _private.Mathlib.Tactic.FBinop.0.FBinopElab.initFn._@.Mathlib.Tactic.FBinop.1378038792._hygCtx._hyg.2._boxed took 15ms
interpretation of Qq.Impl.pp.qq took 11ms
interpretation of Mathlib.Tactic.GCongr.forwardExt took 12.9ms
interpretation of _private.Mathlib.Tactic.GCongr.ForwardAttr.0.Mathlib.Tactic.GCongr.initFn._@.Mathlib.Tactic.GCongr.ForwardAttr.3318740503._hygCtx._hyg.2 took 0.46ms
interpretation of _private.Mathlib.Tactic.GCongr.ForwardAttr.0.Mathlib.Tactic.GCongr.initFn._@.Mathlib.Tactic.GCongr.ForwardAttr.3318740503._hygCtx._hyg.2._boxed took 21.6ms
interpretation of Mathlib.Tactic.GCongr.gcongrExt took 8.85ms
interpretation of _private.Mathlib.Tactic.GCongr.Core.0.Mathlib.Tactic.GCongr.initFn._@.Mathlib.Tactic.GCongr.Core.703138361._hygCtx._hyg.2 took 0.687ms
interpretation of _private.Mathlib.Tactic.GCongr.Core.0.Mathlib.Tactic.GCongr.initFn._@.Mathlib.Tactic.GCongr.Core.703138361._hygCtx._hyg.2._boxed took 20ms
interpretation of _private.Mathlib.Tactic.GCongr.Core.0.Mathlib.Tactic.GCongr.initFn._@.Mathlib.Tactic.GCongr.Core.1465912347._hygCtx._hyg.2 took 0.774ms
interpretation of _private.Mathlib.Tactic.GCongr.Core.0.Mathlib.Tactic.GCongr.initFn._@.Mathlib.Tactic.GCongr.Core.1465912347._hygCtx._hyg.2._boxed took 5.03ms
interpretation of _private.Mathlib.Tactic.FastInstance.0.Mathlib.Elab.FastInstance.initFn._@.Mathlib.Tactic.FastInstance.414705255._hygCtx._hyg.2 took 0.504ms
interpretation of _private.Mathlib.Tactic.FastInstance.0.Mathlib.Elab.FastInstance.initFn._@.Mathlib.Tactic.FastInstance.414705255._hygCtx._hyg.2._boxed took 17.9ms
interpretation of _private.Mathlib.Tactic.FastInstance.0.Mathlib.Elab.FastInstance.linter.fast_instance_existing took 6.04ms
interpretation of Prod.PrettyPrinting.pp.numericProj.prod took 8.04ms
interpretation of _private.Mathlib.Tactic.Finiteness.Attr.0.initFn._@.Mathlib.Tactic.Finiteness.Attr.3268942160._hygCtx._hyg.3 took 0.914ms
interpretation of _private.Mathlib.Tactic.Finiteness.Attr.0.initFn._@.Mathlib.Tactic.Finiteness.Attr.3268942160._hygCtx._hyg.3._boxed took 8.03ms
interpretation of _private.Mathlib.Tactic.GRewrite.Core.0.Mathlib.Tactic.GRewrite.initFn._@.Mathlib.Tactic.GRewrite.Core.3959275054._hygCtx._hyg.2 took 0.493ms
interpretation of _private.Mathlib.Tactic.GRewrite.Core.0.Mathlib.Tactic.GRewrite.initFn._@.Mathlib.Tactic.GRewrite.Core.3959275054._hygCtx._hyg.2._boxed took 16.9ms
interpretation of Mathlib.Tactic.Monotonicity.Attr.ext took 4.7ms
interpretation of _private.Mathlib.Tactic.PPWithUniv.0.Mathlib.PPWithUniv.initFn._@.Mathlib.Tactic.PPWithUniv.1553184991._hygCtx._hyg.2 took 0.674ms
interpretation of _private.Mathlib.Tactic.PPWithUniv.0.Mathlib.PPWithUniv.initFn._@.Mathlib.Tactic.PPWithUniv.1553184991._hygCtx._hyg.2._boxed took 16.8ms
interpretation of _private.Mathlib.Tactic.Bound.Init.0.initFn._@.Mathlib.Tactic.Bound.Init.1206815526._hygCtx._hyg.3 took 0.563ms
interpretation of _private.Mathlib.Tactic.Bound.Init.0.initFn._@.Mathlib.Tactic.Bound.Init.1206815526._hygCtx._hyg.3._boxed took 4.43ms
interpretation of _private.Mathlib.Tactic.Bound.Attribute.0.Mathlib.Tactic.Bound.initFn._@.Mathlib.Tactic.Bound.Attribute.1868565755._hygCtx._hyg.2 took 0.467ms
interpretation of _private.Mathlib.Tactic.Bound.Attribute.0.Mathlib.Tactic.Bound.initFn._@.Mathlib.Tactic.Bound.Attribute.1868565755._hygCtx._hyg.2._boxed took 18.9ms
interpretation of _private.Mathlib.Tactic.Bound.Attribute.0.Mathlib.Tactic.Bound.initFn._@.Mathlib.Tactic.Bound.Attribute.2543913104._hygCtx._hyg.2 took 0.463ms
interpretation of _private.Mathlib.Tactic.Bound.Attribute.0.Mathlib.Tactic.Bound.initFn._@.Mathlib.Tactic.Bound.Attribute.2543913104._hygCtx._hyg.2._boxed took 8.29ms
interpretation of _private.Mathlib.Tactic.Tauto.0.Mathlib.Tactic.Tauto.initFn._@.Mathlib.Tactic.Tauto.3330388757._hygCtx._hyg.2 took 0.504ms
interpretation of _private.Mathlib.Tactic.Tauto.0.Mathlib.Tactic.Tauto.initFn._@.Mathlib.Tactic.Tauto.3330388757._hygCtx._hyg.2._boxed took 12.1ms
interpretation of linter.tacticAnalysis.tautoToGrind took 4.12ms
interpretation of linter.tacticAnalysis.regressions.tautoToGrind took 1.93ms
interpretation of _private.Plausible.Attr.0.initFn._@.Plausible.Attr.63533076._hygCtx._hyg.2 took 0.732ms
interpretation of _private.Plausible.Attr.0.initFn._@.Plausible.Attr.63533076._hygCtx._hyg.2._boxed took 15.1ms
interpretation of _private.Plausible.Attr.0.initFn._@.Plausible.Attr.1795135802._hygCtx._hyg.2 took 0.896ms
interpretation of _private.Plausible.Attr.0.initFn._@.Plausible.Attr.1795135802._hygCtx._hyg.2._boxed took 4.31ms
interpretation of _private.Plausible.Attr.0.initFn._@.Plausible.Attr.3035915354._hygCtx._hyg.2 took 1.16ms
interpretation of _private.Plausible.Attr.0.initFn._@.Plausible.Attr.3035915354._hygCtx._hyg.2._boxed took 6.04ms
interpretation of _private.Plausible.Attr.0.initFn._@.Plausible.Attr.357558705._hygCtx._hyg.2 took 0.768ms
interpretation of _private.Plausible.Attr.0.initFn._@.Plausible.Attr.357558705._hygCtx._hyg.2._boxed took 5.43ms
interpretation of _private.Plausible.Attr.0.initFn._@.Plausible.Attr.3527612237._hygCtx._hyg.2 took 1.24ms
interpretation of _private.Plausible.Attr.0.initFn._@.Plausible.Attr.3527612237._hygCtx._hyg.2._boxed took 7.96ms
interpretation of _private.Plausible.Attr.0.initFn._@.Plausible.Attr.873308310._hygCtx._hyg.2 took 1.36ms
interpretation of _private.Plausible.Attr.0.initFn._@.Plausible.Attr.873308310._hygCtx._hyg.2._boxed took 8.69ms
interpretation of _private.Plausible.Attr.0.initFn._@.Plausible.Attr.3269784351._hygCtx._hyg.2 took 0.864ms
interpretation of _private.Plausible.Attr.0.initFn._@.Plausible.Attr.3269784351._hygCtx._hyg.2._boxed took 6.96ms
interpretation of _private.Plausible.DeriveArbitrary.0.Plausible.initFn._@.Plausible.DeriveArbitrary.3192332529._hygCtx._hyg.2 took 0.497ms
interpretation of _private.Plausible.DeriveArbitrary.0.Plausible.initFn._@.Plausible.DeriveArbitrary.3192332529._hygCtx._hyg.2._boxed took 2.9ms
interpretation of _private.Plausible.DeriveShrinkable.0.initFn._@.Plausible.DeriveShrinkable.2530155140._hygCtx._hyg.2 took 0.659ms
interpretation of _private.Plausible.DeriveShrinkable.0.initFn._@.Plausible.DeriveShrinkable.2530155140._hygCtx._hyg.2._boxed took 14.6ms
interpretation of _private.Plausible.DeriveShrinkable.0.Plausible.initFn._@.Plausible.DeriveShrinkable.2607000457._hygCtx._hyg.2 took 1.09ms
interpretation of _private.Plausible.DeriveShrinkable.0.Plausible.initFn._@.Plausible.DeriveShrinkable.2607000457._hygCtx._hyg.2._boxed took 4.62ms
interpretation of _private.Batteries.Tactic.GeneralizeProofs.0.Batteries.Tactic.initFn._@.Batteries.Tactic.GeneralizeProofs.228762948._hygCtx._hyg.2 took 0.502ms
interpretation of _private.Batteries.Tactic.GeneralizeProofs.0.Batteries.Tactic.initFn._@.Batteries.Tactic.GeneralizeProofs.228762948._hygCtx._hyg.2._boxed took 16.9ms
interpretation of Batteries.CodeAction.tacticSeqCodeActionExt took 13.5ms
interpretation of Batteries.CodeAction.tacticCodeActionExt took 14.1ms
interpretation of _private.Batteries.CodeAction.Attr.0.Batteries.CodeAction.initFn._@.Batteries.CodeAction.Attr.2443277903._hygCtx._hyg.2 took 0.507ms
interpretation of _private.Batteries.CodeAction.Attr.0.Batteries.CodeAction.initFn._@.Batteries.CodeAction.Attr.2443277903._hygCtx._hyg.2._boxed took 16.1ms
interpretation of leansearch.queries took 4.58ms
interpretation of loogle.queries took 3.33ms
interpretation of statesearch.queries took 3.38ms
interpretation of statesearch.revision took 5.75ms
interpretation of leansearchclient.useragent took 5.48ms
interpretation of leansearchclient.backend took 4.14ms
interpretation of LeanSearchClient.leanSearchCache took 2.26ms
interpretation of LeanSearchClient.stateSearchCache took 2.15ms
interpretation of LeanSearchClient.loogleCache took 2.19ms
interpretation of Mathlib.Tactic.ClickSuggestions.click_suggestions.debug took 7.19ms
interpretation of Mathlib.Tactic.ClickSuggestions.rwRef took 1.41ms
interpretation of Mathlib.Tactic.ClickSuggestions.grwRef took 1.17ms
interpretation of Mathlib.Tactic.ClickSuggestions.appRef took 2.15ms
interpretation of Mathlib.Tactic.ClickSuggestions.appAtRef took 1.52ms
interpretation of ProofWidgets.runningRequests took 2.35ms
interpretation of _private.ProofWidgets.Cancellable.0.ProofWidgets.initFn._@.ProofWidgets.Cancellable.680169540._hygCtx._hyg.2 took 0.436ms
interpretation of _private.ProofWidgets.Cancellable.0.ProofWidgets.initFn._@.ProofWidgets.Cancellable.680169540._hygCtx._hyg.2._boxed took 13.5ms
interpretation of _private.Mathlib.Tactic.TermCongr.0.Mathlib.Tactic.TermCongr.initFn._@.Mathlib.Tactic.TermCongr.920020848._hygCtx._hyg.2 took 0.453ms
interpretation of _private.Mathlib.Tactic.TermCongr.0.Mathlib.Tactic.TermCongr.initFn._@.Mathlib.Tactic.TermCongr.920020848._hygCtx._hyg.2._boxed took 13.8ms
interpretation of _private.Mathlib.Tactic.CongrM.0.Mathlib.Tactic.initFn._@.Mathlib.Tactic.CongrM.1572680169._hygCtx._hyg.2 took 0.429ms
interpretation of _private.Mathlib.Tactic.CongrM.0.Mathlib.Tactic.initFn._@.Mathlib.Tactic.CongrM.1572680169._hygCtx._hyg.2._boxed took 11.3ms
interpretation of Mathlib.Tactic.Erw?.tactic.erw?.verbose took 6.87ms
interpretation of Mathlib.Tactic.Find.findDeclsPerHead took 7.05ms
interpretation of Mathlib.Meta.FunProp.funPropDeclsExt took 12.7ms
interpretation of _private.Mathlib.Tactic.FunProp.Types.0.Mathlib.Meta.FunProp.initFn._@.Mathlib.Tactic.FunProp.Types.33604414._hygCtx._hyg.2 took 0.473ms
interpretation of _private.Mathlib.Tactic.FunProp.Types.0.Mathlib.Meta.FunProp.initFn._@.Mathlib.Tactic.FunProp.Types.33604414._hygCtx._hyg.2._boxed took 14.9ms
interpretation of _private.Mathlib.Tactic.FunProp.Types.0.Mathlib.Meta.FunProp.initFn._@.Mathlib.Tactic.FunProp.Types.1258255133._hygCtx._hyg.2 took 0.477ms
interpretation of _private.Mathlib.Tactic.FunProp.Types.0.Mathlib.Meta.FunProp.initFn._@.Mathlib.Tactic.FunProp.Types.1258255133._hygCtx._hyg.2._boxed took 3.21ms
interpretation of _private.Mathlib.Tactic.FunProp.Types.0.Mathlib.Meta.FunProp.initFn._@.Mathlib.Tactic.FunProp.Types.4092581443._hygCtx._hyg.2 took 0.472ms
interpretation of _private.Mathlib.Tactic.FunProp.Types.0.Mathlib.Meta.FunProp.initFn._@.Mathlib.Tactic.FunProp.Types.4092581443._hygCtx._hyg.2._boxed took 3.16ms
interpretation of Mathlib.Meta.FunProp.lambdaTheoremsExt took 9.36ms
interpretation of Mathlib.Meta.FunProp.functionTheoremsExt took 6.79ms
interpretation of Mathlib.Meta.FunProp.transitionTheoremsExt took 11.4ms
interpretation of Mathlib.Meta.FunProp.morTheoremsExt took 3.45ms
interpretation of _private.Mathlib.Tactic.FunProp.Attr.0.Mathlib.Meta.FunProp.initFn._@.Mathlib.Tactic.FunProp.Attr.1199799326._hygCtx._hyg.2 took 0.705ms
interpretation of _private.Mathlib.Tactic.FunProp.Attr.0.Mathlib.Meta.FunProp.initFn._@.Mathlib.Tactic.FunProp.Attr.1199799326._hygCtx._hyg.2._boxed took 21.4ms
interpretation of Mathlib.Tactic.Hint.hintExtension took 12.5ms
interpretation of _private.Mathlib.Tactic.Hint.0.Mathlib.Tactic.Hint.initFn._@.Mathlib.Tactic.Hint.3357253919._hygCtx._hyg.2 took 0.481ms
interpretation of _private.Mathlib.Tactic.Hint.0.Mathlib.Tactic.Hint.initFn._@.Mathlib.Tactic.Hint.3357253919._hygCtx._hyg.2._boxed took 1.19ms
interpretation of ext._@.Mathlib.Tactic.GrindAttrs.943899233._hygCtx._hyg.3 took 13.4ms
interpretation of ext._@.Mathlib.Tactic.GrindAttrs.2614774725._hygCtx._hyg.3 took 4.87ms
interpretation of Mathlib.Tactic.higherOrderAttr took 13.5ms
interpretation of Mathlib.Linter.linter.haveLet took 8.53ms
interpretation of _private.Mathlib.Tactic.Linter.HaveLetLinter.0.Mathlib.Linter.haveLet.initFn._@.Mathlib.Tactic.Linter.HaveLetLinter.3906617390._hygCtx._hyg.2 took 0.634ms
interpretation of _private.Mathlib.Tactic.Linter.HaveLetLinter.0.Mathlib.Linter.haveLet.initFn._@.Mathlib.Tactic.Linter.HaveLetLinter.3906617390._hygCtx._hyg.2._boxed took 15ms
interpretation of _private.Mathlib.Tactic.Linter.MinImports.0.Mathlib.Linter.minImportsRef took 1.86ms
interpretation of Mathlib.Linter.linter.minImports took 6.16ms
interpretation of Mathlib.Linter.linter.minImports.increases took 4.91ms
interpretation of _private.Mathlib.Tactic.Linter.MinImports.0.Mathlib.Linter.MinImports.initFn._@.Mathlib.Tactic.Linter.MinImports.1947129272._hygCtx._hyg.2 took 0.583ms
interpretation of _private.Mathlib.Tactic.Linter.MinImports.0.Mathlib.Linter.MinImports.initFn._@.Mathlib.Tactic.Linter.MinImports.1947129272._hygCtx._hyg.2._boxed took 15.7ms
interpretation of Mathlib.Linter.linter.ppRoundtrip took 6.44ms
interpretation of _private.Mathlib.Tactic.Linter.PPRoundtrip.0.Mathlib.Linter.PPRoundtrip.initFn._@.Mathlib.Tactic.Linter.PPRoundtrip.3724386594._hygCtx._hyg.2 took 0.502ms
interpretation of _private.Mathlib.Tactic.Linter.PPRoundtrip.0.Mathlib.Linter.PPRoundtrip.initFn._@.Mathlib.Tactic.Linter.PPRoundtrip.3724386594._hygCtx._hyg.2._boxed took 13.5ms
interpretation of Mathlib.Linter.linter.upstreamableDecl took 5.9ms
interpretation of Mathlib.Linter.linter.upstreamableDecl.defs took 5.33ms
interpretation of Mathlib.Linter.linter.upstreamableDecl.private took 4.03ms
interpretation of _private.Mathlib.Tactic.Linter.UpstreamableDecl.0.Mathlib.Linter.DoubleImports.initFn._@.Mathlib.Tactic.Linter.UpstreamableDecl.380890088._hygCtx._hyg.2 took 0.597ms
interpretation of _private.Mathlib.Tactic.Linter.UpstreamableDecl.0.Mathlib.Linter.DoubleImports.initFn._@.Mathlib.Tactic.Linter.UpstreamableDecl.380890088._hygCtx._hyg.2._boxed took 13.2ms
interpretation of Mathlib.Tactic.Says.says.verify took 6.5ms
interpretation of Mathlib.Tactic.Says.says.no_verify_in_CI took 3.65ms
interpretation of _private.Mathlib.Tactic.Says.0.Mathlib.Tactic.Says.initFn._@.Mathlib.Tactic.Says.31067479._hygCtx._hyg.2 took 0.621ms
interpretation of _private.Mathlib.Tactic.Says.0.Mathlib.Tactic.Says.initFn._@.Mathlib.Tactic.Says.31067479._hygCtx._hyg.2._boxed took 0.596ms
interpretation of _private.Mathlib.Tactic.ToFun.0.Mathlib.Tactic.initFn._@.Mathlib.Tactic.ToFun.2055784324._hygCtx._hyg.2 took 0.628ms
interpretation of _private.Mathlib.Tactic.ToFun.0.Mathlib.Tactic.initFn._@.Mathlib.Tactic.ToFun.2055784324._hygCtx._hyg.2._boxed took 17.6ms
interpretation of _private.Mathlib.Tactic.Variable.0.Mathlib.Command.Variable.initFn._@.Mathlib.Tactic.Variable.1422233303._hygCtx._hyg.2 took 0.506ms
interpretation of _private.Mathlib.Tactic.Variable.0.Mathlib.Command.Variable.initFn._@.Mathlib.Tactic.Variable.1422233303._hygCtx._hyg.2._boxed took 20.5ms
interpretation of Mathlib.Command.Variable.variable?.maxSteps took 4.19ms
interpretation of Mathlib.Command.Variable.variable?.checkRedundant took 3.99ms
interpretation of Mathlib.Command.Variable.variableAliasAttr took 4.61ms
interpretation of _private.Mathlib.Tactic.Widget.SelectInsertParamsClass.0.Lean.Elab.initFn._@.Mathlib.Tactic.Widget.SelectInsertParamsClass.1629491121._hygCtx._hyg.2 took 0.522ms
interpretation of _private.Mathlib.Tactic.Widget.SelectInsertParamsClass.0.Lean.Elab.initFn._@.Mathlib.Tactic.Widget.SelectInsertParamsClass.1629491121._hygCtx._hyg.2._boxed took 2.09ms
interpretation of _private.Mathlib.Tactic.Widget.LibraryRewrite.0.Mathlib.Tactic.LibraryRewrite.ExtState.default took 1.35ms
interpretation of _private.Mathlib.Tactic.Widget.LibraryRewrite.0.Mathlib.Tactic.LibraryRewrite.importedRewriteLemmasExt took 2.35ms
interpretation of _private.Mathlib.Tactic.Widget.LibraryRewrite.0.Mathlib.Tactic.LibraryRewrite.initFn._@.Mathlib.Tactic.Widget.LibraryRewrite.1677067558._hygCtx._hyg.2 took 0.522ms
interpretation of _private.Mathlib.Tactic.Widget.LibraryRewrite.0.Mathlib.Tactic.LibraryRewrite.initFn._@.Mathlib.Tactic.Widget.LibraryRewrite.1677067558._hygCtx._hyg.2._boxed took 17.9ms
interpretation of Mathlib.Linter.linter.countHeartbeats took 6.38ms
interpretation of Mathlib.Linter.linter.countHeartbeatsApprox took 2.51ms
interpretation of _private.Mathlib.Util.CountHeartbeats.0.Mathlib.Linter.CountHeartbeats.initFn._@.Mathlib.Util.CountHeartbeats.347709687._hygCtx._hyg.8 took 0.335ms
interpretation of _private.Mathlib.Util.CountHeartbeats.0.Mathlib.Linter.CountHeartbeats.initFn._@.Mathlib.Util.CountHeartbeats.347709687._hygCtx._hyg.8._boxed took 5.18ms
interpretation of Mathlib.Tactic.TFAE.useDeprecated took 3.9ms
interpretation of Mathlib.pp.mathlib.binderPredicates took 5.64ms
interpretation of _private.Mathlib.Tactic.SetLike.0.initFn._@.Mathlib.Tactic.SetLike.3544750014._hygCtx._hyg.3 took 0.641ms
interpretation of _private.Mathlib.Tactic.SetLike.0.initFn._@.Mathlib.Tactic.SetLike.3544750014._hygCtx._hyg.3._boxed took 6.36ms
interpretation of _private.Mathlib.Tactic.SetLike.0.initFn._@.Mathlib.Tactic.SetLike.2158599001._hygCtx._hyg.3 took 0.783ms
interpretation of _private.Mathlib.Tactic.SetLike.0.initFn._@.Mathlib.Tactic.SetLike.2158599001._hygCtx._hyg.3._boxed took 8.58ms
interpretation of _private.Mathlib.Tactic.NormNum.Core.0.Mathlib.Meta.NormNum.initFn._@.Mathlib.Tactic.NormNum.Core.3041507515._hygCtx._hyg.2 took 0.551ms
interpretation of _private.Mathlib.Tactic.NormNum.Core.0.Mathlib.Meta.NormNum.initFn._@.Mathlib.Tactic.NormNum.Core.3041507515._hygCtx._hyg.2._boxed took 14.6ms
interpretation of Mathlib.Meta.NormNum.normNumExt took 10.6ms
interpretation of _private.Mathlib.Tactic.NormNum.Core.0.Mathlib.Meta.NormNum.initFn._@.Mathlib.Tactic.NormNum.Core.1919626320._hygCtx._hyg.2 took 0.421ms
interpretation of _private.Mathlib.Tactic.NormNum.Core.0.Mathlib.Meta.NormNum.initFn._@.Mathlib.Tactic.NormNum.Core.1919626320._hygCtx._hyg.2._boxed took 6.79ms
interpretation of Mathlib.Meta.Positivity.positivityExt took 14.1ms
interpretation of _private.Mathlib.Tactic.Positivity.Core.0.Mathlib.Meta.Positivity.initFn._@.Mathlib.Tactic.Positivity.Core.1480635622._hygCtx._hyg.2 took 0.407ms
interpretation of _private.Mathlib.Tactic.Positivity.Core.0.Mathlib.Meta.Positivity.initFn._@.Mathlib.Tactic.Positivity.Core.1480635622._hygCtx._hyg.2._boxed took 15.4ms
interpretation of _private.Mathlib.Tactic.Positivity.Core.0.Mathlib.Meta.Positivity.initFn._@.Mathlib.Tactic.Positivity.Core.2743057782._hygCtx._hyg.2 took 0.401ms
interpretation of _private.Mathlib.Tactic.Positivity.Core.0.Mathlib.Meta.Positivity.initFn._@.Mathlib.Tactic.Positivity.Core.2743057782._hygCtx._hyg.2._boxed took 2.08ms
interpretation of _private.Mathlib.Tactic.Positivity.Core.0.Mathlib.Meta.Positivity.initFn._@.Mathlib.Tactic.Positivity.Core.2680635229._hygCtx._hyg.2 took 0.391ms
interpretation of _private.Mathlib.Tactic.Positivity.Core.0.Mathlib.Meta.Positivity.initFn._@.Mathlib.Tactic.Positivity.Core.2680635229._hygCtx._hyg.2._boxed took 3.17ms
interpretation of _private.Mathlib.Data.Finset.Attr.0.initFn._@.Mathlib.Data.Finset.Attr.3237354494._hygCtx._hyg.3 took 1.1ms
interpretation of _private.Mathlib.Data.Finset.Attr.0.initFn._@.Mathlib.Data.Finset.Attr.3237354494._hygCtx._hyg.3._boxed took 4.25ms
interpretation of _private.Mathlib.Tactic.ApplyFun.0.Mathlib.Tactic.initFn._@.Mathlib.Tactic.ApplyFun.3448584465._hygCtx._hyg.2 took 0.628ms
interpretation of _private.Mathlib.Tactic.ApplyFun.0.Mathlib.Tactic.initFn._@.Mathlib.Tactic.ApplyFun.3448584465._hygCtx._hyg.2._boxed took 15.7ms
interpretation of _private.Mathlib.Tactic.Linarith.Datatypes.0.initFn._@.Mathlib.Tactic.Linarith.Datatypes.189509315._hygCtx._hyg.2 took 0.586ms
interpretation of _private.Mathlib.Tactic.Linarith.Datatypes.0.initFn._@.Mathlib.Tactic.Linarith.Datatypes.189509315._hygCtx._hyg.2._boxed took 18.5ms
interpretation of _private.Mathlib.Tactic.Linarith.Datatypes.0.initFn._@.Mathlib.Tactic.Linarith.Datatypes.3248332875._hygCtx._hyg.2 took 0.477ms
interpretation of _private.Mathlib.Tactic.Linarith.Datatypes.0.initFn._@.Mathlib.Tactic.Linarith.Datatypes.3248332875._hygCtx._hyg.2._boxed took 2.94ms
interpretation of _private.Mathlib.Tactic.CancelDenoms.Core.0.initFn._@.Mathlib.Tactic.CancelDenoms.Core.1602764063._hygCtx._hyg.2 took 0.481ms
interpretation of _private.Mathlib.Tactic.CancelDenoms.Core.0.initFn._@.Mathlib.Tactic.CancelDenoms.Core.1602764063._hygCtx._hyg.2._boxed took 13.1ms
interpretation of Mathlib.Tactic.Linarith.nnrealToRealTransform took 2.11ms
interpretation of Mathlib.Tactic.Ring.ringCleanupRef took 4.1ms
interpretation of fieldSimpExt took 3.84ms
interpretation of _private.Mathlib.Tactic.FieldSimp.0.Mathlib.Tactic.FieldSimp.initFn._@.Mathlib.Tactic.FieldSimp.1446599731._hygCtx._hyg.2 took 0.467ms
interpretation of _private.Mathlib.Tactic.FieldSimp.0.Mathlib.Tactic.FieldSimp.initFn._@.Mathlib.Tactic.FieldSimp.1446599731._hygCtx._hyg.2._boxed took 14.5ms
interpretation of _private.Mathlib.Tactic.Ring.RingNF.0.Mathlib.Tactic.RingNF.initFn._@.Mathlib.Tactic.Ring.RingNF.1278461645._hygCtx._hyg.2 took 0.568ms
interpretation of _private.Mathlib.Tactic.Ring.RingNF.0.Mathlib.Tactic.RingNF.initFn._@.Mathlib.Tactic.Ring.RingNF.1278461645._hygCtx._hyg.2._boxed took 1.1ms
interpretation of _private.Mathlib.Tactic.Abel.0.Mathlib.Tactic.Abel.initFn._@.Mathlib.Tactic.Abel.1000861767._hygCtx._hyg.2 took 0.532ms
interpretation of _private.Mathlib.Tactic.Abel.0.Mathlib.Tactic.Abel.initFn._@.Mathlib.Tactic.Abel.1000861767._hygCtx._hyg.2._boxed took 19.4ms
interpretation of _private.Mathlib.Tactic.Abel.0.Mathlib.Tactic.Abel.initFn._@.Mathlib.Tactic.Abel.1862938006._hygCtx._hyg.2 took 0.829ms
interpretation of _private.Mathlib.Tactic.Abel.0.Mathlib.Tactic.Abel.initFn._@.Mathlib.Tactic.Abel.1862938006._hygCtx._hyg.2._boxed took 4.26ms
interpretation of _private.Mathlib.Tactic.ProxyType.0.Mathlib.ProxyType.initFn._@.Mathlib.Tactic.ProxyType.56113752._hygCtx._hyg.2 took 0.527ms
interpretation of _private.Mathlib.Tactic.ProxyType.0.Mathlib.ProxyType.initFn._@.Mathlib.Tactic.ProxyType.56113752._hygCtx._hyg.2._boxed took 14.1ms
interpretation of _private.Mathlib.Tactic.DeriveFintype.0.Mathlib.Deriving.Fintype.initFn._@.Mathlib.Tactic.DeriveFintype.1866687142._hygCtx._hyg.2 took 0.534ms
interpretation of _private.Mathlib.Tactic.DeriveFintype.0.Mathlib.Deriving.Fintype.initFn._@.Mathlib.Tactic.DeriveFintype.1866687142._hygCtx._hyg.2._boxed took 22.5ms
interpretation of _private.Mathlib.Tactic.Continuity.Init.0.initFn._@.Mathlib.Tactic.Continuity.Init.3906107317._hygCtx._hyg.3 took 0.53ms
interpretation of _private.Mathlib.Tactic.Continuity.Init.0.initFn._@.Mathlib.Tactic.Continuity.Init.3906107317._hygCtx._hyg.3._boxed took 5.23ms
interpretation of _private.Mathlib.Tactic.Order.0.Mathlib.Tactic.Order.initFn._@.Mathlib.Tactic.Order.2841239826._hygCtx._hyg.2 took 0.924ms
interpretation of _private.Mathlib.Tactic.Order.0.Mathlib.Tactic.Order.initFn._@.Mathlib.Tactic.Order.2841239826._hygCtx._hyg.2._boxed took 14.1ms
interpretation of _private.Mathlib.Tactic.ContinuousFunctionalCalculus.0.initFn._@.Mathlib.Tactic.ContinuousFunctionalCalculus.2038506681._hygCtx._hyg.3 took 0.471ms
interpretation of _private.Mathlib.Tactic.ContinuousFunctionalCalculus.0.initFn._@.Mathlib.Tactic.ContinuousFunctionalCalculus.2038506681._hygCtx._hyg.3._boxed took 4.84ms
interpretation of _private.Mathlib.Tactic.TacticAnalysis.0.Mathlib.TacticAnalysis.initFn._lam_5._@.Mathlib.Tactic.TacticAnalysis.358552301._hygCtx._hyg.2._boxed took 0.522ms
interpretation of Mathlib.Tactic.GuessName.registerGuessNameExt._lam_0._boxed took 0.619ms
interpretation of Mathlib.Tactic.GuessName.registerGuessNameExt._lam_0._boxed took 0.0041ms
interpretation of _private.Mathlib.Tactic.GCongr.ForwardAttr.0.Mathlib.Tactic.GCongr.initFn._lam_5._@.Mathlib.Tactic.GCongr.ForwardAttr.242967595._hygCtx._hyg.2._boxed took 0.5ms
interpretation of _private.Batteries.CodeAction.Attr.0.Batteries.CodeAction.initFn._lam_5._@.Batteries.CodeAction.Attr.3685358032._hygCtx._hyg.2._boxed took 0.505ms
interpretation of _private.Batteries.CodeAction.Attr.0.Batteries.CodeAction.initFn._lam_5._@.Batteries.CodeAction.Attr.2519722026._hygCtx._hyg.2._boxed took 0.483ms
interpretation of _private.Mathlib.Tactic.Widget.LibraryRewrite.0.Mathlib.Tactic.LibraryRewrite.initFn._lam_0._@.Mathlib.Tactic.Widget.LibraryRewrite.1358659977._hygCtx._hyg.2._boxed took 0.545ms
interpretation of _private.Mathlib.Tactic.NormNum.Core.0.Mathlib.Meta.NormNum.initFn._lam_5._@.Mathlib.Tactic.NormNum.Core.525676807._hygCtx._hyg.2._boxed took 0.515ms
interpretation of _private.Mathlib.Tactic.Positivity.Core.0.Mathlib.Meta.Positivity.initFn._lam_5._@.Mathlib.Tactic.Positivity.Core.3395534674._hygCtx._hyg.2._boxed took 0.505ms
interpretation of coeNotation took 0.28ms
interpretation of coeFunNotation took 0.239ms
interpretation of coeSortNotation took 0.206ms
interpretation of Lean.Parser.Syntax.addPrec took 0.254ms
interpretation of Lean.Parser.Syntax.subPrec took 0.219ms
interpretation of Lean.Parser.Syntax.addPrio took 0.217ms
interpretation of Lean.Parser.Syntax.subPrio took 0.217ms
interpretation of precMax took 0.199ms
interpretation of precArg took 0.195ms
interpretation of precLead took 0.197ms
interpretation of prec(_) took 0.203ms
interpretation of precMin took 0.194ms
interpretation of precMin1 took 0.218ms
interpretation of termMax_prec took 0.214ms
interpretation of prioDefault took 0.213ms
interpretation of prioLow took 0.21ms
interpretation of prioMid took 0.204ms
interpretation of prioHigh took 0.205ms
interpretation of prio(_) took 0.214ms
interpretation of stx_+ took 0.239ms
interpretation of stx_* took 0.208ms
interpretation of stx_? took 0.208ms
interpretation of stx_<|>_ took 0.229ms
interpretation of stx_,* took 0.213ms
interpretation of stx_,+ took 0.222ms
interpretation of stx_,*,? took 0.211ms
interpretation of stx_,+,? took 0.21ms
interpretation of stx!_ took 0.198ms
interpretation of rawNatLit took 0.198ms
interpretation of term_∘_ took 0.206ms
interpretation of term_×_ took 0.209ms
interpretation of term_×'_ took 0.208ms
interpretation of term_∣_ took 0.205ms
interpretation of term_|||_ took 0.211ms
interpretation of term_^^^_ took 0.21ms
interpretation of term_&&&_ took 0.211ms
interpretation of term_+_ took 0.204ms
interpretation of term_-_ took 0.228ms
interpretation of term_*_ took 0.212ms
interpretation of term_/_ took 0.212ms
interpretation of term_%_ took 0.212ms
interpretation of term_<<<_ took 0.222ms
interpretation of term_>>>_ took 0.223ms
interpretation of term_^_ took 0.213ms
interpretation of term_++_ took 0.222ms
interpretation of term-_ took 0.228ms
interpretation of term~~~_ took 0.227ms
interpretation of term_⁻¹ took 0.222ms
interpretation of term_•_ took 0.22ms
interpretation of term_>=_ took 0.243ms
interpretation of term_<=_ took 0.236ms
interpretation of term_≤_ took 0.24ms
interpretation of term_<_ took 0.233ms
interpretation of term_≥_ took 0.302ms
interpretation of term_>_ took 0.316ms
interpretation of term_=_ took 0.345ms
interpretation of term_==_ took 0.382ms
interpretation of term_≍_ took 0.424ms
interpretation of term_∧_ took 0.403ms
interpretation of term_∨_ took 0.246ms
interpretation of term¬_ took 0.266ms
interpretation of term_&&_ took 0.256ms
interpretation of term_||_ took 0.271ms
interpretation of term!_ took 0.273ms
interpretation of term_∈_ took 0.383ms
interpretation of term_∉_ took 0.434ms
interpretation of term_::_ took 0.416ms
interpretation of term_<$>_ took 0.426ms
interpretation of term_>>=_ took 0.415ms
interpretation of term_<|>_ took 0.491ms
interpretation of term_>>_ took 0.447ms
interpretation of term_<*>_ took 0.467ms
interpretation of term_<*_ took 0.392ms
interpretation of term_*>_ took 0.455ms
interpretation of termDepIfThenElse took 0.411ms
interpretation of termIfThenElse took 0.429ms
interpretation of termIfLet took 0.284ms
interpretation of boolIfThenElse took 0.306ms
interpretation of term_<|_ took 0.282ms
interpretation of term_|>_ took 0.282ms
interpretation of term_$__ took 0.273ms
interpretation of term{_:_//_} took 0.309ms
interpretation of termWithout_expected_type_ took 0.448ms
interpretation of Lean.byElab took 0.379ms
interpretation of Lean.rawStx.quot took 0.388ms
interpretation of Lean.withAnnotateTerm took 0.411ms
interpretation of Lean.modCast took 0.311ms
interpretation of Lean.deprecated took 0.327ms
interpretation of Lean.deprecated_arg took 0.325ms
interpretation of Lean.suggest_for took 0.332ms
interpretation of Lean.univ_out_params took 0.328ms
interpretation of Lean.Attr.coe took 0.298ms
interpretation of Lean.command_code_action took 0.355ms
interpretation of Lean.builtin_command_code_action took 0.351ms
interpretation of Lean.includeStr took 0.334ms
interpretation of Lean.runCmd took 0.299ms
interpretation of Lean.runElab took 0.317ms
interpretation of Lean.runMeta took 0.294ms
interpretation of Lean.reduceCmd took 0.313ms
interpretation of Lean.guardMsgsCmd took 0.318ms
interpretation of Lean.guardPanicCmd took 0.317ms
interpretation of Lean.infoTreesCmd took 0.306ms
interpretation of Lean.setLibrarySuggestionsCmd took 0.338ms
interpretation of Lean.Parser.checkTactic took 0.34ms
interpretation of Lean.Parser.checkTacticFailure took 0.338ms
interpretation of Lean.Parser.checkSimp took 0.326ms
interpretation of Lean.Parser.checkSimpFailure took 0.343ms
interpretation of Lean.Parser.timeCmd took 0.323ms
interpretation of Lean.Parser.discrTreeKeyCmd took 0.332ms
interpretation of Lean.Parser.discrTreeSimpKeyCmd took 0.338ms
interpretation of Lean.Parser.commandSeal__ took 0.335ms
interpretation of Lean.Parser.commandUnseal__ took 0.385ms
interpretation of Lean.Parser.Tactic.as_aux_lemma took 0.416ms
interpretation of Lean.Parser.Tactic.withAnnotateState took 0.394ms
interpretation of Lean.Parser.Tactic.intro took 0.338ms
interpretation of Lean.Parser.Tactic.intros took 0.355ms
interpretation of Lean.Parser.Tactic.rename took 0.358ms
interpretation of Lean.Parser.Tactic.revert took 0.355ms
interpretation of Lean.Parser.Tactic.clear took 0.354ms
interpretation of Lean.Parser.Tactic.clearValue took 0.365ms
interpretation of Lean.Parser.Tactic.subst took 0.386ms
interpretation of Lean.Parser.Tactic.substVars took 0.352ms
interpretation of Lean.Parser.Tactic.assumption took 0.349ms
interpretation of Lean.Parser.Tactic.contradiction took 0.366ms
interpretation of Lean.Parser.Tactic.falseOrByContra took 0.357ms
interpretation of Lean.Parser.Tactic.apply took 0.37ms
interpretation of Lean.Parser.Tactic.exact took 0.353ms
interpretation of Lean.Parser.Tactic.refine took 0.364ms
interpretation of Lean.Parser.Tactic.refine' took 0.365ms
interpretation of Lean.Parser.Tactic.tacticExfalso took 0.366ms
interpretation of Lean.Parser.Tactic.constructor took 0.452ms
interpretation of Lean.Parser.Tactic.left took 0.392ms
interpretation of Lean.Parser.Tactic.right took 0.59ms
interpretation of Lean.Parser.Tactic.case took 0.609ms
interpretation of Lean.Parser.Tactic.case' took 0.574ms
interpretation of Lean.Parser.Tactic.tacticNext_=>_ took 0.671ms
interpretation of Lean.Parser.Tactic.allGoals took 0.666ms
interpretation of Lean.Parser.Tactic.anyGoals took 0.617ms
interpretation of Lean.Parser.Tactic.focus took 0.67ms
interpretation of Lean.Parser.Tactic.skip took 0.535ms
interpretation of Lean.Parser.Tactic.done took 0.398ms
interpretation of Lean.Parser.Tactic.traceState took 0.382ms
interpretation of Lean.Parser.Tactic.traceMessage took 0.437ms
interpretation of Lean.Parser.Tactic.failIfSuccess took 0.374ms
interpretation of Lean.Parser.Tactic.paren took 0.618ms
interpretation of Lean.Parser.Tactic.withReducible took 0.676ms
interpretation of Lean.Parser.Tactic.withReducibleAndInstances took 0.723ms
interpretation of Lean.Parser.Tactic.withImplicit took 1.12ms
interpretation of Lean.Parser.Tactic.withUnfoldingAll took 0.881ms
interpretation of Lean.Parser.Tactic.withUnfoldingNone took 0.754ms
interpretation of Lean.Parser.Tactic.first took 0.696ms
interpretation of Lean.Parser.Tactic.rotateLeft took 0.731ms
interpretation of Lean.Parser.Tactic.rotateRight took 0.744ms
interpretation of Lean.Parser.Tactic.tacticTry_ took 0.719ms
interpretation of Lean.Parser.Tactic.tactic_<;>_ took 0.699ms
interpretation of Lean.Parser.Tactic.fail took 0.769ms
interpretation of Lean.Parser.Tactic.eqRefl took 0.706ms
interpretation of Lean.Parser.Tactic.tacticRfl took 0.729ms
interpretation of Lean.Parser.Tactic.applyRfl took 0.728ms
interpretation of Lean.Parser.Tactic.tacticRfl' took 0.725ms
interpretation of Lean.Parser.Tactic.acRfl took 0.63ms
interpretation of Lean.Parser.Tactic.tacticSorry took 0.745ms
interpretation of Lean.Parser.Tactic.tacticAdmit took 0.635ms
interpretation of Lean.Parser.Tactic.tacticInfer_instance took 0.703ms
interpretation of Lean.Parser.Tactic.change took 0.361ms
interpretation of Lean.Parser.Tactic.show took 0.379ms
interpretation of Lean.Parser.Tactic.extractLets took 0.618ms
interpretation of Lean.Parser.Tactic.liftLets took 0.592ms
interpretation of Lean.Parser.Tactic.letToHave took 0.485ms
interpretation of Lean.Parser.Tactic.rewriteSeq took 0.395ms
interpretation of Lean.Parser.Tactic.rwSeq took 0.666ms
interpretation of Lean.Parser.Tactic.tacticRwa__ took 0.622ms
interpretation of Lean.Parser.Tactic.injection took 0.635ms
interpretation of Lean.Parser.Tactic.injections took 1.32ms
interpretation of Lean.Parser.Tactic.simp took 0.613ms
interpretation of Lean.Parser.Tactic.simpAll took 0.687ms
interpretation of Lean.Parser.Tactic.dsimp took 0.66ms
interpretation of Lean.Parser.Tactic.simpTrace took 0.68ms
interpretation of Lean.Parser.Tactic.tacticSimp?!_ took 0.693ms
interpretation of Lean.Parser.Tactic.simpAllTrace took 0.664ms
interpretation of Lean.Parser.Tactic.tacticSimp_all?!_ took 0.72ms
interpretation of Lean.Parser.Tactic.dsimpTrace took 0.647ms
interpretation of Lean.Parser.Tactic.tacticDsimp?!_ took 0.696ms
interpretation of Lean.Parser.Tactic.simpa took 0.652ms
interpretation of Lean.Parser.Tactic.simpaUsingBang took 0.716ms
interpretation of Lean.Parser.Tactic.tacticSimpa!_ took 0.702ms
interpretation of Lean.Parser.Tactic.tacticSimpa?_ took 0.702ms
interpretation of Lean.Parser.Tactic.tacticSimpa?!_ took 0.744ms
interpretation of Lean.Parser.Tactic.tacticSimpa!__1 took 0.64ms
interpretation of Lean.Parser.Tactic.tacticSimpa?__1 took 0.449ms
interpretation of Lean.Parser.Tactic.tacticSimpa?!__1 took 0.443ms
interpretation of Lean.Parser.Tactic.delta took 0.432ms
interpretation of Lean.Parser.Tactic.unfold took 0.398ms
interpretation of Lean.Parser.Tactic.tacticRefine_lift_ took 0.423ms
interpretation of Lean.Parser.Tactic.tacticHave__ took 0.434ms
interpretation of Lean.Parser.Tactic.tacticSuffices_ took 0.413ms
interpretation of Lean.Parser.Tactic.tacticLet__ took 0.671ms
interpretation of Lean.Parser.Tactic.letrec took 0.694ms
interpretation of Lean.Parser.Tactic.tacticRefine_lift'_ took 0.755ms
interpretation of Lean.Parser.Tactic.tacticHave' took 0.799ms
interpretation of Lean.Parser.Tactic.tacticLet'__ took 0.734ms
interpretation of Lean.Parser.Tactic.induction took 0.718ms
interpretation of Lean.Parser.Tactic.generalize took 0.725ms
interpretation of Lean.Parser.Tactic.cases took 0.614ms
interpretation of Lean.Parser.Tactic.funInduction took 0.66ms
interpretation of Lean.Parser.Tactic.funCases took 0.661ms
interpretation of Lean.Parser.Tactic.renameI took 0.645ms
interpretation of Lean.Parser.Tactic.tacticRepeat_ took 0.629ms
interpretation of Lean.Parser.Tactic.repeat' took 0.626ms
interpretation of Lean.Parser.Tactic.repeat1' took 0.634ms
interpretation of Lean.Parser.Tactic.tacticTrivial took 0.636ms
interpretation of Lean.Parser.Tactic.classical took 0.617ms
interpretation of Lean.Parser.Tactic.impossible took 0.616ms
interpretation of Lean.Parser.Tactic.split took 0.593ms
interpretation of Lean.Parser.Tactic.dbgTrace took 0.572ms
interpretation of Lean.Parser.Tactic.tacticStop_ took 0.578ms
interpretation of Lean.Parser.Tactic.tacticUnhygienic_ took 0.439ms
interpretation of Lean.Parser.Tactic.sleep took 0.521ms
interpretation of Lean.Parser.Tactic.tacticExists_,, took 0.603ms
interpretation of Lean.Parser.Tactic.congr took 0.54ms
interpretation of Lean.Parser.Tactic.tacIfThenElse took 0.559ms
interpretation of Lean.Parser.Tactic.tacDepIfThenElse took 0.574ms
interpretation of Lean.Parser.Tactic.tacticNofun took 0.556ms
interpretation of Lean.Parser.Tactic.tacticNomatch_,, took 0.624ms
interpretation of Lean.Parser.Tactic.replace took 0.559ms
interpretation of Lean.Parser.Tactic.specialize took 0.549ms
interpretation of Lean.Parser.Tactic.tacticAnd_intros took 0.591ms
interpretation of Lean.Parser.Tactic.substEqs took 0.555ms
interpretation of Lean.Parser.Tactic.runTac took 0.567ms
interpretation of Lean.Parser.Tactic.tacticHaveI__ took 0.558ms
interpretation of Lean.Parser.Tactic.tacticLetI__ took 0.576ms
interpretation of Lean.Parser.Tactic.decide took 0.516ms
interpretation of Lean.Parser.Tactic.nativeDecide took 0.512ms
interpretation of Lean.Parser.Tactic.omega took 0.562ms
interpretation of Lean.Parser.Tactic.tacticBv_omega took 0.598ms
interpretation of Lean.Parser.Tactic.acNf0 took 0.486ms
interpretation of Lean.Parser.Tactic.normCast0 took 0.409ms
interpretation of Lean.Parser.Tactic.tacticAssumption_mod_cast_ took 0.575ms
interpretation of Lean.Parser.Tactic.tacticNorm_cast__ took 0.48ms
interpretation of Lean.Parser.Tactic.pushCast took 0.349ms
interpretation of Lean.Parser.Tactic.normCastAddElim took 0.381ms
interpretation of Lean.Parser.Tactic.tacticAc_nf_ took 0.531ms
interpretation of Lean.Parser.Tactic.symm took 0.484ms
interpretation of Lean.Parser.Tactic.symmSaturate took 0.369ms
interpretation of Lean.Parser.Tactic.solveByElim took 0.346ms
interpretation of Lean.Parser.Tactic.applyAssumption took 0.454ms
interpretation of Lean.Parser.Tactic.applyRules took 0.575ms
interpretation of Lean.Parser.Tactic.exact? took 0.531ms
interpretation of Lean.Parser.Tactic.apply? took 0.434ms
interpretation of Lean.Parser.Tactic.rewrites? took 0.573ms
interpretation of Lean.Parser.Tactic.showTerm took 0.787ms
interpretation of Lean.Parser.Tactic.showTermElab took 0.626ms
interpretation of Lean.Parser.Tactic.by? took 0.407ms
interpretation of Lean.Parser.Tactic.exposeNames took 0.513ms
interpretation of Lean.Parser.Tactic.suggestions took 0.552ms
interpretation of Lean.Parser.Tactic.bvCheck took 0.636ms
interpretation of Lean.Parser.Tactic.bvDecide took 0.604ms
interpretation of Lean.Parser.Tactic.bvTrace took 0.574ms
interpretation of Lean.Parser.Tactic.bvNormalize took 0.723ms
interpretation of Lean.Parser.Tactic.massumptionMacro took 0.764ms
interpretation of Lean.Parser.Tactic.mclearMacro took 0.647ms
interpretation of Lean.Parser.Tactic.mconstructorMacro took 0.682ms
interpretation of Lean.Parser.Tactic.mexactMacro took 0.628ms
interpretation of Lean.Parser.Tactic.mexfalsoMacro took 0.579ms
interpretation of Lean.Parser.Tactic.mexistsMacro took 0.458ms
interpretation of Lean.Parser.Tactic.mframeMacro took 0.381ms
interpretation of Lean.Parser.Tactic.mhaveMacro took 0.546ms
interpretation of Lean.Parser.Tactic.mreplaceMacro took 0.531ms
interpretation of Lean.Parser.Tactic.mleftMacro took 0.517ms
interpretation of Lean.Parser.Tactic.mrightMacro took 0.632ms
interpretation of Lean.Parser.Tactic.mpureMacro took 0.576ms
interpretation of Lean.Parser.Tactic.mpureIntroMacro took 0.585ms
interpretation of Lean.Parser.Tactic.mrevertMacro took 0.41ms
interpretation of Lean.Parser.Tactic.mrenameIMacro took 0.385ms
interpretation of Lean.Parser.Tactic.mspecializeMacro took 0.374ms
interpretation of Lean.Parser.Tactic.mspecializePureMacro took 0.414ms
interpretation of Lean.Parser.Tactic.mstartMacro took 0.438ms
interpretation of Lean.Parser.Tactic.mstopMacro took 0.538ms
interpretation of Lean.Parser.Tactic.mleaveMacro took 0.653ms
interpretation of Lean.Parser.Tactic.mcasesMacro took 0.593ms
interpretation of Lean.Parser.Tactic.mrefineMacro took 0.619ms
interpretation of Lean.Parser.Tactic.mintroMacro took 0.614ms
interpretation of Lean.Parser.Tactic.mspecMacro took 0.645ms
interpretation of Lean.Parser.Tactic.mvcgenMacro took 0.663ms
interpretation of Lean.Parser.Tactic.vcgenMacro took 0.592ms
interpretation of Lean.Parser.Tactic.cbv took 0.652ms
interpretation of Lean.Parser.Tactic.decide_cbv took 0.635ms
interpretation of Lean.Parser.Attr.simp took 0.691ms
interpretation of Lean.Parser.Attr.wf_preprocess took 0.66ms
interpretation of Lean.Parser.Attr.method_specs_simp took 0.577ms
interpretation of Lean.Parser.Attr.cbv_eval took 0.401ms
interpretation of Lean.Parser.Attr.norm_cast took 0.565ms
interpretation of term‹_› took 0.639ms
interpretation of tacticGet_elem_tactic_extensible took 0.629ms
interpretation of tacticGet_elem_tactic_trivial took 0.6ms
interpretation of tacticGet_elem_tactic took 0.633ms
interpretation of Lean.Parser.Syntax.exact? took 0.615ms
interpretation of term_<->_ took 0.535ms
interpretation of term_↔_ took 0.535ms
interpretation of term_⊕_ took 0.482ms
interpretation of term_⊕'_ took 0.5ms
interpretation of term_≈_ took 0.562ms
interpretation of term_⊆_ took 0.554ms
interpretation of term_⊂_ took 0.454ms
interpretation of term_⊇_ took 0.468ms
interpretation of term_⊃_ took 0.571ms
interpretation of term_∪_ took 0.573ms
interpretation of term_∩_ took 0.538ms
interpretation of term_\_ took 0.509ms
interpretation of term{} took 0.581ms
interpretation of term∅ took 1.45ms
interpretation of term_!=_ took 0.555ms
interpretation of term_≠_ took 0.747ms
interpretation of term_<&>_ took 0.693ms
interpretation of term_<||>_ took 0.561ms
interpretation of term_<&&>_ took 0.601ms
interpretation of term_>=>_ took 0.615ms
interpretation of term_<=<_ took 0.571ms
interpretation of term_=<<_ took 0.566ms
interpretation of Lean.Parser.resetGrindAttrs took 0.595ms
interpretation of Lean.Parser.Attr.grind took 0.582ms
interpretation of Lean.Parser.Attr.grind! took 0.592ms
interpretation of Lean.Parser.Attr.grind? took 0.569ms
interpretation of Lean.Parser.Attr.grind!? took 0.586ms
interpretation of Lean.Parser.Attr.lia took 0.564ms
interpretation of Lean.Parser.Attr.lia! took 0.603ms
interpretation of Lean.Parser.Attr.lia? took 0.354ms
interpretation of Lean.Parser.Attr.lia!? took 0.516ms
interpretation of Lean.Parser.Tactic.Grind.grind_filter.quot took 0.624ms
interpretation of Lean.Parser.Tactic.Grind.grind_filter_ took 0.576ms
interpretation of Lean.Parser.Tactic.Grind.grind_filterGen<_ took 0.586ms
interpretation of Lean.Parser.Tactic.Grind.grind_filterGen=_ took 0.6ms
interpretation of Lean.Parser.Tactic.Grind.grind_filterGen!=_ took 0.686ms
interpretation of Lean.Parser.Tactic.Grind.grind_filterGen≤_ took 0.449ms
interpretation of Lean.Parser.Tactic.Grind.grind_filterGen<=_ took 0.424ms
interpretation of Lean.Parser.Tactic.Grind.grind_filterGen>_ took 0.429ms
interpretation of Lean.Parser.Tactic.Grind.grind_filterGen≥_ took 0.396ms
interpretation of Lean.Parser.Tactic.Grind.grind_filterGen>=_ took 0.483ms
interpretation of Lean.Parser.Tactic.Grind.grind_filter(_) took 0.451ms
interpretation of Lean.Parser.Tactic.Grind.grind_filter_&&_ took 0.398ms
interpretation of Lean.Parser.Tactic.Grind.grind_filter_||_ took 0.5ms
interpretation of Lean.Parser.Tactic.Grind.grind_filter!_ took 0.62ms
interpretation of Lean.Parser.Tactic.Grind.grind.quot took 0.574ms
interpretation of Lean.Parser.Tactic.Grind.paren took 0.384ms
interpretation of Lean.Parser.Tactic.Grind.skip took 0.39ms
interpretation of Lean.Parser.Tactic.Grind.lia took 0.554ms
interpretation of Lean.Parser.Tactic.Grind.ring took 0.52ms
interpretation of Lean.Parser.Tactic.Grind.ac took 0.43ms
interpretation of Lean.Parser.Tactic.Grind.linarith took 0.533ms
interpretation of Lean.Parser.Tactic.Grind.sorry took 0.536ms
interpretation of Lean.Parser.Tactic.Grind.instantiate took 0.606ms
interpretation of Lean.Parser.Tactic.Grind.use took 0.715ms
interpretation of Lean.Parser.Tactic.Grind.showAsserted took 0.837ms
interpretation of Lean.Parser.Tactic.Grind.showTrue took 0.723ms
interpretation of Lean.Parser.Tactic.Grind.showFalse took 1.52ms
interpretation of Lean.Parser.Tactic.Grind.showEqcs took 0.803ms
interpretation of Lean.Parser.Tactic.Grind.showCases took 0.755ms
interpretation of Lean.Parser.Tactic.Grind.showState took 0.526ms
interpretation of Lean.Parser.Tactic.Grind.showLocalThms took 0.589ms
interpretation of Lean.Parser.Tactic.Grind.showTerm took 0.62ms
interpretation of Lean.Parser.Tactic.Grind.showGoals took 0.444ms
interpretation of Lean.Parser.Tactic.Grind.grind_ref.quot took 0.512ms
interpretation of Lean.Parser.Tactic.Grind.grind_ref_ took 0.602ms
interpretation of Lean.Parser.Tactic.Grind.grind_ref__/__ took 0.713ms
interpretation of Lean.Parser.Tactic.Grind.grind_ref__1 took 0.776ms
interpretation of Lean.Parser.Tactic.Grind.cases took 0.44ms
interpretation of Lean.Parser.Tactic.Grind.casesTrace took 0.615ms
interpretation of Lean.Parser.Tactic.Grind.casesNext took 0.382ms
interpretation of Lean.Parser.Tactic.Grind.done took 0.387ms
interpretation of Lean.Parser.Tactic.Grind.finish took 0.356ms
interpretation of Lean.Parser.Tactic.Grind.finishTrace took 0.474ms
interpretation of Lean.Parser.Tactic.Grind.have took 0.628ms
interpretation of Lean.Parser.Tactic.Grind.nestedTacticCore took 0.732ms
interpretation of Lean.Parser.Tactic.Grind.allGoals took 0.707ms
interpretation of Lean.Parser.Tactic.Grind.focus took 0.669ms
interpretation of Lean.Parser.Tactic.Grind.next took 0.537ms
interpretation of Lean.Parser.Tactic.Grind.grind·_ took 0.383ms
interpretation of Lean.Parser.Tactic.Grind.case took 0.468ms
interpretation of Lean.Parser.Tactic.Grind.anyGoals took 0.407ms
interpretation of Lean.Parser.Tactic.Grind.withAnnotateState took 0.386ms
interpretation of Lean.Parser.Tactic.Grind.grind_<;>_ took 0.422ms
interpretation of Lean.Parser.Tactic.Grind.first took 0.374ms
interpretation of Lean.Parser.Tactic.Grind.grindTry_ took 0.393ms
interpretation of Lean.Parser.Tactic.Grind.failIfSuccess took 0.369ms
interpretation of Lean.Parser.Tactic.Grind.grindAdmit took 0.363ms
interpretation of Lean.Parser.Tactic.Grind.fail took 0.371ms
interpretation of Lean.Parser.Tactic.Grind.grindRepeat_ took 0.383ms
interpretation of Lean.Parser.Tactic.Grind.renameI took 0.414ms
interpretation of Lean.Parser.Tactic.Grind.exposeNames took 0.408ms
interpretation of Lean.Parser.Tactic.Grind.setOption took 0.408ms
interpretation of Lean.Parser.Tactic.Grind.setConfig took 0.415ms
interpretation of Lean.Parser.Tactic.Grind.haveSilent took 0.369ms
interpretation of Lean.Parser.Tactic.Grind.mbtc took 0.375ms
interpretation of Lean.Parser.Tactic.Grind.symIntro took 0.366ms
interpretation of Lean.Parser.Tactic.Grind.symIntroLight took 0.402ms
interpretation of Lean.Parser.Tactic.Grind.symIntros took 0.366ms
interpretation of Lean.Parser.Tactic.Grind.symIntrosLight took 0.383ms
interpretation of Lean.Parser.Tactic.Grind.symApply took 0.362ms
interpretation of Lean.Parser.Tactic.Grind.symInternalize took 0.367ms
interpretation of Lean.Parser.Tactic.Grind.symInternalizeAll took 0.652ms
interpretation of Lean.Parser.Tactic.Grind.symByContra took 0.425ms
interpretation of Lean.Parser.Tactic.Grind.symSimp took 0.362ms
interpretation of Lean.Parser.Tactic.Grind.symDSimp took 0.412ms
interpretation of Lean.Parser.Tactic.Grind.symRw took 0.589ms
interpretation of Lean.Parser.Tactic.Grind.grindExact_ took 0.62ms
interpretation of Lean.Parser.Tactic.Grind.symCbv took 0.565ms
interpretation of Lean.Parser.Tactic.Grind.bvNormalize took 0.46ms
interpretation of Lean.Parser.Tactic.Grind.bvDecide took 0.388ms
interpretation of Lean.Parser.Tactic.Grind.bvTrace took 0.419ms
interpretation of Lean.Parser.Tactic.Grind.bvCheck took 0.378ms
interpretation of Lean.Parser.Tactic.grind took 0.374ms
interpretation of Lean.Parser.Tactic.grindTrace took 0.585ms
interpretation of Lean.Parser.Tactic.sym took 0.583ms
interpretation of Lean.Parser.Tactic.cutsat took 0.428ms
interpretation of Lean.Parser.Tactic.lia took 0.573ms
interpretation of Lean.Parser.Tactic.grind_order took 0.599ms
interpretation of Lean.Parser.Tactic.grind_linarith took 0.615ms
interpretation of Lean.Parser.Tactic.grobner took 0.492ms
interpretation of Int.term-[_+1] took 0.373ms
interpretation of term[_] took 0.4ms
interpretation of term%[_|_] took 0.341ms
interpretation of List.term_<+_ took 0.547ms
interpretation of List.term_<+:_ took 0.568ms
interpretation of List.term_<:+_ took 0.482ms
interpretation of List.term_<:+:_ took 0.687ms
interpretation of List.term_~_ took 0.683ms
interpretation of tacticSimp_wf took 0.626ms
interpretation of tacticClean_wf took 0.611ms
interpretation of tacticDecreasing_trivial took 0.49ms
interpretation of tacticDecreasing_trivial_pre_omega took 0.419ms
interpretation of tacticDecreasing_with_ took 0.535ms
interpretation of tacticDecreasing_tactic took 0.629ms
interpretation of term__[_] took 0.629ms
interpretation of term__[_]'_ took 0.614ms
interpretation of term__[_]_? took 0.723ms
interpretation of term__[_]_! took 0.582ms
interpretation of term#[_,] took 0.582ms
interpretation of Lean.termEval_prec_ took 0.972ms
interpretation of Lean.termEval_prio_ took 0.707ms
interpretation of Lean.Parser.Tactic.tacticErw___ took 0.496ms
interpretation of Lean.Parser.Tactic.declareSimpLikeTactic took 0.699ms
interpretation of Lean.Parser.Tactic.simpAutoUnfold took 0.557ms
interpretation of Lean.Parser.Tactic.simpArith took 0.503ms
interpretation of Lean.Parser.Tactic.simpArithBang took 0.393ms
interpretation of Lean.Parser.Tactic.simpAllAutoUnfold took 0.356ms
interpretation of Lean.Parser.Tactic.simpAllArith took 0.349ms
interpretation of Lean.Parser.Tactic.simpAllArithBang took 0.353ms
interpretation of Lean.Parser.Tactic.dsimpAutoUnfold took 0.35ms
interpretation of Lean.Parser.Tactic.tacticIterate____ took 0.382ms
interpretation of Lean.Parser.Tactic.tacticRw_mod_cast___ took 0.38ms
interpretation of Lean.Parser.Tactic.tacticExact_mod_cast_ took 0.389ms
interpretation of Lean.Parser.Tactic.tacticApply_mod_cast_ took 0.374ms
interpretation of tacticBy_cases_:_ took 0.35ms
interpretation of Lean.Parser.Tactic.rcasesPat.quot took 0.359ms
interpretation of Lean.Parser.Tactic.rcasesPat.one took 0.368ms
interpretation of Lean.Parser.Tactic.rcasesPat.ignore took 0.383ms
interpretation of Lean.Parser.Tactic.rcasesPat.clear took 0.431ms
interpretation of Lean.Parser.Tactic.rcasesPat.explicit took 0.393ms
interpretation of Lean.Parser.Tactic.rcasesPat.tuple took 0.385ms
interpretation of Lean.Parser.Tactic.rcasesPat.paren took 0.374ms
interpretation of Lean.Parser.Tactic.rintroPat.quot took 0.372ms
interpretation of Lean.Parser.Tactic.rintroPat.one took 0.373ms
interpretation of Lean.Parser.Tactic.rintroPat.binder took 0.382ms
interpretation of Lean.Parser.Tactic.rcases took 0.36ms
interpretation of Lean.Parser.Tactic.obtain took 0.358ms
interpretation of Lean.Parser.Tactic.rintro took 0.357ms
interpretation of Lean.Parser.Tactic.Conv.conv.quot took 0.386ms
interpretation of Lean.Parser.Tactic.Conv.withAnnotateState took 0.389ms
interpretation of Lean.Parser.Tactic.Conv.skip took 0.367ms
interpretation of Lean.Parser.Tactic.Conv.cbv took 0.359ms
interpretation of Lean.Parser.Tactic.Conv.lhs took 0.37ms
interpretation of Lean.Parser.Tactic.Conv.rhs took 0.355ms
interpretation of Lean.Parser.Tactic.Conv.fun took 0.361ms
interpretation of Lean.Parser.Tactic.Conv.whnf took 0.361ms
interpretation of Lean.Parser.Tactic.Conv.zeta took 0.369ms
interpretation of Lean.Parser.Tactic.Conv.reduce took 0.363ms
interpretation of Lean.Parser.Tactic.Conv.congr took 0.389ms
interpretation of Lean.Parser.Tactic.Conv.arg took 0.376ms
interpretation of Lean.Parser.Tactic.Conv.ext took 0.397ms
interpretation of Lean.Parser.Tactic.Conv.change took 0.366ms
interpretation of Lean.Parser.Tactic.Conv.delta took 0.363ms
interpretation of Lean.Parser.Tactic.Conv.unfold took 0.364ms
interpretation of Lean.Parser.Tactic.Conv.pattern took 0.374ms
interpretation of Lean.Parser.Tactic.Conv.rewrite took 0.399ms
interpretation of Lean.Parser.Tactic.Conv.simp took 0.381ms
interpretation of Lean.Parser.Tactic.Conv.simpTrace took 0.399ms
interpretation of Lean.Parser.Tactic.Conv.dsimp took 0.395ms
interpretation of Lean.Parser.Tactic.Conv.dsimpTrace took 0.374ms
interpretation of Lean.Parser.Tactic.Conv.simpMatch took 0.372ms
interpretation of Lean.Parser.Tactic.Conv.clear took 0.37ms
interpretation of Lean.Parser.Tactic.Conv.nestedTacticCore took 0.382ms
interpretation of Lean.Parser.Tactic.Conv.nestedTactic took 0.375ms
interpretation of Lean.Parser.Tactic.Conv.convTactic took 0.393ms
interpretation of Lean.Parser.Tactic.Conv.nestedConv took 0.541ms
interpretation of Lean.Parser.Tactic.Conv.paren took 0.605ms
interpretation of Lean.Parser.Tactic.Conv.convRfl took 0.589ms
interpretation of Lean.Parser.Tactic.Conv.convDone took 0.657ms
interpretation of Lean.Parser.Tactic.Conv.convTrace_state took 0.696ms
interpretation of Lean.Parser.Tactic.Conv.allGoals took 0.635ms
interpretation of Lean.Parser.Tactic.Conv.anyGoals took 0.512ms
interpretation of Lean.Parser.Tactic.Conv.case took 0.53ms
interpretation of Lean.Parser.Tactic.Conv.case' took 0.676ms
interpretation of Lean.Parser.Tactic.Conv.convNext__=>_ took 0.66ms
interpretation of Lean.Parser.Tactic.Conv.focus took 0.65ms
interpretation of Lean.Parser.Tactic.Conv.convConvSeq took 0.63ms
interpretation of Lean.Parser.Tactic.Conv.conv·_ took 1.29ms
interpretation of Lean.Parser.Tactic.Conv.failIfSuccess took 0.736ms
interpretation of Lean.Parser.Tactic.Conv.convRw__ took 0.661ms
interpretation of Lean.Parser.Tactic.Conv.convErw__ took 0.71ms
interpretation of Lean.Parser.Tactic.Conv.convArgs took 0.521ms
interpretation of Lean.Parser.Tactic.Conv.convLeft took 0.545ms
interpretation of Lean.Parser.Tactic.Conv.convRight took 0.576ms
interpretation of Lean.Parser.Tactic.Conv.convIntro___ took 0.55ms
interpretation of Lean.Parser.Tactic.Conv.enter took 0.531ms
interpretation of Lean.Parser.Tactic.Conv.convApply_ took 0.546ms
interpretation of Lean.Parser.Tactic.Conv.first took 0.348ms
interpretation of Lean.Parser.Tactic.Conv.convTry_ took 0.355ms
interpretation of Lean.Parser.Tactic.Conv.conv_<;>_ took 0.367ms
interpretation of Lean.Parser.Tactic.Conv.convRepeat_ took 0.382ms
interpretation of Lean.Parser.Tactic.Conv.extractLets took 0.388ms
interpretation of Lean.Parser.Tactic.Conv.liftLets took 0.477ms
interpretation of Lean.Parser.Tactic.Conv.letToHave took 0.6ms
interpretation of Lean.Parser.Tactic.Conv.conv took 0.465ms
interpretation of Lean.Parser.Tactic.Conv.normCast took 0.388ms
interpretation of Lean.command__Unif_hint____Where_|_-⊢__ took 0.458ms
interpretation of term∃_,_ took 0.629ms
interpretation of termExists_,_ took 0.609ms
interpretation of termΣ_,_ took 0.591ms
interpretation of termΣ'_,_ took 0.371ms
interpretation of term_×__1 took 0.321ms
interpretation of term_×'__1 took 0.513ms
interpretation of Lean.calc took 0.531ms
interpretation of Lean.calcTactic took 0.54ms
interpretation of Lean.convCalc_ took 0.401ms
interpretation of tacticFunext___ took 0.345ms
interpretation of Lean.Parser.Command.classAbbrev took 0.373ms
interpretation of Lean.cdot took 0.366ms
interpretation of Lean.solveTactic took 0.397ms
interpretation of Lean.term_Matches_| took 0.363ms
interpretation of term{_} took 0.377ms
interpretation of Lean.Parser.Attr.ext took 0.387ms
interpretation of Lean.Elab.Tactic.Ext.ext took 0.402ms
interpretation of Lean.Elab.Tactic.Ext.applyExtTheorem took 0.409ms
interpretation of Lean.Elab.Tactic.Ext.tacticExt1___ took 0.627ms
interpretation of Bool.term_^^_ took 0.598ms
interpretation of DerivingHelpers.tacticDeriving_ReflEq_tactic took 0.419ms
interpretation of tacticDeriving_LawfulEq_tactic_step took 0.379ms
interpretation of tacticDeriving_LawfulEq_tactic took 0.468ms
interpretation of termS!_ took 0.48ms
interpretation of Lean.binderPred.quot took 0.384ms
interpretation of Lean.termSatisfies_binder_pred%__ took 0.469ms
interpretation of Lean.term∃__,_ took 0.485ms
interpretation of Lean.term∀__,_ took 0.591ms
interpretation of Lean.binderPred>_ took 0.455ms
interpretation of Lean.binderPred≥_ took 0.355ms
interpretation of Lean.binderPred<_ took 0.367ms
interpretation of Lean.binderPred≤_ took 0.396ms
interpretation of Lean.binderPred≠_ took 0.385ms
interpretation of Lean.binderPred∈_ took 0.462ms
interpretation of Lean.binderPred∉_ took 0.45ms
interpretation of Lean.binderPred⊆_ took 0.347ms
interpretation of Lean.binderPred⊂_ took 0.325ms
interpretation of Lean.binderPred⊇_ took 0.319ms
interpretation of Lean.binderPred⊃_ took 0.332ms
interpretation of List.tacticSizeOf_list_dec took 0.346ms
interpretation of Lean.Parser.Command.grindAnnotated took 0.509ms
interpretation of BitVec.term__#__ took 0.554ms
interpretation of BitVec.term__#'__ took 0.581ms
interpretation of Rat.term_/._ took 0.454ms
interpretation of commandDeclare_uint_theorems__ took 0.363ms
interpretation of commandDeclare_bitwise_uint_theorems__ took 0.376ms
interpretation of Lean.Parser.command_Grind_propagator___(_):=_ took 0.411ms
interpretation of Lean.Parser.command_Builtin_grind_propagator____:=_ took 0.398ms
interpretation of Lean.Parser.grindPropagatorBuiltinAttr took 0.353ms
interpretation of Lean.Grind.grindLintCheck took 0.355ms
interpretation of Lean.Grind.grindLintInspect took 0.337ms
interpretation of Lean.Grind.grindLintMute took 0.329ms
interpretation of Lean.Grind.grindLintSkip took 0.327ms
interpretation of commandDeclare_int_theorems__ took 0.356ms
interpretation of commandDeclare_bitwise_int_theorems__ took 0.364ms
interpretation of String.Internal.tacticOrder took 0.347ms
interpretation of Std.term_...* took 0.371ms
interpretation of Std.term*...* took 0.341ms
interpretation of Std.term_<...* took 0.337ms
interpretation of Std.term_...<_ took 0.337ms
interpretation of Std.term_..._ took 0.319ms
interpretation of Std.term*...<_ took 0.386ms
interpretation of Std.term*..._ took 0.437ms
interpretation of Std.term_<...<_ took 0.5ms
interpretation of Std.term_<..._ took 0.547ms
interpretation of Std.term_...=_ took 0.512ms
interpretation of Std.term*...=_ took 0.499ms
interpretation of Std.term_<...=_ took 0.383ms
interpretation of Vector.term#v[_,] took 0.558ms
interpretation of Std.Legacy.Range.term[:_] took 0.512ms
interpretation of Std.Legacy.Range.term[_:_] took 0.572ms
interpretation of Std.Legacy.Range.term[:_:_] took 0.502ms
interpretation of Std.Legacy.Range.term[_:_:_] took 0.348ms
interpretation of Array.term__[_:_] took 0.465ms
interpretation of Array.term__[_:] took 0.427ms
interpretation of Array.term__[:_] took 0.35ms
interpretation of Array.tacticArray_get_dec took 0.339ms
interpretation of Array.tacticArray_mem_dec took 0.377ms
interpretation of Array.term_~_ took 0.339ms
interpretation of termPrintln!__ took 0.537ms
interpretation of Std.termF!_ took 0.587ms
interpretation of Vector.term_~_ took 0.547ms
interpretation of Lean.Parser.Tactic.guardExpr took 0.591ms
interpretation of Lean.Parser.Tactic.guardExprConv took 0.37ms
interpretation of Lean.Parser.Tactic.guardTarget took 0.499ms
interpretation of Lean.Parser.Tactic.guardTargetConv took 0.568ms
interpretation of Lean.Parser.Tactic.guardHyp took 0.54ms
interpretation of Lean.Parser.Tactic.guardHypConv took 0.588ms
interpretation of Lean.Parser.Command.guardExprCmd took 0.608ms
interpretation of Lean.Parser.Command.guardCmd took 0.56ms
interpretation of Lean.Parser.command__Simproc__[_]_(_):=_ took 0.786ms
interpretation of Lean.Parser.command__Dsimproc__[_]_(_):=_ took 0.705ms
interpretation of Lean.Parser.command_Simproc_decl_(_):=_ took 0.44ms
interpretation of Lean.Parser.command_Dsimproc_decl_(_):=_ took 0.381ms
interpretation of Lean.Parser.command__Builtin_simproc__[_]_(_):=_ took 0.588ms
interpretation of Lean.Parser.command__Builtin_dsimproc__[_]_(_):=_ took 0.749ms
interpretation of Lean.Parser.command_Builtin_simproc_decl_(_):=_ took 0.713ms
interpretation of Lean.Parser.command_Builtin_dsimproc_decl_(_):=_ took 0.667ms
interpretation of Lean.Parser.simprocPattern took 0.353ms
interpretation of Lean.Parser.simprocPatternBuiltin took 0.372ms
interpretation of Lean.Parser.Attr.simprocAttr took 0.349ms
interpretation of Lean.Parser.Attr.sevalprocAttr took 0.333ms
interpretation of Lean.Parser.Attr.simprocBuiltinAttr took 0.35ms
interpretation of Lean.Parser.Attr.sevalprocBuiltinAttr took 0.328ms
interpretation of Lean.Parser.command__Cbv_simproc____(_):=_ took 0.416ms
interpretation of Lean.Parser.command_Cbv_simproc_decl_(_):=_ took 0.388ms
interpretation of Lean.Parser.command__Builtin_cbv_simproc____(_):=_ took 0.389ms
interpretation of Lean.Parser.command_Builtin_cbv_simproc_decl_(_):=_ took 0.392ms
interpretation of Lean.Parser.cbvSimprocPattern took 0.324ms
interpretation of Lean.Parser.cbvSimprocPatternBuiltin took 0.378ms
interpretation of Lean.Parser.Attr.cbvSimprocAttr took 0.678ms
interpretation of Lean.Parser.Attr.cbvSimprocBuiltinAttr took 0.608ms
interpretation of Lean.termMacro.trace[_]_ took 0.428ms
interpretation of Lean.Parser.Sym.Simp.sym_simproc.quot took 0.397ms
interpretation of Lean.Parser.Sym.Simp.sym_discharger.quot took 0.447ms
interpretation of Lean.Parser.Sym.Simp.ground took 0.375ms
interpretation of Lean.Parser.Sym.Simp.telescope took 0.538ms
interpretation of Lean.Parser.Sym.Simp.control took 0.511ms
interpretation of Lean.Parser.Sym.Simp.arrowTelescope took 0.427ms
interpretation of Lean.Parser.Sym.Simp.rewriteSet took 0.472ms
interpretation of Lean.Parser.Sym.Simp.rewriteInline took 0.623ms
interpretation of Lean.Parser.Sym.Simp.self took 0.618ms
interpretation of Lean.Parser.Sym.Simp.none took 0.47ms
interpretation of Lean.Parser.Sym.Simp.andThen took 0.573ms
interpretation of Lean.Parser.Sym.Simp.orElse took 0.477ms
interpretation of Lean.Parser.Sym.Simp.simprocParen took 0.343ms
interpretation of Lean.Parser.Sym.Simp.dischSelf took 0.342ms
interpretation of Lean.Parser.Sym.Simp.dischNone took 0.388ms
interpretation of Lean.Parser.Sym.Simp.dischParen took 0.577ms
interpretation of Lean.Parser.Sym.Simp.dischGrind took 0.593ms
interpretation of Lean.Parser.Command.sym_simp_field.quot took 0.51ms
interpretation of Lean.Parser.Command.symSimpFieldPre took 0.511ms
interpretation of Lean.Parser.Command.symSimpFieldPost took 0.556ms
interpretation of Lean.Parser.Command.symSimpFieldMaxSteps took 0.562ms
interpretation of Lean.Parser.Command.symSimpFieldMaxDischargeDepth took 0.608ms
interpretation of Lean.Parser.Command.registerSymSimp took 0.61ms
interpretation of Lean.Parser.Sym.DSimp.sym_dsimproc.quot took 0.637ms
interpretation of Lean.Parser.Sym.DSimp.none took 0.544ms
interpretation of Lean.Parser.Sym.DSimp.ground took 0.614ms
interpretation of Lean.Parser.Sym.DSimp.beta took 0.591ms
interpretation of Lean.Parser.Sym.DSimp.zeta took 0.596ms
interpretation of Lean.Parser.Sym.DSimp.zetaDelta took 0.646ms
interpretation of Lean.Parser.Sym.DSimp.proj took 0.582ms
interpretation of Lean.Parser.Sym.DSimp.reduceMatch took 0.559ms
interpretation of Lean.Parser.Sym.DSimp.andThen took 0.55ms
interpretation of Lean.Parser.Sym.DSimp.orElse took 0.619ms
interpretation of Lean.Parser.Sym.DSimp.dsimprocParen took 0.658ms
interpretation of Lean.Parser.Command.sym_dsimp_field.quot took 0.59ms
interpretation of Lean.Parser.Command.symDSimpFieldPre took 0.597ms
interpretation of Lean.Parser.Command.symDSimpFieldPost took 0.405ms
interpretation of Lean.Parser.Command.symDSimpFieldMaxSteps took 0.511ms
interpretation of Lean.Parser.Command.registerSymDSimp took 0.564ms
interpretation of Lean.Order.term_⊑_ took 0.403ms
interpretation of Lean.Order.term⊥ took 0.438ms
interpretation of Lean.Order.monotonicity took 0.574ms
interpretation of Lean.Parser.Tactic.tryTrace took 0.634ms
interpretation of Lean.Parser.Tactic.tryTraceWith took 0.601ms
interpretation of Lean.Parser.Tactic.attemptAll took 0.653ms
interpretation of Lean.Parser.Tactic.attemptAllPar took 0.523ms
interpretation of Lean.Parser.Tactic.firstPar took 0.37ms
interpretation of Lean.Parser.Tactic.tryResult took 0.394ms
interpretation of Lean.Parser.Command.registerTryTactic took 0.405ms
interpretation of tactic∎ took 0.461ms
interpretation of term∎ took 0.524ms
interpretation of Std.DHashMap.Raw.term_~m_ took 0.798ms
interpretation of Std.DHashMap.term_~m_ took 0.597ms
interpretation of Std.HashMap.term_~m_ took 0.641ms
interpretation of Std.HashSet.term_~m_ took 0.653ms
interpretation of Std.DTreeMap.Internal.Impl.tacticTree_tac took 0.678ms
interpretation of Std.DTreeMap.Internal.Impl.term✓ took 0.647ms
interpretation of Std.DTreeMap.Internal.Impl.term_~m_ took 0.59ms
interpretation of Std.DTreeMap.term_~m_ took 0.464ms
interpretation of Std.TreeMap.term_~m_ took 0.478ms
interpretation of Std.TreeSet.term_~m_ took 0.365ms
interpretation of Std.HashMap.Raw.term_~m_ took 0.673ms
interpretation of Lean.Option.registerBuiltinOption took 0.828ms
interpretation of Lean.Option.registerOption took 0.561ms
interpretation of Std.DTreeMap.Raw.term_~m_ took 0.527ms
interpretation of Std.TreeMap.Raw.term_~m_ took 0.461ms
interpretation of Lean.termM!_ took 0.385ms
interpretation of Lean.termThrowError__ took 0.386ms
interpretation of Lean.termThrowErrorAt____ took 0.392ms
interpretation of Lean.doElemTrace[_]__ took 0.424ms
interpretation of Lean.Compiler.term◾ took 0.409ms
interpretation of Lean.Compiler.LCNF.tacticPurity_tac took 0.41ms
interpretation of Lean.PrettyPrinter.Delaborator.attrApp_delab_ took 0.393ms
interpretation of Lean.termRegister_parser_alias(Kind:=_)______ took 0.414ms
interpretation of Lean.Doc.Syntax.arg_val.quot took 0.416ms
interpretation of Lean.Doc.Syntax.arg_str took 0.385ms
interpretation of Lean.Doc.Syntax.arg_ident took 0.336ms
interpretation of Lean.Doc.Syntax.arg_num took 0.323ms
interpretation of Lean.Doc.Syntax.doc_arg.quot took 0.354ms
interpretation of Lean.Doc.Syntax.anon took 0.308ms
interpretation of Lean.Doc.Syntax.named took 0.327ms
interpretation of Lean.Doc.Syntax.named_no_paren took 0.34ms
interpretation of Lean.Doc.Syntax.flag_on took 0.322ms
interpretation of Lean.Doc.Syntax.flag_off took 0.335ms
interpretation of Lean.Doc.Syntax.link_target.quot took 0.338ms
interpretation of Lean.Doc.Syntax.url took 0.316ms
interpretation of Lean.Doc.Syntax.ref took 0.314ms
interpretation of Lean.Doc.Syntax.inline.quot took 0.326ms
interpretation of Lean.Doc.Syntax.text took 0.406ms
interpretation of Lean.Doc.Syntax.emph took 0.312ms
interpretation of Lean.Doc.Syntax.bold took 0.313ms
interpretation of Lean.Doc.Syntax.link took 0.32ms
interpretation of Lean.Doc.Syntax.image took 0.306ms
interpretation of Lean.Doc.Syntax.footnote took 0.302ms
interpretation of Lean.Doc.Syntax.linebreak took 0.309ms
interpretation of Lean.Doc.Syntax.code took 0.277ms
interpretation of Lean.Doc.Syntax.role took 0.279ms
interpretation of Lean.Doc.Syntax.inline_math took 0.288ms
interpretation of Lean.Doc.Syntax.display_math took 0.296ms
interpretation of Lean.Doc.Syntax.block.quot took 0.287ms
interpretation of Lean.Doc.Syntax.list_item.quot took 0.293ms
interpretation of Lean.Doc.Syntax.li took 0.289ms
interpretation of Lean.Doc.Syntax.desc_item.quot took 0.295ms
interpretation of Lean.Doc.Syntax.desc took 0.302ms
interpretation of Lean.Doc.Syntax.para took 0.271ms
interpretation of Lean.Doc.Syntax.ul took 0.265ms
interpretation of Lean.Doc.Syntax.dl took 0.275ms
interpretation of Lean.Doc.Syntax.ol took 0.278ms
interpretation of Lean.Doc.Syntax.codeblock took 0.282ms
interpretation of Lean.Doc.Syntax.blockquote took 0.276ms
interpretation of Lean.Doc.Syntax.link_ref took 0.287ms
interpretation of Lean.Doc.Syntax.footnote_ref took 0.284ms
interpretation of Lean.Doc.Syntax.directive took 0.274ms
interpretation of Lean.Doc.Syntax.header took 0.333ms
interpretation of Lean.Doc.Syntax.metadata_block took 0.28ms
interpretation of Lean.Doc.Syntax.metadataContents took 0.336ms
interpretation of Lean.Doc.Syntax.command took 0.287ms
interpretation of Lean.Parser.Term.InternalSyntax.doSkip took 0.305ms
interpretation of Lean.Parser.Command.InternalSyntax.end_local_scope took 0.329ms
interpretation of Lean.Json.json.quot took 0.349ms
interpretation of Lean.Json.jsonNull took 0.425ms
interpretation of Lean.Json.jsonTrue took 0.429ms
interpretation of Lean.Json.jsonFalse took 0.49ms
interpretation of Lean.Json.json_ took 0.416ms
interpretation of Lean.Json.json-_ took 0.291ms
interpretation of Lean.Json.json-__1 took 0.353ms
interpretation of Lean.Json.json[_] took 0.386ms
interpretation of Lean.Json.json{_} took 0.505ms
interpretation of Lean.Json.termJson%_ took 0.534ms
interpretation of Batteries.Tactic.Alias.alias took 19.4ms
interpretation of Batteries.Tactic.Alias.aliasLR took 14.3ms
interpretation of Lean.Linter.command_Register_linter_set_:=_ took 0.41ms
interpretation of Std.Time.termDatespec(_) took 0.428ms
interpretation of Std.Time.termDatespec(_,_) took 0.382ms
interpretation of adaptationNoteCmd took 9.75ms
interpretation of tactic#adaptation_note_ took 3.4ms
interpretation of adaptationNoteTermStx took 3.77ms
interpretation of lemma took 15.7ms
interpretation of Mathlib.Linter.HaveILetI.tacticHaveI__ took 15.3ms
interpretation of Mathlib.Linter.HaveILetI.tacticLetI__ took 8.23ms
interpretation of Lean.commandDeclare_uint_simprocs_ took 0.733ms
interpretation of Lean.commandDeclare_sint_simprocs_ took 0.649ms
interpretation of Lean.Parser.Command.registerSimpAttr took 0.653ms
interpretation of Lean.Elab.ConfigEval.ensureEvalTermInstance took 0.649ms
interpretation of Lean.Elab.ConfigEval.ensureEvalExprInstance took 0.552ms
interpretation of Lean.Elab.ConfigEval.ensureEvalTermExprInstances took 0.561ms
interpretation of Lean.Elab.ConfigEval.deriveEvalExprUsingMeta took 0.466ms
interpretation of Lean.Elab.ConfigEval.defEvalConfigItemCmd took 0.475ms
interpretation of Lean.Elab.ConfigEval.declareCoreConfigElab took 0.607ms
interpretation of Lean.Elab.ConfigEval.declareTermConfigElab took 0.559ms
interpretation of Lean.Elab.ConfigEval.declareTacticConfig took 0.711ms
interpretation of Lean.Elab.ConfigEval.declareCommandConfig took 0.715ms
interpretation of Batteries.Tactic.Lint.env_linter took 11.6ms
interpretation of Batteries.Tactic.Lint.nolint took 13.4ms
interpretation of Mathlib.Linter.UnusedTactic.command#allow_unused_tactic!___ took 34.9ms
interpretation of Mathlib.Linter.UnusedTactic.command#show_kind_ took 8.43ms
interpretation of Batteries.Tactic.unreachable took 5.3ms
interpretation of Batteries.Tactic.unreachableConv took 2.41ms
interpretation of Mathlib.Linter.Style.show took 5.7ms
interpretation of Mathlib.Command.MinImports.minImpsStx took 17ms
interpretation of Mathlib.Command.MinImports.command#min_importsIn_ took 8.32ms
interpretation of Mathlib.Tactic.ExtractGoal.extractGoal took 39.9ms
interpretation of Mathlib.GuardExceptions.parseCmd took 13.4ms
interpretation of Lean.Elab.Term.termSort* took 7.11ms
interpretation of Lean.Elab.Term.termType* took 4.94ms
interpretation of Batteries.Util.LibraryNote.commandLibrary_note___ took 23.2ms
interpretation of Batteries.Tactic.command#help_Option___ took 31.4ms
interpretation of Lean.Parser.rawIdent took 0.37ms
interpretation of Batteries.Tactic.command#help_AttrAttribute___ took 15.8ms
interpretation of Lean.Parser.rawIdent took 0.0214ms
interpretation of Batteries.Tactic.command#help_Cats___ took 5.88ms
interpretation of Lean.Parser.rawIdent took 0.0037ms
interpretation of Batteries.Tactic.command#help_Cat+______ took 25.7ms
interpretation of Lean.Parser.rawIdent took 0.0045ms
interpretation of Batteries.Tactic.command#help_Note___ took 17ms
interpretation of Lean.Parser.strLit took 0.356ms
interpretation of Batteries.Tactic.command#help_Term+____ took 9.79ms
interpretation of Lean.Parser.rawIdent took 0.0123ms
interpretation of Batteries.Tactic.command#help_Tactic+____ took 11.8ms
interpretation of Lean.Parser.rawIdent took 0.0055ms
interpretation of Batteries.Tactic.command#help_Conv+____ took 9.34ms
interpretation of Lean.Parser.rawIdent took 0.0052ms
interpretation of Batteries.Tactic.command#help_Command+____ took 10.7ms
interpretation of Lean.Parser.rawIdent took 0.0053ms
interpretation of wantedRef took 13ms
interpretation of theorem_wanted took 17.5ms
interpretation of proof_wanted took 9.12ms
interpretation of def_wanted took 9.14ms
interpretation of instance_wanted took 14.2ms
interpretation of command#find_home!_ took 20.4ms
interpretation of command#import_diff_ took 11.2ms
interpretation of command#min_imports took 5.59ms
interpretation of command#minimize_imports took 5.89ms
interpretation of command#redundant_imports took 5.91ms
interpretation of Lean.Elab.Command.openPrivate took 31.2ms
interpretation of Lean.Elab.Command.exportPrivate took 8.67ms
interpretation of Batteries.Tactic.Lint.command#lint+-*Only___ took 41.7ms
interpretation of Batteries.Tactic.Lint.command#list_linters took 4.34ms
interpretation of Batteries.Tactic.tacticTrans___ took 14ms
interpretation of Batteries.Tactic.tacticTransitivity___ took 5.07ms
interpretation of eqns took 10.9ms
interpretation of Mathlib.Tactic.Translate.translateReorder.quot took 14.5ms
interpretation of Mathlib.Tactic.Translate.reorder took 23.4ms
interpretation of Mathlib.Tactic.ToAdditive.to_additive_ignore_args took 16.5ms
interpretation of Mathlib.Tactic.ToAdditive.to_additive_do_translate took 5.84ms
interpretation of Mathlib.Tactic.ToAdditive.to_additive_dont_translate took 3.76ms
interpretation of Mathlib.Tactic.ToAdditive.to_additive took 133ms
interpretation of Lean.Parser.Term.attrInstance took 0.635ms
interpretation of Mathlib.Tactic.ToAdditive.attrTo_additive?_ took 9.3ms
interpretation of Lean.Parser.Term.attrInstance took 0.0167ms
interpretation of Mathlib.Tactic.ToAdditive.commandInsert_to_additive_translation__ took 11.5ms
interpretation of Mathlib.Tactic.ToAdditive.commandTo_additive_name_hint__ took 9.12ms
interpretation of Mathlib.Tactic.MkIff.mkIff took 16ms
interpretation of Mathlib.Tactic.MkIff.mkIffOfInductiveProp took 7.7ms
interpretation of notation_class took 19.9ms
interpretation of Lean.Parser.Attr.simps took 60.1ms
interpretation of Lean.Parser.Term.attrInstance took 0.0052ms
interpretation of Lean.Parser.Term.configItem took 0.532ms
interpretation of Lean.Parser.Attr.attrSimps?_ took 8.22ms
interpretation of Lean.Parser.Term.attrInstance took 0.0078ms
interpretation of Lean.Parser.Term.configItem took 0.0048ms
interpretation of Lean.Parser.Attr.attrSimps!_ took 4.98ms
interpretation of Lean.Parser.Term.attrInstance took 0.0046ms
interpretation of Lean.Parser.Term.configItem took 0.0025ms
interpretation of Lean.Parser.Attr.attrSimps!?_ took 5.45ms
interpretation of Lean.Parser.Term.attrInstance took 0.005ms
interpretation of Lean.Parser.Term.configItem took 0.0029ms
interpretation of Lean.Parser.Attr.attrSimps?!_ took 4.97ms
interpretation of Lean.Parser.Term.attrInstance took 0.0047ms
interpretation of Lean.Parser.Term.configItem took 0.0025ms
interpretation of Lean.Parser.Command.initialize_simps_projections took 39.9ms
interpretation of Lean.Parser.Command.commandInitialize_simps_projections?_ took 4.16ms
interpretation of termℕ took 2.44ms
interpretation of Mathlib.Tactic.Push.pushAttr took 18.9ms
interpretation of termℤ took 3.24ms
interpretation of Mathlib.CrossRef.stacksTagDB.quot took 11.3ms
interpretation of Mathlib.CrossRef.stacksTagDBKerodon took 2.76ms
interpretation of Mathlib.CrossRef.stacksTagDBStacks took 3.33ms
interpretation of Mathlib.CrossRef.stacksTag took 9.34ms
interpretation of Mathlib.CrossRef.stacksTagParser took 4.8ms
interpretation of Mathlib.CrossRef.wikidataTag took 5.13ms
interpretation of Mathlib.CrossRef.wikidataIdParser took 4.35ms
interpretation of Mathlib.CrossRef.lmfdbTag took 4.67ms
interpretation of Mathlib.CrossRef.lmfdbIdParser took 6.13ms
interpretation of Mathlib.CrossRef.dlmfTag took 5.68ms
interpretation of Mathlib.CrossRef.dlmfIdParser took 7.28ms
interpretation of Mathlib.CrossRef.stacksTags took 10.1ms
interpretation of Mathlib.CrossRef.kerodonTags took 7.43ms
interpretation of Mathlib.CrossRef.wikidataTags took 6.85ms
interpretation of Mathlib.CrossRef.lmfdbTags took 7.06ms
interpretation of Mathlib.CrossRef.dlmfTags took 5.72ms
interpretation of termOfNat(_) took 8.54ms
interpretation of Lean.Parser.Command.registerLabelAttr took 0.494ms
interpretation of Parser.Attr.functor_norm took 19.4ms
interpretation of Parser.Attr.functor_norm_proc took 4.45ms
interpretation of Parser.Attr.monad_norm took 6.94ms
interpretation of Parser.Attr.monad_norm_proc took 5.14ms
interpretation of Parser.Attr.parity_simps took 6.63ms
interpretation of Parser.Attr.parity_simps_proc took 4.22ms
interpretation of Parser.Attr.rclike_simps took 7.68ms
interpretation of Parser.Attr.rclike_simps_proc took 5.78ms
interpretation of Parser.Attr.rify_simps took 7.84ms
interpretation of Parser.Attr.rify_simps_proc took 5.18ms
interpretation of Parser.Attr.qify_simps took 6.52ms
interpretation of Parser.Attr.qify_simps_proc took 4.5ms
interpretation of Parser.Attr.zify_simps took 7.94ms
interpretation of Parser.Attr.zify_simps_proc took 5.18ms
interpretation of Parser.Attr.pull_end took 5.51ms
interpretation of Parser.Attr.pull_end_proc took 4.59ms
interpretation of Parser.Attr.push_end took 6.09ms
interpretation of Parser.Attr.push_end_proc took 2.78ms
interpretation of Parser.Attr.mfld_simps took 4.6ms
interpretation of Parser.Attr.mfld_simps_proc took 2.85ms
interpretation of Parser.Attr.integral_simps took 10.1ms
interpretation of Parser.Attr.integral_simps_proc took 6.13ms
interpretation of Parser.Attr.typevec took 7.1ms
interpretation of Parser.Attr.typevec_proc took 5.58ms
interpretation of Parser.Attr.ghost_simps took 5.22ms
interpretation of Parser.Attr.ghost_simps_proc took 4.99ms
interpretation of Parser.Attr.nontriviality took 6.97ms
interpretation of Parser.Attr.nontriviality_proc took 3.96ms
interpretation of Parser.Attr.is_poly took 3.09ms
interpretation of Parser.Attr.fin_omega took 6.44ms
interpretation of Parser.Attr.fin_omega_proc took 4.41ms
interpretation of Parser.Attr.enat_to_nat_top took 8.86ms
interpretation of Parser.Attr.enat_to_nat_top_proc took 5.83ms
interpretation of Parser.Attr.enat_to_nat_coe took 6.5ms
interpretation of Parser.Attr.enat_to_nat_coe_proc took 5.61ms
interpretation of Parser.Attr.pnat_to_nat_coe took 7.14ms
interpretation of Parser.Attr.pnat_to_nat_coe_proc took 5.12ms
interpretation of Parser.Attr.mon_tauto took 4.94ms
interpretation of Parser.Attr.mon_tauto_proc took 4.03ms
interpretation of Parser.Attr.coassoc_simps took 5.78ms
interpretation of Parser.Attr.coassoc_simps_proc took 4.85ms
interpretation of Batteries.Tactic.tacticMap_tacs[_;] took 23.2ms
interpretation of Batteries.Tactic.seq_focus took 7.11ms
interpretation of term_+ᵥ_ took 9.43ms
interpretation of term_-ᵥ_ took 7.01ms
interpretation of term_/ₛ_ took 6.34ms
interpretation of Std.Do.termSpred(_) took 1.33ms
interpretation of Std.Do.termTerm(_) took 0.366ms
interpretation of Std.Do.term⌜_⌝ took 0.894ms
interpretation of Std.Do.term_⊢ₛ_ took 0.346ms
interpretation of Std.Do.term⊢ₛ_ took 0.332ms
interpretation of Std.Do.term_⊣⊢ₛ_ took 0.537ms
interpretation of Std.Do.term_⊢ₑ_ took 0.327ms
interpretation of Std.Do.term_∧ₑ_ took 0.306ms
interpretation of Std.Do.term_→ₑ_ took 0.322ms
interpretation of Std.Do.termPost⟨_,,⟩ took 0.328ms
interpretation of Std.Do.term_⇓_=>_ took 0.322ms
interpretation of Std.Do.term_⇓?_=>_ took 0.307ms
interpretation of Std.Do.term_⊢ₚ_ took 0.294ms
interpretation of Std.Do.term_∧ₚ_ took 0.531ms
interpretation of Std.Do.term_→ₚ_ took 0.574ms
interpretation of Std.Do.termWp⟦_:_⟧ took 1.47ms
interpretation of Std.Do.triple took 0.733ms
interpretation of Lean.Parser.Attr.spec took 0.665ms
interpretation of Lean.Parser.Tactic.massumption took 0.608ms
interpretation of Lean.Parser.Tactic.mclear took 0.356ms
interpretation of Lean.Parser.Tactic.mclearError took 0.329ms
interpretation of Lean.Parser.Tactic.mconstructor took 0.349ms
interpretation of Lean.Parser.Tactic.mexact took 0.315ms
interpretation of Lean.Parser.Tactic.mexactError took 0.323ms
interpretation of Lean.Parser.Tactic.mexfalso took 0.313ms
interpretation of Lean.Parser.Tactic.mexists took 0.398ms
interpretation of Lean.Parser.Tactic.mexistsError took 0.361ms
interpretation of Lean.Parser.Tactic.mframe took 0.321ms
interpretation of Lean.Parser.Tactic.mdup took 0.352ms
interpretation of Lean.Parser.Tactic.mhave took 0.309ms
interpretation of Lean.Parser.Tactic.mhaveError took 0.3ms
interpretation of Lean.Parser.Tactic.mreplace took 0.299ms
interpretation of Lean.Parser.Tactic.mreplaceError took 0.352ms
interpretation of Lean.Parser.Tactic.mright took 0.311ms
interpretation of Lean.Parser.Tactic.mleft took 0.312ms
interpretation of Lean.Parser.Tactic.mpure took 0.331ms
interpretation of Lean.Parser.Tactic.mpureError took 0.486ms
interpretation of Lean.Parser.Tactic.mpureIntro took 0.341ms
interpretation of Lean.Parser.Tactic.mrenameI took 0.331ms
interpretation of Lean.Parser.Tactic.mrenameIError took 0.359ms
interpretation of Lean.Parser.Tactic.mspecialize took 0.351ms
interpretation of Lean.Parser.Tactic.mspecializeError took 0.365ms
interpretation of Lean.Parser.Tactic.mspecializePure took 0.354ms
interpretation of Lean.Parser.Tactic.mspecializePureError took 0.549ms
interpretation of Lean.Parser.Tactic.mstart took 0.551ms
interpretation of Lean.Parser.Tactic.mstop took 0.356ms
interpretation of Lean.Parser.Tactic.mleave took 0.349ms
interpretation of Lean.Parser.Tactic.mcasesPat.quot took 0.362ms
interpretation of Lean.Parser.Tactic.mcasesPat_ took 0.356ms
interpretation of Lean.Parser.Tactic.mcasesPat- took 0.355ms
interpretation of Lean.Parser.Tactic.mcasesPat⟨_⟩ took 0.396ms
interpretation of Lean.Parser.Tactic.mcasesPat(_) took 0.378ms
interpretation of Lean.Parser.Tactic.mcasesPat⌜_⌝ took 0.4ms
interpretation of Lean.Parser.Tactic.mcasesPat□_ took 0.361ms
interpretation of Lean.Parser.Tactic.mcasesPat%_ took 0.359ms
interpretation of Lean.Parser.Tactic.mcasesPat#_ took 0.358ms
interpretation of Lean.Parser.Tactic.mcases took 0.352ms
interpretation of Lean.Parser.Tactic.mcasesError took 0.436ms
interpretation of Lean.Parser.Tactic.mrefinePat.quot took 0.387ms
interpretation of Lean.Parser.Tactic.mrefinePat_ took 0.396ms
interpretation of Lean.Parser.Tactic.mrefinePat⟨_⟩ took 0.388ms
interpretation of Lean.Parser.Tactic.mrefinePat(_) took 0.467ms
interpretation of Lean.Parser.Tactic.mrefinePat⌜_⌝ took 0.513ms
interpretation of Lean.Parser.Tactic.mrefinePat□_ took 0.629ms
interpretation of Lean.Parser.Tactic.mrefinePat?_ took 0.631ms
interpretation of Lean.Parser.Tactic.mrefinePat%_ took 0.698ms
interpretation of Lean.Parser.Tactic.mrefinePat#_ took 0.696ms
interpretation of Lean.Parser.Tactic.mrefine took 0.612ms
interpretation of Lean.Parser.Tactic.mrefineError took 0.7ms
interpretation of Lean.Parser.Tactic.mintroPat.quot took 0.671ms
interpretation of Lean.Parser.Tactic.mintroPat_ took 0.659ms
interpretation of Lean.Parser.Tactic.mintroPat∀_ took 0.649ms
interpretation of Lean.Parser.Tactic.mintro took 0.781ms
interpretation of Lean.Parser.Tactic.mintroError took 0.808ms
interpretation of Lean.Parser.Tactic.mrevertPat.quot took 0.65ms
interpretation of Lean.Parser.Tactic.mrevertPat_ took 0.76ms
interpretation of Lean.Parser.Tactic.mrevertPat∀_ took 0.723ms
interpretation of Lean.Parser.Tactic.mrevert took 0.745ms
interpretation of Lean.Parser.Tactic.mrevertError took 0.641ms
interpretation of Lean.Parser.Tactic.mspecNoBind took 0.613ms
interpretation of Lean.Parser.Tactic.mspecNoSimp took 0.64ms
interpretation of Lean.Parser.Tactic.mspec took 0.658ms
interpretation of Lean.Parser.Tactic.tacticMvcgen_trivial_extensible took 0.67ms
interpretation of Lean.Parser.Tactic.tacticMvcgen_trivial took 0.667ms
interpretation of Lean.Parser.Tactic.mvcgen took 0.651ms
interpretation of Lean.Parser.Tactic.mvcgenHint took 0.771ms
interpretation of Lean.Parser.Tactic.vcgenDischarge.quot took 0.744ms
interpretation of Lean.Parser.Tactic.vcgenDischargeGrind took 0.634ms
interpretation of Lean.Parser.Tactic.vcgenDischargeTactic took 0.613ms
interpretation of Lean.Parser.Tactic.vcgen took 0.531ms
interpretation of Lean.Parser.Tactic.Grind.vcgen took 0.487ms
interpretation of Mathlib.Tactic.tacticRepeat1_ took 15.5ms
interpretation of Mathlib.Tactic.splitIfs took 30.7ms
interpretation of letImplDetailStx took 18.1ms
interpretation of Lean.Parser.Term.ident took 0.512ms
interpretation of termℚ took 4.71ms
interpretation of termℚ≥0 took 4ms
interpretation of Function.term_∘'_ took 14.1ms
interpretation of Function.term_On_ took 9.69ms
interpretation of Mathlib.Notation.term∃!_,_ took 22.4ms
interpretation of Mathlib.Notation.term∃!__,_ took 13.8ms
interpretation of Batteries.ExtendedBinder.term∃ᵉ_,_ took 67.9ms
interpretation of Batteries.ExtendedBinder.term∀ᵉ_,_ took 11.4ms
interpretation of Mathlib.Meta.SetNotationForOrder.subsetStx' took 14.2ms
interpretation of Mathlib.Meta.SetNotationForOrder.ssubsetStx' took 6.62ms
interpretation of Mathlib.Meta.SetNotationForOrder.supsetStx' took 8.65ms
interpretation of Mathlib.Meta.SetNotationForOrder.ssupsetStx' took 9.84ms
interpretation of Mathlib.Meta.SetNotationForOrder.binderPred⊆_ took 7.12ms
interpretation of Mathlib.Meta.SetNotationForOrder.binderPred⊂_ took 6.48ms
interpretation of Mathlib.Meta.SetNotationForOrder.binderPred⊇_ took 6.45ms
interpretation of Mathlib.Meta.SetNotationForOrder.binderPred⊃_ took 5.86ms
interpretation of Mathlib.Tactic.ToDual.to_dual_ignore_args took 17.1ms
interpretation of Mathlib.Tactic.ToDual.to_dual_do_translate took 4.6ms
interpretation of Mathlib.Tactic.ToDual.to_dual_dont_translate took 4.42ms
interpretation of Mathlib.Tactic.ToDual.to_dual took 12.1ms
interpretation of Lean.Parser.Term.attrInstance took 0.008ms
interpretation of Mathlib.Tactic.ToDual.attrTo_dual?_ took 9.96ms
interpretation of Lean.Parser.Term.attrInstance took 0.0072ms
interpretation of Mathlib.Tactic.ToDual.commandTo_dual_insert_cast_:=_ took 23.3ms
interpretation of Mathlib.Tactic.ToDual.commandTo_dual_insert_cast_fun_:=_,_ took 15.7ms
interpretation of Mathlib.Tactic.ToDual.commandTo_dual_name_hint__,, took 17.7ms
interpretation of Mathlib.Meta.setBuilder took 25.4ms
interpretation of Mathlib.Meta.term{_|_} took 10.1ms
interpretation of Mathlib.Meta.macroPattSetBuilder took 11.8ms
interpretation of Mathlib.Meta.term{_|_}_1 took 6.68ms
interpretation of Set.term𝒫_ took 9.13ms
interpretation of Batteries.Tactic.tactic_ took 8.69ms
interpretation of Batteries.Tactic.exacts took 23.9ms
interpretation of Batteries.Tactic.tacticBy_contra_core took 5.26ms
interpretation of Batteries.Tactic.byContra took 23ms
interpretation of Batteries.Tactic.tacticAbsurd_ took 8.14ms
interpretation of Batteries.Tactic.tacticSplit_ands took 4.31ms
interpretation of Batteries.Tactic.tacticFapply_ took 4.59ms
interpretation of Batteries.Tactic.tacticEapply_ took 8.16ms
interpretation of Batteries.Tactic.triv took 4.1ms
interpretation of Batteries.Tactic.Conv.exact took 5.62ms
interpretation of Batteries.Tactic.Conv.equals took 13.9ms
interpretation of Mathlib.Tactic.ExtendDocs.commandExtend_docs__Before__After_ took 35.4ms
interpretation of Function.term↿_ took 12.8ms
interpretation of Lean.Elab.Tactic.inhabit took 29.4ms
interpretation of Mathlib.Util.commandCompile_def%_ took 14.6ms
interpretation of Mathlib.Util.commandCompile_inductive%_ took 8.11ms
interpretation of term_^[_] took 11.2ms
interpretation of term_→ₙ+_ took 10.7ms
interpretation of term_→+_ took 5.12ms
interpretation of term_→ₙ*_ took 6.54ms
interpretation of term_→*_ took 6.6ms
interpretation of Relator.term_⇒_ took 12.2ms
interpretation of Mathlib.Tactic.tacticUse_discharger took 5.85ms
interpretation of Mathlib.Tactic.useSyntax took 25.6ms
interpretation of Mathlib.Tactic.tacticUse!___,, took 11ms
interpretation of Mathlib.Tactic.tacticSimp_rw___ took 18.9ms
interpretation of Lean.Elab.Command.aux_def took 1.5ms
interpretation of Lean.Parser.Term.attributes took 0.691ms
interpretation of Lean.Parser.Term.ident took 0.0136ms
interpretation of Lean.Elab.Command.commandWith_weak_namespace__ took 22ms
interpretation of Mathlib.Tactic.scopedNS took 39.3ms
interpretation of Lean.Parser.Term.attributes took 0.0244ms
interpretation of Mathlib.Notation3.termExpand_binders%(_=>_)_,_ took 36.2ms
interpretation of Mathlib.Notation3.expandFoldl took 34.9ms
interpretation of Mathlib.Notation3.expandFoldr took 19ms
interpretation of Mathlib.Notation3.notation3 took 131ms
interpretation of Lean.Parser.Term.attributes took 0.0079ms
interpretation of Lean.Parser.Term.attrKind took 0.441ms
interpretation of Lean.Parser.precedence took 0.714ms
interpretation of Lean.Parser.Command.namedName took 0.696ms
interpretation of Lean.Parser.Command.namedPrio took 0.504ms
interpretation of Lean.Parser.strLit took 0.0046ms
interpretation of Lean.Parser.precedence took 0.0035ms
interpretation of Lean.Parser.strLit took 0.0044ms
interpretation of Lean.Parser.precedence took 0.002ms
interpretation of Quotient.term⟦_⟧ took 13.8ms
interpretation of term_≃_ took 10.2ms
interpretation of term_≃*_ took 9.2ms
interpretation of term_≃+_ took 4.03ms
interpretation of Aesop.doElemAesop_trace![_]__ took 23ms
interpretation of Aesop.doElemAesop_trace[_]__ took 7.1ms
interpretation of Batteries.Tactic.tacticPick_goal-_ took 15.6ms
interpretation of Batteries.Tactic.tacticSwap took 5.66ms
interpretation of Batteries.Tactic.tacticOn_goal-_=>_ took 13.4ms
interpretation of Aesop.tacticAesop_unfold_ took 15.2ms
interpretation of Aesop.tacticAesop_unfold_At_ took 5.32ms
interpretation of Aesop.commandDeclare_aesop_exception___ took 13.3ms
interpretation of Aesop.Frontend.Parser.Aesop.priority.quot took 15.3ms
interpretation of Aesop.Frontend.Parser.priority_% took 8.55ms
interpretation of Aesop.Frontend.Parser.priority-_ took 6.38ms
interpretation of Aesop.Frontend.Parser.Aesop.phase.quot took 7.84ms
interpretation of Aesop.Frontend.Parser.phaseSafe took 5.22ms
interpretation of Aesop.Frontend.Parser.phaseNorm took 4.11ms
interpretation of Aesop.Frontend.Parser.phaseUnsafe took 4.42ms
interpretation of Aesop.Frontend.Parser.Aesop.builder_name.quot took 8.68ms
interpretation of Aesop.Frontend.Parser.builder_nameApply took 4.63ms
interpretation of Aesop.Frontend.Parser.builder_nameSimp took 4.84ms
interpretation of Aesop.Frontend.Parser.builder_nameUnfold took 5.41ms
interpretation of Aesop.Frontend.Parser.builder_nameTactic took 6.39ms
interpretation of Aesop.Frontend.Parser.builder_nameConstructors took 4.64ms
interpretation of Aesop.Frontend.Parser.builder_nameForward took 4.3ms
interpretation of Aesop.Frontend.Parser.builder_nameDestruct took 4.51ms
interpretation of Aesop.Frontend.Parser.builder_nameCases took 4.61ms
interpretation of Aesop.Frontend.Parser.builder_nameDefault took 5.16ms
interpretation of Aesop.Frontend.Parser.Aesop.indexing_mode.quot took 8.57ms
interpretation of Aesop.Frontend.Parser.indexing_modeTarget_ took 8.41ms
interpretation of Aesop.Frontend.Parser.indexing_modeHyp_ took 9.69ms
interpretation of Aesop.Frontend.Parser.indexing_modeUnindexed took 6.82ms
interpretation of Aesop.Frontend.Parser.Aesop.builder_option.quot took 9.88ms
interpretation of Aesop.Frontend.Parser.builder_option(Immediate:=[_]) took 24.1ms
interpretation of Aesop.Frontend.Parser.builder_option(Index:=[_]) took 8.91ms
interpretation of Aesop.Frontend.Parser.builder_option(Pattern:=_) took 6.74ms
interpretation of Aesop.Frontend.Parser.builder_option(Cases_patterns:=[_]) took 10ms
interpretation of Aesop.Frontend.Parser.builder_option(Transparency:=_) took 27.9ms
interpretation of Aesop.Frontend.Parser.builder_option(Transparency!:=_) took 7.61ms
interpretation of Aesop.Frontend.Parser.Aesop.feature.quot took 8.22ms
interpretation of Aesop.Frontend.Parser.feature_ took 2.65ms
interpretation of Aesop.Frontend.Parser.feature__1 took 3.05ms
interpretation of Aesop.Frontend.Parser.feature__2 took 4.18ms
interpretation of Aesop.Frontend.Parser.feature__3 took 4.05ms
interpretation of Aesop.Frontend.Parser.feature__4 took 11.7ms
interpretation of Aesop.Frontend.Parser.featIdent took 3ms
interpretation of Aesop.Frontend.Parser.feature(_) took 4.33ms
interpretation of Aesop.Frontend.Parser.Aesop.rule_expr.quot took 7.42ms
interpretation of Aesop.Frontend.Parser.rule_expr_ took 2.57ms
interpretation of Aesop.Frontend.Parser.rule_expr___ took 8.02ms
interpretation of Aesop.Frontend.Parser.rule_expr_[_] took 8.77ms
interpretation of Aesop.Frontend.Parser.Aesop.tactic_clause.quot took 17ms
interpretation of Aesop.Frontend.Parser.tactic_clause(Add_) took 17.5ms
interpretation of Aesop.Frontend.Parser.tactic_clause(Erase_) took 8.93ms
interpretation of Aesop.Frontend.Parser.tactic_clause(Rule_sets:=[_]) took 24ms
interpretation of Aesop.Frontend.Parser.tactic_clause(Config:=_) took 12.9ms
interpretation of Aesop.Frontend.Parser.tactic_clause(Simp_config:=_) took 9.4ms
interpretation of Aesop.Frontend.Parser.aesopTactic took 10.7ms
interpretation of Aesop.Frontend.Parser.aesopTactic? took 3.38ms
interpretation of Aesop.Frontend.Parser.Aesop.attr_rules.quot took 18.3ms
interpretation of Aesop.Frontend.Parser.attr_rules_ took 4.53ms
interpretation of Aesop.Frontend.Parser.attr_rules[_] took 9.31ms
interpretation of Aesop.Frontend.Parser.aesop took 3.65ms
interpretation of Aesop.Frontend.Parser.Aesop.bool_lit.quot took 16.6ms
interpretation of Aesop.Frontend.Parser.bool_litTrue took 6.62ms
interpretation of Aesop.Frontend.Parser.bool_litFalse took 3.47ms
interpretation of Aesop.Frontend.Parser.declareRuleSets took 28.7ms
interpretation of Aesop.Frontend.Parser.addRules took 8.4ms
interpretation of Aesop.Frontend.Parser.eraseRules took 5.95ms
interpretation of Aesop.Frontend.Parser.showRules took 14.7ms
interpretation of Aesop.Frontend.Parser.showStats took 7.54ms
interpretation of Aesop.Frontend.saturate took 46.5ms
interpretation of Aesop.Frontend.saturate? took 4.35ms
interpretation of Aesop.Frontend.tacticForward____ took 5.7ms
interpretation of Aesop.Frontend.tacticForward?____ took 5.25ms
interpretation of Lean.Elab.Term.Quotation.commandElab_stx_quot_ took 0.829ms
interpretation of Lean.Parser.Term.ident took 0.004ms
interpretation of Mathlib.Tactic.DepRewrite.depRewriteSeq took 7.36ms
interpretation of Mathlib.Tactic.DepRewrite.depRwSeq took 4.09ms
interpretation of Mathlib.Tactic.DepRewrite.Conv.depRewrite took 1.82ms
interpretation of Mathlib.Tactic.DepRewrite.Conv.depRw took 1.68ms
interpretation of Congr!.congr! took 16.3ms
interpretation of Mathlib.Tactic.convert took 31.3ms
interpretation of Mathlib.Tactic.convert! took 6.06ms
interpretation of Mathlib.Tactic.convertTo took 9.07ms
interpretation of Mathlib.Tactic.convert_to! took 6.42ms
interpretation of Mathlib.Tactic.acChange took 4.45ms
interpretation of Mathlib.Tactic.acChange! took 4.41ms
interpretation of Mathlib.Tactic.Conv.convLHS took 22.5ms
interpretation of Mathlib.Tactic.Conv.convRHS took 7.53ms
interpretation of Mathlib.Tactic.Conv.convRun_conv_ took 6.26ms
interpretation of Mathlib.Tactic.Conv.convConvIn__=>_ took 9.28ms
interpretation of Mathlib.Tactic.Conv.dischargeConv took 7.82ms
interpretation of Mathlib.Tactic.Conv.convRefine_ took 4.52ms
interpretation of Mathlib.Tactic.Conv.command#conv_=>_ took 8.6ms
interpretation of Mathlib.Tactic.Conv.withReducible took 4.45ms
interpretation of Mathlib.Tactic.Conv.command#whnf_ took 4.22ms
interpretation of Mathlib.Tactic.Conv.command#whnfR_ took 4.88ms
interpretation of Mathlib.Tactic.Conv.command#simpOnly_=>__ took 15.3ms
interpretation of Mathlib.Tactic.Push.pushStx took 17.1ms
interpretation of Mathlib.Tactic.Push.push_neg took 2.76ms
interpretation of Mathlib.Tactic.Push.pull took 4.82ms
interpretation of Mathlib.Tactic.Push.convPush_____ took 2.16ms
interpretation of Mathlib.Tactic.Push.convPush_neg_ took 2.09ms
interpretation of Mathlib.Tactic.Push.pushCommand took 10.2ms
interpretation of Mathlib.Tactic.Push.convPull____ took 3.75ms
interpretation of Mathlib.Tactic.Push.pullCommand took 7.43ms
interpretation of Mathlib.Tactic.Push.pushTree took 4.83ms
interpretation of Mathlib.Tactic.Contrapose.contrapose took 16.9ms
interpretation of Mathlib.Tactic.Contrapose.contrapose! took 4.35ms
interpretation of Lean.Elab.Term.CoeImpl.term(↑) took 12.2ms
interpretation of Lean.Elab.Term.CoeImpl.term(⇑) took 5.24ms
interpretation of Lean.Elab.Term.CoeImpl.term(↥) took 4.45ms
interpretation of Mathlib.Tactic.lift took 23.2ms
interpretation of term_ᵐᵒᵖ took 3.24ms
interpretation of term_ᵃᵒᵖ took 4.86ms
interpretation of FBinopElab.prodSyntax took 12.3ms
interpretation of term_×ˢ_ took 6.87ms
interpretation of Qq.termQl(_) took 8.81ms
interpretation of Qq.term_=QL_ took 5.97ms
interpretation of Qq.termQ(__) took 13.2ms
interpretation of Lean.Parser.Term.optType took 0.593ms
interpretation of Qq.termQ(__)_1 took 5.1ms
interpretation of Lean.Parser.Term.optType took 0.003ms
interpretation of Qq.term_=Q_ took 4.08ms
interpretation of Qq.Impl.term_qq_match_←_|_In_ took 15.6ms
interpretation of Qq.Impl.term_qq_match_:=_|_ took 9.43ms
interpretation of Lean.Parser.Term.doSeqIndent took 0.365ms
interpretation of Qq.Impl.term_comefrom_Do_In_ took 13.4ms
interpretation of Lean.Parser.Term.ident took 0.0044ms
interpretation of Qq.Impl.term_comefrom_Do_ took 2.26ms
interpretation of Lean.Parser.Term.ident took 0.0025ms
interpretation of Qq.Impl.doElemComefrom_Do_ took 5.15ms
interpretation of Lean.Parser.Term.ident took 0.0028ms
interpretation of Qq.matcher took 5.65ms
interpretation of Qq.termAssumeInstancesCommute'_ took 8.05ms
interpretation of Qq.Impl.termAssertInstancesCommuteImpl_ took 4.71ms
interpretation of Qq.Impl.termAssertInstancesCommuteDummy took 3.55ms
interpretation of Qq.Impl.termAssumeInstancesCommuteDummy took 4ms
interpretation of Qq.doElemAssertInstancesCommute took 3.94ms
interpretation of Qq.doElemAssumeInstancesCommute took 4.54ms
interpretation of Qq.termBy_elabq_ took 6.62ms
interpretation of Qq.tacticRun_tacq_=>_ took 11.5ms
interpretation of term_ᶜ took 2.99ms
interpretation of term_⊔_ took 7.09ms
interpretation of term_⊓_ took 4.81ms
interpretation of term_⇨_ took 4.4ms
interpretation of term￢_ took 3.43ms
interpretation of term⊤ took 2.33ms
interpretation of term⊥ took 2.36ms
interpretation of Set.term_⁻¹'_ took 5.42ms
interpretation of Set.term_''_ took 4.02ms
interpretation of term_ˣ took 2.61ms
interpretation of term_/ₚ_ took 6.51ms
interpretation of Mathlib.Tactic.subsingletonStx took 16.7ms
interpretation of term_⩿_ took 5.41ms
interpretation of term_⋖_ took 2.89ms
interpretation of tacticCompareOfLessAndEq_rfl took 2.35ms
interpretation of Mathlib.Tactic.GCongr.gcongrAttr took 11.8ms
interpretation of Mathlib.Tactic.GCongr.tacticGcongr_discharger took 3.94ms
interpretation of Mathlib.Tactic.GCongr.gcongrHoleExpand took 6.78ms
interpretation of Mathlib.Tactic.GCongr.gcongr took 13.8ms
interpretation of Mathlib.Tactic.GCongr.tacticRel[_] took 10.5ms
interpretation of Mathlib.Elab.FastInstance.fastInstance took 8.09ms
interpretation of Mathlib.Elab.FastInstance.termInferInstanceAs%_ took 7.73ms
interpretation of term_⁻¹'o_ took 7.06ms
interpretation of term_ᵒᵈ took 2.93ms
interpretation of Mathlib.Tactic.ByCases.byCases! took 15.2ms
interpretation of Mathlib.Tactic.Choose.choose took 25.5ms
interpretation of Mathlib.Tactic.Choose.tacticChoose!___Using_ took 5.4ms
interpretation of Mathlib.Tactic.GRewrite.grewriteSeq took 11ms
interpretation of Mathlib.Tactic.GRewrite.grwSeq took 5.44ms
interpretation of Mathlib.Tactic.GRewrite.tacticApply_rewrite___ took 5.92ms
interpretation of Mathlib.Tactic.GRewrite.applyRwSeq took 8.02ms
interpretation of Mathlib.Tactic.GRewrite.tacticNth_grewrite_____ took 13.3ms
interpretation of Mathlib.Tactic.GRewrite.tacticNth_grw_____ took 6.12ms
interpretation of Function.term_↪_ took 6.9ms
interpretation of term_→r_ took 6.43ms
interpretation of term_↪r_ took 5.38ms
interpretation of term_≃r_ took 6.98ms
interpretation of Mathlib.Tactic.Monotonicity.Attr.mono took 26.7ms
interpretation of Mathlib.PPWithUniv.ppWithUnivAttr took 3.34ms
interpretation of term_→o_ took 8.64ms
interpretation of term_↪o_ took 4.56ms
interpretation of term_≃o_ took 4.13ms
interpretation of term|___|ₘ took 16.3ms
interpretation of term|___| took 2.91ms
interpretation of Mathlib.Tactic.Nontriviality.nontriviality took 25.1ms
interpretation of Ring.term_⁻¹ʳ took 3.99ms
interpretation of Mathlib.Tactic.Bound.attrBound_forward took 3.75ms
interpretation of Lean.Elab.Tactic.configElab took 0.758ms
interpretation of Lean.Elab.Tactic.commandConfigElab took 0.614ms
interpretation of Batteries.Tactic.congrConfig took 15.2ms
interpretation of Batteries.Tactic.congrConfigWith took 17.8ms
interpretation of Batteries.Tactic.rcongr took 4.09ms
interpretation of Mathlib.Tactic.ByContra.byContra! took 20.6ms
interpretation of Mathlib.Tactic.casesM took 16.9ms
interpretation of Mathlib.Tactic.casesm! took 4.5ms
interpretation of Mathlib.Tactic.casesType took 12.2ms
interpretation of Mathlib.Tactic.casesType! took 4.95ms
interpretation of Mathlib.Tactic.constructorM took 4.78ms
interpretation of Mathlib.Tactic.Tauto.tauto took 4.74ms
interpretation of symmDiff.term_∆_ took 7.3ms
interpretation of symmDiff.term_⇔_ took 4.38ms
interpretation of Plausible.command#sample_ took 8.03ms
interpretation of Plausible.Decorations.tacticMk_decorations took 4.82ms
interpretation of Plausible.command#test_ took 10.6ms
interpretation of plausibleSyntax took 8.54ms
interpretation of Batteries.Tactic.casePatt took 42.9ms
interpretation of Batteries.Tactic.casePatt' took 5.19ms
interpretation of Batteries.Tactic.generalizeProofsElab took 18.9ms
interpretation of Batteries.CodeAction.tactic_code_action took 16.4ms
interpretation of List.term_<+~_ took 6.8ms
interpretation of LeanSearchClient.leansearch_search_cmd took 12.3ms
interpretation of Lean.Parser.Term.str took 1.54ms
interpretation of LeanSearchClient.search_cmd took 4.17ms
interpretation of Lean.Parser.Term.str took 0.0038ms
interpretation of LeanSearchClient.leansearch_search_term took 2.33ms
interpretation of Lean.Parser.Term.str took 0.0029ms
interpretation of LeanSearchClient.search_term took 2.41ms
interpretation of Lean.Parser.Term.str took 0.0032ms
interpretation of LeanSearchClient.leansearch_search_tactic took 10.6ms
interpretation of Lean.Parser.Term.str took 0.0067ms
interpretation of LeanSearchClient.statesearch_search_tactic took 4.75ms
interpretation of LeanSearchClient.search_tactic took 3.85ms
interpretation of Lean.Parser.Term.str took 0.005ms
interpretation of LeanSearchClient.loogle_cmd took 33.9ms
interpretation of LeanSearchClient.unicode_turnstile took 1.97ms
interpretation of LeanSearchClient.ascii_turnstile took 1.83ms
interpretation of LeanSearchClient.just_loogle_cmd took 2.58ms
interpretation of LeanSearchClient.unicode_turnstile took 0.0144ms
interpretation of LeanSearchClient.ascii_turnstile took 0.0103ms
interpretation of LeanSearchClient.loogle_term took 2.52ms
interpretation of LeanSearchClient.unicode_turnstile took 0.0136ms
interpretation of LeanSearchClient.ascii_turnstile took 0.0088ms
interpretation of LeanSearchClient.loogle_tactic took 11.1ms
interpretation of LeanSearchClient.unicode_turnstile took 0.0778ms
interpretation of LeanSearchClient.ascii_turnstile took 0.0403ms
interpretation of LeanSearchClient.just_loogle_tactic took 6.24ms
interpretation of Lean.Parser.Tactic.applyCongr took 21.3ms
interpretation of Mathlib.Tactic.tacticApply_At_ took 13.4ms
interpretation of Mathlib.Tactic.applyWith took 22.3ms
interpretation of Mathlib.Tactic.variables took 13.1ms
interpretation of Mathlib.Tactic.introv took 7.69ms
interpretation of Mathlib.Tactic.tacticAssumption' took 4.68ms
interpretation of Mathlib.Tactic.clearAuxDecl took 3.25ms
interpretation of Mathlib.Tactic.command#check'_ took 8.1ms
interpretation of Mathlib.Tactic.tactic#check__ took 7.57ms
interpretation of Mathlib.Tactic.tactic#check'__ took 5.7ms
interpretation of Mathlib.Tactic.clear! took 13.5ms
interpretation of Lean.Elab.Tactic.clearExceptTactic took 20.3ms
interpretation of Mathlib.Tactic.clear_ took 4.19ms
interpretation of Lean.Widget.showPanelWidgetsCmd took 1.34ms
interpretation of Lean.Parser.Term.attrKind took 0.0058ms
interpretation of Lean.Widget.widgetCmd took 0.392ms
interpretation of ProofWidgets.withPanelWidgetsTacticStx took 21.3ms
interpretation of ProofWidgets.Jsx.proofWidgetsJsxElement.quot took 12.2ms
interpretation of ProofWidgets.Jsx.proofWidgetsJsxChild.quot took 6.89ms
interpretation of ProofWidgets.Jsx.proofWidgetsJsxAttr.quot took 8.32ms
interpretation of ProofWidgets.Jsx.proofWidgetsJsxAttrVal.quot took 8.31ms
interpretation of ProofWidgets.Jsx.proofWidgetsJsxAttrVal_ took 5.42ms
interpretation of ProofWidgets.Jsx.proofWidgetsJsxAttrVal{_} took 12.1ms
interpretation of ProofWidgets.Jsx.proofWidgetsJsxAttr_=_ took 7.49ms
interpretation of ProofWidgets.Jsx.proofWidgetsJsxAttr{..._} took 7.32ms
interpretation of ProofWidgets.Jsx.proofWidgetsJsxElement<__/> took 9.23ms
interpretation of ProofWidgets.Jsx.proofWidgetsJsxElement<__>_</_> took 11.2ms
interpretation of ProofWidgets.Jsx.proofWidgetsJsxChild_ took 4.1ms
interpretation of ProofWidgets.Jsx.jsxText took 8.67ms
interpretation of ProofWidgets.Jsx.proofWidgetsJsxChild{..._} took 6.89ms
interpretation of ProofWidgets.Jsx.proofWidgetsJsxChild{_} took 3.66ms
interpretation of ProofWidgets.Jsx.proofWidgetsJsxChild__1 took 2.37ms
interpretation of ProofWidgets.Jsx.term_ took 2.07ms
interpretation of Mathlib.Tactic.tacticNth_rewrite_____ took 19.2ms
interpretation of Mathlib.Tactic.tacticNth_rw_____ took 7.76ms
interpretation of Mathlib.Tactic.ClickSuggestions.command#unfold?_ took 12.2ms
interpretation of Std.DHashMap.Internal.Raw₀.tacticWf_trivial took 0.779ms
interpretation of Std.DHashMap.Internal.Raw₀.tacticEmpty took 0.427ms
interpretation of Std.DHashMap.Internal.Raw₀.tacticSimp_to_model[_]Using_ took 0.512ms
interpretation of Std.DTreeMap.Internal.Impl.tacticWf_trivial took 0.646ms
interpretation of Std.DTreeMap.Internal.Impl.tacticEmpty took 0.432ms
interpretation of Std.DTreeMap.Internal.Impl.tacticSimp_to_model[_]Using_ took 0.56ms
interpretation of Std.TreeSet.Raw.term_~m_ took 0.421ms
interpretation of Std.DHashMap.Internal.Raw.tacticSimp_to_rawUsing_ took 5.59ms
interpretation of ProofWidgets.termMk_rpc_widget%_ took 9.3ms
interpretation of Mathlib.Tactic.ClickSuggestions.command#click_suggestions took 7.21ms
interpretation of Mathlib.Tactic.TermCongr.termCongr took 15.9ms
interpretation of Mathlib.Tactic.TermCongr.cHoleExpand took 11.3ms
interpretation of Mathlib.Tactic.congrM took 6.04ms
interpretation of tacticFconstructor took 3.2ms
interpretation of tacticEconstructor took 3.14ms
interpretation of Mathlib.Tactic.DefEqAbuse.defeqAbuse took 12ms
interpretation of Mathlib.Tactic.DefEqAbuse.defeqAbuseCmd took 7.39ms
interpretation of Mathlib.Tactic.tacticWhnf__ took 11.6ms
interpretation of Mathlib.Tactic.betaReduceStx took 4.28ms
interpretation of Mathlib.Tactic.convBeta_reduce took 2.35ms
interpretation of Mathlib.Tactic.tacticReduce__ took 4.16ms
interpretation of Mathlib.Tactic.refoldLetStx took 11.3ms
interpretation of Mathlib.Tactic.convRefold_let___ took 2.47ms
interpretation of Mathlib.Tactic.unfoldProjsStx took 4.15ms
interpretation of Mathlib.Tactic.convUnfold_projs took 2.27ms
interpretation of Mathlib.Tactic.etaReduceStx took 3.86ms
interpretation of Mathlib.Tactic.convEta_reduce took 2.17ms
interpretation of Mathlib.Tactic.etaExpandStx took 3.79ms
interpretation of Mathlib.Tactic.convEta_expand took 2.41ms
interpretation of Mathlib.Tactic.etaStructStx took 3.82ms
interpretation of Mathlib.Tactic.convEta_struct took 1.91ms
interpretation of Mathlib.Tactic.DeprecateTo.commandDeprecateTo______ took 24.5ms
interpretation of Mathlib.Tactic.dsimpPercent took 25.4ms
interpretation of Mathlib.Tactic.Erw?.erw? took 7.75ms
interpretation of Mathlib.Tactic.tacticExistsi_,, took 13.2ms
interpretation of Mathlib.Tactic.failIfNoProgress took 9.58ms
interpretation of Mathlib.Tactic.Find.command#find_ took 11ms
interpretation of Mathlib.Tactic.Find.tacticFind took 5.02ms
interpretation of Mathlib.Tactic.Find.tactic#find_ took 4.46ms
interpretation of Mathlib.Tactic.inferOptParam took 4.63ms
interpretation of Mathlib.Meta.FunProp.funPropTacStx took 23.5ms
interpretation of Mathlib.Meta.FunProp.command#print_fun_prop_theorems__ took 6.21ms
interpretation of Mathlib.Tactic.Hint.registerHintStx took 7.29ms
interpretation of Mathlib.Tactic.Hint.hintStx took 2.91ms
interpretation of Lean.Meta.Sym.doElemReportIssue!__ took 0.427ms
interpretation of Lean.Meta.Sym.doElemReportDbgIssue!__ took 0.385ms
interpretation of Lean.Parser.Command.registerGrindAttr took 0.63ms
interpretation of Lean.Parser.Attr.compactness took 11.7ms
interpretation of Lean.Parser.Attr.compactness! took 2.95ms
interpretation of Lean.Parser.Attr.compactness? took 2.8ms
interpretation of Lean.Parser.Attr.compactness!? took 3.02ms
interpretation of compactnessTac took 2.22ms
interpretation of tacticCompactness?_ took 3.28ms
interpretation of Lean.Parser.Attr.closedness took 2.29ms
interpretation of Lean.Parser.Attr.closedness! took 2.98ms
interpretation of Lean.Parser.Attr.closedness? took 3.04ms
interpretation of Lean.Parser.Attr.closedness!? took 5.41ms
interpretation of closednessTac took 2.95ms
interpretation of tacticClosedness?_ took 2.77ms
interpretation of guardGoalNums took 7.57ms
interpretation of guardHypNums took 8.54ms
interpretation of Lean.Parser.Attr.higherOrder took 16.3ms
interpretation of Mathlib.Util.TermReduce.betaStx took 11.4ms
interpretation of Mathlib.Util.TermReduce.deltaStx took 3.38ms
interpretation of Mathlib.Util.TermReduce.zetaStx took 3.34ms
interpretation of Mathlib.Util.TermReduce.reduceProjStx took 3.3ms
interpretation of Lean.Elab.Command.command_Irreducible_def____ took 39ms
interpretation of Mathlib.Linter.command#reset_min_imports took 2.97ms
interpretation of Mathlib.Linter.MinImports.command#import_bumps took 2.89ms
interpretation of Lean.Meta.Grind.doElemTrace_goal[_]__ took 0.549ms
interpretation of Lean.Meta.Grind.EMatch.doElemReportEMatchIssue!__ took 0.818ms
interpretation of Mathlib.Tactic.LibrarySearch.observe took 31.3ms
interpretation of Mathlib.Tactic.LibrarySearch.tacticObserve?__:_ took 6.15ms
interpretation of Mathlib.Tactic.LibrarySearch.tacticObserve?__:_Using__,, took 7.77ms
interpretation of Mathlib.Tactic.rsuffices took 27.3ms
interpretation of Mathlib.Tactic.tacticRecover_ took 12.7ms
interpretation of Mathlib.Tactic.rename' took 27.9ms
interpretation of Mathlib.Tactic.tacticRename_bvar_→__ took 21.7ms
interpretation of Mathlib.Tactic.Says.says took 13.6ms
interpretation of Mathlib.Tactic.setTactic took 34.7ms
interpretation of Mathlib.Tactic.tacticSet!_ took 4.7ms
interpretation of Mathlib.Tactic.tacticSimp_intro_____..Only_ took 28.9ms
interpretation of Mathlib.Tactic.Substs.substs took 16.1ms
interpretation of Mathlib.Tactic.successIfFailWithMsg took 15.7ms
interpretation of commandSudoSet_option___ took 19.2ms
interpretation of termSudoSet_option___In_ took 6.1ms
interpretation of Mathlib.Tactic.tacticSwap_var__,, took 23.6ms
interpretation of Mathlib.Tactic.to_fun took 40ms
interpretation of Lean.Parser.Term.attrInstance took 0.0115ms
interpretation of Lean.Parser.Tactic.trace took 11.1ms
interpretation of Lean.Elab.Command.unsetOption took 13.9ms
interpretation of Mathlib.Command.Variable.variable? took 17.7ms
interpretation of Lean.Elab.Tactic.tacticCalc? took 5.71ms
interpretation of tacticCongrm? took 3.46ms
interpretation of Mathlib.Tactic.Conv.tacticConv? took 7.23ms
interpretation of Mathlib.Tactic.LibraryRewrite.tacticRw?? took 5.04ms
interpretation of Mathlib.Tactic.LibraryRewrite.rw??Command took 15ms
interpretation of Mathlib.Tactic.wlog took 27.1ms
interpretation of Mathlib.Tactic.wlog! took 9.68ms
interpretation of Mathlib.CountHeartbeats.tactic#count_heartbeats_ took 9.29ms
interpretation of Mathlib.CountHeartbeats.tactic#count_heartbeats!_In__ took 19ms
interpretation of Mathlib.CountHeartbeats.command#count_heartbeatsApproximatelyIn__ took 14.1ms
interpretation of Mathlib.CountHeartbeats.commandGuard_min_heartbeatsApproximately_In__ took 7.66ms
interpretation of Mathlib.CountHeartbeats.command#count_heartbeats!_In__ took 6.98ms
interpretation of Mathlib.Linter.CountHeartbeats.countHeartbeats took 5.35ms
interpretation of Mathlib.PrintSorries.printSorriesStx took 14.4ms
interpretation of Mathlib.PrintSorries.command#printSorriesIn_ took 7.06ms
interpretation of transImportsStx took 18.9ms
interpretation of Mathlib.WhatsNew.command#whats_newIn__ took 20.8ms
interpretation of Mathlib.WhatsNew.oldStx took 7.72ms
interpretation of term_∣ᵣ_ took 8.03ms
interpretation of term_→*₀_ took 6.76ms
interpretation of Mathlib.Tactic.TFAE.tfaeHave took 8.66ms
interpretation of Mathlib.Tactic.TFAE.Parser.tfaeHaveDecl took 84.8ms
interpretation of Mathlib.Tactic.TFAE.tfaeFinish took 5.57ms
interpretation of Mathlib.Tactic.TFAE.tfaeHave' took 5.36ms
interpretation of Mathlib.Tactic.TFAE.Parser.tfaeHaveIdLhs took 1.17ms
interpretation of term_→ₙ+*_ took 8.41ms
interpretation of term_→+*_ took 5.83ms
interpretation of term⁅_,_⁆ took 10.9ms
interpretation of term⅟_ took 9.35ms
interpretation of WithZero.term_ᵐ⁰ took 6.44ms
interpretation of PiNotation.piNotation took 16.1ms
interpretation of PiNotation.termΠ__,_ took 17.6ms
interpretation of Lean.Parser.Term.binderIdent took 0.0116ms
interpretation of tacticBddDefault took 4.76ms
interpretation of term⨆_,_ took 10.5ms
interpretation of term⨅_,_ took 5.5ms
interpretation of Set.term⋂₀_ took 5.72ms
interpretation of Set.term⋃₀_ took 6.23ms
interpretation of Set.term⋃_,_ took 8.53ms
interpretation of Set.term⋂_,_ took 5.6ms
interpretation of Interval.term[[_,_]] took 13.3ms
interpretation of Interval.termΙ took 3.54ms
interpretation of Set.Notation.term_↓∩_ took 10.2ms
interpretation of termℕ+ took 4.37ms
interpretation of Mathlib.Tactic.HaveI.doElemHaveI'_ took 9.92ms
interpretation of Mathlib.Tactic.HaveI.doElemLetI'_ took 5.31ms
interpretation of norm_num took 7.27ms
interpretation of Mathlib.Tactic.normNum took 9.36ms
interpretation of Mathlib.Tactic.normNum1 took 3.57ms
interpretation of Mathlib.Tactic.normNum1Conv took 2.2ms
interpretation of Mathlib.Tactic.normNumConv took 2.2ms
interpretation of Mathlib.Tactic.normNumCmd took 12.5ms
interpretation of positivity took 8.82ms
interpretation of Mathlib.Tactic.Positivity.positivity took 13.3ms
interpretation of Functor.term_$>_ took 9.86ms
interpretation of Multiset.term_::ₘ_ took 7.75ms
interpretation of finsetStx took 6.26ms
interpretation of List.term_~r_ took 7.27ms
interpretation of BigOperators.bigsum took 56.4ms
interpretation of BigOperators.bigprod took 7.12ms
interpretation of Finset.term#_ took 7.53ms
interpretation of Nat.term_! took 3.66ms
interpretation of Fin.tacticFin_omega took 3.81ms
interpretation of List.Vector.term_::ᵥ_ took 8.45ms
interpretation of Mathlib.Tactic.applyFun took 12.2ms
interpretation of Sym.term_::ₛ_ took 9.77ms
interpretation of Sym.term_::_ took 5.3ms
interpretation of term_⁺ᵐ took 3.39ms
interpretation of term_⁻ᵐ took 3.29ms
interpretation of term_⁺ took 3.09ms
interpretation of term_⁻ took 3.09ms
interpretation of BinaryTree.term_△_ took 9.85ms
interpretation of Mathlib.Tactic.cancelDenoms took 7.28ms
interpretation of Mathlib.Tactic.tacticCancel_denoms_ took 3.93ms
interpretation of Mathlib.Tactic.Zify.zify took 10.8ms
interpretation of Mathlib.Tactic.Ring.ring1 took 8.89ms
interpretation of Mathlib.Tactic.Ring.tacticRing1! took 3.39ms
interpretation of Mathlib.Tactic.linarith took 22.1ms
interpretation of Mathlib.Tactic.linarith? took 4.29ms
interpretation of Mathlib.Tactic.tacticLinarith!_ took 5.05ms
interpretation of Mathlib.Tactic.tacticLinarith?!_ took 4.2ms
interpretation of Mathlib.Tactic.nlinarith took 4.05ms
interpretation of Mathlib.Tactic.tacticNlinarith!_ took 4.82ms
interpretation of Mathlib.Tactic.FieldSimp.tacticField_simp_discharge took 7.12ms
interpretation of Mathlib.Tactic.FieldSimp.NF.term_::ᵣ_ took 10.8ms
interpretation of Mathlib.Tactic.FieldSimp.fieldSimp took 14ms
interpretation of Mathlib.Tactic.FieldSimp.convField_simp__ took 2.63ms
interpretation of RightActions.term_•>_ took 8.96ms
interpretation of RightActions.term_<•_ took 7.71ms
interpretation of RightActions.term_+ᵥ>_ took 6.08ms
interpretation of RightActions.term_<+ᵥ_ took 6.63ms
interpretation of term_≃+*_ took 11.4ms
interpretation of MulActionHomLocal≺ took 10.3ms
interpretation of MulActionHomIdLocal≺ took 5.88ms
interpretation of AddActionHomLocal≺ took 2.44ms
interpretation of AddActionHomIdLocal≺ took 3.94ms
interpretation of DistribMulActionHomLocal≺ took 5.13ms
interpretation of DistribMulActionHomIdLocal≺ took 5.84ms
interpretation of MulDistribMulActionHomLocal≺ took 5.45ms
interpretation of MulDistribMulActionHomIdLocal≺ took 6.4ms
interpretation of MulSemiringActionHomLocal≺ took 6.1ms
interpretation of MulSemiringActionHomIdLocal≺ took 5.52ms
interpretation of term_→ₛₗ[_]_ took 16.6ms
interpretation of term_→ₗ[_]_ took 5.25ms
interpretation of LinearMap.compNotation took 4.75ms
interpretation of LinearMap.term_∘ₛₗ_ took 4.93ms
interpretation of RingTheory.LinearMap.termη took 5.32ms
interpretation of RingTheory.LinearMap.termη[_] took 9.68ms
interpretation of term_≃ₛₗ[_]_ took 11.4ms
interpretation of term_≃ₗ[_]_ took 5.87ms
interpretation of LinearEquiv.transNotation took 5.71ms
interpretation of Mathlib.Tactic.tacticTry_this__ took 13ms
interpretation of Mathlib.Tactic.convTry_this__ took 6.97ms
interpretation of Mathlib.Tactic.RingNF.ringNF took 12ms
interpretation of Mathlib.Tactic.RingNF.tacticRing_nf!__ took 4.72ms
interpretation of Mathlib.Tactic.RingNF.ringNFConv took 2.14ms
interpretation of Mathlib.Tactic.RingNF.ring1NF took 4.57ms
interpretation of Mathlib.Tactic.RingNF.tacticRing1_nf!_ took 4.11ms
interpretation of Mathlib.Tactic.RingNF.convRing_nf!_ took 2.88ms
interpretation of Mathlib.Tactic.RingNF.ring took 3.11ms
interpretation of Mathlib.Tactic.RingNF.tacticRing! took 4.04ms
interpretation of Mathlib.Tactic.RingNF.ringConv took 2.16ms
interpretation of Mathlib.Tactic.RingNF.convRing! took 2.21ms
interpretation of term∑ᶠ_,_ took 8.38ms
interpretation of term∏ᶠ_,_ took 4.88ms
interpretation of BigOperators.bigexpect took 12ms
interpretation of Mathlib.Tactic.Abel.abel took 6.28ms
interpretation of Mathlib.Tactic.Abel.abel1 took 2.92ms
interpretation of Mathlib.Tactic.Abel.abel1! took 2.25ms
interpretation of Mathlib.Tactic.Abel.abelNF took 5.18ms
interpretation of Mathlib.Tactic.Abel.tacticAbel_nf!__ took 4.66ms
interpretation of Mathlib.Tactic.Abel.abelNFConv took 2.26ms
interpretation of Mathlib.Tactic.Abel.convAbel_nf!_ took 2.38ms
interpretation of Mathlib.Tactic.Abel.tacticAbel! took 3.72ms
interpretation of Mathlib.Tactic.Abel.abelConv took 2.48ms
interpretation of Mathlib.Tactic.Abel.convAbel! took 3.84ms
interpretation of Matrix.vecNotation took 12.6ms
interpretation of term_ᵈᵐᵃ took 5.28ms
interpretation of term_ᵈᵃᵃ took 3.28ms
interpretation of term_→ₐ_ took 5.81ms
interpretation of term_→ₐ[_]_ took 6.75ms
interpretation of term_≃ₐ[_]_ took 9.53ms
interpretation of nonZeroDivisors.term_⁰ took 3.69ms
interpretation of nonZeroSMulDivisors.term_⁰[_] took 10.3ms
interpretation of Prod.Lex.term_×ₗ_ took 6.98ms
interpretation of FinsetInterval.term[[_,_]] took 13.8ms
interpretation of Submodule.term_∙_ took 7.88ms
interpretation of Lean.Elab.Tactic.finCases took 15.9ms
interpretation of OmegaCompletePartialOrder.term_→𝒄_ took 7.55ms
interpretation of Affine.termAffineSpace took 3.68ms
interpretation of term_→ᵃ[_]_ took 10.7ms
interpretation of term_≃ᵃ[_]_ took 10.9ms
interpretation of term_→₀_ took 6.79ms
interpretation of Mathlib.Tactic.Module.NF.term_::ᵣ_ took 11.5ms
interpretation of Mathlib.Tactic.Module.tacticMatch_scalars took 3.98ms
interpretation of Mathlib.Tactic.Module.tacticModule took 3.64ms
interpretation of Mathlib.Tactic.LinearCombination.linearCombination took 48.7ms
interpretation of Convex.term[_-[_]_] took 13ms
interpretation of Mathlib.Tactic.FieldSimp.field took 12.8ms
interpretation of termLine[_,_,_] took 12.3ms
interpretation of Mathlib.Tactic.NoncommRing.noncomm_ring took 21.4ms
interpretation of Affine.term_∥_ took 7.79ms
interpretation of Mathlib.ProxyType.proxy_equiv took 9.24ms
interpretation of Mathlib.Deriving.Fintype.termDerive_fintype%_ took 7ms
interpretation of term_→ₛₗ.[_]_ took 12.4ms
interpretation of term_→ₗ.[_]_ took 5.75ms
interpretation of term_⧸_ took 7.68ms
interpretation of Filter.term𝓟 took 4.11ms
interpretation of Filter.term∀ᶠ_In_,_ took 13.7ms
interpretation of Filter.term∃ᶠ_In_,_ took 7.24ms
interpretation of Filter.eventuallyEqStx took 7.3ms
interpretation of Filter.eventuallyLEStx took 4.62ms
interpretation of Mathlib.Tactic.filterUpwards took 24.4ms
interpretation of AddCommGroup.term_≡_[PMOD_] took 15ms
interpretation of term_≡_[MOD_] took 11.8ms
interpretation of term_≡_[ZMOD_] took 10.7ms
interpretation of termℕ∞ took 3.75ms
interpretation of term_→+o_ took 7.14ms
interpretation of term_≃+o_ took 3.67ms
interpretation of term_→*o_ took 3.74ms
interpretation of term_≃*o_ took 3.78ms
interpretation of term_→*₀o_ took 7.04ms
interpretation of term_→+*o_ took 6.36ms
interpretation of term_≃+*o_ took 4.24ms
interpretation of Sum.Lex.term_⊕ₗ_ took 10.9ms
interpretation of InitialSeg.term_≼i_ took 7.3ms
interpretation of term_≤i_ took 4.14ms
interpretation of InitialSeg.term_≺i_ took 3.74ms
interpretation of term_<i_ took 3.58ms
interpretation of Cardinal.term#_ took 7.76ms
interpretation of Cardinal.termℵ₀ took 4.65ms
interpretation of Cardinal.term_^<_ took 7.89ms
interpretation of Set.tacticToFinite_tac took 4.57ms
interpretation of Set.tacticTo_encard_tac took 2.52ms
interpretation of Nat.term⌊_⌋₊ took 6.92ms
interpretation of Nat.term⌈_⌉₊ took 4.37ms
interpretation of Int.term⌊_⌋ took 3.79ms
interpretation of Int.term⌈_⌉ took 3.4ms
interpretation of AddMonoidAlgebra.term__[_] took 13.8ms
interpretation of MonoidAlgebra.term__[_] took 2.2ms
interpretation of termΠ₀_,_ took 8.74ms
interpretation of Polynomial.term_[X] took 3.99ms
interpretation of termℝ took 3.05ms
interpretation of NNReal.termℝ≥0 took 3.83ms
interpretation of ENNReal.termℝ≥0∞ took 3.74ms
interpretation of ENNReal.term∞ took 3.04ms
interpretation of finiteness took 18.7ms
interpretation of finiteness? took 3.09ms
interpretation of finiteness_nonterminal took 3.33ms
interpretation of Heyting.term∂_ took 6.52ms
interpretation of attrContinuity took 2.82ms
interpretation of tacticContinuity took 1.92ms
interpretation of tacticContinuity? took 3.12ms
interpretation of Topology.IsOpen_of took 13.7ms
interpretation of Topology.IsClosed_of took 4.93ms
interpretation of Topology.closure_of took 5.66ms
interpretation of Topology.Continuous_of took 6.96ms
interpretation of termC(_,_) took 11.8ms
interpretation of Topology.term𝓝 took 4.67ms
interpretation of Topology.term𝓝[_]_ took 11.1ms
interpretation of Topology.nhdsNE took 3.81ms
interpretation of Topology.nhdsGE took 3.74ms
interpretation of Topology.nhdsLE took 3.62ms
interpretation of Topology.nhdsGT took 5.74ms
interpretation of Topology.nhdsLT took 4.16ms
interpretation of Topology.term𝓝ˢ took 6.39ms
interpretation of Topology.term𝓝ˢ[_]_ took 8.58ms
interpretation of term_⤳_ took 4.29ms
interpretation of term_≃ₜ_ took 7.17ms
interpretation of Mathlib.Tactic.TautoSet.specialize_all took 12.3ms
interpretation of Mathlib.Tactic.TautoSet.tacticTauto_set took 3.57ms
interpretation of Mathlib.Tactic.Group.group took 12ms
interpretation of SetRel.term_~[_]_ took 13.4ms
interpretation of SetRel.term_○_ took 4.59ms
interpretation of Uniformity.term𝓤[_] took 12.1ms
interpretation of Uniformity.term𝓤 took 5.32ms
interpretation of Uniformity.termUniformContinuous[_,_] took 11.4ms
interpretation of term‖_‖ took 6.79ms
interpretation of term‖_‖₊ took 4.03ms
interpretation of term‖_‖ₑ took 3.94ms
interpretation of Filter.tacticIsBoundedDefault took 4.03ms
interpretation of term∏'[_]_,_ took 16.7ms
interpretation of term∑'[_]_,_ took 8.66ms
interpretation of term∏'_,_ took 6.99ms
interpretation of term∑'_,_ took 8.3ms
interpretation of ContinuousMonoidHom.term_→ₜ+_ took 11.7ms
interpretation of ContinuousMonoidHom.term_→ₜ*_ took 6.15ms
interpretation of term_≃ₜ*_ took 5.93ms
interpretation of term_≃ₜ+_ took 5.47ms
interpretation of ComplexConjugate.termConj took 5.76ms
interpretation of Mathlib.Tactic.Order.tacticOrder_ took 25.3ms
interpretation of Real.term√_ took 8.77ms
interpretation of termℂ took 3.22ms
interpretation of Complex.term_×ℂ_ took 8.52ms
interpretation of term_→⋆ₙ+*_ took 7.35ms
interpretation of term_≃⋆+*_ took 5.82ms
interpretation of cfcTac took 5.2ms
interpretation of cfcContTac took 3.04ms
interpretation of cfcZeroTac took 2.98ms
interpretation of term_→ₙₐ_ took 6.76ms
interpretation of term_→ₛₙₐ[_]_ took 7.57ms
interpretation of term_→ₙₐ[_]_ took 5.13ms
interpretation of TensorProduct.term_⊗_ took 8.79ms
interpretation of TensorProduct.term_⊗[_]_ took 8.88ms
interpretation of TensorProduct.term_⊗ₜ_ took 4.67ms
interpretation of TensorProduct.term_⊗ₜ[_]_ took 5.11ms
interpretation of RingTheory.LinearMap.term_⊗ₘ_ took 7.87ms
interpretation of RingTheory.LinearMap.termμ took 4.68ms
interpretation of RingTheory.LinearMap.termμ[_] took 9.38ms
interpretation of Computability.term_∗ took 6ms
interpretation of Algebra.subalgebra_adjoin took 18ms
interpretation of term_→ₗ⋆[_]_ took 13.9ms
interpretation of term_≃ₗ⋆[_]_ took 5.92ms
interpretation of term_→⋆ₙₐ_ took 9.19ms
interpretation of term_→⋆ₙₐ[_]_ took 8.15ms
interpretation of term_→⋆ₐ_ took 4.73ms
interpretation of term_→⋆ₐ[_]_ took 7.39ms
interpretation of term_≃⋆ₐ_ took 4.58ms
interpretation of term_≃⋆ₐ[_]_ took 5.48ms
interpretation of term_→⋆*_ took 7.17ms
interpretation of term_≃⋆*_ took 4.38ms
interpretation of term_≃ᵢ_ took 6.96ms
interpretation of term_≃ᵤ_ took 6.6ms
interpretation of UniformConvergence.term_→ᵤ_ took 11.5ms
interpretation of UniformConvergence.term_→ᵤ[_]_ took 8.05ms
interpretation of term_→SL[_]_ took 8.89ms
interpretation of term_→L[_]_ took 6.1ms
interpretation of ContinuousLinearMap.term_∘L_ took 4.96ms
interpretation of ContinuousLinearMap.term_∘SL_ took 6ms
interpretation of term_≃SL[_]_ took 9.75ms
interpretation of term_≃L[_]_ took 7.24ms
interpretation of term_→ᵈ_ took 6.95ms
interpretation of term_≃ᵈ_ took 7.62ms
interpretation of term_→ₛₗᵢ[_]_ took 16.8ms
interpretation of term_→ₗᵢ[_]_ took 8.47ms
interpretation of term_→ₗᵢ⋆[_]_ took 6.76ms
interpretation of term_≃ₛₗᵢ[_]_ took 5.83ms
interpretation of term_≃ₗᵢ[_]_ took 7.27ms
interpretation of term_≃ₗᵢ⋆[_]_ took 6.81ms
interpretation of term_→L⋆[_]_ took 9.17ms
interpretation of term_≃L⋆[_]_ took 5.08ms
interpretation of DirectSum.term⨁_,_ took 7.49ms
interpretation of Matrix.term_ᵀ took 2.63ms
interpretation of term_⬝ᵥ_ took 4.74ms
interpretation of Matrix.term_*ᵥ_ took 3.39ms
interpretation of Matrix.term_ᵥ*_ took 3.85ms
interpretation of Matrix.term_ᴴ took 2.95ms
interpretation of Matrix.matrixNotation took 11.4ms
interpretation of Matrix.matrixNotationRx0 took 3.83ms
interpretation of Matrix.matrixNotation0xC took 3.9ms
interpretation of ComplexStarModule.termℜ took 3.16ms
interpretation of ComplexStarModule.termℑ took 2.37ms
interpretation of term_→A[_]_ took 6.49ms
interpretation of term_≃A[_]_ took 7.92ms
interpretation of Asymptotics.term_=O[_]_ took 9.83ms
interpretation of Asymptotics.term_=Θ[_]_ took 5.55ms
interpretation of Asymptotics.term_=o[_]_ took 5.17ms
interpretation of tacticBound[_] took 14.7ms
interpretation of Mathlib.Tactic.MfldSetTac.mfldSetTac took 5.4ms
interpretation of Complex.termCexp took 4.24ms
interpretation of Real.termRexp took 3.96ms
interpretation of Real.termπ took 3.46ms
interpretation of unitInterval.termI took 4.4ms
interpretation of unitInterval.termσ took 3.19ms
interpretation of Mathlib.Tactic.Interactive.tacticUnit_interval took 5.51ms
interpretation of Nat.termOrdProj[_]_ took 11.1ms
interpretation of Nat.termOrdCompl[_]_ took 9.94ms
interpretation of Nat.termφ took 3.79ms
interpretation of Mathlib.Tactic.Qify.qify took 8.54ms
interpretation of Mathlib.Tactic.Rify.rify took 15.5ms
interpretation of theorem_wanted.formatter took 0.571ms
interpretation of proof_wanted.formatter took 0.482ms
interpretation of def_wanted.formatter took 0.454ms
interpretation of instance_wanted.formatter took 0.492ms
interpretation of Mathlib.Tactic.TFAE.Parser.binder.formatter took 0.66ms
interpretation of Mathlib.Tactic.TFAE.Parser.impTo.formatter took 0.612ms
interpretation of Mathlib.Tactic.TFAE.Parser.impFrom.formatter took 0.717ms
interpretation of Mathlib.Tactic.TFAE.Parser.impIff.formatter took 0.692ms
interpretation of Mathlib.Tactic.TFAE.Parser.impArrow.formatter took 0.548ms
interpretation of Mathlib.Tactic.TFAE.Parser.tfaeType.formatter took 0.5ms
interpretation of Mathlib.Tactic.TFAE.Parser.tfaeHaveIdLhs.formatter took 0.764ms
interpretation of Mathlib.Tactic.TFAE.Parser.tfaeHaveIdDecl.formatter took 0.672ms
interpretation of Mathlib.Tactic.TFAE.Parser.tfaeHavePatDecl.formatter took 0.524ms
interpretation of Mathlib.Tactic.TFAE.Parser.tfaeHaveEqnsDecl.formatter took 0.506ms
interpretation of Mathlib.Tactic.TFAE.Parser.tfaeHaveDecl.formatter took 0.514ms
interpretation of PiNotation.piNotation.formatter took 0.449ms
interpretation of theorem_wanted.parenthesizer took 0.484ms
interpretation of proof_wanted.parenthesizer took 0.463ms
interpretation of def_wanted.parenthesizer took 0.439ms
interpretation of instance_wanted.parenthesizer took 0.49ms
interpretation of Mathlib.Tactic.TFAE.Parser.binder.parenthesizer took 0.515ms
interpretation of Mathlib.Tactic.TFAE.Parser.impTo.parenthesizer took 0.497ms
interpretation of Mathlib.Tactic.TFAE.Parser.impFrom.parenthesizer took 0.531ms
interpretation of Mathlib.Tactic.TFAE.Parser.impIff.parenthesizer took 1.11ms
interpretation of Mathlib.Tactic.TFAE.Parser.impArrow.parenthesizer took 0.94ms
interpretation of Mathlib.Tactic.TFAE.Parser.tfaeType.parenthesizer took 0.781ms
interpretation of Mathlib.Tactic.TFAE.Parser.tfaeHaveIdLhs.parenthesizer took 0.572ms
interpretation of Mathlib.Tactic.TFAE.Parser.tfaeHaveIdDecl.parenthesizer took 0.598ms
interpretation of Mathlib.Tactic.TFAE.Parser.tfaeHavePatDecl.parenthesizer took 0.579ms
interpretation of Mathlib.Tactic.TFAE.Parser.tfaeHaveEqnsDecl.parenthesizer took 0.547ms
interpretation of Mathlib.Tactic.TFAE.Parser.tfaeHaveDecl.parenthesizer took 0.558ms
interpretation of PiNotation.piNotation.parenthesizer took 0.499ms
interpretation of Mathlib.Meta.SetNotationForOrder.delabLe took 0.523ms
interpretation of Mathlib.Meta.SetNotationForOrder.delabLt took 0.557ms
interpretation of Mathlib.Meta.SetNotationForOrder.delabGe took 0.781ms
interpretation of Mathlib.Meta.SetNotationForOrder.delabGt took 0.799ms
interpretation of Quotient._aux_Mathlib_Data_Quot___delab_app_Quotient_term⟦_⟧_1 took 0.739ms
interpretation of Qq.Impl.delabQ took 0.596ms
interpretation of Qq.Impl.delabq took 0.517ms
interpretation of Qq.Impl.delabQuotedDefEq took 0.491ms
interpretation of Qq.Impl.delabQuotedLevelDefEq took 0.493ms
interpretation of Mathlib.Meta.delabSup took 0.456ms
interpretation of Mathlib.Meta.delabInf took 0.447ms
interpretation of Prod.PrettyPrinting.delabProdFst took 0.731ms
interpretation of Prod.PrettyPrinting.delabProdSnd took 0.816ms
interpretation of Mathlib.PPWithUniv.delabWithUniv took 0.748ms
interpretation of Mathlib.PPWithUniv.delabWithUniv took 0.0047ms
interpretation of Mathlib.PPWithUniv.delabWithUniv took 0.0039ms
interpretation of Mathlib.PPWithUniv.delabWithUniv took 0.0031ms
interpretation of ProofWidgets.Jsx.delabHtmlElement took 0.728ms
interpretation of ProofWidgets.Jsx.delabHtmlOfComponent took 0.773ms
interpretation of Mathlib.PPWithUniv.delabWithUniv took 0.0277ms
interpretation of PiNotation.delabPi took 0.931ms
interpretation of PiNotation.delabPi' took 0.737ms
interpretation of exists_delab took 0.745ms
interpretation of delabNotIn took 0.692ms
interpretation of _aux_Mathlib_Order_SetNotation___delab_app_term⨆_,__1 took 0.886ms
interpretation of _aux_Mathlib_Order_SetNotation___delab_app_term⨅_,__1 took 0.922ms
interpretation of iSup_delab took 0.706ms
interpretation of iInf_delab took 0.681ms
interpretation of Set._aux_Mathlib_Order_SetNotation___delab_app_Set_term⋃_,__1 took 0.906ms
interpretation of Set._aux_Mathlib_Order_SetNotation___delab_app_Set_term⋂_,__1 took 0.94ms
interpretation of Set.iUnion_delab took 0.685ms
interpretation of Set.sInter_delab took 0.636ms
interpretation of Set.Notation._aux_Mathlib_Data_Set_Notation___delab_app_Set_Notation_term_↓∩__1 took 1.17ms
interpretation of Set.Notation.delabSetImageSubtype took 0.909ms
interpretation of SetLike.delabSubtypeSetLike took 0.87ms
interpretation of Mathlib.Meta.delabFinsetFilter took 0.894ms
interpretation of BigOperators.delabFinsetProd took 0.699ms
interpretation of BigOperators.delabFinsetSum took 0.552ms
interpretation of RightActions._aux_Mathlib_Algebra_Group_Action_Opposite___delab_app_RightActions_term_•>__1 took 0.606ms
interpretation of RightActions._aux_Mathlib_Algebra_Group_Action_Opposite___delab_app_RightActions_term_<•__1 took 0.585ms
interpretation of RightActions._aux_Mathlib_Algebra_Group_Action_Opposite___delab_app_RightActions_term_+ᵥ>__1 took 0.47ms
interpretation of RightActions._aux_Mathlib_Algebra_Group_Action_Opposite___delab_app_RightActions_term_<+ᵥ__1 took 0.457ms
interpretation of LinearMap._aux_Mathlib_Algebra_Module_LinearMap_Defs___delab_app_LinearMap_compNotation_1 took 0.702ms
interpretation of LinearEquiv._aux_Mathlib_Algebra_Module_Equiv_Defs___delab_app_LinearEquiv_transNotation_1 took 0.716ms
interpretation of _aux_Mathlib_Algebra_BigOperators_Finprod___delab_app_term∑ᶠ_,__1 took 0.689ms
interpretation of _aux_Mathlib_Algebra_BigOperators_Finprod___delab_app_term∏ᶠ_,__1 took 0.698ms
interpretation of BigOperators.delabFinsetExpect took 0.524ms
interpretation of Mathlib.PPWithUniv.delabWithUniv took 0.0055ms
interpretation of Mathlib.PPWithUniv.delabWithUniv took 0.0025ms
interpretation of Mathlib.PPWithUniv.delabWithUniv took 0.0023ms
interpretation of delabLinearIndependent took 0.511ms
interpretation of _aux_Mathlib_LinearAlgebra_AffineSpace_AffineSubspace_Defs___delab_app_termLine[_,_,_]_1 took 0.613ms
interpretation of Mathlib.PPWithUniv.delabWithUniv took 0.0048ms
interpretation of Mathlib.PPWithUniv.delabWithUniv took 0.0024ms
interpretation of Filter._aux_Mathlib_Order_Filter_Defs___delab_app_Filter_term∀ᶠ_In_,__1 took 0.725ms
interpretation of Filter._aux_Mathlib_Order_Filter_Defs___delab_app_Filter_term∃ᶠ_In_,__1 took 0.778ms
interpretation of Mathlib.PPWithUniv.delabWithUniv took 0.0052ms
interpretation of Sum.Lex._aux_Mathlib_Data_Sum_Order___delab_app_Sum_Lex_term_⊕ₗ__1 took 0.751ms
interpretation of _aux_Mathlib_Order_InitialSeg___delab_app_term_≤i__1 took 0.687ms
interpretation of _aux_Mathlib_Order_InitialSeg___delab_app_term_<i__1 took 0.667ms
interpretation of Mathlib.PPWithUniv.delabWithUniv took 0.0065ms
interpretation of Mathlib.PPWithUniv.delabWithUniv took 0.0026ms
interpretation of AddMonoidAlgebra.delabOfCoeff took 0.56ms
interpretation of MonoidAlgebra.delabOfCoeff took 0.539ms
interpretation of _aux_Mathlib_Data_DFinsupp_Defs___delab_app_termΠ₀_,__1 took 0.681ms
interpretation of ENNReal._aux_Mathlib_Basic_ENNReal_Basic___delab_app_ENNReal_term∞_1 took 0.759ms
interpretation of Topology.delabIsOpen took 0.684ms
interpretation of Topology.delabIsClosed took 0.692ms
interpretation of Topology.delabClosure took 0.599ms
interpretation of Topology.delabContinuous took 0.689ms
interpretation of WithTopology.delabToTopology took 0.733ms
interpretation of Topology._aux_Mathlib_Topology_Defs_Filter___delab_app_Topology_nhdsNE_1 took 0.834ms
interpretation of Topology._aux_Mathlib_Topology_Defs_Filter___delab_app_Topology_nhdsGE_1 took 0.792ms
interpretation of Topology._aux_Mathlib_Topology_Defs_Filter___delab_app_Topology_nhdsLE_1 took 0.721ms
interpretation of Topology._aux_Mathlib_Topology_Defs_Filter___delab_app_Topology_nhdsGT_1 took 0.756ms
interpretation of Topology._aux_Mathlib_Topology_Defs_Filter___delab_app_Topology_nhdsLT_1 took 0.731ms
interpretation of _aux_Mathlib_Topology_Algebra_InfiniteSum_Defs___delab_app_term∏'[_]_,__1 took 0.835ms
interpretation of _aux_Mathlib_Topology_Algebra_InfiniteSum_Defs___delab_app_term∑'[_]_,__1 took 0.79ms
interpretation of _aux_Mathlib_Topology_Algebra_InfiniteSum_Defs___delab_app_term∏'_,__1 took 0.805ms
interpretation of _aux_Mathlib_Topology_Algebra_InfiniteSum_Defs___delab_app_term∑'_,__1 took 0.774ms
interpretation of Algebra.delabAdjoinNotation took 0.564ms
interpretation of Mathlib.PPWithUniv.delabWithUniv took 0.0066ms
interpretation of DirectSum._aux_Mathlib_Algebra_DirectSum_Basic___delab_app_DirectSum_term⨁_,__1 took 0.766ms
interpretation of Matrix.delabMatrixNotation took 0.845ms
interpretation of _aux_Init_Notation___unexpand_Function_comp_1 took 0.235ms
interpretation of _aux_Init_Notation___unexpand_Prod_1 took 0.144ms
interpretation of _aux_Init_Notation___unexpand_PProd_1 took 0.123ms
interpretation of _aux_Init_Notation___unexpand_Dvd_dvd_1 took 0.116ms
interpretation of _aux_Init_Notation___unexpand_HOr_hOr_1 took 0.0868ms
interpretation of _aux_Init_Notation___unexpand_HXor_hXor_1 took 0.0848ms
interpretation of _aux_Init_Notation___unexpand_HAnd_hAnd_1 took 0.0866ms
interpretation of _aux_Init_Notation___unexpand_HAdd_hAdd_1 took 0.0837ms
interpretation of _aux_Init_Notation___unexpand_HSub_hSub_1 took 0.0832ms
interpretation of _aux_Init_Notation___unexpand_HMul_hMul_1 took 0.0841ms
interpretation of _aux_Init_Notation___unexpand_HDiv_hDiv_1 took 0.0818ms
interpretation of _aux_Init_Notation___unexpand_HMod_hMod_1 took 0.0833ms
interpretation of _aux_Init_Notation___unexpand_HShiftLeft_hShiftLeft_1 took 0.107ms
interpretation of _aux_Init_Notation___unexpand_HShiftRight_hShiftRight_1 took 0.0922ms
interpretation of _aux_Init_Notation___unexpand_HPow_hPow_1 took 0.0865ms
interpretation of _aux_Init_Notation___unexpand_HAppend_hAppend_1 took 0.099ms
interpretation of _aux_Init_Notation___unexpand_Neg_neg_1 took 0.0877ms
interpretation of _aux_Init_Notation___unexpand_Complement_complement_1 took 0.0912ms
interpretation of _aux_Init_Notation___unexpand_Inv_inv_1 took 0.0855ms
interpretation of _aux_Init_Notation___unexpand_HSMul_hSMul_1 took 0.107ms
interpretation of _aux_Init_Notation___unexpand_GE_ge_1 took 0.082ms
interpretation of _aux_Init_Notation___unexpand_LE_le_1 took 0.0846ms
interpretation of _aux_Init_Notation___unexpand_LE_le_2 took 0.127ms
interpretation of _aux_Init_Notation___unexpand_LT_lt_1 took 0.124ms
interpretation of _aux_Init_Notation___unexpand_GE_ge_2 took 0.125ms
interpretation of _aux_Init_Notation___unexpand_GT_gt_1 took 0.121ms
interpretation of _aux_Init_Notation___unexpand_Eq_1 took 0.127ms
interpretation of _aux_Init_Notation___unexpand_BEq_beq_1 took 0.124ms
interpretation of _aux_Init_Notation___unexpand_HEq_1 took 0.137ms
interpretation of _aux_Init_Notation___unexpand_And_1 took 0.13ms
interpretation of _aux_Init_Notation___unexpand_Or_1 took 0.146ms
interpretation of _aux_Init_Notation___unexpand_Not_1 took 0.124ms
interpretation of _aux_Init_Notation___unexpand_Bool_and_1 took 0.131ms
interpretation of _aux_Init_Notation___unexpand_Bool_or_1 took 0.131ms
interpretation of _aux_Init_Notation___unexpand_Bool_not_1 took 0.154ms
interpretation of _aux_Init_Notation___unexpand_Membership_mem_1 took 0.134ms
interpretation of _aux_Init_Notation___unexpand_List_cons_1 took 0.132ms
interpretation of _aux_Init_Notation___unexpand_Functor_map_1 took 0.144ms
interpretation of _aux_Init_Notation___unexpand_Bind_bind_1 took 0.102ms
interpretation of _aux_Init_Core___unexpand_Iff_1 took 0.102ms
interpretation of _aux_Init_Core___unexpand_Iff_2 took 0.0837ms
interpretation of _aux_Init_Core___unexpand_Sum_1 took 0.0833ms
interpretation of _aux_Init_Core___unexpand_PSum_1 took 0.0853ms
interpretation of _aux_Init_Core___unexpand_HasEquiv_Equiv_1 took 0.0877ms
interpretation of _aux_Init_Core___unexpand_HasSubset_Subset_1 took 0.0917ms
interpretation of _aux_Init_Core___unexpand_HasSSubset_SSubset_1 took 0.118ms
interpretation of _aux_Init_Core___unexpand_Superset_1 took 0.0866ms
interpretation of _aux_Init_Core___unexpand_SSuperset_1 took 0.0929ms
interpretation of _aux_Init_Core___unexpand_Union_union_1 took 0.0873ms
interpretation of _aux_Init_Core___unexpand_Inter_inter_1 took 0.0847ms
interpretation of _aux_Init_Core___unexpand_SDiff_sdiff_1 took 0.0839ms
interpretation of _aux_Init_Core___unexpand_EmptyCollection_emptyCollection_1 took 0.0923ms
interpretation of _aux_Init_Core___unexpand_EmptyCollection_emptyCollection_2 took 0.0902ms
interpretation of _aux_Init_Core___unexpand_bne_1 took 0.0958ms
interpretation of _aux_Init_Core___unexpand_Ne_1 took 0.0895ms
interpretation of _aux_Init_Control_Basic___unexpand_Functor_mapRev_1 took 0.0995ms
interpretation of _aux_Init_Control_Basic___unexpand_orM_1 took 0.0857ms
interpretation of _aux_Init_Control_Basic___unexpand_andM_1 took 0.0923ms
interpretation of _aux_Init_Control_Basic___unexpand_Bind_kleisliRight_1 took 0.134ms
interpretation of _aux_Init_Control_Basic___unexpand_Bind_kleisliLeft_1 took 0.108ms
interpretation of _aux_Init_Control_Basic___unexpand_Bind_bindLeft_1 took 0.0898ms
interpretation of Int._aux_Init_Data_Int_Basic___unexpand_Int_negSucc_1 took 0.0965ms
interpretation of List._aux_Init_Data_List_Basic___unexpand_List_Sublist_1 took 0.111ms
interpretation of List._aux_Init_Data_List_Basic___unexpand_List_IsPrefix_1 took 0.0952ms
interpretation of List._aux_Init_Data_List_Basic___unexpand_List_IsSuffix_1 took 0.0915ms
interpretation of List._aux_Init_Data_List_Basic___unexpand_List_IsInfix_1 took 0.0987ms
interpretation of List._aux_Init_Data_List_Basic___unexpand_List_Perm_1 took 0.101ms
interpretation of unexpandUnit took 0.0865ms
interpretation of unexpandListNil took 0.0822ms
interpretation of unexpandListCons took 0.0819ms
interpretation of unexpandListToArray took 0.0799ms
interpretation of unexpandProdMk took 0.0909ms
interpretation of unexpandIte took 0.0777ms
interpretation of unexpandEqNDRec took 0.0807ms
interpretation of unexpandEqRec took 0.133ms
interpretation of unexpandExists took 0.135ms
interpretation of unexpandSigma took 0.124ms
interpretation of unexpandPSigma took 0.135ms
interpretation of unexpandSubtype took 0.136ms
interpretation of unexpandTSyntax took 0.111ms
interpretation of unexpandTSyntaxArray took 0.125ms
interpretation of unexpandTSepArray took 0.113ms
interpretation of unexpandGetElem took 0.113ms
interpretation of unexpandGetElem! took 0.123ms
interpretation of unexpandGetElem? took 0.113ms
interpretation of unexpandArrayEmpty took 0.111ms
interpretation of unexpandMkArray0 took 0.109ms
interpretation of unexpandMkArray1 took 0.112ms
interpretation of unexpandMkArray2 took 0.123ms
interpretation of unexpandMkArray3 took 0.113ms
interpretation of unexpandMkArray4 took 0.133ms
interpretation of unexpandMkArray5 took 0.109ms
interpretation of unexpandMkArray6 took 0.14ms
interpretation of unexpandMkArray7 took 0.113ms
interpretation of unexpandMkArray8 took 0.102ms
interpretation of Lean.singletonUnexpander took 0.123ms
interpretation of Lean.insertUnexpander took 0.0864ms
interpretation of Bool._aux_Init_Data_Bool___unexpand_Bool_xor_1 took 0.12ms
interpretation of Lean.Grind.nestedProofUnexpander took 0.0865ms
interpretation of Lean.Grind.matchCondUnexpander took 0.0826ms
interpretation of Lean.Grind.eqMatchUnexpander took 0.106ms
interpretation of Lean.Grind.offsetUnexpander took 0.0772ms
interpretation of Lean.Grind.natCastUnexpander took 0.0793ms
interpretation of Lean.Grind.markerUnexpander took 0.0755ms
interpretation of BitVec.unexpandBitVecOfNat took 0.0796ms
interpretation of BitVec.unexpandBitVecOfNatLt took 0.0777ms
interpretation of Rat._aux_Init_Data_Rat_Basic___unexpand_Rat_divInt_1 took 0.0908ms
interpretation of Lean.Grind.toIntUnexpander took 0.076ms
interpretation of Lean.Grind.nodeDefUnexpander took 0.0814ms
interpretation of Lean.Grind.NodeDefUnexpander took 0.0756ms
interpretation of Lean.Grind.CommRing.OfCommSemiring.toQUnexpander took 0.0824ms
interpretation of Lean.Grind.leftInvUnexpander took 0.0734ms
interpretation of Vector.unexpandMk took 0.129ms
interpretation of Array._aux_Init_Data_Array_Perm___unexpand_Array_Perm_1 took 0.0928ms
interpretation of Vector._aux_Init_Data_Vector_Perm___unexpand_Vector_Perm_1 took 0.0911ms
interpretation of Lean.Order._aux_Init_Internal_Order_Basic___unexpand_Lean_Order_PartialOrder_rel_1 took 0.106ms
interpretation of Lean.Order._aux_Init_Internal_Order_Basic___unexpand_Lean_Order_bot_1 took 0.0916ms
interpretation of Lean.Try.markerUnexpander took 0.0905ms
interpretation of Std.DHashMap.Raw._aux_Std_Data_DHashMap_Raw___unexpand_Std_DHashMap_Raw_Equiv_1 took 0.0999ms
interpretation of Std.DHashMap._aux_Std_Data_DHashMap_Basic___unexpand_Std_DHashMap_Equiv_1 took 0.0917ms
interpretation of Std.HashMap._aux_Std_Data_HashMap_Basic___unexpand_Std_HashMap_Equiv_1 took 0.0958ms
interpretation of Std.HashSet._aux_Std_Data_HashSet_Basic___unexpand_Std_HashSet_Equiv_1 took 0.099ms
interpretation of Std.DTreeMap.Internal.Impl._aux_Std_Data_DTreeMap_Internal_Queries___unexpand_Std_DTreeMap_Internal_Impl_Equiv_1 took 0.094ms
interpretation of Std.DTreeMap._aux_Std_Data_DTreeMap_Basic___unexpand_Std_DTreeMap_Equiv_1 took 0.0936ms
interpretation of Std.TreeMap._aux_Std_Data_TreeMap_Basic___unexpand_Std_TreeMap_Equiv_1 took 0.0956ms
interpretation of Std.TreeSet._aux_Std_Data_TreeSet_Basic___unexpand_Std_TreeSet_Equiv_1 took 0.0903ms
interpretation of Std.HashMap.Raw._aux_Std_Data_HashMap_Raw___unexpand_Std_HashMap_Raw_Equiv_1 took 0.0933ms
interpretation of Std.DTreeMap.Raw._aux_Std_Data_DTreeMap_Raw_Basic___unexpand_Std_DTreeMap_Raw_Equiv_1 took 0.102ms
interpretation of Std.TreeMap.Raw._aux_Std_Data_TreeMap_Raw_Basic___unexpand_Std_TreeMap_Raw_Equiv_1 took 0.0969ms
interpretation of Lean.Compiler._aux_Lean_Compiler_LCNF_Types___unexpand_lcErased_1 took 0.107ms
interpretation of _aux_Mathlib_Data_Nat_Notation___unexpand_Nat_1 took 0.771ms
interpretation of _aux_Mathlib_Data_Int_Notation___unexpand_Int_1 took 0.938ms
interpretation of _aux_Mathlib_Algebra_Notation_Defs___unexpand_HVAdd_hVAdd_1 took 0.974ms
interpretation of _aux_Mathlib_Algebra_Notation_Defs___unexpand_VSub_vsub_1 took 0.644ms
interpretation of _aux_Mathlib_Algebra_Notation_Defs___unexpand_SDiv_sdiv_1 took 0.622ms
interpretation of Std.Do.SPred.Notation.unexpandPure took 0.127ms
interpretation of Std.Do.SPred.Notation.unexpandEntails took 0.106ms
interpretation of Std.Do.SPred.Notation.unexpandBientails took 0.0756ms
interpretation of Std.Do.SPred.Notation.unexpandAnd took 0.0833ms
interpretation of Std.Do.SPred.Notation.unexpandOr took 0.0761ms
interpretation of Std.Do.SPred.Notation.unexpandNot took 0.0762ms
interpretation of Std.Do.SPred.Notation.unexpandImp took 0.0729ms
interpretation of Std.Do.SPred.Notation.unexpandForall took 0.0828ms
interpretation of Std.Do.SPred.Notation.unexpandExists took 0.0762ms
interpretation of Std.Do.SPred.Notation.unexpandIff took 0.0722ms
interpretation of Std.Do._aux_Std_Do_PostCond___unexpand_Std_Do_ExceptConds_entails_1 took 0.0851ms
interpretation of Std.Do._aux_Std_Do_PostCond___unexpand_Std_Do_ExceptConds_and_1 took 0.0818ms
interpretation of Std.Do._aux_Std_Do_PostCond___unexpand_Std_Do_ExceptConds_imp_1 took 0.0828ms
interpretation of Std.Do._aux_Std_Do_PostCond___unexpand_Std_Do_PostCond_entails_1 took 0.0832ms
interpretation of Std.Do._aux_Std_Do_PostCond___unexpand_Std_Do_PostCond_and_1 took 0.0809ms
interpretation of Std.Do._aux_Std_Do_PostCond___unexpand_Std_Do_PostCond_imp_1 took 0.0798ms
interpretation of Std.Do.unexpandWP took 0.0791ms
interpretation of Std.Do.unexpandTriple took 0.0802ms
interpretation of _aux_Mathlib_Data_Rat_Init___unexpand_Rat_1 took 0.64ms
interpretation of _aux_Mathlib_Data_Rat_Init___unexpand_NNRat_1 took 0.896ms
interpretation of Function._aux_Mathlib_Logic_Function_Defs___unexpand_Function_dcomp_1 took 0.703ms
interpretation of Function._aux_Mathlib_Logic_Function_Defs___unexpand_Function_onFun_1 took 0.757ms
interpretation of Mathlib.Notation.unexpandExistsUnique took 0.675ms
interpretation of Mathlib.Meta.ofPred.unexpander took 0.627ms
interpretation of Mathlib.Meta.ofPredPatternMatchUnexpander took 0.551ms
interpretation of Set._aux_Mathlib_Data_Set_Defs___unexpand_Set_powerset_1 took 0.612ms
interpretation of Function._aux_Mathlib_Logic_Function_Basic___unexpand_Function_HasUncurry_uncurry_1 took 0.662ms
interpretation of _aux_Mathlib_Logic_Function_Iterate___unexpand_Nat_iterate_1 took 0.603ms
interpretation of _aux_Mathlib_Algebra_Group_Hom_Defs___unexpand_AddHom_1 took 0.625ms
interpretation of _aux_Mathlib_Algebra_Group_Hom_Defs___unexpand_AddMonoidHom_1 took 0.648ms
interpretation of _aux_Mathlib_Algebra_Group_Hom_Defs___unexpand_MulHom_1 took 0.662ms
interpretation of _aux_Mathlib_Algebra_Group_Hom_Defs___unexpand_MonoidHom_1 took 0.661ms
interpretation of Relator._aux_Mathlib_Logic_Relator___unexpand_Relator_LiftFun_1 took 0.853ms
interpretation of _aux_Mathlib_Logic_Equiv_Defs___unexpand_Equiv_1 took 0.877ms
interpretation of _aux_Mathlib_Algebra_Group_Equiv_Defs___unexpand_MulEquiv_1 took 0.905ms
interpretation of _aux_Mathlib_Algebra_Group_Equiv_Defs___unexpand_AddEquiv_1 took 0.693ms
interpretation of _aux_Mathlib_Algebra_Opposites___unexpand_MulOpposite_1 took 0.59ms
interpretation of _aux_Mathlib_Algebra_Opposites___unexpand_AddOpposite_1 took 0.569ms
interpretation of _aux_Mathlib_Data_SProd___unexpand_SProd_sprod_1 took 0.555ms
interpretation of Qq._aux_Qq_Macro___unexpand_Qq_QuotedDefEq_1 took 1.04ms
interpretation of _aux_Mathlib_Order_Notation___unexpand_Compl_compl_1 took 1.26ms
interpretation of _aux_Mathlib_Order_Notation___unexpand_HImp_himp_1 took 1.21ms
interpretation of _aux_Mathlib_Order_Notation___unexpand_HNot_hnot_1 took 1.03ms
interpretation of _aux_Mathlib_Order_Notation___unexpand_Top_top_1 took 0.86ms
interpretation of _aux_Mathlib_Order_Notation___unexpand_Bot_bot_1 took 0.821ms
interpretation of Set._aux_Mathlib_Data_Set_Operations___unexpand_Set_preimage_1 took 0.824ms
interpretation of Set._aux_Mathlib_Data_Set_Operations___unexpand_Set_image_1 took 0.615ms
interpretation of _aux_Mathlib_Algebra_Group_Units_Defs___unexpand_Units_1 took 0.603ms
interpretation of _aux_Mathlib_Algebra_Group_Units_Defs___unexpand_divp_1 took 0.612ms
interpretation of _aux_Mathlib_Order_Defs_PartialOrder___unexpand_WCovBy_1 took 0.614ms
interpretation of _aux_Mathlib_Order_Defs_PartialOrder___unexpand_CovBy_1 took 0.619ms
interpretation of _aux_Mathlib_Order_Basic___unexpand_Order_Preimage_1 took 0.61ms
interpretation of _aux_Mathlib_Order_OrderDual___unexpand_OrderDual_1 took 0.753ms
interpretation of Function._aux_Mathlib_Logic_Embedding_Basic___unexpand_Function_Embedding_1 took 0.671ms
interpretation of _aux_Mathlib_Order_RelIso_Basic___unexpand_RelHom_1 took 0.599ms
interpretation of _aux_Mathlib_Order_RelIso_Basic___unexpand_RelEmbedding_1 took 0.619ms
interpretation of _aux_Mathlib_Order_RelIso_Basic___unexpand_RelIso_1 took 0.533ms
interpretation of _aux_Mathlib_Order_Hom_Basic___unexpand_OrderHom_1 took 0.539ms
interpretation of _aux_Mathlib_Order_Hom_Basic___unexpand_OrderEmbedding_1 took 0.542ms
interpretation of _aux_Mathlib_Order_Hom_Basic___unexpand_OrderIso_1 took 0.534ms
interpretation of mabs.unexpander took 0.429ms
interpretation of abs.unexpander took 0.414ms
interpretation of Ring._aux_Mathlib_Algebra_GroupWithZero_Units_Basic___unexpand_Ring_inverse_1 took 0.561ms
interpretation of symmDiff._aux_Mathlib_Order_SymmDiff___unexpand_symmDiff_1 took 0.536ms
interpretation of symmDiff._aux_Mathlib_Order_SymmDiff___unexpand_bihimp_1 took 0.52ms
interpretation of List._aux_Batteries_Data_List_Basic___unexpand_List_Subperm_1 took 0.538ms
interpretation of Std.TreeSet.Raw._aux_Std_Data_TreeSet_Raw_Basic___unexpand_Std_TreeSet_Raw_Equiv_1 took 0.0869ms
interpretation of Mathlib.Tactic.TermCongr.unexpandCHole took 0.57ms
interpretation of _aux_Mathlib_Algebra_Divisibility_Basic___unexpand_RightDvd_1 took 0.651ms
interpretation of _aux_Mathlib_Algebra_GroupWithZero_Hom___unexpand_MonoidWithZeroHom_1 took 0.658ms
interpretation of _aux_Mathlib_Algebra_Ring_Hom_Defs___unexpand_NonUnitalRingHom_1 took 0.63ms
interpretation of _aux_Mathlib_Algebra_Ring_Hom_Defs___unexpand_RingHom_1 took 0.643ms
interpretation of _aux_Mathlib_Data_Bracket___unexpand_Bracket_bracket_1 took 0.781ms
interpretation of _aux_Mathlib_Algebra_Group_Invertible_Defs___unexpand_Invertible_invOf_1 took 0.617ms
interpretation of Set._aux_Mathlib_Order_SetNotation___unexpand_Set_sInter_1 took 0.589ms
interpretation of Set._aux_Mathlib_Order_SetNotation___unexpand_Set_sUnion_1 took 0.724ms
interpretation of Interval._aux_Mathlib_Order_Interval_Set_UnorderedInterval___unexpand_Set_uIcc_1 took 0.902ms
interpretation of Interval._aux_Mathlib_Order_Interval_Set_UnorderedInterval___unexpand_Set_uIoc_1 took 0.846ms
interpretation of _aux_Mathlib_Data_PNat_Notation___unexpand_PNat_1 took 0.64ms
interpretation of Functor._aux_Mathlib_Control_Functor___unexpand_Functor_mapConstRev_1 took 0.804ms
interpretation of Multiset._aux_Mathlib_Data_Multiset_ZeroCons___unexpand_Multiset_cons_1 took 1.03ms
interpretation of List._aux_Mathlib_Data_List_Rotate___unexpand_List_IsRotated_1 took 0.847ms
interpretation of Finset._aux_Mathlib_Data_Finset_Card___unexpand_Finset_card_1 took 0.612ms
interpretation of Nat._aux_Mathlib_Data_Nat_Factorial_Basic___unexpand_Nat_factorial_1 took 0.841ms
interpretation of List.Vector._aux_Mathlib_Data_Vector_Basic___unexpand_List_Vector_cons_1 took 0.65ms
interpretation of Sym._aux_Mathlib_Data_Sym_Basic___unexpand_Sym_cons_1 took 0.573ms
interpretation of Sym._aux_Mathlib_Data_Sym_Basic___unexpand_Sym_cons'_1 took 0.591ms
interpretation of _aux_Mathlib_Algebra_Notation___unexpand_OneLePart_oneLePart_1 took 0.572ms
interpretation of _aux_Mathlib_Algebra_Notation___unexpand_LeOnePart_leOnePart_1 took 0.57ms
interpretation of _aux_Mathlib_Algebra_Notation___unexpand_PosPart_posPart_1 took 0.594ms
interpretation of _aux_Mathlib_Algebra_Notation___unexpand_NegPart_negPart_1 took 0.562ms
interpretation of Mathlib.Tactic.FieldSimp.NF._aux_Mathlib_Tactic_FieldSimp_Lemmas___unexpand_Mathlib_Tactic_FieldSimp_NF_cons_1 took 0.454ms
interpretation of _aux_Mathlib_Algebra_Ring_Equiv___unexpand_RingEquiv_1 took 0.579ms
interpretation of _aux_Mathlib_GroupTheory_GroupAction_Hom___unexpand_MulActionHom_1 took 0.619ms
interpretation of _aux_Mathlib_GroupTheory_GroupAction_Hom___unexpand_MulActionHom_2 took 0.594ms
interpretation of _aux_Mathlib_GroupTheory_GroupAction_Hom___unexpand_AddActionHom_1 took 0.594ms
interpretation of _aux_Mathlib_GroupTheory_GroupAction_Hom___unexpand_AddActionHom_2 took 0.601ms
interpretation of _aux_Mathlib_GroupTheory_GroupAction_Hom___unexpand_DistribMulActionHom_1 took 0.62ms
interpretation of _aux_Mathlib_GroupTheory_GroupAction_Hom___unexpand_DistribMulActionHom_2 took 0.622ms
interpretation of _aux_Mathlib_GroupTheory_GroupAction_Hom___unexpand_MulDistribMulActionHom_1 took 0.65ms
interpretation of _aux_Mathlib_GroupTheory_GroupAction_Hom___unexpand_MulDistribMulActionHom_2 took 0.642ms
interpretation of _aux_Mathlib_GroupTheory_GroupAction_Hom___unexpand_MulSemiringActionHom_1 took 0.681ms
interpretation of _aux_Mathlib_GroupTheory_GroupAction_Hom___unexpand_MulSemiringActionHom_2 took 0.753ms
interpretation of _aux_Mathlib_Algebra_Module_LinearMap_Defs___unexpand_LinearMap_1 took 0.671ms
interpretation of _aux_Mathlib_Algebra_Module_LinearMap_Defs___unexpand_LinearMap_2 took 0.643ms
interpretation of LinearMap._aux_Mathlib_Algebra_Module_LinearMap_Defs___unexpand_LinearMap_comp_1 took 0.685ms
interpretation of RingTheory.LinearMap._aux_Mathlib_Algebra_Algebra_Defs___unexpand_Algebra_linearMap_1 took 0.716ms
interpretation of RingTheory.LinearMap._aux_Mathlib_Algebra_Algebra_Defs___unexpand_Algebra_linearMap_2 took 0.677ms
interpretation of _aux_Mathlib_Algebra_Module_Equiv_Defs___unexpand_LinearEquiv_1 took 0.639ms
interpretation of _aux_Mathlib_Algebra_Module_Equiv_Defs___unexpand_LinearEquiv_2 took 0.634ms
interpretation of Matrix.vecConsUnexpander took 0.522ms
interpretation of Matrix.vecEmptyUnexpander took 0.488ms
interpretation of _aux_Mathlib_GroupTheory_GroupAction_DomAct_Basic___unexpand_DomMulAct_1 took 0.645ms
interpretation of _aux_Mathlib_GroupTheory_GroupAction_DomAct_Basic___unexpand_DomAddAct_1 took 0.635ms
interpretation of _aux_Mathlib_Algebra_Algebra_Hom___unexpand_AlgHom_1 took 0.593ms
interpretation of _aux_Mathlib_Algebra_Algebra_Equiv___unexpand_AlgEquiv_1 took 0.61ms
interpretation of nonZeroDivisors._aux_Mathlib_Algebra_GroupWithZero_NonZeroDivisors___unexpand_nonZeroDivisors_1 took 0.722ms
interpretation of nonZeroSMulDivisors._aux_Mathlib_Algebra_GroupWithZero_NonZeroDivisors___unexpand_nonZeroSMulDivisors_1 took 0.594ms
interpretation of Prod.Lex._aux_Mathlib_Data_Prod_Lex___unexpand_Lex_1 took 0.622ms
interpretation of FinsetInterval._aux_Mathlib_Order_Interval_Finset_Defs___unexpand_Finset_uIcc_1 took 0.693ms
interpretation of Submodule._aux_Mathlib_LinearAlgebra_Span_Defs___unexpand_Submodule_span_1 took 0.667ms
interpretation of Submodule.span.unexpander took 0.512ms
interpretation of OmegaCompletePartialOrder._aux_Mathlib_Order_OmegaCompletePartialOrder___unexpand_OmegaCompletePartialOrder_ContinuousHom_1 took 0.475ms
interpretation of Affine._aux_Mathlib_LinearAlgebra_AffineSpace_Defs___unexpand_AddTorsor_1 took 0.656ms
interpretation of _aux_Mathlib_LinearAlgebra_AffineSpace_AffineMap___unexpand_AffineMap_1 took 0.659ms
interpretation of _aux_Mathlib_LinearAlgebra_AffineSpace_AffineEquiv___unexpand_AffineEquiv_1 took 0.749ms
interpretation of _aux_Mathlib_Data_Finsupp_Defs___unexpand_Finsupp_1 took 1.07ms
interpretation of Mathlib.Tactic.Module.NF._aux_Mathlib_Tactic_Module___unexpand_Mathlib_Tactic_Module_NF_cons_1 took 1.02ms
interpretation of Convex._aux_Mathlib_Analysis_Convex_Segment___unexpand_segment_1 took 0.914ms
interpretation of Affine._aux_Mathlib_LinearAlgebra_AffineSpace_AffineSubspace_Basic___unexpand_AffineSubspace_Parallel_1 took 0.682ms
interpretation of _aux_Mathlib_LinearAlgebra_LinearPMap___unexpand_LinearPMap_1 took 0.77ms
interpretation of _aux_Mathlib_LinearAlgebra_LinearPMap___unexpand_LinearPMap_2 took 0.628ms
interpretation of _aux_Mathlib_Algebra_Quotient___unexpand_HasQuotient_Quotient_1 took 0.697ms
interpretation of Filter._aux_Mathlib_Order_Filter_Defs___unexpand_Filter_principal_1 took 0.897ms
interpretation of Filter.unexpandEventuallyEq took 0.503ms
interpretation of Filter.unexpandEventuallyEqSet took 0.524ms
interpretation of Filter.unexpandEventuallyLE took 0.782ms
interpretation of Filter.unexpandEventuallySubset took 0.896ms
interpretation of AddCommGroup._aux_Mathlib_Algebra_Group_ModEq___unexpand_AddCommGroup_ModEq_1 took 1.1ms
interpretation of _aux_Mathlib_Data_Nat_ModEq___unexpand_Nat_ModEq_1 took 0.832ms
interpretation of _aux_Mathlib_Data_Int_ModEq___unexpand_Int_ModEq_1 took 0.685ms
interpretation of _aux_Mathlib_Data_ENat_Defs___unexpand_ENat_1 took 0.587ms
interpretation of _aux_Mathlib_Algebra_Order_Hom_Monoid___unexpand_OrderAddMonoidHom_1 took 0.648ms
interpretation of _aux_Mathlib_Algebra_Order_Hom_Monoid___unexpand_OrderAddMonoidIso_1 took 0.662ms
interpretation of _aux_Mathlib_Algebra_Order_Hom_Monoid___unexpand_OrderMonoidHom_1 took 0.646ms
interpretation of _aux_Mathlib_Algebra_Order_Hom_Monoid___unexpand_OrderMonoidIso_1 took 0.722ms
interpretation of _aux_Mathlib_Algebra_Order_Hom_MonoidWithZero___unexpand_OrderMonoidWithZeroHom_1 took 0.702ms
interpretation of _aux_Mathlib_Algebra_Order_Hom_Ring___unexpand_OrderRingHom_1 took 0.939ms
interpretation of _aux_Mathlib_Algebra_Order_Hom_Ring___unexpand_OrderRingIso_1 took 0.802ms
interpretation of InitialSeg._aux_Mathlib_Order_InitialSeg___unexpand_InitialSeg_1 took 0.652ms
interpretation of InitialSeg._aux_Mathlib_Order_InitialSeg___unexpand_PrincipalSeg_1 took 0.654ms
interpretation of Cardinal._aux_Mathlib_SetTheory_Cardinal_Defs___unexpand_Cardinal_mk_1 took 0.676ms
interpretation of Cardinal._aux_Mathlib_SetTheory_Cardinal_Defs___unexpand_Cardinal_aleph0_1 took 0.676ms
interpretation of Cardinal._aux_Mathlib_SetTheory_Cardinal_Basic___unexpand_Cardinal_powerlt_1 took 0.691ms
interpretation of Nat._aux_Mathlib_Algebra_Order_Floor_Defs___unexpand_Nat_floor_1 took 0.68ms
interpretation of Nat._aux_Mathlib_Algebra_Order_Floor_Defs___unexpand_Nat_ceil_1 took 1.04ms
interpretation of Int._aux_Mathlib_Algebra_Order_Floor_Defs___unexpand_Int_floor_1 took 1.05ms
interpretation of Int._aux_Mathlib_Algebra_Order_Floor_Defs___unexpand_Int_ceil_1 took 1.19ms
interpretation of AddMonoidAlgebra.unexpander took 0.876ms
interpretation of MonoidAlgebra.unexpander took 0.749ms
interpretation of Polynomial._aux_Mathlib_Algebra_Polynomial_Basic___unexpand_Polynomial_1 took 0.697ms
interpretation of _aux_Mathlib_Basic_Real_Basic___unexpand_Real_1 took 0.865ms
interpretation of NNReal._aux_Mathlib_Basic_NNReal_Defs___unexpand_NNReal_1 took 1.09ms
interpretation of ENNReal._aux_Mathlib_Basic_ENNReal_Basic___unexpand_ENNReal_1 took 0.762ms
interpretation of Heyting._aux_Mathlib_Order_Heyting_Boundary___unexpand_Coheyting_boundary_1 took 0.784ms
interpretation of _aux_Mathlib_Topology_ContinuousMap_Defs___unexpand_ContinuousMap_1 took 0.695ms
interpretation of Topology._aux_Mathlib_Topology_Defs_Filter___unexpand_nhds_1 took 0.948ms
interpretation of Topology._aux_Mathlib_Topology_Defs_Filter___unexpand_nhdsWithin_1 took 1.15ms
interpretation of Topology._aux_Mathlib_Topology_Defs_Filter___unexpand_nhdsSet_1 took 0.989ms
interpretation of Topology._aux_Mathlib_Topology_Defs_Filter___unexpand_nhdsSetWithin_1 took 1ms
interpretation of _aux_Mathlib_Topology_Defs_Filter___unexpand_Specializes_1 took 0.944ms
interpretation of _aux_Mathlib_Topology_Homeomorph_Defs___unexpand_Homeomorph_1 took 0.741ms
interpretation of SetRel._aux_Mathlib_Basic_Rel___unexpand_SetRel_comp_1 took 0.593ms
interpretation of Uniformity._aux_Mathlib_Topology_UniformSpace_Defs___unexpand_uniformity_1 took 0.655ms
interpretation of _aux_Mathlib_Analysis_Normed_Group_Defs___unexpand_Norm_norm_1 took 0.615ms
interpretation of _aux_Mathlib_Analysis_Normed_Group_Defs___unexpand_NNNorm_nnnorm_1 took 0.676ms
interpretation of _aux_Mathlib_Analysis_Normed_Group_Defs___unexpand_ENorm_enorm_1 took 0.666ms
interpretation of ContinuousMonoidHom._aux_Mathlib_Topology_Algebra_ContinuousMonoidHom___unexpand_ContinuousAddMonoidHom_1 took 0.596ms
interpretation of ContinuousMonoidHom._aux_Mathlib_Topology_Algebra_ContinuousMonoidHom___unexpand_ContinuousMonoidHom_1 took 0.608ms
interpretation of _aux_Mathlib_Topology_Algebra_ContinuousMonoidHom___unexpand_ContinuousMulEquiv_1 took 0.679ms
interpretation of _aux_Mathlib_Topology_Algebra_ContinuousMonoidHom___unexpand_ContinuousAddEquiv_1 took 0.711ms
interpretation of ComplexConjugate._aux_Mathlib_Algebra_Star_Basic___unexpand_starRingEnd_1 took 0.672ms
interpretation of Real._aux_Mathlib_Analysis_Real_Sqrt___unexpand_Real_sqrt_1 took 0.629ms
interpretation of _aux_Mathlib_Basic_Complex_Basic___unexpand_Complex_1 took 0.665ms
interpretation of Complex._aux_Mathlib_Basic_Complex_Basic___unexpand_Complex_reProdIm_1 took 0.688ms
interpretation of _aux_Mathlib_Algebra_Star_StarRingHom___unexpand_NonUnitalStarRingHom_1 took 0.798ms
interpretation of _aux_Mathlib_Algebra_Star_StarRingHom___unexpand_StarRingEquiv_1 took 0.954ms
interpretation of _aux_Mathlib_Algebra_Algebra_NonUnitalHom___unexpand_NonUnitalAlgHom_1 took 1.02ms
interpretation of _aux_Mathlib_Algebra_Algebra_NonUnitalHom___unexpand_NonUnitalAlgHom_2 took 0.659ms
interpretation of TensorProduct._aux_Mathlib_LinearAlgebra_TensorProduct_Defs___unexpand_TensorProduct_1 took 1.05ms
interpretation of TensorProduct._aux_Mathlib_LinearAlgebra_TensorProduct_Defs___unexpand_TensorProduct_tmul_1 took 1.29ms
interpretation of RingTheory.LinearMap._aux_Mathlib_LinearAlgebra_TensorProduct_Map___unexpand_TensorProduct_map_1 took 1.46ms
interpretation of RingTheory.LinearMap._aux_Mathlib_Algebra_Algebra_Bilinear___unexpand_LinearMap_mul'_1 took 1.21ms
interpretation of RingTheory.LinearMap._aux_Mathlib_Algebra_Algebra_Bilinear___unexpand_LinearMap_mul'_2 took 1.13ms
interpretation of Computability._aux_Mathlib_Algebra_Order_Kleene___unexpand_KStar_kstar_1 took 0.976ms
interpretation of _aux_Mathlib_Algebra_Module_LinearMap_Star___unexpand_LinearMap_1 took 0.96ms
interpretation of _aux_Mathlib_Algebra_Module_LinearMap_Star___unexpand_LinearEquiv_1 took 0.903ms
interpretation of _aux_Mathlib_Algebra_Star_StarAlgHom___unexpand_NonUnitalStarAlgHom_1 took 0.89ms
interpretation of _aux_Mathlib_Algebra_Star_StarAlgHom___unexpand_StarAlgHom_1 took 0.923ms
interpretation of _aux_Mathlib_Algebra_Star_StarAlgHom___unexpand_StarAlgEquiv_1 took 1.16ms
interpretation of _aux_Mathlib_Algebra_Star_MonoidHom___unexpand_StarMonoidHom_1 took 2.15ms
interpretation of _aux_Mathlib_Algebra_Star_MonoidHom___unexpand_StarMulEquiv_1 took 1.15ms
interpretation of _aux_Mathlib_Topology_MetricSpace_Isometry___unexpand_IsometryEquiv_1 took 1.02ms
interpretation of _aux_Mathlib_Topology_UniformSpace_Equiv___unexpand_UniformEquiv_1 took 0.878ms
interpretation of UniformConvergence._aux_Mathlib_Topology_UniformSpace_UniformConvergenceTopology___unexpand_UniformFun_1 took 0.589ms
interpretation of UniformConvergence._aux_Mathlib_Topology_UniformSpace_UniformConvergenceTopology___unexpand_UniformOnFun_1 took 0.656ms
interpretation of _aux_Mathlib_Topology_Algebra_Module_ContinuousLinearMap_Basic___unexpand_ContinuousLinearMap_1 took 0.725ms
interpretation of _aux_Mathlib_Topology_Algebra_Module_ContinuousLinearMap_Basic___unexpand_ContinuousLinearMap_2 took 0.99ms
interpretation of ContinuousLinearMap._aux_Mathlib_Topology_Algebra_Module_ContinuousLinearMap_Basic___unexpand_ContinuousLinearMap_comp_1 took 0.687ms
interpretation of _aux_Mathlib_Topology_Algebra_Module_Equiv___unexpand_ContinuousLinearEquiv_1 took 1.02ms
interpretation of _aux_Mathlib_Topology_Algebra_Module_Equiv___unexpand_ContinuousLinearEquiv_2 took 1.1ms
interpretation of _aux_Mathlib_Topology_MetricSpace_Dilation___unexpand_Dilation_1 took 0.904ms
interpretation of _aux_Mathlib_Topology_MetricSpace_DilationEquiv___unexpand_DilationEquiv_1 took 0.742ms
interpretation of _aux_Mathlib_Analysis_Normed_Operator_LinearIsometry___unexpand_LinearIsometry_1 took 0.689ms
interpretation of _aux_Mathlib_Analysis_Normed_Operator_LinearIsometry___unexpand_LinearIsometry_2 took 0.657ms
interpretation of _aux_Mathlib_Analysis_Normed_Operator_LinearIsometry___unexpand_LinearIsometry_3 took 0.653ms
interpretation of _aux_Mathlib_Analysis_Normed_Operator_LinearIsometry___unexpand_LinearIsometryEquiv_1 took 0.751ms
interpretation of _aux_Mathlib_Analysis_Normed_Operator_LinearIsometry___unexpand_LinearIsometryEquiv_2 took 0.68ms
interpretation of _aux_Mathlib_Analysis_Normed_Operator_LinearIsometry___unexpand_LinearIsometryEquiv_3 took 0.97ms
interpretation of _aux_Mathlib_Topology_Algebra_Module_Star___unexpand_ContinuousLinearMap_1 took 1.19ms
interpretation of _aux_Mathlib_Topology_Algebra_Module_Star___unexpand_ContinuousLinearEquiv_1 took 1.11ms
interpretation of Matrix._aux_Mathlib_LinearAlgebra_Matrix_Defs___unexpand_Matrix_transpose_1 took 1.15ms
interpretation of _aux_Mathlib_Data_Matrix_Mul___unexpand_dotProduct_1 took 0.906ms
interpretation of Matrix._aux_Mathlib_Data_Matrix_Mul___unexpand_Matrix_mulVec_1 took 1.04ms
interpretation of Matrix._aux_Mathlib_Data_Matrix_Mul___unexpand_Matrix_vecMul_1 took 1.08ms
interpretation of Matrix._aux_Mathlib_LinearAlgebra_Matrix_ConjTranspose___unexpand_Matrix_conjTranspose_1 took 1.17ms
interpretation of ComplexStarModule._aux_Mathlib_LinearAlgebra_Complex_Module___unexpand_realPart_1 took 1.07ms
interpretation of ComplexStarModule._aux_Mathlib_LinearAlgebra_Complex_Module___unexpand_imaginaryPart_1 took 1.42ms
interpretation of _aux_Mathlib_Topology_Algebra_Algebra___unexpand_ContinuousAlgHom_1 took 1.36ms
interpretation of _aux_Mathlib_Topology_Algebra_Algebra_Equiv___unexpand_ContinuousAlgEquiv_1 took 1.18ms
interpretation of Asymptotics._aux_Mathlib_Analysis_Asymptotics_Defs___unexpand_Asymptotics_IsBigO_1 took 1.17ms
interpretation of Asymptotics._aux_Mathlib_Analysis_Asymptotics_Defs___unexpand_Asymptotics_IsTheta_1 took 1.16ms
interpretation of Asymptotics._aux_Mathlib_Analysis_Asymptotics_Defs___unexpand_Asymptotics_IsLittleO_1 took 1.82ms
interpretation of Complex._aux_Mathlib_Analysis_Complex_Exponential___unexpand_Complex_exp_1 took 1.37ms
interpretation of Real._aux_Mathlib_Analysis_Complex_Exponential___unexpand_Real_exp_1 took 1.23ms
interpretation of Real._aux_Mathlib_Analysis_SpecialFunctions_Trigonometric_Basic___unexpand_Real_pi_1 took 1.26ms
interpretation of unitInterval._aux_Mathlib_Topology_UnitInterval___unexpand_unitInterval_1 took 1.15ms
interpretation of unitInterval._aux_Mathlib_Topology_UnitInterval___unexpand_unitInterval_symm_1 took 0.772ms
interpretation of Nat._aux_Mathlib_Data_Nat_Totient___unexpand_Nat_totient_1 took 1.03ms
interpretation of ExistsAndEq.existsAndEq took 0.976ms
interpretation of Matrix.cons_val took 0.902ms
interpretation of Complex.I_pow_eq_pow_mod' took 1.04ms
interpretation of _aux_Init_Notation___macroRules_precMax_1 took 0.184ms
interpretation of _aux_Init_Notation___macroRules_precArg_1 took 0.161ms
interpretation of _aux_Init_Notation___macroRules_precLead_1 took 0.166ms
interpretation of _aux_Init_Notation___macroRules_prec(_)_1 took 0.144ms
interpretation of _aux_Init_Notation___macroRules_precMin_1 took 0.143ms
interpretation of _aux_Init_Notation___macroRules_precMin1_1 took 0.137ms
interpretation of _aux_Init_Notation___macroRules_termMax_prec_1 took 0.15ms
interpretation of _aux_Init_Notation___macroRules_prioDefault_1 took 0.177ms
interpretation of _aux_Init_Notation___macroRules_prioLow_1 took 0.159ms
interpretation of _aux_Init_Notation___macroRules_prioMid_1 took 0.16ms
interpretation of _aux_Init_Notation___macroRules_prioHigh_1 took 0.139ms
interpretation of _aux_Init_Notation___macroRules_prio(_)_1 took 0.156ms
interpretation of _aux_Init_Notation___macroRules_stx_+_1 took 0.161ms
interpretation of _aux_Init_Notation___macroRules_stx_*_1 took 0.148ms
interpretation of _aux_Init_Notation___macroRules_stx_?_1 took 0.154ms
interpretation of _aux_Init_Notation___macroRules_stx_<|>__1 took 0.19ms
interpretation of _aux_Init_Notation___macroRules_stx_,*_1 took 0.178ms
interpretation of _aux_Init_Notation___macroRules_stx_,+_1 took 0.139ms
interpretation of _aux_Init_Notation___macroRules_stx_,*,?_1 took 0.147ms
interpretation of _aux_Init_Notation___macroRules_stx_,+,?_1 took 0.164ms
interpretation of _aux_Init_Notation___macroRules_stx!__1 took 0.163ms
interpretation of _aux_Init_Notation___macroRules_term_∘__1 took 0.106ms
interpretation of _aux_Init_Notation___macroRules_term_×__1 took 0.0982ms
interpretation of _aux_Init_Notation___macroRules_term_×'__1 took 0.119ms
interpretation of _aux_Init_Notation___macroRules_term_∣__1 took 0.0977ms
interpretation of _aux_Init_Notation___macroRules_term_|||__1 took 0.13ms
interpretation of _aux_Init_Notation___macroRules_term_^^^__1 took 0.103ms
interpretation of _aux_Init_Notation___macroRules_term_&&&__1 took 0.102ms
interpretation of _aux_Init_Notation___macroRules_term_+__1 took 0.107ms
interpretation of _aux_Init_Notation___macroRules_term_-__1 took 0.0877ms
interpretation of _aux_Init_Notation___macroRules_term_*__1 took 0.119ms
interpretation of _aux_Init_Notation___macroRules_term_/__1 took 0.11ms
interpretation of _aux_Init_Notation___macroRules_term_%__1 took 0.1ms
interpretation of _aux_Init_Notation___macroRules_term_<<<__1 took 0.0886ms
interpretation of _aux_Init_Notation___macroRules_term_>>>__1 took 0.101ms
interpretation of _aux_Init_Notation___macroRules_term_^__1 took 0.0971ms
interpretation of _aux_Init_Notation___macroRules_term_++__1 took 0.116ms
interpretation of _aux_Init_Notation___macroRules_term-__1 took 0.115ms
interpretation of _aux_Init_Notation___macroRules_term~~~__1 took 0.107ms
interpretation of _aux_Init_Notation___macroRules_term_⁻¹_1 took 0.096ms
interpretation of _aux_Init_Notation___macroRules_term_•__1 took 0.125ms
interpretation of _aux_Init_Notation___macroRules_term_|||__2 took 0.171ms
interpretation of _aux_Init_Notation___macroRules_term_^^^__2 took 0.166ms
interpretation of _aux_Init_Notation___macroRules_term_&&&__2 took 0.158ms
interpretation of _aux_Init_Notation___macroRules_term_+__2 took 0.159ms
interpretation of _aux_Init_Notation___macroRules_term_-__2 took 0.148ms
interpretation of _aux_Init_Notation___macroRules_term_*__2 took 0.161ms
interpretation of _aux_Init_Notation___macroRules_term_/__2 took 0.152ms
interpretation of _aux_Init_Notation___macroRules_term_%__2 took 0.146ms
interpretation of _aux_Init_Notation___macroRules_term_^__2 took 0.172ms
interpretation of _aux_Init_Notation___macroRules_term_++__2 took 0.15ms
interpretation of _aux_Init_Notation___macroRules_term-__2 took 0.142ms
interpretation of _aux_Init_Notation___macroRules_term_•__2 took 0.148ms
interpretation of _aux_Init_Notation___macroRules_term_>=__1 took 0.17ms
interpretation of _aux_Init_Notation___macroRules_term_<=__1 took 0.171ms
interpretation of _aux_Init_Notation___macroRules_term_>=__2 took 0.167ms
interpretation of _aux_Init_Notation___macroRules_term_<=__2 took 0.173ms
interpretation of _aux_Init_Notation___macroRules_term_≤__1 took 0.164ms
interpretation of _aux_Init_Notation___macroRules_term_<__1 took 0.145ms
interpretation of _aux_Init_Notation___macroRules_term_≥__1 took 0.147ms
interpretation of _aux_Init_Notation___macroRules_term_>__1 took 0.151ms
interpretation of _aux_Init_Notation___macroRules_term_=__1 took 0.159ms
interpretation of _aux_Init_Notation___macroRules_term_==__1 took 0.173ms
interpretation of _aux_Init_Notation___macroRules_term_≍__1 took 0.164ms
interpretation of _aux_Init_Notation___macroRules_term_≤__2 took 0.157ms
interpretation of _aux_Init_Notation___macroRules_term_<__2 took 0.148ms
interpretation of _aux_Init_Notation___macroRules_term_>__2 took 0.151ms
interpretation of _aux_Init_Notation___macroRules_term_≥__2 took 0.155ms
interpretation of _aux_Init_Notation___macroRules_term_=__2 took 0.155ms
interpretation of _aux_Init_Notation___macroRules_term_==__2 took 0.143ms
interpretation of _aux_Init_Notation___macroRules_term_∧__1 took 0.16ms
interpretation of _aux_Init_Notation___macroRules_term_∨__1 took 0.104ms
interpretation of _aux_Init_Notation___macroRules_term¬__1 took 0.122ms
interpretation of _aux_Init_Notation___macroRules_term_&&__1 took 0.111ms
interpretation of _aux_Init_Notation___macroRules_term_||__1 took 0.0932ms
interpretation of _aux_Init_Notation___macroRules_term!__1 took 0.0911ms
interpretation of _aux_Init_Notation___macroRules_term_∈__1 took 0.0892ms
interpretation of _aux_Init_Notation___macroRules_term_∉__1 took 0.0997ms
interpretation of _aux_Init_Notation___macroRules_term_::__1 took 0.184ms
interpretation of _aux_Init_Notation___macroRules_term_<$>__1 took 0.267ms
interpretation of _aux_Init_Notation___macroRules_term_>>=__1 took 0.18ms
interpretation of _aux_Init_Notation___macroRules_term_<|>__1 took 0.162ms
interpretation of _aux_Init_Notation___macroRules_term_>>__1 took 0.15ms
interpretation of _aux_Init_Notation___macroRules_term_<*>__1 took 0.159ms
interpretation of _aux_Init_Notation___macroRules_term_<*__1 took 0.162ms
interpretation of _aux_Init_Notation___macroRules_term_*>__1 took 0.166ms
interpretation of _aux_Init_Notation___macroRules_termDepIfThenElse_1 took 0.159ms
interpretation of _aux_Init_Notation___macroRules_termIfThenElse_1 took 0.147ms
interpretation of _aux_Init_Notation___macroRules_termIfLet_1 took 0.12ms
interpretation of _aux_Init_Notation___macroRules_boolIfThenElse_1 took 0.112ms
interpretation of _aux_Init_Notation___macroRules_term_<|__1 took 0.123ms
interpretation of _aux_Init_Notation___macroRules_term_|>__1 took 0.144ms
interpretation of _aux_Init_Notation___macroRules_term_$___1 took 0.14ms
interpretation of _aux_Init_Notation___macroRules_term{_:_//_}_1 took 0.159ms
interpretation of _aux_Init_Notation___macroRules_termWithout_expected_type__1 took 0.165ms
interpretation of Lean.Parser._aux_Init_Notation___macroRules_Lean_Parser_commandSeal___1 took 0.184ms
interpretation of Lean.Parser._aux_Init_Notation___macroRules_Lean_Parser_commandUnseal___1 took 0.178ms
interpretation of Lean.Parser.Tactic._aux_Init_Tactics___macroRules_Lean_Parser_Tactic_tacticExfalso_1 took 0.21ms
interpretation of Lean.Parser.Tactic._aux_Init_Tactics___macroRules_Lean_Parser_Tactic_tacticNext_=>__1 took 0.116ms
interpretation of Lean.Parser.Tactic._aux_Init_Tactics___macroRules_Lean_Parser_Tactic_tacticTry__1 took 0.109ms
interpretation of Lean.Parser.Tactic._aux_Init_Tactics___macroRules_Lean_Parser_Tactic_tactic_<;>__1 took 0.106ms
interpretation of Lean.Parser.Tactic._aux_Init_Tactics___macroRules_Lean_Parser_Tactic_tacticRfl_1 took 0.11ms
interpretation of Lean.Parser.Tactic._aux_Init_Tactics___macroRules_Lean_Parser_Tactic_tacticRfl_2 took 0.147ms
interpretation of Lean.Parser.Tactic._aux_Init_Tactics___macroRules_Lean_Parser_Tactic_tacticRfl_3 took 0.157ms
interpretation of Lean.Parser.Tactic._aux_Init_Tactics___macroRules_Lean_Parser_Tactic_tacticRfl'_1 took 0.175ms
interpretation of Lean.Parser.Tactic._aux_Init_Tactics___macroRules_Lean_Parser_Tactic_tacticSorry_1 took 0.284ms
interpretation of Lean.Parser.Tactic._aux_Init_Tactics___macroRules_Lean_Parser_Tactic_tacticAdmit_1 took 0.182ms
interpretation of Lean.Parser.Tactic._aux_Init_Tactics___macroRules_Lean_Parser_Tactic_tacticInfer_instance_1 took 0.191ms
interpretation of Lean.Parser.Tactic._aux_Init_Tactics___macroRules_Lean_Parser_Tactic_rwSeq_1 took 0.189ms
interpretation of Lean.Parser.Tactic._aux_Init_Tactics___macroRules_Lean_Parser_Tactic_tacticRwa___1 took 0.224ms
interpretation of Lean.Parser.Tactic._aux_Init_Tactics___macroRules_Lean_Parser_Tactic_tacticSimp?!__1 took 0.186ms
interpretation of Lean.Parser.Tactic._aux_Init_Tactics___macroRules_Lean_Parser_Tactic_tacticSimp_all?!__1 took 0.211ms
interpretation of Lean.Parser.Tactic._aux_Init_Tactics___macroRules_Lean_Parser_Tactic_tacticDsimp?!__1 took 0.217ms
interpretation of Lean.Parser.Tactic._aux_Init_Tactics___macroRules_Lean_Parser_Tactic_tacticSimpa!__1 took 0.189ms
interpretation of Lean.Parser.Tactic._aux_Init_Tactics___macroRules_Lean_Parser_Tactic_tacticSimpa?__1 took 0.202ms
interpretation of Lean.Parser.Tactic._aux_Init_Tactics___macroRules_Lean_Parser_Tactic_tacticSimpa?!__1 took 0.19ms
interpretation of Lean.Parser.Tactic._aux_Init_Tactics___macroRules_Lean_Parser_Tactic_tacticSimpa!__1_1 took 0.166ms
interpretation of Lean.Parser.Tactic._aux_Init_Tactics___macroRules_Lean_Parser_Tactic_tacticSimpa?__1_1 took 0.172ms
interpretation of Lean.Parser.Tactic._aux_Init_Tactics___macroRules_Lean_Parser_Tactic_tacticSimpa?!__1_1 took 0.183ms
interpretation of Lean.Parser.Tactic._aux_Init_Tactics___macroRules_Lean_Parser_Tactic_tacticRefine_lift__1 took 0.179ms
interpretation of Lean.Parser.Tactic._aux_Init_Tactics___macroRules_Lean_Parser_Tactic_tacticHave___1 took 0.155ms
interpretation of Lean.Parser.Tactic._aux_Init_Tactics___macroRules_Lean_Parser_Tactic_tacticSuffices__1 took 0.163ms
interpretation of Lean.Parser.Tactic._aux_Init_Tactics___macroRules_Lean_Parser_Tactic_tacticLet___1 took 0.177ms
interpretation of Lean.Parser.Tactic._aux_Init_Tactics___macroRules_Lean_Parser_Tactic_letrec_1 took 0.113ms
interpretation of Lean.Parser.Tactic._aux_Init_Tactics___macroRules_Lean_Parser_Tactic_tacticRefine_lift'__1 took 0.119ms
interpretation of Lean.Parser.Tactic._aux_Init_Tactics___macroRules_Lean_Parser_Tactic_tacticHave'_1 took 0.102ms
interpretation of Lean.Parser.Tactic._aux_Init_Tactics___macroRules_Lean_Parser_Tactic_tacticLet'___1 took 0.142ms
interpretation of Lean.Parser.Tactic._aux_Init_Tactics___macroRules_Lean_Parser_Tactic_tacticStop__1 took 0.102ms
interpretation of Lean.Parser.Tactic._aux_Init_Tactics___macroRules_Lean_Parser_Tactic_tacticUnhygienic__1 took 0.116ms
interpretation of Lean.Parser.Tactic._aux_Init_Tactics___macroRules_Lean_Parser_Tactic_tacticExists_,,_1 took 0.185ms
interpretation of Lean.Parser.Tactic._aux_Init_Tactics___macroRules_Lean_Parser_Tactic_tacticNofun_1 took 0.167ms
interpretation of Lean.Parser.Tactic._aux_Init_Tactics___macroRules_Lean_Parser_Tactic_tacticNomatch_,,_1 took 0.17ms
interpretation of Lean.Parser.Tactic._aux_Init_Tactics___macroRules_Lean_Parser_Tactic_tacticAnd_intros_1 took 0.189ms
interpretation of Lean.Parser.Tactic._aux_Init_Tactics___macroRules_Lean_Parser_Tactic_tacticHaveI___1 took 0.168ms
interpretation of Lean.Parser.Tactic._aux_Init_Tactics___macroRules_Lean_Parser_Tactic_tacticLetI___1 took 0.141ms
interpretation of Lean.Parser.Tactic._aux_Init_Tactics___macroRules_Lean_Parser_Tactic_tacticTrivial_1 took 0.19ms
interpretation of Lean.Parser.Tactic._aux_Init_Tactics___macroRules_Lean_Parser_Tactic_tacticTrivial_2 took 0.195ms
interpretation of Lean.Parser.Tactic._aux_Init_Tactics___macroRules_Lean_Parser_Tactic_tacticTrivial_3 took 0.163ms
interpretation of Lean.Parser.Tactic._aux_Init_Tactics___macroRules_Lean_Parser_Tactic_tacticTrivial_4 took 0.153ms
interpretation of Lean.Parser.Tactic._aux_Init_Tactics___macroRules_Lean_Parser_Tactic_tacticTrivial_5 took 0.162ms
interpretation of Lean.Parser.Tactic._aux_Init_Tactics___macroRules_Lean_Parser_Tactic_tacticTrivial_6 took 0.171ms
interpretation of Lean.Parser.Tactic._aux_Init_Tactics___macroRules_Lean_Parser_Tactic_tacticBv_omega_1 took 0.177ms
interpretation of Lean.Parser.Tactic._aux_Init_Tactics___macroRules_Lean_Parser_Tactic_tacticAssumption_mod_cast__1 took 0.18ms
interpretation of Lean.Parser.Tactic._aux_Init_Tactics___macroRules_Lean_Parser_Tactic_tacticNorm_cast___1 took 0.17ms
interpretation of Lean.Parser.Tactic._aux_Init_Tactics___macroRules_Lean_Parser_Tactic_tacticAc_nf__1 took 0.182ms
interpretation of Lean.Parser.Tactic._aux_Init_Tactics___macroRules_Lean_Parser_Tactic_showTermElab_1 took 0.191ms
interpretation of Lean.Parser.Tactic._aux_Init_Tactics___macroRules_Lean_Parser_Tactic_by?_1 took 0.168ms
interpretation of Lean.Parser.Tactic._aux_Init_Tactics___macroRules_Lean_Parser_Tactic_massumptionMacro_1 took 0.153ms
interpretation of Lean.Parser.Tactic._aux_Init_Tactics___macroRules_Lean_Parser_Tactic_mclearMacro_1 took 0.159ms
interpretation of Lean.Parser.Tactic._aux_Init_Tactics___macroRules_Lean_Parser_Tactic_mconstructorMacro_1 took 0.176ms
interpretation of Lean.Parser.Tactic._aux_Init_Tactics___macroRules_Lean_Parser_Tactic_mexactMacro_1 took 0.117ms
interpretation of Lean.Parser.Tactic._aux_Init_Tactics___macroRules_Lean_Parser_Tactic_mexfalsoMacro_1 took 0.117ms
interpretation of Lean.Parser.Tactic._aux_Init_Tactics___macroRules_Lean_Parser_Tactic_mexistsMacro_1 took 0.116ms
interpretation of Lean.Parser.Tactic._aux_Init_Tactics___macroRules_Lean_Parser_Tactic_mframeMacro_1 took 0.104ms
interpretation of Lean.Parser.Tactic._aux_Init_Tactics___macroRules_Lean_Parser_Tactic_mhaveMacro_1 took 0.106ms
interpretation of Lean.Parser.Tactic._aux_Init_Tactics___macroRules_Lean_Parser_Tactic_mreplaceMacro_1 took 0.112ms
interpretation of Lean.Parser.Tactic._aux_Init_Tactics___macroRules_Lean_Parser_Tactic_mleftMacro_1 took 0.105ms
interpretation of Lean.Parser.Tactic._aux_Init_Tactics___macroRules_Lean_Parser_Tactic_mrightMacro_1 took 0.116ms
interpretation of Lean.Parser.Tactic._aux_Init_Tactics___macroRules_Lean_Parser_Tactic_mpureMacro_1 took 0.109ms
interpretation of Lean.Parser.Tactic._aux_Init_Tactics___macroRules_Lean_Parser_Tactic_mpureIntroMacro_1 took 0.112ms
interpretation of Lean.Parser.Tactic._aux_Init_Tactics___macroRules_Lean_Parser_Tactic_mrevertMacro_1 took 0.103ms
interpretation of Lean.Parser.Tactic._aux_Init_Tactics___macroRules_Lean_Parser_Tactic_mrenameIMacro_1 took 0.112ms
interpretation of Lean.Parser.Tactic._aux_Init_Tactics___macroRules_Lean_Parser_Tactic_mspecializeMacro_1 took 0.128ms
interpretation of Lean.Parser.Tactic._aux_Init_Tactics___macroRules_Lean_Parser_Tactic_mspecializePureMacro_1 took 0.113ms
interpretation of Lean.Parser.Tactic._aux_Init_Tactics___macroRules_Lean_Parser_Tactic_mstartMacro_1 took 0.117ms
interpretation of Lean.Parser.Tactic._aux_Init_Tactics___macroRules_Lean_Parser_Tactic_mstopMacro_1 took 0.099ms
interpretation of Lean.Parser.Tactic._aux_Init_Tactics___macroRules_Lean_Parser_Tactic_mleaveMacro_1 took 0.104ms
interpretation of Lean.Parser.Tactic._aux_Init_Tactics___macroRules_Lean_Parser_Tactic_mcasesMacro_1 took 0.11ms
interpretation of Lean.Parser.Tactic._aux_Init_Tactics___macroRules_Lean_Parser_Tactic_mrefineMacro_1 took 0.105ms
interpretation of Lean.Parser.Tactic._aux_Init_Tactics___macroRules_Lean_Parser_Tactic_mintroMacro_1 took 0.108ms
interpretation of Lean.Parser.Tactic._aux_Init_Tactics___macroRules_Lean_Parser_Tactic_mspecMacro_1 took 0.149ms
interpretation of Lean.Parser.Tactic._aux_Init_Tactics___macroRules_Lean_Parser_Tactic_mvcgenMacro_1 took 0.171ms
interpretation of Lean.Parser.Tactic._aux_Init_Tactics___macroRules_Lean_Parser_Tactic_vcgenMacro_1 took 0.181ms
interpretation of _aux_Init_Tactics___macroRules_term‹_›_1 took 0.161ms
interpretation of _aux_Init_Tactics___macroRules_tacticGet_elem_tactic_extensible_1 took 0.169ms
interpretation of _aux_Init_Tactics___macroRules_tacticGet_elem_tactic_extensible_2 took 0.17ms
interpretation of _aux_Init_Tactics___macroRules_tacticGet_elem_tactic_extensible_3 took 0.17ms
interpretation of _aux_Init_Tactics___macroRules_tacticGet_elem_tactic_1 took 0.172ms
interpretation of _aux_Init_Core___macroRules_term_<->__1 took 0.157ms
interpretation of _aux_Init_Core___macroRules_term_↔__1 took 0.147ms
interpretation of _aux_Init_Core___macroRules_term_⊕__1 took 0.171ms
interpretation of _aux_Init_Core___macroRules_term_⊕'__1 took 0.164ms
interpretation of _aux_Init_Core___macroRules_term_≈__1 took 0.166ms
interpretation of _aux_Init_Core___macroRules_term_⊆__1 took 0.146ms
interpretation of _aux_Init_Core___macroRules_term_⊂__1 took 0.161ms
interpretation of _aux_Init_Core___macroRules_term_⊇__1 took 0.166ms
interpretation of _aux_Init_Core___macroRules_term_⊃__1 took 0.161ms
interpretation of _aux_Init_Core___macroRules_term_∪__1 took 0.154ms
interpretation of _aux_Init_Core___macroRules_term_∩__1 took 0.166ms
interpretation of _aux_Init_Core___macroRules_term_\__1 took 0.171ms
interpretation of _aux_Init_Core___macroRules_term{}_1 took 0.154ms
interpretation of _aux_Init_Core___macroRules_term∅_1 took 0.149ms
interpretation of _aux_Init_Core___macroRules_term_!=__1 took 0.169ms
interpretation of _aux_Init_Core___macroRules_term_!=__2 took 0.172ms
interpretation of _aux_Init_Core___macroRules_term_≠__1 took 0.101ms
interpretation of _aux_Init_Core___macroRules_term_≠__2 took 0.0906ms
interpretation of _aux_Init_Core___macroRules_Lean_Parser_Tactic_tacticRfl_1 took 0.102ms
interpretation of _aux_Init_Control_Basic___macroRules_term_<&>__1 took 0.111ms
interpretation of _aux_Init_Control_Basic___macroRules_term_<||>__1 took 0.107ms
interpretation of _aux_Init_Control_Basic___macroRules_term_<&&>__1 took 0.104ms
interpretation of _aux_Init_Control_Basic___macroRules_term_>=>__1 took 0.0971ms
interpretation of _aux_Init_Control_Basic___macroRules_term_<=<__1 took 0.0933ms
interpretation of _aux_Init_Control_Basic___macroRules_term_=<<__1 took 0.0984ms
interpretation of Lean.Parser.Tactic.Grind._aux_Init_Grind_Interactive___macroRules_Lean_Parser_Tactic_Grind_use_1 took 0.134ms
interpretation of Lean.Parser.Tactic.Grind._aux_Init_Grind_Interactive___macroRules_Lean_Parser_Tactic_Grind_grind·__1 took 0.12ms
interpretation of Lean.Parser.Tactic.Grind._aux_Init_Grind_Interactive___macroRules_Lean_Parser_Tactic_Grind_grind_<;>__1 took 0.0842ms
interpretation of Lean.Parser.Tactic.Grind._aux_Init_Grind_Interactive___macroRules_Lean_Parser_Tactic_Grind_grindTry__1 took 0.118ms
interpretation of Lean.Parser.Tactic.Grind._aux_Init_Grind_Interactive___macroRules_Lean_Parser_Tactic_Grind_grindAdmit_1 took 0.113ms
interpretation of Lean.Parser.Tactic.Grind._aux_Init_Grind_Interactive___macroRules_Lean_Parser_Tactic_Grind_grindRepeat__1 took 0.0918ms
interpretation of Lean.Parser.Tactic.Grind._aux_Init_Grind_Interactive___macroRules_Lean_Parser_Tactic_Grind_symIntroLight_1 took 0.107ms
interpretation of Lean.Parser.Tactic.Grind._aux_Init_Grind_Interactive___macroRules_Lean_Parser_Tactic_Grind_symIntrosLight_1 took 0.0915ms
interpretation of Lean.Parser.Tactic.Grind._aux_Init_Grind_Interactive___macroRules_Lean_Parser_Tactic_Grind_grindExact__1 took 0.0962ms
interpretation of Int._aux_Init_Data_Int_Basic___macroRules_Int_term-[_+1]_1 took 0.129ms
interpretation of Lean._aux_Init_Data_List_Notation___macroRules_term[_]_1 took 0.106ms
interpretation of List._aux_Init_Data_List_Basic___macroRules_List_term_<+__1 took 0.114ms
interpretation of List._aux_Init_Data_List_Basic___macroRules_List_term_<+:__1 took 0.112ms
interpretation of List._aux_Init_Data_List_Basic___macroRules_List_term_<:+__1 took 0.14ms
interpretation of List._aux_Init_Data_List_Basic___macroRules_List_term_<:+:__1 took 0.11ms
interpretation of List._aux_Init_Data_List_Basic___macroRules_List_term_~__1 took 0.112ms
interpretation of _aux_Init_WFTactics___macroRules_tacticSimp_wf_1 took 0.117ms
interpretation of _aux_Init_WFTactics___macroRules_tacticClean_wf_1 took 0.108ms
interpretation of _aux_Init_WFTactics___macroRules_tacticDecreasing_trivial_1 took 0.116ms
interpretation of _aux_Init_WFTactics___macroRules_tacticDecreasing_trivial_2 took 0.106ms
interpretation of _aux_Init_WFTactics___macroRules_tacticDecreasing_trivial_3 took 0.108ms
interpretation of _aux_Init_WFTactics___macroRules_tacticDecreasing_trivial_pre_omega_1 took 0.11ms
interpretation of _aux_Init_WFTactics___macroRules_tacticDecreasing_trivial_pre_omega_2 took 0.245ms
interpretation of _aux_Init_WFTactics___macroRules_tacticDecreasing_trivial_pre_omega_3 took 0.112ms
interpretation of _aux_Init_WFTactics___macroRules_tacticDecreasing_with__1 took 0.107ms
interpretation of _aux_Init_WFTactics___macroRules_tacticDecreasing_tactic_1 took 0.0993ms
interpretation of _aux_Init_GetElem___macroRules_term__[_]_1 took 0.179ms
interpretation of _aux_Init_GetElem___macroRules_term__[_]'__1 took 0.172ms
interpretation of _aux_Init_GetElem___macroRules_term__[_]_?_1 took 0.113ms
interpretation of _aux_Init_GetElem___macroRules_term__[_]_!_1 took 0.103ms
interpretation of Fin._aux_Init_GetElem___macroRules_tacticGet_elem_tactic_extensible_1 took 0.144ms
interpretation of _aux_Init_Data_Array_Basic___macroRules_term#[_,]_1 took 0.114ms
interpretation of Lean._aux_Init_Meta___macroRules_Lean_Parser_Syntax_addPrec_1 took 0.111ms
interpretation of Lean._aux_Init_Meta___macroRules_Lean_Parser_Syntax_subPrec_1 took 0.112ms
interpretation of Lean._aux_Init_Meta___macroRules_Lean_termEval_prec__1 took 0.105ms
interpretation of Lean._aux_Init_Meta___macroRules_Lean_Parser_Syntax_addPrio_1 took 0.108ms
interpretation of Lean._aux_Init_Meta___macroRules_Lean_Parser_Syntax_subPrio_1 took 0.107ms
interpretation of Lean._aux_Init_Meta___macroRules_Lean_termEval_prio__1 took 0.109ms
interpretation of Lean.Parser.Tactic._aux_Init_Meta___macroRules_Lean_Parser_Tactic_tacticErw____1 took 0.119ms
interpretation of Lean.Parser.Tactic._aux_Init_Meta___macroRules_Lean_Parser_Tactic_declareSimpLikeTactic_1 took 0.109ms
interpretation of Lean.Parser.Tactic.expandSimp._@.Init.Meta.4021577198._hygCtx._hyg.3 took 0.125ms
interpretation of Lean.Parser.Tactic.expandSimp._@.Init.Meta.3079349156._hygCtx._hyg.3 took 0.109ms
interpretation of Lean.Parser.Tactic.expandSimp._@.Init.Meta.4207919134._hygCtx._hyg.3 took 0.101ms
interpretation of Lean.Parser.Tactic._aux_Init_TacticsExtra___macroRules_Lean_Parser_Tactic_tacDepIfThenElse_1 took 0.114ms
interpretation of Lean.Parser.Tactic._aux_Init_TacticsExtra___macroRules_Lean_Parser_Tactic_tacIfThenElse_1 took 0.112ms
interpretation of Lean.Parser.Tactic._aux_Init_TacticsExtra___macroRules_Lean_Parser_Tactic_tacticIterate_____1 took 0.113ms
interpretation of Lean.Parser.Tactic._aux_Init_TacticsExtra___macroRules_Lean_Parser_Tactic_tacticRw_mod_cast____1 took 0.112ms
interpretation of Lean.Parser.Tactic._aux_Init_TacticsExtra___macroRules_Lean_Parser_Tactic_tacticExact_mod_cast__1 took 0.109ms
interpretation of Lean.Parser.Tactic._aux_Init_TacticsExtra___macroRules_Lean_Parser_Tactic_tacticApply_mod_cast__1 took 0.12ms
interpretation of _aux_Init_ByCases___macroRules_tacticBy_cases_:__1 took 0.107ms
interpretation of _aux_Init_ByCases___macroRules_tacticBy_cases_:__2 took 0.0932ms
interpretation of Lean.Parser.Tactic.Conv._aux_Init_Conv___macroRules_Lean_Parser_Tactic_Conv_convRfl_1 took 0.138ms
interpretation of Lean.Parser.Tactic.Conv._aux_Init_Conv___macroRules_Lean_Parser_Tactic_Conv_convDone_1 took 0.106ms
interpretation of Lean.Parser.Tactic.Conv._aux_Init_Conv___macroRules_Lean_Parser_Tactic_Conv_convTrace_state_1 took 0.111ms
interpretation of Lean.Parser.Tactic.Conv._aux_Init_Conv___macroRules_Lean_Parser_Tactic_Conv_allGoals_1 took 0.11ms
interpretation of Lean.Parser.Tactic.Conv._aux_Init_Conv___macroRules_Lean_Parser_Tactic_Conv_anyGoals_1 took 0.102ms
interpretation of Lean.Parser.Tactic.Conv._aux_Init_Conv___macroRules_Lean_Parser_Tactic_Conv_case_1 took 0.137ms
interpretation of Lean.Parser.Tactic.Conv._aux_Init_Conv___macroRules_Lean_Parser_Tactic_Conv_case'_1 took 0.112ms
interpretation of Lean.Parser.Tactic.Conv._aux_Init_Conv___macroRules_Lean_Parser_Tactic_Conv_convNext__=>__1 took 0.114ms
interpretation of Lean.Parser.Tactic.Conv._aux_Init_Conv___macroRules_Lean_Parser_Tactic_Conv_focus_1 took 0.109ms
interpretation of Lean.Parser.Tactic.Conv._aux_Init_Conv___macroRules_Lean_Parser_Tactic_Conv_conv·__1 took 0.109ms
interpretation of Lean.Parser.Tactic.Conv._aux_Init_Conv___macroRules_Lean_Parser_Tactic_Conv_failIfSuccess_1 took 0.109ms
interpretation of Lean.Parser.Tactic.Conv._aux_Init_Conv___macroRules_Lean_Parser_Tactic_Conv_convRw___1 took 0.101ms
interpretation of Lean.Parser.Tactic.Conv._aux_Init_Conv___macroRules_Lean_Parser_Tactic_Conv_convErw___1 took 0.108ms
interpretation of Lean.Parser.Tactic.Conv._aux_Init_Conv___macroRules_Lean_Parser_Tactic_Conv_convArgs_1 took 0.146ms
interpretation of Lean.Parser.Tactic.Conv._aux_Init_Conv___macroRules_Lean_Parser_Tactic_Conv_convLeft_1 took 0.136ms
interpretation of Lean.Parser.Tactic.Conv._aux_Init_Conv___macroRules_Lean_Parser_Tactic_Conv_convRight_1 took 0.117ms
interpretation of Lean.Parser.Tactic.Conv._aux_Init_Conv___macroRules_Lean_Parser_Tactic_Conv_convIntro____1 took 0.109ms
interpretation of Lean.Parser.Tactic.Conv._aux_Init_Conv___macroRules_Lean_Parser_Tactic_Conv_convApply__1 took 0.103ms
interpretation of Lean.Parser.Tactic.Conv._aux_Init_Conv___macroRules_Lean_Parser_Tactic_Conv_convTry__1 took 0.136ms
interpretation of Lean.Parser.Tactic.Conv._aux_Init_Conv___macroRules_Lean_Parser_Tactic_Conv_conv_<;>__1 took 0.11ms
interpretation of Lean.Parser.Tactic.Conv._aux_Init_Conv___macroRules_Lean_Parser_Tactic_Conv_convRepeat__1 took 0.172ms
interpretation of Lean._aux_Init_NotationExtra___macroRules_Lean_command__Unif_hint____Where_|_-⊢___1 took 0.175ms
interpretation of _aux_Init_NotationExtra___macroRules_term∃_,__1 took 0.1ms
interpretation of _aux_Init_NotationExtra___macroRules_termExists_,__1 took 0.103ms
interpretation of _aux_Init_NotationExtra___macroRules_termΣ_,__1 took 0.126ms
interpretation of _aux_Init_NotationExtra___macroRules_termΣ'_,__1 took 0.105ms
interpretation of _aux_Init_NotationExtra___macroRules_term_×__1_1 took 0.101ms
interpretation of _aux_Init_NotationExtra___macroRules_term_×'__1_1 took 0.1ms
interpretation of Lean._aux_Init_NotationExtra___macroRules_Lean_convCalc__1 took 0.106ms
interpretation of _aux_Init_NotationExtra___macroRules_tacticFunext____1 took 0.134ms
interpretation of _aux_Init_NotationExtra___macroRules_term%[_|_]_1 took 0.155ms
interpretation of _aux_Init_NotationExtra___macroRules_Lean_Parser_Command_classAbbrev_1 took 0.174ms
interpretation of Lean._aux_Init_NotationExtra___macroRules_Lean_solveTactic_1 took 0.16ms
interpretation of Lean._aux_Init_NotationExtra___macroRules_Lean_term_Matches_|_1 took 0.175ms
interpretation of _aux_Init_NotationExtra___macroRules_term{_}_1 took 0.158ms
interpretation of Lean.Elab.Tactic.Ext._aux_Init_Ext___macroRules_Lean_Elab_Tactic_Ext_tacticExt1____1 took 0.186ms
interpretation of Bool._aux_Init_Data_Bool___macroRules_Bool_term_^^__1 took 0.193ms
interpretation of DerivingHelpers._aux_Init_LawfulBEqTactics___macroRules_DerivingHelpers_tacticDeriving_ReflEq_tactic_1 took 0.214ms
interpretation of _aux_Init_LawfulBEqTactics___macroRules_tacticDeriving_LawfulEq_tactic_step_1 took 0.178ms
interpretation of _aux_Init_LawfulBEqTactics___macroRules_tacticDeriving_LawfulEq_tactic_step_2 took 0.215ms
interpretation of _aux_Init_LawfulBEqTactics___macroRules_tacticDeriving_LawfulEq_tactic_step_3 took 0.205ms
interpretation of _aux_Init_LawfulBEqTactics___macroRules_tacticDeriving_LawfulEq_tactic_step_4 took 0.183ms
interpretation of _aux_Init_LawfulBEqTactics___macroRules_tacticDeriving_LawfulEq_tactic_step_5 took 0.201ms
interpretation of _aux_Init_LawfulBEqTactics___macroRules_tacticDeriving_LawfulEq_tactic_step_6 took 0.172ms
interpretation of _aux_Init_LawfulBEqTactics___macroRules_tacticDeriving_LawfulEq_tactic_1 took 0.166ms
interpretation of _aux_Init_Data_ToString_Macro___macroRules_termS!__1 took 0.164ms
interpretation of Lean._aux_Init_BinderPredicates___macroRules_Lean_term∃__,__1 took 0.216ms
interpretation of Lean._aux_Init_BinderPredicates___macroRules_Lean_term∀__,__1 took 0.175ms
interpretation of Lean._aux_Init_BinderPredicates___macroRules_Lean_termSatisfies_binder_pred%___1 took 0.173ms
interpretation of Lean._aux_Init_BinderPredicates___macroRules_Lean_termSatisfies_binder_pred%___2 took 0.167ms
interpretation of Lean._aux_Init_BinderPredicates___macroRules_Lean_termSatisfies_binder_pred%___3 took 0.162ms
interpretation of Lean._aux_Init_BinderPredicates___macroRules_Lean_termSatisfies_binder_pred%___4 took 0.151ms
interpretation of Lean._aux_Init_BinderPredicates___macroRules_Lean_termSatisfies_binder_pred%___5 took 0.148ms
interpretation of Lean._aux_Init_BinderPredicates___macroRules_Lean_termSatisfies_binder_pred%___6 took 0.176ms
interpretation of Lean._aux_Init_BinderPredicates___macroRules_Lean_termSatisfies_binder_pred%___7 took 0.162ms
interpretation of Lean._aux_Init_BinderPredicates___macroRules_Lean_termSatisfies_binder_pred%___8 took 0.159ms
interpretation of Lean._aux_Init_BinderPredicates___macroRules_Lean_termSatisfies_binder_pred%___9 took 0.17ms
interpretation of Lean._aux_Init_BinderPredicates___macroRules_Lean_termSatisfies_binder_pred%___10 took 0.172ms
interpretation of Lean._aux_Init_BinderPredicates___macroRules_Lean_termSatisfies_binder_pred%___11 took 0.18ms
interpretation of List._aux_Init_Data_List_BasicAux___macroRules_List_tacticSizeOf_list_dec_1 took 0.261ms
interpretation of List._aux_Init_Data_List_BasicAux___macroRules_tacticDecreasing_trivial_1 took 0.18ms
interpretation of BitVec._aux_Init_Data_BitVec_Basic___macroRules_BitVec_term__#___1 took 0.175ms
interpretation of BitVec._aux_Init_Data_BitVec_Basic___macroRules_BitVec_term__#'___1 took 0.194ms
interpretation of Rat._aux_Init_Data_Rat_Basic___macroRules_Rat_term_/.__1 took 0.194ms
interpretation of _aux_Init_Data_UInt_Lemmas___macroRules_commandDeclare_uint_theorems___1 took 0.177ms
interpretation of _aux_Init_Data_UInt_Bitwise___macroRules_commandDeclare_bitwise_uint_theorems___1 took 0.178ms
interpretation of Lean.Parser._aux_Init_Grind_Propagator___macroRules_Lean_Parser_command_Builtin_grind_propagator____:=__1 took 0.151ms
interpretation of _aux_Init_Data_SInt_Lemmas___macroRules_commandDeclare_int_theorems___1 took 0.191ms
interpretation of _aux_Init_Data_SInt_Bitwise___macroRules_commandDeclare_bitwise_int_theorems___1 took 0.22ms
interpretation of Std._aux_Init_Data_Iterators_Basic___macroRules_tacticDecreasing_trivial_1 took 0.206ms
interpretation of Std._aux_Init_Data_Iterators_Basic___macroRules_tacticDecreasing_trivial_2 took 0.219ms
interpretation of Std._aux_Init_Data_Iterators_Basic___macroRules_tacticDecreasing_trivial_3 took 0.154ms
interpretation of Std._aux_Init_Data_Iterators_Basic___macroRules_tacticDecreasing_trivial_4 took 0.155ms
interpretation of String.Internal._aux_Init_Data_String_OrderInstances___macroRules_String_Internal_tacticOrder_1 took 0.145ms
interpretation of String._aux_Init_Data_String_Termination___macroRules_tacticDecreasing_trivial_1 took 0.116ms
interpretation of String._aux_Init_Data_String_Termination___macroRules_tacticDecreasing_trivial_2 took 0.108ms
interpretation of String._aux_Init_Data_String_Termination___macroRules_tacticDecreasing_trivial_3 took 0.162ms
interpretation of String._aux_Init_Data_String_Termination___macroRules_tacticDecreasing_trivial_4 took 0.164ms
interpretation of Std._aux_Init_Data_Range_Polymorphic_PRange___macroRules_Std_term_...=__1 took 0.175ms
interpretation of Std._aux_Init_Data_Range_Polymorphic_PRange___macroRules_Std_term*...=__1 took 0.162ms
interpretation of Std._aux_Init_Data_Range_Polymorphic_PRange___macroRules_Std_term_...*_1 took 0.161ms
interpretation of Std._aux_Init_Data_Range_Polymorphic_PRange___macroRules_Std_term*...*_1 took 0.156ms
interpretation of Std._aux_Init_Data_Range_Polymorphic_PRange___macroRules_Std_term_<...=__1 took 0.172ms
interpretation of Std._aux_Init_Data_Range_Polymorphic_PRange___macroRules_Std_term_<...*_1 took 0.163ms
interpretation of Std._aux_Init_Data_Range_Polymorphic_PRange___macroRules_Std_term_...<__1 took 0.163ms
interpretation of Std._aux_Init_Data_Range_Polymorphic_PRange___macroRules_Std_term_...__1 took 0.184ms
interpretation of Std._aux_Init_Data_Range_Polymorphic_PRange___macroRules_Std_term*...<__1 took 0.167ms
interpretation of Std._aux_Init_Data_Range_Polymorphic_PRange___macroRules_Std_term*...__1 took 0.167ms
interpretation of Std._aux_Init_Data_Range_Polymorphic_PRange___macroRules_Std_term_<...<__1 took 0.195ms
interpretation of Std._aux_Init_Data_Range_Polymorphic_PRange___macroRules_Std_term_<...__1 took 0.182ms
interpretation of Std._aux_Init_Data_Range_Polymorphic_Basic___macroRules_tacticGet_elem_tactic_extensible_1 took 0.168ms
interpretation of Vector._aux_Init_Data_Vector_Basic___macroRules_Vector_term#v[_,]_1 took 0.204ms
interpretation of String.Legacy.Iterator._aux_Init_Data_String_Iterator___macroRules_tacticDecreasing_trivial_1 took 0.476ms
interpretation of String.Legacy.Iterator._aux_Init_Data_String_Iterator___macroRules_tacticDecreasing_trivial_2 took 0.274ms
interpretation of Std.Legacy.Range._aux_Init_Data_Range_Basic___macroRules_Std_Legacy_Range_term[:_]_1 took 0.209ms
interpretation of Std.Legacy.Range._aux_Init_Data_Range_Basic___macroRules_Std_Legacy_Range_term[_:_]_1 took 0.209ms
interpretation of Std.Legacy.Range._aux_Init_Data_Range_Basic___macroRules_Std_Legacy_Range_term[_:_:_]_1 took 0.174ms
interpretation of Std.Legacy.Range._aux_Init_Data_Range_Basic___macroRules_Std_Legacy_Range_term[:_:_]_1 took 0.198ms
interpretation of _aux_Init_Data_Range_Basic___macroRules_tacticGet_elem_tactic_extensible_1 took 0.18ms
interpretation of Array._aux_Init_Data_Array_Subarray___macroRules_Array_term__[_:_]_1 took 0.304ms
interpretation of Array._aux_Init_Data_Array_Subarray___macroRules_Array_term__[:_]_1 took 0.361ms
interpretation of Array._aux_Init_Data_Array_Subarray___macroRules_Array_term__[_:]_1 took 0.133ms
interpretation of Std._aux_Init_Data_Slice_Notation___macroRules_term__[_]_1 took 0.167ms
interpretation of Array._aux_Init_Data_Array_Mem___macroRules_Array_tacticArray_get_dec_1 took 0.188ms
interpretation of Array._aux_Init_Data_Array_Mem___macroRules_tacticDecreasing_trivial_1 took 0.149ms
interpretation of Array._aux_Init_Data_Array_Mem___macroRules_Array_tacticArray_mem_dec_1 took 0.165ms
interpretation of Array._aux_Init_Data_Array_Mem___macroRules_tacticDecreasing_trivial_2 took 0.172ms
interpretation of Array._aux_Init_Data_Array_Perm___macroRules_Array_term_~__1 took 0.138ms
interpretation of _aux_Init_System_IO___macroRules_termPrintln!___1 took 0.151ms
interpretation of Std._aux_Init_Data_Format_Macro___macroRules_Std_termF!__1 took 0.141ms
interpretation of Vector._aux_Init_Data_Vector_Perm___macroRules_Vector_term_~__1 took 0.129ms
interpretation of _aux_Init_Data_Range_Polymorphic_GetElemTactic___macroRules_tacticGet_elem_tactic_extensible_1 took 0.19ms
interpretation of Lean.Parser._aux_Init_Simproc___macroRules_Lean_Parser_command_Simproc_decl_(_):=__1 took 0.156ms
interpretation of Lean.Parser._aux_Init_Simproc___macroRules_Lean_Parser_command_Dsimproc_decl_(_):=__1 took 0.205ms
interpretation of Lean.Parser._aux_Init_Simproc___macroRules_Lean_Parser_command_Builtin_simproc_decl_(_):=__1 took 0.123ms
interpretation of Lean.Parser._aux_Init_Simproc___macroRules_Lean_Parser_command_Builtin_dsimproc_decl_(_):=__1 took 0.124ms
interpretation of Lean.Parser._aux_Init_Simproc___macroRules_Lean_Parser_command__Simproc__[_]_(_):=__1 took 0.119ms
interpretation of Lean.Parser._aux_Init_Simproc___macroRules_Lean_Parser_command__Dsimproc__[_]_(_):=__1 took 0.129ms
interpretation of Lean.Parser._aux_Init_Simproc___macroRules_Lean_Parser_command__Builtin_simproc__[_]_(_):=__1 took 0.128ms
interpretation of Lean.Parser._aux_Init_Simproc___macroRules_Lean_Parser_command__Builtin_dsimproc__[_]_(_):=__1 took 0.114ms
interpretation of Lean.Parser._aux_Init_CbvSimproc___macroRules_Lean_Parser_command_Cbv_simproc_decl_(_):=__1 took 0.137ms
interpretation of Lean.Parser._aux_Init_CbvSimproc___macroRules_Lean_Parser_command_Builtin_cbv_simproc_decl_(_):=__1 took 0.139ms
interpretation of Lean.Parser._aux_Init_CbvSimproc___macroRules_Lean_Parser_command__Cbv_simproc____(_):=__1 took 0.13ms
interpretation of Lean.Parser._aux_Init_CbvSimproc___macroRules_Lean_Parser_command__Builtin_cbv_simproc____(_):=__1 took 0.129ms
interpretation of Lean._aux_Init_MacroTrace___macroRules_Lean_termMacro.trace[_]__1 took 0.171ms
interpretation of Lean.Order._aux_Init_Internal_Order_Basic___macroRules_Lean_Order_term_⊑__1 took 0.149ms
interpretation of Lean.Order._aux_Init_Internal_Order_Basic___macroRules_Lean_Order_term⊥_1 took 0.156ms
interpretation of _aux_Init_Try___macroRules_tactic∎_1 took 0.142ms
interpretation of _aux_Init_Try___macroRules_term∎_1 took 0.136ms
interpretation of Std.DHashMap.Raw._aux_Std_Data_DHashMap_Raw___macroRules_Std_DHashMap_Raw_term_~m__1 took 0.183ms
interpretation of Std.DHashMap._aux_Std_Data_DHashMap_Basic___macroRules_Std_DHashMap_term_~m__1 took 0.165ms
interpretation of Std.HashMap._aux_Std_Data_HashMap_Basic___macroRules_Std_HashMap_term_~m__1 took 0.185ms
interpretation of Std.HashSet._aux_Std_Data_HashSet_Basic___macroRules_Std_HashSet_term_~m__1 took 0.148ms
interpretation of Std.DTreeMap.Internal.Impl._aux_Std_Data_DTreeMap_Internal_Balancing___macroRules_Std_DTreeMap_Internal_Impl_tacticTree_tac_1 took 0.151ms
interpretation of Std.DTreeMap.Internal.Impl._aux_Std_Data_DTreeMap_Internal_Balancing___macroRules_Std_DTreeMap_Internal_Impl_term✓_1 took 0.109ms
interpretation of Std.DTreeMap.Internal.Impl._aux_Std_Data_DTreeMap_Internal_Queries___macroRules_Std_DTreeMap_Internal_Impl_term_~m__1 took 0.122ms
interpretation of Std.DTreeMap._aux_Std_Data_DTreeMap_Basic___macroRules_Std_DTreeMap_term_~m__1 took 0.164ms
interpretation of Std.TreeMap._aux_Std_Data_TreeMap_Basic___macroRules_Std_TreeMap_term_~m__1 took 0.139ms
interpretation of Std.TreeSet._aux_Std_Data_TreeSet_Basic___macroRules_Std_TreeSet_term_~m__1 took 0.169ms
interpretation of Std.HashMap.Raw._aux_Std_Data_HashMap_Raw___macroRules_Std_HashMap_Raw_term_~m__1 took 0.176ms
interpretation of Lean.Option._aux_Lean_Data_Options___macroRules_Lean_Option_registerBuiltinOption_1 took 0.189ms
interpretation of Lean.Option._aux_Lean_Data_Options___macroRules_Lean_Option_registerOption_1 took 0.171ms
interpretation of Std.DTreeMap.Raw._aux_Std_Data_DTreeMap_Raw_Basic___macroRules_Std_DTreeMap_Raw_term_~m__1 took 0.168ms
interpretation of Std.TreeMap.Raw._aux_Std_Data_TreeMap_Raw_Basic___macroRules_Std_TreeMap_Raw_term_~m__1 took 0.266ms
interpretation of Lean._aux_Lean_Message___macroRules_Lean_termM!__1 took 0.178ms
interpretation of Lean._aux_Lean_Exception___macroRules_Lean_termThrowError___1 took 0.185ms
interpretation of Lean._aux_Lean_Exception___macroRules_Lean_termThrowErrorAt_____1 took 0.168ms
interpretation of Lean._aux_Lean_Util_Trace___macroRules_Lean_doElemTrace[_]___1 took 0.18ms
interpretation of Lean.Compiler._aux_Lean_Compiler_LCNF_Types___macroRules_Lean_Compiler_term◾_1 took 0.205ms
interpretation of Lean.Compiler.LCNF._aux_Lean_Compiler_LCNF_Basic___macroRules_Lean_Compiler_LCNF_tacticPurity_tac_1 took 1.27ms
interpretation of Lean.PrettyPrinter.Delaborator._aux_Lean_PrettyPrinter_Delaborator_Basic___macroRules_Lean_PrettyPrinter_Delaborator_attrApp_delab__1 took 0.19ms
interpretation of Lean._aux_Lean_Parser_Extra___macroRules_Lean_termRegister_parser_alias(Kind:=_)_______1 took 0.174ms
interpretation of Lean.Json._aux_Lean_Data_Json_Elab___macroRules_Lean_Json_termJson%__1 took 0.199ms
interpretation of Std.Time._aux_Std_Time_Notation_Spec___macroRules_Std_Time_termDatespec(_)_1 took 0.735ms
interpretation of Std.Time._aux_Std_Time_Notation_Spec___macroRules_Std_Time_termDatespec(_,_)_1 took 0.13ms
interpretation of expandLemma took 0.593ms
interpretation of Lean._aux_Lean_Meta_Tactic_Simp_BuiltinSimprocs_UInt___macroRules_Lean_commandDeclare_uint_simprocs__1 took 0.144ms
interpretation of Lean._aux_Lean_Meta_Tactic_Simp_BuiltinSimprocs_SInt___macroRules_Lean_commandDeclare_sint_simprocs__1 took 0.117ms
interpretation of Lean.Meta.Simp._aux_Lean_Meta_Tactic_Simp_RegisterCommand___macroRules_Lean_Meta_Simp__root__Lean_Parser_Command_registerSimpAttr_1 took 0.113ms
interpretation of Batteries.Tactic._aux_Batteries_Tactic_Unreachable___macroRules_Batteries_Tactic_unreachableConv_1 took 0.792ms
interpretation of Batteries.Tactic._aux_Batteries_Tactic_HelpCmd___macroRules_Batteries_Tactic_command#help_Term+_____1 took 0.54ms
interpretation of Batteries.Tactic._aux_Batteries_Tactic_HelpCmd___macroRules_Batteries_Tactic_command#help_Tactic+_____1 took 0.539ms
interpretation of Batteries.Tactic._aux_Batteries_Tactic_HelpCmd___macroRules_Batteries_Tactic_command#help_Conv+_____1 took 0.59ms
interpretation of Batteries.Tactic._aux_Batteries_Tactic_HelpCmd___macroRules_Batteries_Tactic_command#help_Command+_____1 took 0.548ms
interpretation of Batteries.Tactic._aux_Batteries_Tactic_Trans___macroRules_Batteries_Tactic_tacticTransitivity____1 took 0.767ms
interpretation of Mathlib.Tactic.ToAdditive._aux_Mathlib_Tactic_Translate_ToAdditive___macroRules_Mathlib_Tactic_ToAdditive_attrTo_additive?__1 took 0.643ms
interpretation of Lean.Parser.Attr._aux_Mathlib_Tactic_Simps_Basic___macroRules_Lean_Parser_Attr_attrSimps?__1 took 1.2ms
interpretation of Lean.Parser.Attr._aux_Mathlib_Tactic_Simps_Basic___macroRules_Lean_Parser_Attr_attrSimps!__1 took 1.13ms
interpretation of Lean.Parser.Attr._aux_Mathlib_Tactic_Simps_Basic___macroRules_Lean_Parser_Attr_attrSimps!?__1 took 1.14ms
interpretation of Lean.Parser.Attr._aux_Mathlib_Tactic_Simps_Basic___macroRules_Lean_Parser_Attr_attrSimps?!__1 took 1.1ms
interpretation of Lean.Parser.Command._aux_Mathlib_Tactic_Simps_Basic___macroRules_Lean_Parser_Command_commandInitialize_simps_projections?__1 took 0.549ms
interpretation of _aux_Mathlib_Data_Nat_Notation___macroRules_termℕ_1 took 1.09ms
interpretation of _aux_Mathlib_Data_Int_Notation___macroRules_termℤ_1 took 1.14ms
interpretation of _aux_Mathlib_Tactic_OfNat___macroRules_termOfNat(_)_1 took 1.32ms
interpretation of Lean._aux_Lean_LabelAttribute___macroRules_Lean__root__Lean_Parser_Command_registerLabelAttr_1 took 0.235ms
interpretation of Batteries.Tactic._aux_Batteries_Tactic_SeqFocus___macroRules_Batteries_Tactic_seq_focus_1 took 1.2ms
interpretation of _aux_Mathlib_Algebra_Notation_Defs___macroRules_term_+ᵥ__1 took 1.43ms
interpretation of _aux_Mathlib_Algebra_Notation_Defs___macroRules_term_-ᵥ__1 took 1.33ms
interpretation of _aux_Mathlib_Algebra_Notation_Defs___macroRules_term_/ₛ__1 took 1.07ms
interpretation of Std.Do._aux_Std_Do_SPred_Notation_Basic___macroRules_Std_Do_termSpred(_)_1 took 0.118ms
interpretation of Std.Do._aux_Std_Do_SPred_Notation_Basic___macroRules_Std_Do_termSpred(_)_2 took 0.132ms
interpretation of Std.Do._aux_Std_Do_SPred_Notation___macroRules_Std_Do_term⌜_⌝_1 took 0.153ms
interpretation of Std.Do._aux_Std_Do_SPred_Notation___macroRules_Std_Do_term_⊢ₛ__1 took 0.11ms
interpretation of Std.Do._aux_Std_Do_SPred_Notation___macroRules_Std_Do_termSpred(_)_1 took 0.0935ms
interpretation of Std.Do._aux_Std_Do_SPred_Notation___macroRules_Std_Do_term⊢ₛ__1 took 0.0939ms
interpretation of Std.Do._aux_Std_Do_SPred_Notation___macroRules_Std_Do_term_⊣⊢ₛ__1 took 0.116ms
interpretation of Std.Do._aux_Std_Do_PostCond___macroRules_Std_Do_term_⊢ₑ__1 took 0.104ms
interpretation of Std.Do._aux_Std_Do_PostCond___macroRules_Std_Do_term_∧ₑ__1 took 0.124ms
interpretation of Std.Do._aux_Std_Do_PostCond___macroRules_Std_Do_term_→ₑ__1 took 0.15ms
interpretation of Std.Do._aux_Std_Do_PostCond___macroRules_Std_Do_termPost⟨_,,⟩_1 took 0.181ms
interpretation of Std.Do._aux_Std_Do_PostCond___macroRules_Std_Do_term_⇓_=>__1 took 0.106ms
interpretation of Std.Do._aux_Std_Do_PostCond___macroRules_Std_Do_term_⇓?_=>__1 took 0.117ms
interpretation of Std.Do._aux_Std_Do_PostCond___macroRules_Std_Do_term_⊢ₚ__1 took 0.137ms
interpretation of Std.Do._aux_Std_Do_PostCond___macroRules_Std_Do_term_∧ₚ__1 took 0.105ms
interpretation of Std.Do._aux_Std_Do_PostCond___macroRules_Std_Do_term_→ₚ__1 took 0.147ms
interpretation of Std.Do._aux_Std_Do_WP_Basic___macroRules_Std_Do_termWp⟦_:_⟧_1 took 0.124ms
interpretation of Lean.Parser.Tactic._aux_Std_Tactic_Do_Syntax___macroRules_Lean_Parser_Tactic_mclearError_1 took 0.161ms
interpretation of Lean.Parser.Tactic._aux_Std_Tactic_Do_Syntax___macroRules_Lean_Parser_Tactic_mexactError_1 took 0.188ms
interpretation of Lean.Parser.Tactic._aux_Std_Tactic_Do_Syntax___macroRules_Lean_Parser_Tactic_mexistsError_1 took 0.166ms
interpretation of Lean.Parser.Tactic._aux_Std_Tactic_Do_Syntax___macroRules_Lean_Parser_Tactic_mhaveError_1 took 0.164ms
interpretation of Lean.Parser.Tactic._aux_Std_Tactic_Do_Syntax___macroRules_Lean_Parser_Tactic_mreplaceError_1 took 0.178ms
interpretation of Lean.Parser.Tactic._aux_Std_Tactic_Do_Syntax___macroRules_Lean_Parser_Tactic_mpureError_1 took 0.169ms
interpretation of Lean.Parser.Tactic._aux_Std_Tactic_Do_Syntax___macroRules_Lean_Parser_Tactic_mrenameIError_1 took 0.187ms
interpretation of Lean.Parser.Tactic._aux_Std_Tactic_Do_Syntax___macroRules_Lean_Parser_Tactic_mspecializeError_1 took 0.19ms
interpretation of Lean.Parser.Tactic._aux_Std_Tactic_Do_Syntax___macroRules_Lean_Parser_Tactic_mspecializePureError_1 took 0.202ms
interpretation of Lean.Parser.Tactic._aux_Std_Tactic_Do_Syntax___macroRules_Lean_Parser_Tactic_mleave_1 took 0.156ms
interpretation of Lean.Parser.Tactic._aux_Std_Tactic_Do_Syntax___macroRules_Lean_Parser_Tactic_mcasesPat%__1 took 0.151ms
interpretation of Lean.Parser.Tactic._aux_Std_Tactic_Do_Syntax___macroRules_Lean_Parser_Tactic_mcasesPat#__1 took 0.157ms
interpretation of Lean.Parser.Tactic._aux_Std_Tactic_Do_Syntax___macroRules_Lean_Parser_Tactic_mcasesError_1 took 0.14ms
interpretation of Lean.Parser.Tactic._aux_Std_Tactic_Do_Syntax___macroRules_Lean_Parser_Tactic_mrefinePat%__1 took 0.178ms
interpretation of Lean.Parser.Tactic._aux_Std_Tactic_Do_Syntax___macroRules_Lean_Parser_Tactic_mrefinePat#__1 took 0.167ms
interpretation of Lean.Parser.Tactic._aux_Std_Tactic_Do_Syntax___macroRules_Lean_Parser_Tactic_mrefineError_1 took 0.123ms
interpretation of Lean.Parser.Tactic._aux_Std_Tactic_Do_Syntax___macroRules_Lean_Parser_Tactic_mintroError_1 took 0.109ms
interpretation of Lean.Parser.Tactic._aux_Std_Tactic_Do_Syntax___macroRules_Lean_Parser_Tactic_mintro_1 took 0.106ms
interpretation of Lean.Parser.Tactic._aux_Std_Tactic_Do_Syntax___macroRules_Lean_Parser_Tactic_mrevertError_1 took 0.121ms
interpretation of Lean.Parser.Tactic._aux_Std_Tactic_Do_Syntax___macroRules_Lean_Parser_Tactic_mrevert_1 took 0.0983ms
interpretation of Lean.Parser.Tactic._aux_Std_Tactic_Do_Syntax___macroRules_Lean_Parser_Tactic_mspecNoSimp_1 took 0.106ms
interpretation of Lean.Parser.Tactic._aux_Std_Tactic_Do_Syntax___macroRules_Lean_Parser_Tactic_mspec_1 took 0.101ms
interpretation of Lean.Parser.Tactic._aux_Std_Tactic_Do_Syntax___macroRules_Lean_Parser_Tactic_tacticMvcgen_trivial_1 took 0.134ms
interpretation of Mathlib.Tactic._aux_Mathlib_Tactic_Core___macroRules_Mathlib_Tactic_tacticRepeat1__1 took 0.896ms
interpretation of _aux_Mathlib_Tactic_Spread___macroRules_Lean_Parser_Term_structInst_1 took 1.46ms
interpretation of _aux_Mathlib_Data_Rat_Init___macroRules_termℚ_1 took 1.19ms
interpretation of _aux_Mathlib_Data_Rat_Init___macroRules_termℚ≥0_1 took 1.27ms
interpretation of Function._aux_Mathlib_Logic_Function_Defs___macroRules_Function_term_∘'__1 took 1.16ms
interpretation of Function._aux_Mathlib_Logic_Function_Defs___macroRules_Function_term_On__1 took 1.26ms
interpretation of Mathlib.Notation._aux_Mathlib_Basic_ExistsUnique___macroRules_Mathlib_Notation_term∃!_,__1 took 1.18ms
interpretation of Mathlib.Notation._aux_Mathlib_Basic_ExistsUnique___macroRules_Mathlib_Notation_term∃!__,__1 took 1.21ms
interpretation of Batteries.ExtendedBinder._aux_Batteries_Util_ExtendedBinder___macroRules_Batteries_ExtendedBinder_term∃ᵉ_,__1 took 0.943ms
interpretation of Batteries.ExtendedBinder._aux_Batteries_Util_ExtendedBinder___macroRules_Batteries_ExtendedBinder_term∃ᵉ_,__2 took 0.992ms
interpretation of Batteries.ExtendedBinder._aux_Batteries_Util_ExtendedBinder___macroRules_Batteries_ExtendedBinder_term∀ᵉ_,__1 took 0.798ms
interpretation of Batteries.ExtendedBinder._aux_Batteries_Util_ExtendedBinder___macroRules_Batteries_ExtendedBinder_term∀ᵉ_,__2 took 0.887ms
interpretation of Mathlib.Meta.SetNotationForOrder._aux_Mathlib_Tactic_SetNotationForOrder___macroRules_Lean_termSatisfies_binder_pred%___1 took 0.969ms
interpretation of Mathlib.Meta.SetNotationForOrder._aux_Mathlib_Tactic_SetNotationForOrder___macroRules_Lean_termSatisfies_binder_pred%___2 took 1.28ms
interpretation of Mathlib.Meta.SetNotationForOrder._aux_Mathlib_Tactic_SetNotationForOrder___macroRules_Lean_termSatisfies_binder_pred%___3 took 1.13ms
interpretation of Mathlib.Meta.SetNotationForOrder._aux_Mathlib_Tactic_SetNotationForOrder___macroRules_Lean_termSatisfies_binder_pred%___4 took 0.805ms
interpretation of Mathlib.Tactic.ToDual._aux_Mathlib_Tactic_Translate_ToDual___macroRules_Mathlib_Tactic_ToDual_attrTo_dual?__1 took 0.661ms
interpretation of Mathlib.Meta._aux_Mathlib_Data_Set_Defs___macroRules_Mathlib_Meta_term{_|_}_1 took 1.37ms
interpretation of Mathlib.Meta._aux_Mathlib_Data_Set_Defs___macroRules_Mathlib_Meta_macroPattSetBuilder_1 took 1.38ms
interpretation of Mathlib.Meta._aux_Mathlib_Data_Set_Defs___macroRules_Mathlib_Meta_term{_|_}_1_1 took 1.48ms
interpretation of Set._aux_Mathlib_Data_Set_Defs___macroRules_Set_term𝒫__1 took 1.28ms
interpretation of Batteries.Tactic._aux_Batteries_Tactic_Init___macroRules_Batteries_Tactic_tactic__1 took 1.27ms
interpretation of Batteries.Tactic._aux_Batteries_Tactic_Init___macroRules_Batteries_Tactic_tacticBy_contra_core_1 took 1.17ms
interpretation of Batteries.Tactic._aux_Batteries_Tactic_Init___macroRules_Batteries_Tactic_byContra_1 took 0.959ms
interpretation of Batteries.Tactic._aux_Batteries_Tactic_Init___macroRules_Batteries_Tactic_tacticAbsurd__1 took 0.916ms
interpretation of Batteries.Tactic._aux_Batteries_Tactic_Init___macroRules_Batteries_Tactic_tacticSplit_ands_1 took 1.25ms
interpretation of Batteries.Tactic._aux_Batteries_Tactic_Init___macroRules_Batteries_Tactic_Conv_exact_1 took 1.37ms
interpretation of Function._aux_Mathlib_Logic_Function_Basic___macroRules_Function_term↿__1 took 1.5ms
interpretation of _aux_Mathlib_Logic_Function_Iterate___macroRules_term_^[_]_1 took 1.44ms
interpretation of _aux_Mathlib_Algebra_Group_Hom_Defs___macroRules_term_→ₙ+__1 took 1.4ms
interpretation of _aux_Mathlib_Algebra_Group_Hom_Defs___macroRules_term_→+__1 took 1.1ms
interpretation of _aux_Mathlib_Algebra_Group_Hom_Defs___macroRules_term_→ₙ*__1 took 1.08ms
interpretation of _aux_Mathlib_Algebra_Group_Hom_Defs___macroRules_term_→*__1 took 0.917ms
interpretation of Relator._aux_Mathlib_Logic_Relator___macroRules_Relator_term_⇒__1 took 1.28ms
interpretation of Mathlib.Tactic._aux_Mathlib_Tactic_Use___macroRules_Mathlib_Tactic_tacticUse_discharger_1 took 1.1ms
interpretation of Mathlib.Tactic._aux_Mathlib_Tactic_Use___macroRules_Mathlib_Tactic_tacticUse_discharger_2 took 0.939ms
interpretation of Mathlib.Tactic._aux_Mathlib_Tactic_Use___macroRules_Mathlib_Tactic_tacticUse_discharger_3 took 1.3ms
interpretation of Mathlib.Tactic._aux_Mathlib_Tactic_Use___macroRules_Mathlib_Tactic_tacticUse_discharger_4 took 1.61ms
interpretation of Mathlib.Tactic._aux_Mathlib_Tactic_Use___macroRules_Mathlib_Tactic_tacticUse_discharger_5 took 0.994ms
interpretation of Mathlib.Tactic._aux_Mathlib_Tactic_ScopedNS___macroRules_Mathlib_Tactic_scopedNS_1 took 1.35ms
interpretation of Mathlib.Notation3._aux_Mathlib_Util_Notation3___macroRules_Mathlib_Notation3_termExpand_binders%(_=>_)_,__1 took 0.953ms
interpretation of Mathlib.Notation3._aux_Mathlib_Util_Notation3___macroRules_Mathlib_Notation3_termExpand_binders%(_=>_)_,__2 took 0.723ms
interpretation of Mathlib.Notation3._aux_Mathlib_Util_Notation3___macroRules_Mathlib_Notation3_expandFoldl_1 took 0.972ms
interpretation of Mathlib.Notation3._aux_Mathlib_Util_Notation3___macroRules_Mathlib_Notation3_expandFoldr_1 took 0.883ms
interpretation of Mathlib.Notation3._aux_Mathlib_Util_Notation3___macroRules_Mathlib_Tactic_scopedNS_1 took 0.856ms
interpretation of Quotient._aux_Mathlib_Data_Quot___macroRules_Quotient_term⟦_⟧_1 took 0.833ms
interpretation of _aux_Mathlib_Logic_Equiv_Defs___macroRules_term_≃__1 took 0.776ms
interpretation of _aux_Mathlib_Algebra_Group_Equiv_Defs___macroRules_term_≃*__1 took 0.907ms
interpretation of _aux_Mathlib_Algebra_Group_Equiv_Defs___macroRules_term_≃+__1 took 0.876ms
interpretation of Aesop._aux_Aesop_Tracing___macroRules_Aesop_doElemAesop_trace![_]___1 took 0.921ms
interpretation of Aesop._aux_Aesop_Tracing___macroRules_Aesop_doElemAesop_trace[_]___1 took 1.36ms
interpretation of Batteries.Tactic._aux_Batteries_Tactic_PermuteGoals___macroRules_Batteries_Tactic_tacticSwap_1 took 1.51ms
interpretation of Aesop._aux_Aesop_Exception___macroRules_Aesop_commandDeclare_aesop_exception____1 took 0.876ms
interpretation of Aesop.Frontend._aux_Aesop_Frontend_Saturate___macroRules_Aesop_Frontend_tacticForward_____1 took 0.857ms
interpretation of Aesop.Frontend._aux_Aesop_Frontend_Saturate___macroRules_Aesop_Frontend_tacticForward?_____1 took 0.911ms
interpretation of Lean.Elab.Term.Quotation._aux_Lean_Elab_Quotation___macroRules_Lean_Elab_Term_Quotation_commandElab_stx_quot__1 took 0.178ms
interpretation of Mathlib.Tactic._aux_Mathlib_Tactic_Convert___macroRules_Mathlib_Tactic_convert!_1 took 0.965ms
interpretation of Mathlib.Tactic._aux_Mathlib_Tactic_Convert___macroRules_Mathlib_Tactic_convert_to!_1 took 1.47ms
interpretation of Mathlib.Tactic._aux_Mathlib_Tactic_Convert___macroRules_Mathlib_Tactic_acChange_1 took 1.14ms
interpretation of Mathlib.Tactic._aux_Mathlib_Tactic_Convert___macroRules_Mathlib_Tactic_acChange!_1 took 1.65ms
interpretation of Mathlib.Tactic.Conv._aux_Mathlib_Tactic_Conv___macroRules_Mathlib_Tactic_Conv_convLHS_1 took 1.64ms
interpretation of Mathlib.Tactic.Conv._aux_Mathlib_Tactic_Conv___macroRules_Mathlib_Tactic_Conv_convRHS_1 took 1.64ms
interpretation of Mathlib.Tactic.Conv._aux_Mathlib_Tactic_Conv___macroRules_Mathlib_Tactic_Conv_convRun_conv__1 took 1.84ms
interpretation of Mathlib.Tactic.Conv._aux_Mathlib_Tactic_Conv___macroRules_Mathlib_Tactic_Conv_convConvIn__=>__1 took 1.46ms
interpretation of Mathlib.Tactic.Conv._aux_Mathlib_Tactic_Conv___macroRules_Mathlib_Tactic_Conv_convRefine__1 took 1.57ms
interpretation of Mathlib.Tactic.Conv._aux_Mathlib_Tactic_Conv___macroRules_Mathlib_Tactic_Conv_withReducible_1 took 1.02ms
interpretation of Mathlib.Tactic.Conv._aux_Mathlib_Tactic_Conv___macroRules_Mathlib_Tactic_Conv_command#whnf__1 took 0.85ms
interpretation of Mathlib.Tactic.Conv._aux_Mathlib_Tactic_Conv___macroRules_Mathlib_Tactic_Conv_command#whnfR__1 took 0.745ms
interpretation of Mathlib.Tactic.Conv._aux_Mathlib_Tactic_Conv___macroRules_Mathlib_Tactic_Conv_command#simpOnly_=>___1 took 0.579ms
interpretation of Mathlib.Tactic.Push._aux_Mathlib_Tactic_Push___macroRules_Mathlib_Tactic_Push_pushCommand_1 took 0.907ms
interpretation of Mathlib.Tactic.Push._aux_Mathlib_Tactic_Push___macroRules_Mathlib_Tactic_Push_pullCommand_1 took 1.01ms
interpretation of Mathlib.Tactic.Contrapose._aux_Mathlib_Tactic_Contrapose___macroRules_Mathlib_Tactic_Contrapose_contrapose_1 took 1.02ms
interpretation of Mathlib.Tactic.Contrapose._aux_Mathlib_Tactic_Contrapose___macroRules_Mathlib_Tactic_Contrapose_contrapose!_1 took 0.879ms
interpretation of _aux_Mathlib_Algebra_Opposites___macroRules_term_ᵐᵒᵖ_1 took 1.19ms
interpretation of _aux_Mathlib_Algebra_Opposites___macroRules_term_ᵃᵒᵖ_1 took 0.854ms
interpretation of _aux_Mathlib_Data_SProd___macroRules_term_×ˢ__1 took 1.12ms
interpretation of _aux_Mathlib_Data_SProd___macroRules_term_×ˢ__2 took 0.77ms
interpretation of Qq._aux_Qq_Macro___macroRules_Qq_term_=QL__1 took 0.79ms
interpretation of Qq._aux_Qq_Macro___macroRules_Qq_termQ(__)_1 took 0.825ms
interpretation of Qq._aux_Qq_Macro___macroRules_Qq_termQ(__)_1_1 took 0.82ms
interpretation of Qq._aux_Qq_Macro___macroRules_Qq_term_=Q__1 took 0.776ms
interpretation of Qq.Impl._aux_Qq_Macro___macroRules_Qq_termQ(__)_1_1 took 0.8ms
interpretation of Qq.Impl._aux_Qq_Macro___macroRules_Qq_termQ(__)_1 took 0.78ms
interpretation of Qq.Impl._aux_Qq_Match___macroRules_Lean_Parser_Term_assert_1 took 0.96ms
interpretation of Qq.Impl._aux_Qq_Match___macroRules_Lean_Parser_Term_assert_2 took 1.32ms
interpretation of Qq.Impl._aux_Qq_Match___macroRules_Qq_Impl_doElemComefrom_Do__1 took 0.986ms
interpretation of Qq._aux_Qq_Match___macroRules_Lean_Parser_Term_doLet_1 took 0.769ms
interpretation of Qq._aux_Qq_Match___macroRules_Lean_Parser_Term_doLetElse_1 took 0.786ms
interpretation of Qq._aux_Qq_Match___macroRules_Lean_Parser_Term_match_1 took 0.775ms
interpretation of Qq._aux_Qq_Match___macroRules_Lean_Parser_Term_doMatch_1 took 1.09ms
interpretation of Qq.Impl._aux_Qq_AssertInstancesCommute___macroRules_Lean_Parser_Term_assert_1 took 1.32ms
interpretation of Qq.Impl._aux_Qq_AssertInstancesCommute___macroRules_Lean_Parser_Term_assert_2 took 0.963ms
interpretation of Qq._aux_Qq_AssertInstancesCommute___macroRules_Qq_doElemAssertInstancesCommute_1 took 1.37ms
interpretation of Qq._aux_Qq_AssertInstancesCommute___macroRules_Qq_doElemAssumeInstancesCommute_1 took 0.932ms
interpretation of _aux_Mathlib_Order_Notation___macroRules_term_ᶜ_1 took 0.971ms
interpretation of _aux_Mathlib_Order_Notation___macroRules_term_⊔__1 took 1.28ms
interpretation of _aux_Mathlib_Order_Notation___macroRules_term_⊓__1 took 1.26ms
interpretation of _aux_Mathlib_Order_Notation___macroRules_term_⇨__1 took 1.14ms
interpretation of _aux_Mathlib_Order_Notation___macroRules_term￢__1 took 1.28ms
interpretation of _aux_Mathlib_Order_Notation___macroRules_term⊤_1 took 1.22ms
interpretation of _aux_Mathlib_Order_Notation___macroRules_term⊥_1 took 1.18ms
interpretation of Set._aux_Mathlib_Data_Set_Operations___macroRules_Set_term_⁻¹'__1 took 1.25ms
interpretation of Set._aux_Mathlib_Data_Set_Operations___macroRules_Set_term_''__1 took 1.05ms
interpretation of _aux_Mathlib_Algebra_Group_Units_Defs___macroRules_term_ˣ_1 took 1.18ms
interpretation of _aux_Mathlib_Algebra_Group_Units_Defs___macroRules_term_/ₚ__1 took 1.26ms
interpretation of _aux_Mathlib_Order_Defs_PartialOrder___macroRules_term_⩿__1 took 1.22ms
interpretation of _aux_Mathlib_Order_Defs_PartialOrder___macroRules_term_⋖__1 took 1.13ms
interpretation of _aux_Mathlib_Order_Defs_LinearOrder___macroRules_tacticCompareOfLessAndEq_rfl_1 took 1.27ms
interpretation of Mathlib.Elab.FastInstance._aux_Mathlib_Tactic_FastInstance___macroRules_Mathlib_Elab_FastInstance_termInferInstanceAs%__1 took 0.977ms
interpretation of _aux_Mathlib_Order_Basic___macroRules_term_⁻¹'o__1 took 1.08ms
interpretation of _aux_Mathlib_Order_OrderDual___macroRules_term_ᵒᵈ_1 took 0.99ms
interpretation of Mathlib.Tactic.ByCases._aux_Mathlib_Tactic_ByCases___macroRules_Mathlib_Tactic_ByCases_byCases!_1 took 0.971ms
interpretation of Mathlib.Tactic.Choose._aux_Mathlib_Tactic_Choose___macroRules_Mathlib_Tactic_Choose_tacticChoose!___Using__1 took 0.841ms
interpretation of Mathlib.Tactic.GRewrite._aux_Mathlib_Tactic_GRewrite_Elab___macroRules_Mathlib_Tactic_GRewrite_grwSeq_1 took 0.74ms
interpretation of Mathlib.Tactic.GRewrite._aux_Mathlib_Tactic_GRewrite_Elab___macroRules_Mathlib_Tactic_GRewrite_tacticApply_rewrite____1 took 0.723ms
interpretation of Mathlib.Tactic.GRewrite._aux_Mathlib_Tactic_GRewrite_Elab___macroRules_Mathlib_Tactic_GRewrite_applyRwSeq_1 took 0.485ms
interpretation of Mathlib.Tactic.GRewrite._aux_Mathlib_Tactic_GRewrite_Elab___macroRules_Mathlib_Tactic_GRewrite_tacticNth_grewrite______1 took 0.534ms
interpretation of Mathlib.Tactic.GRewrite._aux_Mathlib_Tactic_GRewrite_Elab___macroRules_Mathlib_Tactic_GRewrite_tacticNth_grw______1 took 0.577ms
interpretation of Function._aux_Mathlib_Logic_Embedding_Basic___macroRules_Function_term_↪__1 took 0.882ms
interpretation of _aux_Mathlib_Order_RelIso_Basic___macroRules_term_→r__1 took 0.723ms
interpretation of _aux_Mathlib_Order_RelIso_Basic___macroRules_term_↪r__1 took 0.694ms
interpretation of _aux_Mathlib_Order_RelIso_Basic___macroRules_term_≃r__1 took 0.736ms
interpretation of _aux_Mathlib_Order_Hom_Basic___macroRules_term_→o__1 took 0.971ms
interpretation of _aux_Mathlib_Order_Hom_Basic___macroRules_term_↪o__1 took 1.16ms
interpretation of _aux_Mathlib_Order_Hom_Basic___macroRules_term_≃o__1 took 1.14ms
interpretation of _aux_Mathlib_Algebra_Order_Group_Unbundled_Abs___macroRules_term|___|ₘ_1 took 1.18ms
interpretation of _aux_Mathlib_Algebra_Order_Group_Unbundled_Abs___macroRules_term|___|_1 took 1.05ms
interpretation of Ring._aux_Mathlib_Algebra_GroupWithZero_Units_Basic___macroRules_Ring_term_⁻¹ʳ_1 took 1.14ms
interpretation of Mathlib.Tactic.Bound._aux_Mathlib_Tactic_Bound_Attribute___macroRules_Mathlib_Tactic_Bound_attrBound_forward_1 took 1.27ms
interpretation of Lean.Elab.Tactic._aux_Lean_Elab_Tactic_Config___macroRules_Lean_Elab_Tactic_configElab_1 took 0.499ms
interpretation of Lean.Elab.Tactic._aux_Lean_Elab_Tactic_Config___macroRules_Lean_Elab_Tactic_commandConfigElab_1 took 0.198ms
interpretation of Batteries.Tactic._aux_Batteries_Tactic_Congr___macroRules_Batteries_Tactic_congrConfigWith_1 took 1.13ms
interpretation of Mathlib.Tactic.ByContra._aux_Mathlib_Tactic_ByContra___macroRules_Mathlib_Tactic_ByContra_byContra!_1 took 0.979ms
interpretation of symmDiff._aux_Mathlib_Order_SymmDiff___macroRules_symmDiff_term_∆__1 took 1.12ms
interpretation of symmDiff._aux_Mathlib_Order_SymmDiff___macroRules_symmDiff_term_⇔__1 took 1.13ms
interpretation of Plausible._aux_Plausible_Testable___macroRules_Plausible_command#test__1 took 1.08ms
interpretation of Batteries.Tactic._aux_Batteries_Tactic_Case___macroRules_Batteries_Tactic_casePatt_1 took 1.26ms
interpretation of List._aux_Batteries_Data_List_Basic___macroRules_List_term_<+~__1 took 1.51ms
interpretation of Mathlib.Tactic._aux_Mathlib_Tactic_Basic___macroRules_Mathlib_Tactic_tacticAssumption'_1 took 1.35ms
interpretation of ProofWidgets.Jsx._aux_ProofWidgets_Data_Html___macroRules_ProofWidgets_Jsx_term__1 took 1.55ms
interpretation of Mathlib.Tactic._aux_Mathlib_Tactic_NthRewrite___macroRules_Mathlib_Tactic_tacticNth_rewrite______1 took 1.15ms
interpretation of Mathlib.Tactic._aux_Mathlib_Tactic_NthRewrite___macroRules_Mathlib_Tactic_tacticNth_rw______1 took 1.02ms
interpretation of Std.DHashMap.Internal.Raw₀._aux_Std_Data_DHashMap_Internal_RawLemmas___macroRules_Std_DHashMap_Internal_Raw₀_tacticWf_trivial_1 took 1.28ms
interpretation of Std.DHashMap.Internal.Raw₀._aux_Std_Data_DHashMap_Internal_RawLemmas___macroRules_Std_DHashMap_Internal_Raw₀_tacticEmpty_1 took 0.179ms
interpretation of Std.DHashMap.Internal.Raw₀._aux_Std_Data_DHashMap_Internal_RawLemmas___macroRules_Std_DHashMap_Internal_Raw₀_tacticSimp_to_model[_]Using__1 took 0.135ms
interpretation of Std.DTreeMap.Internal.Impl._aux_Std_Data_DTreeMap_Internal_Lemmas___macroRules_Std_DTreeMap_Internal_Impl_tacticWf_trivial_1 took 0.133ms
interpretation of Std.DTreeMap.Internal.Impl._aux_Std_Data_DTreeMap_Internal_Lemmas___macroRules_Std_DTreeMap_Internal_Impl_tacticEmpty_1 took 0.17ms
interpretation of Std.DTreeMap.Internal.Impl._aux_Std_Data_DTreeMap_Internal_Lemmas___macroRules_Std_DTreeMap_Internal_Impl_tacticSimp_to_model[_]Using__1 took 0.21ms
interpretation of Std.TreeSet.Raw._aux_Std_Data_TreeSet_Raw_Basic___macroRules_Std_TreeSet_Raw_term_~m__1 took 0.219ms
interpretation of Std.DHashMap.Internal.Raw._aux_Std_Data_DHashMap_RawLemmas___macroRules_Std_DHashMap_Internal_Raw_tacticSimp_to_rawUsing__1 took 0.205ms
interpretation of Mathlib.Tactic._aux_Mathlib_Tactic_ExistsI___macroRules_Mathlib_Tactic_tacticExistsi_,,_1 took 1.3ms
interpretation of _aux_Mathlib_Tactic_GCongr___macroRules_Mathlib_Tactic_GCongr_tacticGcongr_discharger_1 took 0.869ms
interpretation of Lean.Meta.Sym._aux_Lean_Meta_Sym_SymM___macroRules_Lean_Meta_Sym_doElemReportIssue!___1 took 0.157ms
interpretation of Lean.Meta.Sym._aux_Lean_Meta_Sym_SymM___macroRules_Lean_Meta_Sym_doElemReportDbgIssue!___1 took 0.142ms
interpretation of Lean.Meta.Grind._aux_Lean_Meta_Tactic_Grind_RegisterCommand___macroRules_Lean_Meta_Grind__root__Lean_Parser_Command_registerGrindAttr_1 took 0.13ms
interpretation of _aux_Mathlib_Tactic_GrindAttrs___macroRules_compactnessTac_1 took 0.738ms
interpretation of _aux_Mathlib_Tactic_GrindAttrs___macroRules_tacticCompactness?__1 took 0.771ms
interpretation of _aux_Mathlib_Tactic_GrindAttrs___macroRules_closednessTac_1 took 0.759ms
interpretation of _aux_Mathlib_Tactic_GrindAttrs___macroRules_tacticClosedness?__1 took 0.746ms
interpretation of Mathlib.Linter.MinImports._aux_Mathlib_Tactic_Linter_MinImports___macroRules_Mathlib_Linter_MinImports_command#import_bumps_1 took 0.595ms
interpretation of Lean.Meta.Grind._aux_Lean_Meta_Tactic_Grind_Types___macroRules_Lean_Meta_Grind_doElemTrace_goal[_]___1 took 0.167ms
interpretation of Lean.Meta.Grind.EMatch._aux_Lean_Meta_Tactic_Grind_EMatch___macroRules_Lean_Meta_Grind_EMatch_doElemReportEMatchIssue!___1 took 0.227ms
interpretation of Mathlib.Tactic.LibrarySearch._aux_Mathlib_Tactic_Observe___macroRules_Mathlib_Tactic_LibrarySearch_tacticObserve?__:__1 took 0.976ms
interpretation of Mathlib.Tactic.LibrarySearch._aux_Mathlib_Tactic_Observe___macroRules_Mathlib_Tactic_LibrarySearch_tacticObserve?__:_Using__,,_1 took 0.595ms
interpretation of Mathlib.Tactic._aux_Mathlib_Tactic_RSuffices___macroRules_Mathlib_Tactic_rsuffices_1 took 0.91ms
interpretation of Mathlib.Tactic._aux_Mathlib_Tactic_Set___macroRules_Mathlib_Tactic_tacticSet!__1 took 1.43ms
interpretation of Mathlib.Linter.CountHeartbeats._aux_Mathlib_Util_CountHeartbeats___macroRules_Mathlib_Linter_CountHeartbeats_countHeartbeats_1 took 0.896ms
interpretation of Mathlib.WhatsNew._aux_Mathlib_Util_WhatsNew___macroRules_Mathlib_WhatsNew_oldStx_1 took 1.3ms
interpretation of _aux_Mathlib_Algebra_Divisibility_Basic___macroRules_term_∣ᵣ__1 took 1.29ms
interpretation of _aux_Mathlib_Algebra_GroupWithZero_Hom___macroRules_term_→*₀__1 took 0.982ms
interpretation of Mathlib.Tactic.TFAE._aux_Mathlib_Tactic_TFAE___macroRules_Mathlib_Tactic_TFAE_tfaeHave_1 took 0.833ms
interpretation of _aux_Mathlib_Algebra_Ring_Hom_Defs___macroRules_term_→ₙ+*__1 took 0.834ms
interpretation of _aux_Mathlib_Algebra_Ring_Hom_Defs___macroRules_term_→+*__1 took 0.959ms
interpretation of _aux_Mathlib_Data_Bracket___macroRules_term⁅_,_⁆_1 took 0.8ms
interpretation of _aux_Mathlib_Algebra_Group_Invertible_Defs___macroRules_term⅟__1 took 0.951ms
interpretation of WithZero._aux_Mathlib_Algebra_GroupWithZero_WithZero___macroRules_WithZero_term_ᵐ⁰_1 took 1.17ms
interpretation of PiNotation._aux_Mathlib_Util_Delaborators___macroRules_PiNotation_termΠ__,__1 took 0.999ms
interpretation of PiNotation.replacePiNotation took 0.7ms
interpretation of _aux_Mathlib_Order_Bounds_Basic___macroRules_tacticBddDefault_1 took 1.31ms
interpretation of _aux_Mathlib_Order_SetNotation___macroRules_term⨆_,__1 took 1.37ms
interpretation of _aux_Mathlib_Order_SetNotation___macroRules_term⨅_,__1 took 1.38ms
interpretation of Set._aux_Mathlib_Order_SetNotation___macroRules_Set_term⋂₀__1 took 1.39ms
interpretation of Set._aux_Mathlib_Order_SetNotation___macroRules_Set_term⋃₀__1 took 1.06ms
interpretation of Set._aux_Mathlib_Order_SetNotation___macroRules_Set_term⋃_,__1 took 1.08ms
interpretation of Set._aux_Mathlib_Order_SetNotation___macroRules_Set_term⋂_,__1 took 1.34ms
interpretation of Interval._aux_Mathlib_Order_Interval_Set_UnorderedInterval___macroRules_Interval_term[[_,_]]_1 took 0.928ms
interpretation of Interval._aux_Mathlib_Order_Interval_Set_UnorderedInterval___macroRules_Interval_termΙ_1 took 1.32ms
interpretation of Set.Notation._aux_Mathlib_Data_Set_Notation___macroRules_Set_Notation_term_↓∩__1 took 1.34ms
interpretation of _aux_Mathlib_Data_PNat_Notation___macroRules_termℕ+_1 took 1.28ms
interpretation of Mathlib.Tactic.HaveI._aux_Mathlib_Tactic_HaveI___macroRules_Lean_Parser_Term_assert_1 took 1.31ms
interpretation of Mathlib.Tactic.HaveI._aux_Mathlib_Tactic_HaveI___macroRules_Mathlib_Tactic_HaveI_doElemHaveI'__1 took 1.16ms
interpretation of Mathlib.Tactic.HaveI._aux_Mathlib_Tactic_HaveI___macroRules_Lean_Parser_Term_assert_2 took 1.39ms
interpretation of Mathlib.Tactic.HaveI._aux_Mathlib_Tactic_HaveI___macroRules_Mathlib_Tactic_HaveI_doElemLetI'__1 took 1.16ms
interpretation of Mathlib.Tactic._aux_Mathlib_Tactic_NormNum_Core___macroRules_Mathlib_Tactic_normNumCmd_1 took 1.42ms
interpretation of Mathlib.Tactic.Positivity._aux_Mathlib_Tactic_Positivity_Core___macroRules_Mathlib_Tactic_Positivity_positivity_1 took 0.914ms
interpretation of _aux_Mathlib_Tactic_Positivity_Core___macroRules_Mathlib_Tactic_GCongr_tacticGcongr_discharger_1 took 0.932ms
interpretation of Functor._aux_Mathlib_Control_Functor___macroRules_Functor_term_$>__1 took 0.794ms
interpretation of Multiset._aux_Mathlib_Data_Multiset_ZeroCons___macroRules_Multiset_term_::ₘ__1 took 0.78ms
interpretation of List._aux_Mathlib_Data_List_Rotate___macroRules_List_term_~r__1 took 0.703ms
interpretation of BigOperators._aux_Mathlib_Algebra_BigOperators_Group_Finset_Defs___macroRules_BigOperators_bigsum_1 took 0.739ms
interpretation of BigOperators._aux_Mathlib_Algebra_BigOperators_Group_Finset_Defs___macroRules_BigOperators_bigprod_1 took 0.693ms
interpretation of Finset._aux_Mathlib_Data_Finset_Card___macroRules_Finset_term#__1 took 0.707ms
interpretation of Nat._aux_Mathlib_Data_Nat_Factorial_Basic___macroRules_Nat_term_!_1 took 0.74ms
interpretation of Fin._aux_Mathlib_Data_Fin_Basic___macroRules_Fin_tacticFin_omega_1 took 0.733ms
interpretation of List.Vector._aux_Mathlib_Data_Vector_Basic___macroRules_List_Vector_term_::ᵥ__1 took 0.825ms
interpretation of Sym._aux_Mathlib_Data_Sym_Basic___macroRules_Sym_term_::ₛ__1 took 1.14ms
interpretation of Sym._aux_Mathlib_Data_Sym_Basic___macroRules_Sym_term_::__1 took 1.35ms
interpretation of _aux_Mathlib_Algebra_Notation___macroRules_term_⁺ᵐ_1 took 1.4ms
interpretation of _aux_Mathlib_Algebra_Notation___macroRules_term_⁻ᵐ_1 took 1.12ms
interpretation of _aux_Mathlib_Algebra_Notation___macroRules_term_⁺_1 took 1.18ms
interpretation of _aux_Mathlib_Algebra_Notation___macroRules_term_⁻_1 took 1.18ms
interpretation of BinaryTree._aux_Mathlib_Data_Tree_Basic___macroRules_BinaryTree_term_△__1 took 1.26ms
interpretation of Mathlib.Tactic.Zify._aux_Mathlib_Tactic_Zify___macroRules_Mathlib_Tactic_Zify_zify_1 took 1.32ms
interpretation of Mathlib.Tactic.Ring._aux_Mathlib_Tactic_Ring_Basic___macroRules_Mathlib_Tactic_Ring_tacticRing1!_1 took 1.1ms
interpretation of Mathlib.Tactic._aux_Mathlib_Tactic_Linarith_Frontend___macroRules_Mathlib_Tactic_tacticLinarith!__1 took 1.06ms
interpretation of Mathlib.Tactic._aux_Mathlib_Tactic_Linarith_Frontend___macroRules_Mathlib_Tactic_tacticLinarith?!__1 took 0.828ms
interpretation of Mathlib.Tactic._aux_Mathlib_Tactic_Linarith_Frontend___macroRules_Mathlib_Tactic_tacticNlinarith!__1 took 0.924ms
interpretation of Mathlib.Tactic.FieldSimp.NF._aux_Mathlib_Tactic_FieldSimp_Lemmas___macroRules_Mathlib_Tactic_FieldSimp_NF_term_::ᵣ__1 took 0.583ms
interpretation of RightActions._aux_Mathlib_Algebra_Group_Action_Opposite___macroRules_RightActions_term_•>__1 took 0.826ms
interpretation of RightActions._aux_Mathlib_Algebra_Group_Action_Opposite___macroRules_RightActions_term_<•__1 took 1.04ms
interpretation of RightActions._aux_Mathlib_Algebra_Group_Action_Opposite___macroRules_RightActions_term_+ᵥ>__1 took 0.911ms
interpretation of RightActions._aux_Mathlib_Algebra_Group_Action_Opposite___macroRules_RightActions_term_<+ᵥ__1 took 0.879ms
interpretation of _aux_Mathlib_Algebra_Ring_Equiv___macroRules_term_≃+*__1 took 1.27ms
interpretation of _aux_Mathlib_GroupTheory_GroupAction_Hom___macroRules_MulActionHomLocal≺_1 took 1.33ms
interpretation of _aux_Mathlib_GroupTheory_GroupAction_Hom___macroRules_MulActionHomIdLocal≺_1 took 0.887ms
interpretation of _aux_Mathlib_GroupTheory_GroupAction_Hom___macroRules_AddActionHomLocal≺_1 took 0.809ms
interpretation of _aux_Mathlib_GroupTheory_GroupAction_Hom___macroRules_AddActionHomIdLocal≺_1 took 0.787ms
interpretation of _aux_Mathlib_GroupTheory_GroupAction_Hom___macroRules_DistribMulActionHomLocal≺_1 took 0.822ms
interpretation of _aux_Mathlib_GroupTheory_GroupAction_Hom___macroRules_DistribMulActionHomIdLocal≺_1 took 0.877ms
interpretation of _aux_Mathlib_GroupTheory_GroupAction_Hom___macroRules_MulDistribMulActionHomLocal≺_1 took 0.866ms
interpretation of _aux_Mathlib_GroupTheory_GroupAction_Hom___macroRules_MulDistribMulActionHomIdLocal≺_1 took 0.882ms
interpretation of _aux_Mathlib_GroupTheory_GroupAction_Hom___macroRules_MulSemiringActionHomLocal≺_1 took 0.89ms
interpretation of _aux_Mathlib_GroupTheory_GroupAction_Hom___macroRules_MulSemiringActionHomIdLocal≺_1 took 0.924ms
interpretation of _aux_Mathlib_Algebra_Module_LinearMap_Defs___macroRules_term_→ₛₗ[_]__1 took 0.922ms
interpretation of _aux_Mathlib_Algebra_Module_LinearMap_Defs___macroRules_term_→ₗ[_]__1 took 1.39ms
interpretation of LinearMap._aux_Mathlib_Algebra_Module_LinearMap_Defs___macroRules_LinearMap_compNotation_1 took 1.48ms
interpretation of LinearMap._aux_Mathlib_Algebra_Module_LinearMap_Defs___macroRules_LinearMap_term_∘ₛₗ__1 took 1.25ms
interpretation of RingTheory.LinearMap._aux_Mathlib_Algebra_Algebra_Defs___macroRules_RingTheory_LinearMap_termη_1 took 1.14ms
interpretation of RingTheory.LinearMap._aux_Mathlib_Algebra_Algebra_Defs___macroRules_RingTheory_LinearMap_termη[_]_1 took 0.943ms
interpretation of _aux_Mathlib_Algebra_Module_Equiv_Defs___macroRules_term_≃ₛₗ[_]__1 took 1.2ms
interpretation of _aux_Mathlib_Algebra_Module_Equiv_Defs___macroRules_term_≃ₗ[_]__1 took 1.18ms
interpretation of LinearEquiv._aux_Mathlib_Algebra_Module_Equiv_Defs___macroRules_LinearEquiv_transNotation_1 took 1.14ms
interpretation of Mathlib.Tactic.RingNF._aux_Mathlib_Tactic_Ring_RingNF___macroRules_Mathlib_Tactic_RingNF_tacticRing_nf!___1 took 0.771ms
interpretation of Mathlib.Tactic.RingNF._aux_Mathlib_Tactic_Ring_RingNF___macroRules_Mathlib_Tactic_RingNF_tacticRing1_nf!__1 took 0.611ms
interpretation of Mathlib.Tactic.RingNF._aux_Mathlib_Tactic_Ring_RingNF___macroRules_Mathlib_Tactic_RingNF_convRing_nf!__1 took 0.608ms
interpretation of Mathlib.Tactic.RingNF._aux_Mathlib_Tactic_Ring_RingNF___macroRules_Mathlib_Tactic_RingNF_ring_1 took 0.894ms
interpretation of Mathlib.Tactic.RingNF._aux_Mathlib_Tactic_Ring_RingNF___macroRules_Mathlib_Tactic_RingNF_tacticRing!_1 took 0.647ms
interpretation of Mathlib.Tactic.RingNF._aux_Mathlib_Tactic_Ring_RingNF___macroRules_Mathlib_Tactic_RingNF_ringConv_1 took 1.15ms
interpretation of Mathlib.Tactic.RingNF._aux_Mathlib_Tactic_Ring_RingNF___macroRules_Mathlib_Tactic_RingNF_convRing!_1 took 1.15ms
interpretation of _aux_Mathlib_Algebra_BigOperators_Finprod___macroRules_term∑ᶠ_,__1 took 1.27ms
interpretation of _aux_Mathlib_Algebra_BigOperators_Finprod___macroRules_term∏ᶠ_,__1 took 1.35ms
interpretation of BigOperators._aux_Mathlib_Algebra_BigOperators_Expect___macroRules_BigOperators_bigexpect_1 took 1.16ms
interpretation of Mathlib.Tactic.Abel._aux_Mathlib_Tactic_Abel___macroRules_Mathlib_Tactic_Abel_abel1!_1 took 1.15ms
interpretation of Mathlib.Tactic.Abel._aux_Mathlib_Tactic_Abel___macroRules_Mathlib_Tactic_Abel_tacticAbel_nf!___1 took 0.778ms
interpretation of Mathlib.Tactic.Abel._aux_Mathlib_Tactic_Abel___macroRules_Mathlib_Tactic_Abel_convAbel_nf!__1 took 0.65ms
interpretation of Mathlib.Tactic.Abel._aux_Mathlib_Tactic_Abel___macroRules_Mathlib_Tactic_Abel_abel_1 took 0.773ms
interpretation of Mathlib.Tactic.Abel._aux_Mathlib_Tactic_Abel___macroRules_Mathlib_Tactic_Abel_tacticAbel!_1 took 0.779ms
interpretation of Mathlib.Tactic.Abel._aux_Mathlib_Tactic_Abel___macroRules_Mathlib_Tactic_Abel_abelConv_1 took 0.88ms
interpretation of Mathlib.Tactic.Abel._aux_Mathlib_Tactic_Abel___macroRules_Mathlib_Tactic_Abel_convAbel!_1 took 0.803ms
interpretation of Matrix._aux_Mathlib_Data_Fin_VecNotation___macroRules_Matrix_vecNotation_1 took 1.02ms
interpretation of _aux_Mathlib_GroupTheory_GroupAction_DomAct_Basic___macroRules_term_ᵈᵐᵃ_1 took 1.45ms
interpretation of _aux_Mathlib_GroupTheory_GroupAction_DomAct_Basic___macroRules_term_ᵈᵃᵃ_1 took 1.41ms
interpretation of _aux_Mathlib_Algebra_Algebra_Hom___macroRules_term_→ₐ__1 took 0.793ms
interpretation of _aux_Mathlib_Algebra_Algebra_Hom___macroRules_term_→ₐ[_]__1 took 1.36ms
interpretation of _aux_Mathlib_Algebra_Algebra_Equiv___macroRules_term_≃ₐ[_]__1 took 1.14ms
interpretation of nonZeroDivisors._aux_Mathlib_Algebra_GroupWithZero_NonZeroDivisors___macroRules_nonZeroDivisors_term_⁰_1 took 0.628ms
interpretation of nonZeroSMulDivisors._aux_Mathlib_Algebra_GroupWithZero_NonZeroDivisors___macroRules_nonZeroSMulDivisors_term_⁰[_]_1 took 0.564ms
interpretation of Prod.Lex._aux_Mathlib_Data_Prod_Lex___macroRules_Prod_Lex_term_×ₗ__1 took 0.793ms
interpretation of FinsetInterval._aux_Mathlib_Order_Interval_Finset_Defs___macroRules_FinsetInterval_term[[_,_]]_1 took 0.705ms
interpretation of Submodule._aux_Mathlib_LinearAlgebra_Span_Defs___macroRules_Submodule_term_∙__1 took 1.12ms
interpretation of OmegaCompletePartialOrder._aux_Mathlib_Order_OmegaCompletePartialOrder___macroRules_OmegaCompletePartialOrder_term_→𝒄__1 took 0.749ms
interpretation of Affine._aux_Mathlib_LinearAlgebra_AffineSpace_Defs___macroRules_Affine_termAffineSpace_1 took 0.934ms
interpretation of _aux_Mathlib_LinearAlgebra_AffineSpace_AffineMap___macroRules_term_→ᵃ[_]__1 took 1ms
interpretation of _aux_Mathlib_LinearAlgebra_AffineSpace_AffineEquiv___macroRules_term_≃ᵃ[_]__1 took 1.13ms
interpretation of _aux_Mathlib_Data_Finsupp_Defs___macroRules_term_→₀__1 took 0.978ms
interpretation of Mathlib.Tactic.Module.NF._aux_Mathlib_Tactic_Module___macroRules_Mathlib_Tactic_Module_NF_term_::ᵣ__1 took 0.708ms
interpretation of Convex._aux_Mathlib_Analysis_Convex_Segment___macroRules_Convex_term[_-[_]_]_1 took 1.03ms
interpretation of _aux_Mathlib_LinearAlgebra_AffineSpace_AffineSubspace_Defs___macroRules_termLine[_,_,_]_1 took 0.809ms
interpretation of Mathlib.Tactic.NoncommRing._aux_Mathlib_Tactic_NoncommRing___macroRules_Mathlib_Tactic_NoncommRing_noncomm_ring_1 took 0.674ms
interpretation of Affine._aux_Mathlib_LinearAlgebra_AffineSpace_AffineSubspace_Basic___macroRules_Affine_term_∥__1 took 0.933ms
interpretation of Mathlib.Deriving.Fintype._aux_Mathlib_Tactic_DeriveFintype___macroRules_Mathlib_Deriving_Fintype_termDerive_fintype%__1 took 0.76ms
interpretation of _aux_Mathlib_LinearAlgebra_LinearPMap___macroRules_term_→ₛₗ.[_]__1 took 1.22ms
interpretation of _aux_Mathlib_LinearAlgebra_LinearPMap___macroRules_term_→ₗ.[_]__1 took 0.983ms
interpretation of _aux_Mathlib_Algebra_Quotient___macroRules_term_⧸__1 took 0.832ms
interpretation of Filter._aux_Mathlib_Order_Filter_Defs___macroRules_Filter_term𝓟_1 took 1.01ms
interpretation of Filter._aux_Mathlib_Order_Filter_Defs___macroRules_Filter_term∀ᶠ_In_,__1 took 1.37ms
interpretation of Filter._aux_Mathlib_Order_Filter_Defs___macroRules_Filter_term∃ᶠ_In_,__1 took 2.11ms
interpretation of AddCommGroup._aux_Mathlib_Algebra_Group_ModEq___macroRules_AddCommGroup_term_≡_[PMOD_]_1 took 1.23ms
interpretation of _aux_Mathlib_Data_Nat_ModEq___macroRules_term_≡_[MOD_]_1 took 1.04ms
interpretation of _aux_Mathlib_Data_Int_ModEq___macroRules_term_≡_[ZMOD_]_1 took 0.93ms
interpretation of _aux_Mathlib_Data_ENat_Defs___macroRules_termℕ∞_1 took 0.723ms
interpretation of _aux_Mathlib_Algebra_Order_Hom_Monoid___macroRules_term_→+o__1 took 0.848ms
interpretation of _aux_Mathlib_Algebra_Order_Hom_Monoid___macroRules_term_≃+o__1 took 0.774ms
interpretation of _aux_Mathlib_Algebra_Order_Hom_Monoid___macroRules_term_→*o__1 took 0.764ms
interpretation of _aux_Mathlib_Algebra_Order_Hom_Monoid___macroRules_term_≃*o__1 took 1.2ms
interpretation of _aux_Mathlib_Algebra_Order_Hom_MonoidWithZero___macroRules_term_→*₀o__1 took 1.21ms
interpretation of _aux_Mathlib_Algebra_Order_Hom_Ring___macroRules_term_→+*o__1 took 0.82ms
interpretation of _aux_Mathlib_Algebra_Order_Hom_Ring___macroRules_term_≃+*o__1 took 0.864ms
interpretation of Sum.Lex._aux_Mathlib_Data_Sum_Order___macroRules_Sum_Lex_term_⊕ₗ__1 took 0.888ms
interpretation of InitialSeg._aux_Mathlib_Order_InitialSeg___macroRules_InitialSeg_term_≼i__1 took 0.956ms
interpretation of _aux_Mathlib_Order_InitialSeg___macroRules_term_≤i__1 took 1.15ms
interpretation of InitialSeg._aux_Mathlib_Order_InitialSeg___macroRules_InitialSeg_term_≺i__1 took 0.852ms
interpretation of _aux_Mathlib_Order_InitialSeg___macroRules_term_<i__1 took 0.751ms
interpretation of Cardinal._aux_Mathlib_SetTheory_Cardinal_Defs___macroRules_Cardinal_term#__1 took 1.03ms
interpretation of Cardinal._aux_Mathlib_SetTheory_Cardinal_Defs___macroRules_Cardinal_termℵ₀_1 took 0.834ms
interpretation of Cardinal._aux_Mathlib_SetTheory_Cardinal_Basic___macroRules_Cardinal_term_^<__1 took 0.79ms
interpretation of Set._aux_Mathlib_Data_Set_Card___macroRules_Set_tacticToFinite_tac_1 took 0.749ms
interpretation of Set._aux_Mathlib_Data_Set_Card___macroRules_Set_tacticTo_encard_tac_1 took 0.761ms
interpretation of Nat._aux_Mathlib_Algebra_Order_Floor_Defs___macroRules_Nat_term⌊_⌋₊_1 took 0.853ms
interpretation of Nat._aux_Mathlib_Algebra_Order_Floor_Defs___macroRules_Nat_term⌈_⌉₊_1 took 0.865ms
interpretation of Int._aux_Mathlib_Algebra_Order_Floor_Defs___macroRules_Int_term⌊_⌋_1 took 1.4ms
interpretation of Int._aux_Mathlib_Algebra_Order_Floor_Defs___macroRules_Int_term⌈_⌉_1 took 1.45ms
interpretation of AddMonoidAlgebra._aux_Mathlib_Algebra_MonoidAlgebra_Defs___macroRules_AddMonoidAlgebra_term__[_]_1 took 0.844ms
interpretation of MonoidAlgebra._aux_Mathlib_Algebra_MonoidAlgebra_Defs___macroRules_MonoidAlgebra_term__[_]_1 took 0.989ms
interpretation of _aux_Mathlib_Data_DFinsupp_Defs___macroRules_termΠ₀_,__1 took 1.11ms
interpretation of Polynomial._aux_Mathlib_Algebra_Polynomial_Basic___macroRules_Polynomial_term_[X]_1 took 1.44ms
interpretation of _aux_Mathlib_Basic_Real_Basic___macroRules_termℝ_1 took 1.28ms
interpretation of NNReal._aux_Mathlib_Basic_NNReal_Defs___macroRules_NNReal_termℝ≥0_1 took 1.43ms
interpretation of ENNReal._aux_Mathlib_Basic_ENNReal_Basic___macroRules_ENNReal_termℝ≥0∞_1 took 1.43ms
interpretation of ENNReal._aux_Mathlib_Basic_ENNReal_Basic___macroRules_ENNReal_term∞_1 took 1.25ms
interpretation of _aux_Mathlib_Tactic_Finiteness___macroRules_finiteness_1 took 1.34ms
interpretation of _aux_Mathlib_Tactic_Finiteness___macroRules_finiteness?_1 took 1.41ms
interpretation of _aux_Mathlib_Tactic_Finiteness___macroRules_finiteness_nonterminal_1 took 1.4ms
interpretation of Heyting._aux_Mathlib_Order_Heyting_Boundary___macroRules_Heyting_term∂__1 took 1.23ms
interpretation of _aux_Mathlib_Tactic_Continuity___macroRules_attrContinuity_1 took 1.2ms
interpretation of _aux_Mathlib_Tactic_Continuity___macroRules_tacticContinuity_1 took 1.54ms
interpretation of _aux_Mathlib_Tactic_Continuity___macroRules_tacticContinuity?_1 took 1.49ms
interpretation of Topology._aux_Mathlib_Topology_Defs_Basic___macroRules_Topology_IsOpen_of_1 took 1.32ms
interpretation of Topology._aux_Mathlib_Topology_Defs_Basic___macroRules_Topology_IsClosed_of_1 took 1.17ms
interpretation of Topology._aux_Mathlib_Topology_Defs_Basic___macroRules_Topology_closure_of_1 took 1.04ms
interpretation of Topology._aux_Mathlib_Topology_Defs_Basic___macroRules_Topology_Continuous_of_1 took 1.01ms
interpretation of _aux_Mathlib_Topology_ContinuousMap_Defs___macroRules_termC(_,_)_1 took 0.994ms
interpretation of Topology._aux_Mathlib_Topology_Defs_Filter___macroRules_Topology_term𝓝_1 took 0.957ms
interpretation of Topology._aux_Mathlib_Topology_Defs_Filter___macroRules_Topology_term𝓝[_]__1 took 1.03ms
interpretation of Topology._aux_Mathlib_Topology_Defs_Filter___macroRules_Topology_nhdsNE_1 took 1.38ms
interpretation of Topology._aux_Mathlib_Topology_Defs_Filter___macroRules_Topology_nhdsGE_1 took 0.991ms
interpretation of Topology._aux_Mathlib_Topology_Defs_Filter___macroRules_Topology_nhdsLE_1 took 1.07ms
interpretation of Topology._aux_Mathlib_Topology_Defs_Filter___macroRules_Topology_nhdsGT_1 took 0.945ms
interpretation of Topology._aux_Mathlib_Topology_Defs_Filter___macroRules_Topology_nhdsLT_1 took 1.05ms
interpretation of Topology._aux_Mathlib_Topology_Defs_Filter___macroRules_Topology_term𝓝ˢ_1 took 1.05ms
interpretation of Topology._aux_Mathlib_Topology_Defs_Filter___macroRules_Topology_term𝓝ˢ[_]__1 took 0.945ms
interpretation of _aux_Mathlib_Topology_Defs_Filter___macroRules_term_⤳__1 took 1.31ms
interpretation of _aux_Mathlib_Topology_Homeomorph_Defs___macroRules_term_≃ₜ__1 took 1.37ms
interpretation of Mathlib.Tactic.TautoSet._aux_Mathlib_Tactic_TautoSet___macroRules_Mathlib_Tactic_TautoSet_tacticTauto_set_1 took 1.49ms
interpretation of Mathlib.Tactic.Group._aux_Mathlib_Tactic_Group___macroRules_Mathlib_Tactic_Group_group_1 took 2.16ms
interpretation of SetRel._aux_Mathlib_Basic_Rel___macroRules_SetRel_term_~[_]__1 took 1.06ms
interpretation of SetRel._aux_Mathlib_Basic_Rel___macroRules_SetRel_term_○__1 took 0.818ms
interpretation of Uniformity._aux_Mathlib_Topology_UniformSpace_Defs___macroRules_Uniformity_term𝓤[_]_1 took 0.675ms
interpretation of Uniformity._aux_Mathlib_Topology_UniformSpace_Defs___macroRules_Uniformity_term𝓤_1 took 0.816ms
interpretation of Uniformity._aux_Mathlib_Topology_UniformSpace_Defs___macroRules_Uniformity_termUniformContinuous[_,_]_1 took 0.571ms
interpretation of _aux_Mathlib_Analysis_Normed_Group_Defs___macroRules_term‖_‖_1 took 0.764ms
interpretation of _aux_Mathlib_Analysis_Normed_Group_Defs___macroRules_term‖_‖₊_1 took 0.823ms
interpretation of _aux_Mathlib_Analysis_Normed_Group_Defs___macroRules_term‖_‖ₑ_1 took 0.816ms
interpretation of Filter._aux_Mathlib_Order_Filter_IsBounded___macroRules_Filter_tacticIsBoundedDefault_1 took 0.827ms
interpretation of _aux_Mathlib_Topology_Algebra_InfiniteSum_Defs___macroRules_term∏'[_]_,__1 took 0.853ms
interpretation of _aux_Mathlib_Topology_Algebra_InfiniteSum_Defs___macroRules_term∑'[_]_,__1 took 0.969ms
interpretation of _aux_Mathlib_Topology_Algebra_InfiniteSum_Defs___macroRules_term∏'_,__1 took 1.36ms
interpretation of _aux_Mathlib_Topology_Algebra_InfiniteSum_Defs___macroRules_term∑'_,__1 took 1.11ms
interpretation of ContinuousMonoidHom._aux_Mathlib_Topology_Algebra_ContinuousMonoidHom___macroRules_ContinuousMonoidHom_term_→ₜ+__1 took 0.722ms
interpretation of ContinuousMonoidHom._aux_Mathlib_Topology_Algebra_ContinuousMonoidHom___macroRules_ContinuousMonoidHom_term_→ₜ*__1 took 0.646ms
interpretation of _aux_Mathlib_Topology_Algebra_ContinuousMonoidHom___macroRules_term_≃ₜ*__1 took 0.908ms
interpretation of _aux_Mathlib_Topology_Algebra_ContinuousMonoidHom___macroRules_term_≃ₜ+__1 took 0.816ms
interpretation of ComplexConjugate._aux_Mathlib_Algebra_Star_Basic___macroRules_ComplexConjugate_termConj_1 took 1.25ms
interpretation of Mathlib.Tactic.Order._aux_Mathlib_Tactic_Order___macroRules_Mathlib_Tactic_Order_tacticOrder__1 took 1.44ms
interpretation of Real._aux_Mathlib_Analysis_Real_Sqrt___macroRules_Real_term√__1 took 1ms
interpretation of _aux_Mathlib_Basic_Complex_Basic___macroRules_termℂ_1 took 1.33ms
interpretation of Complex._aux_Mathlib_Basic_Complex_Basic___macroRules_Complex_term_×ℂ__1 took 1.28ms
interpretation of _aux_Mathlib_Algebra_Star_StarRingHom___macroRules_term_→⋆ₙ+*__1 took 0.875ms
interpretation of _aux_Mathlib_Algebra_Star_StarRingHom___macroRules_term_≃⋆+*__1 took 0.805ms
interpretation of _aux_Mathlib_Tactic_ContinuousFunctionalCalculus___macroRules_cfcTac_1 took 0.743ms
interpretation of _aux_Mathlib_Tactic_ContinuousFunctionalCalculus___macroRules_cfcContTac_1 took 0.85ms
interpretation of _aux_Mathlib_Tactic_ContinuousFunctionalCalculus___macroRules_cfcZeroTac_1 took 0.781ms
interpretation of _aux_Mathlib_Algebra_Algebra_NonUnitalHom___macroRules_term_→ₙₐ__1 took 1.1ms
interpretation of _aux_Mathlib_Algebra_Algebra_NonUnitalHom___macroRules_term_→ₛₙₐ[_]__1 took 0.825ms
interpretation of _aux_Mathlib_Algebra_Algebra_NonUnitalHom___macroRules_term_→ₙₐ[_]__1 took 0.818ms
interpretation of TensorProduct._aux_Mathlib_LinearAlgebra_TensorProduct_Defs___macroRules_TensorProduct_term_⊗__1 took 0.703ms
interpretation of TensorProduct._aux_Mathlib_LinearAlgebra_TensorProduct_Defs___macroRules_TensorProduct_term_⊗[_]__1 took 0.526ms
interpretation of TensorProduct._aux_Mathlib_LinearAlgebra_TensorProduct_Defs___macroRules_TensorProduct_term_⊗ₜ__1 took 0.516ms
interpretation of TensorProduct._aux_Mathlib_LinearAlgebra_TensorProduct_Defs___macroRules_TensorProduct_term_⊗ₜ[_]__1 took 0.519ms
interpretation of RingTheory.LinearMap._aux_Mathlib_LinearAlgebra_TensorProduct_Map___macroRules_RingTheory_LinearMap_term_⊗ₘ__1 took 0.507ms
interpretation of RingTheory.LinearMap._aux_Mathlib_Algebra_Algebra_Bilinear___macroRules_RingTheory_LinearMap_termμ_1 took 0.504ms
interpretation of RingTheory.LinearMap._aux_Mathlib_Algebra_Algebra_Bilinear___macroRules_RingTheory_LinearMap_termμ[_]_1 took 0.569ms
interpretation of Computability._aux_Mathlib_Algebra_Order_Kleene___macroRules_Computability_term_∗_1 took 1.15ms
interpretation of Algebra._aux_Mathlib_Algebra_Algebra_Subalgebra_Lattice___macroRules_Algebra_subalgebra_adjoin_1 took 1.15ms
interpretation of _aux_Mathlib_Algebra_Module_LinearMap_Star___macroRules_term_→ₗ⋆[_]__1 took 1.53ms
interpretation of _aux_Mathlib_Algebra_Module_LinearMap_Star___macroRules_term_≃ₗ⋆[_]__1 took 1.27ms
interpretation of _aux_Mathlib_Algebra_Star_StarAlgHom___macroRules_term_→⋆ₙₐ__1 took 1.09ms
interpretation of _aux_Mathlib_Algebra_Star_StarAlgHom___macroRules_term_→⋆ₙₐ[_]__1 took 1.5ms
interpretation of _aux_Mathlib_Algebra_Star_StarAlgHom___macroRules_term_→⋆ₐ__1 took 1.31ms
interpretation of _aux_Mathlib_Algebra_Star_StarAlgHom___macroRules_term_→⋆ₐ[_]__1 took 1.31ms
interpretation of _aux_Mathlib_Algebra_Star_StarAlgHom___macroRules_term_≃⋆ₐ__1 took 1.23ms
interpretation of _aux_Mathlib_Algebra_Star_StarAlgHom___macroRules_term_≃⋆ₐ[_]__1 took 1.52ms
interpretation of _aux_Mathlib_Algebra_Star_MonoidHom___macroRules_term_→⋆*__1 took 1.37ms
interpretation of _aux_Mathlib_Algebra_Star_MonoidHom___macroRules_term_≃⋆*__1 took 1.3ms
interpretation of _aux_Mathlib_Topology_MetricSpace_Isometry___macroRules_term_≃ᵢ__1 took 1.19ms
interpretation of _aux_Mathlib_Topology_UniformSpace_Equiv___macroRules_term_≃ᵤ__1 took 1.13ms
interpretation of UniformConvergence._aux_Mathlib_Topology_UniformSpace_UniformConvergenceTopology___macroRules_UniformConvergence_term_→ᵤ__1 took 0.739ms
interpretation of UniformConvergence._aux_Mathlib_Topology_UniformSpace_UniformConvergenceTopology___macroRules_UniformConvergence_term_→ᵤ[_]__1 took 0.676ms
interpretation of _aux_Mathlib_Topology_Algebra_Module_ContinuousLinearMap_Basic___macroRules_term_→SL[_]__1 took 0.702ms
interpretation of _aux_Mathlib_Topology_Algebra_Module_ContinuousLinearMap_Basic___macroRules_term_→L[_]__1 took 0.666ms
interpretation of ContinuousLinearMap._aux_Mathlib_Topology_Algebra_Module_ContinuousLinearMap_Basic___macroRules_ContinuousLinearMap_term_∘L__1 took 0.548ms
interpretation of ContinuousLinearMap._aux_Mathlib_Topology_Algebra_Module_ContinuousLinearMap_Basic___macroRules_ContinuousLinearMap_term_∘SL__1 took 0.571ms
interpretation of _aux_Mathlib_Topology_Algebra_Module_Equiv___macroRules_term_≃SL[_]__1 took 0.859ms
interpretation of _aux_Mathlib_Topology_Algebra_Module_Equiv___macroRules_term_≃L[_]__1 took 1.05ms
interpretation of _aux_Mathlib_Topology_MetricSpace_Dilation___macroRules_term_→ᵈ__1 took 1.29ms
interpretation of _aux_Mathlib_Topology_MetricSpace_DilationEquiv___macroRules_term_≃ᵈ__1 took 1.38ms
interpretation of _aux_Mathlib_Analysis_Normed_Operator_LinearIsometry___macroRules_term_→ₛₗᵢ[_]__1 took 0.986ms
interpretation of _aux_Mathlib_Analysis_Normed_Operator_LinearIsometry___macroRules_term_→ₗᵢ[_]__1 took 1.25ms
interpretation of _aux_Mathlib_Analysis_Normed_Operator_LinearIsometry___macroRules_term_→ₗᵢ⋆[_]__1 took 1.01ms
interpretation of _aux_Mathlib_Analysis_Normed_Operator_LinearIsometry___macroRules_term_≃ₛₗᵢ[_]__1 took 0.906ms
interpretation of _aux_Mathlib_Analysis_Normed_Operator_LinearIsometry___macroRules_term_≃ₗᵢ[_]__1 took 1.2ms
interpretation of _aux_Mathlib_Analysis_Normed_Operator_LinearIsometry___macroRules_term_≃ₗᵢ⋆[_]__1 took 0.56ms
interpretation of _aux_Mathlib_Topology_Algebra_Module_Star___macroRules_term_→L⋆[_]__1 took 0.892ms
interpretation of _aux_Mathlib_Topology_Algebra_Module_Star___macroRules_term_≃L⋆[_]__1 took 0.86ms
interpretation of DirectSum._aux_Mathlib_Algebra_DirectSum_Basic___macroRules_DirectSum_term⨁_,__1 took 0.836ms
interpretation of Matrix._aux_Mathlib_LinearAlgebra_Matrix_Defs___macroRules_Matrix_term_ᵀ_1 took 0.871ms
interpretation of _aux_Mathlib_Data_Matrix_Mul___macroRules_term_⬝ᵥ__1 took 0.739ms
interpretation of Matrix._aux_Mathlib_Data_Matrix_Mul___macroRules_Matrix_term_*ᵥ__1 took 0.855ms
interpretation of Matrix._aux_Mathlib_Data_Matrix_Mul___macroRules_Matrix_term_ᵥ*__1 took 1.33ms
interpretation of Matrix._aux_Mathlib_LinearAlgebra_Matrix_ConjTranspose___macroRules_Matrix_term_ᴴ_1 took 1.11ms
interpretation of Matrix._aux_Mathlib_LinearAlgebra_Matrix_Notation___macroRules_Matrix_matrixNotation_1 took 1.34ms
interpretation of Matrix._aux_Mathlib_LinearAlgebra_Matrix_Notation___macroRules_Matrix_matrixNotationRx0_1 took 1.43ms
interpretation of Matrix._aux_Mathlib_LinearAlgebra_Matrix_Notation___macroRules_Matrix_matrixNotation0xC_1 took 1.12ms
interpretation of ComplexStarModule._aux_Mathlib_LinearAlgebra_Complex_Module___macroRules_ComplexStarModule_termℜ_1 took 0.776ms
interpretation of ComplexStarModule._aux_Mathlib_LinearAlgebra_Complex_Module___macroRules_ComplexStarModule_termℑ_1 took 0.837ms
interpretation of _aux_Mathlib_Topology_Algebra_Algebra___macroRules_term_→A[_]__1 took 1.21ms
interpretation of _aux_Mathlib_Topology_Algebra_Algebra_Equiv___macroRules_term_≃A[_]__1 took 0.973ms
interpretation of Asymptotics._aux_Mathlib_Analysis_Asymptotics_Defs___macroRules_Asymptotics_term_=O[_]__1 took 0.748ms
interpretation of Asymptotics._aux_Mathlib_Analysis_Asymptotics_Defs___macroRules_Asymptotics_term_=Θ[_]__1 took 0.582ms
interpretation of Asymptotics._aux_Mathlib_Analysis_Asymptotics_Defs___macroRules_Asymptotics_term_=o[_]__1 took 0.769ms
interpretation of _aux_Mathlib_Tactic_Bound___macroRules_tacticBound[_]_1 took 0.82ms
interpretation of ENNReal._aux_Mathlib_Topology_Algebra_InfiniteSum_ENNReal___macroRules_Mathlib_Tactic_GCongr_tacticGcongr_discharger_1 took 0.593ms
interpretation of Complex._aux_Mathlib_Analysis_Complex_Exponential___macroRules_Complex_termCexp_1 took 0.955ms
interpretation of Real._aux_Mathlib_Analysis_Complex_Exponential___macroRules_Real_termRexp_1 took 1.42ms
interpretation of Real._aux_Mathlib_Analysis_SpecialFunctions_Trigonometric_Basic___macroRules_Real_termπ_1 took 1.54ms
interpretation of unitInterval._aux_Mathlib_Topology_UnitInterval___macroRules_unitInterval_termI_1 took 1.21ms
interpretation of unitInterval._aux_Mathlib_Topology_UnitInterval___macroRules_unitInterval_termσ_1 took 1.18ms
interpretation of Mathlib.Tactic.Interactive._aux_Mathlib_Topology_UnitInterval___macroRules_Mathlib_Tactic_Interactive_tacticUnit_interval_1 took 0.967ms
interpretation of Nat._aux_Mathlib_Data_Nat_Factorization_Defs___macroRules_Nat_termOrdProj[_]__1 took 0.928ms
interpretation of Nat._aux_Mathlib_Data_Nat_Factorization_Defs___macroRules_Nat_termOrdCompl[_]__1 took 0.965ms
interpretation of Nat._aux_Mathlib_Data_Nat_Totient___macroRules_Nat_termφ_1 took 1.45ms
interpretation of Mathlib.Tactic.Qify._aux_Mathlib_Tactic_Qify___macroRules_Mathlib_Tactic_Qify_qify_1 took 1.46ms
interpretation of Mathlib.Tactic.Rify._aux_Mathlib_Tactic_Rify___macroRules_Mathlib_Tactic_Rify_rify_1 took 1.2ms
interpretation of adaptationNoteTermElab took 0.751ms
interpretation of Lean.Elab.Term._aux_Mathlib_Tactic_TypeStar___elabRules_Lean_Elab_Term_termSort*_1 took 1.02ms
interpretation of Lean.Elab.Term._aux_Mathlib_Tactic_TypeStar___elabRules_Lean_Elab_Term_termType*_1 took 0.818ms
interpretation of elabWantedRef took 0.536ms
interpretation of elabLetImplDetail took 0.528ms
interpretation of Mathlib.Meta.SetNotationForOrder.elabSubsetStx' took 0.675ms
interpretation of Mathlib.Meta.SetNotationForOrder.elabSSubsetStx' took 0.642ms
interpretation of Mathlib.Meta.SetNotationForOrder.elabSupsetStx' took 0.757ms
interpretation of Mathlib.Meta.SetNotationForOrder.elabSSupsetStx' took 0.749ms
interpretation of Mathlib.Meta.elabSetBuilder took 0.623ms
interpretation of Lean.Elab.Term.CoeImpl._aux_Mathlib_Tactic_Coe___elabRules_Lean_Elab_Term_CoeImpl_term(↑)_1 took 1.2ms
interpretation of Lean.Elab.Term.CoeImpl._aux_Mathlib_Tactic_Coe___elabRules_Lean_Elab_Term_CoeImpl_term(⇑)_1 took 1.16ms
interpretation of Lean.Elab.Term.CoeImpl._aux_Mathlib_Tactic_Coe___elabRules_Lean_Elab_Term_CoeImpl_term(↥)_1 took 0.983ms
interpretation of FBinopElab.elabBinOp took 0.531ms
interpretation of Qq._aux_Qq_Macro___elabRules_Qq_termQl(_)_1 took 0.632ms
interpretation of Qq._aux_Qq_Macro___elabRules_Qq_termQ(__)_1 took 0.656ms
interpretation of Qq._aux_Qq_Macro___elabRules_Qq_termQ(__)_1_1 took 0.681ms
interpretation of Qq.Impl._aux_Qq_Match___elabRules_Qq_Impl_term_qq_match_←_|_In__1 took 0.734ms
interpretation of Qq.Impl._aux_Qq_Match___elabRules_Qq_Impl_term_comefrom_Do_In__1 took 0.749ms
interpretation of Qq.Impl._aux_Qq_AssertInstancesCommute___elabRules_Qq_Impl_termAssertInstancesCommuteImpl__1 took 1.16ms
interpretation of Qq.Impl._aux_Qq_AssertInstancesCommute___elabRules_Qq_termAssumeInstancesCommute'__1 took 1.17ms
interpretation of Qq._aux_Qq_Commands___elabRules_Qq_termBy_elabq__1 took 0.992ms
interpretation of Mathlib.Tactic.GCongr.elabCHoleExpand took 0.795ms
interpretation of Mathlib.Elab.FastInstance.elabFastInstance took 0.767ms
interpretation of LeanSearchClient.leanSearchTermImpl took 0.91ms
interpretation of LeanSearchClient.searchTermImpl took 0.787ms
interpretation of LeanSearchClient.loogleTermImpl took 0.836ms
interpretation of ProofWidgets._aux_ProofWidgets_Component_OfRpcMethod___elabRules_ProofWidgets_termMk_rpc_widget%__1 took 0.659ms
interpretation of Mathlib.Tactic.TermCongr.elabCHoleExpand took 1.1ms
interpretation of Mathlib.Tactic.TermCongr.elabTermCongr took 0.711ms
interpretation of Mathlib.Tactic.dsimpPercentElaborator took 0.835ms
interpretation of Mathlib.Util.TermReduce.elabBeta took 0.791ms
interpretation of Mathlib.Util.TermReduce.elabDelta took 0.644ms
interpretation of Mathlib.Util.TermReduce.elabZeta took 0.816ms
interpretation of Mathlib.Util.TermReduce.elabReduceProj took 0.64ms
interpretation of Lean.Elab.Command._aux_Mathlib_Tactic_IrreducibleDef___elabRules__private_Mathlib_Tactic_IrreducibleDef_0_Lean_Elab_Command_termEta_helper__1 took 0.742ms
interpretation of Lean.Elab.Command._aux_Mathlib_Tactic_IrreducibleDef___elabRules__private_Mathlib_Tactic_IrreducibleDef_0_Lean_Elab_Command_termVal_proj__1 took 1.03ms
interpretation of _aux_Mathlib_Tactic_SudoSetOption___elabRules_termSudoSet_option___In__1 took 1.04ms
interpretation of Mathlib.Meta.elabFinsetBuilderSep took 0.683ms
interpretation of Mathlib.Meta.elabFinsetBuilderSetOf took 0.779ms
interpretation of _aux_Mathlib_Data_Fintype_Sets___elabRules_finsetStx_1 took 0.71ms
interpretation of Mathlib.Meta.elabFinsetBuilderIxx took 0.63ms
interpretation of Mathlib.ProxyType.elab_proxy_equiv took 0.634ms
interpretation of Filter.elabEventuallyEq took 0.647ms
interpretation of Filter.elabEventuallyLE took 0.59ms
interpretation of precheckFinsetStx took 0.588ms
interpretation of Filter.precheckEventuallyEq took 0.737ms
interpretation of Filter.precheckEventuallyLE took 0.699ms
interpretation of _aux_Mathlib_Tactic_AdaptationNote___elabRules_tactic#adaptation_note__1 took 0.842ms
interpretation of Mathlib.Linter.HaveILetI._aux_Mathlib_Tactic_Linter_HaveILetI___elabRules_Mathlib_Linter_HaveILetI_tacticHaveI___1 took 0.553ms
interpretation of Mathlib.Linter.HaveILetI._aux_Mathlib_Tactic_Linter_HaveILetI___elabRules_Mathlib_Linter_HaveILetI_tacticLetI___1 took 0.555ms
interpretation of Batteries.Tactic._aux_Batteries_Tactic_Unreachable___elabRules_Batteries_Tactic_unreachable_1 took 0.907ms
interpretation of Mathlib.Linter.Style._aux_Mathlib_Tactic_Linter_Style___elabRules_Mathlib_Linter_Style_show_1 took 0.833ms
interpretation of Mathlib.Tactic.ExtractGoal._aux_Mathlib_Tactic_ExtractGoal___elabRules_Mathlib_Tactic_ExtractGoal_extractGoal_1 took 0.561ms
interpretation of Batteries.Tactic._aux_Batteries_Tactic_Trans___elabRules_Batteries_Tactic_tacticTrans____1 took 0.858ms
interpretation of Batteries.Tactic._aux_Batteries_Tactic_SeqFocus___elabRules_Batteries_Tactic_tacticMap_tacs[_;]_1 took 0.624ms
interpretation of Mathlib.Tactic._aux_Mathlib_Tactic_SplitIfs___elabRules_Mathlib_Tactic_splitIfs_1 took 0.826ms
interpretation of Batteries.Tactic._aux_Batteries_Tactic_Init___elabRules_Batteries_Tactic_exacts_1 took 0.833ms
interpretation of Batteries.Tactic._aux_Batteries_Tactic_Init___elabRules_Batteries_Tactic_tacticFapply__1 took 0.936ms
interpretation of Batteries.Tactic._aux_Batteries_Tactic_Init___elabRules_Batteries_Tactic_tacticEapply__1 took 1.46ms
interpretation of Batteries.Tactic._aux_Batteries_Tactic_Init___elabRules_Batteries_Tactic_triv_1 took 1.41ms
interpretation of Batteries.Tactic._aux_Batteries_Tactic_Init___elabRules_Batteries_Tactic_Conv_equals_1 took 1.46ms
interpretation of Lean.Elab.Tactic._aux_Mathlib_Tactic_Inhabit___elabRules_Lean_Elab_Tactic_inhabit_1 took 1.57ms
interpretation of Mathlib.Tactic._aux_Mathlib_Tactic_Use___elabRules_Mathlib_Tactic_useSyntax_1 took 1.4ms
interpretation of Mathlib.Tactic._aux_Mathlib_Tactic_Use___elabRules_Mathlib_Tactic_tacticUse!___,,_1 took 1.18ms
interpretation of Mathlib.Tactic._aux_Mathlib_Tactic_SimpRw___elabRules_Mathlib_Tactic_tacticSimp_rw____1 took 0.876ms
interpretation of Batteries.Tactic._aux_Batteries_Tactic_PermuteGoals___elabRules_Batteries_Tactic_tacticPick_goal-__1 took 0.743ms
interpretation of Batteries.Tactic._aux_Batteries_Tactic_PermuteGoals___elabRules_Batteries_Tactic_tacticOn_goal-_=>__1 took 0.95ms
interpretation of Aesop._aux_Aesop_Util_Tactic_Unfold___elabRules_Aesop_tacticAesop_unfold__1 took 0.881ms
interpretation of Aesop._aux_Aesop_Util_Tactic_Unfold___elabRules_Aesop_tacticAesop_unfold_At__1 took 1.03ms
interpretation of Aesop.evalAesop took 0.971ms
interpretation of Aesop.evalAesop took 0.0056ms
interpretation of Aesop.Frontend.evalSaturate took 0.942ms
interpretation of Aesop.Frontend.evalSaturate? took 1.22ms
interpretation of Mathlib.Tactic.DepRewrite.evalDepRewriteSeq took 1.25ms
interpretation of Mathlib.Tactic.DepRewrite.evalDepRwSeq took 0.928ms
interpretation of Mathlib.Tactic.DepRewrite.Conv.evalDepRewriteSeq took 1.19ms
interpretation of Mathlib.Tactic.DepRewrite.Conv.evalDepRwSeq took 1.11ms
interpretation of Congr!._aux_Mathlib_Tactic_CongrExclamation___elabRules_Congr!_congr!_1 took 1.35ms
interpretation of Mathlib.Tactic._aux_Mathlib_Tactic_Convert___elabRules_Mathlib_Tactic_convert_1 took 1.37ms
interpretation of Mathlib.Tactic._aux_Mathlib_Tactic_Convert___elabRules_Mathlib_Tactic_convertTo_1 took 0.857ms
interpretation of Mathlib.Tactic.Conv.elabDischargeConv took 1.04ms
interpretation of Mathlib.Tactic.Push._aux_Mathlib_Tactic_Push___elabRules_Mathlib_Tactic_Push_pushStx_1 took 1.09ms
interpretation of Mathlib.Tactic.Push._aux_Mathlib_Tactic_Push___elabRules_Mathlib_Tactic_Push_push_neg_1 took 0.812ms
interpretation of Mathlib.Tactic.Push._aux_Mathlib_Tactic_Push___elabRules_Mathlib_Tactic_Push_pull_1 took 0.766ms
interpretation of Mathlib.Tactic.Push._aux_Mathlib_Tactic_Push___elabRules_Mathlib_Tactic_Push_convPush______1 took 0.754ms
interpretation of Mathlib.Tactic.Push._aux_Mathlib_Tactic_Push___elabRules_Mathlib_Tactic_Push_convPush_neg__1 took 0.839ms
interpretation of Mathlib.Tactic.Push._aux_Mathlib_Tactic_Push___elabRules_Mathlib_Tactic_Push_convPull_____1 took 0.839ms
interpretation of Mathlib.Tactic.Contrapose._aux_Mathlib_Tactic_Contrapose___elabRules_Mathlib_Tactic_Contrapose_contrapose_1 took 0.644ms
interpretation of Mathlib.Tactic.Contrapose._aux_Mathlib_Tactic_Contrapose___elabRules__private_Mathlib_Tactic_Contrapose_0_Mathlib_Tactic_Contrapose_tacticTry_push_neg__1 took 1.11ms
interpretation of Mathlib.Tactic._aux_Mathlib_Tactic_Lift___elabRules_Mathlib_Tactic_lift_1 took 1.35ms
interpretation of Qq._aux_Qq_Commands___elabRules_Qq_tacticRun_tacq_=>__1 took 0.792ms
interpretation of Mathlib.Tactic._aux_Mathlib_Tactic_Subsingleton___elabRules_Mathlib_Tactic_subsingletonStx_1 took 0.875ms
interpretation of Mathlib.Tactic.GCongr._aux_Mathlib_Tactic_GCongr_Core___elabRules_Mathlib_Tactic_GCongr_gcongr_1 took 0.785ms
interpretation of Mathlib.Tactic.GCongr._aux_Mathlib_Tactic_GCongr_Core___elabRules_Mathlib_Tactic_GCongr_tacticRel[_]_1 took 0.561ms
interpretation of Mathlib.Tactic.ByCases._aux_Mathlib_Tactic_ByCases___elabRules__private_Mathlib_Tactic_ByCases_0_Mathlib_Tactic_ByCases_tacticTry_push_neg_at___1 took 0.701ms
interpretation of Mathlib.Tactic.Choose._aux_Mathlib_Tactic_Choose___elabRules_Mathlib_Tactic_Choose_choose_1 took 0.948ms
interpretation of Mathlib.Tactic.GRewrite.evalGRewriteSeq took 0.845ms
interpretation of Mathlib.Tactic.Nontriviality.elabNontriviality took 0.857ms
interpretation of Batteries.Tactic._aux_Batteries_Tactic_Congr___elabRules_Batteries_Tactic_congrConfig_1 took 0.908ms
interpretation of Batteries.Tactic._aux_Batteries_Tactic_Congr___elabRules_Batteries_Tactic_rcongr_1 took 0.901ms
interpretation of Mathlib.Tactic.ByContra._aux_Mathlib_Tactic_ByContra___elabRules__private_Mathlib_Tactic_ByContra_0_Mathlib_Tactic_ByContra_tacticTry_push_neg_at___1 took 0.672ms
interpretation of Mathlib.Tactic.ByContra._aux_Mathlib_Tactic_ByContra___elabRules__private_Mathlib_Tactic_ByContra_0_Mathlib_Tactic_ByContra_tacticTry_push_neg__1 took 1.04ms
interpretation of Mathlib.Tactic._aux_Mathlib_Tactic_CasesM___elabRules_Mathlib_Tactic_casesM_1 took 0.915ms
interpretation of Mathlib.Tactic._aux_Mathlib_Tactic_CasesM___elabRules_Mathlib_Tactic_casesm!_1 took 0.896ms
interpretation of Mathlib.Tactic._aux_Mathlib_Tactic_CasesM___elabRules_Mathlib_Tactic_casesType_1 took 0.85ms
interpretation of Mathlib.Tactic._aux_Mathlib_Tactic_CasesM___elabRules_Mathlib_Tactic_casesType!_1 took 1.62ms
interpretation of Mathlib.Tactic._aux_Mathlib_Tactic_CasesM___elabRules_Mathlib_Tactic_constructorM_1 took 1.23ms
interpretation of Mathlib.Tactic.Tauto._aux_Mathlib_Tactic_Tauto___elabRules_Mathlib_Tactic_Tauto_tauto_1 took 0.982ms
interpretation of Plausible.Decorations._aux_Plausible_Testable___elabRules_Plausible_Decorations_tacticMk_decorations_1 took 0.958ms
interpretation of _aux_Plausible_Tactic___elabRules_plausibleSyntax_1 took 0.897ms
interpretation of Batteries.Tactic._aux_Batteries_Tactic_Case___elabRules_Batteries_Tactic_casePatt_1 took 1.03ms
interpretation of Batteries.Tactic._aux_Batteries_Tactic_Case___elabRules_Batteries_Tactic_casePatt'_1 took 1.07ms
interpretation of Batteries.Tactic._aux_Batteries_Tactic_GeneralizeProofs___elabRules_Batteries_Tactic_generalizeProofsElab_1 took 0.763ms
interpretation of LeanSearchClient.leanSearchTacticImpl took 1.26ms
interpretation of LeanSearchClient.stateSearchTacticImpl took 1.34ms
interpretation of LeanSearchClient.searchTacticImpl took 1.1ms
interpretation of LeanSearchClient.loogleTacticImpl took 0.673ms
interpretation of LeanSearchClient.justLoogleTacticImpl took 0.641ms
interpretation of _aux_Mathlib_Tactic_ApplyCongr___elabRules_Lean_Parser_Tactic_applyCongr_1 took 0.825ms
interpretation of Mathlib.Tactic._aux_Mathlib_Tactic_ApplyAt___elabRules_Mathlib_Tactic_tacticApply_At__1 took 0.916ms
interpretation of Mathlib.Tactic._aux_Mathlib_Tactic_ApplyWith___elabRules_Mathlib_Tactic_applyWith_1 took 0.856ms
interpretation of Mathlib.Tactic.evalIntrov took 0.641ms
interpretation of Mathlib.Tactic._aux_Mathlib_Tactic_Basic___elabRules_Mathlib_Tactic_clearAuxDecl_1 took 0.856ms
interpretation of Mathlib.Tactic._aux_Mathlib_Tactic_Check___elabRules_Mathlib_Tactic_tactic#check___1 took 0.876ms
interpretation of Mathlib.Tactic._aux_Mathlib_Tactic_Check___elabRules_Mathlib_Tactic_tactic#check'___1 took 0.935ms
interpretation of Mathlib.Tactic._aux_Mathlib_Tactic_ClearExclamation___elabRules_Mathlib_Tactic_clear!_1 took 0.922ms
interpretation of Lean.Elab.Tactic._aux_Mathlib_Tactic_ClearExcept___elabRules_Lean_Elab_Tactic_clearExceptTactic_1 took 0.823ms
interpretation of Mathlib.Tactic._aux_Mathlib_Tactic_Clear____elabRules_Mathlib_Tactic_clear__1 took 1.38ms
interpretation of ProofWidgets.withPanelWidgets took 0.99ms
interpretation of Mathlib.Tactic._aux_Mathlib_Tactic_CongrM___elabRules_Mathlib_Tactic_congrM_1 took 1.22ms
interpretation of _aux_Mathlib_Tactic_Constructor___elabRules_tacticFconstructor_1 took 0.793ms
interpretation of _aux_Mathlib_Tactic_Constructor___elabRules_tacticEconstructor_1 took 0.727ms
interpretation of Mathlib.Tactic.DefEqAbuse._aux_Mathlib_Tactic_DefEqAbuse___elabRules_Mathlib_Tactic_DefEqAbuse_defeqAbuse_1 took 0.6ms
interpretation of Mathlib.Tactic._aux_Mathlib_Tactic_DefEqTransformations___elabRules_Mathlib_Tactic_tacticWhnf___1 took 0.712ms
interpretation of Mathlib.Tactic._aux_Mathlib_Tactic_DefEqTransformations___elabRules_Mathlib_Tactic_betaReduceStx_1 took 0.701ms
interpretation of Mathlib.Tactic._aux_Mathlib_Tactic_DefEqTransformations___elabRules_Mathlib_Tactic_convBeta_reduce_1 took 0.767ms
interpretation of Mathlib.Tactic._aux_Mathlib_Tactic_DefEqTransformations___elabRules_Mathlib_Tactic_tacticReduce___1 took 0.79ms
interpretation of Mathlib.Tactic._aux_Mathlib_Tactic_DefEqTransformations___elabRules_Mathlib_Tactic_refoldLetStx_1 took 1.31ms
interpretation of Mathlib.Tactic._aux_Mathlib_Tactic_DefEqTransformations___elabRules_Mathlib_Tactic_convRefold_let____1 took 0.584ms
interpretation of Mathlib.Tactic._aux_Mathlib_Tactic_DefEqTransformations___elabRules_Mathlib_Tactic_unfoldProjsStx_1 took 0.756ms
interpretation of Mathlib.Tactic._aux_Mathlib_Tactic_DefEqTransformations___elabRules_Mathlib_Tactic_convUnfold_projs_1 took 0.686ms
interpretation of Mathlib.Tactic._aux_Mathlib_Tactic_DefEqTransformations___elabRules_Mathlib_Tactic_etaReduceStx_1 took 0.878ms
interpretation of Mathlib.Tactic._aux_Mathlib_Tactic_DefEqTransformations___elabRules_Mathlib_Tactic_convEta_reduce_1 took 0.756ms
interpretation of Mathlib.Tactic._aux_Mathlib_Tactic_DefEqTransformations___elabRules_Mathlib_Tactic_etaExpandStx_1 took 0.851ms
interpretation of Mathlib.Tactic._aux_Mathlib_Tactic_DefEqTransformations___elabRules_Mathlib_Tactic_convEta_expand_1 took 0.697ms
interpretation of Mathlib.Tactic._aux_Mathlib_Tactic_DefEqTransformations___elabRules_Mathlib_Tactic_etaStructStx_1 took 1.07ms
interpretation of Mathlib.Tactic._aux_Mathlib_Tactic_DefEqTransformations___elabRules_Mathlib_Tactic_convEta_struct_1 took 1.23ms
interpretation of Mathlib.Tactic.Erw?._aux_Mathlib_Tactic_ErwQuestion___elabRules_Mathlib_Tactic_Erw?_erw?_1 took 1.44ms
interpretation of Mathlib.Tactic._aux_Mathlib_Tactic_FailIfNoProgress___elabRules_Mathlib_Tactic_failIfNoProgress_1 took 1.56ms
interpretation of Mathlib.Tactic.Find._aux_Mathlib_Tactic_Find___elabRules_Mathlib_Tactic_Find_tacticFind_1 took 0.969ms
interpretation of Mathlib.Tactic.Find._aux_Mathlib_Tactic_Find___elabRules_Mathlib_Tactic_Find_tactic#find__1 took 0.891ms
interpretation of Mathlib.Tactic._aux_Mathlib_Tactic_InferParam___elabRules_Mathlib_Tactic_inferOptParam_1 took 0.845ms
interpretation of Mathlib.Meta.FunProp.funPropTac took 0.642ms
interpretation of Mathlib.Tactic.Hint._aux_Mathlib_Tactic_Hint___elabRules_Mathlib_Tactic_Hint_hintStx_1 took 0.828ms
interpretation of _aux_Mathlib_Tactic_GuardGoalNums___elabRules_guardGoalNums_1 took 0.771ms
interpretation of _aux_Mathlib_Tactic_GuardHypNums___elabRules_guardHypNums_1 took 0.824ms
interpretation of Mathlib.Tactic.LibrarySearch._aux_Mathlib_Tactic_Observe___elabRules_Mathlib_Tactic_LibrarySearch_observe_1 took 0.597ms
interpretation of Mathlib.Tactic._aux_Mathlib_Tactic_Recover___elabRules_Mathlib_Tactic_tacticRecover__1 took 0.768ms
interpretation of Mathlib.Tactic._aux_Mathlib_Tactic_Rename___elabRules_Mathlib_Tactic_rename'_1 took 0.816ms
interpretation of Mathlib.Tactic._aux_Mathlib_Tactic_RenameBVar___elabRules_Mathlib_Tactic_tacticRename_bvar_→___1 took 0.685ms
interpretation of Mathlib.Tactic.Says._aux_Mathlib_Tactic_Says___elabRules_Mathlib_Tactic_Says_says_1 took 1.07ms
interpretation of Mathlib.Tactic._aux_Mathlib_Tactic_Set___elabRules_Mathlib_Tactic_setTactic_1 took 1.08ms
interpretation of Mathlib.Tactic._aux_Mathlib_Tactic_SimpIntro___elabRules_Mathlib_Tactic_tacticSimp_intro_____..Only__1 took 0.79ms
interpretation of Mathlib.Tactic.Substs._aux_Mathlib_Tactic_Substs___elabRules_Mathlib_Tactic_Substs_substs_1 took 1.48ms
interpretation of Mathlib.Tactic._aux_Mathlib_Tactic_SuccessIfFailWithMsg___elabRules_Mathlib_Tactic_successIfFailWithMsg_1 took 0.786ms
interpretation of Mathlib.Tactic._aux_Mathlib_Tactic_SwapVar___elabRules_Mathlib_Tactic_tacticSwap_var__,,_1 took 1.01ms
interpretation of _aux_Mathlib_Tactic_Trace___elabRules_Lean_Parser_Tactic_trace_1 took 1.16ms
interpretation of Lean.Elab.Tactic._aux_Mathlib_Tactic_Widget_Calc___elabRules_Lean_Elab_Tactic_tacticCalc?_1 took 1.12ms
interpretation of Lean.Elab.Tactic._aux_Mathlib_Tactic_Widget_Calc___elabRules_Lean_calcTactic_1 took 0.802ms
interpretation of _aux_Mathlib_Tactic_Widget_CongrM___elabRules_tacticCongrm?_1 took 0.798ms
interpretation of Mathlib.Tactic.Conv._aux_Mathlib_Tactic_Widget_Conv___elabRules_Mathlib_Tactic_Conv_tacticConv?_1 took 0.908ms
interpretation of Mathlib.Tactic.LibraryRewrite._aux_Mathlib_Tactic_Widget_LibraryRewrite___elabRules_Mathlib_Tactic_LibraryRewrite_tacticRw??_1 took 0.625ms
interpretation of Mathlib.Tactic._aux_Mathlib_Tactic_WLOG___elabRules_Mathlib_Tactic_wlog_1 took 0.793ms
interpretation of Mathlib.Tactic._aux_Mathlib_Tactic_WLOG___elabRules_Mathlib_Tactic_wlog!_1 took 0.83ms
interpretation of Mathlib.CountHeartbeats._aux_Mathlib_Util_CountHeartbeats___elabRules_Mathlib_CountHeartbeats_tactic#count_heartbeats__1 took 0.575ms
interpretation of Mathlib.CountHeartbeats._aux_Mathlib_Util_CountHeartbeats___elabRules_Mathlib_CountHeartbeats_tactic#count_heartbeats!_In___1 took 0.571ms
interpretation of Mathlib.Tactic.TFAE._aux_Mathlib_Tactic_TFAE___elabRules_Mathlib_Tactic_TFAE_tfaeHave_1 took 0.86ms
interpretation of Mathlib.Tactic.TFAE._aux_Mathlib_Tactic_TFAE___elabRules_Mathlib_Tactic_TFAE_tfaeFinish_1 took 1.13ms
interpretation of Mathlib.Tactic.TFAE._aux_Mathlib_Tactic_TFAE___elabRules_Mathlib_Tactic_TFAE_tfaeHave'_1 took 1.47ms
interpretation of Mathlib.Tactic._aux_Mathlib_Tactic_NormNum_Core___elabRules_Mathlib_Tactic_normNum_1 took 1.27ms
interpretation of Mathlib.Tactic._aux_Mathlib_Tactic_NormNum_Core___elabRules_Mathlib_Tactic_normNum1_1 took 1.11ms
interpretation of Mathlib.Tactic.elabNormNum1Conv took 0.83ms
interpretation of Mathlib.Tactic.elabNormNumConv took 0.676ms
interpretation of Mathlib.Tactic.Positivity._aux_Mathlib_Tactic_Positivity_Core___elabRules_Mathlib_Tactic_Positivity_positivity_1 took 0.747ms
interpretation of Mathlib.Tactic._aux_Mathlib_Tactic_ApplyFun___elabRules_Mathlib_Tactic_applyFun_1 took 0.992ms
interpretation of Mathlib.Tactic._aux_Mathlib_Tactic_CancelDenoms_Core___elabRules_Mathlib_Tactic_tacticCancel_denoms__1 took 1.24ms
interpretation of Mathlib.Tactic.Ring._aux_Mathlib_Tactic_Ring_Basic___elabRules_Mathlib_Tactic_Ring_ring1_1 took 1.42ms
interpretation of Mathlib.Tactic._aux_Mathlib_Tactic_Linarith_Frontend___elabRules_Mathlib_Tactic_linarith_1 took 1.02ms
interpretation of Mathlib.Tactic._aux_Mathlib_Tactic_Linarith_Frontend___elabRules_Mathlib_Tactic_linarith?_1 took 1.04ms
interpretation of Mathlib.Tactic._aux_Mathlib_Tactic_Linarith_Frontend___elabRules_Mathlib_Tactic_nlinarith_1 took 0.869ms
interpretation of Mathlib.Tactic.FieldSimp._aux_Mathlib_Tactic_FieldSimp_Discharger___elabRules_Mathlib_Tactic_FieldSimp_tacticField_simp_discharge_1 took 0.706ms
interpretation of Mathlib.Tactic.FieldSimp._aux_Mathlib_Tactic_FieldSimp___elabRules_Mathlib_Tactic_FieldSimp_fieldSimp_1 took 1.35ms
interpretation of Mathlib.Tactic.FieldSimp._aux_Mathlib_Tactic_FieldSimp___elabRules_Mathlib_Tactic_FieldSimp_convField_simp___1 took 0.866ms
interpretation of Mathlib.Tactic._aux_Mathlib_Tactic_TryThis___elabRules_Mathlib_Tactic_tacticTry_this___1 took 0.984ms
interpretation of Mathlib.Tactic._aux_Mathlib_Tactic_TryThis___elabRules_Mathlib_Tactic_convTry_this___1 took 0.862ms
interpretation of Mathlib.Tactic.RingNF._aux_Mathlib_Tactic_Ring_RingNF___elabRules_Mathlib_Tactic_RingNF_ringNF_1 took 1.26ms
interpretation of Mathlib.Tactic.RingNF._aux_Mathlib_Tactic_Ring_RingNF___elabRules_Mathlib_Tactic_RingNF_ring1NF_1 took 1.2ms
interpretation of Mathlib.Tactic.RingNF.elabRingNFConv took 0.73ms
interpretation of Mathlib.Tactic.Abel._aux_Mathlib_Tactic_Abel___elabRules_Mathlib_Tactic_Abel_abel1_1 took 0.89ms
interpretation of Mathlib.Tactic.Abel._aux_Mathlib_Tactic_Abel___elabRules_Mathlib_Tactic_Abel_abelNF_1 took 1.3ms
interpretation of Mathlib.Tactic.Abel.elabAbelNFConv took 0.688ms
interpretation of Lean.Elab.Tactic._aux_Mathlib_Tactic_FinCases___elabRules_Lean_Elab_Tactic_finCases_1 took 0.882ms
interpretation of Lean.Elab.Tactic._aux_Mathlib_Tactic_FinCases___elabRules_Lean_Elab_Tactic_finCases_1 took 0.0035ms
interpretation of Mathlib.Tactic.Module._aux_Mathlib_Tactic_Module___elabRules_Mathlib_Tactic_Module_tacticMatch_scalars_1 took 0.602ms
interpretation of Mathlib.Tactic.Module._aux_Mathlib_Tactic_Module___elabRules_Mathlib_Tactic_Module_tacticModule_1 took 0.729ms
interpretation of Mathlib.Tactic.LinearCombination._aux_Mathlib_Tactic_LinearCombination___elabRules_Mathlib_Tactic_LinearCombination_linearCombination_1 took 0.574ms
interpretation of Mathlib.Tactic.FieldSimp._aux_Mathlib_Tactic_Field___elabRules_Mathlib_Tactic_FieldSimp_field_1 took 0.894ms
interpretation of Mathlib.Tactic._aux_Mathlib_Order_Filter_Defs___elabRules_Mathlib_Tactic_filterUpwards_1 took 1.04ms
interpretation of Mathlib.Tactic.TautoSet._aux_Mathlib_Tactic_TautoSet___elabRules_Mathlib_Tactic_TautoSet_specialize_all_1 took 0.587ms
interpretation of Mathlib.Tactic.Order._aux_Mathlib_Tactic_Order___elabRules__private_Mathlib_Tactic_Order_0_Mathlib_Tactic_Order_order_core_1 took 0.606ms
interpretation of _aux_Mathlib_Tactic_Bound___elabRules_tacticBound[_]_1 took 0.884ms
interpretation of Mathlib.Tactic.MfldSetTac._aux_Mathlib_Logic_Equiv_PartialEquiv___elabRules_Mathlib_Tactic_MfldSetTac_mfldSetTac_1 took 0.616ms
interpretation of Batteries.Tactic.Alias._aux_Batteries_Tactic_Alias___elabRules_Batteries_Tactic_Alias_alias_1 took 0.942ms
interpretation of Batteries.Tactic.Alias._aux_Batteries_Tactic_Alias___elabRules_Batteries_Tactic_Alias_aliasLR_1 took 0.831ms
interpretation of Lean.Linter._aux_Lean_Linter_Sets___elabRules_Lean_Linter_command_Register_linter_set_:=__1 took 0.19ms
interpretation of _aux_Mathlib_Tactic_AdaptationNote___elabRules_adaptationNoteCmd_1 took 1.35ms
interpretation of Mathlib.Linter.UnusedTactic._aux_Mathlib_Tactic_Linter_UnusedTacticExtension___elabRules_Mathlib_Linter_UnusedTactic_command#allow_unused_tactic!____1 took 0.789ms
interpretation of Mathlib.Linter.UnusedTactic._aux_Mathlib_Tactic_Linter_UnusedTacticExtension___elabRules_Mathlib_Linter_UnusedTactic_command#show_kind__1 took 0.591ms
interpretation of Mathlib.Command.MinImports._aux_Mathlib_Tactic_MinImports___elabRules_Mathlib_Command_MinImports_minImpsStx_1 took 0.6ms
interpretation of Mathlib.Command.MinImports._aux_Mathlib_Tactic_MinImports___elabRules_Mathlib_Command_MinImports_command#min_importsIn__1 took 0.602ms
interpretation of Mathlib.GuardExceptions._aux_Mathlib_Util_ParseCommand___elabRules_Mathlib_GuardExceptions_parseCmd_1 took 0.731ms
interpretation of Batteries.Util.LibraryNote._aux_Batteries_Util_LibraryNote___elabRules_Batteries_Util_LibraryNote_commandLibrary_note____1 took 0.55ms
interpretation of Batteries.Tactic._aux_Batteries_Tactic_HelpCmd___elabRules_Batteries_Tactic_command#help_Option____1 took 0.649ms
interpretation of Batteries.Tactic._aux_Batteries_Tactic_HelpCmd___elabRules_Batteries_Tactic_command#help_AttrAttribute____1 took 0.546ms
interpretation of Batteries.Tactic._aux_Batteries_Tactic_HelpCmd___elabRules_Batteries_Tactic_command#help_Cats____1 took 0.537ms
interpretation of Batteries.Tactic._aux_Batteries_Tactic_HelpCmd___elabRules_Batteries_Tactic_command#help_Cat+_______1 took 0.91ms
interpretation of Batteries.Tactic._aux_Batteries_Tactic_HelpCmd___elabRules_Batteries_Tactic_command#help_Note____1 took 0.991ms
interpretation of elabTheoremWanted took 1.17ms
interpretation of elabProofWanted took 0.81ms
interpretation of elabDefWanted took 0.601ms
interpretation of elabInstanceWanted took 1.01ms
interpretation of _aux_ImportGraph_Tools_FindHome___elabRules_command#find_home!__1 took 1.27ms
interpretation of _aux_ImportGraph_Tools_ImportDiff___elabRules_command#import_diff__1 took 1.23ms
interpretation of _aux_ImportGraph_Tools_MinImports___elabRules_command#min_imports_1 took 1.44ms
interpretation of _aux_ImportGraph_Tools_MinImports___elabRules_command#minimize_imports_1 took 1.56ms
interpretation of _aux_ImportGraph_Tools_RedundantImports___elabRules_command#redundant_imports_1 took 1.16ms
interpretation of Lean.Elab.Command.elabOpenPrivate took 0.586ms
interpretation of Lean.Elab.Command.elabExportPrivate took 0.568ms
interpretation of Batteries.Tactic.Lint._aux_Batteries_Tactic_Lint_Frontend___elabRules_Batteries_Tactic_Lint_command#lint+-*Only____1 took 0.544ms
interpretation of Batteries.Tactic.Lint._aux_Batteries_Tactic_Lint_Frontend___elabRules_Batteries_Tactic_Lint_command#list_linters_1 took 0.572ms
interpretation of Mathlib.Tactic.ToAdditive._aux_Mathlib_Tactic_Translate_ToAdditive___elabRules_Mathlib_Tactic_ToAdditive_commandInsert_to_additive_translation___1 took 0.534ms
interpretation of Mathlib.Tactic.ToAdditive._aux_Mathlib_Tactic_Translate_ToAdditive___elabRules_Mathlib_Tactic_ToAdditive_commandTo_additive_name_hint___1 took 0.533ms
interpretation of Mathlib.Tactic.MkIff._aux_Mathlib_Tactic_MkIffOfInductiveProp___elabRules_Mathlib_Tactic_MkIff_mkIffOfInductiveProp_1 took 0.524ms
interpretation of Simps.elabInitializeSimpsProjections took 0.601ms
interpretation of Mathlib.CrossRef._aux_Mathlib_Tactic_CrossRefAttribute___elabRules_Mathlib_CrossRef_stacksTags_1 took 0.8ms
interpretation of Mathlib.CrossRef._aux_Mathlib_Tactic_CrossRefAttribute___elabRules_Mathlib_CrossRef_kerodonTags_1 took 0.835ms
interpretation of Mathlib.CrossRef._aux_Mathlib_Tactic_CrossRefAttribute___elabRules_Mathlib_CrossRef_wikidataTags_1 took 0.713ms
interpretation of Mathlib.CrossRef._aux_Mathlib_Tactic_CrossRefAttribute___elabRules_Mathlib_CrossRef_lmfdbTags_1 took 0.828ms
interpretation of Mathlib.CrossRef._aux_Mathlib_Tactic_CrossRefAttribute___elabRules_Mathlib_CrossRef_dlmfTags_1 took 0.887ms
interpretation of Mathlib.Tactic.ToDual._aux_Mathlib_Tactic_Translate_ToDual___elabRules_Mathlib_Tactic_ToDual_commandTo_dual_insert_cast_:=__1 took 0.581ms
interpretation of Mathlib.Tactic.ToDual._aux_Mathlib_Tactic_Translate_ToDual___elabRules_Mathlib_Tactic_ToDual_commandTo_dual_insert_cast_fun_:=_,__1 took 0.584ms
interpretation of Mathlib.Tactic.ToDual._aux_Mathlib_Tactic_Translate_ToDual___elabRules_Mathlib_Tactic_ToDual_commandTo_dual_name_hint__,,_1 took 0.606ms
interpretation of Mathlib.Tactic.ExtendDocs._aux_Mathlib_Tactic_ExtendDoc___elabRules_Mathlib_Tactic_ExtendDocs_commandExtend_docs__Before__After__1 took 0.823ms
interpretation of Mathlib.Util._aux_Mathlib_Util_CompileInductive___elabRules_Mathlib_Util_commandCompile_def%__1 took 0.911ms
interpretation of Mathlib.Util._aux_Mathlib_Util_CompileInductive___elabRules_Mathlib_Util_commandCompile_inductive%__1 took 0.555ms
interpretation of Lean.Elab.Command._aux_Mathlib_Util_WithWeakNamespace___elabRules_Lean_Elab_Command_commandWith_weak_namespace___1 took 0.553ms
interpretation of Mathlib.Notation3._aux_Mathlib_Util_Notation3___elabRules_Mathlib_Notation3_notation3_1 took 0.902ms
interpretation of Aesop.Frontend.Parser._aux_Aesop_Frontend_Command___elabRules_Aesop_Frontend_Parser_declareRuleSets_1 took 0.715ms
interpretation of Aesop.Frontend.Parser._aux_Aesop_Frontend_Command___elabRules_Aesop_Frontend_Parser_addRules_1 took 0.846ms
interpretation of Aesop.Frontend.Parser._aux_Aesop_Frontend_Command___elabRules_Aesop_Frontend_Parser_eraseRules_1 took 0.87ms
interpretation of Aesop.Frontend.Parser._aux_Aesop_Frontend_Command___elabRules_Aesop_Frontend_Parser_showRules_1 took 0.841ms
interpretation of Aesop.Frontend.Parser._aux_Aesop_Frontend_Command___elabRules_Aesop_Frontend_Parser_showStats_1 took 0.912ms
interpretation of Mathlib.Tactic.Conv._aux_Mathlib_Tactic_Conv___elabRules_Mathlib_Tactic_Conv_command#conv_=>__1 took 0.596ms
interpretation of Mathlib.Tactic.Push.elabPushTree took 0.66ms
interpretation of Plausible._aux_Plausible_Sampleable___elabRules_Plausible_command#sample__1 took 0.929ms
interpretation of LeanSearchClient.leanSearchCommandImpl took 0.688ms
interpretation of LeanSearchClient.searchCommandImpl took 0.755ms
interpretation of LeanSearchClient.loogleCmdImpl took 0.675ms
interpretation of LeanSearchClient.justLoogleCmdImpl took 0.711ms
interpretation of Mathlib.Tactic.elabVariables took 0.682ms
interpretation of Mathlib.Tactic._aux_Mathlib_Tactic_Check___elabRules_Mathlib_Tactic_command#check'__1 took 0.862ms
interpretation of Lean.Widget.elabShowPanelWidgetsCmd took 0.595ms
interpretation of Lean.Widget.elabWidgetCmd took 0.157ms
interpretation of Mathlib.Tactic.ClickSuggestions._aux_Mathlib_Tactic_ClickSuggestions_Unfold___elabRules_Mathlib_Tactic_ClickSuggestions_command#unfold?__1 took 0.966ms
interpretation of Mathlib.Tactic.ClickSuggestions._aux_Mathlib_Tactic_ClickSuggestions___elabRules_Mathlib_Tactic_ClickSuggestions_command#click_suggestions_1 took 0.984ms
interpretation of Mathlib.Tactic.DefEqAbuse._aux_Mathlib_Tactic_DefEqAbuse___elabRules_Mathlib_Tactic_DefEqAbuse_defeqAbuseCmd_1 took 1.15ms
interpretation of Mathlib.Tactic.DeprecateTo._aux_Mathlib_Tactic_DeprecateTo___elabRules_Mathlib_Tactic_DeprecateTo_commandDeprecateTo_______1 took 0.984ms
interpretation of Mathlib.Tactic.Find._aux_Mathlib_Tactic_Find___elabRules_Mathlib_Tactic_Find_command#find__1 took 1.51ms
interpretation of Mathlib.Meta.FunProp._aux_Mathlib_Tactic_FunProp_Elab___elabRules_Mathlib_Meta_FunProp_command#print_fun_prop_theorems___1 took 0.862ms
interpretation of Mathlib.Tactic.Hint._aux_Mathlib_Tactic_Hint___elabRules_Mathlib_Tactic_Hint_registerHintStx_1 took 1.15ms
interpretation of Lean.Elab.Command._aux_Mathlib_Tactic_IrreducibleDef___elabRules__private_Mathlib_Tactic_IrreducibleDef_0_Lean_Elab_Command_commandStop_at_first_error___1 took 1.01ms
interpretation of Lean.Elab.Command._aux_Mathlib_Tactic_IrreducibleDef___elabRules_Lean_Elab_Command_command_Irreducible_def_____1 took 0.852ms
interpretation of Mathlib.Linter._aux_Mathlib_Tactic_Linter_MinImports___elabRules_Mathlib_Linter_command#reset_min_imports_1 took 0.71ms
interpretation of _aux_Mathlib_Tactic_SudoSetOption___elabRules_commandSudoSet_option____1 took 0.751ms
interpretation of Lean.Elab.Command._aux_Mathlib_Tactic_UnsetOption___elabRules_Lean_Elab_Command_unsetOption_1 took 0.809ms
interpretation of Mathlib.Command.Variable.elabVariables took 0.554ms
interpretation of Mathlib.Tactic.LibraryRewrite.elabrw??Command took 0.638ms
interpretation of Mathlib.CountHeartbeats._aux_Mathlib_Util_CountHeartbeats___elabRules_Mathlib_CountHeartbeats_command#count_heartbeatsApproximatelyIn___1 took 0.556ms
interpretation of Mathlib.CountHeartbeats._aux_Mathlib_Util_CountHeartbeats___elabRules_Mathlib_CountHeartbeats_commandGuard_min_heartbeatsApproximately_In___1 took 0.558ms
interpretation of Mathlib.CountHeartbeats._aux_Mathlib_Util_CountHeartbeats___elabRules_Mathlib_CountHeartbeats_command#count_heartbeats!_In___1 took 0.566ms
interpretation of Mathlib.PrintSorries._aux_Mathlib_Util_PrintSorries___elabRules_Mathlib_PrintSorries_printSorriesStx_1 took 1.24ms
interpretation of Mathlib.PrintSorries._aux_Mathlib_Util_PrintSorries___elabRules_Mathlib_PrintSorries_command#printSorriesIn__1 took 0.893ms
interpretation of _aux_Mathlib_Util_TransImports___elabRules_transImportsStx_1 took 1.24ms
interpretation of Mathlib.WhatsNew._aux_Mathlib_Util_WhatsNew___elabRules_Mathlib_WhatsNew_command#whats_newIn___1 took 1.17ms
interpretation of Mathlib.Command.Variable.ignorevariable? took 0.633ms
interpretation of Batteries.CodeAction.instanceStub took 0.637ms
interpretation of Batteries.CodeAction.eqnStub took 0.65ms
interpretation of Batteries.CodeAction.startTacticStub took 0.742ms
interpretation of Batteries.CodeAction.matchExpand took 0.598ms
interpretation of _private.Batteries.Tactic.Lint.Basic.0.Batteries.Tactic.Lint.initFn._lam_1._@.Batteries.Tactic.Lint.Basic.880347739._hygCtx._hyg.2._boxed took 8.06ms
interpretation of _private.Mathlib.Tactic.Linter.UnusedTacticExtension.0.Mathlib.Linter.UnusedTactic.initFn._lam_1._@.Mathlib.Tactic.Linter.UnusedTacticExtension.2679548081._hygCtx._hyg.2._boxed took 5.49ms
interpretation of linarithToGrindRegressions took 18.6ms
interpretation of linter.tacticAnalysis.regressions.linarithToGrind took 0.0107ms
interpretation of ringToGrindRegressions took 7.56ms
interpretation of linter.tacticAnalysis.regressions.ringToGrind took 0.0084ms
interpretation of omegaToLiaRegressions took 7.22ms
interpretation of linter.tacticAnalysis.regressions.omegaToLia took 0.004ms
interpretation of omegaToLia took 1.66ms
interpretation of linter.tacticAnalysis.omegaToLia took 0.0037ms
interpretation of Mathlib.TacticAnalysis.rwMerge took 9.4ms
interpretation of linter.tacticAnalysis.rwMerge took 0.0126ms
interpretation of Mathlib.TacticAnalysis.mergeWithGrind took 8.46ms
interpretation of linter.tacticAnalysis.mergeWithGrind took 0.0086ms
interpretation of Mathlib.TacticAnalysis.terminalToGrind took 3.48ms
interpretation of linter.tacticAnalysis.terminalToGrind took 0.0067ms
interpretation of tryAtEachStepGrind took 6.62ms
interpretation of linter.tacticAnalysis.tryAtEachStepGrind took 0.0061ms
interpretation of tryAtEachStepSimpAll took 3.49ms
interpretation of linter.tacticAnalysis.tryAtEachStepSimpAll took 0.0038ms
interpretation of tryAtEachStepAesop took 2.72ms
interpretation of linter.tacticAnalysis.tryAtEachStepAesop took 0.0033ms
interpretation of tryAtEachStepGrindSuggestions took 4.61ms
interpretation of linter.tacticAnalysis.tryAtEachStepGrindSuggestions took 0.0056ms
interpretation of tryAtEachStepSimpAllSuggestions took 3.25ms
interpretation of linter.tacticAnalysis.tryAtEachStepSimpAllSuggestions took 0.0037ms
interpretation of tryAtEachStepFromEnv took 2.93ms
interpretation of linter.tacticAnalysis.tryAtEachStepFromEnv took 0.0059ms
interpretation of Mathlib.TacticAnalysis.introMerge took 10.5ms
interpretation of linter.tacticAnalysis.introMerge took 0.0123ms
interpretation of verifyGrind took 4.48ms
interpretation of linter.tacticAnalysis.verifyGrind took 0.0094ms
interpretation of verifyGrindSuggestions took 5.58ms
interpretation of linter.tacticAnalysis.verifyGrindSuggestions took 0.0082ms
interpretation of verifyGrindOnly took 3.45ms
interpretation of linter.tacticAnalysis.verifyGrindOnly took 0.0057ms
interpretation of tautoToGrind took 5.09ms
interpretation of linter.tacticAnalysis.tautoToGrind took 0.0038ms
interpretation of tautoToGrindRegressions took 2.95ms
interpretation of linter.tacticAnalysis.regressions.tautoToGrind took 0.0034ms
interpretation of _private.Mathlib.Tactic.TacticAnalysis.0.Mathlib.TacticAnalysis.initFn._lam_4._@.Mathlib.Tactic.TacticAnalysis.358552301._hygCtx._hyg.2._boxed took 15.1ms
interpretation of _private.Batteries.Util.LibraryNote.0.Batteries.Util.LibraryNote.initFn._lam_1._@.Batteries.Util.LibraryNote.1081991270._hygCtx._hyg.2._boxed took 2.7ms
interpretation of _private.Batteries.Util.ProofWanted.0.initFn._lam_1._@.Batteries.Util.ProofWanted.2313051376._hygCtx._hyg.2._boxed took 0.0222ms
interpretation of _private.Batteries.Util.ProofWanted.0.initFn._lam_1._@.Batteries.Util.ProofWanted.3080469459._hygCtx._hyg.2._boxed took 0.0091ms
interpretation of _private.Batteries.Tactic.Trans.0.Batteries.Tactic.initFn._lam_1._@.Batteries.Tactic.Trans.3788219280._hygCtx._hyg.2 took 3.35ms
interpretation of _private.Batteries.Tactic.Trans.0.Batteries.Tactic.initFn._lam_1._@.Batteries.Tactic.Trans.3788219280._hygCtx._hyg.2 took 1.05ms
interpretation of _private.Batteries.Tactic.Trans.0.Batteries.Tactic.initFn._lam_1._@.Batteries.Tactic.Trans.3788219280._hygCtx._hyg.2 took 0.0655ms
interpretation of _private.Batteries.Tactic.Trans.0.Batteries.Tactic.initFn._lam_1._@.Batteries.Tactic.Trans.3788219280._hygCtx._hyg.2 took 5.99ms
interpretation of _private.Batteries.Tactic.Trans.0.Batteries.Tactic.initFn._lam_1._@.Batteries.Tactic.Trans.3788219280._hygCtx._hyg.2 took 0.113ms
interpretation of _private.Batteries.Tactic.Trans.0.Batteries.Tactic.initFn._lam_1._@.Batteries.Tactic.Trans.3788219280._hygCtx._hyg.2 took 0.0664ms
interpretation of _private.Batteries.Tactic.Trans.0.Batteries.Tactic.initFn._lam_1._@.Batteries.Tactic.Trans.3788219280._hygCtx._hyg.2 took 0.0383ms
interpretation of _private.Batteries.Tactic.Trans.0.Batteries.Tactic.initFn._lam_1._@.Batteries.Tactic.Trans.3788219280._hygCtx._hyg.2 took 0.0587ms
interpretation of _private.Batteries.Tactic.Trans.0.Batteries.Tactic.initFn._lam_1._@.Batteries.Tactic.Trans.3788219280._hygCtx._hyg.2 took 0.0357ms
interpretation of _private.Batteries.Tactic.Trans.0.Batteries.Tactic.initFn._lam_1._@.Batteries.Tactic.Trans.3788219280._hygCtx._hyg.2 took 0.0421ms
interpretation of _private.Batteries.Tactic.Trans.0.Batteries.Tactic.initFn._lam_1._@.Batteries.Tactic.Trans.3788219280._hygCtx._hyg.2 took 5.2ms
interpretation of _private.Batteries.Tactic.Trans.0.Batteries.Tactic.initFn._lam_1._@.Batteries.Tactic.Trans.3788219280._hygCtx._hyg.2 took 0.0907ms
interpretation of _private.Batteries.Tactic.Trans.0.Batteries.Tactic.initFn._lam_1._@.Batteries.Tactic.Trans.3788219280._hygCtx._hyg.2 took 0.0305ms
interpretation of _private.Batteries.Tactic.Trans.0.Batteries.Tactic.initFn._lam_1._@.Batteries.Tactic.Trans.3788219280._hygCtx._hyg.2 took 0.0481ms
interpretation of _private.Batteries.Tactic.Trans.0.Batteries.Tactic.initFn._lam_1._@.Batteries.Tactic.Trans.3788219280._hygCtx._hyg.2 took 0.0234ms
interpretation of _private.Batteries.Tactic.Trans.0.Batteries.Tactic.initFn._lam_1._@.Batteries.Tactic.Trans.3788219280._hygCtx._hyg.2 took 0.088ms
interpretation of _private.Batteries.Tactic.Trans.0.Batteries.Tactic.initFn._lam_1._@.Batteries.Tactic.Trans.3788219280._hygCtx._hyg.2 took 0.0244ms
interpretation of _private.Batteries.Tactic.Trans.0.Batteries.Tactic.initFn._lam_1._@.Batteries.Tactic.Trans.3788219280._hygCtx._hyg.2 took 0.0222ms
interpretation of _private.Batteries.Tactic.Trans.0.Batteries.Tactic.initFn._lam_1._@.Batteries.Tactic.Trans.3788219280._hygCtx._hyg.2 took 0.027ms
interpretation of _private.Batteries.Tactic.Trans.0.Batteries.Tactic.initFn._lam_1._@.Batteries.Tactic.Trans.3788219280._hygCtx._hyg.2 took 0.0363ms
interpretation of _private.Batteries.Tactic.Trans.0.Batteries.Tactic.initFn._lam_1._@.Batteries.Tactic.Trans.3788219280._hygCtx._hyg.2 took 0.703ms
interpretation of _private.Batteries.Tactic.Trans.0.Batteries.Tactic.initFn._lam_1._@.Batteries.Tactic.Trans.3788219280._hygCtx._hyg.2 took 0.0482ms
interpretation of _private.Batteries.Tactic.Trans.0.Batteries.Tactic.initFn._lam_1._@.Batteries.Tactic.Trans.3788219280._hygCtx._hyg.2 took 0.0398ms
interpretation of _private.Batteries.Tactic.Trans.0.Batteries.Tactic.initFn._lam_1._@.Batteries.Tactic.Trans.3788219280._hygCtx._hyg.2 took 0.0314ms
interpretation of _private.Batteries.Tactic.Trans.0.Batteries.Tactic.initFn._lam_1._@.Batteries.Tactic.Trans.3788219280._hygCtx._hyg.2 took 0.0264ms
interpretation of _private.Batteries.Tactic.Trans.0.Batteries.Tactic.initFn._lam_1._@.Batteries.Tactic.Trans.3788219280._hygCtx._hyg.2 took 0.0289ms
interpretation of _private.Batteries.Tactic.Trans.0.Batteries.Tactic.initFn._lam_1._@.Batteries.Tactic.Trans.3788219280._hygCtx._hyg.2 took 0.0215ms
interpretation of _private.Batteries.Tactic.Trans.0.Batteries.Tactic.initFn._lam_1._@.Batteries.Tactic.Trans.3788219280._hygCtx._hyg.2 took 0.0222ms
interpretation of _private.Batteries.Tactic.Trans.0.Batteries.Tactic.initFn._lam_1._@.Batteries.Tactic.Trans.3788219280._hygCtx._hyg.2 took 0.0367ms
interpretation of _private.Batteries.Tactic.Trans.0.Batteries.Tactic.initFn._lam_1._@.Batteries.Tactic.Trans.3788219280._hygCtx._hyg.2 took 0.0675ms
interpretation of _private.Batteries.Tactic.Trans.0.Batteries.Tactic.initFn._lam_1._@.Batteries.Tactic.Trans.3788219280._hygCtx._hyg.2 took 0.0231ms
interpretation of _private.Batteries.Tactic.Trans.0.Batteries.Tactic.initFn._lam_1._@.Batteries.Tactic.Trans.3788219280._hygCtx._hyg.2 took 2.94ms
interpretation of _private.Batteries.Tactic.Trans.0.Batteries.Tactic.initFn._lam_1._@.Batteries.Tactic.Trans.3788219280._hygCtx._hyg.2 took 0.135ms
interpretation of _private.Batteries.Tactic.Trans.0.Batteries.Tactic.initFn._lam_1._@.Batteries.Tactic.Trans.3788219280._hygCtx._hyg.2 took 0.17ms
interpretation of _private.Batteries.Tactic.Trans.0.Batteries.Tactic.initFn._lam_1._@.Batteries.Tactic.Trans.3788219280._hygCtx._hyg.2 took 0.0906ms
interpretation of _private.Batteries.Tactic.Trans.0.Batteries.Tactic.initFn._lam_1._@.Batteries.Tactic.Trans.3788219280._hygCtx._hyg.2 took 0.0469ms
interpretation of _private.Batteries.Tactic.Trans.0.Batteries.Tactic.initFn._lam_1._@.Batteries.Tactic.Trans.3788219280._hygCtx._hyg.2 took 0.0573ms
interpretation of _private.Batteries.Tactic.Trans.0.Batteries.Tactic.initFn._lam_1._@.Batteries.Tactic.Trans.3788219280._hygCtx._hyg.2 took 0.0546ms
interpretation of _private.Batteries.Tactic.Trans.0.Batteries.Tactic.initFn._lam_1._@.Batteries.Tactic.Trans.3788219280._hygCtx._hyg.2 took 0.0965ms
interpretation of _private.Batteries.Tactic.Trans.0.Batteries.Tactic.initFn._lam_1._@.Batteries.Tactic.Trans.3788219280._hygCtx._hyg.2 took 0.0973ms
interpretation of _private.Batteries.Tactic.Trans.0.Batteries.Tactic.initFn._lam_1._@.Batteries.Tactic.Trans.3788219280._hygCtx._hyg.2 took 0.0373ms
interpretation of _private.Batteries.Tactic.Trans.0.Batteries.Tactic.initFn._lam_1._@.Batteries.Tactic.Trans.3788219280._hygCtx._hyg.2 took 0.0443ms
interpretation of _private.Batteries.Tactic.Trans.0.Batteries.Tactic.initFn._lam_1._@.Batteries.Tactic.Trans.3788219280._hygCtx._hyg.2 took 0.0962ms
interpretation of _private.Batteries.Tactic.Trans.0.Batteries.Tactic.initFn._lam_1._@.Batteries.Tactic.Trans.3788219280._hygCtx._hyg.2 took 0.06ms
interpretation of _private.Batteries.Tactic.Trans.0.Batteries.Tactic.initFn._lam_1._@.Batteries.Tactic.Trans.3788219280._hygCtx._hyg.2 took 0.228ms
interpretation of _private.Batteries.Tactic.Trans.0.Batteries.Tactic.initFn._lam_1._@.Batteries.Tactic.Trans.3788219280._hygCtx._hyg.2 took 0.0837ms
interpretation of _private.Batteries.Tactic.Trans.0.Batteries.Tactic.initFn._lam_1._@.Batteries.Tactic.Trans.3788219280._hygCtx._hyg.2 took 0.125ms
interpretation of _private.Batteries.Tactic.Trans.0.Batteries.Tactic.initFn._lam_1._@.Batteries.Tactic.Trans.3788219280._hygCtx._hyg.2 took 0.0284ms
interpretation of _private.Batteries.Tactic.Trans.0.Batteries.Tactic.initFn._lam_1._@.Batteries.Tactic.Trans.3788219280._hygCtx._hyg.2 took 0.133ms
interpretation of _private.Batteries.Tactic.Trans.0.Batteries.Tactic.initFn._lam_1._@.Batteries.Tactic.Trans.3788219280._hygCtx._hyg.2 took 0.0296ms
interpretation of _private.Batteries.Tactic.Trans.0.Batteries.Tactic.initFn._lam_1._@.Batteries.Tactic.Trans.3788219280._hygCtx._hyg.2 took 0.0313ms
interpretation of _private.Batteries.Tactic.Trans.0.Batteries.Tactic.initFn._lam_1._@.Batteries.Tactic.Trans.3788219280._hygCtx._hyg.2 took 0.0294ms
interpretation of _private.Batteries.Tactic.Trans.0.Batteries.Tactic.initFn._lam_1._@.Batteries.Tactic.Trans.3788219280._hygCtx._hyg.2 took 0.0248ms
interpretation of _private.Batteries.Tactic.Trans.0.Batteries.Tactic.initFn._lam_1._@.Batteries.Tactic.Trans.3788219280._hygCtx._hyg.2 took 0.0219ms
interpretation of _private.Batteries.Tactic.Trans.0.Batteries.Tactic.initFn._lam_1._@.Batteries.Tactic.Trans.3788219280._hygCtx._hyg.2 took 0.111ms
interpretation of _private.Batteries.Tactic.Trans.0.Batteries.Tactic.initFn._lam_1._@.Batteries.Tactic.Trans.3788219280._hygCtx._hyg.2 took 0.0766ms
interpretation of _private.Batteries.Tactic.Trans.0.Batteries.Tactic.initFn._lam_1._@.Batteries.Tactic.Trans.3788219280._hygCtx._hyg.2 took 0.0879ms
interpretation of _private.Batteries.Tactic.Trans.0.Batteries.Tactic.initFn._lam_1._@.Batteries.Tactic.Trans.3788219280._hygCtx._hyg.2 took 0.0761ms
interpretation of _private.Batteries.Tactic.Trans.0.Batteries.Tactic.initFn._lam_1._@.Batteries.Tactic.Trans.3788219280._hygCtx._hyg.2 took 0.0964ms
interpretation of _private.Batteries.Tactic.Trans.0.Batteries.Tactic.initFn._lam_1._@.Batteries.Tactic.Trans.3788219280._hygCtx._hyg.2 took 0.113ms
interpretation of _private.Batteries.Tactic.Trans.0.Batteries.Tactic.initFn._lam_1._@.Batteries.Tactic.Trans.3788219280._hygCtx._hyg.2 took 0.04ms
interpretation of _private.Batteries.Tactic.Trans.0.Batteries.Tactic.initFn._lam_1._@.Batteries.Tactic.Trans.3788219280._hygCtx._hyg.2 took 0.0263ms
interpretation of _private.Batteries.Tactic.Trans.0.Batteries.Tactic.initFn._lam_1._@.Batteries.Tactic.Trans.3788219280._hygCtx._hyg.2 took 0.0865ms
interpretation of _private.Batteries.Tactic.Trans.0.Batteries.Tactic.initFn._lam_1._@.Batteries.Tactic.Trans.3788219280._hygCtx._hyg.2 took 0.114ms
interpretation of _private.Batteries.Tactic.Trans.0.Batteries.Tactic.initFn._lam_1._@.Batteries.Tactic.Trans.3788219280._hygCtx._hyg.2 took 0.126ms
interpretation of _private.Batteries.Tactic.Trans.0.Batteries.Tactic.initFn._lam_1._@.Batteries.Tactic.Trans.3788219280._hygCtx._hyg.2 took 0.115ms
interpretation of _private.Batteries.Tactic.Trans.0.Batteries.Tactic.initFn._lam_1._@.Batteries.Tactic.Trans.3788219280._hygCtx._hyg.2 took 0.124ms
interpretation of _private.Batteries.Tactic.Trans.0.Batteries.Tactic.initFn._lam_1._@.Batteries.Tactic.Trans.3788219280._hygCtx._hyg.2 took 0.117ms
interpretation of _private.Batteries.Tactic.Trans.0.Batteries.Tactic.initFn._lam_1._@.Batteries.Tactic.Trans.3788219280._hygCtx._hyg.2 took 0.0446ms
interpretation of _private.Batteries.Tactic.Trans.0.Batteries.Tactic.initFn._lam_1._@.Batteries.Tactic.Trans.3788219280._hygCtx._hyg.2 took 0.167ms
interpretation of _private.Batteries.Tactic.Trans.0.Batteries.Tactic.initFn._lam_2._@.Batteries.Tactic.Trans.3788219280._hygCtx._hyg.2._boxed took 1.06ms
interpretation of Lean.registerNameMapExtension._redArg._lam_4 took 0.0138ms
interpretation of Lean.registerNameMapExtension._redArg._lam_4 took 0.007ms
interpretation of Lean.registerNameMapExtension._redArg._lam_4 took 0.0057ms
interpretation of Lean.registerNameMapExtension._redArg._lam_4 took 0.0059ms
interpretation of Lean.registerNameMapExtension._redArg._lam_4 took 0.0069ms
interpretation of Lean.registerNameMapExtension._redArg._lam_4 took 0.0073ms
interpretation of _private.Mathlib.Tactic.Push.Attr.0.Mathlib.Tactic.Push.initFn._lam_1._@.Mathlib.Tactic.Push.Attr.1668288364._hygCtx._hyg.2 took 3.04ms
interpretation of _private.Mathlib.Tactic.Push.Attr.0.Mathlib.Tactic.Push.initFn._lam_1._@.Mathlib.Tactic.Push.Attr.1668288364._hygCtx._hyg.2 took 4.7ms
interpretation of _private.Mathlib.Tactic.Push.Attr.0.Mathlib.Tactic.Push.initFn._lam_1._@.Mathlib.Tactic.Push.Attr.1668288364._hygCtx._hyg.2 took 3.49ms
interpretation of _private.Mathlib.Tactic.Push.Attr.0.Mathlib.Tactic.Push.initFn._lam_1._@.Mathlib.Tactic.Push.Attr.1668288364._hygCtx._hyg.2 took 0.215ms
interpretation of _private.Mathlib.Tactic.Push.Attr.0.Mathlib.Tactic.Push.initFn._lam_1._@.Mathlib.Tactic.Push.Attr.1668288364._hygCtx._hyg.2 took 0.0547ms
interpretation of _private.Mathlib.Tactic.Push.Attr.0.Mathlib.Tactic.Push.initFn._lam_1._@.Mathlib.Tactic.Push.Attr.1668288364._hygCtx._hyg.2 took 2.08ms
interpretation of _private.Mathlib.Tactic.Push.Attr.0.Mathlib.Tactic.Push.initFn._lam_1._@.Mathlib.Tactic.Push.Attr.1668288364._hygCtx._hyg.2 took 0.0827ms
interpretation of _private.Mathlib.Tactic.Push.Attr.0.Mathlib.Tactic.Push.initFn._lam_1._@.Mathlib.Tactic.Push.Attr.1668288364._hygCtx._hyg.2 took 0.0386ms
interpretation of _private.Mathlib.Tactic.Push.Attr.0.Mathlib.Tactic.Push.initFn._lam_1._@.Mathlib.Tactic.Push.Attr.1668288364._hygCtx._hyg.2 took 0.0408ms
interpretation of _private.Mathlib.Tactic.Push.Attr.0.Mathlib.Tactic.Push.initFn._lam_1._@.Mathlib.Tactic.Push.Attr.1668288364._hygCtx._hyg.2 took 0.0395ms
interpretation of _private.Mathlib.Tactic.Push.Attr.0.Mathlib.Tactic.Push.initFn._lam_1._@.Mathlib.Tactic.Push.Attr.1668288364._hygCtx._hyg.2 took 0.0353ms
interpretation of _private.Mathlib.Tactic.Push.Attr.0.Mathlib.Tactic.Push.initFn._lam_1._@.Mathlib.Tactic.Push.Attr.1668288364._hygCtx._hyg.2 took 0.0366ms
interpretation of _private.Mathlib.Tactic.Push.Attr.0.Mathlib.Tactic.Push.initFn._lam_1._@.Mathlib.Tactic.Push.Attr.1668288364._hygCtx._hyg.2 took 0.0393ms
interpretation of _private.Mathlib.Tactic.Push.Attr.0.Mathlib.Tactic.Push.initFn._lam_1._@.Mathlib.Tactic.Push.Attr.1668288364._hygCtx._hyg.2 took 0.0444ms
interpretation of _private.Mathlib.Tactic.Push.Attr.0.Mathlib.Tactic.Push.initFn._lam_1._@.Mathlib.Tactic.Push.Attr.1668288364._hygCtx._hyg.2 took 0.0407ms
interpretation of _private.Mathlib.Tactic.Push.Attr.0.Mathlib.Tactic.Push.initFn._lam_1._@.Mathlib.Tactic.Push.Attr.1668288364._hygCtx._hyg.2 took 0.0371ms
interpretation of _private.Mathlib.Tactic.Push.Attr.0.Mathlib.Tactic.Push.initFn._lam_1._@.Mathlib.Tactic.Push.Attr.1668288364._hygCtx._hyg.2 took 0.0406ms
interpretation of _private.Mathlib.Tactic.Push.Attr.0.Mathlib.Tactic.Push.initFn._lam_1._@.Mathlib.Tactic.Push.Attr.1668288364._hygCtx._hyg.2 took 0.102ms
interpretation of _private.Mathlib.Tactic.Push.Attr.0.Mathlib.Tactic.Push.initFn._lam_1._@.Mathlib.Tactic.Push.Attr.1668288364._hygCtx._hyg.2 took 0.057ms
interpretation of _private.Mathlib.Tactic.Push.Attr.0.Mathlib.Tactic.Push.initFn._lam_1._@.Mathlib.Tactic.Push.Attr.1668288364._hygCtx._hyg.2 took 0.0681ms
interpretation of _private.Mathlib.Tactic.Push.Attr.0.Mathlib.Tactic.Push.initFn._lam_1._@.Mathlib.Tactic.Push.Attr.1668288364._hygCtx._hyg.2 took 0.0598ms
interpretation of _private.Mathlib.Tactic.Push.Attr.0.Mathlib.Tactic.Push.initFn._lam_1._@.Mathlib.Tactic.Push.Attr.1668288364._hygCtx._hyg.2 took 0.0631ms
interpretation of _private.Mathlib.Tactic.Push.Attr.0.Mathlib.Tactic.Push.initFn._lam_1._@.Mathlib.Tactic.Push.Attr.1668288364._hygCtx._hyg.2 took 0.0601ms
interpretation of _private.Mathlib.Tactic.Push.Attr.0.Mathlib.Tactic.Push.initFn._lam_1._@.Mathlib.Tactic.Push.Attr.1668288364._hygCtx._hyg.2 took 0.0589ms
interpretation of _private.Mathlib.Tactic.Push.Attr.0.Mathlib.Tactic.Push.initFn._lam_1._@.Mathlib.Tactic.Push.Attr.1668288364._hygCtx._hyg.2 took 0.0514ms
interpretation of _private.Mathlib.Tactic.Push.Attr.0.Mathlib.Tactic.Push.initFn._lam_1._@.Mathlib.Tactic.Push.Attr.1668288364._hygCtx._hyg.2 took 0.0509ms
interpretation of _private.Mathlib.Tactic.Push.Attr.0.Mathlib.Tactic.Push.initFn._lam_1._@.Mathlib.Tactic.Push.Attr.1668288364._hygCtx._hyg.2 took 0.0528ms
interpretation of _private.Mathlib.Tactic.Push.Attr.0.Mathlib.Tactic.Push.initFn._lam_1._@.Mathlib.Tactic.Push.Attr.1668288364._hygCtx._hyg.2 took 0.0259ms
interpretation of _private.Mathlib.Tactic.Push.Attr.0.Mathlib.Tactic.Push.initFn._lam_1._@.Mathlib.Tactic.Push.Attr.1668288364._hygCtx._hyg.2 took 0.691ms
interpretation of _private.Mathlib.Tactic.Push.Attr.0.Mathlib.Tactic.Push.initFn._lam_1._@.Mathlib.Tactic.Push.Attr.1668288364._hygCtx._hyg.2 took 0.0647ms
interpretation of _private.Mathlib.Tactic.Push.Attr.0.Mathlib.Tactic.Push.initFn._lam_1._@.Mathlib.Tactic.Push.Attr.1668288364._hygCtx._hyg.2 took 0.0502ms
interpretation of _private.Mathlib.Tactic.Push.Attr.0.Mathlib.Tactic.Push.initFn._lam_1._@.Mathlib.Tactic.Push.Attr.1668288364._hygCtx._hyg.2 took 0.0531ms
interpretation of _private.Mathlib.Tactic.Push.Attr.0.Mathlib.Tactic.Push.initFn._lam_1._@.Mathlib.Tactic.Push.Attr.1668288364._hygCtx._hyg.2 took 0.0515ms
interpretation of _private.Mathlib.Tactic.Push.Attr.0.Mathlib.Tactic.Push.initFn._lam_1._@.Mathlib.Tactic.Push.Attr.1668288364._hygCtx._hyg.2 took 0.0467ms
interpretation of _private.Mathlib.Tactic.Push.Attr.0.Mathlib.Tactic.Push.initFn._lam_1._@.Mathlib.Tactic.Push.Attr.1668288364._hygCtx._hyg.2 took 0.0264ms
interpretation of _private.Mathlib.Tactic.Push.Attr.0.Mathlib.Tactic.Push.initFn._lam_1._@.Mathlib.Tactic.Push.Attr.1668288364._hygCtx._hyg.2 took 0.0491ms
interpretation of _private.Mathlib.Tactic.Push.Attr.0.Mathlib.Tactic.Push.initFn._lam_1._@.Mathlib.Tactic.Push.Attr.1668288364._hygCtx._hyg.2 took 0.052ms
interpretation of _private.Mathlib.Tactic.Push.Attr.0.Mathlib.Tactic.Push.initFn._lam_1._@.Mathlib.Tactic.Push.Attr.1668288364._hygCtx._hyg.2 took 0.0525ms
interpretation of _private.Mathlib.Tactic.Push.Attr.0.Mathlib.Tactic.Push.initFn._lam_1._@.Mathlib.Tactic.Push.Attr.1668288364._hygCtx._hyg.2 took 0.0562ms
interpretation of _private.Mathlib.Tactic.Push.Attr.0.Mathlib.Tactic.Push.initFn._lam_1._@.Mathlib.Tactic.Push.Attr.1668288364._hygCtx._hyg.2 took 0.0532ms
interpretation of _private.Mathlib.Tactic.Push.Attr.0.Mathlib.Tactic.Push.initFn._lam_1._@.Mathlib.Tactic.Push.Attr.1668288364._hygCtx._hyg.2 took 0.0262ms
interpretation of _private.Mathlib.Tactic.Push.Attr.0.Mathlib.Tactic.Push.initFn._lam_1._@.Mathlib.Tactic.Push.Attr.1668288364._hygCtx._hyg.2 took 0.029ms
interpretation of _private.Mathlib.Tactic.Push.Attr.0.Mathlib.Tactic.Push.initFn._lam_1._@.Mathlib.Tactic.Push.Attr.1668288364._hygCtx._hyg.2 took 0.0546ms
interpretation of _private.Mathlib.Tactic.Push.Attr.0.Mathlib.Tactic.Push.initFn._lam_1._@.Mathlib.Tactic.Push.Attr.1668288364._hygCtx._hyg.2 took 0.0517ms
interpretation of _private.Mathlib.Tactic.Push.Attr.0.Mathlib.Tactic.Push.initFn._lam_1._@.Mathlib.Tactic.Push.Attr.1668288364._hygCtx._hyg.2 took 0.0461ms
interpretation of _private.Mathlib.Tactic.Push.Attr.0.Mathlib.Tactic.Push.initFn._lam_1._@.Mathlib.Tactic.Push.Attr.1668288364._hygCtx._hyg.2 took 0.0548ms
interpretation of _private.Mathlib.Tactic.Push.Attr.0.Mathlib.Tactic.Push.initFn._lam_1._@.Mathlib.Tactic.Push.Attr.1668288364._hygCtx._hyg.2 took 1.22ms
interpretation of _private.Mathlib.Tactic.Push.Attr.0.Mathlib.Tactic.Push.initFn._lam_1._@.Mathlib.Tactic.Push.Attr.1668288364._hygCtx._hyg.2 took 0.0632ms
interpretation of _private.Mathlib.Tactic.Push.Attr.0.Mathlib.Tactic.Push.initFn._lam_1._@.Mathlib.Tactic.Push.Attr.1668288364._hygCtx._hyg.2 took 0.0749ms
interpretation of _private.Mathlib.Tactic.Push.Attr.0.Mathlib.Tactic.Push.initFn._lam_1._@.Mathlib.Tactic.Push.Attr.1668288364._hygCtx._hyg.2 took 0.0649ms
interpretation of _private.Mathlib.Tactic.Push.Attr.0.Mathlib.Tactic.Push.initFn._lam_1._@.Mathlib.Tactic.Push.Attr.1668288364._hygCtx._hyg.2 took 0.0674ms
interpretation of _private.Mathlib.Tactic.Push.Attr.0.Mathlib.Tactic.Push.initFn._lam_1._@.Mathlib.Tactic.Push.Attr.1668288364._hygCtx._hyg.2 took 0.0662ms
interpretation of _private.Mathlib.Tactic.Push.Attr.0.Mathlib.Tactic.Push.initFn._lam_1._@.Mathlib.Tactic.Push.Attr.1668288364._hygCtx._hyg.2 took 0.0609ms
interpretation of _private.Mathlib.Tactic.Push.Attr.0.Mathlib.Tactic.Push.initFn._lam_1._@.Mathlib.Tactic.Push.Attr.1668288364._hygCtx._hyg.2 took 0.0624ms
interpretation of _private.Mathlib.Tactic.Push.Attr.0.Mathlib.Tactic.Push.initFn._lam_1._@.Mathlib.Tactic.Push.Attr.1668288364._hygCtx._hyg.2 took 0.0534ms
interpretation of _private.Mathlib.Tactic.Push.Attr.0.Mathlib.Tactic.Push.initFn._lam_1._@.Mathlib.Tactic.Push.Attr.1668288364._hygCtx._hyg.2 took 0.0252ms
interpretation of _private.Mathlib.Tactic.Push.Attr.0.Mathlib.Tactic.Push.initFn._lam_1._@.Mathlib.Tactic.Push.Attr.1668288364._hygCtx._hyg.2 took 0.0716ms
interpretation of _private.Mathlib.Tactic.Push.Attr.0.Mathlib.Tactic.Push.initFn._lam_1._@.Mathlib.Tactic.Push.Attr.1668288364._hygCtx._hyg.2 took 0.0702ms
interpretation of _private.Mathlib.Tactic.Push.Attr.0.Mathlib.Tactic.Push.initFn._lam_1._@.Mathlib.Tactic.Push.Attr.1668288364._hygCtx._hyg.2 took 0.0643ms
interpretation of _private.Mathlib.Tactic.Push.Attr.0.Mathlib.Tactic.Push.initFn._lam_1._@.Mathlib.Tactic.Push.Attr.1668288364._hygCtx._hyg.2 took 0.066ms
interpretation of _private.Mathlib.Tactic.Push.Attr.0.Mathlib.Tactic.Push.initFn._lam_1._@.Mathlib.Tactic.Push.Attr.1668288364._hygCtx._hyg.2 took 0.0728ms
interpretation of _private.Mathlib.Tactic.Push.Attr.0.Mathlib.Tactic.Push.initFn._lam_1._@.Mathlib.Tactic.Push.Attr.1668288364._hygCtx._hyg.2 took 0.0895ms
interpretation of _private.Mathlib.Tactic.Push.Attr.0.Mathlib.Tactic.Push.initFn._lam_1._@.Mathlib.Tactic.Push.Attr.1668288364._hygCtx._hyg.2 took 0.0508ms
interpretation of _private.Mathlib.Tactic.Push.Attr.0.Mathlib.Tactic.Push.initFn._lam_1._@.Mathlib.Tactic.Push.Attr.1668288364._hygCtx._hyg.2 took 0.156ms
interpretation of _private.Mathlib.Tactic.Push.Attr.0.Mathlib.Tactic.Push.initFn._lam_1._@.Mathlib.Tactic.Push.Attr.1668288364._hygCtx._hyg.2 took 0.0759ms
interpretation of _private.Mathlib.Tactic.Push.Attr.0.Mathlib.Tactic.Push.initFn._lam_1._@.Mathlib.Tactic.Push.Attr.1668288364._hygCtx._hyg.2 took 0.0829ms
interpretation of _private.Mathlib.Tactic.Push.Attr.0.Mathlib.Tactic.Push.initFn._lam_1._@.Mathlib.Tactic.Push.Attr.1668288364._hygCtx._hyg.2 took 0.0605ms
interpretation of _private.Mathlib.Tactic.Push.Attr.0.Mathlib.Tactic.Push.initFn._lam_1._@.Mathlib.Tactic.Push.Attr.1668288364._hygCtx._hyg.2 took 0.0596ms
interpretation of _private.Mathlib.Tactic.Push.Attr.0.Mathlib.Tactic.Push.initFn._lam_1._@.Mathlib.Tactic.Push.Attr.1668288364._hygCtx._hyg.2 took 0.0819ms
interpretation of _private.Mathlib.Tactic.Push.Attr.0.Mathlib.Tactic.Push.initFn._lam_1._@.Mathlib.Tactic.Push.Attr.1668288364._hygCtx._hyg.2 took 0.0689ms
interpretation of _private.Mathlib.Tactic.Push.Attr.0.Mathlib.Tactic.Push.initFn._lam_1._@.Mathlib.Tactic.Push.Attr.1668288364._hygCtx._hyg.2 took 0.0551ms
interpretation of _private.Mathlib.Tactic.Push.Attr.0.Mathlib.Tactic.Push.initFn._lam_1._@.Mathlib.Tactic.Push.Attr.1668288364._hygCtx._hyg.2 took 0.0608ms
interpretation of _private.Mathlib.Tactic.Push.Attr.0.Mathlib.Tactic.Push.initFn._lam_1._@.Mathlib.Tactic.Push.Attr.1668288364._hygCtx._hyg.2 took 0.0614ms
interpretation of _private.Mathlib.Tactic.Push.Attr.0.Mathlib.Tactic.Push.initFn._lam_1._@.Mathlib.Tactic.Push.Attr.1668288364._hygCtx._hyg.2 took 0.0569ms
interpretation of _private.Mathlib.Tactic.Push.Attr.0.Mathlib.Tactic.Push.initFn._lam_1._@.Mathlib.Tactic.Push.Attr.1668288364._hygCtx._hyg.2 took 0.0523ms
interpretation of _private.Mathlib.Tactic.Push.Attr.0.Mathlib.Tactic.Push.initFn._lam_1._@.Mathlib.Tactic.Push.Attr.1668288364._hygCtx._hyg.2 took 0.0583ms
interpretation of _private.Mathlib.Tactic.Push.Attr.0.Mathlib.Tactic.Push.initFn._lam_1._@.Mathlib.Tactic.Push.Attr.1668288364._hygCtx._hyg.2 took 0.0604ms
interpretation of _private.Mathlib.Tactic.Push.Attr.0.Mathlib.Tactic.Push.initFn._lam_1._@.Mathlib.Tactic.Push.Attr.1668288364._hygCtx._hyg.2 took 0.0868ms
interpretation of _private.Mathlib.Tactic.Push.Attr.0.Mathlib.Tactic.Push.initFn._lam_1._@.Mathlib.Tactic.Push.Attr.1668288364._hygCtx._hyg.2 took 0.0597ms
interpretation of _private.Mathlib.Tactic.Push.Attr.0.Mathlib.Tactic.Push.initFn._lam_1._@.Mathlib.Tactic.Push.Attr.1668288364._hygCtx._hyg.2 took 0.0833ms
interpretation of _private.Mathlib.Tactic.Push.Attr.0.Mathlib.Tactic.Push.initFn._lam_1._@.Mathlib.Tactic.Push.Attr.1668288364._hygCtx._hyg.2 took 0.0611ms
interpretation of _private.Mathlib.Tactic.Push.Attr.0.Mathlib.Tactic.Push.initFn._lam_1._@.Mathlib.Tactic.Push.Attr.1668288364._hygCtx._hyg.2 took 0.0679ms
interpretation of _private.Mathlib.Tactic.Push.Attr.0.Mathlib.Tactic.Push.initFn._lam_1._@.Mathlib.Tactic.Push.Attr.1668288364._hygCtx._hyg.2 took 0.064ms
interpretation of _private.Mathlib.Tactic.Push.Attr.0.Mathlib.Tactic.Push.initFn._lam_1._@.Mathlib.Tactic.Push.Attr.1668288364._hygCtx._hyg.2 took 0.0921ms
interpretation of _private.Mathlib.Tactic.Push.Attr.0.Mathlib.Tactic.Push.initFn._lam_1._@.Mathlib.Tactic.Push.Attr.1668288364._hygCtx._hyg.2 took 0.101ms
interpretation of _private.Mathlib.Tactic.Push.Attr.0.Mathlib.Tactic.Push.initFn._lam_1._@.Mathlib.Tactic.Push.Attr.1668288364._hygCtx._hyg.2 took 0.058ms
interpretation of _private.Mathlib.Tactic.Push.Attr.0.Mathlib.Tactic.Push.initFn._lam_1._@.Mathlib.Tactic.Push.Attr.1668288364._hygCtx._hyg.2 took 0.0758ms
interpretation of _private.Mathlib.Tactic.Push.Attr.0.Mathlib.Tactic.Push.initFn._lam_1._@.Mathlib.Tactic.Push.Attr.1668288364._hygCtx._hyg.2 took 0.0791ms
interpretation of _private.Mathlib.Tactic.Push.Attr.0.Mathlib.Tactic.Push.initFn._lam_1._@.Mathlib.Tactic.Push.Attr.1668288364._hygCtx._hyg.2 took 0.0616ms
interpretation of _private.Mathlib.Tactic.Push.Attr.0.Mathlib.Tactic.Push.initFn._lam_1._@.Mathlib.Tactic.Push.Attr.1668288364._hygCtx._hyg.2 took 0.0617ms
interpretation of _private.Mathlib.Tactic.Push.Attr.0.Mathlib.Tactic.Push.initFn._lam_1._@.Mathlib.Tactic.Push.Attr.1668288364._hygCtx._hyg.2 took 0.0813ms
interpretation of _private.Mathlib.Tactic.Push.Attr.0.Mathlib.Tactic.Push.initFn._lam_1._@.Mathlib.Tactic.Push.Attr.1668288364._hygCtx._hyg.2 took 0.089ms
interpretation of _private.Mathlib.Tactic.Push.Attr.0.Mathlib.Tactic.Push.initFn._lam_1._@.Mathlib.Tactic.Push.Attr.1668288364._hygCtx._hyg.2 took 0.0739ms
interpretation of _private.Mathlib.Tactic.Push.Attr.0.Mathlib.Tactic.Push.initFn._lam_1._@.Mathlib.Tactic.Push.Attr.1668288364._hygCtx._hyg.2 took 0.0675ms
interpretation of _private.Mathlib.Tactic.Push.Attr.0.Mathlib.Tactic.Push.initFn._lam_1._@.Mathlib.Tactic.Push.Attr.1668288364._hygCtx._hyg.2 took 0.0805ms
interpretation of _private.Mathlib.Tactic.Push.Attr.0.Mathlib.Tactic.Push.initFn._lam_1._@.Mathlib.Tactic.Push.Attr.1668288364._hygCtx._hyg.2 took 0.0717ms
interpretation of _private.Mathlib.Tactic.Push.Attr.0.Mathlib.Tactic.Push.initFn._lam_1._@.Mathlib.Tactic.Push.Attr.1668288364._hygCtx._hyg.2 took 0.111ms
interpretation of _private.Mathlib.Tactic.Push.Attr.0.Mathlib.Tactic.Push.initFn._lam_1._@.Mathlib.Tactic.Push.Attr.1668288364._hygCtx._hyg.2 took 0.0828ms
interpretation of _private.Mathlib.Tactic.Push.Attr.0.Mathlib.Tactic.Push.initFn._lam_1._@.Mathlib.Tactic.Push.Attr.1668288364._hygCtx._hyg.2 took 0.0679ms
interpretation of _private.Mathlib.Tactic.Push.Attr.0.Mathlib.Tactic.Push.initFn._lam_1._@.Mathlib.Tactic.Push.Attr.1668288364._hygCtx._hyg.2 took 0.0671ms
interpretation of _private.Mathlib.Tactic.Push.Attr.0.Mathlib.Tactic.Push.initFn._lam_1._@.Mathlib.Tactic.Push.Attr.1668288364._hygCtx._hyg.2 took 0.0682ms
interpretation of _private.Mathlib.Tactic.Push.Attr.0.Mathlib.Tactic.Push.initFn._lam_1._@.Mathlib.Tactic.Push.Attr.1668288364._hygCtx._hyg.2 took 0.0837ms
interpretation of _private.Mathlib.Tactic.Push.Attr.0.Mathlib.Tactic.Push.initFn._lam_1._@.Mathlib.Tactic.Push.Attr.1668288364._hygCtx._hyg.2 took 0.0901ms
interpretation of _private.Mathlib.Tactic.Push.Attr.0.Mathlib.Tactic.Push.initFn._lam_1._@.Mathlib.Tactic.Push.Attr.1668288364._hygCtx._hyg.2 took 0.0765ms
interpretation of _private.Mathlib.Tactic.Push.Attr.0.Mathlib.Tactic.Push.initFn._lam_1._@.Mathlib.Tactic.Push.Attr.1668288364._hygCtx._hyg.2 took 0.0687ms
interpretation of _private.Mathlib.Tactic.Push.Attr.0.Mathlib.Tactic.Push.initFn._lam_1._@.Mathlib.Tactic.Push.Attr.1668288364._hygCtx._hyg.2 took 0.0702ms
interpretation of _private.Mathlib.Tactic.Push.Attr.0.Mathlib.Tactic.Push.initFn._lam_1._@.Mathlib.Tactic.Push.Attr.1668288364._hygCtx._hyg.2 took 0.0765ms
interpretation of _private.Mathlib.Tactic.Push.Attr.0.Mathlib.Tactic.Push.initFn._lam_1._@.Mathlib.Tactic.Push.Attr.1668288364._hygCtx._hyg.2 took 0.0903ms
interpretation of _private.Mathlib.Tactic.Push.Attr.0.Mathlib.Tactic.Push.initFn._lam_1._@.Mathlib.Tactic.Push.Attr.1668288364._hygCtx._hyg.2 took 0.0657ms
interpretation of _private.Mathlib.Tactic.Push.Attr.0.Mathlib.Tactic.Push.initFn._lam_1._@.Mathlib.Tactic.Push.Attr.1668288364._hygCtx._hyg.2 took 0.0598ms
interpretation of _private.Mathlib.Tactic.Push.Attr.0.Mathlib.Tactic.Push.initFn._lam_1._@.Mathlib.Tactic.Push.Attr.1668288364._hygCtx._hyg.2 took 0.0566ms
interpretation of _private.Mathlib.Tactic.Push.Attr.0.Mathlib.Tactic.Push.initFn._lam_1._@.Mathlib.Tactic.Push.Attr.1668288364._hygCtx._hyg.2 took 0.0726ms
interpretation of _private.Mathlib.Tactic.Push.Attr.0.Mathlib.Tactic.Push.initFn._lam_1._@.Mathlib.Tactic.Push.Attr.1668288364._hygCtx._hyg.2 took 0.0554ms
interpretation of _private.Mathlib.Tactic.Push.Attr.0.Mathlib.Tactic.Push.initFn._lam_1._@.Mathlib.Tactic.Push.Attr.1668288364._hygCtx._hyg.2 took 0.0679ms
interpretation of _private.Mathlib.Tactic.Push.Attr.0.Mathlib.Tactic.Push.initFn._lam_1._@.Mathlib.Tactic.Push.Attr.1668288364._hygCtx._hyg.2 took 0.0699ms
interpretation of _private.Mathlib.Tactic.Push.Attr.0.Mathlib.Tactic.Push.initFn._lam_1._@.Mathlib.Tactic.Push.Attr.1668288364._hygCtx._hyg.2 took 0.0927ms
interpretation of _private.Mathlib.Tactic.Push.Attr.0.Mathlib.Tactic.Push.initFn._lam_1._@.Mathlib.Tactic.Push.Attr.1668288364._hygCtx._hyg.2 took 0.0788ms
interpretation of _private.Mathlib.Tactic.Push.Attr.0.Mathlib.Tactic.Push.initFn._lam_1._@.Mathlib.Tactic.Push.Attr.1668288364._hygCtx._hyg.2 took 0.0731ms
interpretation of _private.Mathlib.Tactic.Push.Attr.0.Mathlib.Tactic.Push.initFn._lam_1._@.Mathlib.Tactic.Push.Attr.1668288364._hygCtx._hyg.2 took 0.0708ms
interpretation of _private.Mathlib.Tactic.Push.Attr.0.Mathlib.Tactic.Push.initFn._lam_1._@.Mathlib.Tactic.Push.Attr.1668288364._hygCtx._hyg.2 took 0.0636ms
interpretation of _private.Mathlib.Tactic.Push.Attr.0.Mathlib.Tactic.Push.initFn._lam_1._@.Mathlib.Tactic.Push.Attr.1668288364._hygCtx._hyg.2 took 0.0644ms
interpretation of _private.Mathlib.Tactic.Push.Attr.0.Mathlib.Tactic.Push.initFn._lam_1._@.Mathlib.Tactic.Push.Attr.1668288364._hygCtx._hyg.2 took 0.0738ms
interpretation of _private.Mathlib.Tactic.Push.Attr.0.Mathlib.Tactic.Push.initFn._lam_1._@.Mathlib.Tactic.Push.Attr.1668288364._hygCtx._hyg.2 took 0.119ms
interpretation of _private.Mathlib.Tactic.Push.Attr.0.Mathlib.Tactic.Push.initFn._lam_1._@.Mathlib.Tactic.Push.Attr.1668288364._hygCtx._hyg.2 took 0.0673ms
interpretation of _private.Mathlib.Tactic.Push.Attr.0.Mathlib.Tactic.Push.initFn._lam_1._@.Mathlib.Tactic.Push.Attr.1668288364._hygCtx._hyg.2 took 0.0713ms
interpretation of _private.Mathlib.Tactic.Push.Attr.0.Mathlib.Tactic.Push.initFn._lam_1._@.Mathlib.Tactic.Push.Attr.1668288364._hygCtx._hyg.2 took 0.0688ms
interpretation of _private.Mathlib.Tactic.Push.Attr.0.Mathlib.Tactic.Push.initFn._lam_1._@.Mathlib.Tactic.Push.Attr.1668288364._hygCtx._hyg.2 took 0.077ms
interpretation of _private.Mathlib.Tactic.Push.Attr.0.Mathlib.Tactic.Push.initFn._lam_1._@.Mathlib.Tactic.Push.Attr.1668288364._hygCtx._hyg.2 took 0.0734ms
interpretation of _private.Mathlib.Tactic.Push.Attr.0.Mathlib.Tactic.Push.initFn._lam_1._@.Mathlib.Tactic.Push.Attr.1668288364._hygCtx._hyg.2 took 0.0849ms
interpretation of _private.Mathlib.Tactic.Push.Attr.0.Mathlib.Tactic.Push.initFn._lam_1._@.Mathlib.Tactic.Push.Attr.1668288364._hygCtx._hyg.2 took 0.07ms
interpretation of _private.Mathlib.Tactic.Push.Attr.0.Mathlib.Tactic.Push.initFn._lam_1._@.Mathlib.Tactic.Push.Attr.1668288364._hygCtx._hyg.2 took 0.0966ms
interpretation of _private.Mathlib.Tactic.Push.Attr.0.Mathlib.Tactic.Push.initFn._lam_1._@.Mathlib.Tactic.Push.Attr.1668288364._hygCtx._hyg.2 took 0.083ms
interpretation of _private.Mathlib.Tactic.Push.Attr.0.Mathlib.Tactic.Push.initFn._lam_1._@.Mathlib.Tactic.Push.Attr.1668288364._hygCtx._hyg.2 took 0.0649ms
interpretation of _private.Mathlib.Tactic.Push.Attr.0.Mathlib.Tactic.Push.initFn._lam_1._@.Mathlib.Tactic.Push.Attr.1668288364._hygCtx._hyg.2 took 0.0684ms
interpretation of _private.Mathlib.Tactic.Push.Attr.0.Mathlib.Tactic.Push.initFn._lam_1._@.Mathlib.Tactic.Push.Attr.1668288364._hygCtx._hyg.2 took 0.0767ms
interpretation of _private.Mathlib.Tactic.Push.Attr.0.Mathlib.Tactic.Push.initFn._lam_1._@.Mathlib.Tactic.Push.Attr.1668288364._hygCtx._hyg.2 took 0.068ms
interpretation of _private.Mathlib.Tactic.Push.Attr.0.Mathlib.Tactic.Push.initFn._lam_1._@.Mathlib.Tactic.Push.Attr.1668288364._hygCtx._hyg.2 took 0.0764ms
interpretation of _private.Mathlib.Tactic.Push.Attr.0.Mathlib.Tactic.Push.initFn._lam_1._@.Mathlib.Tactic.Push.Attr.1668288364._hygCtx._hyg.2 took 0.0674ms
interpretation of _private.Mathlib.Tactic.Push.Attr.0.Mathlib.Tactic.Push.initFn._lam_1._@.Mathlib.Tactic.Push.Attr.1668288364._hygCtx._hyg.2 took 0.0702ms
interpretation of _private.Mathlib.Tactic.Push.Attr.0.Mathlib.Tactic.Push.initFn._lam_1._@.Mathlib.Tactic.Push.Attr.1668288364._hygCtx._hyg.2 took 0.0728ms
interpretation of _private.Mathlib.Tactic.Push.Attr.0.Mathlib.Tactic.Push.initFn._lam_1._@.Mathlib.Tactic.Push.Attr.1668288364._hygCtx._hyg.2 took 0.0767ms
interpretation of _private.Mathlib.Tactic.Push.Attr.0.Mathlib.Tactic.Push.initFn._lam_1._@.Mathlib.Tactic.Push.Attr.1668288364._hygCtx._hyg.2 took 0.0752ms
interpretation of _private.Mathlib.Tactic.Push.Attr.0.Mathlib.Tactic.Push.initFn._lam_1._@.Mathlib.Tactic.Push.Attr.1668288364._hygCtx._hyg.2 took 0.132ms
interpretation of _private.Mathlib.Tactic.Push.Attr.0.Mathlib.Tactic.Push.initFn._lam_1._@.Mathlib.Tactic.Push.Attr.1668288364._hygCtx._hyg.2 took 0.109ms
interpretation of _private.Mathlib.Tactic.Push.Attr.0.Mathlib.Tactic.Push.initFn._lam_1._@.Mathlib.Tactic.Push.Attr.1668288364._hygCtx._hyg.2 took 0.0516ms
interpretation of _private.Mathlib.Tactic.Push.Attr.0.Mathlib.Tactic.Push.initFn._lam_1._@.Mathlib.Tactic.Push.Attr.1668288364._hygCtx._hyg.2 took 0.156ms
interpretation of _private.Mathlib.Tactic.Push.Attr.0.Mathlib.Tactic.Push.initFn._lam_1._@.Mathlib.Tactic.Push.Attr.1668288364._hygCtx._hyg.2 took 0.13ms
interpretation of _private.Mathlib.Tactic.Push.Attr.0.Mathlib.Tactic.Push.initFn._lam_1._@.Mathlib.Tactic.Push.Attr.1668288364._hygCtx._hyg.2 took 0.0604ms
interpretation of _private.Mathlib.Tactic.Push.Attr.0.Mathlib.Tactic.Push.initFn._lam_1._@.Mathlib.Tactic.Push.Attr.1668288364._hygCtx._hyg.2 took 0.151ms
interpretation of _private.Mathlib.Tactic.Push.Attr.0.Mathlib.Tactic.Push.initFn._lam_1._@.Mathlib.Tactic.Push.Attr.1668288364._hygCtx._hyg.2 took 0.148ms
interpretation of _private.Mathlib.Tactic.Push.Attr.0.Mathlib.Tactic.Push.initFn._lam_1._@.Mathlib.Tactic.Push.Attr.1668288364._hygCtx._hyg.2 took 0.141ms
interpretation of _private.Mathlib.Tactic.Push.Attr.0.Mathlib.Tactic.Push.initFn._lam_1._@.Mathlib.Tactic.Push.Attr.1668288364._hygCtx._hyg.2 took 0.171ms
interpretation of _private.Mathlib.Tactic.Push.Attr.0.Mathlib.Tactic.Push.initFn._lam_1._@.Mathlib.Tactic.Push.Attr.1668288364._hygCtx._hyg.2 took 0.154ms
interpretation of _private.Mathlib.Tactic.Push.Attr.0.Mathlib.Tactic.Push.initFn._lam_1._@.Mathlib.Tactic.Push.Attr.1668288364._hygCtx._hyg.2 took 0.215ms
interpretation of _private.Mathlib.Tactic.Push.Attr.0.Mathlib.Tactic.Push.initFn._lam_1._@.Mathlib.Tactic.Push.Attr.1668288364._hygCtx._hyg.2 took 0.146ms
interpretation of _private.Mathlib.Tactic.Push.Attr.0.Mathlib.Tactic.Push.initFn._lam_1._@.Mathlib.Tactic.Push.Attr.1668288364._hygCtx._hyg.2 took 0.171ms
interpretation of _private.Mathlib.Tactic.Push.Attr.0.Mathlib.Tactic.Push.initFn._lam_1._@.Mathlib.Tactic.Push.Attr.1668288364._hygCtx._hyg.2 took 0.16ms
interpretation of _private.Mathlib.Tactic.Push.Attr.0.Mathlib.Tactic.Push.initFn._lam_1._@.Mathlib.Tactic.Push.Attr.1668288364._hygCtx._hyg.2 took 0.345ms
interpretation of _private.Mathlib.Tactic.Push.Attr.0.Mathlib.Tactic.Push.initFn._lam_1._@.Mathlib.Tactic.Push.Attr.1668288364._hygCtx._hyg.2 took 0.273ms
interpretation of _private.Mathlib.Tactic.Push.Attr.0.Mathlib.Tactic.Push.initFn._lam_1._@.Mathlib.Tactic.Push.Attr.1668288364._hygCtx._hyg.2 took 0.174ms
interpretation of _private.Mathlib.Tactic.Push.Attr.0.Mathlib.Tactic.Push.initFn._lam_1._@.Mathlib.Tactic.Push.Attr.1668288364._hygCtx._hyg.2 took 0.0783ms
interpretation of _private.Mathlib.Tactic.Push.Attr.0.Mathlib.Tactic.Push.initFn._lam_1._@.Mathlib.Tactic.Push.Attr.1668288364._hygCtx._hyg.2 took 0.0979ms
interpretation of _private.Mathlib.Tactic.Push.Attr.0.Mathlib.Tactic.Push.initFn._lam_1._@.Mathlib.Tactic.Push.Attr.1668288364._hygCtx._hyg.2 took 0.11ms
interpretation of _private.Mathlib.Tactic.Push.Attr.0.Mathlib.Tactic.Push.initFn._lam_1._@.Mathlib.Tactic.Push.Attr.1668288364._hygCtx._hyg.2 took 0.104ms
interpretation of _private.Mathlib.Tactic.Push.Attr.0.Mathlib.Tactic.Push.initFn._lam_1._@.Mathlib.Tactic.Push.Attr.1668288364._hygCtx._hyg.2 took 0.118ms
interpretation of _private.Mathlib.Tactic.Push.Attr.0.Mathlib.Tactic.Push.initFn._lam_1._@.Mathlib.Tactic.Push.Attr.1668288364._hygCtx._hyg.2 took 0.105ms
interpretation of _private.Mathlib.Tactic.Push.Attr.0.Mathlib.Tactic.Push.initFn._lam_1._@.Mathlib.Tactic.Push.Attr.1668288364._hygCtx._hyg.2 took 0.0994ms
interpretation of _private.Mathlib.Tactic.Push.Attr.0.Mathlib.Tactic.Push.initFn._lam_1._@.Mathlib.Tactic.Push.Attr.1668288364._hygCtx._hyg.2 took 0.111ms
interpretation of _private.Mathlib.Tactic.Push.Attr.0.Mathlib.Tactic.Push.initFn._lam_1._@.Mathlib.Tactic.Push.Attr.1668288364._hygCtx._hyg.2 took 0.0563ms
interpretation of _private.Mathlib.Tactic.Push.Attr.0.Mathlib.Tactic.Push.initFn._lam_1._@.Mathlib.Tactic.Push.Attr.1668288364._hygCtx._hyg.2 took 0.068ms
interpretation of _private.Mathlib.Tactic.Push.Attr.0.Mathlib.Tactic.Push.initFn._lam_1._@.Mathlib.Tactic.Push.Attr.1668288364._hygCtx._hyg.2 took 0.0586ms
interpretation of _private.Mathlib.Tactic.Push.Attr.0.Mathlib.Tactic.Push.initFn._lam_1._@.Mathlib.Tactic.Push.Attr.1668288364._hygCtx._hyg.2 took 0.0611ms
interpretation of _private.Mathlib.Tactic.Push.Attr.0.Mathlib.Tactic.Push.initFn._lam_1._@.Mathlib.Tactic.Push.Attr.1668288364._hygCtx._hyg.2 took 0.0812ms
interpretation of _private.Mathlib.Tactic.Push.Attr.0.Mathlib.Tactic.Push.initFn._lam_1._@.Mathlib.Tactic.Push.Attr.1668288364._hygCtx._hyg.2 took 0.0689ms
interpretation of _private.Mathlib.Tactic.Push.Attr.0.Mathlib.Tactic.Push.initFn._lam_2._@.Mathlib.Tactic.Push.Attr.1668288364._hygCtx._hyg.2._boxed took 0.707ms
interpretation of _private.Mathlib.Tactic.Push.Attr.0.Mathlib.Tactic.Push.initFn._lam_1._@.Mathlib.Tactic.Push.Attr.3484215244._hygCtx._hyg.2 took 2.83ms
interpretation of _private.Mathlib.Tactic.Push.Attr.0.Mathlib.Tactic.Push.initFn._lam_1._@.Mathlib.Tactic.Push.Attr.3484215244._hygCtx._hyg.2 took 6.71ms
interpretation of _private.Mathlib.Tactic.Push.Attr.0.Mathlib.Tactic.Push.initFn._lam_1._@.Mathlib.Tactic.Push.Attr.3484215244._hygCtx._hyg.2 took 0.0999ms
interpretation of _private.Mathlib.Tactic.Push.Attr.0.Mathlib.Tactic.Push.initFn._lam_1._@.Mathlib.Tactic.Push.Attr.3484215244._hygCtx._hyg.2 took 0.0506ms
interpretation of _private.Mathlib.Tactic.Push.Attr.0.Mathlib.Tactic.Push.initFn._lam_1._@.Mathlib.Tactic.Push.Attr.3484215244._hygCtx._hyg.2 took 0.042ms
interpretation of _private.Mathlib.Tactic.Push.Attr.0.Mathlib.Tactic.Push.initFn._lam_1._@.Mathlib.Tactic.Push.Attr.3484215244._hygCtx._hyg.2 took 0.0354ms
interpretation of _private.Mathlib.Tactic.Push.Attr.0.Mathlib.Tactic.Push.initFn._lam_1._@.Mathlib.Tactic.Push.Attr.3484215244._hygCtx._hyg.2 took 0.0537ms
interpretation of _private.Mathlib.Tactic.Push.Attr.0.Mathlib.Tactic.Push.initFn._lam_1._@.Mathlib.Tactic.Push.Attr.3484215244._hygCtx._hyg.2 took 0.0407ms
interpretation of _private.Mathlib.Tactic.Push.Attr.0.Mathlib.Tactic.Push.initFn._lam_1._@.Mathlib.Tactic.Push.Attr.3484215244._hygCtx._hyg.2 took 0.0412ms
interpretation of _private.Mathlib.Tactic.Push.Attr.0.Mathlib.Tactic.Push.initFn._lam_1._@.Mathlib.Tactic.Push.Attr.3484215244._hygCtx._hyg.2 took 0.0461ms
interpretation of _private.Mathlib.Tactic.Push.Attr.0.Mathlib.Tactic.Push.initFn._lam_1._@.Mathlib.Tactic.Push.Attr.3484215244._hygCtx._hyg.2 took 0.0804ms
interpretation of _private.Mathlib.Tactic.Push.Attr.0.Mathlib.Tactic.Push.initFn._lam_1._@.Mathlib.Tactic.Push.Attr.3484215244._hygCtx._hyg.2 took 0.0362ms
interpretation of _private.Mathlib.Tactic.Push.Attr.0.Mathlib.Tactic.Push.initFn._lam_1._@.Mathlib.Tactic.Push.Attr.3484215244._hygCtx._hyg.2 took 0.0365ms
interpretation of _private.Mathlib.Tactic.Push.Attr.0.Mathlib.Tactic.Push.initFn._lam_1._@.Mathlib.Tactic.Push.Attr.3484215244._hygCtx._hyg.2 took 0.0504ms
interpretation of _private.Mathlib.Tactic.Push.Attr.0.Mathlib.Tactic.Push.initFn._lam_1._@.Mathlib.Tactic.Push.Attr.3484215244._hygCtx._hyg.2 took 0.217ms
interpretation of _private.Mathlib.Tactic.Push.Attr.0.Mathlib.Tactic.Push.initFn._lam_1._@.Mathlib.Tactic.Push.Attr.3484215244._hygCtx._hyg.2 took 1.88ms
interpretation of _private.Mathlib.Tactic.Push.Attr.0.Mathlib.Tactic.Push.initFn._lam_1._@.Mathlib.Tactic.Push.Attr.3484215244._hygCtx._hyg.2 took 0.0882ms
interpretation of _private.Mathlib.Tactic.Push.Attr.0.Mathlib.Tactic.Push.initFn._lam_1._@.Mathlib.Tactic.Push.Attr.3484215244._hygCtx._hyg.2 took 0.0843ms
interpretation of _private.Mathlib.Tactic.Push.Attr.0.Mathlib.Tactic.Push.initFn._lam_1._@.Mathlib.Tactic.Push.Attr.3484215244._hygCtx._hyg.2 took 0.072ms
interpretation of _private.Mathlib.Tactic.Push.Attr.0.Mathlib.Tactic.Push.initFn._lam_1._@.Mathlib.Tactic.Push.Attr.3484215244._hygCtx._hyg.2 took 0.0644ms
interpretation of _private.Mathlib.Tactic.Push.Attr.0.Mathlib.Tactic.Push.initFn._lam_1._@.Mathlib.Tactic.Push.Attr.3484215244._hygCtx._hyg.2 took 0.0246ms
interpretation of _private.Mathlib.Tactic.Push.Attr.0.Mathlib.Tactic.Push.initFn._lam_1._@.Mathlib.Tactic.Push.Attr.3484215244._hygCtx._hyg.2 took 0.678ms
interpretation of _private.Mathlib.Tactic.Push.Attr.0.Mathlib.Tactic.Push.initFn._lam_1._@.Mathlib.Tactic.Push.Attr.3484215244._hygCtx._hyg.2 took 0.075ms
interpretation of _private.Mathlib.Tactic.Push.Attr.0.Mathlib.Tactic.Push.initFn._lam_1._@.Mathlib.Tactic.Push.Attr.3484215244._hygCtx._hyg.2 took 0.0915ms
interpretation of _private.Mathlib.Tactic.Push.Attr.0.Mathlib.Tactic.Push.initFn._lam_1._@.Mathlib.Tactic.Push.Attr.3484215244._hygCtx._hyg.2 took 0.0934ms
interpretation of _private.Mathlib.Tactic.Push.Attr.0.Mathlib.Tactic.Push.initFn._lam_1._@.Mathlib.Tactic.Push.Attr.3484215244._hygCtx._hyg.2 took 0.0742ms
interpretation of _private.Mathlib.Tactic.Push.Attr.0.Mathlib.Tactic.Push.initFn._lam_1._@.Mathlib.Tactic.Push.Attr.3484215244._hygCtx._hyg.2 took 1.19ms
interpretation of _private.Mathlib.Tactic.Push.Attr.0.Mathlib.Tactic.Push.initFn._lam_1._@.Mathlib.Tactic.Push.Attr.3484215244._hygCtx._hyg.2 took 0.12ms
interpretation of _private.Mathlib.Tactic.Push.Attr.0.Mathlib.Tactic.Push.initFn._lam_1._@.Mathlib.Tactic.Push.Attr.3484215244._hygCtx._hyg.2 took 0.0671ms
interpretation of _private.Mathlib.Tactic.Push.Attr.0.Mathlib.Tactic.Push.initFn._lam_1._@.Mathlib.Tactic.Push.Attr.3484215244._hygCtx._hyg.2 took 0.0888ms
interpretation of _private.Mathlib.Tactic.Push.Attr.0.Mathlib.Tactic.Push.initFn._lam_1._@.Mathlib.Tactic.Push.Attr.3484215244._hygCtx._hyg.2 took 0.027ms
interpretation of _private.Mathlib.Tactic.Push.Attr.0.Mathlib.Tactic.Push.initFn._lam_1._@.Mathlib.Tactic.Push.Attr.3484215244._hygCtx._hyg.2 took 0.0239ms
interpretation of _private.Mathlib.Tactic.Push.Attr.0.Mathlib.Tactic.Push.initFn._lam_1._@.Mathlib.Tactic.Push.Attr.3484215244._hygCtx._hyg.2 took 0.109ms
interpretation of _private.Mathlib.Tactic.Push.Attr.0.Mathlib.Tactic.Push.initFn._lam_1._@.Mathlib.Tactic.Push.Attr.3484215244._hygCtx._hyg.2 took 0.0505ms
interpretation of _private.Mathlib.Tactic.Push.Attr.0.Mathlib.Tactic.Push.initFn._lam_1._@.Mathlib.Tactic.Push.Attr.3484215244._hygCtx._hyg.2 took 0.091ms
interpretation of _private.Mathlib.Tactic.Push.Attr.0.Mathlib.Tactic.Push.initFn._lam_1._@.Mathlib.Tactic.Push.Attr.3484215244._hygCtx._hyg.2 took 0.0986ms
interpretation of _private.Mathlib.Tactic.Push.Attr.0.Mathlib.Tactic.Push.initFn._lam_1._@.Mathlib.Tactic.Push.Attr.3484215244._hygCtx._hyg.2 took 0.0682ms
interpretation of _private.Mathlib.Tactic.Push.Attr.0.Mathlib.Tactic.Push.initFn._lam_1._@.Mathlib.Tactic.Push.Attr.3484215244._hygCtx._hyg.2 took 0.0295ms
interpretation of _private.Mathlib.Tactic.Push.Attr.0.Mathlib.Tactic.Push.initFn._lam_1._@.Mathlib.Tactic.Push.Attr.3484215244._hygCtx._hyg.2 took 0.0254ms
interpretation of _private.Mathlib.Tactic.Push.Attr.0.Mathlib.Tactic.Push.initFn._lam_1._@.Mathlib.Tactic.Push.Attr.3484215244._hygCtx._hyg.2 took 0.0289ms
interpretation of _private.Mathlib.Tactic.Push.Attr.0.Mathlib.Tactic.Push.initFn._lam_1._@.Mathlib.Tactic.Push.Attr.3484215244._hygCtx._hyg.2 took 0.0214ms
interpretation of _private.Mathlib.Tactic.Push.Attr.0.Mathlib.Tactic.Push.initFn._lam_1._@.Mathlib.Tactic.Push.Attr.3484215244._hygCtx._hyg.2 took 0.024ms
interpretation of _private.Mathlib.Tactic.Push.Attr.0.Mathlib.Tactic.Push.initFn._lam_1._@.Mathlib.Tactic.Push.Attr.3484215244._hygCtx._hyg.2 took 0.041ms
interpretation of _private.Mathlib.Tactic.Push.Attr.0.Mathlib.Tactic.Push.initFn._lam_1._@.Mathlib.Tactic.Push.Attr.3484215244._hygCtx._hyg.2 took 0.0258ms
interpretation of _private.Mathlib.Tactic.Push.Attr.0.Mathlib.Tactic.Push.initFn._lam_1._@.Mathlib.Tactic.Push.Attr.3484215244._hygCtx._hyg.2 took 0.0246ms
interpretation of _private.Mathlib.Tactic.Push.Attr.0.Mathlib.Tactic.Push.initFn._lam_1._@.Mathlib.Tactic.Push.Attr.3484215244._hygCtx._hyg.2 took 0.0335ms
interpretation of _private.Mathlib.Tactic.Push.Attr.0.Mathlib.Tactic.Push.initFn._lam_1._@.Mathlib.Tactic.Push.Attr.3484215244._hygCtx._hyg.2 took 0.0728ms
interpretation of _private.Mathlib.Tactic.Push.Attr.0.Mathlib.Tactic.Push.initFn._lam_1._@.Mathlib.Tactic.Push.Attr.3484215244._hygCtx._hyg.2 took 0.0774ms
interpretation of _private.Mathlib.Tactic.Push.Attr.0.Mathlib.Tactic.Push.initFn._lam_1._@.Mathlib.Tactic.Push.Attr.3484215244._hygCtx._hyg.2 took 0.145ms
interpretation of _private.Mathlib.Tactic.Push.Attr.0.Mathlib.Tactic.Push.initFn._lam_1._@.Mathlib.Tactic.Push.Attr.3484215244._hygCtx._hyg.2 took 0.064ms
interpretation of _private.Mathlib.Tactic.Push.Attr.0.Mathlib.Tactic.Push.initFn._lam_1._@.Mathlib.Tactic.Push.Attr.3484215244._hygCtx._hyg.2 took 1.47ms
interpretation of _private.Mathlib.Tactic.Push.Attr.0.Mathlib.Tactic.Push.initFn._lam_1._@.Mathlib.Tactic.Push.Attr.3484215244._hygCtx._hyg.2 took 0.0438ms
interpretation of _private.Mathlib.Tactic.Push.Attr.0.Mathlib.Tactic.Push.initFn._lam_1._@.Mathlib.Tactic.Push.Attr.3484215244._hygCtx._hyg.2 took 0.037ms
interpretation of _private.Mathlib.Tactic.Push.Attr.0.Mathlib.Tactic.Push.initFn._lam_1._@.Mathlib.Tactic.Push.Attr.3484215244._hygCtx._hyg.2 took 0.088ms
interpretation of _private.Mathlib.Tactic.Push.Attr.0.Mathlib.Tactic.Push.initFn._lam_1._@.Mathlib.Tactic.Push.Attr.3484215244._hygCtx._hyg.2 took 0.0521ms
interpretation of _private.Mathlib.Tactic.Push.Attr.0.Mathlib.Tactic.Push.initFn._lam_1._@.Mathlib.Tactic.Push.Attr.3484215244._hygCtx._hyg.2 took 0.104ms
interpretation of _private.Mathlib.Tactic.Push.Attr.0.Mathlib.Tactic.Push.initFn._lam_1._@.Mathlib.Tactic.Push.Attr.3484215244._hygCtx._hyg.2 took 0.0877ms
interpretation of _private.Mathlib.Tactic.Push.Attr.0.Mathlib.Tactic.Push.initFn._lam_1._@.Mathlib.Tactic.Push.Attr.3484215244._hygCtx._hyg.2 took 0.0672ms
interpretation of _private.Mathlib.Tactic.Push.Attr.0.Mathlib.Tactic.Push.initFn._lam_1._@.Mathlib.Tactic.Push.Attr.3484215244._hygCtx._hyg.2 took 0.0342ms
interpretation of _private.Mathlib.Tactic.Push.Attr.0.Mathlib.Tactic.Push.initFn._lam_1._@.Mathlib.Tactic.Push.Attr.3484215244._hygCtx._hyg.2 took 0.0297ms
interpretation of _private.Mathlib.Tactic.Push.Attr.0.Mathlib.Tactic.Push.initFn._lam_1._@.Mathlib.Tactic.Push.Attr.3484215244._hygCtx._hyg.2 took 0.0229ms
interpretation of _private.Mathlib.Tactic.Push.Attr.0.Mathlib.Tactic.Push.initFn._lam_1._@.Mathlib.Tactic.Push.Attr.3484215244._hygCtx._hyg.2 took 0.0241ms
interpretation of _private.Mathlib.Tactic.Push.Attr.0.Mathlib.Tactic.Push.initFn._lam_1._@.Mathlib.Tactic.Push.Attr.3484215244._hygCtx._hyg.2 took 0.0314ms
interpretation of _private.Mathlib.Tactic.Push.Attr.0.Mathlib.Tactic.Push.initFn._lam_1._@.Mathlib.Tactic.Push.Attr.3484215244._hygCtx._hyg.2 took 0.0602ms
interpretation of _private.Mathlib.Tactic.Push.Attr.0.Mathlib.Tactic.Push.initFn._lam_1._@.Mathlib.Tactic.Push.Attr.3484215244._hygCtx._hyg.2 took 0.0594ms
interpretation of _private.Mathlib.Tactic.Push.Attr.0.Mathlib.Tactic.Push.initFn._lam_1._@.Mathlib.Tactic.Push.Attr.3484215244._hygCtx._hyg.2 took 0.0309ms
interpretation of _private.Mathlib.Tactic.Push.Attr.0.Mathlib.Tactic.Push.initFn._lam_1._@.Mathlib.Tactic.Push.Attr.3484215244._hygCtx._hyg.2 took 0.0299ms
interpretation of _private.Mathlib.Tactic.Push.Attr.0.Mathlib.Tactic.Push.initFn._lam_1._@.Mathlib.Tactic.Push.Attr.3484215244._hygCtx._hyg.2 took 0.0787ms
interpretation of _private.Mathlib.Tactic.Push.Attr.0.Mathlib.Tactic.Push.initFn._lam_1._@.Mathlib.Tactic.Push.Attr.3484215244._hygCtx._hyg.2 took 0.0603ms
interpretation of _private.Mathlib.Tactic.Push.Attr.0.Mathlib.Tactic.Push.initFn._lam_1._@.Mathlib.Tactic.Push.Attr.3484215244._hygCtx._hyg.2 took 0.067ms
interpretation of _private.Mathlib.Tactic.Push.Attr.0.Mathlib.Tactic.Push.initFn._lam_1._@.Mathlib.Tactic.Push.Attr.3484215244._hygCtx._hyg.2 took 0.072ms
interpretation of _private.Mathlib.Tactic.Push.Attr.0.Mathlib.Tactic.Push.initFn._lam_1._@.Mathlib.Tactic.Push.Attr.3484215244._hygCtx._hyg.2 took 0.0755ms
interpretation of _private.Mathlib.Tactic.Push.Attr.0.Mathlib.Tactic.Push.initFn._lam_1._@.Mathlib.Tactic.Push.Attr.3484215244._hygCtx._hyg.2 took 0.0677ms
interpretation of _private.Mathlib.Tactic.Push.Attr.0.Mathlib.Tactic.Push.initFn._lam_1._@.Mathlib.Tactic.Push.Attr.3484215244._hygCtx._hyg.2 took 0.0331ms
interpretation of _private.Mathlib.Tactic.Push.Attr.0.Mathlib.Tactic.Push.initFn._lam_1._@.Mathlib.Tactic.Push.Attr.3484215244._hygCtx._hyg.2 took 0.0339ms
interpretation of _private.Mathlib.Tactic.Push.Attr.0.Mathlib.Tactic.Push.initFn._lam_1._@.Mathlib.Tactic.Push.Attr.3484215244._hygCtx._hyg.2 took 0.728ms
interpretation of _private.Mathlib.Tactic.Push.Attr.0.Mathlib.Tactic.Push.initFn._lam_1._@.Mathlib.Tactic.Push.Attr.3484215244._hygCtx._hyg.2 took 0.0778ms
interpretation of _private.Mathlib.Tactic.Push.Attr.0.Mathlib.Tactic.Push.initFn._lam_1._@.Mathlib.Tactic.Push.Attr.3484215244._hygCtx._hyg.2 took 0.025ms
interpretation of _private.Mathlib.Tactic.Push.Attr.0.Mathlib.Tactic.Push.initFn._lam_1._@.Mathlib.Tactic.Push.Attr.3484215244._hygCtx._hyg.2 took 0.0287ms
interpretation of _private.Mathlib.Tactic.Push.Attr.0.Mathlib.Tactic.Push.initFn._lam_1._@.Mathlib.Tactic.Push.Attr.3484215244._hygCtx._hyg.2 took 0.0278ms
interpretation of _private.Mathlib.Tactic.Push.Attr.0.Mathlib.Tactic.Push.initFn._lam_1._@.Mathlib.Tactic.Push.Attr.3484215244._hygCtx._hyg.2 took 0.074ms
interpretation of _private.Mathlib.Tactic.Push.Attr.0.Mathlib.Tactic.Push.initFn._lam_1._@.Mathlib.Tactic.Push.Attr.3484215244._hygCtx._hyg.2 took 0.0589ms
interpretation of _private.Mathlib.Tactic.Push.Attr.0.Mathlib.Tactic.Push.initFn._lam_1._@.Mathlib.Tactic.Push.Attr.3484215244._hygCtx._hyg.2 took 0.0937ms
interpretation of _private.Mathlib.Tactic.Push.Attr.0.Mathlib.Tactic.Push.initFn._lam_1._@.Mathlib.Tactic.Push.Attr.3484215244._hygCtx._hyg.2 took 0.0805ms
interpretation of _private.Mathlib.Tactic.Push.Attr.0.Mathlib.Tactic.Push.initFn._lam_1._@.Mathlib.Tactic.Push.Attr.3484215244._hygCtx._hyg.2 took 0.076ms
interpretation of _private.Mathlib.Tactic.Push.Attr.0.Mathlib.Tactic.Push.initFn._lam_1._@.Mathlib.Tactic.Push.Attr.3484215244._hygCtx._hyg.2 took 0.0864ms
interpretation of _private.Mathlib.Tactic.Push.Attr.0.Mathlib.Tactic.Push.initFn._lam_1._@.Mathlib.Tactic.Push.Attr.3484215244._hygCtx._hyg.2 took 0.0737ms
interpretation of _private.Mathlib.Tactic.Push.Attr.0.Mathlib.Tactic.Push.initFn._lam_1._@.Mathlib.Tactic.Push.Attr.3484215244._hygCtx._hyg.2 took 0.112ms
interpretation of _private.Mathlib.Tactic.Push.Attr.0.Mathlib.Tactic.Push.initFn._lam_1._@.Mathlib.Tactic.Push.Attr.3484215244._hygCtx._hyg.2 took 0.1ms
interpretation of _private.Mathlib.Tactic.Push.Attr.0.Mathlib.Tactic.Push.initFn._lam_1._@.Mathlib.Tactic.Push.Attr.3484215244._hygCtx._hyg.2 took 0.0892ms
interpretation of _private.Mathlib.Tactic.Push.Attr.0.Mathlib.Tactic.Push.initFn._lam_1._@.Mathlib.Tactic.Push.Attr.3484215244._hygCtx._hyg.2 took 0.11ms
interpretation of _private.Mathlib.Tactic.Push.Attr.0.Mathlib.Tactic.Push.initFn._lam_1._@.Mathlib.Tactic.Push.Attr.3484215244._hygCtx._hyg.2 took 0.0802ms
interpretation of _private.Mathlib.Tactic.Push.Attr.0.Mathlib.Tactic.Push.initFn._lam_1._@.Mathlib.Tactic.Push.Attr.3484215244._hygCtx._hyg.2 took 0.081ms
interpretation of _private.Mathlib.Tactic.Push.Attr.0.Mathlib.Tactic.Push.initFn._lam_1._@.Mathlib.Tactic.Push.Attr.3484215244._hygCtx._hyg.2 took 0.127ms
interpretation of _private.Mathlib.Tactic.Push.Attr.0.Mathlib.Tactic.Push.initFn._lam_1._@.Mathlib.Tactic.Push.Attr.3484215244._hygCtx._hyg.2 took 0.116ms
interpretation of _private.Mathlib.Tactic.Push.Attr.0.Mathlib.Tactic.Push.initFn._lam_1._@.Mathlib.Tactic.Push.Attr.3484215244._hygCtx._hyg.2 took 0.093ms
interpretation of _private.Mathlib.Tactic.Push.Attr.0.Mathlib.Tactic.Push.initFn._lam_1._@.Mathlib.Tactic.Push.Attr.3484215244._hygCtx._hyg.2 took 0.102ms
interpretation of _private.Mathlib.Tactic.Push.Attr.0.Mathlib.Tactic.Push.initFn._lam_1._@.Mathlib.Tactic.Push.Attr.3484215244._hygCtx._hyg.2 took 0.085ms
interpretation of _private.Mathlib.Tactic.Push.Attr.0.Mathlib.Tactic.Push.initFn._lam_1._@.Mathlib.Tactic.Push.Attr.3484215244._hygCtx._hyg.2 took 0.121ms
interpretation of _private.Mathlib.Tactic.Push.Attr.0.Mathlib.Tactic.Push.initFn._lam_1._@.Mathlib.Tactic.Push.Attr.3484215244._hygCtx._hyg.2 took 0.107ms
interpretation of _private.Mathlib.Tactic.Push.Attr.0.Mathlib.Tactic.Push.initFn._lam_1._@.Mathlib.Tactic.Push.Attr.3484215244._hygCtx._hyg.2 took 0.151ms
interpretation of _private.Mathlib.Tactic.Push.Attr.0.Mathlib.Tactic.Push.initFn._lam_1._@.Mathlib.Tactic.Push.Attr.3484215244._hygCtx._hyg.2 took 0.0794ms
interpretation of _private.Mathlib.Tactic.Push.Attr.0.Mathlib.Tactic.Push.initFn._lam_1._@.Mathlib.Tactic.Push.Attr.3484215244._hygCtx._hyg.2 took 0.11ms
interpretation of _private.Mathlib.Tactic.Push.Attr.0.Mathlib.Tactic.Push.initFn._lam_2._@.Mathlib.Tactic.Push.Attr.3484215244._hygCtx._hyg.2._boxed took 0.578ms
interpretation of _private.Mathlib.Tactic.CrossRefAttribute.0.Mathlib.CrossRef.initFn._lam_1._@.Mathlib.Tactic.CrossRefAttribute.3825811252._hygCtx._hyg.2._boxed took 0.0067ms
interpretation of Lean.registerNameMapExtension._redArg._lam_4 took 0.0315ms
interpretation of Mathlib.Tactic.UnfoldBoundary.registerUnfoldBoundaryExt._lam_0._boxed took 7.86ms
interpretation of Lean.registerNameMapExtension._redArg._lam_4 took 0.0183ms
interpretation of Lean.registerNameMapExtension._redArg._lam_4 took 0.0119ms
interpretation of Aesop.BaseRuleSet.add took 20.4ms
interpretation of Aesop.BaseRuleSet.add took 0.203ms
interpretation of Aesop.BaseRuleSet.add took 0.104ms
interpretation of Aesop.BaseRuleSet.add took 0.102ms
interpretation of Aesop.BaseRuleSet.add took 0.0641ms
interpretation of Aesop.BaseRuleSet.add took 0.0401ms
interpretation of Aesop.BaseRuleSet.add took 0.0468ms
interpretation of Aesop.BaseRuleSet.add took 0.0604ms
interpretation of Aesop.BaseRuleSet.add took 2.12ms
interpretation of Aesop.BaseRuleSet.add took 0.0864ms
interpretation of Aesop.BaseRuleSet.add took 0.848ms
interpretation of Aesop.BaseRuleSet.add took 0.0767ms
interpretation of Aesop.BaseRuleSet.add took 0.0613ms
interpretation of Aesop.BaseRuleSet.add took 0.038ms
interpretation of Aesop.BaseRuleSet.add took 1.51ms
interpretation of Aesop.BaseRuleSet.add took 0.0553ms
interpretation of Aesop.BaseRuleSet.add took 0.065ms
interpretation of Aesop.BaseRuleSet.add took 0.0602ms
interpretation of Aesop.BaseRuleSet.add took 0.0572ms
interpretation of Aesop.BaseRuleSet.add took 0.0642ms
interpretation of Aesop.BaseRuleSet.add took 0.179ms
interpretation of Aesop.BaseRuleSet.add took 0.0599ms
interpretation of Aesop.BaseRuleSet.add took 0.0871ms
interpretation of Aesop.BaseRuleSet.add took 0.066ms
interpretation of Aesop.BaseRuleSet.add took 0.0405ms
interpretation of Aesop.BaseRuleSet.add took 0.0525ms
interpretation of Aesop.BaseRuleSet.add took 0.0944ms
interpretation of Aesop.BaseRuleSet.add took 5.16ms
interpretation of Aesop.BaseRuleSet.add took 6.52ms
interpretation of Aesop.BaseRuleSet.add took 0.139ms
interpretation of Aesop.BaseRuleSet.add took 0.158ms
interpretation of Aesop.BaseRuleSet.add took 0.123ms
interpretation of Aesop.BaseRuleSet.add took 0.0635ms
interpretation of Aesop.BaseRuleSet.add took 0.102ms
interpretation of Aesop.BaseRuleSet.add took 0.0982ms
interpretation of Aesop.BaseRuleSet.add took 0.0867ms
interpretation of Aesop.BaseRuleSet.add took 0.0864ms
interpretation of Aesop.BaseRuleSet.add took 0.0658ms
interpretation of Aesop.BaseRuleSet.add took 0.0557ms
interpretation of Aesop.BaseRuleSet.add took 0.0636ms
interpretation of Aesop.BaseRuleSet.add took 0.104ms
interpretation of Aesop.BaseRuleSet.add took 0.128ms
interpretation of Aesop.BaseRuleSet.add took 0.0676ms
interpretation of Aesop.BaseRuleSet.add took 0.075ms
interpretation of Aesop.BaseRuleSet.add took 0.0624ms
interpretation of Aesop.BaseRuleSet.add took 0.154ms
interpretation of Aesop.BaseRuleSet.add took 0.238ms
interpretation of Aesop.BaseRuleSet.add took 0.0879ms
interpretation of Aesop.BaseRuleSet.add took 0.132ms
interpretation of Aesop.BaseRuleSet.add took 0.213ms
interpretation of Aesop.BaseRuleSet.add took 3.3ms
interpretation of Aesop.BaseRuleSet.add took 0.222ms
interpretation of Aesop.BaseRuleSet.add took 0.0968ms
interpretation of Aesop.BaseRuleSet.add took 0.139ms
interpretation of Aesop.Frontend.extensionDescr._lam_1._boxed took 1.09ms
interpretation of Aesop.BaseRuleSet.add took 4.55ms
interpretation of Aesop.BaseRuleSet.add took 0.129ms
interpretation of Aesop.BaseRuleSet.add took 12.7ms
interpretation of Aesop.BaseRuleSet.add took 0.265ms
interpretation of Aesop.BaseRuleSet.add took 0.105ms
interpretation of Aesop.BaseRuleSet.add took 0.105ms
interpretation of Aesop.BaseRuleSet.add took 0.0917ms
interpretation of Aesop.BaseRuleSet.add took 0.118ms
interpretation of Aesop.BaseRuleSet.add took 0.152ms
interpretation of Aesop.BaseRuleSet.add took 0.0571ms
interpretation of Aesop.BaseRuleSet.add took 0.0871ms
interpretation of Aesop.BaseRuleSet.add took 0.112ms
interpretation of Aesop.BaseRuleSet.add took 0.106ms
interpretation of Aesop.BaseRuleSet.add took 0.101ms
interpretation of Aesop.BaseRuleSet.add took 0.0704ms
interpretation of Aesop.BaseRuleSet.add took 0.0736ms
interpretation of Aesop.BaseRuleSet.add took 0.0654ms
interpretation of Aesop.BaseRuleSet.add took 0.0699ms
interpretation of Aesop.BaseRuleSet.add took 0.0742ms
interpretation of Aesop.BaseRuleSet.add took 6.84ms
interpretation of Aesop.BaseRuleSet.add took 0.168ms
interpretation of Aesop.BaseRuleSet.add took 0.175ms
interpretation of Aesop.BaseRuleSet.add took 0.0485ms
interpretation of Aesop.BaseRuleSet.add took 0.104ms
interpretation of Aesop.BaseRuleSet.add took 0.0807ms
interpretation of Aesop.BaseRuleSet.add took 0.0802ms
interpretation of Aesop.BaseRuleSet.add took 0.107ms
interpretation of Aesop.BaseRuleSet.add took 0.0912ms
interpretation of Aesop.BaseRuleSet.add took 0.12ms
interpretation of Aesop.BaseRuleSet.add took 0.075ms
interpretation of Aesop.Frontend.extensionDescr._lam_1._boxed took 0.0067ms
interpretation of _private.Aesop.Stats.Extension.0.Aesop.initFn._lam_1._@.Aesop.Stats.Extension.2703840432._hygCtx._hyg.2._boxed took 0.006ms
interpretation of Mathlib.Tactic.GCongr.exactRefl took 1.92ms
interpretation of Mathlib.Tactic.GCongr.exact took 2.17ms
interpretation of Mathlib.Tactic.GCongr.exactLeOfLt took 4.23ms
interpretation of Mathlib.Tactic.GCongr.exactAntisymmRelLeft took 2.75ms
interpretation of _private.Mathlib.Tactic.GCongr.ForwardAttr.0.Mathlib.Tactic.GCongr.initFn._lam_4._@.Mathlib.Tactic.GCongr.ForwardAttr.242967595._hygCtx._hyg.2._boxed took 8.14ms
interpretation of Mathlib.Tactic.GCongr.addGCongrLemmaEntry took 2.99ms
interpretation of Mathlib.Tactic.GCongr.addGCongrLemmaEntry took 1.07ms
interpretation of Mathlib.Tactic.GCongr.addGCongrLemmaEntry took 0.0262ms
interpretation of Mathlib.Tactic.GCongr.addGCongrLemmaEntry took 0.0161ms
interpretation of Mathlib.Tactic.GCongr.addGCongrLemmaEntry took 1.48ms
interpretation of Mathlib.Tactic.GCongr.addGCongrLemmaEntry took 0.0343ms
interpretation of Mathlib.Tactic.GCongr.addGCongrLemmaEntry took 0.0248ms
interpretation of Mathlib.Tactic.GCongr.addGCongrLemmaEntry took 0.0303ms
interpretation of Mathlib.Tactic.GCongr.addGCongrLemmaEntry took 0.0145ms
interpretation of Mathlib.Tactic.GCongr.addGCongrLemmaEntry took 0.0128ms
interpretation of Mathlib.Tactic.GCongr.addGCongrLemmaEntry took 0.0125ms
interpretation of Mathlib.Tactic.GCongr.addGCongrLemmaEntry took 0.0122ms
interpretation of Mathlib.Tactic.GCongr.addGCongrLemmaEntry took 0.0127ms
interpretation of Mathlib.Tactic.GCongr.addGCongrLemmaEntry took 0.0225ms
interpretation of Mathlib.Tactic.GCongr.addGCongrLemmaEntry took 0.0227ms
interpretation of Mathlib.Tactic.GCongr.addGCongrLemmaEntry took 0.0154ms
interpretation of Mathlib.Tactic.GCongr.addGCongrLemmaEntry took 0.0186ms
interpretation of Mathlib.Tactic.GCongr.addGCongrLemmaEntry took 0.0293ms
interpretation of Mathlib.Tactic.GCongr.addGCongrLemmaEntry took 0.0129ms
interpretation of Mathlib.Tactic.GCongr.addGCongrLemmaEntry took 0.0194ms
interpretation of Mathlib.Tactic.GCongr.addGCongrLemmaEntry took 0.0138ms
interpretation of Mathlib.Tactic.GCongr.addGCongrLemmaEntry took 0.0143ms
interpretation of Mathlib.Tactic.GCongr.addGCongrLemmaEntry took 0.0227ms
interpretation of Mathlib.Tactic.GCongr.addGCongrLemmaEntry took 0.0177ms
interpretation of Mathlib.Tactic.GCongr.addGCongrLemmaEntry took 0.0215ms
interpretation of Mathlib.Tactic.GCongr.addGCongrLemmaEntry took 0.0201ms
interpretation of Mathlib.Tactic.GCongr.addGCongrLemmaEntry took 0.0144ms
interpretation of Mathlib.Tactic.GCongr.addGCongrLemmaEntry took 0.013ms
interpretation of Mathlib.Tactic.GCongr.addGCongrLemmaEntry took 0.0181ms
interpretation of Mathlib.Tactic.GCongr.addGCongrLemmaEntry took 0.0181ms
interpretation of Mathlib.Tactic.GCongr.addGCongrLemmaEntry took 0.0194ms
interpretation of Mathlib.Tactic.GCongr.addGCongrLemmaEntry took 0.0227ms
interpretation of Mathlib.Tactic.GCongr.addGCongrLemmaEntry took 0.0254ms
interpretation of Mathlib.Tactic.GCongr.addGCongrLemmaEntry took 0.0215ms
interpretation of Mathlib.Tactic.GCongr.addGCongrLemmaEntry took 0.0141ms
interpretation of Mathlib.Tactic.GCongr.addGCongrLemmaEntry took 0.0178ms
interpretation of Mathlib.Tactic.GCongr.addGCongrLemmaEntry took 0.0198ms
interpretation of Mathlib.Tactic.GCongr.addGCongrLemmaEntry took 0.0218ms
interpretation of Mathlib.Tactic.GCongr.addGCongrLemmaEntry took 0.0274ms
interpretation of Mathlib.Tactic.GCongr.addGCongrLemmaEntry took 0.0304ms
interpretation of Mathlib.Tactic.GCongr.addGCongrLemmaEntry took 0.0308ms
interpretation of Mathlib.Tactic.GCongr.addGCongrLemmaEntry took 0.0205ms
interpretation of Mathlib.Tactic.GCongr.addGCongrLemmaEntry took 0.0212ms
interpretation of Mathlib.Tactic.GCongr.addGCongrLemmaEntry took 0.0278ms
interpretation of Mathlib.Tactic.GCongr.addGCongrLemmaEntry took 0.0268ms
interpretation of Mathlib.Tactic.GCongr.addGCongrLemmaEntry took 0.028ms
interpretation of Mathlib.Tactic.GCongr.addGCongrLemmaEntry took 0.0292ms
interpretation of Mathlib.Tactic.GCongr.addGCongrLemmaEntry took 0.0169ms
interpretation of Mathlib.Tactic.GCongr.addGCongrLemmaEntry took 0.0168ms
interpretation of Mathlib.Tactic.GCongr.addGCongrLemmaEntry took 0.0177ms
interpretation of Mathlib.Tactic.GCongr.addGCongrLemmaEntry took 0.0242ms
interpretation of Mathlib.Tactic.GCongr.addGCongrLemmaEntry took 0.0175ms
interpretation of Mathlib.Tactic.GCongr.addGCongrLemmaEntry took 0.022ms
interpretation of Mathlib.Tactic.GCongr.addGCongrLemmaEntry took 0.0194ms
interpretation of Mathlib.Tactic.GCongr.addGCongrLemmaEntry took 0.0305ms
interpretation of Mathlib.Tactic.GCongr.addGCongrLemmaEntry took 0.0503ms
interpretation of Mathlib.Tactic.GCongr.addGCongrLemmaEntry took 0.0398ms
interpretation of Mathlib.Tactic.GCongr.addGCongrLemmaEntry took 0.0405ms
interpretation of Mathlib.Tactic.GCongr.addGCongrLemmaEntry took 0.0481ms
interpretation of Mathlib.Tactic.GCongr.addGCongrLemmaEntry took 0.0258ms
interpretation of Mathlib.Tactic.GCongr.addGCongrLemmaEntry took 0.0261ms
interpretation of Mathlib.Tactic.GCongr.addGCongrLemmaEntry took 0.0283ms
interpretation of Mathlib.Tactic.GCongr.addGCongrLemmaEntry took 0.0306ms
interpretation of Mathlib.Tactic.GCongr.addGCongrLemmaEntry took 0.0247ms
interpretation of Mathlib.Tactic.GCongr.addGCongrLemmaEntry took 0.0217ms
interpretation of Mathlib.Tactic.GCongr.addGCongrLemmaEntry took 0.0303ms
interpretation of Mathlib.Tactic.GCongr.addGCongrLemmaEntry took 0.0292ms
interpretation of Mathlib.Tactic.GCongr.addGCongrLemmaEntry took 0.034ms
interpretation of Mathlib.Tactic.GCongr.addGCongrLemmaEntry took 0.0346ms
interpretation of Mathlib.Tactic.GCongr.addGCongrLemmaEntry took 0.0305ms
interpretation of Mathlib.Tactic.GCongr.addGCongrLemmaEntry took 0.0273ms
interpretation of Mathlib.Tactic.GCongr.addGCongrLemmaEntry took 0.0272ms
interpretation of Mathlib.Tactic.GCongr.addGCongrLemmaEntry took 0.024ms
interpretation of Mathlib.Tactic.GCongr.addGCongrLemmaEntry took 0.0575ms
interpretation of Mathlib.Tactic.GCongr.addGCongrLemmaEntry took 0.0297ms
interpretation of Mathlib.Tactic.GCongr.addGCongrLemmaEntry took 0.0249ms
interpretation of Mathlib.Tactic.GCongr.addGCongrLemmaEntry took 0.0261ms
interpretation of Mathlib.Tactic.GCongr.addGCongrLemmaEntry took 0.0487ms
interpretation of Mathlib.Tactic.GCongr.addGCongrLemmaEntry took 0.0347ms
interpretation of Mathlib.Tactic.GCongr.addGCongrLemmaEntry took 0.0511ms
interpretation of Mathlib.Tactic.GCongr.addGCongrLemmaEntry took 0.0315ms
interpretation of Mathlib.Tactic.GCongr.addGCongrLemmaEntry took 0.0508ms
interpretation of Mathlib.Tactic.GCongr.addGCongrLemmaEntry took 0.026ms
interpretation of Mathlib.Tactic.GCongr.addGCongrLemmaEntry took 0.0207ms
interpretation of Mathlib.Tactic.GCongr.addGCongrLemmaEntry took 0.0182ms
interpretation of Mathlib.Tactic.GCongr.addGCongrLemmaEntry took 0.0215ms
interpretation of Mathlib.Tactic.GCongr.addGCongrLemmaEntry took 0.017ms
interpretation of Mathlib.Tactic.GCongr.addGCongrLemmaEntry took 0.0186ms
interpretation of Mathlib.Tactic.GCongr.addGCongrLemmaEntry took 0.0188ms
interpretation of Mathlib.Tactic.GCongr.addGCongrLemmaEntry took 0.0215ms
interpretation of Mathlib.Tactic.GCongr.addGCongrLemmaEntry took 0.0256ms
interpretation of Mathlib.Tactic.GCongr.addGCongrLemmaEntry took 0.0546ms
interpretation of Mathlib.Tactic.GCongr.addGCongrLemmaEntry took 0.04ms
interpretation of Mathlib.Tactic.GCongr.addGCongrLemmaEntry took 0.0328ms
interpretation of Mathlib.Tactic.GCongr.addGCongrLemmaEntry took 0.0164ms
interpretation of Mathlib.Tactic.GCongr.addGCongrLemmaEntry took 0.0187ms
interpretation of Mathlib.Tactic.GCongr.addGCongrLemmaEntry took 0.0212ms
interpretation of Mathlib.Tactic.GCongr.addGCongrLemmaEntry took 0.0203ms
interpretation of Mathlib.Tactic.GCongr.addGCongrLemmaEntry took 0.0238ms
interpretation of Mathlib.Tactic.GCongr.addGCongrLemmaEntry took 0.0238ms
interpretation of Mathlib.Tactic.GCongr.addGCongrLemmaEntry took 0.022ms
interpretation of Mathlib.Tactic.GCongr.addGCongrLemmaEntry took 0.0194ms
interpretation of Mathlib.Tactic.GCongr.addGCongrLemmaEntry took 0.0236ms
interpretation of Mathlib.Tactic.GCongr.addGCongrLemmaEntry took 0.0158ms
interpretation of Mathlib.Tactic.GCongr.addGCongrLemmaEntry took 0.0137ms
interpretation of Mathlib.Tactic.GCongr.addGCongrLemmaEntry took 0.0138ms
interpretation of Mathlib.Tactic.GCongr.addGCongrLemmaEntry took 0.0144ms
interpretation of Mathlib.Tactic.GCongr.addGCongrLemmaEntry took 0.0278ms
interpretation of Mathlib.Tactic.GCongr.addGCongrLemmaEntry took 0.0159ms
interpretation of Mathlib.Tactic.GCongr.addGCongrLemmaEntry took 0.0194ms
interpretation of Mathlib.Tactic.GCongr.addGCongrLemmaEntry took 0.0238ms
interpretation of Mathlib.Tactic.GCongr.addGCongrLemmaEntry took 0.0147ms
interpretation of Mathlib.Tactic.GCongr.addGCongrLemmaEntry took 0.0148ms
interpretation of Mathlib.Tactic.GCongr.addGCongrLemmaEntry took 0.0203ms
interpretation of Mathlib.Tactic.GCongr.addGCongrLemmaEntry took 0.0155ms
interpretation of Mathlib.Tactic.GCongr.addGCongrLemmaEntry took 0.0241ms
interpretation of Mathlib.Tactic.GCongr.addGCongrLemmaEntry took 0.0295ms
interpretation of Mathlib.Tactic.GCongr.addGCongrLemmaEntry took 0.0264ms
interpretation of Mathlib.Tactic.GCongr.addGCongrLemmaEntry took 0.0225ms
interpretation of Mathlib.Tactic.GCongr.addGCongrLemmaEntry took 0.0171ms
interpretation of Mathlib.Tactic.GCongr.addGCongrLemmaEntry took 0.0155ms
interpretation of Mathlib.Tactic.GCongr.addGCongrLemmaEntry took 0.0238ms
interpretation of Mathlib.Tactic.GCongr.addGCongrLemmaEntry took 0.0245ms
interpretation of Mathlib.Tactic.GCongr.addGCongrLemmaEntry took 0.0198ms
interpretation of Mathlib.Tactic.GCongr.addGCongrLemmaEntry took 0.0221ms
interpretation of Mathlib.Tactic.GCongr.addGCongrLemmaEntry took 0.0156ms
interpretation of Mathlib.Tactic.GCongr.addGCongrLemmaEntry took 0.0233ms
interpretation of Mathlib.Tactic.GCongr.addGCongrLemmaEntry took 0.0155ms
interpretation of Mathlib.Tactic.GCongr.addGCongrLemmaEntry took 0.0242ms
interpretation of Mathlib.Tactic.GCongr.addGCongrLemmaEntry took 0.0255ms
interpretation of Mathlib.Tactic.GCongr.addGCongrLemmaEntry took 0.0166ms
interpretation of Mathlib.Tactic.GCongr.addGCongrLemmaEntry took 0.0242ms
interpretation of Mathlib.Tactic.GCongr.addGCongrLemmaEntry took 0.0179ms
interpretation of Mathlib.Tactic.GCongr.addGCongrLemmaEntry took 0.0232ms
interpretation of Mathlib.Tactic.GCongr.addGCongrLemmaEntry took 0.0195ms
interpretation of Mathlib.Tactic.GCongr.addGCongrLemmaEntry took 0.018ms
interpretation of Mathlib.Tactic.GCongr.addGCongrLemmaEntry took 0.0244ms
interpretation of Mathlib.Tactic.GCongr.addGCongrLemmaEntry took 0.0252ms
interpretation of Mathlib.Tactic.GCongr.addGCongrLemmaEntry took 0.0228ms
interpretation of Mathlib.Tactic.GCongr.addGCongrLemmaEntry took 0.0178ms
interpretation of Mathlib.Tactic.GCongr.addGCongrLemmaEntry took 0.0212ms
interpretation of Mathlib.Tactic.GCongr.addGCongrLemmaEntry took 0.021ms
interpretation of Mathlib.Tactic.GCongr.addGCongrLemmaEntry took 0.0189ms
interpretation of Mathlib.Tactic.GCongr.addGCongrLemmaEntry took 0.0158ms
interpretation of Mathlib.Tactic.GCongr.addGCongrLemmaEntry took 0.0168ms
interpretation of Mathlib.Tactic.GCongr.addGCongrLemmaEntry took 0.0203ms
interpretation of Mathlib.Tactic.GCongr.addGCongrLemmaEntry took 0.0187ms
interpretation of Mathlib.Tactic.GCongr.addGCongrLemmaEntry took 0.0207ms
interpretation of Mathlib.Tactic.GCongr.addGCongrLemmaEntry took 0.0201ms
interpretation of Mathlib.Tactic.GCongr.addGCongrLemmaEntry took 0.0281ms
interpretation of Mathlib.Tactic.GCongr.addGCongrLemmaEntry took 0.0177ms
interpretation of Mathlib.Tactic.GCongr.addGCongrLemmaEntry took 0.0158ms
interpretation of Mathlib.Tactic.GCongr.addGCongrLemmaEntry took 0.036ms
interpretation of Mathlib.Tactic.GCongr.addGCongrLemmaEntry took 0.0338ms
interpretation of Mathlib.Tactic.GCongr.addGCongrLemmaEntry took 0.0205ms
interpretation of Mathlib.Tactic.GCongr.addGCongrLemmaEntry took 0.0173ms
interpretation of Mathlib.Tactic.GCongr.addGCongrLemmaEntry took 0.0166ms
interpretation of Mathlib.Tactic.GCongr.addGCongrLemmaEntry took 0.0164ms
interpretation of Mathlib.Tactic.GCongr.addGCongrLemmaEntry took 0.0317ms
interpretation of Mathlib.Tactic.GCongr.addGCongrLemmaEntry took 0.0273ms
interpretation of Mathlib.Tactic.GCongr.addGCongrLemmaEntry took 0.033ms
interpretation of Mathlib.Tactic.GCongr.addGCongrLemmaEntry took 0.0295ms
interpretation of Mathlib.Tactic.GCongr.addGCongrLemmaEntry took 0.0176ms
interpretation of Mathlib.Tactic.GCongr.addGCongrLemmaEntry took 0.0198ms
interpretation of Mathlib.Tactic.GCongr.addGCongrLemmaEntry took 0.0165ms
interpretation of Mathlib.Tactic.GCongr.addGCongrLemmaEntry took 0.0148ms
interpretation of Mathlib.Tactic.GCongr.addGCongrLemmaEntry took 0.0174ms
interpretation of Mathlib.Tactic.GCongr.addGCongrLemmaEntry took 0.0195ms
interpretation of Mathlib.Tactic.GCongr.addGCongrLemmaEntry took 0.0389ms
interpretation of Mathlib.Tactic.GCongr.addGCongrLemmaEntry took 0.0356ms
interpretation of Mathlib.Tactic.GCongr.addGCongrLemmaEntry took 0.0315ms
interpretation of Mathlib.Tactic.GCongr.addGCongrLemmaEntry took 0.0388ms
interpretation of Mathlib.Tactic.GCongr.addGCongrLemmaEntry took 0.0462ms
interpretation of Mathlib.Tactic.GCongr.addGCongrLemmaEntry took 0.0532ms
interpretation of Mathlib.Tactic.GCongr.addGCongrLemmaEntry took 0.0625ms
interpretation of Mathlib.Tactic.GCongr.addGCongrLemmaEntry took 0.0487ms
interpretation of Mathlib.Tactic.GCongr.addGCongrLemmaEntry took 0.0473ms
interpretation of Mathlib.Tactic.GCongr.addGCongrLemmaEntry took 0.0462ms
interpretation of Mathlib.Tactic.GCongr.addGCongrLemmaEntry took 0.0373ms
interpretation of Mathlib.Tactic.GCongr.addGCongrLemmaEntry took 0.0413ms
interpretation of Mathlib.Tactic.GCongr.addGCongrLemmaEntry took 0.0465ms
interpretation of Mathlib.Tactic.GCongr.addGCongrLemmaEntry took 0.0374ms
interpretation of Mathlib.Tactic.GCongr.addGCongrLemmaEntry took 0.0375ms
interpretation of Mathlib.Tactic.GCongr.addGCongrLemmaEntry took 0.031ms
interpretation of Mathlib.Tactic.GCongr.addGCongrLemmaEntry took 0.04ms
interpretation of Mathlib.Tactic.GCongr.addGCongrLemmaEntry took 0.0294ms
interpretation of Mathlib.Tactic.GCongr.addGCongrLemmaEntry took 0.0426ms
interpretation of Mathlib.Tactic.GCongr.addGCongrLemmaEntry took 0.0393ms
interpretation of Mathlib.Tactic.GCongr.addGCongrLemmaEntry took 0.0485ms
interpretation of Mathlib.Tactic.GCongr.addGCongrLemmaEntry took 0.0266ms
interpretation of Mathlib.Tactic.GCongr.addGCongrLemmaEntry took 0.0479ms
interpretation of Mathlib.Tactic.GCongr.addGCongrLemmaEntry took 0.035ms
interpretation of Mathlib.Tactic.GCongr.addGCongrLemmaEntry took 0.0525ms
interpretation of Mathlib.Tactic.GCongr.addGCongrLemmaEntry took 0.0363ms
interpretation of Mathlib.Tactic.GCongr.addGCongrLemmaEntry took 0.0313ms
interpretation of Mathlib.Tactic.GCongr.addGCongrLemmaEntry took 0.0279ms
interpretation of Mathlib.Tactic.GCongr.addGCongrLemmaEntry took 0.0293ms
interpretation of Mathlib.Tactic.GCongr.addGCongrLemmaEntry took 0.0419ms
interpretation of Mathlib.Tactic.GCongr.addGCongrLemmaEntry took 0.0318ms
interpretation of Mathlib.Tactic.GCongr.addGCongrLemmaEntry took 0.0309ms
interpretation of Mathlib.Tactic.GCongr.addGCongrLemmaEntry took 0.0474ms
interpretation of Mathlib.Tactic.GCongr.addGCongrLemmaEntry took 0.0349ms
interpretation of Mathlib.Tactic.GCongr.addGCongrLemmaEntry took 0.035ms
interpretation of Mathlib.Tactic.GCongr.addGCongrLemmaEntry took 0.0304ms
interpretation of Mathlib.Tactic.GCongr.addGCongrLemmaEntry took 0.0304ms
interpretation of Mathlib.Tactic.GCongr.addGCongrLemmaEntry took 0.048ms
interpretation of Mathlib.Tactic.GCongr.addGCongrLemmaEntry took 0.0405ms
interpretation of Mathlib.Tactic.GCongr.addGCongrLemmaEntry took 0.036ms
interpretation of Mathlib.Tactic.GCongr.addGCongrLemmaEntry took 0.0273ms
interpretation of Mathlib.Tactic.GCongr.addGCongrLemmaEntry took 0.0297ms
interpretation of Mathlib.Tactic.GCongr.addGCongrLemmaEntry took 0.0335ms
interpretation of Mathlib.Tactic.GCongr.addGCongrLemmaEntry took 0.0371ms
interpretation of Mathlib.Tactic.GCongr.addGCongrLemmaEntry took 0.0306ms
interpretation of Mathlib.Tactic.GCongr.addGCongrLemmaEntry took 0.0374ms
interpretation of Mathlib.Tactic.GCongr.addGCongrLemmaEntry took 0.0312ms
interpretation of Mathlib.Tactic.GCongr.addGCongrLemmaEntry took 0.0318ms
interpretation of Mathlib.Tactic.GCongr.addGCongrLemmaEntry took 0.0388ms
interpretation of Mathlib.Tactic.GCongr.addGCongrLemmaEntry took 0.0345ms
interpretation of Mathlib.Tactic.GCongr.addGCongrLemmaEntry took 0.0407ms
interpretation of Mathlib.Tactic.GCongr.addGCongrLemmaEntry took 0.0444ms
interpretation of Mathlib.Tactic.GCongr.addGCongrLemmaEntry took 0.036ms
interpretation of Mathlib.Tactic.GCongr.addGCongrLemmaEntry took 0.0303ms
interpretation of Mathlib.Tactic.GCongr.addGCongrLemmaEntry took 0.0444ms
interpretation of Mathlib.Tactic.GCongr.addGCongrLemmaEntry took 0.0286ms
interpretation of Mathlib.Tactic.GCongr.addGCongrLemmaEntry took 0.0452ms
interpretation of Mathlib.Tactic.GCongr.addGCongrLemmaEntry took 0.0399ms
interpretation of Mathlib.Tactic.GCongr.addGCongrLemmaEntry took 0.0358ms
interpretation of Mathlib.Tactic.GCongr.addGCongrLemmaEntry took 0.0345ms
interpretation of Mathlib.Tactic.GCongr.addGCongrLemmaEntry took 0.0288ms
interpretation of Mathlib.Tactic.GCongr.addGCongrLemmaEntry took 0.0348ms
interpretation of Mathlib.Tactic.GCongr.addGCongrLemmaEntry took 0.0357ms
interpretation of Mathlib.Tactic.GCongr.addGCongrLemmaEntry took 0.0322ms
interpretation of Mathlib.Tactic.GCongr.addGCongrLemmaEntry took 0.0286ms
interpretation of Mathlib.Tactic.GCongr.addGCongrLemmaEntry took 0.0767ms
interpretation of Mathlib.Tactic.GCongr.addGCongrLemmaEntry took 0.0321ms
interpretation of Mathlib.Tactic.GCongr.addGCongrLemmaEntry took 0.033ms
interpretation of Mathlib.Tactic.GCongr.addGCongrLemmaEntry took 0.0391ms
interpretation of Mathlib.Tactic.GCongr.addGCongrLemmaEntry took 0.0343ms
interpretation of Mathlib.Tactic.GCongr.addGCongrLemmaEntry took 0.0515ms
interpretation of Mathlib.Tactic.GCongr.addGCongrLemmaEntry took 0.0281ms
interpretation of Mathlib.Tactic.GCongr.addGCongrLemmaEntry took 0.0468ms
interpretation of Mathlib.Tactic.GCongr.addGCongrLemmaEntry took 0.0338ms
interpretation of Mathlib.Tactic.GCongr.addGCongrLemmaEntry took 0.0319ms
interpretation of Mathlib.Tactic.GCongr.addGCongrLemmaEntry took 0.0317ms
interpretation of Mathlib.Tactic.GCongr.addGCongrLemmaEntry took 0.0423ms
interpretation of Mathlib.Tactic.GCongr.addGCongrLemmaEntry took 0.0386ms
interpretation of Mathlib.Tactic.GCongr.addGCongrLemmaEntry took 0.0427ms
interpretation of Mathlib.Tactic.GCongr.addGCongrLemmaEntry took 0.0232ms
interpretation of Mathlib.Tactic.GCongr.addGCongrLemmaEntry took 0.0203ms
interpretation of Mathlib.Tactic.GCongr.addGCongrLemmaEntry took 0.0183ms
interpretation of Mathlib.Tactic.GCongr.addGCongrLemmaEntry took 0.0177ms
interpretation of Mathlib.Tactic.GCongr.addGCongrLemmaEntry took 0.0202ms
interpretation of Mathlib.Tactic.GCongr.addGCongrLemmaEntry took 0.0229ms
interpretation of Mathlib.Tactic.GCongr.addGCongrLemmaEntry took 0.0223ms
interpretation of Mathlib.Tactic.GCongr.addGCongrLemmaEntry took 0.0182ms
interpretation of Mathlib.Tactic.GCongr.addGCongrLemmaEntry took 0.022ms
interpretation of Mathlib.Tactic.GCongr.addGCongrLemmaEntry took 0.0312ms
interpretation of Mathlib.Tactic.GCongr.addGCongrLemmaEntry took 0.0202ms
interpretation of Mathlib.Tactic.GCongr.addGCongrLemmaEntry took 0.0245ms
interpretation of Mathlib.Tactic.GCongr.addGCongrLemmaEntry took 0.0321ms
interpretation of Mathlib.Tactic.GCongr.addGCongrLemmaEntry took 0.0259ms
interpretation of Mathlib.Tactic.GCongr.addGCongrLemmaEntry took 0.0205ms
interpretation of Mathlib.Tactic.GCongr.addGCongrLemmaEntry took 0.025ms
interpretation of Mathlib.Tactic.GCongr.addGCongrLemmaEntry took 0.023ms
interpretation of Mathlib.Tactic.GCongr.addGCongrLemmaEntry took 0.0182ms
interpretation of Mathlib.Tactic.GCongr.addGCongrLemmaEntry took 0.0218ms
interpretation of Mathlib.Tactic.GCongr.addGCongrLemmaEntry took 0.0218ms
interpretation of Mathlib.Tactic.GCongr.addGCongrLemmaEntry took 0.0302ms
interpretation of Mathlib.Tactic.GCongr.addGCongrLemmaEntry took 0.0184ms
interpretation of Mathlib.Tactic.GCongr.addGCongrLemmaEntry took 0.0178ms
interpretation of Mathlib.Tactic.GCongr.addGCongrLemmaEntry took 0.0178ms
interpretation of Mathlib.Tactic.GCongr.addGCongrLemmaEntry took 0.0233ms
interpretation of Mathlib.Tactic.GCongr.addGCongrLemmaEntry took 0.0186ms
interpretation of Mathlib.Tactic.GCongr.addGCongrLemmaEntry took 0.0216ms
interpretation of Mathlib.Tactic.GCongr.addGCongrLemmaEntry took 0.0184ms
interpretation of Mathlib.Tactic.GCongr.addGCongrLemmaEntry took 0.0177ms
interpretation of Mathlib.Tactic.GCongr.addGCongrLemmaEntry took 0.019ms
interpretation of Mathlib.Tactic.GCongr.addGCongrLemmaEntry took 0.02ms
interpretation of Mathlib.Tactic.GCongr.addGCongrLemmaEntry took 0.0187ms
interpretation of Mathlib.Tactic.GCongr.addGCongrLemmaEntry took 0.0221ms
interpretation of Mathlib.Tactic.GCongr.addGCongrLemmaEntry took 0.0204ms
interpretation of Mathlib.Tactic.GCongr.addGCongrLemmaEntry took 0.0195ms
interpretation of Mathlib.Tactic.GCongr.addGCongrLemmaEntry took 0.0211ms
interpretation of Mathlib.Tactic.GCongr.addGCongrLemmaEntry took 0.0183ms
interpretation of Mathlib.Tactic.GCongr.addGCongrLemmaEntry took 0.0369ms
interpretation of Mathlib.Tactic.GCongr.addGCongrLemmaEntry took 0.024ms
interpretation of Mathlib.Tactic.GCongr.addGCongrLemmaEntry took 0.0274ms
interpretation of Mathlib.Tactic.GCongr.addGCongrLemmaEntry took 0.0194ms
interpretation of Mathlib.Tactic.GCongr.addGCongrLemmaEntry took 0.0255ms
interpretation of Mathlib.Tactic.GCongr.addGCongrLemmaEntry took 0.0274ms
interpretation of Mathlib.Tactic.GCongr.addGCongrLemmaEntry took 0.0303ms
interpretation of Mathlib.Tactic.GCongr.addGCongrLemmaEntry took 0.0183ms
interpretation of Mathlib.Tactic.GCongr.addGCongrLemmaEntry took 0.0242ms
interpretation of Mathlib.Tactic.GCongr.addGCongrLemmaEntry took 0.0273ms
interpretation of Mathlib.Tactic.GCongr.addGCongrLemmaEntry took 0.0259ms
interpretation of Mathlib.Tactic.GCongr.addGCongrLemmaEntry took 0.034ms
interpretation of Mathlib.Tactic.GCongr.addGCongrLemmaEntry took 0.0213ms
interpretation of Mathlib.Tactic.GCongr.addGCongrLemmaEntry took 0.0203ms
interpretation of Mathlib.Tactic.GCongr.addGCongrLemmaEntry took 0.0259ms
interpretation of Mathlib.Tactic.GCongr.addGCongrLemmaEntry took 0.0212ms
interpretation of Mathlib.Tactic.GCongr.addGCongrLemmaEntry took 0.0232ms
interpretation of Mathlib.Tactic.GCongr.addGCongrLemmaEntry took 0.0226ms
interpretation of Mathlib.Tactic.GCongr.addGCongrLemmaEntry took 0.07ms
interpretation of Mathlib.Tactic.GCongr.addGCongrLemmaEntry took 0.0259ms
interpretation of Mathlib.Tactic.GCongr.addGCongrLemmaEntry took 0.0217ms
interpretation of Mathlib.Tactic.GCongr.addGCongrLemmaEntry took 0.0358ms
interpretation of Mathlib.Tactic.GCongr.addGCongrLemmaEntry took 0.0241ms
interpretation of Mathlib.Tactic.GCongr.addGCongrLemmaEntry took 0.0222ms
interpretation of Mathlib.Tactic.GCongr.addGCongrLemmaEntry took 0.0294ms
interpretation of Mathlib.Tactic.GCongr.addGCongrLemmaEntry took 0.03ms
interpretation of Mathlib.Tactic.GCongr.addGCongrLemmaEntry took 0.0288ms
interpretation of Mathlib.Tactic.GCongr.addGCongrLemmaEntry took 0.0243ms
interpretation of Mathlib.Tactic.GCongr.addGCongrLemmaEntry took 0.0246ms
interpretation of Mathlib.Tactic.GCongr.addGCongrLemmaEntry took 0.0177ms
interpretation of Mathlib.Tactic.GCongr.addGCongrLemmaEntry took 0.0229ms
interpretation of Mathlib.Tactic.GCongr.addGCongrLemmaEntry took 0.0233ms
interpretation of Mathlib.Tactic.GCongr.addGCongrLemmaEntry took 0.017ms
interpretation of Mathlib.Tactic.GCongr.addGCongrLemmaEntry took 0.0181ms
interpretation of Mathlib.Tactic.GCongr.addGCongrLemmaEntry took 0.0266ms
interpretation of Mathlib.Tactic.GCongr.addGCongrLemmaEntry took 0.0267ms
interpretation of Mathlib.Tactic.GCongr.addGCongrLemmaEntry took 0.0234ms
interpretation of Mathlib.Tactic.GCongr.addGCongrLemmaEntry took 0.027ms
interpretation of Mathlib.Tactic.GCongr.addGCongrLemmaEntry took 0.0289ms
interpretation of Mathlib.Tactic.GCongr.addGCongrLemmaEntry took 0.0248ms
interpretation of Mathlib.Tactic.GCongr.addGCongrLemmaEntry took 0.0278ms
interpretation of Mathlib.Tactic.GCongr.addGCongrLemmaEntry took 0.0383ms
interpretation of Mathlib.Tactic.GCongr.addGCongrLemmaEntry took 0.0346ms
interpretation of Mathlib.Tactic.GCongr.addGCongrLemmaEntry took 0.0291ms
interpretation of Mathlib.Tactic.GCongr.addGCongrLemmaEntry took 0.0213ms
interpretation of Mathlib.Tactic.GCongr.addGCongrLemmaEntry took 0.0234ms
interpretation of Mathlib.Tactic.GCongr.addGCongrLemmaEntry took 0.0276ms
interpretation of Mathlib.Tactic.GCongr.addGCongrLemmaEntry took 0.0227ms
interpretation of Mathlib.Tactic.GCongr.addGCongrLemmaEntry took 0.0242ms
interpretation of Mathlib.Tactic.GCongr.addGCongrLemmaEntry took 0.024ms
interpretation of Mathlib.Tactic.GCongr.addGCongrLemmaEntry took 0.0264ms
interpretation of Mathlib.Tactic.GCongr.addGCongrLemmaEntry took 0.0278ms
interpretation of Mathlib.Tactic.GCongr.addGCongrLemmaEntry took 0.0281ms
interpretation of Mathlib.Tactic.GCongr.addGCongrLemmaEntry took 0.0245ms
interpretation of Mathlib.Tactic.GCongr.addGCongrLemmaEntry took 0.0247ms
interpretation of Mathlib.Tactic.GCongr.addGCongrLemmaEntry took 0.0202ms
interpretation of Mathlib.Tactic.GCongr.addGCongrLemmaEntry took 0.0182ms
interpretation of Mathlib.Tactic.GCongr.addGCongrLemmaEntry took 0.0226ms
interpretation of Mathlib.Tactic.GCongr.addGCongrLemmaEntry took 0.0217ms
interpretation of Mathlib.Tactic.GCongr.addGCongrLemmaEntry took 0.0281ms
interpretation of Mathlib.Tactic.GCongr.addGCongrLemmaEntry took 0.0196ms
interpretation of Mathlib.Tactic.GCongr.addGCongrLemmaEntry took 0.0241ms
interpretation of Mathlib.Tactic.GCongr.addGCongrLemmaEntry took 0.0208ms
interpretation of Mathlib.Tactic.GCongr.addGCongrLemmaEntry took 0.0219ms
interpretation of Mathlib.Tactic.GCongr.addGCongrLemmaEntry took 0.0412ms
interpretation of Mathlib.Tactic.GCongr.addGCongrLemmaEntry took 0.0373ms
interpretation of Mathlib.Tactic.GCongr.addGCongrLemmaEntry took 0.0318ms
interpretation of Mathlib.Tactic.GCongr.addGCongrLemmaEntry took 0.0295ms
interpretation of Mathlib.Tactic.GCongr.addGCongrLemmaEntry took 0.0307ms
interpretation of Mathlib.Tactic.GCongr.addGCongrLemmaEntry took 0.04ms
interpretation of Mathlib.Tactic.GCongr.addGCongrLemmaEntry took 0.0295ms
interpretation of Mathlib.Tactic.GCongr.addGCongrLemmaEntry took 0.0329ms
interpretation of Mathlib.Tactic.GCongr.addGCongrLemmaEntry took 0.0327ms
interpretation of Mathlib.Tactic.GCongr.addGCongrLemmaEntry took 0.0349ms
interpretation of Mathlib.Tactic.GCongr.addGCongrLemmaEntry took 0.0365ms
interpretation of Mathlib.Tactic.GCongr.addGCongrLemmaEntry took 0.0426ms
interpretation of Mathlib.Tactic.GCongr.addGCongrLemmaEntry took 0.0473ms
interpretation of Mathlib.Tactic.GCongr.addGCongrLemmaEntry took 0.037ms
interpretation of Mathlib.Tactic.GCongr.addGCongrLemmaEntry took 0.0361ms
interpretation of Mathlib.Tactic.GCongr.addGCongrLemmaEntry took 0.0357ms
interpretation of Mathlib.Tactic.GCongr.addGCongrLemmaEntry took 0.0576ms
interpretation of Mathlib.Tactic.GCongr.addGCongrLemmaEntry took 0.0316ms
interpretation of Mathlib.Tactic.GCongr.addGCongrLemmaEntry took 0.0454ms
interpretation of Mathlib.Tactic.GCongr.addGCongrLemmaEntry took 0.029ms
interpretation of Mathlib.Tactic.GCongr.addGCongrLemmaEntry took 0.0699ms
interpretation of Mathlib.Tactic.GCongr.addGCongrLemmaEntry took 0.0389ms
interpretation of Mathlib.Tactic.GCongr.addGCongrLemmaEntry took 0.0499ms
interpretation of Mathlib.Tactic.GCongr.addGCongrLemmaEntry took 0.0394ms
interpretation of Mathlib.Tactic.GCongr.addGCongrLemmaEntry took 0.0325ms
interpretation of Mathlib.Tactic.GCongr.addGCongrLemmaEntry took 0.0361ms
interpretation of Mathlib.Tactic.GCongr.addGCongrLemmaEntry took 0.0383ms
interpretation of Mathlib.Tactic.GCongr.addGCongrLemmaEntry took 0.0342ms
interpretation of Mathlib.Tactic.GCongr.addGCongrLemmaEntry took 0.0423ms
interpretation of Mathlib.Tactic.GCongr.addGCongrLemmaEntry took 0.0375ms
interpretation of Mathlib.Tactic.GCongr.addGCongrLemmaEntry took 0.0623ms
interpretation of Mathlib.Tactic.GCongr.addGCongrLemmaEntry took 0.0423ms
interpretation of Mathlib.Tactic.GCongr.addGCongrLemmaEntry took 0.0408ms
interpretation of Mathlib.Tactic.GCongr.addGCongrLemmaEntry took 0.0449ms
interpretation of Mathlib.Tactic.GCongr.addGCongrLemmaEntry took 0.0421ms
interpretation of Mathlib.Tactic.GCongr.addGCongrLemmaEntry took 0.0321ms
interpretation of Mathlib.Tactic.GCongr.addGCongrLemmaEntry took 0.0279ms
interpretation of Mathlib.Tactic.GCongr.addGCongrLemmaEntry took 0.0274ms
interpretation of Mathlib.Tactic.GCongr.addGCongrLemmaEntry took 0.0311ms
interpretation of Mathlib.Tactic.GCongr.addGCongrLemmaEntry took 0.0307ms
interpretation of Mathlib.Tactic.GCongr.addGCongrLemmaEntry took 0.0418ms
interpretation of Mathlib.Tactic.GCongr.addGCongrLemmaEntry took 0.0253ms
interpretation of Mathlib.Tactic.GCongr.addGCongrLemmaEntry took 0.0279ms
interpretation of Mathlib.Tactic.GCongr.addGCongrLemmaEntry took 0.0262ms
interpretation of Mathlib.Tactic.GCongr.addGCongrLemmaEntry took 0.0249ms
interpretation of Mathlib.Tactic.GCongr.addGCongrLemmaEntry took 0.0294ms
interpretation of Mathlib.Tactic.GCongr.addGCongrLemmaEntry took 0.0247ms
interpretation of Mathlib.Tactic.GCongr.addGCongrLemmaEntry took 0.0734ms
interpretation of Mathlib.Tactic.GCongr.addGCongrLemmaEntry took 0.0805ms
interpretation of Mathlib.Tactic.GCongr.addGCongrLemmaEntry took 0.0525ms
interpretation of Mathlib.Tactic.GCongr.addGCongrLemmaEntry took 0.0442ms
interpretation of Mathlib.Tactic.GCongr.addGCongrLemmaEntry took 0.0307ms
interpretation of Mathlib.Tactic.GCongr.addGCongrLemmaEntry took 0.0273ms
interpretation of Mathlib.Tactic.GCongr.addGCongrLemmaEntry took 0.051ms
interpretation of Mathlib.Tactic.GCongr.addGCongrLemmaEntry took 0.0707ms
interpretation of Mathlib.Tactic.GCongr.addGCongrLemmaEntry took 0.0629ms
interpretation of Mathlib.Tactic.GCongr.addGCongrLemmaEntry took 0.039ms
interpretation of Mathlib.Tactic.GCongr.addGCongrLemmaEntry took 0.0358ms
interpretation of Mathlib.Tactic.GCongr.addGCongrLemmaEntry took 0.0533ms
interpretation of Mathlib.Tactic.GCongr.addGCongrLemmaEntry took 0.0372ms
interpretation of Mathlib.Tactic.GCongr.addGCongrLemmaEntry took 0.0345ms
interpretation of Mathlib.Tactic.GCongr.addGCongrLemmaEntry took 0.0388ms
interpretation of Mathlib.Tactic.GCongr.addGCongrLemmaEntry took 0.0484ms
interpretation of Mathlib.Tactic.GCongr.addGCongrLemmaEntry took 0.0351ms
interpretation of Mathlib.Tactic.GCongr.addGCongrLemmaEntry took 0.0387ms
interpretation of Mathlib.Tactic.GCongr.addGCongrLemmaEntry took 0.0361ms
interpretation of Mathlib.Tactic.GCongr.addGCongrLemmaEntry took 0.0794ms
interpretation of Mathlib.Tactic.GCongr.addGCongrLemmaEntry took 0.0396ms
interpretation of Mathlib.Tactic.GCongr.addGCongrLemmaEntry took 0.055ms
interpretation of Mathlib.Tactic.GCongr.addGCongrLemmaEntry took 0.0308ms
interpretation of Mathlib.Tactic.GCongr.addGCongrLemmaEntry took 0.0305ms
interpretation of Mathlib.Tactic.GCongr.addGCongrLemmaEntry took 0.037ms
interpretation of Mathlib.Tactic.GCongr.addGCongrLemmaEntry took 0.0434ms
interpretation of Mathlib.Tactic.GCongr.addGCongrLemmaEntry took 0.0486ms
interpretation of Mathlib.Tactic.GCongr.addGCongrLemmaEntry took 0.0289ms
interpretation of Mathlib.Tactic.GCongr.addGCongrLemmaEntry took 0.0356ms
interpretation of Mathlib.Tactic.GCongr.addGCongrLemmaEntry took 0.0533ms
interpretation of Mathlib.Tactic.GCongr.addGCongrLemmaEntry took 0.0372ms
interpretation of Mathlib.Tactic.GCongr.addGCongrLemmaEntry took 0.0354ms
interpretation of Mathlib.Tactic.GCongr.addGCongrLemmaEntry took 0.0299ms
interpretation of Mathlib.Tactic.GCongr.addGCongrLemmaEntry took 0.039ms
interpretation of Mathlib.Tactic.GCongr.addGCongrLemmaEntry took 0.0246ms
interpretation of Mathlib.Tactic.GCongr.addGCongrLemmaEntry took 0.0213ms
interpretation of Mathlib.Tactic.GCongr.addGCongrLemmaEntry took 0.018ms
interpretation of Mathlib.Tactic.GCongr.addGCongrLemmaEntry took 0.0321ms
interpretation of Mathlib.Tactic.GCongr.addGCongrLemmaEntry took 0.0286ms
interpretation of Mathlib.Tactic.GCongr.addGCongrLemmaEntry took 0.0286ms
interpretation of Mathlib.Tactic.GCongr.addGCongrLemmaEntry took 0.0369ms
interpretation of Mathlib.Tactic.GCongr.addGCongrLemmaEntry took 0.0279ms
interpretation of Mathlib.Tactic.GCongr.addGCongrLemmaEntry took 0.0289ms
interpretation of Mathlib.Tactic.GCongr.addGCongrLemmaEntry took 0.0496ms
interpretation of Mathlib.Tactic.GCongr.addGCongrLemmaEntry took 0.0315ms
interpretation of Mathlib.Tactic.GCongr.addGCongrLemmaEntry took 0.0272ms
interpretation of Mathlib.Tactic.GCongr.addGCongrLemmaEntry took 0.0233ms
interpretation of Mathlib.Tactic.GCongr.addGCongrLemmaEntry took 0.0254ms
interpretation of Mathlib.Tactic.GCongr.addGCongrLemmaEntry took 0.0264ms
interpretation of Mathlib.Tactic.GCongr.addGCongrLemmaEntry took 0.0205ms
interpretation of Mathlib.Tactic.GCongr.addGCongrLemmaEntry took 0.0244ms
interpretation of Mathlib.Tactic.GCongr.addGCongrLemmaEntry took 0.0224ms
interpretation of Mathlib.Tactic.GCongr.addGCongrLemmaEntry took 0.039ms
interpretation of Mathlib.Tactic.GCongr.addGCongrLemmaEntry took 0.0362ms
interpretation of Mathlib.Tactic.GCongr.addGCongrLemmaEntry took 0.0308ms
interpretation of Mathlib.Tactic.GCongr.addGCongrLemmaEntry took 0.0219ms
interpretation of Mathlib.Tactic.GCongr.addGCongrLemmaEntry took 0.0338ms
interpretation of Mathlib.Tactic.GCongr.addGCongrLemmaEntry took 0.0425ms
interpretation of Mathlib.Tactic.GCongr.addGCongrLemmaEntry took 0.0214ms
interpretation of Mathlib.Tactic.GCongr.addGCongrLemmaEntry took 0.0193ms
interpretation of Mathlib.Tactic.GCongr.addGCongrLemmaEntry took 0.0256ms
interpretation of Mathlib.Tactic.GCongr.addGCongrLemmaEntry took 0.0321ms
interpretation of Mathlib.Tactic.GCongr.addGCongrLemmaEntry took 0.0251ms
interpretation of Mathlib.Tactic.GCongr.addGCongrLemmaEntry took 0.0244ms
interpretation of Mathlib.Tactic.GCongr.addGCongrLemmaEntry took 0.0566ms
interpretation of Mathlib.Tactic.GCongr.addGCongrLemmaEntry took 0.0401ms
interpretation of Mathlib.Tactic.GCongr.addGCongrLemmaEntry took 0.0312ms
interpretation of Mathlib.Tactic.GCongr.addGCongrLemmaEntry took 0.0342ms
interpretation of Mathlib.Tactic.GCongr.addGCongrLemmaEntry took 0.0346ms
interpretation of Mathlib.Tactic.GCongr.addGCongrLemmaEntry took 0.0313ms
interpretation of Mathlib.Tactic.GCongr.addGCongrLemmaEntry took 0.0391ms
interpretation of Mathlib.Tactic.GCongr.addGCongrLemmaEntry took 0.0365ms
interpretation of Mathlib.Tactic.GCongr.addGCongrLemmaEntry took 0.0413ms
interpretation of Mathlib.Tactic.GCongr.addGCongrLemmaEntry took 0.0405ms
interpretation of Mathlib.Tactic.GCongr.addGCongrLemmaEntry took 0.0352ms
interpretation of Mathlib.Tactic.GCongr.addGCongrLemmaEntry took 0.046ms
interpretation of Mathlib.Tactic.GCongr.addGCongrLemmaEntry took 0.0369ms
interpretation of Mathlib.Tactic.GCongr.addGCongrLemmaEntry took 0.0461ms
interpretation of Mathlib.Tactic.GCongr.addGCongrLemmaEntry took 0.0405ms
interpretation of Mathlib.Tactic.GCongr.addGCongrLemmaEntry took 0.0376ms
interpretation of Mathlib.Tactic.GCongr.addGCongrLemmaEntry took 0.0391ms
interpretation of Mathlib.Tactic.GCongr.addGCongrLemmaEntry took 0.0394ms
interpretation of Mathlib.Tactic.GCongr.addGCongrLemmaEntry took 0.0341ms
interpretation of Mathlib.Tactic.GCongr.addGCongrLemmaEntry took 0.0452ms
interpretation of Mathlib.Tactic.GCongr.addGCongrLemmaEntry took 0.0588ms
interpretation of Mathlib.Tactic.GCongr.addGCongrLemmaEntry took 0.0411ms
interpretation of Mathlib.Tactic.GCongr.addGCongrLemmaEntry took 0.0501ms
interpretation of Mathlib.Tactic.GCongr.addGCongrLemmaEntry took 0.0464ms
interpretation of Mathlib.Tactic.GCongr.addGCongrLemmaEntry took 0.095ms
interpretation of Mathlib.Tactic.GCongr.addGCongrLemmaEntry took 0.0375ms
interpretation of Mathlib.Tactic.GCongr.addGCongrLemmaEntry took 0.0399ms
interpretation of Mathlib.Tactic.GCongr.addGCongrLemmaEntry took 0.0685ms
interpretation of Mathlib.Tactic.GCongr.addGCongrLemmaEntry took 0.0536ms
interpretation of Mathlib.Tactic.GCongr.addGCongrLemmaEntry took 0.0368ms
interpretation of Mathlib.Tactic.GCongr.addGCongrLemmaEntry took 0.0467ms
interpretation of Mathlib.Tactic.GCongr.addGCongrLemmaEntry took 0.0373ms
interpretation of Mathlib.Tactic.GCongr.addGCongrLemmaEntry took 0.0394ms
interpretation of Mathlib.Tactic.GCongr.addGCongrLemmaEntry took 0.0331ms
interpretation of Mathlib.Tactic.GCongr.addGCongrLemmaEntry took 0.054ms
interpretation of Mathlib.Tactic.GCongr.addGCongrLemmaEntry took 0.0844ms
interpretation of Mathlib.Tactic.GCongr.addGCongrLemmaEntry took 0.0577ms
interpretation of Mathlib.Tactic.GCongr.addGCongrLemmaEntry took 0.047ms
interpretation of Mathlib.Tactic.GCongr.addGCongrLemmaEntry took 0.0351ms
interpretation of Mathlib.Tactic.GCongr.addGCongrLemmaEntry took 0.0423ms
interpretation of Mathlib.Tactic.GCongr.addGCongrLemmaEntry took 0.0349ms
interpretation of Mathlib.Tactic.GCongr.addGCongrLemmaEntry took 0.0357ms
interpretation of Mathlib.Tactic.GCongr.addGCongrLemmaEntry took 0.0371ms
interpretation of Mathlib.Tactic.GCongr.addGCongrLemmaEntry took 0.0624ms
interpretation of Mathlib.Tactic.GCongr.addGCongrLemmaEntry took 0.0376ms
interpretation of Mathlib.Tactic.GCongr.addGCongrLemmaEntry took 0.0606ms
interpretation of Mathlib.Tactic.GCongr.addGCongrLemmaEntry took 0.042ms
interpretation of Mathlib.Tactic.GCongr.addGCongrLemmaEntry took 0.0345ms
interpretation of Mathlib.Tactic.GCongr.addGCongrLemmaEntry took 0.0379ms
interpretation of Mathlib.Tactic.GCongr.addGCongrLemmaEntry took 0.0412ms
interpretation of Mathlib.Tactic.GCongr.addGCongrLemmaEntry took 0.0905ms
interpretation of Mathlib.Tactic.GCongr.addGCongrLemmaEntry took 0.0504ms
interpretation of Mathlib.Tactic.GCongr.addGCongrLemmaEntry took 0.0416ms
interpretation of Mathlib.Tactic.GCongr.addGCongrLemmaEntry took 0.0401ms
interpretation of Mathlib.Tactic.GCongr.addGCongrLemmaEntry took 0.0318ms
interpretation of Mathlib.Tactic.GCongr.addGCongrLemmaEntry took 0.0507ms
interpretation of Mathlib.Tactic.GCongr.addGCongrLemmaEntry took 0.0306ms
interpretation of Mathlib.Tactic.GCongr.addGCongrLemmaEntry took 0.0621ms
interpretation of Mathlib.Tactic.GCongr.addGCongrLemmaEntry took 0.0463ms
interpretation of Mathlib.Tactic.GCongr.addGCongrLemmaEntry took 0.0325ms
interpretation of Mathlib.Tactic.GCongr.addGCongrLemmaEntry took 0.047ms
interpretation of Mathlib.Tactic.GCongr.addGCongrLemmaEntry took 0.0368ms
interpretation of Mathlib.Tactic.GCongr.addGCongrLemmaEntry took 0.0568ms
interpretation of Mathlib.Tactic.GCongr.addGCongrLemmaEntry took 0.0582ms
interpretation of Mathlib.Tactic.GCongr.addGCongrLemmaEntry took 0.0531ms
interpretation of Mathlib.Tactic.GCongr.addGCongrLemmaEntry took 0.0376ms
interpretation of Mathlib.Tactic.GCongr.addGCongrLemmaEntry took 0.0452ms
interpretation of Mathlib.Tactic.GCongr.addGCongrLemmaEntry took 0.0347ms
interpretation of Mathlib.Tactic.GCongr.addGCongrLemmaEntry took 0.0226ms
interpretation of Mathlib.Tactic.GCongr.addGCongrLemmaEntry took 0.019ms
interpretation of Mathlib.Tactic.GCongr.addGCongrLemmaEntry took 0.0316ms
interpretation of Mathlib.Tactic.GCongr.addGCongrLemmaEntry took 0.0301ms
interpretation of Mathlib.Tactic.GCongr.addGCongrLemmaEntry took 0.0478ms
interpretation of Mathlib.Tactic.GCongr.addGCongrLemmaEntry took 0.0229ms
interpretation of Mathlib.Tactic.GCongr.addGCongrLemmaEntry took 0.0247ms
interpretation of Mathlib.Tactic.GCongr.addGCongrLemmaEntry took 0.0211ms
interpretation of Mathlib.Tactic.GCongr.addGCongrLemmaEntry took 0.0244ms
interpretation of Mathlib.Tactic.GCongr.addGCongrLemmaEntry took 0.033ms
interpretation of Mathlib.Tactic.GCongr.addGCongrLemmaEntry took 0.0213ms
interpretation of Mathlib.Tactic.GCongr.addGCongrLemmaEntry took 0.0204ms
interpretation of Mathlib.Tactic.GCongr.addGCongrLemmaEntry took 0.0196ms
interpretation of Mathlib.Tactic.GCongr.addGCongrLemmaEntry took 0.027ms
interpretation of Mathlib.Tactic.GCongr.addGCongrLemmaEntry took 0.0251ms
interpretation of Mathlib.Tactic.GCongr.addGCongrLemmaEntry took 0.0257ms
interpretation of Mathlib.Tactic.GCongr.addGCongrLemmaEntry took 0.0373ms
interpretation of Mathlib.Tactic.GCongr.addGCongrLemmaEntry took 0.0267ms
interpretation of Mathlib.Tactic.GCongr.addGCongrLemmaEntry took 0.0421ms
interpretation of Mathlib.Tactic.GCongr.addGCongrLemmaEntry took 0.0309ms
interpretation of Mathlib.Tactic.GCongr.addGCongrLemmaEntry took 0.0244ms
interpretation of Mathlib.Tactic.GCongr.addGCongrLemmaEntry took 0.0268ms
interpretation of Mathlib.Tactic.GCongr.addGCongrLemmaEntry took 0.0228ms
interpretation of Mathlib.Tactic.GCongr.addGCongrLemmaEntry took 0.0256ms
interpretation of Mathlib.Tactic.GCongr.addGCongrLemmaEntry took 0.0361ms
interpretation of Mathlib.Tactic.GCongr.addGCongrLemmaEntry took 0.0212ms
interpretation of Mathlib.Tactic.GCongr.addGCongrLemmaEntry took 0.0224ms
interpretation of Mathlib.Tactic.GCongr.addGCongrLemmaEntry took 0.0263ms
interpretation of Mathlib.Tactic.GCongr.addGCongrLemmaEntry took 0.0261ms
interpretation of Mathlib.Tactic.GCongr.addGCongrLemmaEntry took 0.0217ms
interpretation of Mathlib.Tactic.GCongr.addGCongrLemmaEntry took 0.0206ms
interpretation of Mathlib.Tactic.GCongr.addGCongrLemmaEntry took 0.0235ms
interpretation of Mathlib.Tactic.GCongr.addGCongrLemmaEntry took 0.0212ms
interpretation of Mathlib.Tactic.GCongr.addGCongrLemmaEntry took 0.0193ms
interpretation of Mathlib.Tactic.GCongr.addGCongrLemmaEntry took 0.045ms
interpretation of Mathlib.Tactic.GCongr.addGCongrLemmaEntry took 0.0302ms
interpretation of Mathlib.Tactic.GCongr.addGCongrLemmaEntry took 0.0277ms
interpretation of Mathlib.Tactic.GCongr.addGCongrLemmaEntry took 0.0421ms
interpretation of Mathlib.Tactic.GCongr.addGCongrLemmaEntry took 0.0246ms
interpretation of Mathlib.Tactic.GCongr.addGCongrLemmaEntry took 0.0339ms
interpretation of Mathlib.Tactic.GCongr.addGCongrLemmaEntry took 0.0329ms
interpretation of Mathlib.Tactic.GCongr.addGCongrLemmaEntry took 0.027ms
interpretation of Mathlib.Tactic.GCongr.addGCongrLemmaEntry took 0.0321ms
interpretation of Mathlib.Tactic.GCongr.addGCongrLemmaEntry took 0.0318ms
interpretation of Mathlib.Tactic.GCongr.addGCongrLemmaEntry took 0.0303ms
interpretation of Mathlib.Tactic.GCongr.addGCongrLemmaEntry took 0.0273ms
interpretation of Mathlib.Tactic.GCongr.addGCongrLemmaEntry took 0.0227ms
interpretation of Mathlib.Tactic.GCongr.addGCongrLemmaEntry took 0.0267ms
interpretation of Mathlib.Tactic.GCongr.addGCongrLemmaEntry took 0.0271ms
interpretation of Mathlib.Tactic.GCongr.addGCongrLemmaEntry took 0.0261ms
interpretation of Mathlib.Tactic.GCongr.addGCongrLemmaEntry took 0.0337ms
interpretation of Mathlib.Tactic.GCongr.addGCongrLemmaEntry took 0.0205ms
interpretation of Mathlib.Tactic.GCongr.addGCongrLemmaEntry took 0.0239ms
interpretation of Mathlib.Tactic.GCongr.addGCongrLemmaEntry took 0.0241ms
interpretation of Mathlib.Tactic.GCongr.addGCongrLemmaEntry took 0.0253ms
interpretation of Mathlib.Tactic.GCongr.addGCongrLemmaEntry took 0.0445ms
interpretation of Mathlib.Tactic.GCongr.addGCongrLemmaEntry took 0.0244ms
interpretation of Mathlib.Tactic.GCongr.addGCongrLemmaEntry took 0.0283ms
interpretation of Mathlib.Tactic.GCongr.addGCongrLemmaEntry took 0.0228ms
interpretation of Mathlib.Tactic.GCongr.addGCongrLemmaEntry took 0.0286ms
interpretation of Mathlib.Tactic.GCongr.addGCongrLemmaEntry took 0.0188ms
interpretation of Mathlib.Tactic.GCongr.addGCongrLemmaEntry took 0.0194ms
interpretation of Mathlib.Tactic.GCongr.addGCongrLemmaEntry took 0.0297ms
interpretation of Mathlib.Tactic.GCongr.addGCongrLemmaEntry took 0.0252ms
interpretation of Mathlib.Tactic.GCongr.addGCongrLemmaEntry took 0.0216ms
interpretation of Mathlib.Tactic.GCongr.addGCongrLemmaEntry took 0.0197ms
interpretation of Mathlib.Tactic.GCongr.addGCongrLemmaEntry took 0.0193ms
interpretation of Mathlib.Tactic.GCongr.addGCongrLemmaEntry took 0.0223ms
interpretation of Mathlib.Tactic.GCongr.addGCongrLemmaEntry took 0.0268ms
interpretation of Mathlib.Tactic.GCongr.addGCongrLemmaEntry took 0.0301ms
interpretation of Mathlib.Tactic.GCongr.addGCongrLemmaEntry took 0.0256ms
interpretation of Mathlib.Tactic.GCongr.addGCongrLemmaEntry took 0.0245ms
interpretation of Mathlib.Tactic.GCongr.addGCongrLemmaEntry took 0.0287ms
interpretation of Mathlib.Tactic.GCongr.addGCongrLemmaEntry took 0.0357ms
interpretation of Mathlib.Tactic.GCongr.addGCongrLemmaEntry took 0.025ms
interpretation of Mathlib.Tactic.GCongr.addGCongrLemmaEntry took 0.0326ms
interpretation of Mathlib.Tactic.GCongr.addGCongrLemmaEntry took 0.0472ms
interpretation of Mathlib.Tactic.GCongr.addGCongrLemmaEntry took 0.0209ms
interpretation of Mathlib.Tactic.GCongr.addGCongrLemmaEntry took 0.0223ms
interpretation of Mathlib.Tactic.GCongr.addGCongrLemmaEntry took 0.0194ms
interpretation of Mathlib.Tactic.GCongr.addGCongrLemmaEntry took 0.0182ms
interpretation of Mathlib.Tactic.GCongr.addGCongrLemmaEntry took 0.0266ms
interpretation of Mathlib.Tactic.GCongr.addGCongrLemmaEntry took 0.0401ms
interpretation of Mathlib.Tactic.GCongr.addGCongrLemmaEntry took 0.0211ms
interpretation of Mathlib.Tactic.GCongr.addGCongrLemmaEntry took 0.0234ms
interpretation of Mathlib.Tactic.GCongr.addGCongrLemmaEntry took 0.0218ms
interpretation of Mathlib.Tactic.GCongr.addGCongrLemmaEntry took 0.0201ms
interpretation of Mathlib.Tactic.GCongr.addGCongrLemmaEntry took 0.0257ms
interpretation of Mathlib.Tactic.GCongr.addGCongrLemmaEntry took 0.0279ms
interpretation of Mathlib.Tactic.GCongr.addGCongrLemmaEntry took 0.0234ms
interpretation of Mathlib.Tactic.GCongr.addGCongrLemmaEntry took 0.0296ms
interpretation of Mathlib.Tactic.GCongr.addGCongrLemmaEntry took 0.0225ms
interpretation of Mathlib.Tactic.GCongr.addGCongrLemmaEntry took 0.0188ms
interpretation of Mathlib.Tactic.GCongr.addGCongrLemmaEntry took 0.0213ms
interpretation of Mathlib.Tactic.GCongr.addGCongrLemmaEntry took 0.0244ms
interpretation of Mathlib.Tactic.GCongr.addGCongrLemmaEntry took 0.0487ms
interpretation of Mathlib.Tactic.GCongr.addGCongrLemmaEntry took 0.0536ms
interpretation of Mathlib.Tactic.GCongr.addGCongrLemmaEntry took 0.0296ms
interpretation of Mathlib.Tactic.GCongr.addGCongrLemmaEntry took 0.0247ms
interpretation of Mathlib.Tactic.GCongr.addGCongrLemmaEntry took 0.022ms
interpretation of Mathlib.Tactic.GCongr.addGCongrLemmaEntry took 0.0365ms
interpretation of Mathlib.Tactic.GCongr.addGCongrLemmaEntry took 0.0252ms
interpretation of Mathlib.Tactic.GCongr.addGCongrLemmaEntry took 0.0354ms
interpretation of Mathlib.Tactic.GCongr.addGCongrLemmaEntry took 0.0259ms
interpretation of Mathlib.Tactic.GCongr.addGCongrLemmaEntry took 0.021ms
interpretation of Mathlib.Tactic.GCongr.addGCongrLemmaEntry took 0.0254ms
interpretation of Mathlib.Tactic.GCongr.addGCongrLemmaEntry took 0.0249ms
interpretation of Mathlib.Tactic.GCongr.addGCongrLemmaEntry took 0.0213ms
interpretation of Mathlib.Tactic.GCongr.addGCongrLemmaEntry took 0.0216ms
interpretation of Mathlib.Tactic.GCongr.addGCongrLemmaEntry took 0.0415ms
interpretation of Mathlib.Tactic.GCongr.addGCongrLemmaEntry took 0.0203ms
interpretation of Mathlib.Tactic.GCongr.addGCongrLemmaEntry took 0.0234ms
interpretation of Mathlib.Tactic.GCongr.addGCongrLemmaEntry took 0.0207ms
interpretation of Mathlib.Tactic.GCongr.addGCongrLemmaEntry took 0.024ms
interpretation of Mathlib.Tactic.GCongr.addGCongrLemmaEntry took 0.0224ms
interpretation of Mathlib.Tactic.GCongr.addGCongrLemmaEntry took 0.0207ms
interpretation of Mathlib.Tactic.GCongr.addGCongrLemmaEntry took 0.0343ms
interpretation of Mathlib.Tactic.GCongr.addGCongrLemmaEntry took 0.0804ms
interpretation of Mathlib.Tactic.GCongr.addGCongrLemmaEntry took 0.0536ms
interpretation of Mathlib.Tactic.GCongr.addGCongrLemmaEntry took 0.0622ms
interpretation of Mathlib.Tactic.GCongr.addGCongrLemmaEntry took 0.0372ms
interpretation of Mathlib.Tactic.GCongr.addGCongrLemmaEntry took 0.0248ms
interpretation of Mathlib.Tactic.GCongr.addGCongrLemmaEntry took 0.0351ms
interpretation of Mathlib.Tactic.GCongr.addGCongrLemmaEntry took 0.0399ms
interpretation of Mathlib.Tactic.GCongr.addGCongrLemmaEntry took 0.0244ms
interpretation of Mathlib.Tactic.GCongr.addGCongrLemmaEntry took 0.0319ms
interpretation of Mathlib.Tactic.GCongr.addGCongrLemmaEntry took 0.0327ms
interpretation of Mathlib.Tactic.GCongr.addGCongrLemmaEntry took 0.0445ms
interpretation of Mathlib.Tactic.GCongr.addGCongrLemmaEntry took 0.0389ms
interpretation of Mathlib.Tactic.GCongr.addGCongrLemmaEntry took 0.0332ms
interpretation of Mathlib.Tactic.GCongr.addGCongrLemmaEntry took 0.0354ms
interpretation of Mathlib.Tactic.GCongr.addGCongrLemmaEntry took 0.0463ms
interpretation of Mathlib.Tactic.GCongr.addGCongrLemmaEntry took 0.0354ms
interpretation of Mathlib.Tactic.GCongr.addGCongrLemmaEntry took 0.0423ms
interpretation of Mathlib.Tactic.GCongr.addGCongrLemmaEntry took 0.0436ms
interpretation of Mathlib.Tactic.GCongr.addGCongrLemmaEntry took 0.0519ms
interpretation of Mathlib.Tactic.GCongr.addGCongrLemmaEntry took 0.0297ms
interpretation of Mathlib.Tactic.GCongr.addGCongrLemmaEntry took 0.0207ms
interpretation of Mathlib.Tactic.GCongr.addGCongrLemmaEntry took 0.0368ms
interpretation of Mathlib.Tactic.GCongr.addGCongrLemmaEntry took 0.0309ms
interpretation of Mathlib.Tactic.GCongr.addGCongrLemmaEntry took 0.081ms
interpretation of Mathlib.Tactic.GCongr.addGCongrLemmaEntry took 0.0376ms
interpretation of Mathlib.Tactic.GCongr.addGCongrLemmaEntry took 0.0417ms
interpretation of Mathlib.Tactic.GCongr.addGCongrLemmaEntry took 0.0533ms
interpretation of Mathlib.Tactic.GCongr.addGCongrLemmaEntry took 0.0373ms
interpretation of Mathlib.Tactic.GCongr.addGCongrLemmaEntry took 0.0378ms
interpretation of Mathlib.Tactic.GCongr.addGCongrLemmaEntry took 0.113ms
interpretation of Mathlib.Tactic.GCongr.addGCongrLemmaEntry took 0.0653ms
interpretation of Mathlib.Tactic.GCongr.addGCongrLemmaEntry took 0.0422ms
interpretation of Mathlib.Tactic.GCongr.addGCongrLemmaEntry took 0.0318ms
interpretation of Mathlib.Tactic.GCongr.addGCongrLemmaEntry took 0.0261ms
interpretation of Mathlib.Tactic.GCongr.addGCongrLemmaEntry took 0.0281ms
interpretation of Mathlib.Tactic.GCongr.addGCongrLemmaEntry took 0.0231ms
interpretation of Mathlib.Tactic.GCongr.addGCongrLemmaEntry took 0.0242ms
interpretation of Mathlib.Tactic.GCongr.addGCongrLemmaEntry took 0.0319ms
interpretation of Mathlib.Tactic.GCongr.addGCongrLemmaEntry took 0.0289ms
interpretation of Mathlib.Tactic.GCongr.addGCongrLemmaEntry took 0.047ms
interpretation of Mathlib.Tactic.GCongr.addGCongrLemmaEntry took 0.0443ms
interpretation of Mathlib.Tactic.GCongr.addGCongrLemmaEntry took 0.0315ms
interpretation of Mathlib.Tactic.GCongr.addGCongrLemmaEntry took 0.0256ms
interpretation of Mathlib.Tactic.GCongr.addGCongrLemmaEntry took 0.0254ms
interpretation of Mathlib.Tactic.GCongr.addGCongrLemmaEntry took 0.0246ms
interpretation of Mathlib.Tactic.GCongr.addGCongrLemmaEntry took 0.0238ms
interpretation of Mathlib.Tactic.GCongr.addGCongrLemmaEntry took 0.0229ms
interpretation of Mathlib.Tactic.GCongr.addGCongrLemmaEntry took 0.0315ms
interpretation of _private.Mathlib.Tactic.GCongr.Core.0.Mathlib.Tactic.GCongr.initFn._lam_1._@.Mathlib.Tactic.GCongr.Core.2716433739._hygCtx._hyg.2._boxed took 0.636ms
interpretation of Aesop.BaseRuleSet.add took 0.124ms
interpretation of Aesop.BaseRuleSet.add took 0.0616ms
interpretation of Aesop.BaseRuleSet.add took 0.0578ms
interpretation of Aesop.BaseRuleSet.add took 0.0454ms
interpretation of Aesop.BaseRuleSet.add took 0.0439ms
interpretation of Aesop.BaseRuleSet.add took 0.0872ms
interpretation of Aesop.BaseRuleSet.add took 0.0389ms
interpretation of Aesop.BaseRuleSet.add took 0.0489ms
interpretation of Aesop.BaseRuleSet.add took 0.0504ms
interpretation of Aesop.BaseRuleSet.add took 0.101ms
interpretation of Aesop.BaseRuleSet.add took 0.0391ms
interpretation of Aesop.BaseRuleSet.add took 0.0573ms
interpretation of Aesop.BaseRuleSet.add took 0.0395ms
interpretation of Aesop.BaseRuleSet.add took 0.0438ms
interpretation of Aesop.BaseRuleSet.add took 0.0547ms
interpretation of Aesop.BaseRuleSet.add took 0.0407ms
interpretation of Aesop.BaseRuleSet.add took 0.0425ms
interpretation of Aesop.BaseRuleSet.add took 0.0575ms
interpretation of Aesop.BaseRuleSet.add took 0.0677ms
interpretation of Aesop.BaseRuleSet.add took 0.0408ms
interpretation of Aesop.BaseRuleSet.add took 0.0423ms
interpretation of Aesop.BaseRuleSet.add took 0.0434ms
interpretation of Aesop.BaseRuleSet.add took 0.0659ms
interpretation of Aesop.BaseRuleSet.add took 0.0526ms
interpretation of Aesop.BaseRuleSet.add took 0.138ms
interpretation of Aesop.BaseRuleSet.add took 0.0753ms
interpretation of Aesop.BaseRuleSet.add took 0.0697ms
interpretation of Aesop.BaseRuleSet.add took 0.0585ms
interpretation of Aesop.BaseRuleSet.add took 0.121ms
interpretation of Aesop.BaseRuleSet.add took 0.0899ms
interpretation of Aesop.BaseRuleSet.add took 0.0797ms
interpretation of Aesop.Frontend.extensionDescr._lam_1._boxed took 0.0103ms
interpretation of Aesop.BaseRuleSet.add took 0.0742ms
interpretation of Aesop.BaseRuleSet.add took 0.0552ms
interpretation of Aesop.BaseRuleSet.add took 0.0496ms
interpretation of Aesop.BaseRuleSet.add took 0.0448ms
interpretation of Aesop.BaseRuleSet.add took 0.0674ms
interpretation of Aesop.BaseRuleSet.add took 0.0507ms
interpretation of Aesop.BaseRuleSet.add took 0.0506ms
interpretation of Aesop.BaseRuleSet.add took 0.0426ms
interpretation of Aesop.BaseRuleSet.add took 0.0394ms
interpretation of Aesop.BaseRuleSet.add took 0.0461ms
interpretation of Aesop.BaseRuleSet.add took 0.0412ms
interpretation of Aesop.BaseRuleSet.add took 0.052ms
interpretation of Aesop.BaseRuleSet.add took 0.0417ms
interpretation of Aesop.BaseRuleSet.add took 0.0534ms
interpretation of Aesop.BaseRuleSet.add took 0.0489ms
interpretation of Aesop.BaseRuleSet.add took 0.0412ms
interpretation of Aesop.BaseRuleSet.add took 0.0595ms
interpretation of Aesop.BaseRuleSet.add took 0.0628ms
interpretation of Aesop.BaseRuleSet.add took 0.0523ms
interpretation of Aesop.BaseRuleSet.add took 0.0598ms
interpretation of Aesop.BaseRuleSet.add took 0.0519ms
interpretation of Aesop.BaseRuleSet.add took 0.0424ms
interpretation of Aesop.BaseRuleSet.add took 0.0427ms
interpretation of Aesop.BaseRuleSet.add took 0.0457ms
interpretation of Aesop.BaseRuleSet.add took 0.0429ms
interpretation of Aesop.BaseRuleSet.add took 0.0482ms
interpretation of Aesop.BaseRuleSet.add took 0.0546ms
interpretation of Aesop.BaseRuleSet.add took 0.0566ms
interpretation of Aesop.BaseRuleSet.add took 0.0632ms
interpretation of Aesop.BaseRuleSet.add took 0.0641ms
interpretation of Aesop.BaseRuleSet.add took 0.0895ms
interpretation of Aesop.BaseRuleSet.add took 0.0722ms
interpretation of Aesop.BaseRuleSet.add took 0.0973ms
interpretation of Aesop.BaseRuleSet.add took 0.043ms
interpretation of Aesop.BaseRuleSet.add took 0.0769ms
interpretation of Aesop.BaseRuleSet.add took 0.0486ms
interpretation of Aesop.BaseRuleSet.add took 0.0422ms
interpretation of Aesop.BaseRuleSet.add took 0.0508ms
interpretation of Aesop.BaseRuleSet.add took 0.0562ms
interpretation of Aesop.BaseRuleSet.add took 0.0654ms
interpretation of Aesop.BaseRuleSet.add took 0.0751ms
interpretation of Aesop.BaseRuleSet.add took 0.0406ms
interpretation of Aesop.BaseRuleSet.add took 0.0662ms
interpretation of Aesop.BaseRuleSet.add took 0.0687ms
interpretation of Aesop.BaseRuleSet.add took 0.0493ms
interpretation of Aesop.BaseRuleSet.add took 0.0587ms
interpretation of Aesop.BaseRuleSet.add took 0.0445ms
interpretation of Aesop.BaseRuleSet.add took 0.127ms
interpretation of Aesop.BaseRuleSet.add took 0.0508ms
interpretation of Aesop.BaseRuleSet.add took 0.0554ms
interpretation of Aesop.BaseRuleSet.add took 0.0584ms
interpretation of Aesop.BaseRuleSet.add took 0.0495ms
interpretation of Aesop.BaseRuleSet.add took 0.0879ms
interpretation of Aesop.BaseRuleSet.add took 0.0415ms
interpretation of Aesop.BaseRuleSet.add took 0.0921ms
interpretation of Aesop.BaseRuleSet.add took 0.0565ms
interpretation of Aesop.BaseRuleSet.add took 0.0412ms
interpretation of Aesop.BaseRuleSet.add took 0.0629ms
interpretation of Aesop.BaseRuleSet.add took 0.106ms
interpretation of Aesop.BaseRuleSet.add took 0.0999ms
interpretation of Aesop.BaseRuleSet.add took 0.0602ms
interpretation of Aesop.BaseRuleSet.add took 0.0419ms
interpretation of Aesop.BaseRuleSet.add took 0.0474ms
interpretation of Aesop.BaseRuleSet.add took 0.0595ms
interpretation of Aesop.BaseRuleSet.add took 0.0398ms
interpretation of Aesop.BaseRuleSet.add took 0.0844ms
interpretation of Aesop.BaseRuleSet.add took 0.046ms
interpretation of Aesop.BaseRuleSet.add took 0.0525ms
interpretation of Aesop.BaseRuleSet.add took 0.0673ms
interpretation of Aesop.BaseRuleSet.add took 0.0591ms
interpretation of Aesop.BaseRuleSet.add took 0.0725ms
interpretation of Aesop.BaseRuleSet.add took 0.0672ms
interpretation of Aesop.BaseRuleSet.add took 0.047ms
interpretation of Aesop.BaseRuleSet.add took 0.0649ms
interpretation of Aesop.BaseRuleSet.add took 0.0491ms
interpretation of Aesop.BaseRuleSet.add took 0.0579ms
interpretation of Aesop.BaseRuleSet.add took 0.0462ms
interpretation of Aesop.BaseRuleSet.add took 0.0544ms
interpretation of Aesop.BaseRuleSet.add took 0.0843ms
interpretation of Aesop.BaseRuleSet.add took 0.0851ms
interpretation of Aesop.BaseRuleSet.add took 0.0739ms
interpretation of Aesop.BaseRuleSet.add took 0.0827ms
interpretation of Aesop.BaseRuleSet.add took 0.0799ms
interpretation of Aesop.BaseRuleSet.add took 0.0501ms
interpretation of Aesop.BaseRuleSet.add took 0.0945ms
interpretation of Aesop.BaseRuleSet.add took 0.0635ms
interpretation of Aesop.BaseRuleSet.add took 0.0472ms
interpretation of Aesop.BaseRuleSet.add took 0.0876ms
interpretation of Aesop.BaseRuleSet.add took 0.0654ms
interpretation of Aesop.BaseRuleSet.add took 0.068ms
interpretation of Aesop.BaseRuleSet.add took 0.0506ms
interpretation of Aesop.BaseRuleSet.add took 0.0502ms
interpretation of Aesop.BaseRuleSet.add took 0.0821ms
interpretation of Aesop.BaseRuleSet.add took 0.0539ms
interpretation of Aesop.BaseRuleSet.add took 0.059ms
interpretation of Aesop.BaseRuleSet.add took 0.0817ms
interpretation of Aesop.BaseRuleSet.add took 0.08ms
interpretation of Aesop.BaseRuleSet.add took 0.0582ms
interpretation of Aesop.BaseRuleSet.add took 0.0666ms
interpretation of Aesop.BaseRuleSet.add took 0.0615ms
interpretation of Aesop.BaseRuleSet.add took 0.0747ms
interpretation of Aesop.BaseRuleSet.add took 0.0441ms
interpretation of Aesop.BaseRuleSet.add took 0.0761ms
interpretation of Aesop.BaseRuleSet.add took 0.059ms
interpretation of Aesop.BaseRuleSet.add took 0.0784ms
interpretation of Aesop.BaseRuleSet.add took 0.0738ms
interpretation of Aesop.BaseRuleSet.add took 0.0484ms
interpretation of Aesop.BaseRuleSet.add took 0.0465ms
interpretation of Aesop.BaseRuleSet.add took 0.0712ms
interpretation of Aesop.BaseRuleSet.add took 0.0745ms
interpretation of Aesop.BaseRuleSet.add took 0.0504ms
interpretation of Aesop.BaseRuleSet.add took 0.0495ms
interpretation of Aesop.BaseRuleSet.add took 0.0532ms
interpretation of Aesop.BaseRuleSet.add took 0.0474ms
interpretation of Aesop.BaseRuleSet.add took 0.0548ms
interpretation of Aesop.BaseRuleSet.add took 0.0633ms
interpretation of Aesop.BaseRuleSet.add took 0.0856ms
interpretation of Aesop.BaseRuleSet.add took 0.0805ms
interpretation of Aesop.BaseRuleSet.add took 0.0921ms
interpretation of Aesop.BaseRuleSet.add took 0.0429ms
interpretation of Aesop.BaseRuleSet.add took 0.052ms
interpretation of Aesop.BaseRuleSet.add took 0.0422ms
interpretation of Aesop.BaseRuleSet.add took 0.0558ms
interpretation of Aesop.BaseRuleSet.add took 0.0588ms
interpretation of Aesop.BaseRuleSet.add took 0.0612ms
interpretation of Aesop.BaseRuleSet.add took 0.0411ms
interpretation of Aesop.BaseRuleSet.add took 0.0842ms
interpretation of Aesop.BaseRuleSet.add took 0.0467ms
interpretation of Aesop.BaseRuleSet.add took 0.0886ms
interpretation of Aesop.BaseRuleSet.add took 0.0466ms
interpretation of Aesop.BaseRuleSet.add took 0.052ms
interpretation of Aesop.BaseRuleSet.add took 0.075ms
interpretation of Aesop.BaseRuleSet.add took 0.0716ms
interpretation of Aesop.BaseRuleSet.add took 0.0498ms
interpretation of Aesop.BaseRuleSet.add took 0.0478ms
interpretation of Aesop.BaseRuleSet.add took 0.104ms
interpretation of Aesop.BaseRuleSet.add took 0.0538ms
interpretation of Aesop.BaseRuleSet.add took 0.0883ms
interpretation of Aesop.BaseRuleSet.add took 0.0442ms
interpretation of Aesop.BaseRuleSet.add took 0.0492ms
interpretation of Aesop.BaseRuleSet.add took 0.0504ms
interpretation of Aesop.BaseRuleSet.add took 0.0656ms
interpretation of Aesop.BaseRuleSet.add took 0.0487ms
interpretation of Aesop.BaseRuleSet.add took 0.0758ms
interpretation of Aesop.BaseRuleSet.add took 0.0436ms
interpretation of Aesop.BaseRuleSet.add took 0.0555ms
interpretation of Aesop.BaseRuleSet.add took 0.049ms
interpretation of Aesop.BaseRuleSet.add took 0.0439ms
interpretation of Aesop.BaseRuleSet.add took 0.0492ms
interpretation of Aesop.BaseRuleSet.add took 0.0615ms
interpretation of Aesop.BaseRuleSet.add took 0.0747ms
interpretation of Aesop.BaseRuleSet.add took 0.0574ms
interpretation of Aesop.BaseRuleSet.add took 0.048ms
interpretation of Aesop.BaseRuleSet.add took 0.0854ms
interpretation of Aesop.BaseRuleSet.add took 0.0761ms
interpretation of Aesop.BaseRuleSet.add took 0.052ms
interpretation of Aesop.BaseRuleSet.add took 0.0467ms
interpretation of Aesop.BaseRuleSet.add took 0.0796ms
interpretation of Aesop.BaseRuleSet.add took 0.0484ms
interpretation of Aesop.BaseRuleSet.add took 0.0541ms
interpretation of Aesop.Frontend.extensionDescr._lam_1._boxed took 0.0064ms
interpretation of Batteries.CodeAction.addSubgoalsSeqAction took 0.667ms
interpretation of _private.Batteries.CodeAction.Attr.0.Batteries.CodeAction.initFn._lam_4._@.Batteries.CodeAction.Attr.3685358032._hygCtx._hyg.2._boxed took 7.04ms
interpretation of Batteries.CodeAction.removeAfterDoneAction took 0.655ms
interpretation of Batteries.CodeAction.casesExpand took 1.07ms
interpretation of Batteries.CodeAction.addSubgoalsAction took 1.06ms
interpretation of createCalc took 0.654ms
interpretation of _private.Batteries.CodeAction.Attr.0.Batteries.CodeAction.initFn._lam_4._@.Batteries.CodeAction.Attr.2519722026._hygCtx._hyg.2._boxed took 13ms
interpretation of _private.Mathlib.Tactic.FunProp.Decl.0.Mathlib.Meta.FunProp.initFn._lam_1._@.Mathlib.Tactic.FunProp.Decl.160052778._hygCtx._hyg.2 took 2.79ms
interpretation of _private.Mathlib.Tactic.FunProp.Decl.0.Mathlib.Meta.FunProp.initFn._lam_1._@.Mathlib.Tactic.FunProp.Decl.160052778._hygCtx._hyg.2 took 0.0654ms
interpretation of _private.Mathlib.Tactic.FunProp.Decl.0.Mathlib.Meta.FunProp.initFn._lam_1._@.Mathlib.Tactic.FunProp.Decl.160052778._hygCtx._hyg.2 took 0.0422ms
interpretation of _private.Mathlib.Tactic.FunProp.Decl.0.Mathlib.Meta.FunProp.initFn._lam_1._@.Mathlib.Tactic.FunProp.Decl.160052778._hygCtx._hyg.2 took 0.0503ms
interpretation of _private.Mathlib.Tactic.FunProp.Decl.0.Mathlib.Meta.FunProp.initFn._lam_1._@.Mathlib.Tactic.FunProp.Decl.160052778._hygCtx._hyg.2 took 0.0434ms
interpretation of _private.Mathlib.Tactic.FunProp.Decl.0.Mathlib.Meta.FunProp.initFn._lam_1._@.Mathlib.Tactic.FunProp.Decl.160052778._hygCtx._hyg.2 took 0.0551ms
interpretation of _private.Mathlib.Tactic.FunProp.Decl.0.Mathlib.Meta.FunProp.initFn._lam_1._@.Mathlib.Tactic.FunProp.Decl.160052778._hygCtx._hyg.2 took 0.0782ms
interpretation of _private.Mathlib.Tactic.FunProp.Decl.0.Mathlib.Meta.FunProp.initFn._lam_1._@.Mathlib.Tactic.FunProp.Decl.160052778._hygCtx._hyg.2 took 0.0408ms
interpretation of _private.Mathlib.Tactic.FunProp.Decl.0.Mathlib.Meta.FunProp.initFn._lam_1._@.Mathlib.Tactic.FunProp.Decl.160052778._hygCtx._hyg.2 took 0.0389ms
interpretation of _private.Mathlib.Tactic.FunProp.Decl.0.Mathlib.Meta.FunProp.initFn._lam_1._@.Mathlib.Tactic.FunProp.Decl.160052778._hygCtx._hyg.2 took 3.97ms
interpretation of _private.Mathlib.Tactic.FunProp.Decl.0.Mathlib.Meta.FunProp.initFn._lam_1._@.Mathlib.Tactic.FunProp.Decl.160052778._hygCtx._hyg.2 took 0.0823ms
interpretation of _private.Mathlib.Tactic.FunProp.Decl.0.Mathlib.Meta.FunProp.initFn._lam_1._@.Mathlib.Tactic.FunProp.Decl.160052778._hygCtx._hyg.2 took 0.0263ms
interpretation of _private.Mathlib.Tactic.FunProp.Decl.0.Mathlib.Meta.FunProp.initFn._lam_1._@.Mathlib.Tactic.FunProp.Decl.160052778._hygCtx._hyg.2 took 0.0347ms
interpretation of _private.Mathlib.Tactic.FunProp.Decl.0.Mathlib.Meta.FunProp.initFn._lam_1._@.Mathlib.Tactic.FunProp.Decl.160052778._hygCtx._hyg.2 took 0.028ms
interpretation of _private.Mathlib.Tactic.FunProp.Decl.0.Mathlib.Meta.FunProp.initFn._lam_1._@.Mathlib.Tactic.FunProp.Decl.160052778._hygCtx._hyg.2 took 0.0266ms
interpretation of _private.Mathlib.Tactic.FunProp.Decl.0.Mathlib.Meta.FunProp.initFn._lam_1._@.Mathlib.Tactic.FunProp.Decl.160052778._hygCtx._hyg.2 took 0.0267ms
interpretation of _private.Mathlib.Tactic.FunProp.Decl.0.Mathlib.Meta.FunProp.initFn._lam_1._@.Mathlib.Tactic.FunProp.Decl.160052778._hygCtx._hyg.2 took 0.0312ms
interpretation of _private.Mathlib.Tactic.FunProp.Decl.0.Mathlib.Meta.FunProp.initFn._lam_1._@.Mathlib.Tactic.FunProp.Decl.160052778._hygCtx._hyg.2 took 0.0263ms
interpretation of _private.Mathlib.Tactic.FunProp.Decl.0.Mathlib.Meta.FunProp.initFn._lam_1._@.Mathlib.Tactic.FunProp.Decl.160052778._hygCtx._hyg.2 took 0.0384ms
interpretation of _private.Mathlib.Tactic.FunProp.Decl.0.Mathlib.Meta.FunProp.initFn._lam_1._@.Mathlib.Tactic.FunProp.Decl.160052778._hygCtx._hyg.2 took 0.0266ms
interpretation of _private.Mathlib.Tactic.FunProp.Decl.0.Mathlib.Meta.FunProp.initFn._lam_1._@.Mathlib.Tactic.FunProp.Decl.160052778._hygCtx._hyg.2 took 0.0675ms
interpretation of _private.Mathlib.Tactic.FunProp.Decl.0.Mathlib.Meta.FunProp.initFn._lam_2._@.Mathlib.Tactic.FunProp.Decl.160052778._hygCtx._hyg.2._boxed took 0.561ms
interpretation of _private.Mathlib.Tactic.FunProp.Theorems.0.Mathlib.Meta.FunProp.initFn._lam_1._@.Mathlib.Tactic.FunProp.Theorems.2854048689._hygCtx._hyg.2 took 5.59ms
interpretation of _private.Mathlib.Tactic.FunProp.Theorems.0.Mathlib.Meta.FunProp.initFn._lam_1._@.Mathlib.Tactic.FunProp.Theorems.2854048689._hygCtx._hyg.2 took 0.0992ms
interpretation of _private.Mathlib.Tactic.FunProp.Theorems.0.Mathlib.Meta.FunProp.initFn._lam_1._@.Mathlib.Tactic.FunProp.Theorems.2854048689._hygCtx._hyg.2 took 0.0764ms
interpretation of _private.Mathlib.Tactic.FunProp.Theorems.0.Mathlib.Meta.FunProp.initFn._lam_1._@.Mathlib.Tactic.FunProp.Theorems.2854048689._hygCtx._hyg.2 took 0.0656ms
interpretation of _private.Mathlib.Tactic.FunProp.Theorems.0.Mathlib.Meta.FunProp.initFn._lam_1._@.Mathlib.Tactic.FunProp.Theorems.2854048689._hygCtx._hyg.2 took 1.76ms
interpretation of _private.Mathlib.Tactic.FunProp.Theorems.0.Mathlib.Meta.FunProp.initFn._lam_1._@.Mathlib.Tactic.FunProp.Theorems.2854048689._hygCtx._hyg.2 took 0.0496ms
interpretation of _private.Mathlib.Tactic.FunProp.Theorems.0.Mathlib.Meta.FunProp.initFn._lam_1._@.Mathlib.Tactic.FunProp.Theorems.2854048689._hygCtx._hyg.2 took 0.0464ms
interpretation of _private.Mathlib.Tactic.FunProp.Theorems.0.Mathlib.Meta.FunProp.initFn._lam_1._@.Mathlib.Tactic.FunProp.Theorems.2854048689._hygCtx._hyg.2 took 0.0421ms
interpretation of _private.Mathlib.Tactic.FunProp.Theorems.0.Mathlib.Meta.FunProp.initFn._lam_1._@.Mathlib.Tactic.FunProp.Theorems.2854048689._hygCtx._hyg.2 took 0.0444ms
interpretation of _private.Mathlib.Tactic.FunProp.Theorems.0.Mathlib.Meta.FunProp.initFn._lam_1._@.Mathlib.Tactic.FunProp.Theorems.2854048689._hygCtx._hyg.2 took 0.0412ms
interpretation of _private.Mathlib.Tactic.FunProp.Theorems.0.Mathlib.Meta.FunProp.initFn._lam_1._@.Mathlib.Tactic.FunProp.Theorems.2854048689._hygCtx._hyg.2 took 0.0419ms
interpretation of _private.Mathlib.Tactic.FunProp.Theorems.0.Mathlib.Meta.FunProp.initFn._lam_1._@.Mathlib.Tactic.FunProp.Theorems.2854048689._hygCtx._hyg.2 took 0.036ms
interpretation of _private.Mathlib.Tactic.FunProp.Theorems.0.Mathlib.Meta.FunProp.initFn._lam_1._@.Mathlib.Tactic.FunProp.Theorems.2854048689._hygCtx._hyg.2 took 0.0384ms
interpretation of _private.Mathlib.Tactic.FunProp.Theorems.0.Mathlib.Meta.FunProp.initFn._lam_1._@.Mathlib.Tactic.FunProp.Theorems.2854048689._hygCtx._hyg.2 took 0.0356ms
interpretation of _private.Mathlib.Tactic.FunProp.Theorems.0.Mathlib.Meta.FunProp.initFn._lam_1._@.Mathlib.Tactic.FunProp.Theorems.2854048689._hygCtx._hyg.2 took 0.0392ms
interpretation of _private.Mathlib.Tactic.FunProp.Theorems.0.Mathlib.Meta.FunProp.initFn._lam_1._@.Mathlib.Tactic.FunProp.Theorems.2854048689._hygCtx._hyg.2 took 0.0431ms
interpretation of _private.Mathlib.Tactic.FunProp.Theorems.0.Mathlib.Meta.FunProp.initFn._lam_1._@.Mathlib.Tactic.FunProp.Theorems.2854048689._hygCtx._hyg.2 took 0.0388ms
interpretation of _private.Mathlib.Tactic.FunProp.Theorems.0.Mathlib.Meta.FunProp.initFn._lam_1._@.Mathlib.Tactic.FunProp.Theorems.2854048689._hygCtx._hyg.2 took 0.0405ms
interpretation of _private.Mathlib.Tactic.FunProp.Theorems.0.Mathlib.Meta.FunProp.initFn._lam_1._@.Mathlib.Tactic.FunProp.Theorems.2854048689._hygCtx._hyg.2 took 0.0342ms
interpretation of _private.Mathlib.Tactic.FunProp.Theorems.0.Mathlib.Meta.FunProp.initFn._lam_1._@.Mathlib.Tactic.FunProp.Theorems.2854048689._hygCtx._hyg.2 took 1.74ms
interpretation of _private.Mathlib.Tactic.FunProp.Theorems.0.Mathlib.Meta.FunProp.initFn._lam_1._@.Mathlib.Tactic.FunProp.Theorems.2854048689._hygCtx._hyg.2 took 0.0503ms
interpretation of _private.Mathlib.Tactic.FunProp.Theorems.0.Mathlib.Meta.FunProp.initFn._lam_1._@.Mathlib.Tactic.FunProp.Theorems.2854048689._hygCtx._hyg.2 took 0.0418ms
interpretation of _private.Mathlib.Tactic.FunProp.Theorems.0.Mathlib.Meta.FunProp.initFn._lam_1._@.Mathlib.Tactic.FunProp.Theorems.2854048689._hygCtx._hyg.2 took 0.0413ms
interpretation of _private.Mathlib.Tactic.FunProp.Theorems.0.Mathlib.Meta.FunProp.initFn._lam_1._@.Mathlib.Tactic.FunProp.Theorems.2854048689._hygCtx._hyg.2 took 0.0472ms
interpretation of _private.Mathlib.Tactic.FunProp.Theorems.0.Mathlib.Meta.FunProp.initFn._lam_1._@.Mathlib.Tactic.FunProp.Theorems.2854048689._hygCtx._hyg.2 took 0.0345ms
interpretation of _private.Mathlib.Tactic.FunProp.Theorems.0.Mathlib.Meta.FunProp.initFn._lam_1._@.Mathlib.Tactic.FunProp.Theorems.2854048689._hygCtx._hyg.2 took 0.0375ms
interpretation of _private.Mathlib.Tactic.FunProp.Theorems.0.Mathlib.Meta.FunProp.initFn._lam_1._@.Mathlib.Tactic.FunProp.Theorems.2854048689._hygCtx._hyg.2 took 0.0441ms
interpretation of _private.Mathlib.Tactic.FunProp.Theorems.0.Mathlib.Meta.FunProp.initFn._lam_1._@.Mathlib.Tactic.FunProp.Theorems.2854048689._hygCtx._hyg.2 took 0.051ms
interpretation of _private.Mathlib.Tactic.FunProp.Theorems.0.Mathlib.Meta.FunProp.initFn._lam_1._@.Mathlib.Tactic.FunProp.Theorems.2854048689._hygCtx._hyg.2 took 0.0424ms
interpretation of _private.Mathlib.Tactic.FunProp.Theorems.0.Mathlib.Meta.FunProp.initFn._lam_1._@.Mathlib.Tactic.FunProp.Theorems.2854048689._hygCtx._hyg.2 took 0.0402ms
interpretation of _private.Mathlib.Tactic.FunProp.Theorems.0.Mathlib.Meta.FunProp.initFn._lam_1._@.Mathlib.Tactic.FunProp.Theorems.2854048689._hygCtx._hyg.2 took 0.0409ms
interpretation of _private.Mathlib.Tactic.FunProp.Theorems.0.Mathlib.Meta.FunProp.initFn._lam_1._@.Mathlib.Tactic.FunProp.Theorems.2854048689._hygCtx._hyg.2 took 0.12ms
interpretation of _private.Mathlib.Tactic.FunProp.Theorems.0.Mathlib.Meta.FunProp.initFn._lam_1._@.Mathlib.Tactic.FunProp.Theorems.2854048689._hygCtx._hyg.2 took 0.0431ms
interpretation of _private.Mathlib.Tactic.FunProp.Theorems.0.Mathlib.Meta.FunProp.initFn._lam_1._@.Mathlib.Tactic.FunProp.Theorems.2854048689._hygCtx._hyg.2 took 0.0434ms
interpretation of _private.Mathlib.Tactic.FunProp.Theorems.0.Mathlib.Meta.FunProp.initFn._lam_1._@.Mathlib.Tactic.FunProp.Theorems.2854048689._hygCtx._hyg.2 took 0.0392ms
interpretation of _private.Mathlib.Tactic.FunProp.Theorems.0.Mathlib.Meta.FunProp.initFn._lam_1._@.Mathlib.Tactic.FunProp.Theorems.2854048689._hygCtx._hyg.2 took 0.0384ms
interpretation of _private.Mathlib.Tactic.FunProp.Theorems.0.Mathlib.Meta.FunProp.initFn._lam_1._@.Mathlib.Tactic.FunProp.Theorems.2854048689._hygCtx._hyg.2 took 0.0497ms
interpretation of _private.Mathlib.Tactic.FunProp.Theorems.0.Mathlib.Meta.FunProp.initFn._lam_1._@.Mathlib.Tactic.FunProp.Theorems.2854048689._hygCtx._hyg.2 took 0.0623ms
interpretation of _private.Mathlib.Tactic.FunProp.Theorems.0.Mathlib.Meta.FunProp.initFn._lam_1._@.Mathlib.Tactic.FunProp.Theorems.2854048689._hygCtx._hyg.2 took 0.0581ms
interpretation of _private.Mathlib.Tactic.FunProp.Theorems.0.Mathlib.Meta.FunProp.initFn._lam_1._@.Mathlib.Tactic.FunProp.Theorems.2854048689._hygCtx._hyg.2 took 0.0841ms
interpretation of _private.Mathlib.Tactic.FunProp.Theorems.0.Mathlib.Meta.FunProp.initFn._lam_1._@.Mathlib.Tactic.FunProp.Theorems.2854048689._hygCtx._hyg.2 took 0.0684ms
interpretation of _private.Mathlib.Tactic.FunProp.Theorems.0.Mathlib.Meta.FunProp.initFn._lam_1._@.Mathlib.Tactic.FunProp.Theorems.2854048689._hygCtx._hyg.2 took 0.0823ms
interpretation of _private.Mathlib.Tactic.FunProp.Theorems.0.Mathlib.Meta.FunProp.initFn._lam_1._@.Mathlib.Tactic.FunProp.Theorems.2854048689._hygCtx._hyg.2 took 0.0812ms
interpretation of _private.Mathlib.Tactic.FunProp.Theorems.0.Mathlib.Meta.FunProp.initFn._lam_1._@.Mathlib.Tactic.FunProp.Theorems.2854048689._hygCtx._hyg.2 took 0.0625ms
interpretation of _private.Mathlib.Tactic.FunProp.Theorems.0.Mathlib.Meta.FunProp.initFn._lam_1._@.Mathlib.Tactic.FunProp.Theorems.2854048689._hygCtx._hyg.2 took 0.0763ms
interpretation of _private.Mathlib.Tactic.FunProp.Theorems.0.Mathlib.Meta.FunProp.initFn._lam_1._@.Mathlib.Tactic.FunProp.Theorems.2854048689._hygCtx._hyg.2 took 0.0594ms
interpretation of _private.Mathlib.Tactic.FunProp.Theorems.0.Mathlib.Meta.FunProp.initFn._lam_1._@.Mathlib.Tactic.FunProp.Theorems.2854048689._hygCtx._hyg.2 took 0.0663ms
interpretation of _private.Mathlib.Tactic.FunProp.Theorems.0.Mathlib.Meta.FunProp.initFn._lam_1._@.Mathlib.Tactic.FunProp.Theorems.2854048689._hygCtx._hyg.2 took 0.0721ms
interpretation of _private.Mathlib.Tactic.FunProp.Theorems.0.Mathlib.Meta.FunProp.initFn._lam_1._@.Mathlib.Tactic.FunProp.Theorems.2854048689._hygCtx._hyg.2 took 0.0754ms
interpretation of _private.Mathlib.Tactic.FunProp.Theorems.0.Mathlib.Meta.FunProp.initFn._lam_1._@.Mathlib.Tactic.FunProp.Theorems.2854048689._hygCtx._hyg.2 took 0.0684ms
interpretation of _private.Mathlib.Tactic.FunProp.Theorems.0.Mathlib.Meta.FunProp.initFn._lam_1._@.Mathlib.Tactic.FunProp.Theorems.2854048689._hygCtx._hyg.2 took 0.0751ms
interpretation of _private.Mathlib.Tactic.FunProp.Theorems.0.Mathlib.Meta.FunProp.initFn._lam_1._@.Mathlib.Tactic.FunProp.Theorems.2854048689._hygCtx._hyg.2 took 0.0665ms
interpretation of _private.Mathlib.Tactic.FunProp.Theorems.0.Mathlib.Meta.FunProp.initFn._lam_1._@.Mathlib.Tactic.FunProp.Theorems.2854048689._hygCtx._hyg.2 took 0.065ms
interpretation of _private.Mathlib.Tactic.FunProp.Theorems.0.Mathlib.Meta.FunProp.initFn._lam_1._@.Mathlib.Tactic.FunProp.Theorems.2854048689._hygCtx._hyg.2 took 0.058ms
interpretation of _private.Mathlib.Tactic.FunProp.Theorems.0.Mathlib.Meta.FunProp.initFn._lam_1._@.Mathlib.Tactic.FunProp.Theorems.2854048689._hygCtx._hyg.2 took 0.0696ms
interpretation of _private.Mathlib.Tactic.FunProp.Theorems.0.Mathlib.Meta.FunProp.initFn._lam_1._@.Mathlib.Tactic.FunProp.Theorems.2854048689._hygCtx._hyg.2 took 0.0661ms
interpretation of _private.Mathlib.Tactic.FunProp.Theorems.0.Mathlib.Meta.FunProp.initFn._lam_1._@.Mathlib.Tactic.FunProp.Theorems.2854048689._hygCtx._hyg.2 took 0.0579ms
interpretation of _private.Mathlib.Tactic.FunProp.Theorems.0.Mathlib.Meta.FunProp.initFn._lam_1._@.Mathlib.Tactic.FunProp.Theorems.2854048689._hygCtx._hyg.2 took 0.357ms
interpretation of _private.Mathlib.Tactic.FunProp.Theorems.0.Mathlib.Meta.FunProp.initFn._lam_1._@.Mathlib.Tactic.FunProp.Theorems.2854048689._hygCtx._hyg.2 took 0.0713ms
interpretation of _private.Mathlib.Tactic.FunProp.Theorems.0.Mathlib.Meta.FunProp.initFn._lam_2._@.Mathlib.Tactic.FunProp.Theorems.2854048689._hygCtx._hyg.2._boxed took 1.06ms
interpretation of _private.Mathlib.Tactic.FunProp.Theorems.0.Mathlib.Meta.FunProp.initFn._lam_0._@.Mathlib.Tactic.FunProp.Theorems.1545051141._hygCtx._hyg.2 took 4.82ms
interpretation of _private.Mathlib.Tactic.FunProp.Theorems.0.Mathlib.Meta.FunProp.initFn._lam_0._@.Mathlib.Tactic.FunProp.Theorems.1545051141._hygCtx._hyg.2 took 0.105ms
interpretation of _private.Mathlib.Tactic.FunProp.Theorems.0.Mathlib.Meta.FunProp.initFn._lam_0._@.Mathlib.Tactic.FunProp.Theorems.1545051141._hygCtx._hyg.2 took 0.091ms
interpretation of _private.Mathlib.Tactic.FunProp.Theorems.0.Mathlib.Meta.FunProp.initFn._lam_0._@.Mathlib.Tactic.FunProp.Theorems.1545051141._hygCtx._hyg.2 took 0.042ms
interpretation of _private.Mathlib.Tactic.FunProp.Theorems.0.Mathlib.Meta.FunProp.initFn._lam_0._@.Mathlib.Tactic.FunProp.Theorems.1545051141._hygCtx._hyg.2 took 0.0289ms
interpretation of _private.Mathlib.Tactic.FunProp.Theorems.0.Mathlib.Meta.FunProp.initFn._lam_0._@.Mathlib.Tactic.FunProp.Theorems.1545051141._hygCtx._hyg.2 took 0.0198ms
interpretation of _private.Mathlib.Tactic.FunProp.Theorems.0.Mathlib.Meta.FunProp.initFn._lam_0._@.Mathlib.Tactic.FunProp.Theorems.1545051141._hygCtx._hyg.2 took 0.0511ms
interpretation of _private.Mathlib.Tactic.FunProp.Theorems.0.Mathlib.Meta.FunProp.initFn._lam_0._@.Mathlib.Tactic.FunProp.Theorems.1545051141._hygCtx._hyg.2 took 0.0229ms
interpretation of _private.Mathlib.Tactic.FunProp.Theorems.0.Mathlib.Meta.FunProp.initFn._lam_0._@.Mathlib.Tactic.FunProp.Theorems.1545051141._hygCtx._hyg.2 took 0.0255ms
interpretation of _private.Mathlib.Tactic.FunProp.Theorems.0.Mathlib.Meta.FunProp.initFn._lam_0._@.Mathlib.Tactic.FunProp.Theorems.1545051141._hygCtx._hyg.2 took 0.0196ms
interpretation of _private.Mathlib.Tactic.FunProp.Theorems.0.Mathlib.Meta.FunProp.initFn._lam_0._@.Mathlib.Tactic.FunProp.Theorems.1545051141._hygCtx._hyg.2 took 0.0363ms
interpretation of _private.Mathlib.Tactic.FunProp.Theorems.0.Mathlib.Meta.FunProp.initFn._lam_0._@.Mathlib.Tactic.FunProp.Theorems.1545051141._hygCtx._hyg.2 took 0.0208ms
interpretation of _private.Mathlib.Tactic.FunProp.Theorems.0.Mathlib.Meta.FunProp.initFn._lam_0._@.Mathlib.Tactic.FunProp.Theorems.1545051141._hygCtx._hyg.2 took 0.0398ms
interpretation of _private.Mathlib.Tactic.FunProp.Theorems.0.Mathlib.Meta.FunProp.initFn._lam_0._@.Mathlib.Tactic.FunProp.Theorems.1545051141._hygCtx._hyg.2 took 0.0535ms
interpretation of _private.Mathlib.Tactic.FunProp.Theorems.0.Mathlib.Meta.FunProp.initFn._lam_0._@.Mathlib.Tactic.FunProp.Theorems.1545051141._hygCtx._hyg.2 took 0.0477ms
interpretation of _private.Mathlib.Tactic.FunProp.Theorems.0.Mathlib.Meta.FunProp.initFn._lam_0._@.Mathlib.Tactic.FunProp.Theorems.1545051141._hygCtx._hyg.2 took 0.0239ms
interpretation of _private.Mathlib.Tactic.FunProp.Theorems.0.Mathlib.Meta.FunProp.initFn._lam_0._@.Mathlib.Tactic.FunProp.Theorems.1545051141._hygCtx._hyg.2 took 0.0381ms
interpretation of _private.Mathlib.Tactic.FunProp.Theorems.0.Mathlib.Meta.FunProp.initFn._lam_0._@.Mathlib.Tactic.FunProp.Theorems.1545051141._hygCtx._hyg.2 took 0.0287ms
interpretation of _private.Mathlib.Tactic.FunProp.Theorems.0.Mathlib.Meta.FunProp.initFn._lam_0._@.Mathlib.Tactic.FunProp.Theorems.1545051141._hygCtx._hyg.2 took 0.0256ms
interpretation of _private.Mathlib.Tactic.FunProp.Theorems.0.Mathlib.Meta.FunProp.initFn._lam_0._@.Mathlib.Tactic.FunProp.Theorems.1545051141._hygCtx._hyg.2 took 0.0254ms
interpretation of _private.Mathlib.Tactic.FunProp.Theorems.0.Mathlib.Meta.FunProp.initFn._lam_0._@.Mathlib.Tactic.FunProp.Theorems.1545051141._hygCtx._hyg.2 took 0.0299ms
interpretation of _private.Mathlib.Tactic.FunProp.Theorems.0.Mathlib.Meta.FunProp.initFn._lam_0._@.Mathlib.Tactic.FunProp.Theorems.1545051141._hygCtx._hyg.2 took 0.0405ms
interpretation of _private.Mathlib.Tactic.FunProp.Theorems.0.Mathlib.Meta.FunProp.initFn._lam_0._@.Mathlib.Tactic.FunProp.Theorems.1545051141._hygCtx._hyg.2 took 0.0363ms
interpretation of _private.Mathlib.Tactic.FunProp.Theorems.0.Mathlib.Meta.FunProp.initFn._lam_0._@.Mathlib.Tactic.FunProp.Theorems.1545051141._hygCtx._hyg.2 took 0.0308ms
interpretation of _private.Mathlib.Tactic.FunProp.Theorems.0.Mathlib.Meta.FunProp.initFn._lam_0._@.Mathlib.Tactic.FunProp.Theorems.1545051141._hygCtx._hyg.2 took 0.0273ms
interpretation of _private.Mathlib.Tactic.FunProp.Theorems.0.Mathlib.Meta.FunProp.initFn._lam_0._@.Mathlib.Tactic.FunProp.Theorems.1545051141._hygCtx._hyg.2 took 0.0166ms
interpretation of _private.Mathlib.Tactic.FunProp.Theorems.0.Mathlib.Meta.FunProp.initFn._lam_0._@.Mathlib.Tactic.FunProp.Theorems.1545051141._hygCtx._hyg.2 took 0.0358ms
interpretation of _private.Mathlib.Tactic.FunProp.Theorems.0.Mathlib.Meta.FunProp.initFn._lam_0._@.Mathlib.Tactic.FunProp.Theorems.1545051141._hygCtx._hyg.2 took 0.0215ms
interpretation of _private.Mathlib.Tactic.FunProp.Theorems.0.Mathlib.Meta.FunProp.initFn._lam_0._@.Mathlib.Tactic.FunProp.Theorems.1545051141._hygCtx._hyg.2 took 0.0532ms
interpretation of _private.Mathlib.Tactic.FunProp.Theorems.0.Mathlib.Meta.FunProp.initFn._lam_0._@.Mathlib.Tactic.FunProp.Theorems.1545051141._hygCtx._hyg.2 took 0.0302ms
interpretation of _private.Mathlib.Tactic.FunProp.Theorems.0.Mathlib.Meta.FunProp.initFn._lam_0._@.Mathlib.Tactic.FunProp.Theorems.1545051141._hygCtx._hyg.2 took 0.0536ms
interpretation of _private.Mathlib.Tactic.FunProp.Theorems.0.Mathlib.Meta.FunProp.initFn._lam_0._@.Mathlib.Tactic.FunProp.Theorems.1545051141._hygCtx._hyg.2 took 0.041ms
interpretation of _private.Mathlib.Tactic.FunProp.Theorems.0.Mathlib.Meta.FunProp.initFn._lam_0._@.Mathlib.Tactic.FunProp.Theorems.1545051141._hygCtx._hyg.2 took 0.0367ms
interpretation of _private.Mathlib.Tactic.FunProp.Theorems.0.Mathlib.Meta.FunProp.initFn._lam_0._@.Mathlib.Tactic.FunProp.Theorems.1545051141._hygCtx._hyg.2 took 0.037ms
interpretation of _private.Mathlib.Tactic.FunProp.Theorems.0.Mathlib.Meta.FunProp.initFn._lam_0._@.Mathlib.Tactic.FunProp.Theorems.1545051141._hygCtx._hyg.2 took 0.0523ms
interpretation of _private.Mathlib.Tactic.FunProp.Theorems.0.Mathlib.Meta.FunProp.initFn._lam_0._@.Mathlib.Tactic.FunProp.Theorems.1545051141._hygCtx._hyg.2 took 0.0461ms
interpretation of _private.Mathlib.Tactic.FunProp.Theorems.0.Mathlib.Meta.FunProp.initFn._lam_0._@.Mathlib.Tactic.FunProp.Theorems.1545051141._hygCtx._hyg.2 took 0.0327ms
interpretation of _private.Mathlib.Tactic.FunProp.Theorems.0.Mathlib.Meta.FunProp.initFn._lam_0._@.Mathlib.Tactic.FunProp.Theorems.1545051141._hygCtx._hyg.2 took 0.0264ms
interpretation of _private.Mathlib.Tactic.FunProp.Theorems.0.Mathlib.Meta.FunProp.initFn._lam_0._@.Mathlib.Tactic.FunProp.Theorems.1545051141._hygCtx._hyg.2 took 0.0463ms
interpretation of _private.Mathlib.Tactic.FunProp.Theorems.0.Mathlib.Meta.FunProp.initFn._lam_0._@.Mathlib.Tactic.FunProp.Theorems.1545051141._hygCtx._hyg.2 took 0.0361ms
interpretation of _private.Mathlib.Tactic.FunProp.Theorems.0.Mathlib.Meta.FunProp.initFn._lam_0._@.Mathlib.Tactic.FunProp.Theorems.1545051141._hygCtx._hyg.2 took 0.0566ms
interpretation of _private.Mathlib.Tactic.FunProp.Theorems.0.Mathlib.Meta.FunProp.initFn._lam_0._@.Mathlib.Tactic.FunProp.Theorems.1545051141._hygCtx._hyg.2 took 0.0356ms
interpretation of _private.Mathlib.Tactic.FunProp.Theorems.0.Mathlib.Meta.FunProp.initFn._lam_0._@.Mathlib.Tactic.FunProp.Theorems.1545051141._hygCtx._hyg.2 took 0.0418ms
interpretation of _private.Mathlib.Tactic.FunProp.Theorems.0.Mathlib.Meta.FunProp.initFn._lam_0._@.Mathlib.Tactic.FunProp.Theorems.1545051141._hygCtx._hyg.2 took 0.0335ms
interpretation of _private.Mathlib.Tactic.FunProp.Theorems.0.Mathlib.Meta.FunProp.initFn._lam_0._@.Mathlib.Tactic.FunProp.Theorems.1545051141._hygCtx._hyg.2 took 0.0302ms
interpretation of _private.Mathlib.Tactic.FunProp.Theorems.0.Mathlib.Meta.FunProp.initFn._lam_0._@.Mathlib.Tactic.FunProp.Theorems.1545051141._hygCtx._hyg.2 took 0.0372ms
interpretation of _private.Mathlib.Tactic.FunProp.Theorems.0.Mathlib.Meta.FunProp.initFn._lam_0._@.Mathlib.Tactic.FunProp.Theorems.1545051141._hygCtx._hyg.2 took 0.0295ms
interpretation of _private.Mathlib.Tactic.FunProp.Theorems.0.Mathlib.Meta.FunProp.initFn._lam_0._@.Mathlib.Tactic.FunProp.Theorems.1545051141._hygCtx._hyg.2 took 0.0348ms
interpretation of _private.Mathlib.Tactic.FunProp.Theorems.0.Mathlib.Meta.FunProp.initFn._lam_0._@.Mathlib.Tactic.FunProp.Theorems.1545051141._hygCtx._hyg.2 took 0.0271ms
interpretation of _private.Mathlib.Tactic.FunProp.Theorems.0.Mathlib.Meta.FunProp.initFn._lam_0._@.Mathlib.Tactic.FunProp.Theorems.1545051141._hygCtx._hyg.2 took 0.0291ms
interpretation of _private.Mathlib.Tactic.FunProp.Theorems.0.Mathlib.Meta.FunProp.initFn._lam_0._@.Mathlib.Tactic.FunProp.Theorems.1545051141._hygCtx._hyg.2 took 0.0388ms
interpretation of _private.Mathlib.Tactic.FunProp.Theorems.0.Mathlib.Meta.FunProp.initFn._lam_0._@.Mathlib.Tactic.FunProp.Theorems.1545051141._hygCtx._hyg.2 took 0.0493ms
interpretation of _private.Mathlib.Tactic.FunProp.Theorems.0.Mathlib.Meta.FunProp.initFn._lam_0._@.Mathlib.Tactic.FunProp.Theorems.1545051141._hygCtx._hyg.2 took 0.0234ms
interpretation of _private.Mathlib.Tactic.FunProp.Theorems.0.Mathlib.Meta.FunProp.initFn._lam_0._@.Mathlib.Tactic.FunProp.Theorems.1545051141._hygCtx._hyg.2 took 0.068ms
interpretation of _private.Mathlib.Tactic.FunProp.Theorems.0.Mathlib.Meta.FunProp.initFn._lam_0._@.Mathlib.Tactic.FunProp.Theorems.1545051141._hygCtx._hyg.2 took 0.0261ms
interpretation of _private.Mathlib.Tactic.FunProp.Theorems.0.Mathlib.Meta.FunProp.initFn._lam_0._@.Mathlib.Tactic.FunProp.Theorems.1545051141._hygCtx._hyg.2 took 0.0191ms
interpretation of _private.Mathlib.Tactic.FunProp.Theorems.0.Mathlib.Meta.FunProp.initFn._lam_0._@.Mathlib.Tactic.FunProp.Theorems.1545051141._hygCtx._hyg.2 took 0.0451ms
interpretation of _private.Mathlib.Tactic.FunProp.Theorems.0.Mathlib.Meta.FunProp.initFn._lam_0._@.Mathlib.Tactic.FunProp.Theorems.1545051141._hygCtx._hyg.2 took 0.0474ms
interpretation of _private.Mathlib.Tactic.FunProp.Theorems.0.Mathlib.Meta.FunProp.initFn._lam_0._@.Mathlib.Tactic.FunProp.Theorems.1545051141._hygCtx._hyg.2 took 0.0231ms
interpretation of _private.Mathlib.Tactic.FunProp.Theorems.0.Mathlib.Meta.FunProp.initFn._lam_0._@.Mathlib.Tactic.FunProp.Theorems.1545051141._hygCtx._hyg.2 took 0.0271ms
interpretation of _private.Mathlib.Tactic.FunProp.Theorems.0.Mathlib.Meta.FunProp.initFn._lam_0._@.Mathlib.Tactic.FunProp.Theorems.1545051141._hygCtx._hyg.2 took 0.0386ms
interpretation of _private.Mathlib.Tactic.FunProp.Theorems.0.Mathlib.Meta.FunProp.initFn._lam_0._@.Mathlib.Tactic.FunProp.Theorems.1545051141._hygCtx._hyg.2 took 0.0426ms
interpretation of _private.Mathlib.Tactic.FunProp.Theorems.0.Mathlib.Meta.FunProp.initFn._lam_0._@.Mathlib.Tactic.FunProp.Theorems.1545051141._hygCtx._hyg.2 took 0.04ms
interpretation of _private.Mathlib.Tactic.FunProp.Theorems.0.Mathlib.Meta.FunProp.initFn._lam_0._@.Mathlib.Tactic.FunProp.Theorems.1545051141._hygCtx._hyg.2 took 0.064ms
interpretation of _private.Mathlib.Tactic.FunProp.Theorems.0.Mathlib.Meta.FunProp.initFn._lam_0._@.Mathlib.Tactic.FunProp.Theorems.1545051141._hygCtx._hyg.2 took 0.0454ms
interpretation of _private.Mathlib.Tactic.FunProp.Theorems.0.Mathlib.Meta.FunProp.initFn._lam_0._@.Mathlib.Tactic.FunProp.Theorems.1545051141._hygCtx._hyg.2 took 0.0425ms
interpretation of _private.Mathlib.Tactic.FunProp.Theorems.0.Mathlib.Meta.FunProp.initFn._lam_0._@.Mathlib.Tactic.FunProp.Theorems.1545051141._hygCtx._hyg.2 took 0.0494ms
interpretation of _private.Mathlib.Tactic.FunProp.Theorems.0.Mathlib.Meta.FunProp.initFn._lam_0._@.Mathlib.Tactic.FunProp.Theorems.1545051141._hygCtx._hyg.2 took 0.0397ms
interpretation of _private.Mathlib.Tactic.FunProp.Theorems.0.Mathlib.Meta.FunProp.initFn._lam_0._@.Mathlib.Tactic.FunProp.Theorems.1545051141._hygCtx._hyg.2 took 0.0422ms
interpretation of _private.Mathlib.Tactic.FunProp.Theorems.0.Mathlib.Meta.FunProp.initFn._lam_0._@.Mathlib.Tactic.FunProp.Theorems.1545051141._hygCtx._hyg.2 took 0.0349ms
interpretation of _private.Mathlib.Tactic.FunProp.Theorems.0.Mathlib.Meta.FunProp.initFn._lam_0._@.Mathlib.Tactic.FunProp.Theorems.1545051141._hygCtx._hyg.2 took 0.0499ms
interpretation of _private.Mathlib.Tactic.FunProp.Theorems.0.Mathlib.Meta.FunProp.initFn._lam_0._@.Mathlib.Tactic.FunProp.Theorems.1545051141._hygCtx._hyg.2 took 0.039ms
interpretation of _private.Mathlib.Tactic.FunProp.Theorems.0.Mathlib.Meta.FunProp.initFn._lam_0._@.Mathlib.Tactic.FunProp.Theorems.1545051141._hygCtx._hyg.2 took 0.0319ms
interpretation of _private.Mathlib.Tactic.FunProp.Theorems.0.Mathlib.Meta.FunProp.initFn._lam_0._@.Mathlib.Tactic.FunProp.Theorems.1545051141._hygCtx._hyg.2 took 0.0369ms
interpretation of _private.Mathlib.Tactic.FunProp.Theorems.0.Mathlib.Meta.FunProp.initFn._lam_0._@.Mathlib.Tactic.FunProp.Theorems.1545051141._hygCtx._hyg.2 took 0.0351ms
interpretation of _private.Mathlib.Tactic.FunProp.Theorems.0.Mathlib.Meta.FunProp.initFn._lam_0._@.Mathlib.Tactic.FunProp.Theorems.1545051141._hygCtx._hyg.2 took 0.054ms
interpretation of _private.Mathlib.Tactic.FunProp.Theorems.0.Mathlib.Meta.FunProp.initFn._lam_0._@.Mathlib.Tactic.FunProp.Theorems.1545051141._hygCtx._hyg.2 took 0.0424ms
interpretation of _private.Mathlib.Tactic.FunProp.Theorems.0.Mathlib.Meta.FunProp.initFn._lam_0._@.Mathlib.Tactic.FunProp.Theorems.1545051141._hygCtx._hyg.2 took 0.0649ms
interpretation of _private.Mathlib.Tactic.FunProp.Theorems.0.Mathlib.Meta.FunProp.initFn._lam_0._@.Mathlib.Tactic.FunProp.Theorems.1545051141._hygCtx._hyg.2 took 0.0365ms
interpretation of _private.Mathlib.Tactic.FunProp.Theorems.0.Mathlib.Meta.FunProp.initFn._lam_0._@.Mathlib.Tactic.FunProp.Theorems.1545051141._hygCtx._hyg.2 took 0.0528ms
interpretation of _private.Mathlib.Tactic.FunProp.Theorems.0.Mathlib.Meta.FunProp.initFn._lam_0._@.Mathlib.Tactic.FunProp.Theorems.1545051141._hygCtx._hyg.2 took 0.0211ms
interpretation of _private.Mathlib.Tactic.FunProp.Theorems.0.Mathlib.Meta.FunProp.initFn._lam_0._@.Mathlib.Tactic.FunProp.Theorems.1545051141._hygCtx._hyg.2 took 0.0194ms
interpretation of _private.Mathlib.Tactic.FunProp.Theorems.0.Mathlib.Meta.FunProp.initFn._lam_0._@.Mathlib.Tactic.FunProp.Theorems.1545051141._hygCtx._hyg.2 took 0.0381ms
interpretation of _private.Mathlib.Tactic.FunProp.Theorems.0.Mathlib.Meta.FunProp.initFn._lam_0._@.Mathlib.Tactic.FunProp.Theorems.1545051141._hygCtx._hyg.2 took 0.0371ms
interpretation of _private.Mathlib.Tactic.FunProp.Theorems.0.Mathlib.Meta.FunProp.initFn._lam_0._@.Mathlib.Tactic.FunProp.Theorems.1545051141._hygCtx._hyg.2 took 0.0365ms
interpretation of _private.Mathlib.Tactic.FunProp.Theorems.0.Mathlib.Meta.FunProp.initFn._lam_0._@.Mathlib.Tactic.FunProp.Theorems.1545051141._hygCtx._hyg.2 took 0.0377ms
interpretation of _private.Mathlib.Tactic.FunProp.Theorems.0.Mathlib.Meta.FunProp.initFn._lam_0._@.Mathlib.Tactic.FunProp.Theorems.1545051141._hygCtx._hyg.2 took 0.0454ms
interpretation of _private.Mathlib.Tactic.FunProp.Theorems.0.Mathlib.Meta.FunProp.initFn._lam_0._@.Mathlib.Tactic.FunProp.Theorems.1545051141._hygCtx._hyg.2 took 0.0271ms
interpretation of _private.Mathlib.Tactic.FunProp.Theorems.0.Mathlib.Meta.FunProp.initFn._lam_0._@.Mathlib.Tactic.FunProp.Theorems.1545051141._hygCtx._hyg.2 took 0.0378ms
interpretation of _private.Mathlib.Tactic.FunProp.Theorems.0.Mathlib.Meta.FunProp.initFn._lam_0._@.Mathlib.Tactic.FunProp.Theorems.1545051141._hygCtx._hyg.2 took 0.0405ms
interpretation of _private.Mathlib.Tactic.FunProp.Theorems.0.Mathlib.Meta.FunProp.initFn._lam_0._@.Mathlib.Tactic.FunProp.Theorems.1545051141._hygCtx._hyg.2 took 0.0404ms
interpretation of _private.Mathlib.Tactic.FunProp.Theorems.0.Mathlib.Meta.FunProp.initFn._lam_0._@.Mathlib.Tactic.FunProp.Theorems.1545051141._hygCtx._hyg.2 took 0.0376ms
interpretation of _private.Mathlib.Tactic.FunProp.Theorems.0.Mathlib.Meta.FunProp.initFn._lam_0._@.Mathlib.Tactic.FunProp.Theorems.1545051141._hygCtx._hyg.2 took 0.0417ms
interpretation of _private.Mathlib.Tactic.FunProp.Theorems.0.Mathlib.Meta.FunProp.initFn._lam_0._@.Mathlib.Tactic.FunProp.Theorems.1545051141._hygCtx._hyg.2 took 0.0253ms
interpretation of _private.Mathlib.Tactic.FunProp.Theorems.0.Mathlib.Meta.FunProp.initFn._lam_0._@.Mathlib.Tactic.FunProp.Theorems.1545051141._hygCtx._hyg.2 took 0.0377ms
interpretation of _private.Mathlib.Tactic.FunProp.Theorems.0.Mathlib.Meta.FunProp.initFn._lam_0._@.Mathlib.Tactic.FunProp.Theorems.1545051141._hygCtx._hyg.2 took 0.0531ms
interpretation of _private.Mathlib.Tactic.FunProp.Theorems.0.Mathlib.Meta.FunProp.initFn._lam_0._@.Mathlib.Tactic.FunProp.Theorems.1545051141._hygCtx._hyg.2 took 0.0393ms
interpretation of _private.Mathlib.Tactic.FunProp.Theorems.0.Mathlib.Meta.FunProp.initFn._lam_0._@.Mathlib.Tactic.FunProp.Theorems.1545051141._hygCtx._hyg.2 took 0.0602ms
interpretation of _private.Mathlib.Tactic.FunProp.Theorems.0.Mathlib.Meta.FunProp.initFn._lam_0._@.Mathlib.Tactic.FunProp.Theorems.1545051141._hygCtx._hyg.2 took 0.0437ms
interpretation of _private.Mathlib.Tactic.FunProp.Theorems.0.Mathlib.Meta.FunProp.initFn._lam_0._@.Mathlib.Tactic.FunProp.Theorems.1545051141._hygCtx._hyg.2 took 0.0265ms
interpretation of _private.Mathlib.Tactic.FunProp.Theorems.0.Mathlib.Meta.FunProp.initFn._lam_0._@.Mathlib.Tactic.FunProp.Theorems.1545051141._hygCtx._hyg.2 took 0.0334ms
interpretation of _private.Mathlib.Tactic.FunProp.Theorems.0.Mathlib.Meta.FunProp.initFn._lam_0._@.Mathlib.Tactic.FunProp.Theorems.1545051141._hygCtx._hyg.2 took 0.0422ms
interpretation of _private.Mathlib.Tactic.FunProp.Theorems.0.Mathlib.Meta.FunProp.initFn._lam_0._@.Mathlib.Tactic.FunProp.Theorems.1545051141._hygCtx._hyg.2 took 0.0745ms
interpretation of _private.Mathlib.Tactic.FunProp.Theorems.0.Mathlib.Meta.FunProp.initFn._lam_0._@.Mathlib.Tactic.FunProp.Theorems.1545051141._hygCtx._hyg.2 took 0.0542ms
interpretation of _private.Mathlib.Tactic.FunProp.Theorems.0.Mathlib.Meta.FunProp.initFn._lam_0._@.Mathlib.Tactic.FunProp.Theorems.1545051141._hygCtx._hyg.2 took 0.0479ms
interpretation of _private.Mathlib.Tactic.FunProp.Theorems.0.Mathlib.Meta.FunProp.initFn._lam_0._@.Mathlib.Tactic.FunProp.Theorems.1545051141._hygCtx._hyg.2 took 0.0437ms
interpretation of _private.Mathlib.Tactic.FunProp.Theorems.0.Mathlib.Meta.FunProp.initFn._lam_0._@.Mathlib.Tactic.FunProp.Theorems.1545051141._hygCtx._hyg.2 took 0.0533ms
interpretation of _private.Mathlib.Tactic.FunProp.Theorems.0.Mathlib.Meta.FunProp.initFn._lam_0._@.Mathlib.Tactic.FunProp.Theorems.1545051141._hygCtx._hyg.2 took 0.0463ms
interpretation of _private.Mathlib.Tactic.FunProp.Theorems.0.Mathlib.Meta.FunProp.initFn._lam_0._@.Mathlib.Tactic.FunProp.Theorems.1545051141._hygCtx._hyg.2 took 0.0483ms
interpretation of _private.Mathlib.Tactic.FunProp.Theorems.0.Mathlib.Meta.FunProp.initFn._lam_0._@.Mathlib.Tactic.FunProp.Theorems.1545051141._hygCtx._hyg.2 took 0.0494ms
interpretation of _private.Mathlib.Tactic.FunProp.Theorems.0.Mathlib.Meta.FunProp.initFn._lam_0._@.Mathlib.Tactic.FunProp.Theorems.1545051141._hygCtx._hyg.2 took 0.0486ms
interpretation of _private.Mathlib.Tactic.FunProp.Theorems.0.Mathlib.Meta.FunProp.initFn._lam_0._@.Mathlib.Tactic.FunProp.Theorems.1545051141._hygCtx._hyg.2 took 0.0403ms
interpretation of _private.Mathlib.Tactic.FunProp.Theorems.0.Mathlib.Meta.FunProp.initFn._lam_0._@.Mathlib.Tactic.FunProp.Theorems.1545051141._hygCtx._hyg.2 took 0.0466ms
interpretation of _private.Mathlib.Tactic.FunProp.Theorems.0.Mathlib.Meta.FunProp.initFn._lam_0._@.Mathlib.Tactic.FunProp.Theorems.1545051141._hygCtx._hyg.2 took 0.0354ms
interpretation of _private.Mathlib.Tactic.FunProp.Theorems.0.Mathlib.Meta.FunProp.initFn._lam_0._@.Mathlib.Tactic.FunProp.Theorems.1545051141._hygCtx._hyg.2 took 0.0418ms
interpretation of _private.Mathlib.Tactic.FunProp.Theorems.0.Mathlib.Meta.FunProp.initFn._lam_0._@.Mathlib.Tactic.FunProp.Theorems.1545051141._hygCtx._hyg.2 took 0.0374ms
interpretation of _private.Mathlib.Tactic.FunProp.Theorems.0.Mathlib.Meta.FunProp.initFn._lam_0._@.Mathlib.Tactic.FunProp.Theorems.1545051141._hygCtx._hyg.2 took 0.0405ms
interpretation of _private.Mathlib.Tactic.FunProp.Theorems.0.Mathlib.Meta.FunProp.initFn._lam_0._@.Mathlib.Tactic.FunProp.Theorems.1545051141._hygCtx._hyg.2 took 0.0229ms
interpretation of _private.Mathlib.Tactic.FunProp.Theorems.0.Mathlib.Meta.FunProp.initFn._lam_0._@.Mathlib.Tactic.FunProp.Theorems.1545051141._hygCtx._hyg.2 took 0.0245ms
interpretation of _private.Mathlib.Tactic.FunProp.Theorems.0.Mathlib.Meta.FunProp.initFn._lam_0._@.Mathlib.Tactic.FunProp.Theorems.1545051141._hygCtx._hyg.2 took 0.0341ms
interpretation of _private.Mathlib.Tactic.FunProp.Theorems.0.Mathlib.Meta.FunProp.initFn._lam_0._@.Mathlib.Tactic.FunProp.Theorems.1545051141._hygCtx._hyg.2 took 0.0371ms
interpretation of _private.Mathlib.Tactic.FunProp.Theorems.0.Mathlib.Meta.FunProp.initFn._lam_0._@.Mathlib.Tactic.FunProp.Theorems.1545051141._hygCtx._hyg.2 took 0.0424ms
interpretation of _private.Mathlib.Tactic.FunProp.Theorems.0.Mathlib.Meta.FunProp.initFn._lam_0._@.Mathlib.Tactic.FunProp.Theorems.1545051141._hygCtx._hyg.2 took 0.0591ms
interpretation of _private.Mathlib.Tactic.FunProp.Theorems.0.Mathlib.Meta.FunProp.initFn._lam_0._@.Mathlib.Tactic.FunProp.Theorems.1545051141._hygCtx._hyg.2 took 0.0425ms
interpretation of _private.Mathlib.Tactic.FunProp.Theorems.0.Mathlib.Meta.FunProp.initFn._lam_0._@.Mathlib.Tactic.FunProp.Theorems.1545051141._hygCtx._hyg.2 took 0.0554ms
interpretation of _private.Mathlib.Tactic.FunProp.Theorems.0.Mathlib.Meta.FunProp.initFn._lam_0._@.Mathlib.Tactic.FunProp.Theorems.1545051141._hygCtx._hyg.2 took 0.0536ms
interpretation of _private.Mathlib.Tactic.FunProp.Theorems.0.Mathlib.Meta.FunProp.initFn._lam_0._@.Mathlib.Tactic.FunProp.Theorems.1545051141._hygCtx._hyg.2 took 0.0525ms
interpretation of _private.Mathlib.Tactic.FunProp.Theorems.0.Mathlib.Meta.FunProp.initFn._lam_0._@.Mathlib.Tactic.FunProp.Theorems.1545051141._hygCtx._hyg.2 took 0.0403ms
interpretation of _private.Mathlib.Tactic.FunProp.Theorems.0.Mathlib.Meta.FunProp.initFn._lam_0._@.Mathlib.Tactic.FunProp.Theorems.1545051141._hygCtx._hyg.2 took 0.0401ms
interpretation of _private.Mathlib.Tactic.FunProp.Theorems.0.Mathlib.Meta.FunProp.initFn._lam_0._@.Mathlib.Tactic.FunProp.Theorems.1545051141._hygCtx._hyg.2 took 0.0357ms
interpretation of _private.Mathlib.Tactic.FunProp.Theorems.0.Mathlib.Meta.FunProp.initFn._lam_0._@.Mathlib.Tactic.FunProp.Theorems.1545051141._hygCtx._hyg.2 took 0.0394ms
interpretation of _private.Mathlib.Tactic.FunProp.Theorems.0.Mathlib.Meta.FunProp.initFn._lam_0._@.Mathlib.Tactic.FunProp.Theorems.1545051141._hygCtx._hyg.2 took 0.0323ms
interpretation of _private.Mathlib.Tactic.FunProp.Theorems.0.Mathlib.Meta.FunProp.initFn._lam_0._@.Mathlib.Tactic.FunProp.Theorems.1545051141._hygCtx._hyg.2 took 0.0385ms
interpretation of _private.Mathlib.Tactic.FunProp.Theorems.0.Mathlib.Meta.FunProp.initFn._lam_0._@.Mathlib.Tactic.FunProp.Theorems.1545051141._hygCtx._hyg.2 took 0.0371ms
interpretation of _private.Mathlib.Tactic.FunProp.Theorems.0.Mathlib.Meta.FunProp.initFn._lam_0._@.Mathlib.Tactic.FunProp.Theorems.1545051141._hygCtx._hyg.2 took 0.0464ms
interpretation of _private.Mathlib.Tactic.FunProp.Theorems.0.Mathlib.Meta.FunProp.initFn._lam_0._@.Mathlib.Tactic.FunProp.Theorems.1545051141._hygCtx._hyg.2 took 0.0572ms
interpretation of _private.Mathlib.Tactic.FunProp.Theorems.0.Mathlib.Meta.FunProp.initFn._lam_0._@.Mathlib.Tactic.FunProp.Theorems.1545051141._hygCtx._hyg.2 took 0.0397ms
interpretation of _private.Mathlib.Tactic.FunProp.Theorems.0.Mathlib.Meta.FunProp.initFn._lam_0._@.Mathlib.Tactic.FunProp.Theorems.1545051141._hygCtx._hyg.2 took 0.0386ms
interpretation of _private.Mathlib.Tactic.FunProp.Theorems.0.Mathlib.Meta.FunProp.initFn._lam_0._@.Mathlib.Tactic.FunProp.Theorems.1545051141._hygCtx._hyg.2 took 0.0395ms
interpretation of _private.Mathlib.Tactic.FunProp.Theorems.0.Mathlib.Meta.FunProp.initFn._lam_0._@.Mathlib.Tactic.FunProp.Theorems.1545051141._hygCtx._hyg.2 took 0.0355ms
interpretation of _private.Mathlib.Tactic.FunProp.Theorems.0.Mathlib.Meta.FunProp.initFn._lam_0._@.Mathlib.Tactic.FunProp.Theorems.1545051141._hygCtx._hyg.2 took 0.0398ms
interpretation of _private.Mathlib.Tactic.FunProp.Theorems.0.Mathlib.Meta.FunProp.initFn._lam_0._@.Mathlib.Tactic.FunProp.Theorems.1545051141._hygCtx._hyg.2 took 0.0489ms
interpretation of _private.Mathlib.Tactic.FunProp.Theorems.0.Mathlib.Meta.FunProp.initFn._lam_0._@.Mathlib.Tactic.FunProp.Theorems.1545051141._hygCtx._hyg.2 took 0.043ms
interpretation of _private.Mathlib.Tactic.FunProp.Theorems.0.Mathlib.Meta.FunProp.initFn._lam_0._@.Mathlib.Tactic.FunProp.Theorems.1545051141._hygCtx._hyg.2 took 0.0337ms
interpretation of _private.Mathlib.Tactic.FunProp.Theorems.0.Mathlib.Meta.FunProp.initFn._lam_0._@.Mathlib.Tactic.FunProp.Theorems.1545051141._hygCtx._hyg.2 took 0.0334ms
interpretation of _private.Mathlib.Tactic.FunProp.Theorems.0.Mathlib.Meta.FunProp.initFn._lam_0._@.Mathlib.Tactic.FunProp.Theorems.1545051141._hygCtx._hyg.2 took 0.0577ms
interpretation of _private.Mathlib.Tactic.FunProp.Theorems.0.Mathlib.Meta.FunProp.initFn._lam_0._@.Mathlib.Tactic.FunProp.Theorems.1545051141._hygCtx._hyg.2 took 0.0489ms
interpretation of _private.Mathlib.Tactic.FunProp.Theorems.0.Mathlib.Meta.FunProp.initFn._lam_0._@.Mathlib.Tactic.FunProp.Theorems.1545051141._hygCtx._hyg.2 took 0.0323ms
interpretation of _private.Mathlib.Tactic.FunProp.Theorems.0.Mathlib.Meta.FunProp.initFn._lam_0._@.Mathlib.Tactic.FunProp.Theorems.1545051141._hygCtx._hyg.2 took 0.0347ms
interpretation of _private.Mathlib.Tactic.FunProp.Theorems.0.Mathlib.Meta.FunProp.initFn._lam_0._@.Mathlib.Tactic.FunProp.Theorems.1545051141._hygCtx._hyg.2 took 0.037ms
interpretation of _private.Mathlib.Tactic.FunProp.Theorems.0.Mathlib.Meta.FunProp.initFn._lam_0._@.Mathlib.Tactic.FunProp.Theorems.1545051141._hygCtx._hyg.2 took 0.0361ms
interpretation of _private.Mathlib.Tactic.FunProp.Theorems.0.Mathlib.Meta.FunProp.initFn._lam_0._@.Mathlib.Tactic.FunProp.Theorems.1545051141._hygCtx._hyg.2 took 0.0344ms
interpretation of _private.Mathlib.Tactic.FunProp.Theorems.0.Mathlib.Meta.FunProp.initFn._lam_0._@.Mathlib.Tactic.FunProp.Theorems.1545051141._hygCtx._hyg.2 took 0.0423ms
interpretation of _private.Mathlib.Tactic.FunProp.Theorems.0.Mathlib.Meta.FunProp.initFn._lam_0._@.Mathlib.Tactic.FunProp.Theorems.1545051141._hygCtx._hyg.2 took 0.0506ms
interpretation of _private.Mathlib.Tactic.FunProp.Theorems.0.Mathlib.Meta.FunProp.initFn._lam_0._@.Mathlib.Tactic.FunProp.Theorems.1545051141._hygCtx._hyg.2 took 0.0437ms
interpretation of _private.Mathlib.Tactic.FunProp.Theorems.0.Mathlib.Meta.FunProp.initFn._lam_0._@.Mathlib.Tactic.FunProp.Theorems.1545051141._hygCtx._hyg.2 took 0.0228ms
interpretation of _private.Mathlib.Tactic.FunProp.Theorems.0.Mathlib.Meta.FunProp.initFn._lam_0._@.Mathlib.Tactic.FunProp.Theorems.1545051141._hygCtx._hyg.2 took 0.0273ms
interpretation of _private.Mathlib.Tactic.FunProp.Theorems.0.Mathlib.Meta.FunProp.initFn._lam_0._@.Mathlib.Tactic.FunProp.Theorems.1545051141._hygCtx._hyg.2 took 0.0321ms
interpretation of _private.Mathlib.Tactic.FunProp.Theorems.0.Mathlib.Meta.FunProp.initFn._lam_0._@.Mathlib.Tactic.FunProp.Theorems.1545051141._hygCtx._hyg.2 took 0.0405ms
interpretation of _private.Mathlib.Tactic.FunProp.Theorems.0.Mathlib.Meta.FunProp.initFn._lam_0._@.Mathlib.Tactic.FunProp.Theorems.1545051141._hygCtx._hyg.2 took 0.0209ms
interpretation of _private.Mathlib.Tactic.FunProp.Theorems.0.Mathlib.Meta.FunProp.initFn._lam_0._@.Mathlib.Tactic.FunProp.Theorems.1545051141._hygCtx._hyg.2 took 0.0235ms
interpretation of _private.Mathlib.Tactic.FunProp.Theorems.0.Mathlib.Meta.FunProp.initFn._lam_0._@.Mathlib.Tactic.FunProp.Theorems.1545051141._hygCtx._hyg.2 took 0.0285ms
interpretation of _private.Mathlib.Tactic.FunProp.Theorems.0.Mathlib.Meta.FunProp.initFn._lam_0._@.Mathlib.Tactic.FunProp.Theorems.1545051141._hygCtx._hyg.2 took 0.0219ms
interpretation of _private.Mathlib.Tactic.FunProp.Theorems.0.Mathlib.Meta.FunProp.initFn._lam_0._@.Mathlib.Tactic.FunProp.Theorems.1545051141._hygCtx._hyg.2 took 0.025ms
interpretation of _private.Mathlib.Tactic.FunProp.Theorems.0.Mathlib.Meta.FunProp.initFn._lam_0._@.Mathlib.Tactic.FunProp.Theorems.1545051141._hygCtx._hyg.2 took 0.0235ms
interpretation of _private.Mathlib.Tactic.FunProp.Theorems.0.Mathlib.Meta.FunProp.initFn._lam_0._@.Mathlib.Tactic.FunProp.Theorems.1545051141._hygCtx._hyg.2 took 0.0246ms
interpretation of _private.Mathlib.Tactic.FunProp.Theorems.0.Mathlib.Meta.FunProp.initFn._lam_0._@.Mathlib.Tactic.FunProp.Theorems.1545051141._hygCtx._hyg.2 took 0.0196ms
interpretation of _private.Mathlib.Tactic.FunProp.Theorems.0.Mathlib.Meta.FunProp.initFn._lam_0._@.Mathlib.Tactic.FunProp.Theorems.1545051141._hygCtx._hyg.2 took 0.0241ms
interpretation of _private.Mathlib.Tactic.FunProp.Theorems.0.Mathlib.Meta.FunProp.initFn._lam_0._@.Mathlib.Tactic.FunProp.Theorems.1545051141._hygCtx._hyg.2 took 0.0265ms
interpretation of _private.Mathlib.Tactic.FunProp.Theorems.0.Mathlib.Meta.FunProp.initFn._lam_0._@.Mathlib.Tactic.FunProp.Theorems.1545051141._hygCtx._hyg.2 took 0.0393ms
interpretation of _private.Mathlib.Tactic.FunProp.Theorems.0.Mathlib.Meta.FunProp.initFn._lam_0._@.Mathlib.Tactic.FunProp.Theorems.1545051141._hygCtx._hyg.2 took 0.0288ms
interpretation of _private.Mathlib.Tactic.FunProp.Theorems.0.Mathlib.Meta.FunProp.initFn._lam_0._@.Mathlib.Tactic.FunProp.Theorems.1545051141._hygCtx._hyg.2 took 0.0225ms
interpretation of _private.Mathlib.Tactic.FunProp.Theorems.0.Mathlib.Meta.FunProp.initFn._lam_0._@.Mathlib.Tactic.FunProp.Theorems.1545051141._hygCtx._hyg.2 took 0.0197ms
interpretation of _private.Mathlib.Tactic.FunProp.Theorems.0.Mathlib.Meta.FunProp.initFn._lam_0._@.Mathlib.Tactic.FunProp.Theorems.1545051141._hygCtx._hyg.2 took 0.0346ms
interpretation of _private.Mathlib.Tactic.FunProp.Theorems.0.Mathlib.Meta.FunProp.initFn._lam_0._@.Mathlib.Tactic.FunProp.Theorems.1545051141._hygCtx._hyg.2 took 0.0259ms
interpretation of _private.Mathlib.Tactic.FunProp.Theorems.0.Mathlib.Meta.FunProp.initFn._lam_0._@.Mathlib.Tactic.FunProp.Theorems.1545051141._hygCtx._hyg.2 took 0.0264ms
interpretation of _private.Mathlib.Tactic.FunProp.Theorems.0.Mathlib.Meta.FunProp.initFn._lam_0._@.Mathlib.Tactic.FunProp.Theorems.1545051141._hygCtx._hyg.2 took 0.0237ms
interpretation of _private.Mathlib.Tactic.FunProp.Theorems.0.Mathlib.Meta.FunProp.initFn._lam_0._@.Mathlib.Tactic.FunProp.Theorems.1545051141._hygCtx._hyg.2 took 0.0244ms
interpretation of _private.Mathlib.Tactic.FunProp.Theorems.0.Mathlib.Meta.FunProp.initFn._lam_0._@.Mathlib.Tactic.FunProp.Theorems.1545051141._hygCtx._hyg.2 took 0.0232ms
interpretation of _private.Mathlib.Tactic.FunProp.Theorems.0.Mathlib.Meta.FunProp.initFn._lam_0._@.Mathlib.Tactic.FunProp.Theorems.1545051141._hygCtx._hyg.2 took 0.0226ms
interpretation of _private.Mathlib.Tactic.FunProp.Theorems.0.Mathlib.Meta.FunProp.initFn._lam_0._@.Mathlib.Tactic.FunProp.Theorems.1545051141._hygCtx._hyg.2 took 0.0234ms
interpretation of _private.Mathlib.Tactic.FunProp.Theorems.0.Mathlib.Meta.FunProp.initFn._lam_0._@.Mathlib.Tactic.FunProp.Theorems.1545051141._hygCtx._hyg.2 took 0.0325ms
interpretation of _private.Mathlib.Tactic.FunProp.Theorems.0.Mathlib.Meta.FunProp.initFn._lam_0._@.Mathlib.Tactic.FunProp.Theorems.1545051141._hygCtx._hyg.2 took 0.0227ms
interpretation of _private.Mathlib.Tactic.FunProp.Theorems.0.Mathlib.Meta.FunProp.initFn._lam_0._@.Mathlib.Tactic.FunProp.Theorems.1545051141._hygCtx._hyg.2 took 0.0202ms
interpretation of _private.Mathlib.Tactic.FunProp.Theorems.0.Mathlib.Meta.FunProp.initFn._lam_0._@.Mathlib.Tactic.FunProp.Theorems.1545051141._hygCtx._hyg.2 took 0.0198ms
interpretation of _private.Mathlib.Tactic.FunProp.Theorems.0.Mathlib.Meta.FunProp.initFn._lam_0._@.Mathlib.Tactic.FunProp.Theorems.1545051141._hygCtx._hyg.2 took 0.0198ms
interpretation of _private.Mathlib.Tactic.FunProp.Theorems.0.Mathlib.Meta.FunProp.initFn._lam_0._@.Mathlib.Tactic.FunProp.Theorems.1545051141._hygCtx._hyg.2 took 0.0196ms
interpretation of _private.Mathlib.Tactic.FunProp.Theorems.0.Mathlib.Meta.FunProp.initFn._lam_0._@.Mathlib.Tactic.FunProp.Theorems.1545051141._hygCtx._hyg.2 took 0.0235ms
interpretation of _private.Mathlib.Tactic.FunProp.Theorems.0.Mathlib.Meta.FunProp.initFn._lam_0._@.Mathlib.Tactic.FunProp.Theorems.1545051141._hygCtx._hyg.2 took 0.0165ms
interpretation of _private.Mathlib.Tactic.FunProp.Theorems.0.Mathlib.Meta.FunProp.initFn._lam_0._@.Mathlib.Tactic.FunProp.Theorems.1545051141._hygCtx._hyg.2 took 0.02ms
interpretation of _private.Mathlib.Tactic.FunProp.Theorems.0.Mathlib.Meta.FunProp.initFn._lam_0._@.Mathlib.Tactic.FunProp.Theorems.1545051141._hygCtx._hyg.2 took 0.0221ms
interpretation of _private.Mathlib.Tactic.FunProp.Theorems.0.Mathlib.Meta.FunProp.initFn._lam_0._@.Mathlib.Tactic.FunProp.Theorems.1545051141._hygCtx._hyg.2 took 0.109ms
interpretation of _private.Mathlib.Tactic.FunProp.Theorems.0.Mathlib.Meta.FunProp.initFn._lam_0._@.Mathlib.Tactic.FunProp.Theorems.1545051141._hygCtx._hyg.2 took 0.049ms
interpretation of _private.Mathlib.Tactic.FunProp.Theorems.0.Mathlib.Meta.FunProp.initFn._lam_0._@.Mathlib.Tactic.FunProp.Theorems.1545051141._hygCtx._hyg.2 took 0.0412ms
interpretation of _private.Mathlib.Tactic.FunProp.Theorems.0.Mathlib.Meta.FunProp.initFn._lam_0._@.Mathlib.Tactic.FunProp.Theorems.1545051141._hygCtx._hyg.2 took 0.0426ms
interpretation of _private.Mathlib.Tactic.FunProp.Theorems.0.Mathlib.Meta.FunProp.initFn._lam_0._@.Mathlib.Tactic.FunProp.Theorems.1545051141._hygCtx._hyg.2 took 0.0355ms
interpretation of _private.Mathlib.Tactic.FunProp.Theorems.0.Mathlib.Meta.FunProp.initFn._lam_0._@.Mathlib.Tactic.FunProp.Theorems.1545051141._hygCtx._hyg.2 took 0.0195ms
interpretation of _private.Mathlib.Tactic.FunProp.Theorems.0.Mathlib.Meta.FunProp.initFn._lam_0._@.Mathlib.Tactic.FunProp.Theorems.1545051141._hygCtx._hyg.2 took 0.039ms
interpretation of _private.Mathlib.Tactic.FunProp.Theorems.0.Mathlib.Meta.FunProp.initFn._lam_0._@.Mathlib.Tactic.FunProp.Theorems.1545051141._hygCtx._hyg.2 took 0.026ms
interpretation of _private.Mathlib.Tactic.FunProp.Theorems.0.Mathlib.Meta.FunProp.initFn._lam_0._@.Mathlib.Tactic.FunProp.Theorems.1545051141._hygCtx._hyg.2 took 0.0287ms
interpretation of _private.Mathlib.Tactic.FunProp.Theorems.0.Mathlib.Meta.FunProp.initFn._lam_0._@.Mathlib.Tactic.FunProp.Theorems.1545051141._hygCtx._hyg.2 took 0.0321ms
interpretation of _private.Mathlib.Tactic.FunProp.Theorems.0.Mathlib.Meta.FunProp.initFn._lam_0._@.Mathlib.Tactic.FunProp.Theorems.1545051141._hygCtx._hyg.2 took 0.0236ms
interpretation of _private.Mathlib.Tactic.FunProp.Theorems.0.Mathlib.Meta.FunProp.initFn._lam_0._@.Mathlib.Tactic.FunProp.Theorems.1545051141._hygCtx._hyg.2 took 0.0375ms
interpretation of _private.Mathlib.Tactic.FunProp.Theorems.0.Mathlib.Meta.FunProp.initFn._lam_0._@.Mathlib.Tactic.FunProp.Theorems.1545051141._hygCtx._hyg.2 took 0.0354ms
interpretation of _private.Mathlib.Tactic.FunProp.Theorems.0.Mathlib.Meta.FunProp.initFn._lam_0._@.Mathlib.Tactic.FunProp.Theorems.1545051141._hygCtx._hyg.2 took 0.0172ms
interpretation of _private.Mathlib.Tactic.FunProp.Theorems.0.Mathlib.Meta.FunProp.initFn._lam_0._@.Mathlib.Tactic.FunProp.Theorems.1545051141._hygCtx._hyg.2 took 0.0348ms
interpretation of _private.Mathlib.Tactic.FunProp.Theorems.0.Mathlib.Meta.FunProp.initFn._lam_0._@.Mathlib.Tactic.FunProp.Theorems.1545051141._hygCtx._hyg.2 took 0.0436ms
interpretation of _private.Mathlib.Tactic.FunProp.Theorems.0.Mathlib.Meta.FunProp.initFn._lam_0._@.Mathlib.Tactic.FunProp.Theorems.1545051141._hygCtx._hyg.2 took 0.0267ms
interpretation of _private.Mathlib.Tactic.FunProp.Theorems.0.Mathlib.Meta.FunProp.initFn._lam_0._@.Mathlib.Tactic.FunProp.Theorems.1545051141._hygCtx._hyg.2 took 0.0415ms
interpretation of _private.Mathlib.Tactic.FunProp.Theorems.0.Mathlib.Meta.FunProp.initFn._lam_0._@.Mathlib.Tactic.FunProp.Theorems.1545051141._hygCtx._hyg.2 took 0.038ms
interpretation of _private.Mathlib.Tactic.FunProp.Theorems.0.Mathlib.Meta.FunProp.initFn._lam_0._@.Mathlib.Tactic.FunProp.Theorems.1545051141._hygCtx._hyg.2 took 0.0273ms
interpretation of _private.Mathlib.Tactic.FunProp.Theorems.0.Mathlib.Meta.FunProp.initFn._lam_0._@.Mathlib.Tactic.FunProp.Theorems.1545051141._hygCtx._hyg.2 took 0.0272ms
interpretation of _private.Mathlib.Tactic.FunProp.Theorems.0.Mathlib.Meta.FunProp.initFn._lam_0._@.Mathlib.Tactic.FunProp.Theorems.1545051141._hygCtx._hyg.2 took 0.0374ms
interpretation of _private.Mathlib.Tactic.FunProp.Theorems.0.Mathlib.Meta.FunProp.initFn._lam_0._@.Mathlib.Tactic.FunProp.Theorems.1545051141._hygCtx._hyg.2 took 0.0298ms
interpretation of _private.Mathlib.Tactic.FunProp.Theorems.0.Mathlib.Meta.FunProp.initFn._lam_0._@.Mathlib.Tactic.FunProp.Theorems.1545051141._hygCtx._hyg.2 took 0.0294ms
interpretation of _private.Mathlib.Tactic.FunProp.Theorems.0.Mathlib.Meta.FunProp.initFn._lam_0._@.Mathlib.Tactic.FunProp.Theorems.1545051141._hygCtx._hyg.2 took 0.0256ms
interpretation of _private.Mathlib.Tactic.FunProp.Theorems.0.Mathlib.Meta.FunProp.initFn._lam_0._@.Mathlib.Tactic.FunProp.Theorems.1545051141._hygCtx._hyg.2 took 0.0218ms
interpretation of _private.Mathlib.Tactic.FunProp.Theorems.0.Mathlib.Meta.FunProp.initFn._lam_0._@.Mathlib.Tactic.FunProp.Theorems.1545051141._hygCtx._hyg.2 took 0.0201ms
interpretation of _private.Mathlib.Tactic.FunProp.Theorems.0.Mathlib.Meta.FunProp.initFn._lam_0._@.Mathlib.Tactic.FunProp.Theorems.1545051141._hygCtx._hyg.2 took 0.0265ms
interpretation of _private.Mathlib.Tactic.FunProp.Theorems.0.Mathlib.Meta.FunProp.initFn._lam_0._@.Mathlib.Tactic.FunProp.Theorems.1545051141._hygCtx._hyg.2 took 0.0268ms
interpretation of _private.Mathlib.Tactic.FunProp.Theorems.0.Mathlib.Meta.FunProp.initFn._lam_0._@.Mathlib.Tactic.FunProp.Theorems.1545051141._hygCtx._hyg.2 took 0.0231ms
interpretation of _private.Mathlib.Tactic.FunProp.Theorems.0.Mathlib.Meta.FunProp.initFn._lam_0._@.Mathlib.Tactic.FunProp.Theorems.1545051141._hygCtx._hyg.2 took 0.0301ms
interpretation of _private.Mathlib.Tactic.FunProp.Theorems.0.Mathlib.Meta.FunProp.initFn._lam_0._@.Mathlib.Tactic.FunProp.Theorems.1545051141._hygCtx._hyg.2 took 0.0409ms
interpretation of _private.Mathlib.Tactic.FunProp.Theorems.0.Mathlib.Meta.FunProp.initFn._lam_0._@.Mathlib.Tactic.FunProp.Theorems.1545051141._hygCtx._hyg.2 took 0.029ms
interpretation of _private.Mathlib.Tactic.FunProp.Theorems.0.Mathlib.Meta.FunProp.initFn._lam_0._@.Mathlib.Tactic.FunProp.Theorems.1545051141._hygCtx._hyg.2 took 0.0258ms
interpretation of _private.Mathlib.Tactic.FunProp.Theorems.0.Mathlib.Meta.FunProp.initFn._lam_0._@.Mathlib.Tactic.FunProp.Theorems.1545051141._hygCtx._hyg.2 took 0.0381ms
interpretation of _private.Mathlib.Tactic.FunProp.Theorems.0.Mathlib.Meta.FunProp.initFn._lam_0._@.Mathlib.Tactic.FunProp.Theorems.1545051141._hygCtx._hyg.2 took 0.0399ms
interpretation of _private.Mathlib.Tactic.FunProp.Theorems.0.Mathlib.Meta.FunProp.initFn._lam_0._@.Mathlib.Tactic.FunProp.Theorems.1545051141._hygCtx._hyg.2 took 0.029ms
interpretation of _private.Mathlib.Tactic.FunProp.Theorems.0.Mathlib.Meta.FunProp.initFn._lam_0._@.Mathlib.Tactic.FunProp.Theorems.1545051141._hygCtx._hyg.2 took 0.0252ms
interpretation of _private.Mathlib.Tactic.FunProp.Theorems.0.Mathlib.Meta.FunProp.initFn._lam_0._@.Mathlib.Tactic.FunProp.Theorems.1545051141._hygCtx._hyg.2 took 0.0589ms
interpretation of _private.Mathlib.Tactic.FunProp.Theorems.0.Mathlib.Meta.FunProp.initFn._lam_0._@.Mathlib.Tactic.FunProp.Theorems.1545051141._hygCtx._hyg.2 took 0.0277ms
interpretation of _private.Mathlib.Tactic.FunProp.Theorems.0.Mathlib.Meta.FunProp.initFn._lam_0._@.Mathlib.Tactic.FunProp.Theorems.1545051141._hygCtx._hyg.2 took 0.0217ms
interpretation of _private.Mathlib.Tactic.FunProp.Theorems.0.Mathlib.Meta.FunProp.initFn._lam_0._@.Mathlib.Tactic.FunProp.Theorems.1545051141._hygCtx._hyg.2 took 0.0325ms
interpretation of _private.Mathlib.Tactic.FunProp.Theorems.0.Mathlib.Meta.FunProp.initFn._lam_0._@.Mathlib.Tactic.FunProp.Theorems.1545051141._hygCtx._hyg.2 took 0.021ms
interpretation of _private.Mathlib.Tactic.FunProp.Theorems.0.Mathlib.Meta.FunProp.initFn._lam_0._@.Mathlib.Tactic.FunProp.Theorems.1545051141._hygCtx._hyg.2 took 0.025ms
interpretation of _private.Mathlib.Tactic.FunProp.Theorems.0.Mathlib.Meta.FunProp.initFn._lam_0._@.Mathlib.Tactic.FunProp.Theorems.1545051141._hygCtx._hyg.2 took 0.021ms
interpretation of _private.Mathlib.Tactic.FunProp.Theorems.0.Mathlib.Meta.FunProp.initFn._lam_0._@.Mathlib.Tactic.FunProp.Theorems.1545051141._hygCtx._hyg.2 took 0.0258ms
interpretation of _private.Mathlib.Tactic.FunProp.Theorems.0.Mathlib.Meta.FunProp.initFn._lam_0._@.Mathlib.Tactic.FunProp.Theorems.1545051141._hygCtx._hyg.2 took 0.0322ms
interpretation of _private.Mathlib.Tactic.FunProp.Theorems.0.Mathlib.Meta.FunProp.initFn._lam_0._@.Mathlib.Tactic.FunProp.Theorems.1545051141._hygCtx._hyg.2 took 0.0247ms
interpretation of _private.Mathlib.Tactic.FunProp.Theorems.0.Mathlib.Meta.FunProp.initFn._lam_0._@.Mathlib.Tactic.FunProp.Theorems.1545051141._hygCtx._hyg.2 took 0.0255ms
interpretation of _private.Mathlib.Tactic.FunProp.Theorems.0.Mathlib.Meta.FunProp.initFn._lam_0._@.Mathlib.Tactic.FunProp.Theorems.1545051141._hygCtx._hyg.2 took 0.0435ms
interpretation of _private.Mathlib.Tactic.FunProp.Theorems.0.Mathlib.Meta.FunProp.initFn._lam_0._@.Mathlib.Tactic.FunProp.Theorems.1545051141._hygCtx._hyg.2 took 0.0255ms
interpretation of _private.Mathlib.Tactic.FunProp.Theorems.0.Mathlib.Meta.FunProp.initFn._lam_0._@.Mathlib.Tactic.FunProp.Theorems.1545051141._hygCtx._hyg.2 took 0.0233ms
interpretation of _private.Mathlib.Tactic.FunProp.Theorems.0.Mathlib.Meta.FunProp.initFn._lam_0._@.Mathlib.Tactic.FunProp.Theorems.1545051141._hygCtx._hyg.2 took 0.0192ms
interpretation of _private.Mathlib.Tactic.FunProp.Theorems.0.Mathlib.Meta.FunProp.initFn._lam_0._@.Mathlib.Tactic.FunProp.Theorems.1545051141._hygCtx._hyg.2 took 0.0178ms
interpretation of _private.Mathlib.Tactic.FunProp.Theorems.0.Mathlib.Meta.FunProp.initFn._lam_0._@.Mathlib.Tactic.FunProp.Theorems.1545051141._hygCtx._hyg.2 took 0.023ms
interpretation of _private.Mathlib.Tactic.FunProp.Theorems.0.Mathlib.Meta.FunProp.initFn._lam_0._@.Mathlib.Tactic.FunProp.Theorems.1545051141._hygCtx._hyg.2 took 0.0484ms
interpretation of _private.Mathlib.Tactic.FunProp.Theorems.0.Mathlib.Meta.FunProp.initFn._lam_0._@.Mathlib.Tactic.FunProp.Theorems.1545051141._hygCtx._hyg.2 took 0.0273ms
interpretation of _private.Mathlib.Tactic.FunProp.Theorems.0.Mathlib.Meta.FunProp.initFn._lam_0._@.Mathlib.Tactic.FunProp.Theorems.1545051141._hygCtx._hyg.2 took 0.0261ms
interpretation of _private.Mathlib.Tactic.FunProp.Theorems.0.Mathlib.Meta.FunProp.initFn._lam_0._@.Mathlib.Tactic.FunProp.Theorems.1545051141._hygCtx._hyg.2 took 0.0293ms
interpretation of _private.Mathlib.Tactic.FunProp.Theorems.0.Mathlib.Meta.FunProp.initFn._lam_0._@.Mathlib.Tactic.FunProp.Theorems.1545051141._hygCtx._hyg.2 took 0.0406ms
interpretation of _private.Mathlib.Tactic.FunProp.Theorems.0.Mathlib.Meta.FunProp.initFn._lam_0._@.Mathlib.Tactic.FunProp.Theorems.1545051141._hygCtx._hyg.2 took 0.0446ms
interpretation of _private.Mathlib.Tactic.FunProp.Theorems.0.Mathlib.Meta.FunProp.initFn._lam_0._@.Mathlib.Tactic.FunProp.Theorems.1545051141._hygCtx._hyg.2 took 0.0362ms
interpretation of _private.Mathlib.Tactic.FunProp.Theorems.0.Mathlib.Meta.FunProp.initFn._lam_0._@.Mathlib.Tactic.FunProp.Theorems.1545051141._hygCtx._hyg.2 took 0.0314ms
interpretation of _private.Mathlib.Tactic.FunProp.Theorems.0.Mathlib.Meta.FunProp.initFn._lam_0._@.Mathlib.Tactic.FunProp.Theorems.1545051141._hygCtx._hyg.2 took 0.0561ms
interpretation of _private.Mathlib.Tactic.FunProp.Theorems.0.Mathlib.Meta.FunProp.initFn._lam_0._@.Mathlib.Tactic.FunProp.Theorems.1545051141._hygCtx._hyg.2 took 0.0497ms
interpretation of _private.Mathlib.Tactic.FunProp.Theorems.0.Mathlib.Meta.FunProp.initFn._lam_0._@.Mathlib.Tactic.FunProp.Theorems.1545051141._hygCtx._hyg.2 took 0.0359ms
interpretation of _private.Mathlib.Tactic.FunProp.Theorems.0.Mathlib.Meta.FunProp.initFn._lam_0._@.Mathlib.Tactic.FunProp.Theorems.1545051141._hygCtx._hyg.2 took 0.0336ms
interpretation of _private.Mathlib.Tactic.FunProp.Theorems.0.Mathlib.Meta.FunProp.initFn._lam_0._@.Mathlib.Tactic.FunProp.Theorems.1545051141._hygCtx._hyg.2 took 0.0615ms
interpretation of _private.Mathlib.Tactic.FunProp.Theorems.0.Mathlib.Meta.FunProp.initFn._lam_0._@.Mathlib.Tactic.FunProp.Theorems.1545051141._hygCtx._hyg.2 took 0.0302ms
interpretation of _private.Mathlib.Tactic.FunProp.Theorems.0.Mathlib.Meta.FunProp.initFn._lam_0._@.Mathlib.Tactic.FunProp.Theorems.1545051141._hygCtx._hyg.2 took 0.0792ms
interpretation of _private.Mathlib.Tactic.FunProp.Theorems.0.Mathlib.Meta.FunProp.initFn._lam_0._@.Mathlib.Tactic.FunProp.Theorems.1545051141._hygCtx._hyg.2 took 0.0326ms
interpretation of _private.Mathlib.Tactic.FunProp.Theorems.0.Mathlib.Meta.FunProp.initFn._lam_0._@.Mathlib.Tactic.FunProp.Theorems.1545051141._hygCtx._hyg.2 took 0.0491ms
interpretation of _private.Mathlib.Tactic.FunProp.Theorems.0.Mathlib.Meta.FunProp.initFn._lam_0._@.Mathlib.Tactic.FunProp.Theorems.1545051141._hygCtx._hyg.2 took 0.0319ms
interpretation of _private.Mathlib.Tactic.FunProp.Theorems.0.Mathlib.Meta.FunProp.initFn._lam_0._@.Mathlib.Tactic.FunProp.Theorems.1545051141._hygCtx._hyg.2 took 0.068ms
interpretation of _private.Mathlib.Tactic.FunProp.Theorems.0.Mathlib.Meta.FunProp.initFn._lam_0._@.Mathlib.Tactic.FunProp.Theorems.1545051141._hygCtx._hyg.2 took 0.0334ms
interpretation of _private.Mathlib.Tactic.FunProp.Theorems.0.Mathlib.Meta.FunProp.initFn._lam_0._@.Mathlib.Tactic.FunProp.Theorems.1545051141._hygCtx._hyg.2 took 0.0448ms
interpretation of _private.Mathlib.Tactic.FunProp.Theorems.0.Mathlib.Meta.FunProp.initFn._lam_0._@.Mathlib.Tactic.FunProp.Theorems.1545051141._hygCtx._hyg.2 took 0.0322ms
interpretation of _private.Mathlib.Tactic.FunProp.Theorems.0.Mathlib.Meta.FunProp.initFn._lam_0._@.Mathlib.Tactic.FunProp.Theorems.1545051141._hygCtx._hyg.2 took 0.05ms
interpretation of _private.Mathlib.Tactic.FunProp.Theorems.0.Mathlib.Meta.FunProp.initFn._lam_0._@.Mathlib.Tactic.FunProp.Theorems.1545051141._hygCtx._hyg.2 took 0.037ms
interpretation of _private.Mathlib.Tactic.FunProp.Theorems.0.Mathlib.Meta.FunProp.initFn._lam_0._@.Mathlib.Tactic.FunProp.Theorems.1545051141._hygCtx._hyg.2 took 0.0367ms
interpretation of _private.Mathlib.Tactic.FunProp.Theorems.0.Mathlib.Meta.FunProp.initFn._lam_0._@.Mathlib.Tactic.FunProp.Theorems.1545051141._hygCtx._hyg.2 took 0.0301ms
interpretation of _private.Mathlib.Tactic.FunProp.Theorems.0.Mathlib.Meta.FunProp.initFn._lam_0._@.Mathlib.Tactic.FunProp.Theorems.1545051141._hygCtx._hyg.2 took 0.0435ms
interpretation of _private.Mathlib.Tactic.FunProp.Theorems.0.Mathlib.Meta.FunProp.initFn._lam_0._@.Mathlib.Tactic.FunProp.Theorems.1545051141._hygCtx._hyg.2 took 0.0528ms
interpretation of _private.Mathlib.Tactic.FunProp.Theorems.0.Mathlib.Meta.FunProp.initFn._lam_0._@.Mathlib.Tactic.FunProp.Theorems.1545051141._hygCtx._hyg.2 took 0.0382ms
interpretation of _private.Mathlib.Tactic.FunProp.Theorems.0.Mathlib.Meta.FunProp.initFn._lam_0._@.Mathlib.Tactic.FunProp.Theorems.1545051141._hygCtx._hyg.2 took 0.0533ms
interpretation of _private.Mathlib.Tactic.FunProp.Theorems.0.Mathlib.Meta.FunProp.initFn._lam_0._@.Mathlib.Tactic.FunProp.Theorems.1545051141._hygCtx._hyg.2 took 0.0391ms
interpretation of _private.Mathlib.Tactic.FunProp.Theorems.0.Mathlib.Meta.FunProp.initFn._lam_0._@.Mathlib.Tactic.FunProp.Theorems.1545051141._hygCtx._hyg.2 took 0.0376ms
interpretation of _private.Mathlib.Tactic.FunProp.Theorems.0.Mathlib.Meta.FunProp.initFn._lam_0._@.Mathlib.Tactic.FunProp.Theorems.1545051141._hygCtx._hyg.2 took 0.0308ms
interpretation of _private.Mathlib.Tactic.FunProp.Theorems.0.Mathlib.Meta.FunProp.initFn._lam_0._@.Mathlib.Tactic.FunProp.Theorems.1545051141._hygCtx._hyg.2 took 0.0382ms
interpretation of _private.Mathlib.Tactic.FunProp.Theorems.0.Mathlib.Meta.FunProp.initFn._lam_0._@.Mathlib.Tactic.FunProp.Theorems.1545051141._hygCtx._hyg.2 took 0.0286ms
interpretation of _private.Mathlib.Tactic.FunProp.Theorems.0.Mathlib.Meta.FunProp.initFn._lam_0._@.Mathlib.Tactic.FunProp.Theorems.1545051141._hygCtx._hyg.2 took 0.0309ms
interpretation of _private.Mathlib.Tactic.FunProp.Theorems.0.Mathlib.Meta.FunProp.initFn._lam_0._@.Mathlib.Tactic.FunProp.Theorems.1545051141._hygCtx._hyg.2 took 0.0256ms
interpretation of _private.Mathlib.Tactic.FunProp.Theorems.0.Mathlib.Meta.FunProp.initFn._lam_0._@.Mathlib.Tactic.FunProp.Theorems.1545051141._hygCtx._hyg.2 took 0.0181ms
interpretation of _private.Mathlib.Tactic.FunProp.Theorems.0.Mathlib.Meta.FunProp.initFn._lam_0._@.Mathlib.Tactic.FunProp.Theorems.1545051141._hygCtx._hyg.2 took 0.0169ms
interpretation of _private.Mathlib.Tactic.FunProp.Theorems.0.Mathlib.Meta.FunProp.initFn._lam_0._@.Mathlib.Tactic.FunProp.Theorems.1545051141._hygCtx._hyg.2 took 0.0184ms
interpretation of _private.Mathlib.Tactic.FunProp.Theorems.0.Mathlib.Meta.FunProp.initFn._lam_0._@.Mathlib.Tactic.FunProp.Theorems.1545051141._hygCtx._hyg.2 took 0.0201ms
interpretation of _private.Mathlib.Tactic.FunProp.Theorems.0.Mathlib.Meta.FunProp.initFn._lam_0._@.Mathlib.Tactic.FunProp.Theorems.1545051141._hygCtx._hyg.2 took 0.0239ms
interpretation of _private.Mathlib.Tactic.FunProp.Theorems.0.Mathlib.Meta.FunProp.initFn._lam_0._@.Mathlib.Tactic.FunProp.Theorems.1545051141._hygCtx._hyg.2 took 0.0216ms
interpretation of _private.Mathlib.Tactic.FunProp.Theorems.0.Mathlib.Meta.FunProp.initFn._lam_0._@.Mathlib.Tactic.FunProp.Theorems.1545051141._hygCtx._hyg.2 took 0.0318ms
interpretation of _private.Mathlib.Tactic.FunProp.Theorems.0.Mathlib.Meta.FunProp.initFn._lam_0._@.Mathlib.Tactic.FunProp.Theorems.1545051141._hygCtx._hyg.2 took 0.0183ms
interpretation of _private.Mathlib.Tactic.FunProp.Theorems.0.Mathlib.Meta.FunProp.initFn._lam_0._@.Mathlib.Tactic.FunProp.Theorems.1545051141._hygCtx._hyg.2 took 0.0331ms
interpretation of _private.Mathlib.Tactic.FunProp.Theorems.0.Mathlib.Meta.FunProp.initFn._lam_0._@.Mathlib.Tactic.FunProp.Theorems.1545051141._hygCtx._hyg.2 took 0.0484ms
interpretation of _private.Mathlib.Tactic.FunProp.Theorems.0.Mathlib.Meta.FunProp.initFn._lam_0._@.Mathlib.Tactic.FunProp.Theorems.1545051141._hygCtx._hyg.2 took 0.0297ms
interpretation of _private.Mathlib.Tactic.FunProp.Theorems.0.Mathlib.Meta.FunProp.initFn._lam_0._@.Mathlib.Tactic.FunProp.Theorems.1545051141._hygCtx._hyg.2 took 0.0415ms
interpretation of _private.Mathlib.Tactic.FunProp.Theorems.0.Mathlib.Meta.FunProp.initFn._lam_0._@.Mathlib.Tactic.FunProp.Theorems.1545051141._hygCtx._hyg.2 took 0.0591ms
interpretation of _private.Mathlib.Tactic.FunProp.Theorems.0.Mathlib.Meta.FunProp.initFn._lam_0._@.Mathlib.Tactic.FunProp.Theorems.1545051141._hygCtx._hyg.2 took 0.0452ms
interpretation of _private.Mathlib.Tactic.FunProp.Theorems.0.Mathlib.Meta.FunProp.initFn._lam_0._@.Mathlib.Tactic.FunProp.Theorems.1545051141._hygCtx._hyg.2 took 0.0275ms
interpretation of _private.Mathlib.Tactic.FunProp.Theorems.0.Mathlib.Meta.FunProp.initFn._lam_0._@.Mathlib.Tactic.FunProp.Theorems.1545051141._hygCtx._hyg.2 took 0.0294ms
interpretation of _private.Mathlib.Tactic.FunProp.Theorems.0.Mathlib.Meta.FunProp.initFn._lam_0._@.Mathlib.Tactic.FunProp.Theorems.1545051141._hygCtx._hyg.2 took 0.0305ms
interpretation of _private.Mathlib.Tactic.FunProp.Theorems.0.Mathlib.Meta.FunProp.initFn._lam_0._@.Mathlib.Tactic.FunProp.Theorems.1545051141._hygCtx._hyg.2 took 0.0409ms
interpretation of _private.Mathlib.Tactic.FunProp.Theorems.0.Mathlib.Meta.FunProp.initFn._lam_0._@.Mathlib.Tactic.FunProp.Theorems.1545051141._hygCtx._hyg.2 took 0.0348ms
interpretation of _private.Mathlib.Tactic.FunProp.Theorems.0.Mathlib.Meta.FunProp.initFn._lam_0._@.Mathlib.Tactic.FunProp.Theorems.1545051141._hygCtx._hyg.2 took 0.0361ms
interpretation of _private.Mathlib.Tactic.FunProp.Theorems.0.Mathlib.Meta.FunProp.initFn._lam_0._@.Mathlib.Tactic.FunProp.Theorems.1545051141._hygCtx._hyg.2 took 0.0265ms
interpretation of _private.Mathlib.Tactic.FunProp.Theorems.0.Mathlib.Meta.FunProp.initFn._lam_0._@.Mathlib.Tactic.FunProp.Theorems.1545051141._hygCtx._hyg.2 took 0.0369ms
interpretation of _private.Mathlib.Tactic.FunProp.Theorems.0.Mathlib.Meta.FunProp.initFn._lam_0._@.Mathlib.Tactic.FunProp.Theorems.1545051141._hygCtx._hyg.2 took 0.0231ms
interpretation of _private.Mathlib.Tactic.FunProp.Theorems.0.Mathlib.Meta.FunProp.initFn._lam_0._@.Mathlib.Tactic.FunProp.Theorems.1545051141._hygCtx._hyg.2 took 0.0326ms
interpretation of _private.Mathlib.Tactic.FunProp.Theorems.0.Mathlib.Meta.FunProp.initFn._lam_0._@.Mathlib.Tactic.FunProp.Theorems.1545051141._hygCtx._hyg.2 took 0.0514ms
interpretation of _private.Mathlib.Tactic.FunProp.Theorems.0.Mathlib.Meta.FunProp.initFn._lam_0._@.Mathlib.Tactic.FunProp.Theorems.1545051141._hygCtx._hyg.2 took 0.0654ms
interpretation of _private.Mathlib.Tactic.FunProp.Theorems.0.Mathlib.Meta.FunProp.initFn._lam_0._@.Mathlib.Tactic.FunProp.Theorems.1545051141._hygCtx._hyg.2 took 0.0282ms
interpretation of _private.Mathlib.Tactic.FunProp.Theorems.0.Mathlib.Meta.FunProp.initFn._lam_0._@.Mathlib.Tactic.FunProp.Theorems.1545051141._hygCtx._hyg.2 took 0.0344ms
interpretation of _private.Mathlib.Tactic.FunProp.Theorems.0.Mathlib.Meta.FunProp.initFn._lam_0._@.Mathlib.Tactic.FunProp.Theorems.1545051141._hygCtx._hyg.2 took 0.0242ms
interpretation of _private.Mathlib.Tactic.FunProp.Theorems.0.Mathlib.Meta.FunProp.initFn._lam_0._@.Mathlib.Tactic.FunProp.Theorems.1545051141._hygCtx._hyg.2 took 0.056ms
interpretation of _private.Mathlib.Tactic.FunProp.Theorems.0.Mathlib.Meta.FunProp.initFn._lam_0._@.Mathlib.Tactic.FunProp.Theorems.1545051141._hygCtx._hyg.2 took 0.0514ms
interpretation of _private.Mathlib.Tactic.FunProp.Theorems.0.Mathlib.Meta.FunProp.initFn._lam_0._@.Mathlib.Tactic.FunProp.Theorems.1545051141._hygCtx._hyg.2 took 0.0536ms
interpretation of _private.Mathlib.Tactic.FunProp.Theorems.0.Mathlib.Meta.FunProp.initFn._lam_0._@.Mathlib.Tactic.FunProp.Theorems.1545051141._hygCtx._hyg.2 took 0.0536ms
interpretation of _private.Mathlib.Tactic.FunProp.Theorems.0.Mathlib.Meta.FunProp.initFn._lam_0._@.Mathlib.Tactic.FunProp.Theorems.1545051141._hygCtx._hyg.2 took 0.0496ms
interpretation of _private.Mathlib.Tactic.FunProp.Theorems.0.Mathlib.Meta.FunProp.initFn._lam_0._@.Mathlib.Tactic.FunProp.Theorems.1545051141._hygCtx._hyg.2 took 0.0463ms
interpretation of _private.Mathlib.Tactic.FunProp.Theorems.0.Mathlib.Meta.FunProp.initFn._lam_0._@.Mathlib.Tactic.FunProp.Theorems.1545051141._hygCtx._hyg.2 took 0.0387ms
interpretation of _private.Mathlib.Tactic.FunProp.Theorems.0.Mathlib.Meta.FunProp.initFn._lam_0._@.Mathlib.Tactic.FunProp.Theorems.1545051141._hygCtx._hyg.2 took 0.0292ms
interpretation of _private.Mathlib.Tactic.FunProp.Theorems.0.Mathlib.Meta.FunProp.initFn._lam_0._@.Mathlib.Tactic.FunProp.Theorems.1545051141._hygCtx._hyg.2 took 0.0314ms
interpretation of _private.Mathlib.Tactic.FunProp.Theorems.0.Mathlib.Meta.FunProp.initFn._lam_0._@.Mathlib.Tactic.FunProp.Theorems.1545051141._hygCtx._hyg.2 took 0.0342ms
interpretation of _private.Mathlib.Tactic.FunProp.Theorems.0.Mathlib.Meta.FunProp.initFn._lam_0._@.Mathlib.Tactic.FunProp.Theorems.1545051141._hygCtx._hyg.2 took 0.0355ms
interpretation of _private.Mathlib.Tactic.FunProp.Theorems.0.Mathlib.Meta.FunProp.initFn._lam_0._@.Mathlib.Tactic.FunProp.Theorems.1545051141._hygCtx._hyg.2 took 0.025ms
interpretation of _private.Mathlib.Tactic.FunProp.Theorems.0.Mathlib.Meta.FunProp.initFn._lam_0._@.Mathlib.Tactic.FunProp.Theorems.1545051141._hygCtx._hyg.2 took 0.0245ms
interpretation of _private.Mathlib.Tactic.FunProp.Theorems.0.Mathlib.Meta.FunProp.initFn._lam_0._@.Mathlib.Tactic.FunProp.Theorems.1545051141._hygCtx._hyg.2 took 0.0241ms
interpretation of _private.Mathlib.Tactic.FunProp.Theorems.0.Mathlib.Meta.FunProp.initFn._lam_0._@.Mathlib.Tactic.FunProp.Theorems.1545051141._hygCtx._hyg.2 took 0.0204ms
interpretation of _private.Mathlib.Tactic.FunProp.Theorems.0.Mathlib.Meta.FunProp.initFn._lam_0._@.Mathlib.Tactic.FunProp.Theorems.1545051141._hygCtx._hyg.2 took 0.0298ms
interpretation of _private.Mathlib.Tactic.FunProp.Theorems.0.Mathlib.Meta.FunProp.initFn._lam_0._@.Mathlib.Tactic.FunProp.Theorems.1545051141._hygCtx._hyg.2 took 0.0258ms
interpretation of _private.Mathlib.Tactic.FunProp.Theorems.0.Mathlib.Meta.FunProp.initFn._lam_0._@.Mathlib.Tactic.FunProp.Theorems.1545051141._hygCtx._hyg.2 took 0.0171ms
interpretation of _private.Mathlib.Tactic.FunProp.Theorems.0.Mathlib.Meta.FunProp.initFn._lam_0._@.Mathlib.Tactic.FunProp.Theorems.1545051141._hygCtx._hyg.2 took 0.026ms
interpretation of _private.Mathlib.Tactic.FunProp.Theorems.0.Mathlib.Meta.FunProp.initFn._lam_0._@.Mathlib.Tactic.FunProp.Theorems.1545051141._hygCtx._hyg.2 took 0.0181ms
interpretation of _private.Mathlib.Tactic.FunProp.Theorems.0.Mathlib.Meta.FunProp.initFn._lam_0._@.Mathlib.Tactic.FunProp.Theorems.1545051141._hygCtx._hyg.2 took 0.0301ms
interpretation of _private.Mathlib.Tactic.FunProp.Theorems.0.Mathlib.Meta.FunProp.initFn._lam_0._@.Mathlib.Tactic.FunProp.Theorems.1545051141._hygCtx._hyg.2 took 0.0447ms
interpretation of _private.Mathlib.Tactic.FunProp.Theorems.0.Mathlib.Meta.FunProp.initFn._lam_0._@.Mathlib.Tactic.FunProp.Theorems.1545051141._hygCtx._hyg.2 took 0.0391ms
interpretation of _private.Mathlib.Tactic.FunProp.Theorems.0.Mathlib.Meta.FunProp.initFn._lam_0._@.Mathlib.Tactic.FunProp.Theorems.1545051141._hygCtx._hyg.2 took 0.0362ms
interpretation of _private.Mathlib.Tactic.FunProp.Theorems.0.Mathlib.Meta.FunProp.initFn._lam_0._@.Mathlib.Tactic.FunProp.Theorems.1545051141._hygCtx._hyg.2 took 0.0259ms
interpretation of _private.Mathlib.Tactic.FunProp.Theorems.0.Mathlib.Meta.FunProp.initFn._lam_0._@.Mathlib.Tactic.FunProp.Theorems.1545051141._hygCtx._hyg.2 took 0.0501ms
interpretation of _private.Mathlib.Tactic.FunProp.Theorems.0.Mathlib.Meta.FunProp.initFn._lam_0._@.Mathlib.Tactic.FunProp.Theorems.1545051141._hygCtx._hyg.2 took 0.0529ms
interpretation of _private.Mathlib.Tactic.FunProp.Theorems.0.Mathlib.Meta.FunProp.initFn._lam_0._@.Mathlib.Tactic.FunProp.Theorems.1545051141._hygCtx._hyg.2 took 0.0471ms
interpretation of _private.Mathlib.Tactic.FunProp.Theorems.0.Mathlib.Meta.FunProp.initFn._lam_0._@.Mathlib.Tactic.FunProp.Theorems.1545051141._hygCtx._hyg.2 took 0.0511ms
interpretation of _private.Mathlib.Tactic.FunProp.Theorems.0.Mathlib.Meta.FunProp.initFn._lam_0._@.Mathlib.Tactic.FunProp.Theorems.1545051141._hygCtx._hyg.2 took 0.0543ms
interpretation of _private.Mathlib.Tactic.FunProp.Theorems.0.Mathlib.Meta.FunProp.initFn._lam_0._@.Mathlib.Tactic.FunProp.Theorems.1545051141._hygCtx._hyg.2 took 0.0383ms
interpretation of _private.Mathlib.Tactic.FunProp.Theorems.0.Mathlib.Meta.FunProp.initFn._lam_0._@.Mathlib.Tactic.FunProp.Theorems.1545051141._hygCtx._hyg.2 took 0.06ms
interpretation of _private.Mathlib.Tactic.FunProp.Theorems.0.Mathlib.Meta.FunProp.initFn._lam_0._@.Mathlib.Tactic.FunProp.Theorems.1545051141._hygCtx._hyg.2 took 0.0407ms
interpretation of _private.Mathlib.Tactic.FunProp.Theorems.0.Mathlib.Meta.FunProp.initFn._lam_0._@.Mathlib.Tactic.FunProp.Theorems.1545051141._hygCtx._hyg.2 took 0.0315ms
interpretation of _private.Mathlib.Tactic.FunProp.Theorems.0.Mathlib.Meta.FunProp.initFn._lam_0._@.Mathlib.Tactic.FunProp.Theorems.1545051141._hygCtx._hyg.2 took 0.0249ms
interpretation of _private.Mathlib.Tactic.FunProp.Theorems.0.Mathlib.Meta.FunProp.initFn._lam_0._@.Mathlib.Tactic.FunProp.Theorems.1545051141._hygCtx._hyg.2 took 0.0385ms
interpretation of _private.Mathlib.Tactic.FunProp.Theorems.0.Mathlib.Meta.FunProp.initFn._lam_0._@.Mathlib.Tactic.FunProp.Theorems.1545051141._hygCtx._hyg.2 took 0.0228ms
interpretation of _private.Mathlib.Tactic.FunProp.Theorems.0.Mathlib.Meta.FunProp.initFn._lam_0._@.Mathlib.Tactic.FunProp.Theorems.1545051141._hygCtx._hyg.2 took 0.0218ms
interpretation of _private.Mathlib.Tactic.FunProp.Theorems.0.Mathlib.Meta.FunProp.initFn._lam_0._@.Mathlib.Tactic.FunProp.Theorems.1545051141._hygCtx._hyg.2 took 0.0319ms
interpretation of _private.Mathlib.Tactic.FunProp.Theorems.0.Mathlib.Meta.FunProp.initFn._lam_0._@.Mathlib.Tactic.FunProp.Theorems.1545051141._hygCtx._hyg.2 took 0.0382ms
interpretation of _private.Mathlib.Tactic.FunProp.Theorems.0.Mathlib.Meta.FunProp.initFn._lam_0._@.Mathlib.Tactic.FunProp.Theorems.1545051141._hygCtx._hyg.2 took 0.0493ms
interpretation of _private.Mathlib.Tactic.FunProp.Theorems.0.Mathlib.Meta.FunProp.initFn._lam_0._@.Mathlib.Tactic.FunProp.Theorems.1545051141._hygCtx._hyg.2 took 0.0526ms
interpretation of _private.Mathlib.Tactic.FunProp.Theorems.0.Mathlib.Meta.FunProp.initFn._lam_0._@.Mathlib.Tactic.FunProp.Theorems.1545051141._hygCtx._hyg.2 took 0.0378ms
interpretation of _private.Mathlib.Tactic.FunProp.Theorems.0.Mathlib.Meta.FunProp.initFn._lam_0._@.Mathlib.Tactic.FunProp.Theorems.1545051141._hygCtx._hyg.2 took 0.0453ms
interpretation of _private.Mathlib.Tactic.FunProp.Theorems.0.Mathlib.Meta.FunProp.initFn._lam_0._@.Mathlib.Tactic.FunProp.Theorems.1545051141._hygCtx._hyg.2 took 0.0409ms
interpretation of _private.Mathlib.Tactic.FunProp.Theorems.0.Mathlib.Meta.FunProp.initFn._lam_0._@.Mathlib.Tactic.FunProp.Theorems.1545051141._hygCtx._hyg.2 took 0.0354ms
interpretation of _private.Mathlib.Tactic.FunProp.Theorems.0.Mathlib.Meta.FunProp.initFn._lam_0._@.Mathlib.Tactic.FunProp.Theorems.1545051141._hygCtx._hyg.2 took 0.047ms
interpretation of _private.Mathlib.Tactic.FunProp.Theorems.0.Mathlib.Meta.FunProp.initFn._lam_0._@.Mathlib.Tactic.FunProp.Theorems.1545051141._hygCtx._hyg.2 took 0.0438ms
interpretation of _private.Mathlib.Tactic.FunProp.Theorems.0.Mathlib.Meta.FunProp.initFn._lam_0._@.Mathlib.Tactic.FunProp.Theorems.1545051141._hygCtx._hyg.2 took 0.0452ms
interpretation of _private.Mathlib.Tactic.FunProp.Theorems.0.Mathlib.Meta.FunProp.initFn._lam_0._@.Mathlib.Tactic.FunProp.Theorems.1545051141._hygCtx._hyg.2 took 0.0587ms
interpretation of _private.Mathlib.Tactic.FunProp.Theorems.0.Mathlib.Meta.FunProp.initFn._lam_0._@.Mathlib.Tactic.FunProp.Theorems.1545051141._hygCtx._hyg.2 took 0.0444ms
interpretation of _private.Mathlib.Tactic.FunProp.Theorems.0.Mathlib.Meta.FunProp.initFn._lam_0._@.Mathlib.Tactic.FunProp.Theorems.1545051141._hygCtx._hyg.2 took 0.0578ms
interpretation of _private.Mathlib.Tactic.FunProp.Theorems.0.Mathlib.Meta.FunProp.initFn._lam_0._@.Mathlib.Tactic.FunProp.Theorems.1545051141._hygCtx._hyg.2 took 0.0347ms
interpretation of _private.Mathlib.Tactic.FunProp.Theorems.0.Mathlib.Meta.FunProp.initFn._lam_0._@.Mathlib.Tactic.FunProp.Theorems.1545051141._hygCtx._hyg.2 took 0.0278ms
interpretation of _private.Mathlib.Tactic.FunProp.Theorems.0.Mathlib.Meta.FunProp.initFn._lam_0._@.Mathlib.Tactic.FunProp.Theorems.1545051141._hygCtx._hyg.2 took 0.0395ms
interpretation of _private.Mathlib.Tactic.FunProp.Theorems.0.Mathlib.Meta.FunProp.initFn._lam_0._@.Mathlib.Tactic.FunProp.Theorems.1545051141._hygCtx._hyg.2 took 0.0507ms
interpretation of _private.Mathlib.Tactic.FunProp.Theorems.0.Mathlib.Meta.FunProp.initFn._lam_0._@.Mathlib.Tactic.FunProp.Theorems.1545051141._hygCtx._hyg.2 took 0.0366ms
interpretation of _private.Mathlib.Tactic.FunProp.Theorems.0.Mathlib.Meta.FunProp.initFn._lam_0._@.Mathlib.Tactic.FunProp.Theorems.1545051141._hygCtx._hyg.2 took 0.0557ms
interpretation of _private.Mathlib.Tactic.FunProp.Theorems.0.Mathlib.Meta.FunProp.initFn._lam_0._@.Mathlib.Tactic.FunProp.Theorems.1545051141._hygCtx._hyg.2 took 0.0479ms
interpretation of _private.Mathlib.Tactic.FunProp.Theorems.0.Mathlib.Meta.FunProp.initFn._lam_0._@.Mathlib.Tactic.FunProp.Theorems.1545051141._hygCtx._hyg.2 took 0.0433ms
interpretation of _private.Mathlib.Tactic.FunProp.Theorems.0.Mathlib.Meta.FunProp.initFn._lam_0._@.Mathlib.Tactic.FunProp.Theorems.1545051141._hygCtx._hyg.2 took 0.048ms
interpretation of _private.Mathlib.Tactic.FunProp.Theorems.0.Mathlib.Meta.FunProp.initFn._lam_0._@.Mathlib.Tactic.FunProp.Theorems.1545051141._hygCtx._hyg.2 took 0.0481ms
interpretation of _private.Mathlib.Tactic.FunProp.Theorems.0.Mathlib.Meta.FunProp.initFn._lam_0._@.Mathlib.Tactic.FunProp.Theorems.1545051141._hygCtx._hyg.2 took 0.0375ms
interpretation of _private.Mathlib.Tactic.FunProp.Theorems.0.Mathlib.Meta.FunProp.initFn._lam_0._@.Mathlib.Tactic.FunProp.Theorems.1545051141._hygCtx._hyg.2 took 0.0365ms
interpretation of _private.Mathlib.Tactic.FunProp.Theorems.0.Mathlib.Meta.FunProp.initFn._lam_0._@.Mathlib.Tactic.FunProp.Theorems.1545051141._hygCtx._hyg.2 took 0.0396ms
interpretation of _private.Mathlib.Tactic.FunProp.Theorems.0.Mathlib.Meta.FunProp.initFn._lam_0._@.Mathlib.Tactic.FunProp.Theorems.1545051141._hygCtx._hyg.2 took 0.0569ms
interpretation of _private.Mathlib.Tactic.FunProp.Theorems.0.Mathlib.Meta.FunProp.initFn._lam_0._@.Mathlib.Tactic.FunProp.Theorems.1545051141._hygCtx._hyg.2 took 0.0345ms
interpretation of _private.Mathlib.Tactic.FunProp.Theorems.0.Mathlib.Meta.FunProp.initFn._lam_0._@.Mathlib.Tactic.FunProp.Theorems.1545051141._hygCtx._hyg.2 took 0.0378ms
interpretation of _private.Mathlib.Tactic.FunProp.Theorems.0.Mathlib.Meta.FunProp.initFn._lam_0._@.Mathlib.Tactic.FunProp.Theorems.1545051141._hygCtx._hyg.2 took 0.0341ms
interpretation of _private.Mathlib.Tactic.FunProp.Theorems.0.Mathlib.Meta.FunProp.initFn._lam_0._@.Mathlib.Tactic.FunProp.Theorems.1545051141._hygCtx._hyg.2 took 0.0304ms
interpretation of _private.Mathlib.Tactic.FunProp.Theorems.0.Mathlib.Meta.FunProp.initFn._lam_0._@.Mathlib.Tactic.FunProp.Theorems.1545051141._hygCtx._hyg.2 took 0.0291ms
interpretation of _private.Mathlib.Tactic.FunProp.Theorems.0.Mathlib.Meta.FunProp.initFn._lam_0._@.Mathlib.Tactic.FunProp.Theorems.1545051141._hygCtx._hyg.2 took 0.0475ms
interpretation of _private.Mathlib.Tactic.FunProp.Theorems.0.Mathlib.Meta.FunProp.initFn._lam_0._@.Mathlib.Tactic.FunProp.Theorems.1545051141._hygCtx._hyg.2 took 0.0327ms
interpretation of _private.Mathlib.Tactic.FunProp.Theorems.0.Mathlib.Meta.FunProp.initFn._lam_0._@.Mathlib.Tactic.FunProp.Theorems.1545051141._hygCtx._hyg.2 took 0.056ms
interpretation of _private.Mathlib.Tactic.FunProp.Theorems.0.Mathlib.Meta.FunProp.initFn._lam_0._@.Mathlib.Tactic.FunProp.Theorems.1545051141._hygCtx._hyg.2 took 0.0351ms
interpretation of _private.Mathlib.Tactic.FunProp.Theorems.0.Mathlib.Meta.FunProp.initFn._lam_0._@.Mathlib.Tactic.FunProp.Theorems.1545051141._hygCtx._hyg.2 took 0.0382ms
interpretation of _private.Mathlib.Tactic.FunProp.Theorems.0.Mathlib.Meta.FunProp.initFn._lam_0._@.Mathlib.Tactic.FunProp.Theorems.1545051141._hygCtx._hyg.2 took 0.0381ms
interpretation of _private.Mathlib.Tactic.FunProp.Theorems.0.Mathlib.Meta.FunProp.initFn._lam_0._@.Mathlib.Tactic.FunProp.Theorems.1545051141._hygCtx._hyg.2 took 0.0504ms
interpretation of _private.Mathlib.Tactic.FunProp.Theorems.0.Mathlib.Meta.FunProp.initFn._lam_0._@.Mathlib.Tactic.FunProp.Theorems.1545051141._hygCtx._hyg.2 took 0.0289ms
interpretation of _private.Mathlib.Tactic.FunProp.Theorems.0.Mathlib.Meta.FunProp.initFn._lam_0._@.Mathlib.Tactic.FunProp.Theorems.1545051141._hygCtx._hyg.2 took 0.0767ms
interpretation of _private.Mathlib.Tactic.FunProp.Theorems.0.Mathlib.Meta.FunProp.initFn._lam_0._@.Mathlib.Tactic.FunProp.Theorems.1545051141._hygCtx._hyg.2 took 0.0406ms
interpretation of _private.Mathlib.Tactic.FunProp.Theorems.0.Mathlib.Meta.FunProp.initFn._lam_0._@.Mathlib.Tactic.FunProp.Theorems.1545051141._hygCtx._hyg.2 took 0.0363ms
interpretation of _private.Mathlib.Tactic.FunProp.Theorems.0.Mathlib.Meta.FunProp.initFn._lam_0._@.Mathlib.Tactic.FunProp.Theorems.1545051141._hygCtx._hyg.2 took 0.0269ms
interpretation of _private.Mathlib.Tactic.FunProp.Theorems.0.Mathlib.Meta.FunProp.initFn._lam_0._@.Mathlib.Tactic.FunProp.Theorems.1545051141._hygCtx._hyg.2 took 0.0319ms
interpretation of _private.Mathlib.Tactic.FunProp.Theorems.0.Mathlib.Meta.FunProp.initFn._lam_0._@.Mathlib.Tactic.FunProp.Theorems.1545051141._hygCtx._hyg.2 took 0.0517ms
interpretation of _private.Mathlib.Tactic.FunProp.Theorems.0.Mathlib.Meta.FunProp.initFn._lam_0._@.Mathlib.Tactic.FunProp.Theorems.1545051141._hygCtx._hyg.2 took 0.0316ms
interpretation of _private.Mathlib.Tactic.FunProp.Theorems.0.Mathlib.Meta.FunProp.initFn._lam_0._@.Mathlib.Tactic.FunProp.Theorems.1545051141._hygCtx._hyg.2 took 0.0257ms
interpretation of _private.Mathlib.Tactic.FunProp.Theorems.0.Mathlib.Meta.FunProp.initFn._lam_0._@.Mathlib.Tactic.FunProp.Theorems.1545051141._hygCtx._hyg.2 took 0.0268ms
interpretation of _private.Mathlib.Tactic.FunProp.Theorems.0.Mathlib.Meta.FunProp.initFn._lam_0._@.Mathlib.Tactic.FunProp.Theorems.1545051141._hygCtx._hyg.2 took 0.0303ms
interpretation of _private.Mathlib.Tactic.FunProp.Theorems.0.Mathlib.Meta.FunProp.initFn._lam_0._@.Mathlib.Tactic.FunProp.Theorems.1545051141._hygCtx._hyg.2 took 0.0362ms
interpretation of _private.Mathlib.Tactic.FunProp.Theorems.0.Mathlib.Meta.FunProp.initFn._lam_0._@.Mathlib.Tactic.FunProp.Theorems.1545051141._hygCtx._hyg.2 took 0.0262ms
interpretation of _private.Mathlib.Tactic.FunProp.Theorems.0.Mathlib.Meta.FunProp.initFn._lam_0._@.Mathlib.Tactic.FunProp.Theorems.1545051141._hygCtx._hyg.2 took 0.0377ms
interpretation of _private.Mathlib.Tactic.FunProp.Theorems.0.Mathlib.Meta.FunProp.initFn._lam_0._@.Mathlib.Tactic.FunProp.Theorems.1545051141._hygCtx._hyg.2 took 0.0284ms
interpretation of _private.Mathlib.Tactic.FunProp.Theorems.0.Mathlib.Meta.FunProp.initFn._lam_0._@.Mathlib.Tactic.FunProp.Theorems.1545051141._hygCtx._hyg.2 took 0.032ms
interpretation of _private.Mathlib.Tactic.FunProp.Theorems.0.Mathlib.Meta.FunProp.initFn._lam_0._@.Mathlib.Tactic.FunProp.Theorems.1545051141._hygCtx._hyg.2 took 0.0232ms
interpretation of _private.Mathlib.Tactic.FunProp.Theorems.0.Mathlib.Meta.FunProp.initFn._lam_0._@.Mathlib.Tactic.FunProp.Theorems.1545051141._hygCtx._hyg.2 took 0.0364ms
interpretation of _private.Mathlib.Tactic.FunProp.Theorems.0.Mathlib.Meta.FunProp.initFn._lam_0._@.Mathlib.Tactic.FunProp.Theorems.1545051141._hygCtx._hyg.2 took 0.0339ms
interpretation of _private.Mathlib.Tactic.FunProp.Theorems.0.Mathlib.Meta.FunProp.initFn._lam_0._@.Mathlib.Tactic.FunProp.Theorems.1545051141._hygCtx._hyg.2 took 0.025ms
interpretation of _private.Mathlib.Tactic.FunProp.Theorems.0.Mathlib.Meta.FunProp.initFn._lam_0._@.Mathlib.Tactic.FunProp.Theorems.1545051141._hygCtx._hyg.2 took 0.0409ms
interpretation of _private.Mathlib.Tactic.FunProp.Theorems.0.Mathlib.Meta.FunProp.initFn._lam_0._@.Mathlib.Tactic.FunProp.Theorems.1545051141._hygCtx._hyg.2 took 0.0684ms
interpretation of _private.Mathlib.Tactic.FunProp.Theorems.0.Mathlib.Meta.FunProp.initFn._lam_0._@.Mathlib.Tactic.FunProp.Theorems.1545051141._hygCtx._hyg.2 took 0.04ms
interpretation of _private.Mathlib.Tactic.FunProp.Theorems.0.Mathlib.Meta.FunProp.initFn._lam_0._@.Mathlib.Tactic.FunProp.Theorems.1545051141._hygCtx._hyg.2 took 0.0399ms
interpretation of _private.Mathlib.Tactic.FunProp.Theorems.0.Mathlib.Meta.FunProp.initFn._lam_0._@.Mathlib.Tactic.FunProp.Theorems.1545051141._hygCtx._hyg.2 took 0.0314ms
interpretation of _private.Mathlib.Tactic.FunProp.Theorems.0.Mathlib.Meta.FunProp.initFn._lam_0._@.Mathlib.Tactic.FunProp.Theorems.1545051141._hygCtx._hyg.2 took 0.0282ms
interpretation of _private.Mathlib.Tactic.FunProp.Theorems.0.Mathlib.Meta.FunProp.initFn._lam_0._@.Mathlib.Tactic.FunProp.Theorems.1545051141._hygCtx._hyg.2 took 0.0363ms
interpretation of _private.Mathlib.Tactic.FunProp.Theorems.0.Mathlib.Meta.FunProp.initFn._lam_0._@.Mathlib.Tactic.FunProp.Theorems.1545051141._hygCtx._hyg.2 took 0.0351ms
interpretation of _private.Mathlib.Tactic.FunProp.Theorems.0.Mathlib.Meta.FunProp.initFn._lam_0._@.Mathlib.Tactic.FunProp.Theorems.1545051141._hygCtx._hyg.2 took 0.0235ms
interpretation of _private.Mathlib.Tactic.FunProp.Theorems.0.Mathlib.Meta.FunProp.initFn._lam_0._@.Mathlib.Tactic.FunProp.Theorems.1545051141._hygCtx._hyg.2 took 0.0255ms
interpretation of _private.Mathlib.Tactic.FunProp.Theorems.0.Mathlib.Meta.FunProp.initFn._lam_0._@.Mathlib.Tactic.FunProp.Theorems.1545051141._hygCtx._hyg.2 took 0.0461ms
interpretation of _private.Mathlib.Tactic.FunProp.Theorems.0.Mathlib.Meta.FunProp.initFn._lam_0._@.Mathlib.Tactic.FunProp.Theorems.1545051141._hygCtx._hyg.2 took 0.0356ms
interpretation of _private.Mathlib.Tactic.FunProp.Theorems.0.Mathlib.Meta.FunProp.initFn._lam_0._@.Mathlib.Tactic.FunProp.Theorems.1545051141._hygCtx._hyg.2 took 0.0267ms
interpretation of _private.Mathlib.Tactic.FunProp.Theorems.0.Mathlib.Meta.FunProp.initFn._lam_0._@.Mathlib.Tactic.FunProp.Theorems.1545051141._hygCtx._hyg.2 took 0.0495ms
interpretation of _private.Mathlib.Tactic.FunProp.Theorems.0.Mathlib.Meta.FunProp.initFn._lam_0._@.Mathlib.Tactic.FunProp.Theorems.1545051141._hygCtx._hyg.2 took 0.0429ms
interpretation of _private.Mathlib.Tactic.FunProp.Theorems.0.Mathlib.Meta.FunProp.initFn._lam_0._@.Mathlib.Tactic.FunProp.Theorems.1545051141._hygCtx._hyg.2 took 0.0341ms
interpretation of _private.Mathlib.Tactic.FunProp.Theorems.0.Mathlib.Meta.FunProp.initFn._lam_0._@.Mathlib.Tactic.FunProp.Theorems.1545051141._hygCtx._hyg.2 took 0.0329ms
interpretation of _private.Mathlib.Tactic.FunProp.Theorems.0.Mathlib.Meta.FunProp.initFn._lam_0._@.Mathlib.Tactic.FunProp.Theorems.1545051141._hygCtx._hyg.2 took 0.0257ms
interpretation of _private.Mathlib.Tactic.FunProp.Theorems.0.Mathlib.Meta.FunProp.initFn._lam_0._@.Mathlib.Tactic.FunProp.Theorems.1545051141._hygCtx._hyg.2 took 0.0343ms
interpretation of _private.Mathlib.Tactic.FunProp.Theorems.0.Mathlib.Meta.FunProp.initFn._lam_0._@.Mathlib.Tactic.FunProp.Theorems.1545051141._hygCtx._hyg.2 took 0.0243ms
interpretation of _private.Mathlib.Tactic.FunProp.Theorems.0.Mathlib.Meta.FunProp.initFn._lam_0._@.Mathlib.Tactic.FunProp.Theorems.1545051141._hygCtx._hyg.2 took 0.0213ms
interpretation of _private.Mathlib.Tactic.FunProp.Theorems.0.Mathlib.Meta.FunProp.initFn._lam_0._@.Mathlib.Tactic.FunProp.Theorems.1545051141._hygCtx._hyg.2 took 0.0312ms
interpretation of _private.Mathlib.Tactic.FunProp.Theorems.0.Mathlib.Meta.FunProp.initFn._lam_0._@.Mathlib.Tactic.FunProp.Theorems.1545051141._hygCtx._hyg.2 took 0.0197ms
interpretation of _private.Mathlib.Tactic.FunProp.Theorems.0.Mathlib.Meta.FunProp.initFn._lam_0._@.Mathlib.Tactic.FunProp.Theorems.1545051141._hygCtx._hyg.2 took 0.0475ms
interpretation of _private.Mathlib.Tactic.FunProp.Theorems.0.Mathlib.Meta.FunProp.initFn._lam_0._@.Mathlib.Tactic.FunProp.Theorems.1545051141._hygCtx._hyg.2 took 0.038ms
interpretation of _private.Mathlib.Tactic.FunProp.Theorems.0.Mathlib.Meta.FunProp.initFn._lam_0._@.Mathlib.Tactic.FunProp.Theorems.1545051141._hygCtx._hyg.2 took 0.0314ms
interpretation of _private.Mathlib.Tactic.FunProp.Theorems.0.Mathlib.Meta.FunProp.initFn._lam_0._@.Mathlib.Tactic.FunProp.Theorems.1545051141._hygCtx._hyg.2 took 0.0236ms
interpretation of _private.Mathlib.Tactic.FunProp.Theorems.0.Mathlib.Meta.FunProp.initFn._lam_0._@.Mathlib.Tactic.FunProp.Theorems.1545051141._hygCtx._hyg.2 took 0.0419ms
interpretation of _private.Mathlib.Tactic.FunProp.Theorems.0.Mathlib.Meta.FunProp.initFn._lam_0._@.Mathlib.Tactic.FunProp.Theorems.1545051141._hygCtx._hyg.2 took 0.023ms
interpretation of _private.Mathlib.Tactic.FunProp.Theorems.0.Mathlib.Meta.FunProp.initFn._lam_0._@.Mathlib.Tactic.FunProp.Theorems.1545051141._hygCtx._hyg.2 took 0.036ms
interpretation of _private.Mathlib.Tactic.FunProp.Theorems.0.Mathlib.Meta.FunProp.initFn._lam_0._@.Mathlib.Tactic.FunProp.Theorems.1545051141._hygCtx._hyg.2 took 0.044ms
interpretation of _private.Mathlib.Tactic.FunProp.Theorems.0.Mathlib.Meta.FunProp.initFn._lam_0._@.Mathlib.Tactic.FunProp.Theorems.1545051141._hygCtx._hyg.2 took 0.031ms
interpretation of _private.Mathlib.Tactic.FunProp.Theorems.0.Mathlib.Meta.FunProp.initFn._lam_0._@.Mathlib.Tactic.FunProp.Theorems.1545051141._hygCtx._hyg.2 took 0.0328ms
interpretation of _private.Mathlib.Tactic.FunProp.Theorems.0.Mathlib.Meta.FunProp.initFn._lam_0._@.Mathlib.Tactic.FunProp.Theorems.1545051141._hygCtx._hyg.2 took 0.038ms
interpretation of _private.Mathlib.Tactic.FunProp.Theorems.0.Mathlib.Meta.FunProp.initFn._lam_0._@.Mathlib.Tactic.FunProp.Theorems.1545051141._hygCtx._hyg.2 took 0.0301ms
interpretation of _private.Mathlib.Tactic.FunProp.Theorems.0.Mathlib.Meta.FunProp.initFn._lam_0._@.Mathlib.Tactic.FunProp.Theorems.1545051141._hygCtx._hyg.2 took 0.0317ms
interpretation of _private.Mathlib.Tactic.FunProp.Theorems.0.Mathlib.Meta.FunProp.initFn._lam_0._@.Mathlib.Tactic.FunProp.Theorems.1545051141._hygCtx._hyg.2 took 0.0437ms
interpretation of _private.Mathlib.Tactic.FunProp.Theorems.0.Mathlib.Meta.FunProp.initFn._lam_0._@.Mathlib.Tactic.FunProp.Theorems.1545051141._hygCtx._hyg.2 took 0.0358ms
interpretation of _private.Mathlib.Tactic.FunProp.Theorems.0.Mathlib.Meta.FunProp.initFn._lam_0._@.Mathlib.Tactic.FunProp.Theorems.1545051141._hygCtx._hyg.2 took 0.0348ms
interpretation of _private.Mathlib.Tactic.FunProp.Theorems.0.Mathlib.Meta.FunProp.initFn._lam_0._@.Mathlib.Tactic.FunProp.Theorems.1545051141._hygCtx._hyg.2 took 0.0341ms
interpretation of _private.Mathlib.Tactic.FunProp.Theorems.0.Mathlib.Meta.FunProp.initFn._lam_0._@.Mathlib.Tactic.FunProp.Theorems.1545051141._hygCtx._hyg.2 took 0.053ms
interpretation of _private.Mathlib.Tactic.FunProp.Theorems.0.Mathlib.Meta.FunProp.initFn._lam_0._@.Mathlib.Tactic.FunProp.Theorems.1545051141._hygCtx._hyg.2 took 0.0374ms
interpretation of _private.Mathlib.Tactic.FunProp.Theorems.0.Mathlib.Meta.FunProp.initFn._lam_0._@.Mathlib.Tactic.FunProp.Theorems.1545051141._hygCtx._hyg.2 took 0.0351ms
interpretation of _private.Mathlib.Tactic.FunProp.Theorems.0.Mathlib.Meta.FunProp.initFn._lam_0._@.Mathlib.Tactic.FunProp.Theorems.1545051141._hygCtx._hyg.2 took 0.0401ms
interpretation of _private.Mathlib.Tactic.FunProp.Theorems.0.Mathlib.Meta.FunProp.initFn._lam_0._@.Mathlib.Tactic.FunProp.Theorems.1545051141._hygCtx._hyg.2 took 0.0423ms
interpretation of _private.Mathlib.Tactic.FunProp.Theorems.0.Mathlib.Meta.FunProp.initFn._lam_0._@.Mathlib.Tactic.FunProp.Theorems.1545051141._hygCtx._hyg.2 took 0.0402ms
interpretation of _private.Mathlib.Tactic.FunProp.Theorems.0.Mathlib.Meta.FunProp.initFn._lam_0._@.Mathlib.Tactic.FunProp.Theorems.1545051141._hygCtx._hyg.2 took 0.0352ms
interpretation of _private.Mathlib.Tactic.FunProp.Theorems.0.Mathlib.Meta.FunProp.initFn._lam_0._@.Mathlib.Tactic.FunProp.Theorems.1545051141._hygCtx._hyg.2 took 0.0395ms
interpretation of _private.Mathlib.Tactic.FunProp.Theorems.0.Mathlib.Meta.FunProp.initFn._lam_0._@.Mathlib.Tactic.FunProp.Theorems.1545051141._hygCtx._hyg.2 took 0.0739ms
interpretation of _private.Mathlib.Tactic.FunProp.Theorems.0.Mathlib.Meta.FunProp.initFn._lam_0._@.Mathlib.Tactic.FunProp.Theorems.1545051141._hygCtx._hyg.2 took 0.0375ms
interpretation of _private.Mathlib.Tactic.FunProp.Theorems.0.Mathlib.Meta.FunProp.initFn._lam_0._@.Mathlib.Tactic.FunProp.Theorems.1545051141._hygCtx._hyg.2 took 0.0495ms
interpretation of _private.Mathlib.Tactic.FunProp.Theorems.0.Mathlib.Meta.FunProp.initFn._lam_0._@.Mathlib.Tactic.FunProp.Theorems.1545051141._hygCtx._hyg.2 took 0.0439ms
interpretation of _private.Mathlib.Tactic.FunProp.Theorems.0.Mathlib.Meta.FunProp.initFn._lam_0._@.Mathlib.Tactic.FunProp.Theorems.1545051141._hygCtx._hyg.2 took 0.0443ms
interpretation of _private.Mathlib.Tactic.FunProp.Theorems.0.Mathlib.Meta.FunProp.initFn._lam_0._@.Mathlib.Tactic.FunProp.Theorems.1545051141._hygCtx._hyg.2 took 0.0332ms
interpretation of _private.Mathlib.Tactic.FunProp.Theorems.0.Mathlib.Meta.FunProp.initFn._lam_0._@.Mathlib.Tactic.FunProp.Theorems.1545051141._hygCtx._hyg.2 took 0.0404ms
interpretation of _private.Mathlib.Tactic.FunProp.Theorems.0.Mathlib.Meta.FunProp.initFn._lam_0._@.Mathlib.Tactic.FunProp.Theorems.1545051141._hygCtx._hyg.2 took 0.0377ms
interpretation of _private.Mathlib.Tactic.FunProp.Theorems.0.Mathlib.Meta.FunProp.initFn._lam_0._@.Mathlib.Tactic.FunProp.Theorems.1545051141._hygCtx._hyg.2 took 0.04ms
interpretation of _private.Mathlib.Tactic.FunProp.Theorems.0.Mathlib.Meta.FunProp.initFn._lam_0._@.Mathlib.Tactic.FunProp.Theorems.1545051141._hygCtx._hyg.2 took 0.0483ms
interpretation of _private.Mathlib.Tactic.FunProp.Theorems.0.Mathlib.Meta.FunProp.initFn._lam_0._@.Mathlib.Tactic.FunProp.Theorems.1545051141._hygCtx._hyg.2 took 0.0207ms
interpretation of _private.Mathlib.Tactic.FunProp.Theorems.0.Mathlib.Meta.FunProp.initFn._lam_0._@.Mathlib.Tactic.FunProp.Theorems.1545051141._hygCtx._hyg.2 took 0.0213ms
interpretation of _private.Mathlib.Tactic.FunProp.Theorems.0.Mathlib.Meta.FunProp.initFn._lam_0._@.Mathlib.Tactic.FunProp.Theorems.1545051141._hygCtx._hyg.2 took 0.0201ms
interpretation of _private.Mathlib.Tactic.FunProp.Theorems.0.Mathlib.Meta.FunProp.initFn._lam_0._@.Mathlib.Tactic.FunProp.Theorems.1545051141._hygCtx._hyg.2 took 0.0439ms
interpretation of _private.Mathlib.Tactic.FunProp.Theorems.0.Mathlib.Meta.FunProp.initFn._lam_0._@.Mathlib.Tactic.FunProp.Theorems.1545051141._hygCtx._hyg.2 took 0.0289ms
interpretation of _private.Mathlib.Tactic.FunProp.Theorems.0.Mathlib.Meta.FunProp.initFn._lam_0._@.Mathlib.Tactic.FunProp.Theorems.1545051141._hygCtx._hyg.2 took 0.0337ms
interpretation of _private.Mathlib.Tactic.FunProp.Theorems.0.Mathlib.Meta.FunProp.initFn._lam_0._@.Mathlib.Tactic.FunProp.Theorems.1545051141._hygCtx._hyg.2 took 0.0186ms
interpretation of _private.Mathlib.Tactic.FunProp.Theorems.0.Mathlib.Meta.FunProp.initFn._lam_0._@.Mathlib.Tactic.FunProp.Theorems.1545051141._hygCtx._hyg.2 took 0.0174ms
interpretation of _private.Mathlib.Tactic.FunProp.Theorems.0.Mathlib.Meta.FunProp.initFn._lam_0._@.Mathlib.Tactic.FunProp.Theorems.1545051141._hygCtx._hyg.2 took 0.308ms
interpretation of _private.Mathlib.Tactic.FunProp.Theorems.0.Mathlib.Meta.FunProp.initFn._lam_0._@.Mathlib.Tactic.FunProp.Theorems.1545051141._hygCtx._hyg.2 took 0.0492ms
interpretation of _private.Mathlib.Tactic.FunProp.Theorems.0.Mathlib.Meta.FunProp.initFn._lam_0._@.Mathlib.Tactic.FunProp.Theorems.1545051141._hygCtx._hyg.2 took 0.0599ms
interpretation of _private.Mathlib.Tactic.FunProp.Theorems.0.Mathlib.Meta.FunProp.initFn._lam_0._@.Mathlib.Tactic.FunProp.Theorems.1545051141._hygCtx._hyg.2 took 0.039ms
interpretation of _private.Mathlib.Tactic.FunProp.Theorems.0.Mathlib.Meta.FunProp.initFn._lam_0._@.Mathlib.Tactic.FunProp.Theorems.1545051141._hygCtx._hyg.2 took 0.0425ms
interpretation of _private.Mathlib.Tactic.FunProp.Theorems.0.Mathlib.Meta.FunProp.initFn._lam_0._@.Mathlib.Tactic.FunProp.Theorems.1545051141._hygCtx._hyg.2 took 0.0315ms
interpretation of _private.Mathlib.Tactic.FunProp.Theorems.0.Mathlib.Meta.FunProp.initFn._lam_0._@.Mathlib.Tactic.FunProp.Theorems.1545051141._hygCtx._hyg.2 took 0.0426ms
interpretation of _private.Mathlib.Tactic.FunProp.Theorems.0.Mathlib.Meta.FunProp.initFn._lam_0._@.Mathlib.Tactic.FunProp.Theorems.1545051141._hygCtx._hyg.2 took 0.0306ms
interpretation of _private.Mathlib.Tactic.FunProp.Theorems.0.Mathlib.Meta.FunProp.initFn._lam_0._@.Mathlib.Tactic.FunProp.Theorems.1545051141._hygCtx._hyg.2 took 0.063ms
interpretation of _private.Mathlib.Tactic.FunProp.Theorems.0.Mathlib.Meta.FunProp.initFn._lam_0._@.Mathlib.Tactic.FunProp.Theorems.1545051141._hygCtx._hyg.2 took 0.0288ms
interpretation of _private.Mathlib.Tactic.FunProp.Theorems.0.Mathlib.Meta.FunProp.initFn._lam_0._@.Mathlib.Tactic.FunProp.Theorems.1545051141._hygCtx._hyg.2 took 0.0347ms
interpretation of _private.Mathlib.Tactic.FunProp.Theorems.0.Mathlib.Meta.FunProp.initFn._lam_0._@.Mathlib.Tactic.FunProp.Theorems.1545051141._hygCtx._hyg.2 took 0.0512ms
interpretation of _private.Mathlib.Tactic.FunProp.Theorems.0.Mathlib.Meta.FunProp.initFn._lam_0._@.Mathlib.Tactic.FunProp.Theorems.1545051141._hygCtx._hyg.2 took 0.0544ms
interpretation of _private.Mathlib.Tactic.FunProp.Theorems.0.Mathlib.Meta.FunProp.initFn._lam_0._@.Mathlib.Tactic.FunProp.Theorems.1545051141._hygCtx._hyg.2 took 0.0349ms
interpretation of _private.Mathlib.Tactic.FunProp.Theorems.0.Mathlib.Meta.FunProp.initFn._lam_0._@.Mathlib.Tactic.FunProp.Theorems.1545051141._hygCtx._hyg.2 took 0.0421ms
interpretation of _private.Mathlib.Tactic.FunProp.Theorems.0.Mathlib.Meta.FunProp.initFn._lam_0._@.Mathlib.Tactic.FunProp.Theorems.1545051141._hygCtx._hyg.2 took 0.0352ms
interpretation of _private.Mathlib.Tactic.FunProp.Theorems.0.Mathlib.Meta.FunProp.initFn._lam_0._@.Mathlib.Tactic.FunProp.Theorems.1545051141._hygCtx._hyg.2 took 0.035ms
interpretation of _private.Mathlib.Tactic.FunProp.Theorems.0.Mathlib.Meta.FunProp.initFn._lam_0._@.Mathlib.Tactic.FunProp.Theorems.1545051141._hygCtx._hyg.2 took 0.0265ms
interpretation of _private.Mathlib.Tactic.FunProp.Theorems.0.Mathlib.Meta.FunProp.initFn._lam_0._@.Mathlib.Tactic.FunProp.Theorems.1545051141._hygCtx._hyg.2 took 0.0789ms
interpretation of _private.Mathlib.Tactic.FunProp.Theorems.0.Mathlib.Meta.FunProp.initFn._lam_0._@.Mathlib.Tactic.FunProp.Theorems.1545051141._hygCtx._hyg.2 took 0.0376ms
interpretation of _private.Mathlib.Tactic.FunProp.Theorems.0.Mathlib.Meta.FunProp.initFn._lam_0._@.Mathlib.Tactic.FunProp.Theorems.1545051141._hygCtx._hyg.2 took 0.0455ms
interpretation of _private.Mathlib.Tactic.FunProp.Theorems.0.Mathlib.Meta.FunProp.initFn._lam_0._@.Mathlib.Tactic.FunProp.Theorems.1545051141._hygCtx._hyg.2 took 0.0283ms
interpretation of _private.Mathlib.Tactic.FunProp.Theorems.0.Mathlib.Meta.FunProp.initFn._lam_0._@.Mathlib.Tactic.FunProp.Theorems.1545051141._hygCtx._hyg.2 took 0.0407ms
interpretation of _private.Mathlib.Tactic.FunProp.Theorems.0.Mathlib.Meta.FunProp.initFn._lam_0._@.Mathlib.Tactic.FunProp.Theorems.1545051141._hygCtx._hyg.2 took 0.0296ms
interpretation of _private.Mathlib.Tactic.FunProp.Theorems.0.Mathlib.Meta.FunProp.initFn._lam_0._@.Mathlib.Tactic.FunProp.Theorems.1545051141._hygCtx._hyg.2 took 0.0582ms
interpretation of _private.Mathlib.Tactic.FunProp.Theorems.0.Mathlib.Meta.FunProp.initFn._lam_0._@.Mathlib.Tactic.FunProp.Theorems.1545051141._hygCtx._hyg.2 took 0.0444ms
interpretation of _private.Mathlib.Tactic.FunProp.Theorems.0.Mathlib.Meta.FunProp.initFn._lam_0._@.Mathlib.Tactic.FunProp.Theorems.1545051141._hygCtx._hyg.2 took 0.0394ms
interpretation of _private.Mathlib.Tactic.FunProp.Theorems.0.Mathlib.Meta.FunProp.initFn._lam_0._@.Mathlib.Tactic.FunProp.Theorems.1545051141._hygCtx._hyg.2 took 0.0335ms
interpretation of _private.Mathlib.Tactic.FunProp.Theorems.0.Mathlib.Meta.FunProp.initFn._lam_0._@.Mathlib.Tactic.FunProp.Theorems.1545051141._hygCtx._hyg.2 took 0.0559ms
interpretation of _private.Mathlib.Tactic.FunProp.Theorems.0.Mathlib.Meta.FunProp.initFn._lam_0._@.Mathlib.Tactic.FunProp.Theorems.1545051141._hygCtx._hyg.2 took 0.0336ms
interpretation of _private.Mathlib.Tactic.FunProp.Theorems.0.Mathlib.Meta.FunProp.initFn._lam_0._@.Mathlib.Tactic.FunProp.Theorems.1545051141._hygCtx._hyg.2 took 0.0474ms
interpretation of _private.Mathlib.Tactic.FunProp.Theorems.0.Mathlib.Meta.FunProp.initFn._lam_0._@.Mathlib.Tactic.FunProp.Theorems.1545051141._hygCtx._hyg.2 took 0.0309ms
interpretation of _private.Mathlib.Tactic.FunProp.Theorems.0.Mathlib.Meta.FunProp.initFn._lam_0._@.Mathlib.Tactic.FunProp.Theorems.1545051141._hygCtx._hyg.2 took 0.0394ms
interpretation of _private.Mathlib.Tactic.FunProp.Theorems.0.Mathlib.Meta.FunProp.initFn._lam_0._@.Mathlib.Tactic.FunProp.Theorems.1545051141._hygCtx._hyg.2 took 0.0496ms
interpretation of _private.Mathlib.Tactic.FunProp.Theorems.0.Mathlib.Meta.FunProp.initFn._lam_0._@.Mathlib.Tactic.FunProp.Theorems.1545051141._hygCtx._hyg.2 took 0.0638ms
interpretation of _private.Mathlib.Tactic.FunProp.Theorems.0.Mathlib.Meta.FunProp.initFn._lam_0._@.Mathlib.Tactic.FunProp.Theorems.1545051141._hygCtx._hyg.2 took 0.0452ms
interpretation of _private.Mathlib.Tactic.FunProp.Theorems.0.Mathlib.Meta.FunProp.initFn._lam_0._@.Mathlib.Tactic.FunProp.Theorems.1545051141._hygCtx._hyg.2 took 0.0412ms
interpretation of _private.Mathlib.Tactic.FunProp.Theorems.0.Mathlib.Meta.FunProp.initFn._lam_0._@.Mathlib.Tactic.FunProp.Theorems.1545051141._hygCtx._hyg.2 took 0.0403ms
interpretation of _private.Mathlib.Tactic.FunProp.Theorems.0.Mathlib.Meta.FunProp.initFn._lam_0._@.Mathlib.Tactic.FunProp.Theorems.1545051141._hygCtx._hyg.2 took 0.0408ms
interpretation of _private.Mathlib.Tactic.FunProp.Theorems.0.Mathlib.Meta.FunProp.initFn._lam_0._@.Mathlib.Tactic.FunProp.Theorems.1545051141._hygCtx._hyg.2 took 0.044ms
interpretation of _private.Mathlib.Tactic.FunProp.Theorems.0.Mathlib.Meta.FunProp.initFn._lam_0._@.Mathlib.Tactic.FunProp.Theorems.1545051141._hygCtx._hyg.2 took 0.0378ms
interpretation of _private.Mathlib.Tactic.FunProp.Theorems.0.Mathlib.Meta.FunProp.initFn._lam_0._@.Mathlib.Tactic.FunProp.Theorems.1545051141._hygCtx._hyg.2 took 0.0452ms
interpretation of _private.Mathlib.Tactic.FunProp.Theorems.0.Mathlib.Meta.FunProp.initFn._lam_0._@.Mathlib.Tactic.FunProp.Theorems.1545051141._hygCtx._hyg.2 took 0.0377ms
interpretation of _private.Mathlib.Tactic.FunProp.Theorems.0.Mathlib.Meta.FunProp.initFn._lam_0._@.Mathlib.Tactic.FunProp.Theorems.1545051141._hygCtx._hyg.2 took 0.0491ms
interpretation of _private.Mathlib.Tactic.FunProp.Theorems.0.Mathlib.Meta.FunProp.initFn._lam_0._@.Mathlib.Tactic.FunProp.Theorems.1545051141._hygCtx._hyg.2 took 0.0331ms
interpretation of _private.Mathlib.Tactic.FunProp.Theorems.0.Mathlib.Meta.FunProp.initFn._lam_0._@.Mathlib.Tactic.FunProp.Theorems.1545051141._hygCtx._hyg.2 took 0.0397ms
interpretation of _private.Mathlib.Tactic.FunProp.Theorems.0.Mathlib.Meta.FunProp.initFn._lam_0._@.Mathlib.Tactic.FunProp.Theorems.1545051141._hygCtx._hyg.2 took 0.0738ms
interpretation of _private.Mathlib.Tactic.FunProp.Theorems.0.Mathlib.Meta.FunProp.initFn._lam_0._@.Mathlib.Tactic.FunProp.Theorems.1545051141._hygCtx._hyg.2 took 0.0415ms
interpretation of _private.Mathlib.Tactic.FunProp.Theorems.0.Mathlib.Meta.FunProp.initFn._lam_0._@.Mathlib.Tactic.FunProp.Theorems.1545051141._hygCtx._hyg.2 took 0.0457ms
interpretation of _private.Mathlib.Tactic.FunProp.Theorems.0.Mathlib.Meta.FunProp.initFn._lam_0._@.Mathlib.Tactic.FunProp.Theorems.1545051141._hygCtx._hyg.2 took 0.0417ms
interpretation of _private.Mathlib.Tactic.FunProp.Theorems.0.Mathlib.Meta.FunProp.initFn._lam_0._@.Mathlib.Tactic.FunProp.Theorems.1545051141._hygCtx._hyg.2 took 0.039ms
interpretation of _private.Mathlib.Tactic.FunProp.Theorems.0.Mathlib.Meta.FunProp.initFn._lam_0._@.Mathlib.Tactic.FunProp.Theorems.1545051141._hygCtx._hyg.2 took 0.04ms
interpretation of _private.Mathlib.Tactic.FunProp.Theorems.0.Mathlib.Meta.FunProp.initFn._lam_0._@.Mathlib.Tactic.FunProp.Theorems.1545051141._hygCtx._hyg.2 took 0.038ms
interpretation of _private.Mathlib.Tactic.FunProp.Theorems.0.Mathlib.Meta.FunProp.initFn._lam_0._@.Mathlib.Tactic.FunProp.Theorems.1545051141._hygCtx._hyg.2 took 0.0429ms
interpretation of _private.Mathlib.Tactic.FunProp.Theorems.0.Mathlib.Meta.FunProp.initFn._lam_0._@.Mathlib.Tactic.FunProp.Theorems.1545051141._hygCtx._hyg.2 took 0.0384ms
interpretation of _private.Mathlib.Tactic.FunProp.Theorems.0.Mathlib.Meta.FunProp.initFn._lam_0._@.Mathlib.Tactic.FunProp.Theorems.1545051141._hygCtx._hyg.2 took 0.0328ms
interpretation of _private.Mathlib.Tactic.FunProp.Theorems.0.Mathlib.Meta.FunProp.initFn._lam_0._@.Mathlib.Tactic.FunProp.Theorems.1545051141._hygCtx._hyg.2 took 0.0327ms
interpretation of _private.Mathlib.Tactic.FunProp.Theorems.0.Mathlib.Meta.FunProp.initFn._lam_0._@.Mathlib.Tactic.FunProp.Theorems.1545051141._hygCtx._hyg.2 took 0.0427ms
interpretation of _private.Mathlib.Tactic.FunProp.Theorems.0.Mathlib.Meta.FunProp.initFn._lam_0._@.Mathlib.Tactic.FunProp.Theorems.1545051141._hygCtx._hyg.2 took 0.0278ms
interpretation of _private.Mathlib.Tactic.FunProp.Theorems.0.Mathlib.Meta.FunProp.initFn._lam_0._@.Mathlib.Tactic.FunProp.Theorems.1545051141._hygCtx._hyg.2 took 0.0235ms
interpretation of _private.Mathlib.Tactic.FunProp.Theorems.0.Mathlib.Meta.FunProp.initFn._lam_0._@.Mathlib.Tactic.FunProp.Theorems.1545051141._hygCtx._hyg.2 took 0.024ms
interpretation of _private.Mathlib.Tactic.FunProp.Theorems.0.Mathlib.Meta.FunProp.initFn._lam_0._@.Mathlib.Tactic.FunProp.Theorems.1545051141._hygCtx._hyg.2 took 0.0352ms
interpretation of _private.Mathlib.Tactic.FunProp.Theorems.0.Mathlib.Meta.FunProp.initFn._lam_0._@.Mathlib.Tactic.FunProp.Theorems.1545051141._hygCtx._hyg.2 took 0.0273ms
interpretation of _private.Mathlib.Tactic.FunProp.Theorems.0.Mathlib.Meta.FunProp.initFn._lam_0._@.Mathlib.Tactic.FunProp.Theorems.1545051141._hygCtx._hyg.2 took 0.0315ms
interpretation of _private.Mathlib.Tactic.FunProp.Theorems.0.Mathlib.Meta.FunProp.initFn._lam_0._@.Mathlib.Tactic.FunProp.Theorems.1545051141._hygCtx._hyg.2 took 0.0422ms
interpretation of _private.Mathlib.Tactic.FunProp.Theorems.0.Mathlib.Meta.FunProp.initFn._lam_0._@.Mathlib.Tactic.FunProp.Theorems.1545051141._hygCtx._hyg.2 took 0.0637ms
interpretation of _private.Mathlib.Tactic.FunProp.Theorems.0.Mathlib.Meta.FunProp.initFn._lam_0._@.Mathlib.Tactic.FunProp.Theorems.1545051141._hygCtx._hyg.2 took 0.021ms
interpretation of _private.Mathlib.Tactic.FunProp.Theorems.0.Mathlib.Meta.FunProp.initFn._lam_0._@.Mathlib.Tactic.FunProp.Theorems.1545051141._hygCtx._hyg.2 took 0.038ms
interpretation of _private.Mathlib.Tactic.FunProp.Theorems.0.Mathlib.Meta.FunProp.initFn._lam_0._@.Mathlib.Tactic.FunProp.Theorems.1545051141._hygCtx._hyg.2 took 0.0309ms
interpretation of _private.Mathlib.Tactic.FunProp.Theorems.0.Mathlib.Meta.FunProp.initFn._lam_0._@.Mathlib.Tactic.FunProp.Theorems.1545051141._hygCtx._hyg.2 took 0.0261ms
interpretation of _private.Mathlib.Tactic.FunProp.Theorems.0.Mathlib.Meta.FunProp.initFn._lam_0._@.Mathlib.Tactic.FunProp.Theorems.1545051141._hygCtx._hyg.2 took 0.0226ms
interpretation of _private.Mathlib.Tactic.FunProp.Theorems.0.Mathlib.Meta.FunProp.initFn._lam_0._@.Mathlib.Tactic.FunProp.Theorems.1545051141._hygCtx._hyg.2 took 0.0348ms
interpretation of _private.Mathlib.Tactic.FunProp.Theorems.0.Mathlib.Meta.FunProp.initFn._lam_0._@.Mathlib.Tactic.FunProp.Theorems.1545051141._hygCtx._hyg.2 took 0.0294ms
interpretation of _private.Mathlib.Tactic.FunProp.Theorems.0.Mathlib.Meta.FunProp.initFn._lam_0._@.Mathlib.Tactic.FunProp.Theorems.1545051141._hygCtx._hyg.2 took 0.0353ms
interpretation of _private.Mathlib.Tactic.FunProp.Theorems.0.Mathlib.Meta.FunProp.initFn._lam_0._@.Mathlib.Tactic.FunProp.Theorems.1545051141._hygCtx._hyg.2 took 0.0298ms
interpretation of _private.Mathlib.Tactic.FunProp.Theorems.0.Mathlib.Meta.FunProp.initFn._lam_0._@.Mathlib.Tactic.FunProp.Theorems.1545051141._hygCtx._hyg.2 took 0.0332ms
interpretation of _private.Mathlib.Tactic.FunProp.Theorems.0.Mathlib.Meta.FunProp.initFn._lam_0._@.Mathlib.Tactic.FunProp.Theorems.1545051141._hygCtx._hyg.2 took 0.0413ms
interpretation of _private.Mathlib.Tactic.FunProp.Theorems.0.Mathlib.Meta.FunProp.initFn._lam_0._@.Mathlib.Tactic.FunProp.Theorems.1545051141._hygCtx._hyg.2 took 0.0358ms
interpretation of _private.Mathlib.Tactic.FunProp.Theorems.0.Mathlib.Meta.FunProp.initFn._lam_0._@.Mathlib.Tactic.FunProp.Theorems.1545051141._hygCtx._hyg.2 took 0.04ms
interpretation of _private.Mathlib.Tactic.FunProp.Theorems.0.Mathlib.Meta.FunProp.initFn._lam_0._@.Mathlib.Tactic.FunProp.Theorems.1545051141._hygCtx._hyg.2 took 0.0439ms
interpretation of _private.Mathlib.Tactic.FunProp.Theorems.0.Mathlib.Meta.FunProp.initFn._lam_0._@.Mathlib.Tactic.FunProp.Theorems.1545051141._hygCtx._hyg.2 took 0.0411ms
interpretation of _private.Mathlib.Tactic.FunProp.Theorems.0.Mathlib.Meta.FunProp.initFn._lam_0._@.Mathlib.Tactic.FunProp.Theorems.1545051141._hygCtx._hyg.2 took 0.0374ms
interpretation of _private.Mathlib.Tactic.FunProp.Theorems.0.Mathlib.Meta.FunProp.initFn._lam_0._@.Mathlib.Tactic.FunProp.Theorems.1545051141._hygCtx._hyg.2 took 0.0269ms
interpretation of _private.Mathlib.Tactic.FunProp.Theorems.0.Mathlib.Meta.FunProp.initFn._lam_0._@.Mathlib.Tactic.FunProp.Theorems.1545051141._hygCtx._hyg.2 took 0.0314ms
interpretation of _private.Mathlib.Tactic.FunProp.Theorems.0.Mathlib.Meta.FunProp.initFn._lam_0._@.Mathlib.Tactic.FunProp.Theorems.1545051141._hygCtx._hyg.2 took 0.0322ms
interpretation of _private.Mathlib.Tactic.FunProp.Theorems.0.Mathlib.Meta.FunProp.initFn._lam_0._@.Mathlib.Tactic.FunProp.Theorems.1545051141._hygCtx._hyg.2 took 0.0476ms
interpretation of _private.Mathlib.Tactic.FunProp.Theorems.0.Mathlib.Meta.FunProp.initFn._lam_2._@.Mathlib.Tactic.FunProp.Theorems.1545051141._hygCtx._hyg.2._boxed took 1.39ms
interpretation of _private.Mathlib.Tactic.FunProp.Theorems.0.Mathlib.Meta.FunProp.initFn._lam_0._@.Mathlib.Tactic.FunProp.Theorems.1054951927._hygCtx._hyg.2 took 11.5ms
interpretation of _private.Mathlib.Tactic.FunProp.Theorems.0.Mathlib.Meta.FunProp.initFn._lam_0._@.Mathlib.Tactic.FunProp.Theorems.1054951927._hygCtx._hyg.2 took 0.171ms
interpretation of _private.Mathlib.Tactic.FunProp.Theorems.0.Mathlib.Meta.FunProp.initFn._lam_0._@.Mathlib.Tactic.FunProp.Theorems.1054951927._hygCtx._hyg.2 took 1.58ms
interpretation of _private.Mathlib.Tactic.FunProp.Theorems.0.Mathlib.Meta.FunProp.initFn._lam_0._@.Mathlib.Tactic.FunProp.Theorems.1054951927._hygCtx._hyg.2 took 0.102ms
interpretation of _private.Mathlib.Tactic.FunProp.Theorems.0.Mathlib.Meta.FunProp.initFn._lam_0._@.Mathlib.Tactic.FunProp.Theorems.1054951927._hygCtx._hyg.2 took 0.0507ms
interpretation of _private.Mathlib.Tactic.FunProp.Theorems.0.Mathlib.Meta.FunProp.initFn._lam_0._@.Mathlib.Tactic.FunProp.Theorems.1054951927._hygCtx._hyg.2 took 0.0465ms
interpretation of _private.Mathlib.Tactic.FunProp.Theorems.0.Mathlib.Meta.FunProp.initFn._lam_0._@.Mathlib.Tactic.FunProp.Theorems.1054951927._hygCtx._hyg.2 took 0.085ms
interpretation of _private.Mathlib.Tactic.FunProp.Theorems.0.Mathlib.Meta.FunProp.initFn._lam_0._@.Mathlib.Tactic.FunProp.Theorems.1054951927._hygCtx._hyg.2 took 0.0743ms
interpretation of _private.Mathlib.Tactic.FunProp.Theorems.0.Mathlib.Meta.FunProp.initFn._lam_0._@.Mathlib.Tactic.FunProp.Theorems.1054951927._hygCtx._hyg.2 took 0.0428ms
interpretation of _private.Mathlib.Tactic.FunProp.Theorems.0.Mathlib.Meta.FunProp.initFn._lam_0._@.Mathlib.Tactic.FunProp.Theorems.1054951927._hygCtx._hyg.2 took 0.0364ms
interpretation of _private.Mathlib.Tactic.FunProp.Theorems.0.Mathlib.Meta.FunProp.initFn._lam_0._@.Mathlib.Tactic.FunProp.Theorems.1054951927._hygCtx._hyg.2 took 0.0992ms
interpretation of _private.Mathlib.Tactic.FunProp.Theorems.0.Mathlib.Meta.FunProp.initFn._lam_0._@.Mathlib.Tactic.FunProp.Theorems.1054951927._hygCtx._hyg.2 took 0.0496ms
interpretation of _private.Mathlib.Tactic.FunProp.Theorems.0.Mathlib.Meta.FunProp.initFn._lam_0._@.Mathlib.Tactic.FunProp.Theorems.1054951927._hygCtx._hyg.2 took 0.0716ms
interpretation of _private.Mathlib.Tactic.FunProp.Theorems.0.Mathlib.Meta.FunProp.initFn._lam_0._@.Mathlib.Tactic.FunProp.Theorems.1054951927._hygCtx._hyg.2 took 0.0606ms
interpretation of _private.Mathlib.Tactic.FunProp.Theorems.0.Mathlib.Meta.FunProp.initFn._lam_0._@.Mathlib.Tactic.FunProp.Theorems.1054951927._hygCtx._hyg.2 took 0.0579ms
interpretation of _private.Mathlib.Tactic.FunProp.Theorems.0.Mathlib.Meta.FunProp.initFn._lam_0._@.Mathlib.Tactic.FunProp.Theorems.1054951927._hygCtx._hyg.2 took 0.0528ms
interpretation of _private.Mathlib.Tactic.FunProp.Theorems.0.Mathlib.Meta.FunProp.initFn._lam_0._@.Mathlib.Tactic.FunProp.Theorems.1054951927._hygCtx._hyg.2 took 0.0963ms
interpretation of _private.Mathlib.Tactic.FunProp.Theorems.0.Mathlib.Meta.FunProp.initFn._lam_0._@.Mathlib.Tactic.FunProp.Theorems.1054951927._hygCtx._hyg.2 took 0.101ms
interpretation of _private.Mathlib.Tactic.FunProp.Theorems.0.Mathlib.Meta.FunProp.initFn._lam_0._@.Mathlib.Tactic.FunProp.Theorems.1054951927._hygCtx._hyg.2 took 0.0611ms
interpretation of _private.Mathlib.Tactic.FunProp.Theorems.0.Mathlib.Meta.FunProp.initFn._lam_0._@.Mathlib.Tactic.FunProp.Theorems.1054951927._hygCtx._hyg.2 took 0.0522ms
interpretation of _private.Mathlib.Tactic.FunProp.Theorems.0.Mathlib.Meta.FunProp.initFn._lam_0._@.Mathlib.Tactic.FunProp.Theorems.1054951927._hygCtx._hyg.2 took 0.0974ms
interpretation of _private.Mathlib.Tactic.FunProp.Theorems.0.Mathlib.Meta.FunProp.initFn._lam_0._@.Mathlib.Tactic.FunProp.Theorems.1054951927._hygCtx._hyg.2 took 0.0576ms
interpretation of _private.Mathlib.Tactic.FunProp.Theorems.0.Mathlib.Meta.FunProp.initFn._lam_0._@.Mathlib.Tactic.FunProp.Theorems.1054951927._hygCtx._hyg.2 took 0.0826ms
interpretation of _private.Mathlib.Tactic.FunProp.Theorems.0.Mathlib.Meta.FunProp.initFn._lam_0._@.Mathlib.Tactic.FunProp.Theorems.1054951927._hygCtx._hyg.2 took 0.0703ms
interpretation of _private.Mathlib.Tactic.FunProp.Theorems.0.Mathlib.Meta.FunProp.initFn._lam_2._@.Mathlib.Tactic.FunProp.Theorems.1054951927._hygCtx._hyg.2._boxed took 0.994ms
interpretation of _private.Mathlib.Tactic.FunProp.Theorems.0.Mathlib.Meta.FunProp.initFn._lam_0._@.Mathlib.Tactic.FunProp.Theorems.1054951927._hygCtx._hyg.2 took 0.123ms
interpretation of _private.Mathlib.Tactic.FunProp.Theorems.0.Mathlib.Meta.FunProp.initFn._lam_0._@.Mathlib.Tactic.FunProp.Theorems.1054951927._hygCtx._hyg.2 took 0.0639ms
interpretation of _private.Mathlib.Tactic.FunProp.Theorems.0.Mathlib.Meta.FunProp.initFn._lam_0._@.Mathlib.Tactic.FunProp.Theorems.1054951927._hygCtx._hyg.2 took 0.113ms
interpretation of _private.Mathlib.Tactic.FunProp.Theorems.0.Mathlib.Meta.FunProp.initFn._lam_0._@.Mathlib.Tactic.FunProp.Theorems.1054951927._hygCtx._hyg.2 took 0.0546ms
interpretation of _private.Mathlib.Tactic.FunProp.Theorems.0.Mathlib.Meta.FunProp.initFn._lam_0._@.Mathlib.Tactic.FunProp.Theorems.1054951927._hygCtx._hyg.2 took 0.0453ms
interpretation of _private.Mathlib.Tactic.FunProp.Theorems.0.Mathlib.Meta.FunProp.initFn._lam_0._@.Mathlib.Tactic.FunProp.Theorems.1054951927._hygCtx._hyg.2 took 0.04ms
interpretation of _private.Mathlib.Tactic.FunProp.Theorems.0.Mathlib.Meta.FunProp.initFn._lam_0._@.Mathlib.Tactic.FunProp.Theorems.1054951927._hygCtx._hyg.2 took 0.0383ms
interpretation of _private.Mathlib.Tactic.FunProp.Theorems.0.Mathlib.Meta.FunProp.initFn._lam_0._@.Mathlib.Tactic.FunProp.Theorems.1054951927._hygCtx._hyg.2 took 0.0429ms
interpretation of _private.Mathlib.Tactic.FunProp.Theorems.0.Mathlib.Meta.FunProp.initFn._lam_0._@.Mathlib.Tactic.FunProp.Theorems.1054951927._hygCtx._hyg.2 took 0.0769ms
interpretation of _private.Mathlib.Tactic.FunProp.Theorems.0.Mathlib.Meta.FunProp.initFn._lam_0._@.Mathlib.Tactic.FunProp.Theorems.1054951927._hygCtx._hyg.2 took 0.0351ms
interpretation of _private.Mathlib.Tactic.FunProp.Theorems.0.Mathlib.Meta.FunProp.initFn._lam_0._@.Mathlib.Tactic.FunProp.Theorems.1054951927._hygCtx._hyg.2 took 0.0451ms
interpretation of _private.Mathlib.Tactic.FunProp.Theorems.0.Mathlib.Meta.FunProp.initFn._lam_0._@.Mathlib.Tactic.FunProp.Theorems.1054951927._hygCtx._hyg.2 took 0.0387ms
interpretation of _private.Mathlib.Tactic.FunProp.Theorems.0.Mathlib.Meta.FunProp.initFn._lam_2._@.Mathlib.Tactic.FunProp.Theorems.1054951927._hygCtx._hyg.2._boxed took 0.004ms
interpretation of Lean.mkStateFromImportedEntries._at_._private.Mathlib.Tactic.Hint.0.Mathlib.Tactic.Hint.initFn._@.Mathlib.Tactic.Hint.2826036628._hygCtx._hyg.2.spec_0._boxed took 3.53ms
interpretation of Aesop.BaseRuleSet.add took 0.129ms
interpretation of Aesop.BaseRuleSet.add took 0.061ms
interpretation of Aesop.BaseRuleSet.add took 0.0452ms
interpretation of Aesop.BaseRuleSet.add took 0.0497ms
interpretation of Aesop.BaseRuleSet.add took 0.0457ms
interpretation of Aesop.BaseRuleSet.add took 0.0403ms
interpretation of Aesop.BaseRuleSet.add took 0.0498ms
interpretation of Aesop.BaseRuleSet.add took 0.0415ms
interpretation of Aesop.BaseRuleSet.add took 0.0362ms
interpretation of Aesop.BaseRuleSet.add took 0.0386ms
interpretation of Aesop.BaseRuleSet.add took 0.0513ms
interpretation of Aesop.BaseRuleSet.add took 0.0443ms
interpretation of Aesop.BaseRuleSet.add took 0.0592ms
interpretation of Aesop.BaseRuleSet.add took 0.0396ms
interpretation of Aesop.BaseRuleSet.add took 0.0363ms
interpretation of Aesop.BaseRuleSet.add took 0.0421ms
interpretation of Aesop.BaseRuleSet.add took 0.0412ms
interpretation of Aesop.BaseRuleSet.add took 0.04ms
interpretation of Aesop.BaseRuleSet.add took 0.0846ms
interpretation of Aesop.BaseRuleSet.add took 0.0694ms
interpretation of Aesop.BaseRuleSet.add took 0.0424ms
interpretation of Aesop.BaseRuleSet.add took 0.0647ms
interpretation of Aesop.BaseRuleSet.add took 0.104ms
interpretation of Aesop.BaseRuleSet.add took 0.0397ms
interpretation of Aesop.BaseRuleSet.add took 0.051ms
interpretation of Aesop.BaseRuleSet.add took 0.0454ms
interpretation of Aesop.BaseRuleSet.add took 0.0574ms
interpretation of Aesop.BaseRuleSet.add took 0.0674ms
interpretation of Aesop.BaseRuleSet.add took 0.0483ms
interpretation of Aesop.BaseRuleSet.add took 0.0779ms
interpretation of Aesop.BaseRuleSet.add took 0.0479ms
interpretation of Aesop.BaseRuleSet.add took 0.0446ms
interpretation of Aesop.BaseRuleSet.add took 0.0392ms
interpretation of Aesop.BaseRuleSet.add took 0.0474ms
interpretation of Aesop.BaseRuleSet.add took 0.0536ms
interpretation of Aesop.BaseRuleSet.add took 0.0479ms
interpretation of Aesop.BaseRuleSet.add took 0.0426ms
interpretation of Aesop.BaseRuleSet.add took 0.0599ms
interpretation of Aesop.BaseRuleSet.add took 0.0514ms
interpretation of Aesop.BaseRuleSet.add took 0.0509ms
interpretation of Aesop.BaseRuleSet.add took 0.0503ms
interpretation of Aesop.BaseRuleSet.add took 0.0421ms
interpretation of Aesop.BaseRuleSet.add took 0.0831ms
interpretation of Aesop.BaseRuleSet.add took 0.0531ms
interpretation of Aesop.BaseRuleSet.add took 0.0561ms
interpretation of Aesop.BaseRuleSet.add took 0.0553ms
interpretation of Aesop.BaseRuleSet.add took 0.057ms
interpretation of Aesop.BaseRuleSet.add took 0.0592ms
interpretation of Aesop.BaseRuleSet.add took 0.113ms
interpretation of Aesop.BaseRuleSet.add took 0.0527ms
interpretation of Aesop.BaseRuleSet.add took 0.0719ms
interpretation of Aesop.BaseRuleSet.add took 0.0657ms
interpretation of Aesop.BaseRuleSet.add took 0.0526ms
interpretation of Aesop.BaseRuleSet.add took 0.0715ms
interpretation of Aesop.BaseRuleSet.add took 0.0496ms
interpretation of Aesop.BaseRuleSet.add took 0.0844ms
interpretation of Aesop.BaseRuleSet.add took 0.0707ms
interpretation of Aesop.BaseRuleSet.add took 0.061ms
interpretation of Aesop.BaseRuleSet.add took 0.0693ms
interpretation of Aesop.BaseRuleSet.add took 0.0494ms
interpretation of Aesop.Frontend.extensionDescr._lam_1._boxed took 0.007ms
interpretation of Aesop.BaseRuleSet.add took 0.0577ms
interpretation of Aesop.BaseRuleSet.add took 0.0856ms
interpretation of Aesop.Frontend.extensionDescr._lam_1._boxed took 0.008ms
interpretation of _private.Mathlib.Tactic.NormNum.Core.0.Mathlib.Meta.NormNum.initFn._lam_5._@.Mathlib.Tactic.NormNum.Core.525676807._hygCtx._hyg.2._boxed took 0.0122ms
interpretation of Mathlib.Meta.NormNum.evalZero took 11.1ms
interpretation of _private.Mathlib.Tactic.NormNum.Core.0.Mathlib.Meta.NormNum.initFn._lam_2._@.Mathlib.Tactic.NormNum.Core.525676807._hygCtx._hyg.2._boxed took 6.08ms
interpretation of _private.Mathlib.Tactic.NormNum.Core.0.Mathlib.Meta.NormNum.initFn._lam_1._@.Mathlib.Tactic.NormNum.Core.525676807._hygCtx._hyg.2 took 4.78ms
interpretation of Mathlib.Meta.NormNum.evalOne took 4.14ms
interpretation of _private.Mathlib.Tactic.NormNum.Core.0.Mathlib.Meta.NormNum.initFn._lam_2._@.Mathlib.Tactic.NormNum.Core.525676807._hygCtx._hyg.2._boxed took 0.166ms
interpretation of _private.Mathlib.Tactic.NormNum.Core.0.Mathlib.Meta.NormNum.initFn._lam_1._@.Mathlib.Tactic.NormNum.Core.525676807._hygCtx._hyg.2 took 0.147ms
interpretation of Mathlib.Meta.NormNum.evalOfNat took 4.29ms
interpretation of _private.Mathlib.Tactic.NormNum.Core.0.Mathlib.Meta.NormNum.initFn._lam_2._@.Mathlib.Tactic.NormNum.Core.525676807._hygCtx._hyg.2._boxed took 0.119ms
interpretation of _private.Mathlib.Tactic.NormNum.Core.0.Mathlib.Meta.NormNum.initFn._lam_1._@.Mathlib.Tactic.NormNum.Core.525676807._hygCtx._hyg.2 took 0.102ms
interpretation of Mathlib.Meta.NormNum.evalIntOfNat took 5.77ms
interpretation of _private.Mathlib.Tactic.NormNum.Core.0.Mathlib.Meta.NormNum.initFn._lam_2._@.Mathlib.Tactic.NormNum.Core.525676807._hygCtx._hyg.2._boxed took 0.112ms
interpretation of _private.Mathlib.Tactic.NormNum.Core.0.Mathlib.Meta.NormNum.initFn._lam_1._@.Mathlib.Tactic.NormNum.Core.525676807._hygCtx._hyg.2 took 0.106ms
interpretation of Mathlib.Meta.NormNum.evalNegOfNat took 3.86ms
interpretation of _private.Mathlib.Tactic.NormNum.Core.0.Mathlib.Meta.NormNum.initFn._lam_2._@.Mathlib.Tactic.NormNum.Core.525676807._hygCtx._hyg.2._boxed took 0.102ms
interpretation of _private.Mathlib.Tactic.NormNum.Core.0.Mathlib.Meta.NormNum.initFn._lam_1._@.Mathlib.Tactic.NormNum.Core.525676807._hygCtx._hyg.2 took 0.0847ms
interpretation of Mathlib.Meta.NormNum.evalIntNatAbs took 4.81ms
interpretation of _private.Mathlib.Tactic.NormNum.Core.0.Mathlib.Meta.NormNum.initFn._lam_2._@.Mathlib.Tactic.NormNum.Core.525676807._hygCtx._hyg.2._boxed took 0.12ms
interpretation of _private.Mathlib.Tactic.NormNum.Core.0.Mathlib.Meta.NormNum.initFn._lam_1._@.Mathlib.Tactic.NormNum.Core.525676807._hygCtx._hyg.2 took 0.146ms
interpretation of Mathlib.Meta.NormNum.evalNatCast took 5.37ms
interpretation of _private.Mathlib.Tactic.NormNum.Core.0.Mathlib.Meta.NormNum.initFn._lam_2._@.Mathlib.Tactic.NormNum.Core.525676807._hygCtx._hyg.2._boxed took 0.228ms
interpretation of _private.Mathlib.Tactic.NormNum.Core.0.Mathlib.Meta.NormNum.initFn._lam_1._@.Mathlib.Tactic.NormNum.Core.525676807._hygCtx._hyg.2 took 4.47ms
interpretation of Mathlib.Meta.NormNum.evalIntCast took 4.72ms
interpretation of _private.Mathlib.Tactic.NormNum.Core.0.Mathlib.Meta.NormNum.initFn._lam_2._@.Mathlib.Tactic.NormNum.Core.525676807._hygCtx._hyg.2._boxed took 0.14ms
interpretation of _private.Mathlib.Tactic.NormNum.Core.0.Mathlib.Meta.NormNum.initFn._lam_1._@.Mathlib.Tactic.NormNum.Core.525676807._hygCtx._hyg.2 took 0.224ms
interpretation of Mathlib.Meta.NormNum.evalAdd took 3.61ms
interpretation of _private.Mathlib.Tactic.NormNum.Core.0.Mathlib.Meta.NormNum.initFn._lam_2._@.Mathlib.Tactic.NormNum.Core.525676807._hygCtx._hyg.2._boxed took 0.117ms
interpretation of _private.Mathlib.Tactic.NormNum.Core.0.Mathlib.Meta.NormNum.initFn._lam_1._@.Mathlib.Tactic.NormNum.Core.525676807._hygCtx._hyg.2 took 0.161ms
interpretation of Mathlib.Meta.NormNum.evalNeg took 3.68ms
interpretation of _private.Mathlib.Tactic.NormNum.Core.0.Mathlib.Meta.NormNum.initFn._lam_2._@.Mathlib.Tactic.NormNum.Core.525676807._hygCtx._hyg.2._boxed took 0.12ms
interpretation of _private.Mathlib.Tactic.NormNum.Core.0.Mathlib.Meta.NormNum.initFn._lam_1._@.Mathlib.Tactic.NormNum.Core.525676807._hygCtx._hyg.2 took 0.135ms
interpretation of Mathlib.Meta.NormNum.evalSub took 3.61ms
interpretation of _private.Mathlib.Tactic.NormNum.Core.0.Mathlib.Meta.NormNum.initFn._lam_2._@.Mathlib.Tactic.NormNum.Core.525676807._hygCtx._hyg.2._boxed took 0.109ms
interpretation of _private.Mathlib.Tactic.NormNum.Core.0.Mathlib.Meta.NormNum.initFn._lam_1._@.Mathlib.Tactic.NormNum.Core.525676807._hygCtx._hyg.2 took 0.14ms
interpretation of Mathlib.Meta.NormNum.evalMul took 3.58ms
interpretation of _private.Mathlib.Tactic.NormNum.Core.0.Mathlib.Meta.NormNum.initFn._lam_2._@.Mathlib.Tactic.NormNum.Core.525676807._hygCtx._hyg.2._boxed took 0.0952ms
interpretation of _private.Mathlib.Tactic.NormNum.Core.0.Mathlib.Meta.NormNum.initFn._lam_1._@.Mathlib.Tactic.NormNum.Core.525676807._hygCtx._hyg.2 took 0.0999ms
interpretation of Mathlib.Meta.NormNum.evalDiv took 3.38ms
interpretation of _private.Mathlib.Tactic.NormNum.Core.0.Mathlib.Meta.NormNum.initFn._lam_2._@.Mathlib.Tactic.NormNum.Core.525676807._hygCtx._hyg.2._boxed took 0.0773ms
interpretation of _private.Mathlib.Tactic.NormNum.Core.0.Mathlib.Meta.NormNum.initFn._lam_1._@.Mathlib.Tactic.NormNum.Core.525676807._hygCtx._hyg.2 took 0.0877ms
interpretation of Mathlib.Meta.NormNum.evalTrue took 4.23ms
interpretation of _private.Mathlib.Tactic.NormNum.Core.0.Mathlib.Meta.NormNum.initFn._lam_2._@.Mathlib.Tactic.NormNum.Core.525676807._hygCtx._hyg.2._boxed took 0.158ms
interpretation of _private.Mathlib.Tactic.NormNum.Core.0.Mathlib.Meta.NormNum.initFn._lam_1._@.Mathlib.Tactic.NormNum.Core.525676807._hygCtx._hyg.2 took 0.112ms
interpretation of Mathlib.Meta.NormNum.evalFalse took 4.19ms
interpretation of _private.Mathlib.Tactic.NormNum.Core.0.Mathlib.Meta.NormNum.initFn._lam_2._@.Mathlib.Tactic.NormNum.Core.525676807._hygCtx._hyg.2._boxed took 0.196ms
interpretation of _private.Mathlib.Tactic.NormNum.Core.0.Mathlib.Meta.NormNum.initFn._lam_1._@.Mathlib.Tactic.NormNum.Core.525676807._hygCtx._hyg.2 took 0.221ms
interpretation of Mathlib.Meta.NormNum.evalNot took 4.94ms
interpretation of _private.Mathlib.Tactic.NormNum.Core.0.Mathlib.Meta.NormNum.initFn._lam_2._@.Mathlib.Tactic.NormNum.Core.525676807._hygCtx._hyg.2._boxed took 0.124ms
interpretation of _private.Mathlib.Tactic.NormNum.Core.0.Mathlib.Meta.NormNum.initFn._lam_1._@.Mathlib.Tactic.NormNum.Core.525676807._hygCtx._hyg.2 took 0.091ms
interpretation of Mathlib.Meta.NormNum.evalNatSucc took 4.12ms
interpretation of _private.Mathlib.Tactic.NormNum.Core.0.Mathlib.Meta.NormNum.initFn._lam_2._@.Mathlib.Tactic.NormNum.Core.525676807._hygCtx._hyg.2._boxed took 0.0971ms
interpretation of _private.Mathlib.Tactic.NormNum.Core.0.Mathlib.Meta.NormNum.initFn._lam_1._@.Mathlib.Tactic.NormNum.Core.525676807._hygCtx._hyg.2 took 0.109ms
interpretation of Mathlib.Meta.NormNum.evalNatSub took 3.56ms
interpretation of _private.Mathlib.Tactic.NormNum.Core.0.Mathlib.Meta.NormNum.initFn._lam_2._@.Mathlib.Tactic.NormNum.Core.525676807._hygCtx._hyg.2._boxed took 0.077ms
interpretation of _private.Mathlib.Tactic.NormNum.Core.0.Mathlib.Meta.NormNum.initFn._lam_1._@.Mathlib.Tactic.NormNum.Core.525676807._hygCtx._hyg.2 took 0.69ms
interpretation of Mathlib.Meta.NormNum.evalNatMod took 3.72ms
interpretation of _private.Mathlib.Tactic.NormNum.Core.0.Mathlib.Meta.NormNum.initFn._lam_2._@.Mathlib.Tactic.NormNum.Core.525676807._hygCtx._hyg.2._boxed took 0.0832ms
interpretation of _private.Mathlib.Tactic.NormNum.Core.0.Mathlib.Meta.NormNum.initFn._lam_1._@.Mathlib.Tactic.NormNum.Core.525676807._hygCtx._hyg.2 took 0.102ms
interpretation of Mathlib.Meta.NormNum.evalNatDiv took 5.51ms
interpretation of _private.Mathlib.Tactic.NormNum.Core.0.Mathlib.Meta.NormNum.initFn._lam_2._@.Mathlib.Tactic.NormNum.Core.525676807._hygCtx._hyg.2._boxed took 0.125ms
interpretation of _private.Mathlib.Tactic.NormNum.Core.0.Mathlib.Meta.NormNum.initFn._lam_1._@.Mathlib.Tactic.NormNum.Core.525676807._hygCtx._hyg.2 took 2.03ms
interpretation of Mathlib.Meta.NormNum.evalNatDvd took 4.61ms
interpretation of _private.Mathlib.Tactic.NormNum.Core.0.Mathlib.Meta.NormNum.initFn._lam_2._@.Mathlib.Tactic.NormNum.Core.525676807._hygCtx._hyg.2._boxed took 0.138ms
interpretation of _private.Mathlib.Tactic.NormNum.Core.0.Mathlib.Meta.NormNum.initFn._lam_1._@.Mathlib.Tactic.NormNum.Core.525676807._hygCtx._hyg.2 took 0.2ms
interpretation of Mathlib.Meta.NormNum.evalMkRat took 5.76ms
interpretation of _private.Mathlib.Tactic.NormNum.Core.0.Mathlib.Meta.NormNum.initFn._lam_2._@.Mathlib.Tactic.NormNum.Core.525676807._hygCtx._hyg.2._boxed took 0.118ms
interpretation of _private.Mathlib.Tactic.NormNum.Core.0.Mathlib.Meta.NormNum.initFn._lam_1._@.Mathlib.Tactic.NormNum.Core.525676807._hygCtx._hyg.2 took 0.105ms
interpretation of Mathlib.Meta.NormNum.evalNNRatDivNat took 6.14ms
interpretation of _private.Mathlib.Tactic.NormNum.Core.0.Mathlib.Meta.NormNum.initFn._lam_2._@.Mathlib.Tactic.NormNum.Core.525676807._hygCtx._hyg.2._boxed took 0.143ms
interpretation of _private.Mathlib.Tactic.NormNum.Core.0.Mathlib.Meta.NormNum.initFn._lam_1._@.Mathlib.Tactic.NormNum.Core.525676807._hygCtx._hyg.2 took 0.177ms
interpretation of Mathlib.Meta.NormNum.evalRatCast took 6.96ms
interpretation of _private.Mathlib.Tactic.NormNum.Core.0.Mathlib.Meta.NormNum.initFn._lam_2._@.Mathlib.Tactic.NormNum.Core.525676807._hygCtx._hyg.2._boxed took 0.167ms
interpretation of _private.Mathlib.Tactic.NormNum.Core.0.Mathlib.Meta.NormNum.initFn._lam_1._@.Mathlib.Tactic.NormNum.Core.525676807._hygCtx._hyg.2 took 0.231ms
interpretation of Mathlib.Meta.NormNum.evalNNRatCast took 3.67ms
interpretation of _private.Mathlib.Tactic.NormNum.Core.0.Mathlib.Meta.NormNum.initFn._lam_2._@.Mathlib.Tactic.NormNum.Core.525676807._hygCtx._hyg.2._boxed took 0.107ms
interpretation of _private.Mathlib.Tactic.NormNum.Core.0.Mathlib.Meta.NormNum.initFn._lam_1._@.Mathlib.Tactic.NormNum.Core.525676807._hygCtx._hyg.2 took 0.198ms
interpretation of Mathlib.Meta.NormNum.evalInv took 3.85ms
interpretation of _private.Mathlib.Tactic.NormNum.Core.0.Mathlib.Meta.NormNum.initFn._lam_2._@.Mathlib.Tactic.NormNum.Core.525676807._hygCtx._hyg.2._boxed took 0.116ms
interpretation of _private.Mathlib.Tactic.NormNum.Core.0.Mathlib.Meta.NormNum.initFn._lam_1._@.Mathlib.Tactic.NormNum.Core.525676807._hygCtx._hyg.2 took 0.103ms
interpretation of Mathlib.Meta.NormNum.evalPow took 6.13ms
interpretation of _private.Mathlib.Tactic.NormNum.Core.0.Mathlib.Meta.NormNum.initFn._lam_2._@.Mathlib.Tactic.NormNum.Core.525676807._hygCtx._hyg.2._boxed took 0.123ms
interpretation of _private.Mathlib.Tactic.NormNum.Core.0.Mathlib.Meta.NormNum.initFn._lam_1._@.Mathlib.Tactic.NormNum.Core.525676807._hygCtx._hyg.2 took 0.112ms
interpretation of Mathlib.Meta.NormNum.evalZPow took 4.43ms
interpretation of _private.Mathlib.Tactic.NormNum.Core.0.Mathlib.Meta.NormNum.initFn._lam_2._@.Mathlib.Tactic.NormNum.Core.525676807._hygCtx._hyg.2._boxed took 0.121ms
interpretation of _private.Mathlib.Tactic.NormNum.Core.0.Mathlib.Meta.NormNum.initFn._lam_1._@.Mathlib.Tactic.NormNum.Core.525676807._hygCtx._hyg.2 took 0.281ms
interpretation of Mathlib.Meta.NormNum.evalAbs took 5.64ms
interpretation of _private.Mathlib.Tactic.NormNum.Core.0.Mathlib.Meta.NormNum.initFn._lam_2._@.Mathlib.Tactic.NormNum.Core.525676807._hygCtx._hyg.2._boxed took 0.151ms
interpretation of _private.Mathlib.Tactic.NormNum.Core.0.Mathlib.Meta.NormNum.initFn._lam_1._@.Mathlib.Tactic.NormNum.Core.525676807._hygCtx._hyg.2 took 1.66ms
interpretation of Mathlib.Meta.NormNum.evalEq took 7.04ms
interpretation of _private.Mathlib.Tactic.NormNum.Core.0.Mathlib.Meta.NormNum.initFn._lam_2._@.Mathlib.Tactic.NormNum.Core.525676807._hygCtx._hyg.2._boxed took 0.163ms
interpretation of _private.Mathlib.Tactic.NormNum.Core.0.Mathlib.Meta.NormNum.initFn._lam_1._@.Mathlib.Tactic.NormNum.Core.525676807._hygCtx._hyg.2 took 0.254ms
interpretation of Mathlib.Meta.NormNum.evalLE took 6.95ms
interpretation of _private.Mathlib.Tactic.NormNum.Core.0.Mathlib.Meta.NormNum.initFn._lam_2._@.Mathlib.Tactic.NormNum.Core.525676807._hygCtx._hyg.2._boxed took 0.154ms
interpretation of _private.Mathlib.Tactic.NormNum.Core.0.Mathlib.Meta.NormNum.initFn._lam_1._@.Mathlib.Tactic.NormNum.Core.525676807._hygCtx._hyg.2 took 0.11ms
interpretation of Mathlib.Meta.NormNum.evalLT took 3.74ms
interpretation of _private.Mathlib.Tactic.NormNum.Core.0.Mathlib.Meta.NormNum.initFn._lam_2._@.Mathlib.Tactic.NormNum.Core.525676807._hygCtx._hyg.2._boxed took 0.0808ms
interpretation of _private.Mathlib.Tactic.NormNum.Core.0.Mathlib.Meta.NormNum.initFn._lam_1._@.Mathlib.Tactic.NormNum.Core.525676807._hygCtx._hyg.2 took 0.121ms
interpretation of Mathlib.Meta.NormNum.evalIntDiv took 5.88ms
interpretation of _private.Mathlib.Tactic.NormNum.Core.0.Mathlib.Meta.NormNum.initFn._lam_2._@.Mathlib.Tactic.NormNum.Core.525676807._hygCtx._hyg.2._boxed took 0.0784ms
interpretation of _private.Mathlib.Tactic.NormNum.Core.0.Mathlib.Meta.NormNum.initFn._lam_1._@.Mathlib.Tactic.NormNum.Core.525676807._hygCtx._hyg.2 took 0.662ms
interpretation of Mathlib.Meta.NormNum.evalIntMod took 3.57ms
interpretation of _private.Mathlib.Tactic.NormNum.Core.0.Mathlib.Meta.NormNum.initFn._lam_2._@.Mathlib.Tactic.NormNum.Core.525676807._hygCtx._hyg.2._boxed took 0.0572ms
interpretation of _private.Mathlib.Tactic.NormNum.Core.0.Mathlib.Meta.NormNum.initFn._lam_1._@.Mathlib.Tactic.NormNum.Core.525676807._hygCtx._hyg.2 took 0.088ms
interpretation of Mathlib.Meta.NormNum.evalIntDvd took 3.98ms
interpretation of _private.Mathlib.Tactic.NormNum.Core.0.Mathlib.Meta.NormNum.initFn._lam_2._@.Mathlib.Tactic.NormNum.Core.525676807._hygCtx._hyg.2._boxed took 0.0619ms
interpretation of _private.Mathlib.Tactic.NormNum.Core.0.Mathlib.Meta.NormNum.initFn._lam_1._@.Mathlib.Tactic.NormNum.Core.525676807._hygCtx._hyg.2 took 0.116ms
interpretation of Mathlib.Meta.NormNum.evalOfScientific took 5.8ms
interpretation of _private.Mathlib.Tactic.NormNum.Core.0.Mathlib.Meta.NormNum.initFn._lam_2._@.Mathlib.Tactic.NormNum.Core.525676807._hygCtx._hyg.2._boxed took 0.0857ms
interpretation of _private.Mathlib.Tactic.NormNum.Core.0.Mathlib.Meta.NormNum.initFn._lam_1._@.Mathlib.Tactic.NormNum.Core.525676807._hygCtx._hyg.2 took 0.0809ms
interpretation of Rat.evalIntFloor took 3.92ms
interpretation of _private.Mathlib.Tactic.NormNum.Core.0.Mathlib.Meta.NormNum.initFn._lam_2._@.Mathlib.Tactic.NormNum.Core.525676807._hygCtx._hyg.2._boxed took 0.0832ms
interpretation of _private.Mathlib.Tactic.NormNum.Core.0.Mathlib.Meta.NormNum.initFn._lam_1._@.Mathlib.Tactic.NormNum.Core.525676807._hygCtx._hyg.2 took 1.13ms
interpretation of Rat.evalIntCeil took 3.3ms
interpretation of _private.Mathlib.Tactic.NormNum.Core.0.Mathlib.Meta.NormNum.initFn._lam_2._@.Mathlib.Tactic.NormNum.Core.525676807._hygCtx._hyg.2._boxed took 0.0742ms
interpretation of _private.Mathlib.Tactic.NormNum.Core.0.Mathlib.Meta.NormNum.initFn._lam_1._@.Mathlib.Tactic.NormNum.Core.525676807._hygCtx._hyg.2 took 0.0794ms
interpretation of Rat.evalIntFract took 3.58ms
interpretation of _private.Mathlib.Tactic.NormNum.Core.0.Mathlib.Meta.NormNum.initFn._lam_2._@.Mathlib.Tactic.NormNum.Core.525676807._hygCtx._hyg.2._boxed took 0.108ms
interpretation of _private.Mathlib.Tactic.NormNum.Core.0.Mathlib.Meta.NormNum.initFn._lam_1._@.Mathlib.Tactic.NormNum.Core.525676807._hygCtx._hyg.2 took 0.131ms
interpretation of Rat.evalRound took 3.28ms
interpretation of _private.Mathlib.Tactic.NormNum.Core.0.Mathlib.Meta.NormNum.initFn._lam_2._@.Mathlib.Tactic.NormNum.Core.525676807._hygCtx._hyg.2._boxed took 0.177ms
interpretation of _private.Mathlib.Tactic.NormNum.Core.0.Mathlib.Meta.NormNum.initFn._lam_1._@.Mathlib.Tactic.NormNum.Core.525676807._hygCtx._hyg.2 took 0.143ms
interpretation of Mathlib.Meta.NormNum.evalFinsetProd took 6.41ms
interpretation of _private.Mathlib.Tactic.NormNum.Core.0.Mathlib.Meta.NormNum.initFn._lam_2._@.Mathlib.Tactic.NormNum.Core.525676807._hygCtx._hyg.2._boxed took 0.139ms
interpretation of _private.Mathlib.Tactic.NormNum.Core.0.Mathlib.Meta.NormNum.initFn._lam_1._@.Mathlib.Tactic.NormNum.Core.525676807._hygCtx._hyg.2 took 0.17ms
interpretation of Mathlib.Meta.NormNum.evalFinsetSum took 4.12ms
interpretation of _private.Mathlib.Tactic.NormNum.Core.0.Mathlib.Meta.NormNum.initFn._lam_2._@.Mathlib.Tactic.NormNum.Core.525676807._hygCtx._hyg.2._boxed took 0.0993ms
interpretation of _private.Mathlib.Tactic.NormNum.Core.0.Mathlib.Meta.NormNum.initFn._lam_1._@.Mathlib.Tactic.NormNum.Core.525676807._hygCtx._hyg.2 took 0.122ms
interpretation of Mathlib.Meta.NormNum.evalNatFactorial took 6.89ms
interpretation of _private.Mathlib.Tactic.NormNum.Core.0.Mathlib.Meta.NormNum.initFn._lam_2._@.Mathlib.Tactic.NormNum.Core.525676807._hygCtx._hyg.2._boxed took 0.128ms
interpretation of _private.Mathlib.Tactic.NormNum.Core.0.Mathlib.Meta.NormNum.initFn._lam_1._@.Mathlib.Tactic.NormNum.Core.525676807._hygCtx._hyg.2 took 0.0928ms
interpretation of Mathlib.Meta.NormNum.evalNatAscFactorial took 3.79ms
interpretation of _private.Mathlib.Tactic.NormNum.Core.0.Mathlib.Meta.NormNum.initFn._lam_2._@.Mathlib.Tactic.NormNum.Core.525676807._hygCtx._hyg.2._boxed took 0.0755ms
interpretation of _private.Mathlib.Tactic.NormNum.Core.0.Mathlib.Meta.NormNum.initFn._lam_1._@.Mathlib.Tactic.NormNum.Core.525676807._hygCtx._hyg.2 took 0.0751ms
interpretation of Mathlib.Meta.NormNum.evalNatDescFactorial took 4.51ms
interpretation of _private.Mathlib.Tactic.NormNum.Core.0.Mathlib.Meta.NormNum.initFn._lam_2._@.Mathlib.Tactic.NormNum.Core.525676807._hygCtx._hyg.2._boxed took 0.0914ms
interpretation of _private.Mathlib.Tactic.NormNum.Core.0.Mathlib.Meta.NormNum.initFn._lam_1._@.Mathlib.Tactic.NormNum.Core.525676807._hygCtx._hyg.2 took 0.15ms
interpretation of Mathlib.Meta.NormNum.evalRPow took 5.64ms
interpretation of _private.Mathlib.Tactic.NormNum.Core.0.Mathlib.Meta.NormNum.initFn._lam_2._@.Mathlib.Tactic.NormNum.Core.525676807._hygCtx._hyg.2._boxed took 0.131ms
interpretation of _private.Mathlib.Tactic.NormNum.Core.0.Mathlib.Meta.NormNum.initFn._lam_1._@.Mathlib.Tactic.NormNum.Core.525676807._hygCtx._hyg.2 took 0.135ms
interpretation of Mathlib.Meta.NormNum.evalNNRealRPow took 6.22ms
interpretation of _private.Mathlib.Tactic.NormNum.Core.0.Mathlib.Meta.NormNum.initFn._lam_2._@.Mathlib.Tactic.NormNum.Core.525676807._hygCtx._hyg.2._boxed took 0.226ms
interpretation of _private.Mathlib.Tactic.NormNum.Core.0.Mathlib.Meta.NormNum.initFn._lam_1._@.Mathlib.Tactic.NormNum.Core.525676807._hygCtx._hyg.2 took 0.273ms
interpretation of _private.Mathlib.Tactic.NormNum.Core.0.Mathlib.Meta.NormNum.initFn._lam_0._@.Mathlib.Tactic.NormNum.Core.525676807._hygCtx._hyg.2._boxed took 0.777ms
interpretation of Mathlib.Meta.Positivity.evalRatCast took 1.79ms
interpretation of Mathlib.Meta.Positivity.evalNNRatCast took 1.85ms
interpretation of Mathlib.Meta.Positivity.evalIte took 1.78ms
interpretation of Mathlib.Meta.Positivity.evalMin took 2.27ms
interpretation of Mathlib.Meta.Positivity.evalMax took 1.66ms
interpretation of Mathlib.Meta.Positivity.evalAdd took 1.63ms
interpretation of Mathlib.Meta.Positivity.evalSub took 1.64ms
interpretation of Mathlib.Meta.Positivity.evalMul took 1.81ms
interpretation of Mathlib.Meta.Positivity.evalIntDiv took 2.58ms
interpretation of Mathlib.Meta.Positivity.evalPowZeroNat took 1.91ms
interpretation of Mathlib.Meta.Positivity.evalPow took 1.59ms
interpretation of Mathlib.Meta.Positivity.evalAbs took 1.75ms
interpretation of Mathlib.Meta.Positivity.evalNatAbs took 1.74ms
interpretation of Mathlib.Meta.Positivity.evalNatCast took 2.72ms
interpretation of Mathlib.Meta.Positivity.evalIntCast took 1.57ms
interpretation of Mathlib.Meta.Positivity.evalNatSucc took 1.48ms
interpretation of Mathlib.Meta.Positivity.evalPNatVal took 1.71ms
interpretation of Mathlib.Meta.Positivity.evalFactorial took 1.58ms
interpretation of Mathlib.Meta.Positivity.evalAscFactorial took 1.54ms
interpretation of Mathlib.Meta.Positivity.evalNatGCD took 1.49ms
interpretation of Mathlib.Meta.Positivity.evalNatLCM took 1.6ms
interpretation of Mathlib.Meta.Positivity.evalNatSqrt took 1.79ms
interpretation of Mathlib.Meta.Positivity.evalIntGCD took 1.6ms
interpretation of Mathlib.Meta.Positivity.evalIntLCM took 1.58ms
interpretation of Mathlib.Meta.Positivity.evalNNRatNum took 1.63ms
interpretation of Mathlib.Meta.Positivity.evalNNRatDen took 1.73ms
interpretation of Mathlib.Meta.Positivity.evalRatNum took 1.73ms
interpretation of Mathlib.Meta.Positivity.evalRatDen took 1.74ms
interpretation of Mathlib.Meta.Positivity.evalPosPart took 1.72ms
interpretation of Mathlib.Meta.Positivity.evalNegPart took 2.08ms
interpretation of Mathlib.Meta.Positivity.evalMap took 2.78ms
interpretation of Mathlib.Meta.Positivity.evalDiv took 2.02ms
interpretation of Mathlib.Meta.Positivity.evalInv took 1.77ms
interpretation of Mathlib.Meta.Positivity.evalPowZeroInt took 1.7ms
interpretation of Mathlib.Meta.Positivity.evalFinsetCard took 1.64ms
interpretation of Mathlib.Meta.Positivity.evalFintypeCard took 1.88ms
interpretation of Mathlib.Meta.Positivity.evalFinsetDens took 1.51ms
interpretation of Mathlib.Meta.Positivity.evalFinsetSum took 1.42ms
interpretation of IsAbsoluteValue.Mathlib.Meta.Positivity.evalAbv took 1.5ms
interpretation of Mathlib.Meta.Positivity.evalFinsetProd took 1.43ms
interpretation of Mathlib.Meta.Positivity.evalAlgebraMap took 1.55ms
interpretation of Mathlib.Meta.Positivity.evalIntFloor took 2.43ms
interpretation of Mathlib.Meta.Positivity.evalNatCeil took 2.65ms
interpretation of Mathlib.Meta.Positivity.evalIntCeil took 2.26ms
interpretation of Mathlib.Meta.Positivity.evalIntFract took 1.61ms
interpretation of Mathlib.Meta.Positivity.evalNNRealtoReal took 1.71ms
interpretation of Mathlib.Meta.Positivity.evalRealToNNReal took 1.7ms
interpretation of Mathlib.Meta.Positivity.evalRealNNAbs took 1.73ms
interpretation of Mathlib.Meta.Positivity.evalENNRealtoReal took 1.79ms
interpretation of Mathlib.Meta.Positivity.evalENNRealOfNNReal took 1.84ms
interpretation of Mathlib.Meta.Positivity.evalENNRealOfReal took 1.86ms
interpretation of Mathlib.Meta.Positivity.evalRealToEReal took 1.78ms
interpretation of Mathlib.Meta.Positivity.evalENNRealToEReal took 2.01ms
interpretation of Mathlib.Meta.Positivity.evalERealToReal took 2.35ms
interpretation of Mathlib.Meta.Positivity.evalERealToENNReal took 2.15ms
interpretation of Mathlib.Meta.Positivity.evalSMul took 1.69ms
interpretation of Mathlib.Meta.Positivity.evalDist took 2.39ms
interpretation of Mathlib.Meta.Positivity.evalMulNorm took 1.77ms
interpretation of Mathlib.Meta.Positivity.evalAddNorm took 1.71ms
interpretation of Mathlib.Meta.Positivity.evalTsum took 1.77ms
interpretation of Mathlib.Meta.Positivity.evalERealAdd took 1.75ms
interpretation of Mathlib.Meta.Positivity.evalERealMul took 1.75ms
interpretation of Mathlib.Meta.Positivity.evalDiam took 1.74ms
interpretation of Mathlib.Meta.Positivity.evalNNRealSqrt took 1.82ms
interpretation of Mathlib.Meta.Positivity.evalSqrt took 1.86ms
interpretation of Mathlib.Meta.Positivity.evalComplexOfReal took 1.93ms
interpretation of Mathlib.Meta.Positivity.evalFinsetExpect took 1.92ms
interpretation of Mathlib.Meta.Positivity.evalExp took 2.2ms
interpretation of Mathlib.Meta.Positivity.evalCosh took 3.13ms
interpretation of Mathlib.Meta.Positivity.evalZPow took 3.18ms
interpretation of Mathlib.Meta.Positivity.evalERealInv took 3.33ms
interpretation of Mathlib.Meta.Positivity.evalERealDiv took 3.81ms
interpretation of Mathlib.Meta.Positivity.evalRealPi took 2.49ms
interpretation of Mathlib.Meta.Positivity.evalNatTotient took 2.38ms
interpretation of Mathlib.Meta.Positivity.evalLogNatCast took 2.1ms
interpretation of Mathlib.Meta.Positivity.evalLogIntCast took 1.62ms
interpretation of Mathlib.Meta.Positivity.evalLogNatLit took 1.63ms
interpretation of Mathlib.Meta.Positivity.evalRpowZero took 1.7ms
interpretation of Mathlib.Meta.Positivity.evalRpow took 1.72ms
interpretation of Mathlib.Meta.Positivity.evalNNRealRpow took 1.61ms
interpretation of Mathlib.Meta.Positivity.evalENNRealRpow took 1.48ms
interpretation of _private.Mathlib.Tactic.Positivity.Core.0.Mathlib.Meta.Positivity.initFn._lam_4._@.Mathlib.Tactic.Positivity.Core.3395534674._hygCtx._hyg.2._boxed took 27.8ms
interpretation of Aesop.BaseRuleSet.add took 0.162ms
interpretation of Aesop.BaseRuleSet.add took 0.0823ms
interpretation of Aesop.BaseRuleSet.add took 0.0591ms
interpretation of Aesop.BaseRuleSet.add took 0.0526ms
interpretation of Aesop.BaseRuleSet.add took 0.0592ms
interpretation of Aesop.BaseRuleSet.add took 0.0703ms
interpretation of Aesop.BaseRuleSet.add took 0.0504ms
interpretation of Aesop.BaseRuleSet.add took 0.0503ms
interpretation of Aesop.BaseRuleSet.add took 0.054ms
interpretation of Aesop.BaseRuleSet.add took 0.0629ms
interpretation of Aesop.BaseRuleSet.add took 0.0722ms
interpretation of Aesop.BaseRuleSet.add took 0.0657ms
interpretation of Aesop.BaseRuleSet.add took 0.0584ms
interpretation of Aesop.BaseRuleSet.add took 0.0697ms
interpretation of Aesop.BaseRuleSet.add took 0.04ms
interpretation of Aesop.BaseRuleSet.add took 0.0381ms
interpretation of Aesop.BaseRuleSet.add took 0.0611ms
interpretation of Aesop.BaseRuleSet.add took 0.0745ms
interpretation of Aesop.BaseRuleSet.add took 0.0606ms
interpretation of Aesop.BaseRuleSet.add took 0.0679ms
interpretation of Aesop.BaseRuleSet.add took 0.0525ms
interpretation of Aesop.BaseRuleSet.add took 0.0692ms
interpretation of Aesop.BaseRuleSet.add took 0.0313ms
interpretation of Aesop.BaseRuleSet.add took 0.0399ms
interpretation of Aesop.BaseRuleSet.add took 0.0536ms
interpretation of Aesop.BaseRuleSet.add took 0.0362ms
interpretation of Aesop.BaseRuleSet.add took 0.031ms
interpretation of Aesop.BaseRuleSet.add took 0.0321ms
interpretation of Aesop.BaseRuleSet.add took 0.074ms
interpretation of Aesop.BaseRuleSet.add took 0.0462ms
interpretation of Aesop.BaseRuleSet.add took 0.0536ms
interpretation of Aesop.BaseRuleSet.add took 0.0338ms
interpretation of Aesop.BaseRuleSet.add took 0.0302ms
interpretation of Aesop.BaseRuleSet.add took 0.0318ms
interpretation of Aesop.BaseRuleSet.add took 0.0474ms
interpretation of Aesop.BaseRuleSet.add took 0.0544ms
interpretation of Aesop.BaseRuleSet.add took 0.0308ms
interpretation of Aesop.Frontend.extensionDescr._lam_1._boxed took 0.0064ms
interpretation of fieldEq took 0.465ms
interpretation of fieldLe took 0.423ms
interpretation of fieldLt took 0.441ms
interpretation of Aesop.BaseRuleSet.add took 0.0913ms
interpretation of Aesop.BaseRuleSet.add took 0.0766ms
interpretation of Aesop.BaseRuleSet.add took 0.0456ms
interpretation of Aesop.BaseRuleSet.add took 0.0352ms
interpretation of Aesop.BaseRuleSet.add took 0.0395ms
interpretation of Aesop.BaseRuleSet.add took 0.0441ms
interpretation of Aesop.BaseRuleSet.add took 0.0339ms
interpretation of Aesop.BaseRuleSet.add took 0.0352ms
interpretation of Aesop.BaseRuleSet.add took 0.0358ms
interpretation of Aesop.BaseRuleSet.add took 0.0362ms
interpretation of Aesop.BaseRuleSet.add took 0.0387ms
interpretation of Aesop.BaseRuleSet.add took 0.0371ms
interpretation of Aesop.BaseRuleSet.add took 0.0326ms
interpretation of Aesop.BaseRuleSet.add took 0.0355ms
interpretation of Aesop.BaseRuleSet.add took 0.0317ms
interpretation of Aesop.BaseRuleSet.add took 0.0386ms
interpretation of Aesop.BaseRuleSet.add took 0.0625ms
interpretation of Aesop.BaseRuleSet.add took 0.041ms
interpretation of Aesop.BaseRuleSet.add took 0.0341ms
interpretation of Aesop.BaseRuleSet.add took 0.0358ms
interpretation of Aesop.BaseRuleSet.add took 0.0398ms
interpretation of Aesop.BaseRuleSet.add took 0.0632ms
interpretation of Aesop.BaseRuleSet.add took 0.055ms
interpretation of Aesop.BaseRuleSet.add took 0.0357ms
interpretation of Aesop.BaseRuleSet.add took 0.037ms
interpretation of Aesop.BaseRuleSet.add took 0.0373ms
interpretation of Aesop.BaseRuleSet.add took 0.0406ms
interpretation of Aesop.BaseRuleSet.add took 0.0395ms
interpretation of Aesop.BaseRuleSet.add took 0.0366ms
interpretation of Aesop.BaseRuleSet.add took 0.0327ms
interpretation of Aesop.BaseRuleSet.add took 0.0386ms
interpretation of Aesop.BaseRuleSet.add took 0.053ms
interpretation of Aesop.BaseRuleSet.add took 0.034ms
interpretation of Aesop.BaseRuleSet.add took 0.0421ms
interpretation of Aesop.BaseRuleSet.add took 0.0361ms
interpretation of Aesop.BaseRuleSet.add took 0.0493ms
interpretation of Aesop.BaseRuleSet.add took 0.0765ms
interpretation of Aesop.BaseRuleSet.add took 0.0685ms
interpretation of Aesop.BaseRuleSet.add took 0.038ms
interpretation of Aesop.BaseRuleSet.add took 0.0494ms
interpretation of Aesop.BaseRuleSet.add took 0.0425ms
interpretation of Aesop.BaseRuleSet.add took 0.0409ms
interpretation of Aesop.BaseRuleSet.add took 0.0516ms
interpretation of Aesop.BaseRuleSet.add took 0.0701ms
interpretation of Aesop.BaseRuleSet.add took 0.0471ms
interpretation of Aesop.BaseRuleSet.add took 0.0601ms
interpretation of Aesop.BaseRuleSet.add took 0.0536ms
interpretation of Aesop.BaseRuleSet.add took 0.0432ms
interpretation of Aesop.BaseRuleSet.add took 0.062ms
interpretation of Aesop.BaseRuleSet.add took 0.036ms
interpretation of Aesop.BaseRuleSet.add took 0.0688ms
interpretation of Aesop.BaseRuleSet.add took 0.0353ms
interpretation of Aesop.BaseRuleSet.add took 0.0394ms
interpretation of Aesop.BaseRuleSet.add took 0.0416ms
interpretation of Aesop.BaseRuleSet.add took 0.0706ms
interpretation of Aesop.BaseRuleSet.add took 0.0342ms
interpretation of Aesop.BaseRuleSet.add took 0.0421ms
interpretation of Aesop.BaseRuleSet.add took 0.0337ms
interpretation of Aesop.BaseRuleSet.add took 0.0549ms
interpretation of Aesop.BaseRuleSet.add took 0.0401ms
interpretation of Aesop.BaseRuleSet.add took 0.0383ms
interpretation of Aesop.BaseRuleSet.add took 0.0451ms
interpretation of Aesop.BaseRuleSet.add took 0.0679ms
interpretation of Aesop.BaseRuleSet.add took 0.069ms
interpretation of Aesop.BaseRuleSet.add took 0.0417ms
interpretation of Aesop.BaseRuleSet.add took 0.043ms
interpretation of Aesop.BaseRuleSet.add took 0.0345ms
interpretation of Aesop.BaseRuleSet.add took 0.094ms
interpretation of Aesop.BaseRuleSet.add took 0.0787ms
interpretation of Aesop.BaseRuleSet.add took 0.0401ms
interpretation of Aesop.BaseRuleSet.add took 0.0423ms
interpretation of Aesop.BaseRuleSet.add took 0.0407ms
interpretation of Aesop.BaseRuleSet.add took 0.0417ms
interpretation of Aesop.BaseRuleSet.add took 0.0412ms
interpretation of Aesop.BaseRuleSet.add took 0.0661ms
interpretation of Aesop.BaseRuleSet.add took 0.0503ms
interpretation of Aesop.BaseRuleSet.add took 0.0407ms
interpretation of Aesop.BaseRuleSet.add took 0.0588ms
interpretation of Aesop.BaseRuleSet.add took 0.076ms
interpretation of Aesop.BaseRuleSet.add took 0.0686ms
interpretation of Aesop.BaseRuleSet.add took 0.0525ms
interpretation of Aesop.BaseRuleSet.add took 0.051ms
interpretation of Aesop.BaseRuleSet.add took 0.0423ms
interpretation of Aesop.BaseRuleSet.add took 0.0419ms
interpretation of Aesop.BaseRuleSet.add took 0.0454ms
interpretation of Aesop.BaseRuleSet.add took 0.0596ms
interpretation of Aesop.BaseRuleSet.add took 0.0472ms
interpretation of Aesop.BaseRuleSet.add took 0.0415ms
interpretation of Aesop.BaseRuleSet.add took 0.0668ms
interpretation of Aesop.BaseRuleSet.add took 0.0406ms
interpretation of Aesop.BaseRuleSet.add took 0.0396ms
interpretation of Aesop.BaseRuleSet.add took 0.0378ms
interpretation of Aesop.BaseRuleSet.add took 0.0681ms
interpretation of Aesop.BaseRuleSet.add took 0.0602ms
interpretation of Aesop.BaseRuleSet.add took 0.0502ms
interpretation of Aesop.BaseRuleSet.add took 0.0401ms
interpretation of Aesop.BaseRuleSet.add took 0.061ms
interpretation of Aesop.BaseRuleSet.add took 0.0566ms
interpretation of Aesop.BaseRuleSet.add took 0.0519ms
interpretation of Aesop.BaseRuleSet.add took 0.0609ms
interpretation of Aesop.BaseRuleSet.add took 0.0482ms
interpretation of Aesop.BaseRuleSet.add took 0.0536ms
interpretation of Aesop.BaseRuleSet.add took 0.0696ms
interpretation of Aesop.BaseRuleSet.add took 0.0644ms
interpretation of Aesop.BaseRuleSet.add took 0.0826ms
interpretation of Aesop.BaseRuleSet.add took 0.0686ms
interpretation of Aesop.BaseRuleSet.add took 0.0526ms
interpretation of Aesop.BaseRuleSet.add took 0.0543ms
interpretation of Aesop.BaseRuleSet.add took 0.053ms
interpretation of Aesop.BaseRuleSet.add took 0.053ms
interpretation of Aesop.BaseRuleSet.add took 0.07ms
interpretation of Aesop.BaseRuleSet.add took 0.0733ms
interpretation of Aesop.BaseRuleSet.add took 0.0423ms
interpretation of Aesop.BaseRuleSet.add took 0.0546ms
interpretation of Aesop.BaseRuleSet.add took 0.066ms
interpretation of Aesop.BaseRuleSet.add took 0.0548ms
interpretation of Aesop.BaseRuleSet.add took 0.0666ms
interpretation of Aesop.BaseRuleSet.add took 0.0866ms
interpretation of Aesop.BaseRuleSet.add took 0.0556ms
interpretation of Aesop.BaseRuleSet.add took 0.0587ms
interpretation of Aesop.BaseRuleSet.add took 0.042ms
interpretation of Aesop.BaseRuleSet.add took 0.064ms
interpretation of Aesop.BaseRuleSet.add took 0.0767ms
interpretation of Aesop.BaseRuleSet.add took 0.0587ms
interpretation of Aesop.BaseRuleSet.add took 0.0703ms
interpretation of Aesop.BaseRuleSet.add took 0.0589ms
interpretation of Aesop.BaseRuleSet.add took 0.059ms
interpretation of Aesop.BaseRuleSet.add took 0.0888ms
interpretation of Aesop.BaseRuleSet.add took 0.0423ms
interpretation of Aesop.BaseRuleSet.add took 0.041ms
interpretation of Aesop.BaseRuleSet.add took 0.0651ms
interpretation of Aesop.BaseRuleSet.add took 0.0609ms
interpretation of Aesop.BaseRuleSet.add took 0.0594ms
interpretation of Aesop.BaseRuleSet.add took 0.0408ms
interpretation of Aesop.BaseRuleSet.add took 0.0618ms
interpretation of Aesop.BaseRuleSet.add took 0.04ms
interpretation of Aesop.BaseRuleSet.add took 0.0383ms
interpretation of Aesop.BaseRuleSet.add took 0.0545ms
interpretation of Aesop.BaseRuleSet.add took 0.0507ms
interpretation of Aesop.BaseRuleSet.add took 0.0793ms
interpretation of Aesop.BaseRuleSet.add took 0.07ms
interpretation of Aesop.BaseRuleSet.add took 0.0697ms
interpretation of Aesop.BaseRuleSet.add took 0.0447ms
interpretation of Aesop.BaseRuleSet.add took 0.0393ms
interpretation of Aesop.BaseRuleSet.add took 0.0421ms
interpretation of Aesop.BaseRuleSet.add took 0.0435ms
interpretation of Aesop.BaseRuleSet.add took 0.0702ms
interpretation of Aesop.BaseRuleSet.add took 0.0766ms
interpretation of Aesop.BaseRuleSet.add took 0.0418ms
interpretation of Aesop.BaseRuleSet.add took 0.0667ms
interpretation of Aesop.BaseRuleSet.add took 0.0461ms
interpretation of Aesop.BaseRuleSet.add took 0.0448ms
interpretation of Aesop.BaseRuleSet.add took 0.0436ms
interpretation of Aesop.BaseRuleSet.add took 0.0671ms
interpretation of Aesop.BaseRuleSet.add took 0.109ms
interpretation of Aesop.BaseRuleSet.add took 0.0823ms
interpretation of Aesop.BaseRuleSet.add took 0.052ms
interpretation of Aesop.BaseRuleSet.add took 0.101ms
interpretation of Aesop.BaseRuleSet.add took 0.0526ms
interpretation of Aesop.BaseRuleSet.add took 0.0439ms
interpretation of Aesop.BaseRuleSet.add took 0.0597ms
interpretation of Aesop.BaseRuleSet.add took 0.0486ms
interpretation of Aesop.BaseRuleSet.add took 0.0425ms
interpretation of Aesop.BaseRuleSet.add took 0.0495ms
interpretation of Aesop.BaseRuleSet.add took 0.0443ms
interpretation of Aesop.BaseRuleSet.add took 0.0623ms
interpretation of Aesop.BaseRuleSet.add took 0.0488ms
interpretation of Aesop.BaseRuleSet.add took 0.0451ms
interpretation of Aesop.BaseRuleSet.add took 0.091ms
interpretation of Aesop.BaseRuleSet.add took 0.0595ms
interpretation of Aesop.BaseRuleSet.add took 0.0746ms
interpretation of Aesop.BaseRuleSet.add took 0.0692ms
interpretation of Aesop.BaseRuleSet.add took 0.0857ms
interpretation of Aesop.BaseRuleSet.add took 0.077ms
interpretation of Aesop.BaseRuleSet.add took 0.0712ms
interpretation of Aesop.BaseRuleSet.add took 0.07ms
interpretation of Aesop.BaseRuleSet.add took 0.07ms
interpretation of Aesop.BaseRuleSet.add took 0.0698ms
interpretation of Aesop.BaseRuleSet.add took 0.0966ms
interpretation of Aesop.BaseRuleSet.add took 0.113ms
interpretation of Aesop.BaseRuleSet.add took 0.0821ms
interpretation of Aesop.BaseRuleSet.add took 0.345ms
interpretation of Aesop.BaseRuleSet.add took 0.154ms
interpretation of Aesop.BaseRuleSet.add took 0.0616ms
interpretation of Aesop.BaseRuleSet.add took 0.0876ms
interpretation of Aesop.BaseRuleSet.add took 0.0485ms
interpretation of Aesop.BaseRuleSet.add took 0.04ms
interpretation of Aesop.BaseRuleSet.add took 0.0641ms
interpretation of Aesop.BaseRuleSet.add took 0.0493ms
interpretation of Aesop.BaseRuleSet.add took 0.111ms
interpretation of Aesop.BaseRuleSet.add took 0.0481ms
interpretation of Aesop.BaseRuleSet.add took 0.0447ms
interpretation of Aesop.BaseRuleSet.add took 0.0716ms
interpretation of Aesop.BaseRuleSet.add took 0.0684ms
interpretation of Aesop.BaseRuleSet.add took 0.108ms
interpretation of Aesop.BaseRuleSet.add took 0.0997ms
interpretation of Aesop.BaseRuleSet.add took 0.087ms
interpretation of Aesop.BaseRuleSet.add took 0.141ms
interpretation of Aesop.BaseRuleSet.add took 0.108ms
interpretation of Aesop.BaseRuleSet.add took 0.105ms
interpretation of Aesop.BaseRuleSet.add took 0.208ms
interpretation of Aesop.BaseRuleSet.add took 0.189ms
interpretation of Aesop.BaseRuleSet.add took 0.0965ms
interpretation of Aesop.BaseRuleSet.add took 0.135ms
interpretation of Aesop.BaseRuleSet.add took 0.108ms
interpretation of Aesop.BaseRuleSet.add took 0.255ms
interpretation of Aesop.BaseRuleSet.add took 0.105ms
interpretation of Aesop.BaseRuleSet.add took 0.145ms
interpretation of Aesop.BaseRuleSet.add took 0.0848ms
interpretation of Aesop.BaseRuleSet.add took 0.177ms
interpretation of Aesop.BaseRuleSet.add took 0.0814ms
interpretation of Aesop.BaseRuleSet.add took 0.106ms
interpretation of Aesop.BaseRuleSet.add took 0.0955ms
interpretation of Aesop.BaseRuleSet.add took 0.17ms
interpretation of Aesop.BaseRuleSet.add took 0.0787ms
interpretation of Aesop.BaseRuleSet.add took 0.0807ms
interpretation of Aesop.BaseRuleSet.add took 0.121ms
interpretation of Aesop.BaseRuleSet.add took 0.109ms
interpretation of Aesop.BaseRuleSet.add took 0.112ms
interpretation of Aesop.BaseRuleSet.add took 0.111ms
interpretation of Aesop.BaseRuleSet.add took 0.0812ms
interpretation of Aesop.BaseRuleSet.add took 0.0757ms
interpretation of Aesop.BaseRuleSet.add took 0.0745ms
interpretation of Aesop.BaseRuleSet.add took 0.117ms
interpretation of Aesop.Frontend.extensionDescr._lam_1._boxed took 0.0211ms
interpretation of Aesop.BaseRuleSet.add took 0.0807ms
interpretation of Aesop.BaseRuleSet.add took 0.146ms
interpretation of Aesop.BaseRuleSet.add took 0.0615ms
interpretation of Aesop.BaseRuleSet.add took 0.0628ms
interpretation of Aesop.BaseRuleSet.add took 0.0358ms
interpretation of Aesop.BaseRuleSet.add took 0.0325ms
interpretation of Aesop.BaseRuleSet.add took 0.0497ms
interpretation of Aesop.Frontend.extensionDescr._lam_1._boxed took 0.0114ms
import took 37.7s
parsing took 0.0569ms
interpretation of _private.Mathlib.Tactic.Linter.Header.0.Mathlib.Linter.Style.header.headerLinter._lam_3._boxed took 4.37ms
interpretation of _private.Mathlib.Tactic.Linter.AuxLemma.0.Mathlib.Linter.AuxLemma.auxLemmaLinter._lam_1._boxed took 14.9ms
interpretation of _private.Mathlib.Tactic.Linter.DeprecatedSyntaxLinter.0.Mathlib.Linter.Style.deprecatedSyntaxLinter._lam_1._boxed took 2.63ms
interpretation of _private.Mathlib.Tactic.Linter.DocPrime.0.Mathlib.Linter.DocPrime.docPrimeLinter._lam_3._boxed took 3.79ms
interpretation of _private.Mathlib.Tactic.Linter.DocString.0.Mathlib.Linter.Style.docStringLinter._lam_0._boxed took 8.47ms
interpretation of _private.Mathlib.Tactic.Linter.DocString.0.Mathlib.Linter.Style.moduleDocVersoLinter._lam_0._boxed took 0.845ms
interpretation of Mathlib.Linter.EmptyLine.emptyLineLinter._lam_2._boxed took 1.87ms
interpretation of _private.Mathlib.Tactic.Linter.GlobalAttributeIn.0.Mathlib.Linter.globalAttributeInLinter.globalAttributeIn._lam_0._boxed took 6.53ms
interpretation of _private.Mathlib.Tactic.Linter.HashCommandLinter.0.Mathlib.Linter.HashCommandLinter.withSetOptionIn'._boxed took 5.57ms
interpretation of _private.Mathlib.Tactic.Linter.FlexibleLinter.0.Mathlib.Linter.Flexible.flexibleLinter._lam_0._boxed took 1.93ms
interpretation of _private.Mathlib.Tactic.Linter.Multigoal.0.Mathlib.Linter.Style.multiGoal.multiGoalLinter._lam_0._boxed took 1.98ms
interpretation of _private.Mathlib.Tactic.Linter.OldObtain.0.Mathlib.Linter.Style.oldObtainLinter._lam_0._boxed took 1.96ms
interpretation of Mathlib.Linter.UnusedInstancesInType.withSetBoolOptionIn._boxed took 8.28ms
interpretation of Mathlib.Linter.UnusedInstancesInType.withSetBoolOptionIn._boxed took 1.45ms
overlappingInstancesLinter took 7.52ms
interpretation of Mathlib.Linter.UnusedInstancesInType.withSetBoolOptionIn._boxed took 6.77ms
interpretation of _private.Mathlib.Tactic.Linter.PrivateModule.0.Mathlib.Linter.privateModule._lam_1._boxed took 4.6ms
interpretation of _private.Mathlib.Tactic.Linter.UnusedTactic.0.Mathlib.Linter.UnusedTactic.unusedTacticLinter._lam_0._boxed took 26.1ms
interpretation of _private.Mathlib.Tactic.Linter.Style.0.Mathlib.Linter.Style.setOption.setOptionLinter._lam_0._boxed took 2.84ms
interpretation of _private.Mathlib.Tactic.Linter.Style.0.Mathlib.Linter.Style.missingEnd.missingEndLinter._lam_0._boxed took 4ms
interpretation of _private.Mathlib.Tactic.Linter.Style.0.Mathlib.Linter.Style.cdotLinter._lam_0._boxed took 0.683ms
interpretation of _private.Mathlib.Tactic.Linter.Style.0.Mathlib.Linter.Style.dollarSyntax.dollarSyntaxLinter._lam_0._boxed took 0.716ms
interpretation of _private.Mathlib.Tactic.Linter.Style.0.Mathlib.Linter.Style.lambdaSyntax.lambdaSyntaxLinter._lam_0._boxed took 0.689ms
interpretation of _private.Mathlib.Tactic.Linter.Style.0.Mathlib.Linter.Style.longFile.longFileLinter._lam_0._boxed took 1.24ms
interpretation of _private.Mathlib.Tactic.Linter.Style.0.Mathlib.Linter.Style.longLine.longLineLinter._lam_0._boxed took 0.744ms
interpretation of _private.Mathlib.Tactic.Linter.Style.0.Mathlib.Linter.Style.nameCheck.doubleUnderscore._lam_2._boxed took 9.05ms
interpretation of _private.Mathlib.Tactic.Linter.Style.0.Mathlib.Linter.Style.openClassical.openClassicalLinter._lam_0._boxed took 0.798ms
interpretation of _private.Mathlib.Tactic.Linter.Whitespace.0.Mathlib.Linter.Style.Whitespace.whitespaceLinter._lam_4._boxed took 1.77ms
tacticAnalysis took 51.6ms
interpretation of Mathlib.TacticAnalysis.tacticAnalysis._lam_1._boxed took 1.45ms
interpretation of _private.Mathlib.Tactic.Linter.Lint.0.Mathlib.Linter.DupNamespaceLinter.dupNamespace._lam_1._boxed took 9.94ms
interpretation of Batteries.Linter.UnreachableTactic.unreachableTacticLinter._lam_0._boxed took 18.3ms
interpretation of Batteries.Linter.UnnecessarySeqFocus.unnecessarySeqFocusLinter._lam_1._boxed took 21.5ms
interpretation of _private.Mathlib.Tactic.Linter.HaveLetLinter.0.Mathlib.Linter.haveLet.haveLetLinter._lam_0._boxed took 1.47ms
interpretation of _private.Mathlib.Tactic.Linter.MinImports.0.Mathlib.Linter.MinImports.minImportsLinter._lam_2._boxed took 2.01ms
interpretation of _private.Mathlib.Tactic.Linter.PPRoundtrip.0.Mathlib.Linter.PPRoundtrip.ppRoundtrip._lam_1._boxed took 1.81ms
interpretation of _private.Mathlib.Tactic.Linter.UpstreamableDecl.0.Mathlib.Linter.DoubleImports.upstreamableDeclLinter._lam_0._boxed took 2.2ms
interpretation of Mathlib.Linter.CountHeartbeats.countHeartbeatsLinter._lam_1._boxed took 2.4ms
linting took 2.83ms
elaboration took 0.597ms
parsing took 0.11ms
interpretation of _private.Mathlib.Tactic.Linter.Header.0.Mathlib.Linter.Style.header.headerLinter._lam_3._boxed took 0.0749ms
interpretation of _private.Mathlib.Tactic.Linter.AuxLemma.0.Mathlib.Linter.AuxLemma.auxLemmaLinter._lam_1._boxed took 0.123ms
interpretation of _private.Mathlib.Tactic.Linter.DeprecatedSyntaxLinter.0.Mathlib.Linter.Style.deprecatedSyntaxLinter._lam_1._boxed took 0.054ms
interpretation of _private.Mathlib.Tactic.Linter.DocPrime.0.Mathlib.Linter.DocPrime.docPrimeLinter._lam_3._boxed took 0.0279ms
interpretation of _private.Mathlib.Tactic.Linter.DocString.0.Mathlib.Linter.Style.docStringLinter._lam_0._boxed took 0.18ms
interpretation of _private.Mathlib.Tactic.Linter.DocString.0.Mathlib.Linter.Style.moduleDocVersoLinter._lam_0._boxed took 0.0253ms
interpretation of Mathlib.Linter.EmptyLine.emptyLineLinter._lam_2._boxed took 0.0335ms
interpretation of _private.Mathlib.Tactic.Linter.GlobalAttributeIn.0.Mathlib.Linter.globalAttributeInLinter.globalAttributeIn._lam_0._boxed took 0.113ms
interpretation of _private.Mathlib.Tactic.Linter.HashCommandLinter.0.Mathlib.Linter.HashCommandLinter.withSetOptionIn'._boxed took 0.0641ms
interpretation of _private.Mathlib.Tactic.Linter.FlexibleLinter.0.Mathlib.Linter.Flexible.flexibleLinter._lam_0._boxed took 0.0893ms
interpretation of _private.Mathlib.Tactic.Linter.Multigoal.0.Mathlib.Linter.Style.multiGoal.multiGoalLinter._lam_0._boxed took 0.0318ms
interpretation of _private.Mathlib.Tactic.Linter.OldObtain.0.Mathlib.Linter.Style.oldObtainLinter._lam_0._boxed took 0.0278ms
interpretation of Mathlib.Linter.UnusedInstancesInType.withSetBoolOptionIn._boxed took 0.0648ms
interpretation of Mathlib.Linter.UnusedInstancesInType.withSetBoolOptionIn._boxed took 0.0349ms
overlappingInstancesLinter took 0.0651ms
interpretation of Mathlib.Linter.UnusedInstancesInType.withSetBoolOptionIn._boxed took 0.104ms
interpretation of _private.Mathlib.Tactic.Linter.PrivateModule.0.Mathlib.Linter.privateModule._lam_1._boxed took 0.0296ms
interpretation of _private.Mathlib.Tactic.Linter.UnusedTactic.0.Mathlib.Linter.UnusedTactic.unusedTacticLinter._lam_0._boxed took 1.48ms
interpretation of _private.Mathlib.Tactic.Linter.Style.0.Mathlib.Linter.Style.setOption.setOptionLinter._lam_0._boxed took 0.105ms
interpretation of _private.Mathlib.Tactic.Linter.Style.0.Mathlib.Linter.Style.missingEnd.missingEndLinter._lam_0._boxed took 0.118ms
interpretation of _private.Mathlib.Tactic.Linter.Style.0.Mathlib.Linter.Style.cdotLinter._lam_0._boxed took 0.0631ms
interpretation of _private.Mathlib.Tactic.Linter.Style.0.Mathlib.Linter.Style.dollarSyntax.dollarSyntaxLinter._lam_0._boxed took 0.0413ms
interpretation of _private.Mathlib.Tactic.Linter.Style.0.Mathlib.Linter.Style.lambdaSyntax.lambdaSyntaxLinter._lam_0._boxed took 0.0225ms
interpretation of _private.Mathlib.Tactic.Linter.Style.0.Mathlib.Linter.Style.longFile.longFileLinter._lam_0._boxed took 0.0404ms
interpretation of _private.Mathlib.Tactic.Linter.Style.0.Mathlib.Linter.Style.longLine.longLineLinter._lam_0._boxed took 0.0225ms
interpretation of _private.Mathlib.Tactic.Linter.Style.0.Mathlib.Linter.Style.nameCheck.doubleUnderscore._lam_2._boxed took 0.208ms
interpretation of _private.Mathlib.Tactic.Linter.Style.0.Mathlib.Linter.Style.openClassical.openClassicalLinter._lam_0._boxed took 0.0607ms
interpretation of _private.Mathlib.Tactic.Linter.Whitespace.0.Mathlib.Linter.Style.Whitespace.whitespaceLinter._lam_4._boxed took 0.0745ms
tacticAnalysis took 0.599ms
interpretation of Mathlib.TacticAnalysis.tacticAnalysis._lam_1._boxed took 0.107ms
interpretation of _private.Mathlib.Tactic.Linter.Lint.0.Mathlib.Linter.DupNamespaceLinter.dupNamespace._lam_1._boxed took 0.168ms
interpretation of Batteries.Linter.UnreachableTactic.unreachableTacticLinter._lam_0._boxed took 0.82ms
interpretation of Batteries.Linter.UnnecessarySeqFocus.unnecessarySeqFocusLinter._lam_1._boxed took 0.203ms
interpretation of _private.Mathlib.Tactic.Linter.HaveLetLinter.0.Mathlib.Linter.haveLet.haveLetLinter._lam_0._boxed took 0.0228ms
interpretation of _private.Mathlib.Tactic.Linter.MinImports.0.Mathlib.Linter.MinImports.minImportsLinter._lam_2._boxed took 0.0337ms
interpretation of _private.Mathlib.Tactic.Linter.PPRoundtrip.0.Mathlib.Linter.PPRoundtrip.ppRoundtrip._lam_1._boxed took 0.022ms
interpretation of _private.Mathlib.Tactic.Linter.UpstreamableDecl.0.Mathlib.Linter.DoubleImports.upstreamableDeclLinter._lam_0._boxed took 0.0231ms
interpretation of Mathlib.Linter.CountHeartbeats.countHeartbeatsLinter._lam_1._boxed took 0.0241ms
linting took 1.31ms
elaboration took 0.289ms
parsing took 0.059ms
interpretation of _private.Mathlib.Tactic.Linter.Header.0.Mathlib.Linter.Style.header.headerLinter._lam_3._boxed took 0.0613ms
interpretation of _private.Mathlib.Tactic.Linter.AuxLemma.0.Mathlib.Linter.AuxLemma.auxLemmaLinter._lam_1._boxed took 0.133ms
interpretation of _private.Mathlib.Tactic.Linter.DeprecatedSyntaxLinter.0.Mathlib.Linter.Style.deprecatedSyntaxLinter._lam_1._boxed took 0.0588ms
interpretation of _private.Mathlib.Tactic.Linter.DocPrime.0.Mathlib.Linter.DocPrime.docPrimeLinter._lam_3._boxed took 0.0365ms
interpretation of _private.Mathlib.Tactic.Linter.DocString.0.Mathlib.Linter.Style.docStringLinter._lam_0._boxed took 0.177ms
interpretation of _private.Mathlib.Tactic.Linter.DocString.0.Mathlib.Linter.Style.moduleDocVersoLinter._lam_0._boxed took 0.0388ms
interpretation of Mathlib.Linter.EmptyLine.emptyLineLinter._lam_2._boxed took 0.0523ms
interpretation of _private.Mathlib.Tactic.Linter.GlobalAttributeIn.0.Mathlib.Linter.globalAttributeInLinter.globalAttributeIn._lam_0._boxed took 0.0967ms
interpretation of _private.Mathlib.Tactic.Linter.HashCommandLinter.0.Mathlib.Linter.HashCommandLinter.withSetOptionIn'._boxed took 0.0524ms
interpretation of _private.Mathlib.Tactic.Linter.FlexibleLinter.0.Mathlib.Linter.Flexible.flexibleLinter._lam_0._boxed took 0.0278ms
interpretation of _private.Mathlib.Tactic.Linter.Multigoal.0.Mathlib.Linter.Style.multiGoal.multiGoalLinter._lam_0._boxed took 0.0322ms
interpretation of _private.Mathlib.Tactic.Linter.OldObtain.0.Mathlib.Linter.Style.oldObtainLinter._lam_0._boxed took 0.0274ms
interpretation of Mathlib.Linter.UnusedInstancesInType.withSetBoolOptionIn._boxed took 0.0537ms
interpretation of Mathlib.Linter.UnusedInstancesInType.withSetBoolOptionIn._boxed took 0.0469ms
overlappingInstancesLinter took 0.0499ms
interpretation of Mathlib.Linter.UnusedInstancesInType.withSetBoolOptionIn._boxed took 0.0774ms
interpretation of _private.Mathlib.Tactic.Linter.PrivateModule.0.Mathlib.Linter.privateModule._lam_1._boxed took 0.0218ms
interpretation of _private.Mathlib.Tactic.Linter.UnusedTactic.0.Mathlib.Linter.UnusedTactic.unusedTacticLinter._lam_0._boxed took 0.412ms
interpretation of _private.Mathlib.Tactic.Linter.Style.0.Mathlib.Linter.Style.setOption.setOptionLinter._lam_0._boxed took 0.0293ms
interpretation of _private.Mathlib.Tactic.Linter.Style.0.Mathlib.Linter.Style.missingEnd.missingEndLinter._lam_0._boxed took 0.0387ms
interpretation of _private.Mathlib.Tactic.Linter.Style.0.Mathlib.Linter.Style.cdotLinter._lam_0._boxed took 0.0193ms
interpretation of _private.Mathlib.Tactic.Linter.Style.0.Mathlib.Linter.Style.dollarSyntax.dollarSyntaxLinter._lam_0._boxed took 0.0167ms
interpretation of _private.Mathlib.Tactic.Linter.Style.0.Mathlib.Linter.Style.lambdaSyntax.lambdaSyntaxLinter._lam_0._boxed took 0.0168ms
interpretation of _private.Mathlib.Tactic.Linter.Style.0.Mathlib.Linter.Style.longFile.longFileLinter._lam_0._boxed took 0.0211ms
interpretation of _private.Mathlib.Tactic.Linter.Style.0.Mathlib.Linter.Style.longLine.longLineLinter._lam_0._boxed took 0.0164ms
interpretation of _private.Mathlib.Tactic.Linter.Style.0.Mathlib.Linter.Style.nameCheck.doubleUnderscore._lam_2._boxed took 0.157ms
interpretation of _private.Mathlib.Tactic.Linter.Style.0.Mathlib.Linter.Style.openClassical.openClassicalLinter._lam_0._boxed took 0.0187ms
interpretation of _private.Mathlib.Tactic.Linter.Whitespace.0.Mathlib.Linter.Style.Whitespace.whitespaceLinter._lam_4._boxed took 0.0259ms
tacticAnalysis took 0.288ms
interpretation of Mathlib.TacticAnalysis.tacticAnalysis._lam_1._boxed took 0.05ms
interpretation of _private.Mathlib.Tactic.Linter.Lint.0.Mathlib.Linter.DupNamespaceLinter.dupNamespace._lam_1._boxed took 0.0862ms
interpretation of Batteries.Linter.UnreachableTactic.unreachableTacticLinter._lam_0._boxed took 0.181ms
interpretation of Batteries.Linter.UnnecessarySeqFocus.unnecessarySeqFocusLinter._lam_1._boxed took 0.189ms
interpretation of _private.Mathlib.Tactic.Linter.HaveLetLinter.0.Mathlib.Linter.haveLet.haveLetLinter._lam_0._boxed took 0.0186ms
interpretation of _private.Mathlib.Tactic.Linter.MinImports.0.Mathlib.Linter.MinImports.minImportsLinter._lam_2._boxed took 0.03ms
interpretation of _private.Mathlib.Tactic.Linter.PPRoundtrip.0.Mathlib.Linter.PPRoundtrip.ppRoundtrip._lam_1._boxed took 0.0212ms
interpretation of _private.Mathlib.Tactic.Linter.UpstreamableDecl.0.Mathlib.Linter.DoubleImports.upstreamableDeclLinter._lam_0._boxed took 0.0227ms
interpretation of Mathlib.Linter.CountHeartbeats.countHeartbeatsLinter._lam_1._boxed took 0.0313ms
linting took 1.03ms
elaboration took 0.447ms
parsing took 0.172ms
interpretation of _private.Mathlib.Tactic.Linter.Header.0.Mathlib.Linter.Style.header.headerLinter._lam_3._boxed took 0.042ms
interpretation of _private.Mathlib.Tactic.Linter.AuxLemma.0.Mathlib.Linter.AuxLemma.auxLemmaLinter._lam_1._boxed took 0.0569ms
interpretation of _private.Mathlib.Tactic.Linter.DeprecatedSyntaxLinter.0.Mathlib.Linter.Style.deprecatedSyntaxLinter._lam_1._boxed took 0.0342ms
interpretation of _private.Mathlib.Tactic.Linter.DocPrime.0.Mathlib.Linter.DocPrime.docPrimeLinter._lam_3._boxed took 0.022ms
interpretation of _private.Mathlib.Tactic.Linter.DocString.0.Mathlib.Linter.Style.docStringLinter._lam_0._boxed took 0.108ms
interpretation of _private.Mathlib.Tactic.Linter.DocString.0.Mathlib.Linter.Style.moduleDocVersoLinter._lam_0._boxed took 0.0205ms
interpretation of Mathlib.Linter.EmptyLine.emptyLineLinter._lam_2._boxed took 0.0212ms
interpretation of _private.Mathlib.Tactic.Linter.GlobalAttributeIn.0.Mathlib.Linter.globalAttributeInLinter.globalAttributeIn._lam_0._boxed took 0.0811ms
interpretation of _private.Mathlib.Tactic.Linter.HashCommandLinter.0.Mathlib.Linter.HashCommandLinter.withSetOptionIn'._boxed took 0.0434ms
interpretation of _private.Mathlib.Tactic.Linter.FlexibleLinter.0.Mathlib.Linter.Flexible.flexibleLinter._lam_0._boxed took 0.0234ms
interpretation of _private.Mathlib.Tactic.Linter.Multigoal.0.Mathlib.Linter.Style.multiGoal.multiGoalLinter._lam_0._boxed took 0.0203ms
interpretation of _private.Mathlib.Tactic.Linter.OldObtain.0.Mathlib.Linter.Style.oldObtainLinter._lam_0._boxed took 0.0189ms
interpretation of Mathlib.Linter.UnusedInstancesInType.withSetBoolOptionIn._boxed took 0.0578ms
interpretation of Mathlib.Linter.UnusedInstancesInType.withSetBoolOptionIn._boxed took 0.0301ms
overlappingInstancesLinter took 0.0438ms
interpretation of Mathlib.Linter.UnusedInstancesInType.withSetBoolOptionIn._boxed took 0.0679ms
interpretation of _private.Mathlib.Tactic.Linter.PrivateModule.0.Mathlib.Linter.privateModule._lam_1._boxed took 0.0197ms
interpretation of _private.Mathlib.Tactic.Linter.UnusedTactic.0.Mathlib.Linter.UnusedTactic.unusedTacticLinter._lam_0._boxed took 0.378ms
interpretation of _private.Mathlib.Tactic.Linter.Style.0.Mathlib.Linter.Style.setOption.setOptionLinter._lam_0._boxed took 0.0242ms
interpretation of _private.Mathlib.Tactic.Linter.Style.0.Mathlib.Linter.Style.missingEnd.missingEndLinter._lam_0._boxed took 0.0417ms
interpretation of _private.Mathlib.Tactic.Linter.Style.0.Mathlib.Linter.Style.cdotLinter._lam_0._boxed took 0.0171ms
interpretation of _private.Mathlib.Tactic.Linter.Style.0.Mathlib.Linter.Style.dollarSyntax.dollarSyntaxLinter._lam_0._boxed took 0.0153ms
interpretation of _private.Mathlib.Tactic.Linter.Style.0.Mathlib.Linter.Style.lambdaSyntax.lambdaSyntaxLinter._lam_0._boxed took 0.0148ms
interpretation of _private.Mathlib.Tactic.Linter.Style.0.Mathlib.Linter.Style.longFile.longFileLinter._lam_0._boxed took 0.0175ms
interpretation of _private.Mathlib.Tactic.Linter.Style.0.Mathlib.Linter.Style.longLine.longLineLinter._lam_0._boxed took 0.0152ms
interpretation of _private.Mathlib.Tactic.Linter.Style.0.Mathlib.Linter.Style.nameCheck.doubleUnderscore._lam_2._boxed took 0.144ms
interpretation of _private.Mathlib.Tactic.Linter.Style.0.Mathlib.Linter.Style.openClassical.openClassicalLinter._lam_0._boxed took 0.0172ms
interpretation of _private.Mathlib.Tactic.Linter.Whitespace.0.Mathlib.Linter.Style.Whitespace.whitespaceLinter._lam_4._boxed took 0.0222ms
tacticAnalysis took 0.252ms
interpretation of Mathlib.TacticAnalysis.tacticAnalysis._lam_1._boxed took 0.0419ms
interpretation of _private.Mathlib.Tactic.Linter.Lint.0.Mathlib.Linter.DupNamespaceLinter.dupNamespace._lam_1._boxed took 0.0863ms
interpretation of Batteries.Linter.UnreachableTactic.unreachableTacticLinter._lam_0._boxed took 0.188ms
interpretation of Batteries.Linter.UnnecessarySeqFocus.unnecessarySeqFocusLinter._lam_1._boxed took 0.145ms
interpretation of _private.Mathlib.Tactic.Linter.HaveLetLinter.0.Mathlib.Linter.haveLet.haveLetLinter._lam_0._boxed took 0.0189ms
interpretation of _private.Mathlib.Tactic.Linter.MinImports.0.Mathlib.Linter.MinImports.minImportsLinter._lam_2._boxed took 0.0279ms
interpretation of _private.Mathlib.Tactic.Linter.PPRoundtrip.0.Mathlib.Linter.PPRoundtrip.ppRoundtrip._lam_1._boxed took 0.0331ms
interpretation of _private.Mathlib.Tactic.Linter.UpstreamableDecl.0.Mathlib.Linter.DoubleImports.upstreamableDeclLinter._lam_0._boxed took 0.0282ms
interpretation of Mathlib.Linter.CountHeartbeats.countHeartbeatsLinter._lam_1._boxed took 0.0214ms
linting took 0.785ms
elaboration took 0.145ms
parsing took 0.0475ms
interpretation of _private.Mathlib.Tactic.Linter.Header.0.Mathlib.Linter.Style.header.headerLinter._lam_3._boxed took 0.0503ms
interpretation of _private.Mathlib.Tactic.Linter.AuxLemma.0.Mathlib.Linter.AuxLemma.auxLemmaLinter._lam_1._boxed took 0.0837ms
interpretation of _private.Mathlib.Tactic.Linter.DeprecatedSyntaxLinter.0.Mathlib.Linter.Style.deprecatedSyntaxLinter._lam_1._boxed took 0.0368ms
interpretation of _private.Mathlib.Tactic.Linter.DocPrime.0.Mathlib.Linter.DocPrime.docPrimeLinter._lam_3._boxed took 0.0219ms
interpretation of _private.Mathlib.Tactic.Linter.DocString.0.Mathlib.Linter.Style.docStringLinter._lam_0._boxed took 0.101ms
interpretation of _private.Mathlib.Tactic.Linter.DocString.0.Mathlib.Linter.Style.moduleDocVersoLinter._lam_0._boxed took 0.026ms
interpretation of Mathlib.Linter.EmptyLine.emptyLineLinter._lam_2._boxed took 0.02ms
interpretation of _private.Mathlib.Tactic.Linter.GlobalAttributeIn.0.Mathlib.Linter.globalAttributeInLinter.globalAttributeIn._lam_0._boxed took 0.0722ms
interpretation of _private.Mathlib.Tactic.Linter.HashCommandLinter.0.Mathlib.Linter.HashCommandLinter.withSetOptionIn'._boxed took 0.0441ms
interpretation of _private.Mathlib.Tactic.Linter.FlexibleLinter.0.Mathlib.Linter.Flexible.flexibleLinter._lam_0._boxed took 0.0243ms
interpretation of _private.Mathlib.Tactic.Linter.Multigoal.0.Mathlib.Linter.Style.multiGoal.multiGoalLinter._lam_0._boxed took 0.0206ms
interpretation of _private.Mathlib.Tactic.Linter.OldObtain.0.Mathlib.Linter.Style.oldObtainLinter._lam_0._boxed took 0.0185ms
interpretation of Mathlib.Linter.UnusedInstancesInType.withSetBoolOptionIn._boxed took 0.0407ms
interpretation of Mathlib.Linter.UnusedInstancesInType.withSetBoolOptionIn._boxed took 0.0315ms
overlappingInstancesLinter took 0.0719ms
interpretation of Mathlib.Linter.UnusedInstancesInType.withSetBoolOptionIn._boxed took 0.07ms
interpretation of _private.Mathlib.Tactic.Linter.PrivateModule.0.Mathlib.Linter.privateModule._lam_1._boxed took 0.019ms
interpretation of _private.Mathlib.Tactic.Linter.UnusedTactic.0.Mathlib.Linter.UnusedTactic.unusedTacticLinter._lam_0._boxed took 0.353ms
interpretation of _private.Mathlib.Tactic.Linter.Style.0.Mathlib.Linter.Style.setOption.setOptionLinter._lam_0._boxed took 0.0449ms
interpretation of _private.Mathlib.Tactic.Linter.Style.0.Mathlib.Linter.Style.missingEnd.missingEndLinter._lam_0._boxed took 0.0455ms
interpretation of _private.Mathlib.Tactic.Linter.Style.0.Mathlib.Linter.Style.cdotLinter._lam_0._boxed took 0.0193ms
interpretation of _private.Mathlib.Tactic.Linter.Style.0.Mathlib.Linter.Style.dollarSyntax.dollarSyntaxLinter._lam_0._boxed took 0.0162ms
interpretation of _private.Mathlib.Tactic.Linter.Style.0.Mathlib.Linter.Style.lambdaSyntax.lambdaSyntaxLinter._lam_0._boxed took 0.0227ms
interpretation of _private.Mathlib.Tactic.Linter.Style.0.Mathlib.Linter.Style.longFile.longFileLinter._lam_0._boxed took 0.0201ms
interpretation of _private.Mathlib.Tactic.Linter.Style.0.Mathlib.Linter.Style.longLine.longLineLinter._lam_0._boxed took 0.0161ms
interpretation of _private.Mathlib.Tactic.Linter.Style.0.Mathlib.Linter.Style.nameCheck.doubleUnderscore._lam_2._boxed took 0.125ms
interpretation of _private.Mathlib.Tactic.Linter.Style.0.Mathlib.Linter.Style.openClassical.openClassicalLinter._lam_0._boxed took 0.0183ms
interpretation of _private.Mathlib.Tactic.Linter.Whitespace.0.Mathlib.Linter.Style.Whitespace.whitespaceLinter._lam_4._boxed took 0.0243ms
tacticAnalysis took 0.265ms
interpretation of Mathlib.TacticAnalysis.tacticAnalysis._lam_1._boxed took 0.059ms
interpretation of _private.Mathlib.Tactic.Linter.Lint.0.Mathlib.Linter.DupNamespaceLinter.dupNamespace._lam_1._boxed took 0.0845ms
interpretation of Batteries.Linter.UnreachableTactic.unreachableTacticLinter._lam_0._boxed took 0.19ms
interpretation of Batteries.Linter.UnnecessarySeqFocus.unnecessarySeqFocusLinter._lam_1._boxed took 0.175ms
interpretation of _private.Mathlib.Tactic.Linter.HaveLetLinter.0.Mathlib.Linter.haveLet.haveLetLinter._lam_0._boxed took 0.0189ms
interpretation of _private.Mathlib.Tactic.Linter.MinImports.0.Mathlib.Linter.MinImports.minImportsLinter._lam_2._boxed took 0.0301ms
interpretation of _private.Mathlib.Tactic.Linter.PPRoundtrip.0.Mathlib.Linter.PPRoundtrip.ppRoundtrip._lam_1._boxed took 0.0212ms
interpretation of _private.Mathlib.Tactic.Linter.UpstreamableDecl.0.Mathlib.Linter.DoubleImports.upstreamableDeclLinter._lam_0._boxed took 0.0226ms
interpretation of Mathlib.Linter.CountHeartbeats.countHeartbeatsLinter._lam_1._boxed took 0.0311ms
linting took 0.883ms
elaboration took 0.756ms
parsing took 0.328ms
interpretation of _aux_Mathlib_Data_Nat_Notation___macroRules_termℕ_1._boxed took 6.69ms
interpretation of _private.Mathlib.Tactic.Linter.Header.0.Mathlib.Linter.Style.header.headerLinter._lam_3._boxed took 0.0677ms
interpretation of _private.Mathlib.Tactic.Linter.AuxLemma.0.Mathlib.Linter.AuxLemma.auxLemmaLinter._lam_1._boxed took 0.169ms
interpretation of _private.Mathlib.Tactic.Linter.DeprecatedSyntaxLinter.0.Mathlib.Linter.Style.deprecatedSyntaxLinter._lam_1._boxed took 0.0449ms
interpretation of _private.Mathlib.Tactic.Linter.DocPrime.0.Mathlib.Linter.DocPrime.docPrimeLinter._lam_3._boxed took 0.0272ms
interpretation of _private.Mathlib.Tactic.Linter.DocString.0.Mathlib.Linter.Style.docStringLinter._lam_0._boxed took 0.224ms
interpretation of _private.Mathlib.Tactic.Linter.DocString.0.Mathlib.Linter.Style.moduleDocVersoLinter._lam_0._boxed took 0.0235ms
interpretation of Mathlib.Linter.EmptyLine.emptyLineLinter._lam_2._boxed took 0.0243ms
interpretation of _private.Mathlib.Tactic.Linter.GlobalAttributeIn.0.Mathlib.Linter.globalAttributeInLinter.globalAttributeIn._lam_0._boxed took 0.229ms
interpretation of _private.Mathlib.Tactic.Linter.HashCommandLinter.0.Mathlib.Linter.HashCommandLinter.withSetOptionIn'._boxed took 0.0544ms
interpretation of _private.Mathlib.Tactic.Linter.FlexibleLinter.0.Mathlib.Linter.Flexible.flexibleLinter._lam_0._boxed took 0.0289ms
interpretation of _private.Mathlib.Tactic.Linter.Multigoal.0.Mathlib.Linter.Style.multiGoal.multiGoalLinter._lam_0._boxed took 0.0245ms
interpretation of _private.Mathlib.Tactic.Linter.OldObtain.0.Mathlib.Linter.Style.oldObtainLinter._lam_0._boxed took 0.0216ms
interpretation of Mathlib.Linter.UnusedInstancesInType.withSetBoolOptionIn._boxed took 0.0485ms
interpretation of Mathlib.Linter.UnusedInstancesInType.withSetBoolOptionIn._boxed took 0.0324ms
overlappingInstancesLinter took 0.0852ms
interpretation of Mathlib.Linter.UnusedInstancesInType.withSetBoolOptionIn._boxed took 0.0938ms
interpretation of _private.Mathlib.Tactic.Linter.PrivateModule.0.Mathlib.Linter.privateModule._lam_1._boxed took 0.0355ms
interpretation of _private.Mathlib.Tactic.Linter.UnusedTactic.0.Mathlib.Linter.UnusedTactic.unusedTacticLinter._lam_0._boxed took 1.16ms
interpretation of _private.Mathlib.Tactic.Linter.Style.0.Mathlib.Linter.Style.setOption.setOptionLinter._lam_0._boxed took 0.0574ms
interpretation of _private.Mathlib.Tactic.Linter.Style.0.Mathlib.Linter.Style.missingEnd.missingEndLinter._lam_0._boxed took 0.0717ms
interpretation of _private.Mathlib.Tactic.Linter.Style.0.Mathlib.Linter.Style.cdotLinter._lam_0._boxed took 0.0417ms
interpretation of _private.Mathlib.Tactic.Linter.Style.0.Mathlib.Linter.Style.dollarSyntax.dollarSyntaxLinter._lam_0._boxed took 0.0311ms
interpretation of _private.Mathlib.Tactic.Linter.Style.0.Mathlib.Linter.Style.lambdaSyntax.lambdaSyntaxLinter._lam_0._boxed took 0.0308ms
interpretation of _private.Mathlib.Tactic.Linter.Style.0.Mathlib.Linter.Style.longFile.longFileLinter._lam_0._boxed took 0.0361ms
interpretation of _private.Mathlib.Tactic.Linter.Style.0.Mathlib.Linter.Style.longLine.longLineLinter._lam_0._boxed took 0.0304ms
interpretation of _private.Mathlib.Tactic.Linter.Style.0.Mathlib.Linter.Style.nameCheck.doubleUnderscore._lam_2._boxed took 0.268ms
interpretation of _private.Mathlib.Tactic.Linter.Style.0.Mathlib.Linter.Style.openClassical.openClassicalLinter._lam_0._boxed took 0.0334ms
interpretation of _private.Mathlib.Tactic.Linter.Whitespace.0.Mathlib.Linter.Style.Whitespace.whitespaceLinter._lam_4._boxed took 0.0441ms
tacticAnalysis took 3.75ms
interpretation of Mathlib.TacticAnalysis.tacticAnalysis._lam_1._boxed took 0.146ms
interpretation of _private.Mathlib.Tactic.Linter.Lint.0.Mathlib.Linter.DupNamespaceLinter.dupNamespace._lam_1._boxed took 0.336ms
interpretation of Batteries.Linter.UnreachableTactic.unreachableTacticLinter._lam_0._boxed took 0.864ms
interpretation of Batteries.Linter.UnnecessarySeqFocus.unnecessarySeqFocusLinter._lam_1._boxed took 0.691ms
interpretation of _private.Mathlib.Tactic.Linter.HaveLetLinter.0.Mathlib.Linter.haveLet.haveLetLinter._lam_0._boxed took 0.0497ms
interpretation of _private.Mathlib.Tactic.Linter.MinImports.0.Mathlib.Linter.MinImports.minImportsLinter._lam_2._boxed took 0.0685ms
interpretation of _private.Mathlib.Tactic.Linter.PPRoundtrip.0.Mathlib.Linter.PPRoundtrip.ppRoundtrip._lam_1._boxed took 0.0434ms
interpretation of _private.Mathlib.Tactic.Linter.UpstreamableDecl.0.Mathlib.Linter.DoubleImports.upstreamableDeclLinter._lam_0._boxed took 0.0468ms
interpretation of Mathlib.Linter.CountHeartbeats.countHeartbeatsLinter._lam_1._boxed took 0.0338ms
linting took 1.59ms
elaboration took 3.01ms
parsing took 0.377ms
interpretation of _aux_Mathlib_Data_Nat_Notation___macroRules_termℕ_1._boxed took 0.0854ms
attribute application took 0.0135ms
interpretation of Lean.Elab.Term._aux_Mathlib_Tactic_TypeStar___elabRules_Lean_Elab_Term_termType*_1._boxed took 7.78ms
instantiate metavars took 0.0107ms
instantiate metavars took 0.0012ms
interpretation of Qq._aux_Qq_Match___macroRules_Lean_Parser_Term_match_1._boxed took 12.6ms
type checking took 0.26ms
instantiate metavars took 0.0082ms
instantiate metavars took 0.0012ms
instantiate metavars took 0.0007ms
instantiate metavars took 0.0017ms
instantiate metavars took 0.0007ms
share common exprs took 0.0633ms
fix level params took 0.0324ms
let-to-have transformation took 0.018ms
let-to-have transformation took 0.0033ms
type checking took 0.108ms
attribute application took 0.005ms
compilation (LCNF base) took 4.89ms
compilation (LCNF mono) took 0.592ms
compilation (LCNF mono) took 0.684ms
compilation (LCNF impure) took 0.913ms
compilation (IR) took 0.176ms
compilation (LCNF mono) took 0.179ms
compilation (LCNF impure) took 0.125ms
compilation (IR) took 0.0225ms
attribute application took 0.0169ms
process pre-definitions took 3.84ms
interpretation of _private.Mathlib.Tactic.Linter.Header.0.Mathlib.Linter.Style.header.headerLinter._lam_3._boxed took 0.385ms
interpretation of _private.Mathlib.Tactic.Linter.AuxLemma.0.Mathlib.Linter.AuxLemma.auxLemmaLinter._lam_1._boxed took 0.373ms
interpretation of _private.Mathlib.Tactic.Linter.DeprecatedSyntaxLinter.0.Mathlib.Linter.Style.deprecatedSyntaxLinter._lam_1._boxed took 0.11ms
interpretation of _private.Mathlib.Tactic.Linter.DocPrime.0.Mathlib.Linter.DocPrime.docPrimeLinter._lam_3._boxed took 0.0394ms
interpretation of _private.Mathlib.Tactic.Linter.DocString.0.Mathlib.Linter.Style.docStringLinter._lam_0._boxed took 0.295ms
interpretation of _private.Mathlib.Tactic.Linter.DocString.0.Mathlib.Linter.Style.moduleDocVersoLinter._lam_0._boxed took 0.0309ms
interpretation of Mathlib.Linter.EmptyLine.emptyLineLinter._lam_2._boxed took 0.0346ms
interpretation of _private.Mathlib.Tactic.Linter.GlobalAttributeIn.0.Mathlib.Linter.globalAttributeInLinter.globalAttributeIn._lam_0._boxed took 0.361ms
interpretation of _private.Mathlib.Tactic.Linter.HashCommandLinter.0.Mathlib.Linter.HashCommandLinter.withSetOptionIn'._boxed took 0.119ms
interpretation of _private.Mathlib.Tactic.Linter.FlexibleLinter.0.Mathlib.Linter.Flexible.flexibleLinter._lam_0._boxed took 0.0507ms
interpretation of _private.Mathlib.Tactic.Linter.Multigoal.0.Mathlib.Linter.Style.multiGoal.multiGoalLinter._lam_0._boxed took 0.0383ms
interpretation of _private.Mathlib.Tactic.Linter.OldObtain.0.Mathlib.Linter.Style.oldObtainLinter._lam_0._boxed took 0.023ms
interpretation of Mathlib.Linter.UnusedInstancesInType.withSetBoolOptionIn._boxed took 0.0576ms
interpretation of Mathlib.Linter.UnusedInstancesInType.withSetBoolOptionIn._boxed took 0.0329ms
overlappingInstancesLinter took 44.7ms
interpretation of Mathlib.Linter.UnusedInstancesInType.withSetBoolOptionIn._boxed took 0.133ms
interpretation of _private.Mathlib.Tactic.Linter.PrivateModule.0.Mathlib.Linter.privateModule._lam_1._boxed took 0.0466ms
interpretation of _private.Mathlib.Tactic.Linter.UnusedTactic.0.Mathlib.Linter.UnusedTactic.unusedTacticLinter._lam_0._boxed took 0.815ms
interpretation of _private.Mathlib.Tactic.Linter.Style.0.Mathlib.Linter.Style.setOption.setOptionLinter._lam_0._boxed took 0.0341ms
interpretation of _private.Mathlib.Tactic.Linter.Style.0.Mathlib.Linter.Style.missingEnd.missingEndLinter._lam_0._boxed took 0.0412ms
interpretation of _private.Mathlib.Tactic.Linter.Style.0.Mathlib.Linter.Style.cdotLinter._lam_0._boxed took 0.0276ms
interpretation of _private.Mathlib.Tactic.Linter.Style.0.Mathlib.Linter.Style.dollarSyntax.dollarSyntaxLinter._lam_0._boxed took 0.0175ms
interpretation of _private.Mathlib.Tactic.Linter.Style.0.Mathlib.Linter.Style.lambdaSyntax.lambdaSyntaxLinter._lam_0._boxed took 0.0165ms
interpretation of _private.Mathlib.Tactic.Linter.Style.0.Mathlib.Linter.Style.longFile.longFileLinter._lam_0._boxed took 0.0212ms
interpretation of _private.Mathlib.Tactic.Linter.Style.0.Mathlib.Linter.Style.longLine.longLineLinter._lam_0._boxed took 0.0166ms
interpretation of _private.Mathlib.Tactic.Linter.Style.0.Mathlib.Linter.Style.nameCheck.doubleUnderscore._lam_2._boxed took 0.975ms
interpretation of _private.Mathlib.Tactic.Linter.Style.0.Mathlib.Linter.Style.openClassical.openClassicalLinter._lam_0._boxed took 0.0243ms
interpretation of _private.Mathlib.Tactic.Linter.Whitespace.0.Mathlib.Linter.Style.Whitespace.whitespaceLinter._lam_4._boxed took 0.0387ms
tacticAnalysis took 1.31ms
interpretation of Mathlib.TacticAnalysis.tacticAnalysis._lam_1._boxed took 0.0802ms
interpretation of _private.Mathlib.Tactic.Linter.Lint.0.Mathlib.Linter.DupNamespaceLinter.dupNamespace._lam_1._boxed took 3.31ms
interpretation of Batteries.Linter.UnreachableTactic.unreachableTacticLinter._lam_0._boxed took 0.846ms
interpretation of Batteries.Linter.UnnecessarySeqFocus.unnecessarySeqFocusLinter._lam_1._boxed took 1.09ms
interpretation of _private.Mathlib.Tactic.Linter.HaveLetLinter.0.Mathlib.Linter.haveLet.haveLetLinter._lam_0._boxed took 0.0419ms
interpretation of _private.Mathlib.Tactic.Linter.MinImports.0.Mathlib.Linter.MinImports.minImportsLinter._lam_2._boxed took 0.0559ms
interpretation of _private.Mathlib.Tactic.Linter.PPRoundtrip.0.Mathlib.Linter.PPRoundtrip.ppRoundtrip._lam_1._boxed took 0.0377ms
interpretation of _private.Mathlib.Tactic.Linter.UpstreamableDecl.0.Mathlib.Linter.DoubleImports.upstreamableDeclLinter._lam_0._boxed took 0.0783ms
interpretation of Mathlib.Linter.CountHeartbeats.countHeartbeatsLinter._lam_1._boxed took 0.0423ms
linting took 2.42ms
elaboration took 9.62ms
parsing took 0.668ms
interpretation of _aux_Mathlib_Data_Nat_Notation___macroRules_termℕ_1._boxed took 0.0842ms
attribute application took 0.0102ms
interpretation of Lean.Elab.Term._aux_Mathlib_Tactic_TypeStar___elabRules_Lean_Elab_Term_termType*_1._boxed took 0.355ms
instantiate metavars took 0.0095ms
instantiate metavars took 0.0014ms
interpretation of Qq._aux_Qq_Match___macroRules_Lean_Parser_Term_match_1._boxed took 0.346ms
type checking took 0.252ms
instantiate metavars took 0.0094ms
instantiate metavars took 0.0013ms
instantiate metavars took 0.0007ms
instantiate metavars took 0.0009ms
instantiate metavars took 0.0006ms
share common exprs took 0.0632ms
fix level params took 0.0255ms
let-to-have transformation took 0.0057ms
let-to-have transformation took 0.0073ms
type checking took 0.167ms
attribute application took 0.0063ms
compilation (LCNF base) took 1.4ms
compilation (LCNF mono) took 0.313ms
compilation (LCNF mono) took 0.293ms
compilation (LCNF impure) took 0.406ms
compilation (IR) took 0.0706ms
compilation (LCNF mono) took 0.146ms
compilation (LCNF impure) took 0.204ms
compilation (IR) took 0.0297ms
attribute application took 0.0096ms
process pre-definitions took 2.59ms
interpretation of _private.Mathlib.Tactic.Linter.Header.0.Mathlib.Linter.Style.header.headerLinter._lam_3._boxed took 0.11ms
interpretation of _private.Mathlib.Tactic.Linter.AuxLemma.0.Mathlib.Linter.AuxLemma.auxLemmaLinter._lam_1._boxed took 0.389ms
interpretation of _private.Mathlib.Tactic.Linter.DeprecatedSyntaxLinter.0.Mathlib.Linter.Style.deprecatedSyntaxLinter._lam_1._boxed took 0.0815ms
interpretation of _private.Mathlib.Tactic.Linter.DocPrime.0.Mathlib.Linter.DocPrime.docPrimeLinter._lam_3._boxed took 0.0514ms
interpretation of _private.Mathlib.Tactic.Linter.DocString.0.Mathlib.Linter.Style.docStringLinter._lam_0._boxed took 0.52ms
interpretation of _private.Mathlib.Tactic.Linter.DocString.0.Mathlib.Linter.Style.moduleDocVersoLinter._lam_0._boxed took 0.0433ms
interpretation of Mathlib.Linter.EmptyLine.emptyLineLinter._lam_2._boxed took 0.0401ms
interpretation of _private.Mathlib.Tactic.Linter.GlobalAttributeIn.0.Mathlib.Linter.globalAttributeInLinter.globalAttributeIn._lam_0._boxed took 0.539ms
interpretation of _private.Mathlib.Tactic.Linter.HashCommandLinter.0.Mathlib.Linter.HashCommandLinter.withSetOptionIn'._boxed took 0.0986ms
interpretation of _private.Mathlib.Tactic.Linter.FlexibleLinter.0.Mathlib.Linter.Flexible.flexibleLinter._lam_0._boxed took 0.0499ms
interpretation of _private.Mathlib.Tactic.Linter.Multigoal.0.Mathlib.Linter.Style.multiGoal.multiGoalLinter._lam_0._boxed took 0.0356ms
interpretation of _private.Mathlib.Tactic.Linter.OldObtain.0.Mathlib.Linter.Style.oldObtainLinter._lam_0._boxed took 0.0308ms
interpretation of Mathlib.Linter.UnusedInstancesInType.withSetBoolOptionIn._boxed took 0.11ms
interpretation of Mathlib.Linter.UnusedInstancesInType.withSetBoolOptionIn._boxed took 0.0581ms
overlappingInstancesLinter took 1.14ms
interpretation of Mathlib.Linter.UnusedInstancesInType.withSetBoolOptionIn._boxed took 0.198ms
interpretation of _private.Mathlib.Tactic.Linter.PrivateModule.0.Mathlib.Linter.privateModule._lam_1._boxed took 0.0643ms
interpretation of _private.Mathlib.Tactic.Linter.UnusedTactic.0.Mathlib.Linter.UnusedTactic.unusedTacticLinter._lam_0._boxed took 2.32ms
interpretation of _private.Mathlib.Tactic.Linter.Style.0.Mathlib.Linter.Style.setOption.setOptionLinter._lam_0._boxed took 0.098ms
interpretation of _private.Mathlib.Tactic.Linter.Style.0.Mathlib.Linter.Style.missingEnd.missingEndLinter._lam_0._boxed took 0.102ms
interpretation of _private.Mathlib.Tactic.Linter.Style.0.Mathlib.Linter.Style.cdotLinter._lam_0._boxed took 0.0393ms
interpretation of _private.Mathlib.Tactic.Linter.Style.0.Mathlib.Linter.Style.dollarSyntax.dollarSyntaxLinter._lam_0._boxed took 0.0524ms
interpretation of _private.Mathlib.Tactic.Linter.Style.0.Mathlib.Linter.Style.lambdaSyntax.lambdaSyntaxLinter._lam_0._boxed took 0.0304ms
interpretation of _private.Mathlib.Tactic.Linter.Style.0.Mathlib.Linter.Style.longFile.longFileLinter._lam_0._boxed took 0.0502ms
interpretation of _private.Mathlib.Tactic.Linter.Style.0.Mathlib.Linter.Style.longLine.longLineLinter._lam_0._boxed took 0.0312ms
interpretation of _private.Mathlib.Tactic.Linter.Style.0.Mathlib.Linter.Style.nameCheck.doubleUnderscore._lam_2._boxed took 0.556ms
interpretation of _private.Mathlib.Tactic.Linter.Style.0.Mathlib.Linter.Style.openClassical.openClassicalLinter._lam_0._boxed took 0.0418ms
interpretation of _private.Mathlib.Tactic.Linter.Whitespace.0.Mathlib.Linter.Style.Whitespace.whitespaceLinter._lam_4._boxed took 0.0574ms
tacticAnalysis took 3.76ms
interpretation of Mathlib.TacticAnalysis.tacticAnalysis._lam_1._boxed took 0.232ms
interpretation of _private.Mathlib.Tactic.Linter.Lint.0.Mathlib.Linter.DupNamespaceLinter.dupNamespace._lam_1._boxed took 0.464ms
interpretation of Batteries.Linter.UnreachableTactic.unreachableTacticLinter._lam_0._boxed took 4.83ms
interpretation of Batteries.Linter.UnnecessarySeqFocus.unnecessarySeqFocusLinter._lam_1._boxed took 2.56ms
interpretation of _private.Mathlib.Tactic.Linter.HaveLetLinter.0.Mathlib.Linter.haveLet.haveLetLinter._lam_0._boxed took 0.0491ms
interpretation of _private.Mathlib.Tactic.Linter.MinImports.0.Mathlib.Linter.MinImports.minImportsLinter._lam_2._boxed took 0.0648ms
interpretation of _private.Mathlib.Tactic.Linter.PPRoundtrip.0.Mathlib.Linter.PPRoundtrip.ppRoundtrip._lam_1._boxed took 0.0385ms
interpretation of _private.Mathlib.Tactic.Linter.UpstreamableDecl.0.Mathlib.Linter.DoubleImports.upstreamableDeclLinter._lam_0._boxed took 0.0531ms
interpretation of Mathlib.Linter.CountHeartbeats.countHeartbeatsLinter._lam_1._boxed took 0.0414ms
linting took 3.08ms
elaboration took 11.2ms
parsing took 0.877ms
interpretation of _aux_Mathlib_Data_Nat_Notation___macroRules_termℕ_1._boxed took 0.0801ms
attribute application took 0.0095ms
interpretation of Lean.Elab.Term._aux_Mathlib_Tactic_TypeStar___elabRules_Lean_Elab_Term_termType*_1._boxed took 0.171ms
instantiate metavars took 0.0134ms
instantiate metavars took 0.0017ms
interpretation of Qq._aux_Qq_Match___macroRules_Lean_Parser_Term_match_1._boxed took 0.32ms
type checking took 0.607ms
type checking took 0.389ms
instantiate metavars took 0.0119ms
instantiate metavars took 0.0015ms
instantiate metavars took 0.0009ms
instantiate metavars took 0.0012ms
instantiate metavars took 0.0009ms
share common exprs took 0.0903ms
fix level params took 0.0333ms
let-to-have transformation took 0.0071ms
let-to-have transformation took 0.0068ms
type checking took 0.23ms
attribute application took 0.0062ms
compilation (LCNF base) took 1.25ms
compilation (LCNF mono) took 0.41ms
compilation (LCNF mono) took 0.704ms
compilation (LCNF impure) took 0.797ms
compilation (IR) took 0.145ms
compilation (LCNF mono) took 0.387ms
compilation (LCNF impure) took 0.24ms
compilation (IR) took 0.0297ms
attribute application took 0.0097ms
process pre-definitions took 5.23ms
interpretation of _private.Mathlib.Tactic.Linter.Header.0.Mathlib.Linter.Style.header.headerLinter._lam_3._boxed took 0.141ms
interpretation of _private.Mathlib.Tactic.Linter.AuxLemma.0.Mathlib.Linter.AuxLemma.auxLemmaLinter._lam_1._boxed took 0.419ms
interpretation of _private.Mathlib.Tactic.Linter.DeprecatedSyntaxLinter.0.Mathlib.Linter.Style.deprecatedSyntaxLinter._lam_1._boxed took 0.0851ms
interpretation of _private.Mathlib.Tactic.Linter.DocPrime.0.Mathlib.Linter.DocPrime.docPrimeLinter._lam_3._boxed took 0.042ms
interpretation of _private.Mathlib.Tactic.Linter.DocString.0.Mathlib.Linter.Style.docStringLinter._lam_0._boxed took 0.515ms
interpretation of _private.Mathlib.Tactic.Linter.DocString.0.Mathlib.Linter.Style.moduleDocVersoLinter._lam_0._boxed took 0.0701ms
interpretation of Mathlib.Linter.EmptyLine.emptyLineLinter._lam_2._boxed took 0.0551ms
interpretation of _private.Mathlib.Tactic.Linter.GlobalAttributeIn.0.Mathlib.Linter.globalAttributeInLinter.globalAttributeIn._lam_0._boxed took 0.736ms
interpretation of _private.Mathlib.Tactic.Linter.HashCommandLinter.0.Mathlib.Linter.HashCommandLinter.withSetOptionIn'._boxed took 0.3ms
interpretation of _private.Mathlib.Tactic.Linter.FlexibleLinter.0.Mathlib.Linter.Flexible.flexibleLinter._lam_0._boxed took 0.171ms
interpretation of _private.Mathlib.Tactic.Linter.Multigoal.0.Mathlib.Linter.Style.multiGoal.multiGoalLinter._lam_0._boxed took 0.0896ms
interpretation of _private.Mathlib.Tactic.Linter.OldObtain.0.Mathlib.Linter.Style.oldObtainLinter._lam_0._boxed took 0.0939ms
interpretation of Mathlib.Linter.UnusedInstancesInType.withSetBoolOptionIn._boxed took 0.191ms
interpretation of Mathlib.Linter.UnusedInstancesInType.withSetBoolOptionIn._boxed took 0.341ms
overlappingInstancesLinter took 2.29ms
interpretation of Mathlib.Linter.UnusedInstancesInType.withSetBoolOptionIn._boxed took 0.398ms
interpretation of _private.Mathlib.Tactic.Linter.PrivateModule.0.Mathlib.Linter.privateModule._lam_1._boxed took 0.0431ms
interpretation of _private.Mathlib.Tactic.Linter.UnusedTactic.0.Mathlib.Linter.UnusedTactic.unusedTacticLinter._lam_0._boxed took 1.64ms
interpretation of _private.Mathlib.Tactic.Linter.Style.0.Mathlib.Linter.Style.setOption.setOptionLinter._lam_0._boxed took 0.0646ms
interpretation of _private.Mathlib.Tactic.Linter.Style.0.Mathlib.Linter.Style.missingEnd.missingEndLinter._lam_0._boxed took 0.0688ms
interpretation of _private.Mathlib.Tactic.Linter.Style.0.Mathlib.Linter.Style.cdotLinter._lam_0._boxed took 0.0424ms
interpretation of _private.Mathlib.Tactic.Linter.Style.0.Mathlib.Linter.Style.dollarSyntax.dollarSyntaxLinter._lam_0._boxed took 0.0284ms
interpretation of _private.Mathlib.Tactic.Linter.Style.0.Mathlib.Linter.Style.lambdaSyntax.lambdaSyntaxLinter._lam_0._boxed took 0.0281ms
interpretation of _private.Mathlib.Tactic.Linter.Style.0.Mathlib.Linter.Style.longFile.longFileLinter._lam_0._boxed took 0.0442ms
interpretation of _private.Mathlib.Tactic.Linter.Style.0.Mathlib.Linter.Style.longLine.longLineLinter._lam_0._boxed took 0.027ms
interpretation of _private.Mathlib.Tactic.Linter.Style.0.Mathlib.Linter.Style.nameCheck.doubleUnderscore._lam_2._boxed took 0.387ms
interpretation of _private.Mathlib.Tactic.Linter.Style.0.Mathlib.Linter.Style.openClassical.openClassicalLinter._lam_0._boxed took 0.0307ms
interpretation of _private.Mathlib.Tactic.Linter.Whitespace.0.Mathlib.Linter.Style.Whitespace.whitespaceLinter._lam_4._boxed took 0.0381ms
tacticAnalysis took 2.77ms
interpretation of Mathlib.TacticAnalysis.tacticAnalysis._lam_1._boxed took 0.121ms
interpretation of _private.Mathlib.Tactic.Linter.Lint.0.Mathlib.Linter.DupNamespaceLinter.dupNamespace._lam_1._boxed took 0.42ms
interpretation of Batteries.Linter.UnreachableTactic.unreachableTacticLinter._lam_0._boxed took 1.83ms
interpretation of Batteries.Linter.UnnecessarySeqFocus.unnecessarySeqFocusLinter._lam_1._boxed took 1.27ms
interpretation of _private.Mathlib.Tactic.Linter.HaveLetLinter.0.Mathlib.Linter.haveLet.haveLetLinter._lam_0._boxed took 0.0435ms
interpretation of _private.Mathlib.Tactic.Linter.MinImports.0.Mathlib.Linter.MinImports.minImportsLinter._lam_2._boxed took 0.0863ms
interpretation of _private.Mathlib.Tactic.Linter.PPRoundtrip.0.Mathlib.Linter.PPRoundtrip.ppRoundtrip._lam_1._boxed took 0.038ms
interpretation of _private.Mathlib.Tactic.Linter.UpstreamableDecl.0.Mathlib.Linter.DoubleImports.upstreamableDeclLinter._lam_0._boxed took 0.0408ms
interpretation of Mathlib.Linter.CountHeartbeats.countHeartbeatsLinter._lam_1._boxed took 0.0368ms
linting took 2.92ms
elaboration took 14ms
parsing took 0.468ms
interpretation of _aux_Mathlib_Data_Nat_Notation___macroRules_termℕ_1._boxed took 0.077ms
attribute application took 0.0085ms
interpretation of Lean.Elab.Term._aux_Mathlib_Tactic_TypeStar___elabRules_Lean_Elab_Term_termType*_1._boxed took 0.14ms
instantiate metavars took 0.0099ms
instantiate metavars took 0.0014ms
instantiate metavars took 0.0074ms
instantiate metavars took 0.001ms
instantiate metavars took 0.0005ms
instantiate metavars took 0.0012ms
instantiate metavars took 0.0011ms
share common exprs took 0.0331ms
fix level params took 0.0186ms
let-to-have transformation took 0.0047ms
let-to-have transformation took 0.0026ms
type checking took 0.106ms
attribute application took 0.0048ms
compilation (LCNF base) took 10.4ms
compilation (LCNF mono) took 1.35ms
compilation (LCNF mono) took 1.05ms
compilation (LCNF impure) took 0.361ms
compilation (IR) took 0.0819ms
compilation (LCNF mono) took 0.407ms
compilation (LCNF impure) took 0.227ms
compilation (IR) took 0.041ms
compilation (LCNF mono) took 0.213ms
compilation (LCNF impure) took 0.107ms
compilation (IR) took 0.024ms
compilation (LCNF mono) took 0.142ms
compilation (LCNF impure) took 0.0862ms
compilation (IR) took 0.0141ms
compilation (LCNF mono) took 0.106ms
compilation (LCNF impure) took 0.0956ms
compilation (IR) took 0.0141ms
compilation (LCNF mono) took 0.136ms
compilation (LCNF impure) took 0.147ms
compilation (IR) took 0.028ms
attribute application took 0.0056ms
process pre-definitions took 2.3ms
interpretation of _private.Mathlib.Tactic.Linter.Header.0.Mathlib.Linter.Style.header.headerLinter._lam_3._boxed took 0.0655ms
interpretation of _private.Mathlib.Tactic.Linter.AuxLemma.0.Mathlib.Linter.AuxLemma.auxLemmaLinter._lam_1._boxed took 0.171ms
interpretation of _private.Mathlib.Tactic.Linter.DeprecatedSyntaxLinter.0.Mathlib.Linter.Style.deprecatedSyntaxLinter._lam_1._boxed took 0.043ms
interpretation of _private.Mathlib.Tactic.Linter.DocPrime.0.Mathlib.Linter.DocPrime.docPrimeLinter._lam_3._boxed took 0.0466ms
interpretation of _private.Mathlib.Tactic.Linter.DocString.0.Mathlib.Linter.Style.docStringLinter._lam_0._boxed took 0.24ms
interpretation of _private.Mathlib.Tactic.Linter.DocString.0.Mathlib.Linter.Style.moduleDocVersoLinter._lam_0._boxed took 0.0213ms
interpretation of Mathlib.Linter.EmptyLine.emptyLineLinter._lam_2._boxed took 0.0213ms
interpretation of _private.Mathlib.Tactic.Linter.GlobalAttributeIn.0.Mathlib.Linter.globalAttributeInLinter.globalAttributeIn._lam_0._boxed took 0.223ms
interpretation of _private.Mathlib.Tactic.Linter.HashCommandLinter.0.Mathlib.Linter.HashCommandLinter.withSetOptionIn'._boxed took 0.0496ms
interpretation of _private.Mathlib.Tactic.Linter.FlexibleLinter.0.Mathlib.Linter.Flexible.flexibleLinter._lam_0._boxed took 0.0258ms
interpretation of _private.Mathlib.Tactic.Linter.Multigoal.0.Mathlib.Linter.Style.multiGoal.multiGoalLinter._lam_0._boxed took 0.0225ms
interpretation of _private.Mathlib.Tactic.Linter.OldObtain.0.Mathlib.Linter.Style.oldObtainLinter._lam_0._boxed took 0.0307ms
interpretation of Mathlib.Linter.UnusedInstancesInType.withSetBoolOptionIn._boxed took 0.0613ms
interpretation of Mathlib.Linter.UnusedInstancesInType.withSetBoolOptionIn._boxed took 0.0311ms
overlappingInstancesLinter took 0.569ms
interpretation of Mathlib.Linter.UnusedInstancesInType.withSetBoolOptionIn._boxed took 0.112ms
interpretation of _private.Mathlib.Tactic.Linter.PrivateModule.0.Mathlib.Linter.privateModule._lam_1._boxed took 0.0327ms
interpretation of _private.Mathlib.Tactic.Linter.UnusedTactic.0.Mathlib.Linter.UnusedTactic.unusedTacticLinter._lam_0._boxed took 0.813ms
interpretation of _private.Mathlib.Tactic.Linter.Style.0.Mathlib.Linter.Style.setOption.setOptionLinter._lam_0._boxed took 0.0431ms
interpretation of _private.Mathlib.Tactic.Linter.Style.0.Mathlib.Linter.Style.missingEnd.missingEndLinter._lam_0._boxed took 0.042ms
interpretation of _private.Mathlib.Tactic.Linter.Style.0.Mathlib.Linter.Style.cdotLinter._lam_0._boxed took 0.0214ms
interpretation of _private.Mathlib.Tactic.Linter.Style.0.Mathlib.Linter.Style.dollarSyntax.dollarSyntaxLinter._lam_0._boxed took 0.0188ms
interpretation of _private.Mathlib.Tactic.Linter.Style.0.Mathlib.Linter.Style.lambdaSyntax.lambdaSyntaxLinter._lam_0._boxed took 0.0167ms
interpretation of _private.Mathlib.Tactic.Linter.Style.0.Mathlib.Linter.Style.longFile.longFileLinter._lam_0._boxed took 0.0215ms
interpretation of _private.Mathlib.Tactic.Linter.Style.0.Mathlib.Linter.Style.longLine.longLineLinter._lam_0._boxed took 0.0166ms
interpretation of _private.Mathlib.Tactic.Linter.Style.0.Mathlib.Linter.Style.nameCheck.doubleUnderscore._lam_2._boxed took 0.227ms
interpretation of _private.Mathlib.Tactic.Linter.Style.0.Mathlib.Linter.Style.openClassical.openClassicalLinter._lam_0._boxed took 0.0203ms
interpretation of _private.Mathlib.Tactic.Linter.Whitespace.0.Mathlib.Linter.Style.Whitespace.whitespaceLinter._lam_4._boxed took 0.0255ms
tacticAnalysis took 1.11ms
interpretation of Mathlib.TacticAnalysis.tacticAnalysis._lam_1._boxed took 0.062ms
interpretation of _private.Mathlib.Tactic.Linter.Lint.0.Mathlib.Linter.DupNamespaceLinter.dupNamespace._lam_1._boxed took 0.211ms
interpretation of Batteries.Linter.UnreachableTactic.unreachableTacticLinter._lam_0._boxed took 0.712ms
interpretation of Batteries.Linter.UnnecessarySeqFocus.unnecessarySeqFocusLinter._lam_1._boxed took 0.821ms
interpretation of _private.Mathlib.Tactic.Linter.HaveLetLinter.0.Mathlib.Linter.haveLet.haveLetLinter._lam_0._boxed took 0.039ms
interpretation of _private.Mathlib.Tactic.Linter.MinImports.0.Mathlib.Linter.MinImports.minImportsLinter._lam_2._boxed took 0.0528ms
interpretation of _private.Mathlib.Tactic.Linter.PPRoundtrip.0.Mathlib.Linter.PPRoundtrip.ppRoundtrip._lam_1._boxed took 0.0366ms
interpretation of _private.Mathlib.Tactic.Linter.UpstreamableDecl.0.Mathlib.Linter.DoubleImports.upstreamableDeclLinter._lam_0._boxed took 0.181ms
interpretation of Mathlib.Linter.CountHeartbeats.countHeartbeatsLinter._lam_1._boxed took 0.251ms
linting took 1.68ms
elaboration took 4.65ms
parsing took 0.9ms
interpretation of _aux_Mathlib_Data_Nat_Notation___macroRules_termℕ_1._boxed took 0.156ms
attribute application took 0.017ms
interpretation of Lean.Elab.Term._aux_Mathlib_Tactic_TypeStar___elabRules_Lean_Elab_Term_termType*_1._boxed took 0.22ms
instantiate metavars took 0.0117ms
instantiate metavars took 0.0031ms
instantiate metavars took 0.0097ms
instantiate metavars took 0.0025ms
instantiate metavars took 0.0009ms
instantiate metavars took 0.0027ms
instantiate metavars took 0.001ms
share common exprs took 0.0529ms
fix level params took 0.0341ms
let-to-have transformation took 0.0085ms
let-to-have transformation took 0.0036ms
type checking took 0.166ms
attribute application took 0.0118ms
compilation (LCNF base) took 2.02ms
compilation (LCNF mono) took 0.559ms
compilation (LCNF mono) took 0.407ms
compilation (LCNF impure) took 0.432ms
compilation (IR) took 0.0847ms
compilation (LCNF mono) took 0.287ms
compilation (LCNF impure) took 0.118ms
compilation (IR) took 0.0249ms
compilation (LCNF mono) took 0.17ms
compilation (LCNF impure) took 0.0996ms
compilation (IR) took 0.0162ms
compilation (LCNF mono) took 0.142ms
compilation (LCNF impure) took 0.145ms
compilation (IR) took 0.0198ms
attribute application took 0.0101ms
process pre-definitions took 2.47ms
interpretation of _private.Mathlib.Tactic.Linter.Header.0.Mathlib.Linter.Style.header.headerLinter._lam_3._boxed took 0.166ms
interpretation of _private.Mathlib.Tactic.Linter.AuxLemma.0.Mathlib.Linter.AuxLemma.auxLemmaLinter._lam_1._boxed took 0.41ms
interpretation of _private.Mathlib.Tactic.Linter.DeprecatedSyntaxLinter.0.Mathlib.Linter.Style.deprecatedSyntaxLinter._lam_1._boxed took 0.0953ms
interpretation of _private.Mathlib.Tactic.Linter.DocPrime.0.Mathlib.Linter.DocPrime.docPrimeLinter._lam_3._boxed took 0.0393ms
interpretation of _private.Mathlib.Tactic.Linter.DocString.0.Mathlib.Linter.Style.docStringLinter._lam_0._boxed took 0.551ms
interpretation of _private.Mathlib.Tactic.Linter.DocString.0.Mathlib.Linter.Style.moduleDocVersoLinter._lam_0._boxed took 0.0525ms
interpretation of Mathlib.Linter.EmptyLine.emptyLineLinter._lam_2._boxed took 0.0773ms
interpretation of _private.Mathlib.Tactic.Linter.GlobalAttributeIn.0.Mathlib.Linter.globalAttributeInLinter.globalAttributeIn._lam_0._boxed took 0.492ms
interpretation of _private.Mathlib.Tactic.Linter.HashCommandLinter.0.Mathlib.Linter.HashCommandLinter.withSetOptionIn'._boxed took 0.158ms
interpretation of _private.Mathlib.Tactic.Linter.FlexibleLinter.0.Mathlib.Linter.Flexible.flexibleLinter._lam_0._boxed took 0.0689ms
interpretation of _private.Mathlib.Tactic.Linter.Multigoal.0.Mathlib.Linter.Style.multiGoal.multiGoalLinter._lam_0._boxed took 0.0585ms
interpretation of _private.Mathlib.Tactic.Linter.OldObtain.0.Mathlib.Linter.Style.oldObtainLinter._lam_0._boxed took 0.108ms
interpretation of Mathlib.Linter.UnusedInstancesInType.withSetBoolOptionIn._boxed took 0.12ms
interpretation of Mathlib.Linter.UnusedInstancesInType.withSetBoolOptionIn._boxed took 0.0717ms
overlappingInstancesLinter took 1.49ms
interpretation of Mathlib.Linter.UnusedInstancesInType.withSetBoolOptionIn._boxed took 0.31ms
interpretation of _private.Mathlib.Tactic.Linter.PrivateModule.0.Mathlib.Linter.privateModule._lam_1._boxed took 0.0732ms
interpretation of _private.Mathlib.Tactic.Linter.UnusedTactic.0.Mathlib.Linter.UnusedTactic.unusedTacticLinter._lam_0._boxed took 1.79ms
interpretation of _private.Mathlib.Tactic.Linter.Style.0.Mathlib.Linter.Style.setOption.setOptionLinter._lam_0._boxed took 0.0955ms
interpretation of _private.Mathlib.Tactic.Linter.Style.0.Mathlib.Linter.Style.missingEnd.missingEndLinter._lam_0._boxed took 0.0923ms
interpretation of _private.Mathlib.Tactic.Linter.Style.0.Mathlib.Linter.Style.cdotLinter._lam_0._boxed took 0.0544ms
interpretation of _private.Mathlib.Tactic.Linter.Style.0.Mathlib.Linter.Style.dollarSyntax.dollarSyntaxLinter._lam_0._boxed took 0.0234ms
interpretation of _private.Mathlib.Tactic.Linter.Style.0.Mathlib.Linter.Style.lambdaSyntax.lambdaSyntaxLinter._lam_0._boxed took 0.0201ms
interpretation of _private.Mathlib.Tactic.Linter.Style.0.Mathlib.Linter.Style.longFile.longFileLinter._lam_0._boxed took 0.0652ms
interpretation of _private.Mathlib.Tactic.Linter.Style.0.Mathlib.Linter.Style.longLine.longLineLinter._lam_0._boxed took 0.0301ms
interpretation of _private.Mathlib.Tactic.Linter.Style.0.Mathlib.Linter.Style.nameCheck.doubleUnderscore._lam_2._boxed took 0.343ms
interpretation of _private.Mathlib.Tactic.Linter.Style.0.Mathlib.Linter.Style.openClassical.openClassicalLinter._lam_0._boxed took 0.0535ms
interpretation of _private.Mathlib.Tactic.Linter.Whitespace.0.Mathlib.Linter.Style.Whitespace.whitespaceLinter._lam_4._boxed took 0.0473ms
tacticAnalysis took 1.61ms
interpretation of Mathlib.TacticAnalysis.tacticAnalysis._lam_1._boxed took 0.102ms
interpretation of _private.Mathlib.Tactic.Linter.Lint.0.Mathlib.Linter.DupNamespaceLinter.dupNamespace._lam_1._boxed took 0.391ms
interpretation of Batteries.Linter.UnreachableTactic.unreachableTacticLinter._lam_0._boxed took 1.34ms
interpretation of Batteries.Linter.UnnecessarySeqFocus.unnecessarySeqFocusLinter._lam_1._boxed took 0.68ms
interpretation of _private.Mathlib.Tactic.Linter.HaveLetLinter.0.Mathlib.Linter.haveLet.haveLetLinter._lam_0._boxed took 0.0265ms
interpretation of _private.Mathlib.Tactic.Linter.MinImports.0.Mathlib.Linter.MinImports.minImportsLinter._lam_2._boxed took 0.0378ms
interpretation of _private.Mathlib.Tactic.Linter.PPRoundtrip.0.Mathlib.Linter.PPRoundtrip.ppRoundtrip._lam_1._boxed took 0.0234ms
interpretation of _private.Mathlib.Tactic.Linter.UpstreamableDecl.0.Mathlib.Linter.DoubleImports.upstreamableDeclLinter._lam_0._boxed took 0.0263ms
interpretation of Mathlib.Linter.CountHeartbeats.countHeartbeatsLinter._lam_1._boxed took 0.0257ms
linting took 2.54ms
elaboration took 7.57ms
parsing took 0.478ms
interpretation of _aux_Mathlib_Data_Nat_Notation___macroRules_termℕ_1._boxed took 0.239ms
attribute application took 0.0201ms
instantiate metavars took 0.0124ms
instantiate metavars took 0.0023ms
typeclass inference of Fintype took 1.49ms
typeclass inference of DecidablePred took 0.772ms
typeclass inference of Fintype took 0.508ms
tactic execution of Lean.Parser.Tactic.exact took 4.23ms
tactic execution of Lean.Parser.Tactic.tacticSeq1Indented took 0.0947ms
tactic execution of Lean.Parser.Tactic.tacticSeq took 0.0668ms
tactic execution of Lean.Parser.Tactic.classical took 1.16ms
tactic execution of Lean.Parser.Tactic.tacticSeq1Indented took 0.132ms
tactic execution of Lean.Parser.Tactic.tacticSeq took 0.247ms
instantiate metavars took 0.0085ms
instantiate metavars took 0.0014ms
instantiate metavars took 0.0008ms
instantiate metavars took 0.0019ms
instantiate metavars took 0.0008ms
share common exprs took 0.0912ms
fix level params took 0.0393ms
let-to-have transformation took 0.0096ms
let-to-have transformation took 0.0268ms
type checking took 0.352ms
attribute application took 0.0091ms
compilation (LCNF base) took 3.9ms
compilation (LCNF mono) took 0.708ms
compilation (LCNF mono) took 0.253ms
compilation (LCNF impure) took 0.308ms
compilation (IR) took 0.0797ms
compilation (LCNF mono) took 0.241ms
compilation (LCNF impure) took 0.171ms
compilation (IR) took 0.0344ms
compilation (LCNF mono) took 0.146ms
compilation (LCNF impure) took 0.133ms
compilation (IR) took 0.0231ms
attribute application took 0.0085ms
process pre-definitions took 8.66ms
interpretation of Mathlib.Command.Variable.ignorevariable?._boxed took 13.6ms
interpretation of _private.Mathlib.Tactic.Linter.Header.0.Mathlib.Linter.Style.header.headerLinter._lam_3._boxed took 0.0834ms
interpretation of _private.Mathlib.Tactic.Linter.AuxLemma.0.Mathlib.Linter.AuxLemma.auxLemmaLinter._lam_1._boxed took 0.186ms
interpretation of _private.Mathlib.Tactic.Linter.DeprecatedSyntaxLinter.0.Mathlib.Linter.Style.deprecatedSyntaxLinter._lam_1._boxed took 0.0589ms
interpretation of _private.Mathlib.Tactic.Linter.DocPrime.0.Mathlib.Linter.DocPrime.docPrimeLinter._lam_3._boxed took 0.0293ms
interpretation of _private.Mathlib.Tactic.Linter.DocString.0.Mathlib.Linter.Style.docStringLinter._lam_0._boxed took 0.314ms
interpretation of _private.Mathlib.Tactic.Linter.DocString.0.Mathlib.Linter.Style.moduleDocVersoLinter._lam_0._boxed took 0.0263ms
interpretation of Mathlib.Linter.EmptyLine.emptyLineLinter._lam_2._boxed took 0.0421ms
interpretation of _private.Mathlib.Tactic.Linter.GlobalAttributeIn.0.Mathlib.Linter.globalAttributeInLinter.globalAttributeIn._lam_0._boxed took 0.323ms
interpretation of _private.Mathlib.Tactic.Linter.HashCommandLinter.0.Mathlib.Linter.HashCommandLinter.withSetOptionIn'._boxed took 0.0573ms
interpretation of _private.Mathlib.Tactic.Linter.FlexibleLinter.0.Mathlib.Linter.Flexible.flexibleLinter._lam_0._boxed took 0.0377ms
interpretation of _private.Mathlib.Tactic.Linter.Multigoal.0.Mathlib.Linter.Style.multiGoal.multiGoalLinter._lam_0._boxed took 0.0266ms
interpretation of _private.Mathlib.Tactic.Linter.OldObtain.0.Mathlib.Linter.Style.oldObtainLinter._lam_0._boxed took 0.0219ms
interpretation of Mathlib.Linter.UnusedInstancesInType.withSetBoolOptionIn._boxed took 0.0551ms
interpretation of Mathlib.Linter.UnusedInstancesInType.withSetBoolOptionIn._boxed took 0.0408ms
overlappingInstancesLinter took 0.795ms
interpretation of Mathlib.Linter.UnusedInstancesInType.withSetBoolOptionIn._boxed took 0.112ms
interpretation of _private.Mathlib.Tactic.Linter.PrivateModule.0.Mathlib.Linter.privateModule._lam_1._boxed took 0.0271ms
interpretation of _private.Mathlib.Tactic.Linter.UnusedTactic.0.Mathlib.Linter.UnusedTactic.unusedTacticLinter._lam_0._boxed took 5.8ms
interpretation of _private.Mathlib.Tactic.Linter.Style.0.Mathlib.Linter.Style.setOption.setOptionLinter._lam_0._boxed took 0.136ms
interpretation of _private.Mathlib.Tactic.Linter.Style.0.Mathlib.Linter.Style.missingEnd.missingEndLinter._lam_0._boxed took 0.0906ms
interpretation of _private.Mathlib.Tactic.Linter.Style.0.Mathlib.Linter.Style.cdotLinter._lam_0._boxed took 0.0531ms
interpretation of _private.Mathlib.Tactic.Linter.Style.0.Mathlib.Linter.Style.dollarSyntax.dollarSyntaxLinter._lam_0._boxed took 0.0706ms
interpretation of _private.Mathlib.Tactic.Linter.Style.0.Mathlib.Linter.Style.lambdaSyntax.lambdaSyntaxLinter._lam_0._boxed took 0.0319ms
interpretation of _private.Mathlib.Tactic.Linter.Style.0.Mathlib.Linter.Style.longFile.longFileLinter._lam_0._boxed took 0.0412ms
interpretation of _private.Mathlib.Tactic.Linter.Style.0.Mathlib.Linter.Style.longLine.longLineLinter._lam_0._boxed took 0.0362ms
interpretation of _private.Mathlib.Tactic.Linter.Style.0.Mathlib.Linter.Style.nameCheck.doubleUnderscore._lam_2._boxed took 0.473ms
interpretation of _private.Mathlib.Tactic.Linter.Style.0.Mathlib.Linter.Style.openClassical.openClassicalLinter._lam_0._boxed took 0.0324ms
interpretation of _private.Mathlib.Tactic.Linter.Whitespace.0.Mathlib.Linter.Style.Whitespace.whitespaceLinter._lam_4._boxed took 0.0436ms
interpretation of Mathlib.TacticAnalysis.runPass._boxed took 10.6ms
interpretation of Mathlib.TacticAnalysis.runPass._boxed took 0.169ms
tacticAnalysis took 11.7ms
interpretation of Mathlib.TacticAnalysis.tacticAnalysis._lam_1._boxed took 0.0831ms
interpretation of _private.Mathlib.Tactic.Linter.Lint.0.Mathlib.Linter.DupNamespaceLinter.dupNamespace._lam_1._boxed took 0.281ms
interpretation of Batteries.Linter.UnreachableTactic.unreachableTacticLinter._lam_0._boxed took 3.17ms
interpretation of Batteries.Linter.UnnecessarySeqFocus.unnecessarySeqFocusLinter._lam_1._boxed took 2.31ms
interpretation of _private.Mathlib.Tactic.Linter.HaveLetLinter.0.Mathlib.Linter.haveLet.haveLetLinter._lam_0._boxed took 0.0691ms
interpretation of _private.Mathlib.Tactic.Linter.MinImports.0.Mathlib.Linter.MinImports.minImportsLinter._lam_2._boxed took 0.094ms
interpretation of _private.Mathlib.Tactic.Linter.PPRoundtrip.0.Mathlib.Linter.PPRoundtrip.ppRoundtrip._lam_1._boxed took 0.0457ms
interpretation of _private.Mathlib.Tactic.Linter.UpstreamableDecl.0.Mathlib.Linter.DoubleImports.upstreamableDeclLinter._lam_0._boxed took 0.0446ms
interpretation of Mathlib.Linter.CountHeartbeats.countHeartbeatsLinter._lam_1._boxed took 0.0408ms
linting took 2.61ms
elaboration took 7.27ms
parsing took 0.416ms
interpretation of _aux_Mathlib_Data_Nat_Notation___macroRules_termℕ_1._boxed took 0.254ms
attribute application took 0.0084ms
typeclass inference of CoeFun took 1.34ms
instantiate metavars took 0.0087ms
instantiate metavars took 0.0017ms
typeclass inference of Fintype took 0.494ms
typeclass inference of DecidableEq took 2.14ms
typeclass inference of DecidableEq took 3.58ms
typeclass inference of Fintype took 0.472ms
tactic execution of Lean.Parser.Tactic.exact took 7.94ms
tactic execution of Lean.Parser.Tactic.tacticSeq1Indented took 0.0713ms
tactic execution of Lean.Parser.Tactic.tacticSeq took 0.0464ms
tactic execution of Lean.Parser.Tactic.classical took 0.352ms
tactic execution of Lean.Parser.Tactic.tacticSeq1Indented took 0.0538ms
tactic execution of Lean.Parser.Tactic.tacticSeq took 0.11ms
instantiate metavars took 0.0072ms
instantiate metavars took 0.0019ms
instantiate metavars took 0.0011ms
instantiate metavars took 0.0016ms
instantiate metavars took 0.0011ms
share common exprs took 0.0923ms
fix level params took 0.038ms
let-to-have transformation took 0.0083ms
let-to-have transformation took 0.0052ms
type checking took 0.249ms
attribute application took 0.0078ms
attribute application took 0.009ms
process pre-definitions took 3.56ms
interpretation of Mathlib.Command.Variable.ignorevariable?._boxed took 0.774ms
interpretation of _private.Mathlib.Tactic.Linter.Header.0.Mathlib.Linter.Style.header.headerLinter._lam_3._boxed took 0.188ms
interpretation of _private.Mathlib.Tactic.Linter.AuxLemma.0.Mathlib.Linter.AuxLemma.auxLemmaLinter._lam_1._boxed took 0.458ms
interpretation of _private.Mathlib.Tactic.Linter.DeprecatedSyntaxLinter.0.Mathlib.Linter.Style.deprecatedSyntaxLinter._lam_1._boxed took 0.126ms
interpretation of _private.Mathlib.Tactic.Linter.DocPrime.0.Mathlib.Linter.DocPrime.docPrimeLinter._lam_3._boxed took 0.0537ms
interpretation of _private.Mathlib.Tactic.Linter.DocString.0.Mathlib.Linter.Style.docStringLinter._lam_0._boxed took 0.537ms
interpretation of _private.Mathlib.Tactic.Linter.DocString.0.Mathlib.Linter.Style.moduleDocVersoLinter._lam_0._boxed took 0.0454ms
interpretation of Mathlib.Linter.EmptyLine.emptyLineLinter._lam_2._boxed took 0.0652ms
interpretation of _private.Mathlib.Tactic.Linter.GlobalAttributeIn.0.Mathlib.Linter.globalAttributeInLinter.globalAttributeIn._lam_0._boxed took 0.363ms
interpretation of _private.Mathlib.Tactic.Linter.HashCommandLinter.0.Mathlib.Linter.HashCommandLinter.withSetOptionIn'._boxed took 0.0998ms
interpretation of _private.Mathlib.Tactic.Linter.FlexibleLinter.0.Mathlib.Linter.Flexible.flexibleLinter._lam_0._boxed took 0.0888ms
interpretation of _private.Mathlib.Tactic.Linter.Multigoal.0.Mathlib.Linter.Style.multiGoal.multiGoalLinter._lam_0._boxed took 0.0415ms
interpretation of _private.Mathlib.Tactic.Linter.OldObtain.0.Mathlib.Linter.Style.oldObtainLinter._lam_0._boxed took 0.0527ms
interpretation of Mathlib.Linter.UnusedInstancesInType.withSetBoolOptionIn._boxed took 0.0954ms
interpretation of Mathlib.Linter.UnusedInstancesInType.withSetBoolOptionIn._boxed took 0.0518ms
overlappingInstancesLinter took 0.91ms
interpretation of Mathlib.Linter.UnusedInstancesInType.withSetBoolOptionIn._boxed took 0.196ms
interpretation of _private.Mathlib.Tactic.Linter.PrivateModule.0.Mathlib.Linter.privateModule._lam_1._boxed took 0.0561ms
interpretation of _private.Mathlib.Tactic.Linter.UnusedTactic.0.Mathlib.Linter.UnusedTactic.unusedTacticLinter._lam_0._boxed took 3.56ms
interpretation of _private.Mathlib.Tactic.Linter.Style.0.Mathlib.Linter.Style.setOption.setOptionLinter._lam_0._boxed took 0.0733ms
interpretation of _private.Mathlib.Tactic.Linter.Style.0.Mathlib.Linter.Style.missingEnd.missingEndLinter._lam_0._boxed took 0.0833ms
interpretation of _private.Mathlib.Tactic.Linter.Style.0.Mathlib.Linter.Style.cdotLinter._lam_0._boxed took 0.0456ms
interpretation of _private.Mathlib.Tactic.Linter.Style.0.Mathlib.Linter.Style.dollarSyntax.dollarSyntaxLinter._lam_0._boxed took 0.0343ms
interpretation of _private.Mathlib.Tactic.Linter.Style.0.Mathlib.Linter.Style.lambdaSyntax.lambdaSyntaxLinter._lam_0._boxed took 0.0512ms
interpretation of _private.Mathlib.Tactic.Linter.Style.0.Mathlib.Linter.Style.longFile.longFileLinter._lam_0._boxed took 0.0382ms
interpretation of _private.Mathlib.Tactic.Linter.Style.0.Mathlib.Linter.Style.longLine.longLineLinter._lam_0._boxed took 0.0465ms
interpretation of _private.Mathlib.Tactic.Linter.Style.0.Mathlib.Linter.Style.nameCheck.doubleUnderscore._lam_2._boxed took 0.497ms
interpretation of _private.Mathlib.Tactic.Linter.Style.0.Mathlib.Linter.Style.openClassical.openClassicalLinter._lam_0._boxed took 0.0356ms
interpretation of _private.Mathlib.Tactic.Linter.Whitespace.0.Mathlib.Linter.Style.Whitespace.whitespaceLinter._lam_4._boxed took 0.0446ms
interpretation of Mathlib.TacticAnalysis.runPass._boxed took 0.354ms
interpretation of Mathlib.TacticAnalysis.runPass._boxed took 0.21ms
tacticAnalysis took 4.98ms
interpretation of Mathlib.TacticAnalysis.tacticAnalysis._lam_1._boxed took 0.0906ms
interpretation of _private.Mathlib.Tactic.Linter.Lint.0.Mathlib.Linter.DupNamespaceLinter.dupNamespace._lam_1._boxed took 0.38ms
interpretation of Batteries.Linter.UnreachableTactic.unreachableTacticLinter._lam_0._boxed took 1.4ms
interpretation of Batteries.Linter.UnnecessarySeqFocus.unnecessarySeqFocusLinter._lam_1._boxed took 1ms
interpretation of _private.Mathlib.Tactic.Linter.HaveLetLinter.0.Mathlib.Linter.haveLet.haveLetLinter._lam_0._boxed took 0.0647ms
interpretation of _private.Mathlib.Tactic.Linter.MinImports.0.Mathlib.Linter.MinImports.minImportsLinter._lam_2._boxed took 0.0631ms
interpretation of _private.Mathlib.Tactic.Linter.PPRoundtrip.0.Mathlib.Linter.PPRoundtrip.ppRoundtrip._lam_1._boxed took 0.155ms
interpretation of _private.Mathlib.Tactic.Linter.UpstreamableDecl.0.Mathlib.Linter.DoubleImports.upstreamableDeclLinter._lam_0._boxed took 0.0762ms
interpretation of Mathlib.Linter.CountHeartbeats.countHeartbeatsLinter._lam_1._boxed took 0.0563ms
linting took 3.09ms
elaboration took 13.8ms
parsing took 3.98ms
interpretation of _aux_Mathlib_Data_Nat_Notation___macroRules_termℕ_1._boxed took 0.0789ms
attribute application took 0.0091ms
typeclass inference of CoeFun took 1.3ms
instantiate metavars took 0.0786ms
instantiate metavars took 0.0028ms
typeclass inference of Fintype took 0.457ms
typeclass inference of DecidablePred took 16.7ms
typeclass inference of Fintype took 0.459ms
tactic execution of Lean.Parser.Tactic.exact took 7.25ms
tactic execution of Lean.Parser.Tactic.tacticSeq1Indented took 0.0862ms
tactic execution of Lean.Parser.Tactic.tacticSeq took 0.0728ms
tactic execution of Lean.Parser.Tactic.classical took 0.592ms
tactic execution of Lean.Parser.Tactic.tacticSeq1Indented took 0.0848ms
tactic execution of Lean.Parser.Tactic.tacticSeq took 0.29ms
instantiate metavars took 0.0069ms
instantiate metavars took 0.0021ms
instantiate metavars took 0.0009ms
instantiate metavars took 0.0013ms
instantiate metavars took 0.0008ms
share common exprs took 0.232ms
fix level params took 0.0767ms
type checking took 0.549ms
let-to-have transformation took 0.0116ms
let-to-have transformation took 0.0238ms
type checking took 1.04ms
attribute application took 0.0119ms
attribute application took 0.019ms
process pre-definitions took 9.18ms
interpretation of Mathlib.Command.Variable.ignorevariable?._boxed took 0.421ms
interpretation of _private.Mathlib.Tactic.Linter.Header.0.Mathlib.Linter.Style.header.headerLinter._lam_3._boxed took 0.104ms
interpretation of _private.Mathlib.Tactic.Linter.AuxLemma.0.Mathlib.Linter.AuxLemma.auxLemmaLinter._lam_1._boxed took 0.753ms
interpretation of _private.Mathlib.Tactic.Linter.DeprecatedSyntaxLinter.0.Mathlib.Linter.Style.deprecatedSyntaxLinter._lam_1._boxed took 0.0814ms
interpretation of _private.Mathlib.Tactic.Linter.DocPrime.0.Mathlib.Linter.DocPrime.docPrimeLinter._lam_3._boxed took 0.0453ms
interpretation of _private.Mathlib.Tactic.Linter.DocString.0.Mathlib.Linter.Style.docStringLinter._lam_0._boxed took 0.633ms
interpretation of _private.Mathlib.Tactic.Linter.DocString.0.Mathlib.Linter.Style.moduleDocVersoLinter._lam_0._boxed took 0.0595ms
interpretation of Mathlib.Linter.EmptyLine.emptyLineLinter._lam_2._boxed took 0.0412ms
interpretation of _private.Mathlib.Tactic.Linter.GlobalAttributeIn.0.Mathlib.Linter.globalAttributeInLinter.globalAttributeIn._lam_0._boxed took 0.668ms
interpretation of _private.Mathlib.Tactic.Linter.HashCommandLinter.0.Mathlib.Linter.HashCommandLinter.withSetOptionIn'._boxed took 0.109ms
interpretation of _private.Mathlib.Tactic.Linter.FlexibleLinter.0.Mathlib.Linter.Flexible.flexibleLinter._lam_0._boxed took 0.0616ms
interpretation of _private.Mathlib.Tactic.Linter.Multigoal.0.Mathlib.Linter.Style.multiGoal.multiGoalLinter._lam_0._boxed took 0.0398ms
interpretation of _private.Mathlib.Tactic.Linter.OldObtain.0.Mathlib.Linter.Style.oldObtainLinter._lam_0._boxed took 0.0357ms
interpretation of Mathlib.Linter.UnusedInstancesInType.withSetBoolOptionIn._boxed took 0.105ms
interpretation of Mathlib.Linter.UnusedInstancesInType.withSetBoolOptionIn._boxed took 0.0563ms
overlappingInstancesLinter took 0.894ms
interpretation of Mathlib.Linter.UnusedInstancesInType.withSetBoolOptionIn._boxed took 0.136ms
interpretation of _private.Mathlib.Tactic.Linter.PrivateModule.0.Mathlib.Linter.privateModule._lam_1._boxed took 0.0433ms
interpretation of _private.Mathlib.Tactic.Linter.UnusedTactic.0.Mathlib.Linter.UnusedTactic.unusedTacticLinter._lam_0._boxed took 2.59ms
interpretation of _private.Mathlib.Tactic.Linter.Style.0.Mathlib.Linter.Style.setOption.setOptionLinter._lam_0._boxed took 0.168ms
interpretation of _private.Mathlib.Tactic.Linter.Style.0.Mathlib.Linter.Style.missingEnd.missingEndLinter._lam_0._boxed took 0.11ms
interpretation of _private.Mathlib.Tactic.Linter.Style.0.Mathlib.Linter.Style.cdotLinter._lam_0._boxed took 0.0599ms
interpretation of _private.Mathlib.Tactic.Linter.Style.0.Mathlib.Linter.Style.dollarSyntax.dollarSyntaxLinter._lam_0._boxed took 0.0344ms
interpretation of _private.Mathlib.Tactic.Linter.Style.0.Mathlib.Linter.Style.lambdaSyntax.lambdaSyntaxLinter._lam_0._boxed took 0.0551ms
interpretation of _private.Mathlib.Tactic.Linter.Style.0.Mathlib.Linter.Style.longFile.longFileLinter._lam_0._boxed took 0.063ms
interpretation of _private.Mathlib.Tactic.Linter.Style.0.Mathlib.Linter.Style.longLine.longLineLinter._lam_0._boxed took 0.0343ms
interpretation of _private.Mathlib.Tactic.Linter.Style.0.Mathlib.Linter.Style.nameCheck.doubleUnderscore._lam_2._boxed took 0.502ms
interpretation of _private.Mathlib.Tactic.Linter.Style.0.Mathlib.Linter.Style.openClassical.openClassicalLinter._lam_0._boxed took 0.0383ms
interpretation of _private.Mathlib.Tactic.Linter.Whitespace.0.Mathlib.Linter.Style.Whitespace.whitespaceLinter._lam_4._boxed took 0.0515ms
interpretation of Mathlib.TacticAnalysis.runPass._boxed took 0.648ms
interpretation of Mathlib.TacticAnalysis.runPass._boxed took 0.19ms
tacticAnalysis took 5.53ms
interpretation of Mathlib.TacticAnalysis.tacticAnalysis._lam_1._boxed took 0.128ms
interpretation of _private.Mathlib.Tactic.Linter.Lint.0.Mathlib.Linter.DupNamespaceLinter.dupNamespace._lam_1._boxed took 0.488ms
interpretation of Batteries.Linter.UnreachableTactic.unreachableTacticLinter._lam_0._boxed took 2.75ms
interpretation of Batteries.Linter.UnnecessarySeqFocus.unnecessarySeqFocusLinter._lam_1._boxed took 1.76ms
interpretation of _private.Mathlib.Tactic.Linter.HaveLetLinter.0.Mathlib.Linter.haveLet.haveLetLinter._lam_0._boxed took 0.0482ms
interpretation of _private.Mathlib.Tactic.Linter.MinImports.0.Mathlib.Linter.MinImports.minImportsLinter._lam_2._boxed took 0.0658ms
interpretation of _private.Mathlib.Tactic.Linter.PPRoundtrip.0.Mathlib.Linter.PPRoundtrip.ppRoundtrip._lam_1._boxed took 0.0419ms
interpretation of _private.Mathlib.Tactic.Linter.UpstreamableDecl.0.Mathlib.Linter.DoubleImports.upstreamableDeclLinter._lam_0._boxed took 0.0444ms
interpretation of Mathlib.Linter.CountHeartbeats.countHeartbeatsLinter._lam_1._boxed took 0.06ms
linting took 3.28ms
elaboration took 39.4ms
parsing took 0.963ms
interpretation of _aux_Mathlib_Data_Nat_Notation___macroRules_termℕ_1._boxed took 0.0873ms
attribute application took 0.0082ms
typeclass inference of CoeFun took 1.15ms
instantiate metavars took 0.0093ms
instantiate metavars took 0.0018ms
typeclass inference of Membership took 1.17ms
interpretation of Mathlib.Meta.SetNotationForOrder._aux_Mathlib_Tactic_SetNotationForOrder___macroRules_Lean_termSatisfies_binder_pred%___4._boxed took 3.79ms
interpretation of Mathlib.Meta.SetNotationForOrder._aux_Mathlib_Tactic_SetNotationForOrder___macroRules_Lean_termSatisfies_binder_pred%___3._boxed took 0.0646ms
interpretation of Mathlib.Meta.SetNotationForOrder._aux_Mathlib_Tactic_SetNotationForOrder___macroRules_Lean_termSatisfies_binder_pred%___2._boxed took 0.051ms
interpretation of Mathlib.Meta.SetNotationForOrder._aux_Mathlib_Tactic_SetNotationForOrder___macroRules_Lean_termSatisfies_binder_pred%___1._boxed took 0.0475ms
typeclass inference of Membership took 0.611ms
typeclass inference of Membership took 0.925ms
typeclass inference of Membership took 1.3ms
typeclass inference took 0.665ms
typeclass inference of Membership took 0.064ms
instantiate metavars took 0.052ms
instantiate metavars took 0.0023ms
instantiate metavars took 0.0017ms
instantiate metavars took 0.0041ms
instantiate metavars took 0.0015ms
share common exprs took 0.356ms
fix level params took 0.0771ms
let-to-have transformation took 0.0165ms
let-to-have transformation took 0.0093ms
type checking took 0.57ms
attribute application took 0.0167ms
attribute application took 0.0049ms
process pre-definitions took 1.14ms
interpretation of _private.Mathlib.Tactic.Linter.Header.0.Mathlib.Linter.Style.header.headerLinter._lam_3._boxed took 0.18ms
interpretation of _private.Mathlib.Tactic.Linter.AuxLemma.0.Mathlib.Linter.AuxLemma.auxLemmaLinter._lam_1._boxed took 0.396ms
interpretation of _private.Mathlib.Tactic.Linter.DeprecatedSyntaxLinter.0.Mathlib.Linter.Style.deprecatedSyntaxLinter._lam_1._boxed took 0.0634ms
interpretation of _private.Mathlib.Tactic.Linter.DocPrime.0.Mathlib.Linter.DocPrime.docPrimeLinter._lam_3._boxed took 0.0439ms
interpretation of _private.Mathlib.Tactic.Linter.DocString.0.Mathlib.Linter.Style.docStringLinter._lam_0._boxed took 0.456ms
interpretation of _private.Mathlib.Tactic.Linter.DocString.0.Mathlib.Linter.Style.moduleDocVersoLinter._lam_0._boxed took 0.0356ms
interpretation of Mathlib.Linter.EmptyLine.emptyLineLinter._lam_2._boxed took 0.0301ms
interpretation of _private.Mathlib.Tactic.Linter.GlobalAttributeIn.0.Mathlib.Linter.globalAttributeInLinter.globalAttributeIn._lam_0._boxed took 0.369ms
interpretation of _private.Mathlib.Tactic.Linter.HashCommandLinter.0.Mathlib.Linter.HashCommandLinter.withSetOptionIn'._boxed took 0.0653ms
interpretation of _private.Mathlib.Tactic.Linter.FlexibleLinter.0.Mathlib.Linter.Flexible.flexibleLinter._lam_0._boxed took 0.0385ms
interpretation of _private.Mathlib.Tactic.Linter.Multigoal.0.Mathlib.Linter.Style.multiGoal.multiGoalLinter._lam_0._boxed took 0.0316ms
interpretation of _private.Mathlib.Tactic.Linter.OldObtain.0.Mathlib.Linter.Style.oldObtainLinter._lam_0._boxed took 0.0524ms
interpretation of Mathlib.Linter.UnusedInstancesInType.withSetBoolOptionIn._boxed took 0.0731ms
interpretation of Mathlib.Linter.UnusedInstancesInType.withSetBoolOptionIn._boxed took 0.0377ms
overlappingInstancesLinter took 0.682ms
interpretation of Mathlib.Linter.UnusedInstancesInType.withSetBoolOptionIn._boxed took 0.109ms
interpretation of _private.Mathlib.Tactic.Linter.PrivateModule.0.Mathlib.Linter.privateModule._lam_1._boxed took 0.0517ms
interpretation of _private.Mathlib.Tactic.Linter.UnusedTactic.0.Mathlib.Linter.UnusedTactic.unusedTacticLinter._lam_0._boxed took 1.42ms
interpretation of _private.Mathlib.Tactic.Linter.Style.0.Mathlib.Linter.Style.setOption.setOptionLinter._lam_0._boxed took 0.0947ms
interpretation of _private.Mathlib.Tactic.Linter.Style.0.Mathlib.Linter.Style.missingEnd.missingEndLinter._lam_0._boxed took 0.092ms
interpretation of _private.Mathlib.Tactic.Linter.Style.0.Mathlib.Linter.Style.cdotLinter._lam_0._boxed took 0.0526ms
interpretation of _private.Mathlib.Tactic.Linter.Style.0.Mathlib.Linter.Style.dollarSyntax.dollarSyntaxLinter._lam_0._boxed took 0.0283ms
interpretation of _private.Mathlib.Tactic.Linter.Style.0.Mathlib.Linter.Style.lambdaSyntax.lambdaSyntaxLinter._lam_0._boxed took 0.0312ms
interpretation of _private.Mathlib.Tactic.Linter.Style.0.Mathlib.Linter.Style.longFile.longFileLinter._lam_0._boxed took 0.0841ms
interpretation of _private.Mathlib.Tactic.Linter.Style.0.Mathlib.Linter.Style.longLine.longLineLinter._lam_0._boxed took 0.0297ms
interpretation of _private.Mathlib.Tactic.Linter.Style.0.Mathlib.Linter.Style.nameCheck.doubleUnderscore._lam_2._boxed took 0.487ms
interpretation of _private.Mathlib.Tactic.Linter.Style.0.Mathlib.Linter.Style.openClassical.openClassicalLinter._lam_0._boxed took 0.0291ms
interpretation of _private.Mathlib.Tactic.Linter.Whitespace.0.Mathlib.Linter.Style.Whitespace.whitespaceLinter._lam_4._boxed took 0.0317ms
tacticAnalysis took 3.37ms
interpretation of Mathlib.TacticAnalysis.tacticAnalysis._lam_1._boxed took 0.185ms
interpretation of _private.Mathlib.Tactic.Linter.Lint.0.Mathlib.Linter.DupNamespaceLinter.dupNamespace._lam_1._boxed took 0.629ms
interpretation of Batteries.Linter.UnreachableTactic.unreachableTacticLinter._lam_0._boxed took 2.4ms
interpretation of Batteries.Linter.UnnecessarySeqFocus.unnecessarySeqFocusLinter._lam_1._boxed took 1.28ms
interpretation of _private.Mathlib.Tactic.Linter.HaveLetLinter.0.Mathlib.Linter.haveLet.haveLetLinter._lam_0._boxed took 0.0383ms
interpretation of _private.Mathlib.Tactic.Linter.MinImports.0.Mathlib.Linter.MinImports.minImportsLinter._lam_2._boxed took 0.0495ms
interpretation of _private.Mathlib.Tactic.Linter.PPRoundtrip.0.Mathlib.Linter.PPRoundtrip.ppRoundtrip._lam_1._boxed took 0.0332ms
interpretation of _private.Mathlib.Tactic.Linter.UpstreamableDecl.0.Mathlib.Linter.DoubleImports.upstreamableDeclLinter._lam_0._boxed took 0.0336ms
interpretation of Mathlib.Linter.CountHeartbeats.countHeartbeatsLinter._lam_1._boxed took 0.0334ms
linting took 2.98ms
elaboration took 16.1ms
parsing took 0.67ms
interpretation of _aux_Mathlib_Data_Nat_Notation___macroRules_termℕ_1._boxed took 0.0983ms
attribute application took 0.008ms
typeclass inference of CoeFun took 0.981ms
instantiate metavars took 0.0107ms
instantiate metavars took 0.0014ms
typeclass inference took 0.246ms
instantiate metavars took 0.0118ms
instantiate metavars took 0.0012ms
instantiate metavars took 0.0009ms
instantiate metavars took 0.0013ms
instantiate metavars took 0.0008ms
share common exprs took 0.127ms
fix level params took 0.0387ms
let-to-have transformation took 0.0079ms
let-to-have transformation took 0.0073ms
type checking took 0.52ms
attribute application took 0.0124ms
attribute application took 0.0366ms
process pre-definitions took 4.54ms
interpretation of _private.Mathlib.Tactic.Linter.Header.0.Mathlib.Linter.Style.header.headerLinter._lam_3._boxed took 0.169ms
interpretation of _private.Mathlib.Tactic.Linter.AuxLemma.0.Mathlib.Linter.AuxLemma.auxLemmaLinter._lam_1._boxed took 0.36ms
interpretation of _private.Mathlib.Tactic.Linter.DeprecatedSyntaxLinter.0.Mathlib.Linter.Style.deprecatedSyntaxLinter._lam_1._boxed took 0.0691ms
interpretation of _private.Mathlib.Tactic.Linter.DocPrime.0.Mathlib.Linter.DocPrime.docPrimeLinter._lam_3._boxed took 0.0531ms
interpretation of _private.Mathlib.Tactic.Linter.DocString.0.Mathlib.Linter.Style.docStringLinter._lam_0._boxed took 0.414ms
interpretation of _private.Mathlib.Tactic.Linter.DocString.0.Mathlib.Linter.Style.moduleDocVersoLinter._lam_0._boxed took 0.0308ms
interpretation of Mathlib.Linter.EmptyLine.emptyLineLinter._lam_2._boxed took 0.0487ms
interpretation of _private.Mathlib.Tactic.Linter.GlobalAttributeIn.0.Mathlib.Linter.globalAttributeInLinter.globalAttributeIn._lam_0._boxed took 0.404ms
interpretation of _private.Mathlib.Tactic.Linter.HashCommandLinter.0.Mathlib.Linter.HashCommandLinter.withSetOptionIn'._boxed took 0.0939ms
interpretation of _private.Mathlib.Tactic.Linter.FlexibleLinter.0.Mathlib.Linter.Flexible.flexibleLinter._lam_0._boxed took 0.06ms
interpretation of _private.Mathlib.Tactic.Linter.Multigoal.0.Mathlib.Linter.Style.multiGoal.multiGoalLinter._lam_0._boxed took 0.0444ms
interpretation of _private.Mathlib.Tactic.Linter.OldObtain.0.Mathlib.Linter.Style.oldObtainLinter._lam_0._boxed took 0.0835ms
interpretation of Mathlib.Linter.UnusedInstancesInType.withSetBoolOptionIn._boxed took 0.107ms
interpretation of Mathlib.Linter.UnusedInstancesInType.withSetBoolOptionIn._boxed took 0.0391ms
overlappingInstancesLinter took 1.64ms
interpretation of Mathlib.Linter.UnusedInstancesInType.withSetBoolOptionIn._boxed took 0.324ms
interpretation of _private.Mathlib.Tactic.Linter.PrivateModule.0.Mathlib.Linter.privateModule._lam_1._boxed took 0.0876ms
interpretation of _private.Mathlib.Tactic.Linter.UnusedTactic.0.Mathlib.Linter.UnusedTactic.unusedTacticLinter._lam_0._boxed took 2.05ms
interpretation of _private.Mathlib.Tactic.Linter.Style.0.Mathlib.Linter.Style.setOption.setOptionLinter._lam_0._boxed took 0.0724ms
interpretation of _private.Mathlib.Tactic.Linter.Style.0.Mathlib.Linter.Style.missingEnd.missingEndLinter._lam_0._boxed took 0.0947ms
interpretation of _private.Mathlib.Tactic.Linter.Style.0.Mathlib.Linter.Style.cdotLinter._lam_0._boxed took 0.0256ms
interpretation of _private.Mathlib.Tactic.Linter.Style.0.Mathlib.Linter.Style.dollarSyntax.dollarSyntaxLinter._lam_0._boxed took 0.022ms
interpretation of _private.Mathlib.Tactic.Linter.Style.0.Mathlib.Linter.Style.lambdaSyntax.lambdaSyntaxLinter._lam_0._boxed took 0.0193ms
interpretation of _private.Mathlib.Tactic.Linter.Style.0.Mathlib.Linter.Style.longFile.longFileLinter._lam_0._boxed took 0.0287ms
interpretation of _private.Mathlib.Tactic.Linter.Style.0.Mathlib.Linter.Style.longLine.longLineLinter._lam_0._boxed took 0.0193ms
interpretation of _private.Mathlib.Tactic.Linter.Style.0.Mathlib.Linter.Style.nameCheck.doubleUnderscore._lam_2._boxed took 0.348ms
interpretation of _private.Mathlib.Tactic.Linter.Style.0.Mathlib.Linter.Style.openClassical.openClassicalLinter._lam_0._boxed took 0.0221ms
interpretation of _private.Mathlib.Tactic.Linter.Whitespace.0.Mathlib.Linter.Style.Whitespace.whitespaceLinter._lam_4._boxed took 0.0365ms
tacticAnalysis took 1.81ms
interpretation of Mathlib.TacticAnalysis.tacticAnalysis._lam_1._boxed took 0.0944ms
interpretation of _private.Mathlib.Tactic.Linter.Lint.0.Mathlib.Linter.DupNamespaceLinter.dupNamespace._lam_1._boxed took 0.242ms
interpretation of Batteries.Linter.UnreachableTactic.unreachableTacticLinter._lam_0._boxed took 1ms
interpretation of Batteries.Linter.UnnecessarySeqFocus.unnecessarySeqFocusLinter._lam_1._boxed took 0.737ms
interpretation of _private.Mathlib.Tactic.Linter.HaveLetLinter.0.Mathlib.Linter.haveLet.haveLetLinter._lam_0._boxed took 0.035ms
interpretation of _private.Mathlib.Tactic.Linter.MinImports.0.Mathlib.Linter.MinImports.minImportsLinter._lam_2._boxed took 0.0508ms
interpretation of _private.Mathlib.Tactic.Linter.PPRoundtrip.0.Mathlib.Linter.PPRoundtrip.ppRoundtrip._lam_1._boxed took 0.036ms
interpretation of _private.Mathlib.Tactic.Linter.UpstreamableDecl.0.Mathlib.Linter.DoubleImports.upstreamableDeclLinter._lam_0._boxed took 0.0388ms
interpretation of Mathlib.Linter.CountHeartbeats.countHeartbeatsLinter._lam_1._boxed took 0.0387ms
linting took 2.29ms
elaboration took 7.78ms
parsing took 0.987ms
interpretation of _aux_Mathlib_Data_Nat_Notation___macroRules_termℕ_1._boxed took 0.0858ms
attribute application took 0.0071ms
typeclass inference of CoeFun took 0.713ms
instantiate metavars took 0.0065ms
instantiate metavars took 0.001ms
typeclass inference took 0.522ms
typeclass inference took 0.196ms
instantiate metavars took 0.0163ms
instantiate metavars took 0.0012ms
instantiate metavars took 0.0005ms
instantiate metavars took 0.001ms
instantiate metavars took 0.0008ms
share common exprs took 0.0772ms
fix level params took 0.0325ms
let-to-have transformation took 0.0064ms
let-to-have transformation took 0.0044ms
type checking took 0.378ms
attribute application took 0.0047ms
attribute application took 0.0051ms
process pre-definitions took 1.61ms
interpretation of _private.Mathlib.Tactic.Linter.Header.0.Mathlib.Linter.Style.header.headerLinter._lam_3._boxed took 0.0655ms
interpretation of _private.Mathlib.Tactic.Linter.AuxLemma.0.Mathlib.Linter.AuxLemma.auxLemmaLinter._lam_1._boxed took 0.241ms
interpretation of _private.Mathlib.Tactic.Linter.DeprecatedSyntaxLinter.0.Mathlib.Linter.Style.deprecatedSyntaxLinter._lam_1._boxed took 0.0585ms
interpretation of _private.Mathlib.Tactic.Linter.DocPrime.0.Mathlib.Linter.DocPrime.docPrimeLinter._lam_3._boxed took 0.0239ms
interpretation of _private.Mathlib.Tactic.Linter.DocString.0.Mathlib.Linter.Style.docStringLinter._lam_0._boxed took 0.289ms
interpretation of _private.Mathlib.Tactic.Linter.DocString.0.Mathlib.Linter.Style.moduleDocVersoLinter._lam_0._boxed took 0.0229ms
interpretation of Mathlib.Linter.EmptyLine.emptyLineLinter._lam_2._boxed took 0.0216ms
interpretation of _private.Mathlib.Tactic.Linter.GlobalAttributeIn.0.Mathlib.Linter.globalAttributeInLinter.globalAttributeIn._lam_0._boxed took 0.532ms
interpretation of _private.Mathlib.Tactic.Linter.HashCommandLinter.0.Mathlib.Linter.HashCommandLinter.withSetOptionIn'._boxed took 0.0746ms
interpretation of _private.Mathlib.Tactic.Linter.FlexibleLinter.0.Mathlib.Linter.Flexible.flexibleLinter._lam_0._boxed took 0.0344ms
interpretation of _private.Mathlib.Tactic.Linter.Multigoal.0.Mathlib.Linter.Style.multiGoal.multiGoalLinter._lam_0._boxed took 0.0237ms
interpretation of _private.Mathlib.Tactic.Linter.OldObtain.0.Mathlib.Linter.Style.oldObtainLinter._lam_0._boxed took 0.0285ms
interpretation of Mathlib.Linter.UnusedInstancesInType.withSetBoolOptionIn._boxed took 0.0594ms
interpretation of Mathlib.Linter.UnusedInstancesInType.withSetBoolOptionIn._boxed took 0.0309ms
overlappingInstancesLinter took 0.693ms
interpretation of Mathlib.Linter.UnusedInstancesInType.withSetBoolOptionIn._boxed took 0.118ms
interpretation of _private.Mathlib.Tactic.Linter.PrivateModule.0.Mathlib.Linter.privateModule._lam_1._boxed took 0.0314ms
interpretation of _private.Mathlib.Tactic.Linter.UnusedTactic.0.Mathlib.Linter.UnusedTactic.unusedTacticLinter._lam_0._boxed took 1.34ms
interpretation of _private.Mathlib.Tactic.Linter.Style.0.Mathlib.Linter.Style.setOption.setOptionLinter._lam_0._boxed took 0.0957ms
interpretation of _private.Mathlib.Tactic.Linter.Style.0.Mathlib.Linter.Style.missingEnd.missingEndLinter._lam_0._boxed took 0.0837ms
interpretation of _private.Mathlib.Tactic.Linter.Style.0.Mathlib.Linter.Style.cdotLinter._lam_0._boxed took 0.0422ms
interpretation of _private.Mathlib.Tactic.Linter.Style.0.Mathlib.Linter.Style.dollarSyntax.dollarSyntaxLinter._lam_0._boxed took 0.027ms
interpretation of _private.Mathlib.Tactic.Linter.Style.0.Mathlib.Linter.Style.lambdaSyntax.lambdaSyntaxLinter._lam_0._boxed took 0.0262ms
interpretation of _private.Mathlib.Tactic.Linter.Style.0.Mathlib.Linter.Style.longFile.longFileLinter._lam_0._boxed took 0.0445ms
interpretation of _private.Mathlib.Tactic.Linter.Style.0.Mathlib.Linter.Style.longLine.longLineLinter._lam_0._boxed took 0.026ms
interpretation of _private.Mathlib.Tactic.Linter.Style.0.Mathlib.Linter.Style.nameCheck.doubleUnderscore._lam_2._boxed took 0.479ms
interpretation of _private.Mathlib.Tactic.Linter.Style.0.Mathlib.Linter.Style.openClassical.openClassicalLinter._lam_0._boxed took 0.0363ms
interpretation of _private.Mathlib.Tactic.Linter.Whitespace.0.Mathlib.Linter.Style.Whitespace.whitespaceLinter._lam_4._boxed took 0.057ms
tacticAnalysis took 2.4ms
interpretation of Mathlib.TacticAnalysis.tacticAnalysis._lam_1._boxed took 0.149ms
interpretation of _private.Mathlib.Tactic.Linter.Lint.0.Mathlib.Linter.DupNamespaceLinter.dupNamespace._lam_1._boxed took 0.367ms
interpretation of Batteries.Linter.UnreachableTactic.unreachableTacticLinter._lam_0._boxed took 1.24ms
interpretation of Batteries.Linter.UnnecessarySeqFocus.unnecessarySeqFocusLinter._lam_1._boxed took 0.7ms
interpretation of _private.Mathlib.Tactic.Linter.HaveLetLinter.0.Mathlib.Linter.haveLet.haveLetLinter._lam_0._boxed took 0.0299ms
interpretation of _private.Mathlib.Tactic.Linter.MinImports.0.Mathlib.Linter.MinImports.minImportsLinter._lam_2._boxed took 0.0362ms
interpretation of _private.Mathlib.Tactic.Linter.PPRoundtrip.0.Mathlib.Linter.PPRoundtrip.ppRoundtrip._lam_1._boxed took 0.027ms
interpretation of _private.Mathlib.Tactic.Linter.UpstreamableDecl.0.Mathlib.Linter.DoubleImports.upstreamableDeclLinter._lam_0._boxed took 0.0244ms
interpretation of Mathlib.Linter.CountHeartbeats.countHeartbeatsLinter._lam_1._boxed took 0.0265ms
linting took 1.64ms
elaboration took 6.55ms
parsing took 0.516ms
interpretation of _aux_Mathlib_Data_Nat_Notation___macroRules_termℕ_1._boxed took 0.0866ms
attribute application took 0.0059ms
typeclass inference of CoeFun took 0.837ms
instantiate metavars took 0.007ms
instantiate metavars took 0.0011ms
typeclass inference of Fintype took 0.454ms
typeclass inference of Fintype took 0.182ms
typeclass inference took 0.186ms
instantiate metavars took 0.0085ms
instantiate metavars took 0.001ms
instantiate metavars took 0.0005ms
instantiate metavars took 0.0008ms
instantiate metavars took 0.0005ms
share common exprs took 0.0903ms
fix level params took 0.034ms
let-to-have transformation took 0.0067ms
let-to-have transformation took 0.005ms
type checking took 0.564ms
attribute application took 0.0296ms
attribute application took 0.0113ms
process pre-definitions took 4.17ms
interpretation of _private.Mathlib.Tactic.Linter.Header.0.Mathlib.Linter.Style.header.headerLinter._lam_3._boxed took 0.302ms
interpretation of _private.Mathlib.Tactic.Linter.AuxLemma.0.Mathlib.Linter.AuxLemma.auxLemmaLinter._lam_1._boxed took 0.5ms
interpretation of _private.Mathlib.Tactic.Linter.DeprecatedSyntaxLinter.0.Mathlib.Linter.Style.deprecatedSyntaxLinter._lam_1._boxed took 0.117ms
interpretation of _private.Mathlib.Tactic.Linter.DocPrime.0.Mathlib.Linter.DocPrime.docPrimeLinter._lam_3._boxed took 0.055ms
interpretation of _private.Mathlib.Tactic.Linter.DocString.0.Mathlib.Linter.Style.docStringLinter._lam_0._boxed took 0.687ms
interpretation of _private.Mathlib.Tactic.Linter.DocString.0.Mathlib.Linter.Style.moduleDocVersoLinter._lam_0._boxed took 0.0667ms
interpretation of Mathlib.Linter.EmptyLine.emptyLineLinter._lam_2._boxed took 0.039ms
interpretation of _private.Mathlib.Tactic.Linter.GlobalAttributeIn.0.Mathlib.Linter.globalAttributeInLinter.globalAttributeIn._lam_0._boxed took 0.421ms
interpretation of _private.Mathlib.Tactic.Linter.HashCommandLinter.0.Mathlib.Linter.HashCommandLinter.withSetOptionIn'._boxed took 0.0923ms
interpretation of _private.Mathlib.Tactic.Linter.FlexibleLinter.0.Mathlib.Linter.Flexible.flexibleLinter._lam_0._boxed took 0.0489ms
interpretation of _private.Mathlib.Tactic.Linter.Multigoal.0.Mathlib.Linter.Style.multiGoal.multiGoalLinter._lam_0._boxed took 0.034ms
interpretation of _private.Mathlib.Tactic.Linter.OldObtain.0.Mathlib.Linter.Style.oldObtainLinter._lam_0._boxed took 0.029ms
interpretation of Mathlib.Linter.UnusedInstancesInType.withSetBoolOptionIn._boxed took 0.0672ms
interpretation of Mathlib.Linter.UnusedInstancesInType.withSetBoolOptionIn._boxed took 0.0691ms
overlappingInstancesLinter took 0.928ms
interpretation of Mathlib.Linter.UnusedInstancesInType.withSetBoolOptionIn._boxed took 0.14ms
interpretation of _private.Mathlib.Tactic.Linter.PrivateModule.0.Mathlib.Linter.privateModule._lam_1._boxed took 0.0392ms
interpretation of _private.Mathlib.Tactic.Linter.UnusedTactic.0.Mathlib.Linter.UnusedTactic.unusedTacticLinter._lam_0._boxed took 1.06ms
interpretation of _private.Mathlib.Tactic.Linter.Style.0.Mathlib.Linter.Style.setOption.setOptionLinter._lam_0._boxed took 0.0396ms
interpretation of _private.Mathlib.Tactic.Linter.Style.0.Mathlib.Linter.Style.missingEnd.missingEndLinter._lam_0._boxed took 0.0424ms
interpretation of _private.Mathlib.Tactic.Linter.Style.0.Mathlib.Linter.Style.cdotLinter._lam_0._boxed took 0.0265ms
interpretation of _private.Mathlib.Tactic.Linter.Style.0.Mathlib.Linter.Style.dollarSyntax.dollarSyntaxLinter._lam_0._boxed took 0.0171ms
interpretation of _private.Mathlib.Tactic.Linter.Style.0.Mathlib.Linter.Style.lambdaSyntax.lambdaSyntaxLinter._lam_0._boxed took 0.0153ms
interpretation of _private.Mathlib.Tactic.Linter.Style.0.Mathlib.Linter.Style.longFile.longFileLinter._lam_0._boxed took 0.0377ms
interpretation of _private.Mathlib.Tactic.Linter.Style.0.Mathlib.Linter.Style.longLine.longLineLinter._lam_0._boxed took 0.0161ms
interpretation of _private.Mathlib.Tactic.Linter.Style.0.Mathlib.Linter.Style.nameCheck.doubleUnderscore._lam_2._boxed took 0.235ms
interpretation of _private.Mathlib.Tactic.Linter.Style.0.Mathlib.Linter.Style.openClassical.openClassicalLinter._lam_0._boxed took 0.0209ms
interpretation of _private.Mathlib.Tactic.Linter.Whitespace.0.Mathlib.Linter.Style.Whitespace.whitespaceLinter._lam_4._boxed took 0.0299ms
tacticAnalysis took 1.57ms
interpretation of Mathlib.TacticAnalysis.tacticAnalysis._lam_1._boxed took 0.127ms
interpretation of _private.Mathlib.Tactic.Linter.Lint.0.Mathlib.Linter.DupNamespaceLinter.dupNamespace._lam_1._boxed took 0.386ms
interpretation of Batteries.Linter.UnreachableTactic.unreachableTacticLinter._lam_0._boxed took 1.54ms
interpretation of Batteries.Linter.UnnecessarySeqFocus.unnecessarySeqFocusLinter._lam_1._boxed took 1.19ms
interpretation of _private.Mathlib.Tactic.Linter.HaveLetLinter.0.Mathlib.Linter.haveLet.haveLetLinter._lam_0._boxed took 0.0697ms
interpretation of _private.Mathlib.Tactic.Linter.MinImports.0.Mathlib.Linter.MinImports.minImportsLinter._lam_2._boxed took 0.0847ms
interpretation of _private.Mathlib.Tactic.Linter.PPRoundtrip.0.Mathlib.Linter.PPRoundtrip.ppRoundtrip._lam_1._boxed took 0.0942ms
interpretation of _private.Mathlib.Tactic.Linter.UpstreamableDecl.0.Mathlib.Linter.DoubleImports.upstreamableDeclLinter._lam_0._boxed took 0.0924ms
interpretation of Mathlib.Linter.CountHeartbeats.countHeartbeatsLinter._lam_1._boxed took 0.0482ms
linting took 2.74ms
elaboration took 5.41ms
parsing took 0.947ms
interpretation of _aux_Mathlib_Data_Nat_Notation___macroRules_termℕ_1._boxed took 0.0941ms
attribute application took 0.0069ms
interpretation of Lean.Elab.Term._aux_Mathlib_Tactic_TypeStar___elabRules_Lean_Elab_Term_termType*_1._boxed took 0.105ms
instantiate metavars took 0.0092ms
instantiate metavars took 0.0013ms
tactic execution of Lean.Parser.Tactic.cases took 1.06ms
tactic execution of Lean.Parser.Tactic.skip took 0.0084ms
tactic execution of Lean.Parser.Tactic.withAnnotateState took 0.0348ms
tactic execution of Lean.Parser.Tactic.cases took 0.653ms
tactic execution of Lean.Parser.Tactic.tacticSeq1Indented took 0.0504ms
tactic execution of Lean.Parser.Tactic.tacticSeq took 0.0216ms
tactic execution of Lean.Parser.Tactic.cases took 0.718ms
tactic execution of Lean.Parser.Tactic.tacticSeq1Indented took 0.0438ms
tactic execution of Lean.Parser.Tactic.tacticSeq took 0.0285ms
tactic execution of Lean.Parser.Tactic.allGoals took 0.063ms
tactic execution of Lean.Parser.Tactic.tacticSeq1Indented took 0.109ms
tactic execution of Lean.Parser.Tactic.tacticSeq took 0.0229ms
tactic execution of Lean.Parser.Tactic.focus took 0.0295ms
tactic execution of Lean.Parser.Tactic.tactic_<;>_ took 0.0343ms
tactic execution of Lean.Parser.Tactic.skip took 0.0109ms
tactic execution of Lean.Parser.Tactic.withAnnotateState took 0.0503ms
interpretation of _private.Mathlib.Tactic.Eqns.0.initFn._lam_0._@.Mathlib.Tactic.Eqns.1919312714._hygCtx._hyg.2._boxed took 12ms
type checking took 0.0565ms
type checking took 0.0239ms
type checking took 0.0242ms
type checking took 0.0157ms
compilation (LCNF base) took 0.558ms
compilation (LCNF mono) took 0.309ms
compilation (LCNF mono) took 0.2ms
compilation (LCNF impure) took 0.287ms
compilation (IR) took 0.0792ms
compilation (LCNF mono) took 0.265ms
compilation (LCNF impure) took 0.288ms
compilation (IR) took 0.0407ms
congr simp thm took 0.193ms
congr simp thm took 0.102ms
congr simp thm took 0.047ms
congr simp thm took 0.0072ms
congr simp thm took 0.0073ms
congr simp thm took 0.0977ms
congr simp thm took 0.0061ms
congr simp thm took 0.0049ms
congr simp thm took 0.0044ms
congr simp thm took 0.0043ms
congr simp thm took 0.0016ms
type checking took 0.0425ms
type checking took 0.0313ms
type checking took 0.0281ms
interpretation of _private.Mathlib.Tactic.Eqns.0.initFn._lam_0._@.Mathlib.Tactic.Eqns.1919312714._hygCtx._hyg.2._boxed took 0.0864ms
type checking took 0.0243ms
type checking took 0.0213ms
type checking took 0.022ms
compilation (LCNF base) took 0.693ms
compilation (LCNF mono) took 0.342ms
compilation (LCNF mono) took 0.258ms
compilation (LCNF impure) took 0.254ms
compilation (IR) took 0.056ms
compilation (LCNF mono) took 0.177ms
compilation (LCNF impure) took 0.167ms
compilation (IR) took 0.0264ms
congr simp thm took 0.0947ms
congr simp thm took 0.0769ms
congr simp thm took 0.0086ms
congr simp thm took 0.0048ms
congr simp thm took 0.0036ms
congr simp thm took 0.0071ms
type checking took 0.0353ms
type checking took 0.0348ms
congr simp thm took 0.0211ms
congr simp thm took 0.0156ms
congr simp thm took 0.0817ms
simp took 3.21ms
simp took 0.0716ms
tactic execution of Lean.Parser.Tactic.simp took 30.8ms
tactic execution of Lean.Parser.Tactic.tacticSeq1Indented took 0.0459ms
tactic execution of Lean.Parser.Tactic.tacticSeq took 0.025ms
congr simp thm took 0.0132ms
congr simp thm took 0.0101ms
congr simp thm took 0.0722ms
congr simp thm took 0.0071ms
simp took 2.46ms
simp took 0.05ms
tactic execution of Lean.Parser.Tactic.simp took 1.4ms
tactic execution of Lean.Parser.Tactic.tacticSeq1Indented took 0.0541ms
tactic execution of Lean.Parser.Tactic.tacticSeq took 0.0391ms
congr simp thm took 0.0057ms
congr simp thm took 0.0065ms
congr simp thm took 0.005ms
congr simp thm took 0.0039ms
simp took 2.15ms
simp took 0.065ms
tactic execution of Lean.Parser.Tactic.simp took 0.952ms
tactic execution of Lean.Parser.Tactic.tacticSeq1Indented took 0.0605ms
tactic execution of Lean.Parser.Tactic.tacticSeq took 0.0468ms
congr simp thm took 0.0075ms
congr simp thm took 0.011ms
congr simp thm took 0.118ms
congr simp thm took 0.0085ms
congr simp thm took 0.0068ms
congr simp thm took 0.0023ms
congr simp thm took 0.0039ms
simp took 4.47ms
simp took 0.128ms
tactic execution of Lean.Parser.Tactic.simp took 1.13ms
tactic execution of Lean.Parser.Tactic.tacticSeq1Indented took 0.0475ms
tactic execution of Lean.Parser.Tactic.tacticSeq took 0.0465ms
tactic execution of Lean.Parser.Tactic.allGoals took 0.427ms
tactic execution of Lean.Parser.Tactic.tacticSeq1Indented took 0.0992ms
tactic execution of Lean.Parser.Tactic.tacticSeq took 0.0332ms
tactic execution of Lean.Parser.Tactic.focus took 0.0779ms
tactic execution of Lean.Parser.Tactic.tactic_<;>_ took 0.0685ms
tactic execution of Lean.Parser.Tactic.tacticSeq1Indented took 0.061ms
tactic execution of Lean.Parser.Tactic.tacticSeq took 0.0532ms
instantiate metavars took 0.375ms
instantiate metavars took 0.0018ms
instantiate metavars took 0.0009ms
instantiate metavars took 0.0011ms
instantiate metavars took 0.0008ms
share common exprs took 0.403ms
fix level params took 0.132ms
let-to-have transformation took 0.0096ms
type checking took 4ms
attribute application took 0.019ms
attribute application took 0.0039ms
process pre-definitions took 0.74ms
interpretation of _private.Mathlib.Tactic.Linter.Header.0.Mathlib.Linter.Style.header.headerLinter._lam_3._boxed took 0.124ms
interpretation of _private.Mathlib.Tactic.Linter.AuxLemma.0.Mathlib.Linter.AuxLemma.auxLemmaLinter._lam_1._boxed took 0.374ms
interpretation of _private.Mathlib.Tactic.Linter.DeprecatedSyntaxLinter.0.Mathlib.Linter.Style.deprecatedSyntaxLinter._lam_1._boxed took 0.0982ms
interpretation of _private.Mathlib.Tactic.Linter.DocPrime.0.Mathlib.Linter.DocPrime.docPrimeLinter._lam_3._boxed took 0.0651ms
interpretation of _private.Mathlib.Tactic.Linter.DocString.0.Mathlib.Linter.Style.docStringLinter._lam_0._boxed took 0.508ms
interpretation of _private.Mathlib.Tactic.Linter.DocString.0.Mathlib.Linter.Style.moduleDocVersoLinter._lam_0._boxed took 0.0421ms
interpretation of Mathlib.Linter.EmptyLine.emptyLineLinter._lam_2._boxed took 0.0384ms
interpretation of _private.Mathlib.Tactic.Linter.GlobalAttributeIn.0.Mathlib.Linter.globalAttributeInLinter.globalAttributeIn._lam_0._boxed took 0.536ms
interpretation of _private.Mathlib.Tactic.Linter.HashCommandLinter.0.Mathlib.Linter.HashCommandLinter.withSetOptionIn'._boxed took 0.101ms
interpretation of _private.Mathlib.Tactic.Linter.FlexibleLinter.0.Mathlib.Linter.Flexible.flexibleLinter._lam_0._boxed took 0.0934ms
interpretation of _private.Mathlib.Tactic.Linter.Multigoal.0.Mathlib.Linter.Style.multiGoal.multiGoalLinter._lam_0._boxed took 0.0859ms
interpretation of _private.Mathlib.Tactic.Linter.OldObtain.0.Mathlib.Linter.Style.oldObtainLinter._lam_0._boxed took 0.0871ms
interpretation of Mathlib.Linter.UnusedInstancesInType.withSetBoolOptionIn._boxed took 0.15ms
interpretation of Mathlib.Linter.UnusedInstancesInType.withSetBoolOptionIn._boxed took 0.0637ms
overlappingInstancesLinter took 0.607ms
interpretation of Mathlib.Linter.UnusedInstancesInType.withSetBoolOptionIn._boxed took 0.14ms
interpretation of _private.Mathlib.Tactic.Linter.PrivateModule.0.Mathlib.Linter.privateModule._lam_1._boxed took 0.0357ms
interpretation of _private.Mathlib.Tactic.Linter.UnusedTactic.0.Mathlib.Linter.UnusedTactic.unusedTacticLinter._lam_0._boxed took 3.27ms
interpretation of _private.Mathlib.Tactic.Linter.Style.0.Mathlib.Linter.Style.setOption.setOptionLinter._lam_0._boxed took 0.0727ms
interpretation of _private.Mathlib.Tactic.Linter.Style.0.Mathlib.Linter.Style.missingEnd.missingEndLinter._lam_0._boxed took 0.0537ms
interpretation of _private.Mathlib.Tactic.Linter.Style.0.Mathlib.Linter.Style.cdotLinter._lam_0._boxed took 0.0392ms
interpretation of _private.Mathlib.Tactic.Linter.Style.0.Mathlib.Linter.Style.dollarSyntax.dollarSyntaxLinter._lam_0._boxed took 0.0258ms
interpretation of _private.Mathlib.Tactic.Linter.Style.0.Mathlib.Linter.Style.lambdaSyntax.lambdaSyntaxLinter._lam_0._boxed took 0.0176ms
interpretation of _private.Mathlib.Tactic.Linter.Style.0.Mathlib.Linter.Style.longFile.longFileLinter._lam_0._boxed took 0.0414ms
interpretation of _private.Mathlib.Tactic.Linter.Style.0.Mathlib.Linter.Style.longLine.longLineLinter._lam_0._boxed took 0.0317ms
interpretation of _private.Mathlib.Tactic.Linter.Style.0.Mathlib.Linter.Style.nameCheck.doubleUnderscore._lam_2._boxed took 0.398ms
interpretation of _private.Mathlib.Tactic.Linter.Style.0.Mathlib.Linter.Style.openClassical.openClassicalLinter._lam_0._boxed took 0.0533ms
interpretation of _private.Mathlib.Tactic.Linter.Whitespace.0.Mathlib.Linter.Style.Whitespace.whitespaceLinter._lam_4._boxed took 0.0464ms
interpretation of Mathlib.TacticAnalysis.runPass._boxed took 0.541ms
interpretation of Mathlib.TacticAnalysis.runPass._boxed took 0.24ms
interpretation of Mathlib.TacticAnalysis.runPass._boxed took 0.101ms
interpretation of Mathlib.TacticAnalysis.runPass._boxed took 0.141ms
interpretation of Mathlib.TacticAnalysis.runPass._boxed took 0.13ms
interpretation of Mathlib.TacticAnalysis.runPass._boxed took 0.115ms
interpretation of Mathlib.TacticAnalysis.runPass._boxed took 0.153ms
interpretation of Mathlib.TacticAnalysis.runPass._boxed took 0.121ms
interpretation of Mathlib.TacticAnalysis.runPass._boxed took 0.12ms
tacticAnalysis took 4.99ms
interpretation of Mathlib.TacticAnalysis.tacticAnalysis._lam_1._boxed took 0.109ms
interpretation of _private.Mathlib.Tactic.Linter.Lint.0.Mathlib.Linter.DupNamespaceLinter.dupNamespace._lam_1._boxed took 0.721ms
interpretation of Batteries.Linter.UnreachableTactic.unreachableTacticLinter._lam_0._boxed took 2.31ms
interpretation of Batteries.Linter.UnnecessarySeqFocus.unnecessarySeqFocusLinter._lam_1._boxed took 20.3ms
interpretation of _private.Mathlib.Tactic.Linter.HaveLetLinter.0.Mathlib.Linter.haveLet.haveLetLinter._lam_0._boxed took 0.0741ms
interpretation of _private.Mathlib.Tactic.Linter.MinImports.0.Mathlib.Linter.MinImports.minImportsLinter._lam_2._boxed took 0.124ms
interpretation of _private.Mathlib.Tactic.Linter.PPRoundtrip.0.Mathlib.Linter.PPRoundtrip.ppRoundtrip._lam_1._boxed took 0.0426ms
interpretation of _private.Mathlib.Tactic.Linter.UpstreamableDecl.0.Mathlib.Linter.DoubleImports.upstreamableDeclLinter._lam_0._boxed took 0.042ms
interpretation of Mathlib.Linter.CountHeartbeats.countHeartbeatsLinter._lam_1._boxed took 0.045ms
linting took 2.51ms
elaboration took 5.32ms
parsing took 0.822ms
interpretation of _aux_Mathlib_Data_Nat_Notation___macroRules_termℕ_1._boxed took 0.164ms
attribute application took 0.013ms
interpretation of Lean.Elab.Term._aux_Mathlib_Tactic_TypeStar___elabRules_Lean_Elab_Term_termType*_1._boxed took 0.194ms
instantiate metavars took 0.018ms
instantiate metavars took 0.0025ms
tactic execution of Lean.Parser.Tactic.cases took 1.29ms
tactic execution of Lean.Parser.Tactic.skip took 0.0119ms
tactic execution of Lean.Parser.Tactic.withAnnotateState took 0.0469ms
tactic execution of Lean.Parser.Tactic.cases took 0.985ms
tactic execution of Lean.Parser.Tactic.tacticSeq1Indented took 0.0722ms
tactic execution of Lean.Parser.Tactic.tacticSeq took 0.0421ms
tactic execution of Lean.Parser.Tactic.cases took 0.99ms
tactic execution of Lean.Parser.Tactic.tacticSeq1Indented took 0.0636ms
tactic execution of Lean.Parser.Tactic.tacticSeq took 0.0344ms
tactic execution of Lean.Parser.Tactic.allGoals took 0.082ms
tactic execution of Lean.Parser.Tactic.tacticSeq1Indented took 0.147ms
tactic execution of Lean.Parser.Tactic.tacticSeq took 0.0296ms
tactic execution of Lean.Parser.Tactic.focus took 0.0336ms
tactic execution of Lean.Parser.Tactic.tactic_<;>_ took 0.0342ms
tactic execution of Lean.Parser.Tactic.skip took 0.0133ms
tactic execution of Lean.Parser.Tactic.withAnnotateState took 0.0395ms
interpretation of _private.Mathlib.Tactic.Eqns.0.initFn._lam_0._@.Mathlib.Tactic.Eqns.1919312714._hygCtx._hyg.2._boxed took 0.0762ms
type checking took 0.0441ms
type checking took 0.064ms
type checking took 0.126ms
type checking took 0.076ms
compilation (LCNF base) took 0.893ms
compilation (LCNF mono) took 0.392ms
compilation (LCNF mono) took 0.194ms
compilation (LCNF impure) took 0.325ms
compilation (IR) took 0.0884ms
compilation (LCNF mono) took 0.146ms
compilation (LCNF impure) took 0.244ms
compilation (IR) took 0.0261ms
congr simp thm took 0.0224ms
congr simp thm took 0.0914ms
congr simp thm took 0.0083ms
congr simp thm took 0.0015ms
congr simp thm took 0.0039ms
congr simp thm took 0.0037ms
type checking took 0.0316ms
congr simp thm took 0.0131ms
congr simp thm took 0.0129ms
type checking took 0.103ms
congr simp thm took 0.0147ms
congr simp thm took 0.0163ms
congr simp thm took 0.0758ms
simp took 3.04ms
simp took 0.0822ms
tactic execution of Lean.Parser.Tactic.simp took 47ms
tactic execution of Lean.Parser.Tactic.tacticSeq1Indented took 0.0773ms
tactic execution of Lean.Parser.Tactic.tacticSeq took 0.0363ms
congr simp thm took 0.0072ms
congr simp thm took 0.0058ms
congr simp thm took 0.0044ms
congr simp thm took 0.0188ms
simp took 3.1ms
simp took 0.183ms
tactic execution of Lean.Parser.Tactic.simp took 1.7ms
tactic execution of Lean.Parser.Tactic.tacticSeq1Indented took 0.159ms
tactic execution of Lean.Parser.Tactic.tacticSeq took 0.093ms
congr simp thm took 0.0111ms
congr simp thm took 0.0078ms
congr simp thm took 0.0044ms
congr simp thm took 0.0069ms
simp took 2.76ms
simp took 0.0518ms
tactic execution of Lean.Parser.Tactic.simp took 1.93ms
tactic execution of Lean.Parser.Tactic.tacticSeq1Indented took 0.109ms
tactic execution of Lean.Parser.Tactic.tacticSeq took 0.104ms
congr simp thm took 0.0205ms
congr simp thm took 0.0292ms
congr simp thm took 0.121ms
congr simp thm took 0.0063ms
congr simp thm took 0.0057ms
congr simp thm took 0.002ms
congr simp thm took 0.0024ms
simp took 4.59ms
simp took 0.0708ms
tactic execution of Lean.Parser.Tactic.simp took 2.16ms
tactic execution of Lean.Parser.Tactic.tacticSeq1Indented took 0.0718ms
tactic execution of Lean.Parser.Tactic.tacticSeq took 0.0854ms
tactic execution of Lean.Parser.Tactic.allGoals took 0.731ms
tactic execution of Lean.Parser.Tactic.tacticSeq1Indented took 0.095ms
tactic execution of Lean.Parser.Tactic.tacticSeq took 0.0271ms
tactic execution of Lean.Parser.Tactic.focus took 0.0604ms
tactic execution of Lean.Parser.Tactic.tactic_<;>_ took 0.0457ms
tactic execution of Lean.Parser.Tactic.tacticSeq1Indented took 0.0379ms
tactic execution of Lean.Parser.Tactic.tacticSeq took 0.0503ms
instantiate metavars took 0.244ms
instantiate metavars took 0.0012ms
instantiate metavars took 0.0005ms
instantiate metavars took 0.0011ms
instantiate metavars took 0.0006ms
share common exprs took 0.329ms
fix level params took 0.113ms
let-to-have transformation took 0.0064ms
type checking took 2.1ms
attribute application took 0.0083ms
attribute application took 0.0024ms
process pre-definitions took 0.505ms
interpretation of _private.Mathlib.Tactic.Linter.Header.0.Mathlib.Linter.Style.header.headerLinter._lam_3._boxed took 0.0953ms
interpretation of _private.Mathlib.Tactic.Linter.AuxLemma.0.Mathlib.Linter.AuxLemma.auxLemmaLinter._lam_1._boxed took 0.249ms
interpretation of _private.Mathlib.Tactic.Linter.DeprecatedSyntaxLinter.0.Mathlib.Linter.Style.deprecatedSyntaxLinter._lam_1._boxed took 0.0466ms
interpretation of _private.Mathlib.Tactic.Linter.DocPrime.0.Mathlib.Linter.DocPrime.docPrimeLinter._lam_3._boxed took 0.028ms
interpretation of _private.Mathlib.Tactic.Linter.DocString.0.Mathlib.Linter.Style.docStringLinter._lam_0._boxed took 0.379ms
interpretation of _private.Mathlib.Tactic.Linter.DocString.0.Mathlib.Linter.Style.moduleDocVersoLinter._lam_0._boxed took 0.0277ms
interpretation of Mathlib.Linter.EmptyLine.emptyLineLinter._lam_2._boxed took 0.0281ms
interpretation of _private.Mathlib.Tactic.Linter.GlobalAttributeIn.0.Mathlib.Linter.globalAttributeInLinter.globalAttributeIn._lam_0._boxed took 0.377ms
interpretation of _private.Mathlib.Tactic.Linter.HashCommandLinter.0.Mathlib.Linter.HashCommandLinter.withSetOptionIn'._boxed took 0.062ms
interpretation of _private.Mathlib.Tactic.Linter.FlexibleLinter.0.Mathlib.Linter.Flexible.flexibleLinter._lam_0._boxed took 0.0341ms
interpretation of _private.Mathlib.Tactic.Linter.Multigoal.0.Mathlib.Linter.Style.multiGoal.multiGoalLinter._lam_0._boxed took 0.0262ms
interpretation of _private.Mathlib.Tactic.Linter.OldObtain.0.Mathlib.Linter.Style.oldObtainLinter._lam_0._boxed took 0.0366ms
interpretation of Mathlib.Linter.UnusedInstancesInType.withSetBoolOptionIn._boxed took 0.0716ms
interpretation of Mathlib.Linter.UnusedInstancesInType.withSetBoolOptionIn._boxed took 0.0329ms
overlappingInstancesLinter took 0.354ms
interpretation of Mathlib.Linter.UnusedInstancesInType.withSetBoolOptionIn._boxed took 0.0897ms
interpretation of _private.Mathlib.Tactic.Linter.PrivateModule.0.Mathlib.Linter.privateModule._lam_1._boxed took 0.0258ms
interpretation of _private.Mathlib.Tactic.Linter.UnusedTactic.0.Mathlib.Linter.UnusedTactic.unusedTacticLinter._lam_0._boxed took 1.32ms
interpretation of _private.Mathlib.Tactic.Linter.Style.0.Mathlib.Linter.Style.setOption.setOptionLinter._lam_0._boxed took 0.0708ms
interpretation of _private.Mathlib.Tactic.Linter.Style.0.Mathlib.Linter.Style.missingEnd.missingEndLinter._lam_0._boxed took 0.0446ms
interpretation of _private.Mathlib.Tactic.Linter.Style.0.Mathlib.Linter.Style.cdotLinter._lam_0._boxed took 0.0227ms
interpretation of _private.Mathlib.Tactic.Linter.Style.0.Mathlib.Linter.Style.dollarSyntax.dollarSyntaxLinter._lam_0._boxed took 0.0183ms
interpretation of _private.Mathlib.Tactic.Linter.Style.0.Mathlib.Linter.Style.lambdaSyntax.lambdaSyntaxLinter._lam_0._boxed took 0.0179ms
interpretation of _private.Mathlib.Tactic.Linter.Style.0.Mathlib.Linter.Style.longFile.longFileLinter._lam_0._boxed took 0.0246ms
interpretation of _private.Mathlib.Tactic.Linter.Style.0.Mathlib.Linter.Style.longLine.longLineLinter._lam_0._boxed took 0.0191ms
interpretation of _private.Mathlib.Tactic.Linter.Style.0.Mathlib.Linter.Style.nameCheck.doubleUnderscore._lam_2._boxed took 0.29ms
interpretation of _private.Mathlib.Tactic.Linter.Style.0.Mathlib.Linter.Style.openClassical.openClassicalLinter._lam_0._boxed took 0.0226ms
interpretation of _private.Mathlib.Tactic.Linter.Whitespace.0.Mathlib.Linter.Style.Whitespace.whitespaceLinter._lam_4._boxed took 0.0346ms
interpretation of Mathlib.TacticAnalysis.runPass._boxed took 0.169ms
interpretation of Mathlib.TacticAnalysis.runPass._boxed took 0.103ms
interpretation of Mathlib.TacticAnalysis.runPass._boxed took 0.0917ms
interpretation of Mathlib.TacticAnalysis.runPass._boxed took 0.0887ms
interpretation of Mathlib.TacticAnalysis.runPass._boxed took 0.113ms
interpretation of Mathlib.TacticAnalysis.runPass._boxed took 0.0872ms
interpretation of Mathlib.TacticAnalysis.runPass._boxed took 0.0848ms
interpretation of Mathlib.TacticAnalysis.runPass._boxed took 0.0822ms
interpretation of Mathlib.TacticAnalysis.runPass._boxed took 0.0821ms
tacticAnalysis took 2.78ms
interpretation of Mathlib.TacticAnalysis.tacticAnalysis._lam_1._boxed took 0.0601ms
interpretation of _private.Mathlib.Tactic.Linter.Lint.0.Mathlib.Linter.DupNamespaceLinter.dupNamespace._lam_1._boxed took 0.612ms
interpretation of Batteries.Linter.UnreachableTactic.unreachableTacticLinter._lam_0._boxed took 1.61ms
interpretation of Batteries.Linter.UnnecessarySeqFocus.unnecessarySeqFocusLinter._lam_1._boxed took 1.18ms
interpretation of _private.Mathlib.Tactic.Linter.HaveLetLinter.0.Mathlib.Linter.haveLet.haveLetLinter._lam_0._boxed took 0.0321ms
interpretation of _private.Mathlib.Tactic.Linter.MinImports.0.Mathlib.Linter.MinImports.minImportsLinter._lam_2._boxed took 0.0476ms
interpretation of _private.Mathlib.Tactic.Linter.PPRoundtrip.0.Mathlib.Linter.PPRoundtrip.ppRoundtrip._lam_1._boxed took 0.026ms
interpretation of _private.Mathlib.Tactic.Linter.UpstreamableDecl.0.Mathlib.Linter.DoubleImports.upstreamableDeclLinter._lam_0._boxed took 0.0274ms
interpretation of Mathlib.Linter.CountHeartbeats.countHeartbeatsLinter._lam_1._boxed took 0.0307ms
linting took 1.97ms
elaboration took 7.81ms
parsing took 0.706ms
interpretation of _aux_Mathlib_Data_Nat_Notation___macroRules_termℕ_1._boxed took 0.127ms
attribute application took 0.0114ms
interpretation of Lean.Elab.Term._aux_Mathlib_Tactic_TypeStar___elabRules_Lean_Elab_Term_termType*_1._boxed took 0.18ms
interpretation of Mathlib.Meta.SetNotationForOrder._aux_Mathlib_Tactic_SetNotationForOrder___macroRules_Lean_termSatisfies_binder_pred%___4._boxed took 0.106ms
interpretation of Mathlib.Meta.SetNotationForOrder._aux_Mathlib_Tactic_SetNotationForOrder___macroRules_Lean_termSatisfies_binder_pred%___3._boxed took 0.033ms
interpretation of Mathlib.Meta.SetNotationForOrder._aux_Mathlib_Tactic_SetNotationForOrder___macroRules_Lean_termSatisfies_binder_pred%___2._boxed took 0.0345ms
interpretation of Mathlib.Meta.SetNotationForOrder._aux_Mathlib_Tactic_SetNotationForOrder___macroRules_Lean_termSatisfies_binder_pred%___1._boxed took 0.0322ms
typeclass inference of Membership took 0.487ms
instantiate metavars took 0.0163ms
instantiate metavars took 0.001ms
interpretation of _private.Mathlib.Tactic.Eqns.0.initFn._lam_0._@.Mathlib.Tactic.Eqns.1919312714._hygCtx._hyg.2._boxed took 0.0951ms
type checking took 0.022ms
congr simp thm took 0.0443ms
congr simp thm took 0.0086ms
congr simp thm took 0.0226ms
congr simp thm took 0.0578ms
congr simp thm took 0.0065ms
congr simp thm took 0.0065ms
congr simp thm took 0.0334ms
congr simp thm took 0.002ms
congr simp thm took 0.0018ms
interpretation of ExistsAndEq.existsAndEq._boxed took 14.7ms
congr simp thm took 0.0451ms
congr simp thm took 0.06ms
congr simp thm took 0.166ms
congr simp thm took 0.0034ms
congr simp thm took 0.0017ms
typeclass inference of IsEmpty took 0.0821ms
congr simp thm took 0.0235ms
congr simp thm took 0.0782ms
congr simp thm took 0.0419ms
typeclass inference of Ring took 3.29ms
typeclass inference of Ring took 0.0476ms
typeclass inference of IdemSemiring took 0.252ms
typeclass inference of IdemSemiring took 0.0137ms
typeclass inference of LinearOrderedCommMonoidWithZero took 0.148ms
typeclass inference of LinearOrderedCommMonoidWithZero took 0.0116ms
typeclass inference of HeytingAlgebra took 1.28ms
typeclass inference of HeytingAlgebra took 0.0131ms
typeclass inference of CompleteLattice took 0.841ms
typeclass inference of CompleteLattice took 0.0119ms
typeclass inference of BooleanAlgebra took 0.171ms
typeclass inference of BooleanAlgebra took 0.0085ms
typeclass inference of CoheytingAlgebra took 0.883ms
typeclass inference of CoheytingAlgebra took 0.0088ms
typeclass inference of HeytingAlgebra took 0.0127ms
typeclass inference of HeytingAlgebra took 0.0127ms
typeclass inference of ConditionallyCompleteLinearOrderBot took 0.138ms
typeclass inference of ConditionallyCompleteLinearOrderBot took 0.012ms
typeclass inference of GeneralizedBooleanAlgebra took 0.33ms
typeclass inference of GeneralizedBooleanAlgebra took 0.0116ms
typeclass inference of GeneralizedCoheytingAlgebra took 1.51ms
typeclass inference of GeneralizedCoheytingAlgebra took 0.0102ms
typeclass inference of LinearOrderedAddCommGroupWithTop took 0.0325ms
typeclass inference of LinearOrderedAddCommGroupWithTop took 0.0083ms
typeclass inference of LinearOrderedAddCommMonoidWithTop took 0.101ms
typeclass inference of LinearOrderedAddCommMonoidWithTop took 0.0083ms
typeclass inference of CoheytingAlgebra took 0.0095ms
typeclass inference of CoheytingAlgebra took 0.0095ms
typeclass inference of GeneralizedHeytingAlgebra took 1.55ms
typeclass inference of GeneralizedHeytingAlgebra took 0.0239ms
typeclass inference of NormedAddCommGroup took 1ms
typeclass inference of NormedAddCommGroup took 0.0102ms
typeclass inference of NormedAddGroup took 0.939ms
typeclass inference of NormedAddGroup took 0.0158ms
typeclass inference of NormedCommGroup took 0.102ms
typeclass inference of NormedCommGroup took 0.0177ms
typeclass inference of NormedGroup took 0.26ms
typeclass inference of NormedGroup took 0.0161ms
typeclass inference of Nonempty took 64.5ms
typeclass inference of Nonempty took 0.0321ms
congr simp thm took 0.0476ms
congr simp thm took 0.0027ms
simp took 10.6ms
simp took 0.0772ms
tactic execution of Lean.Parser.Tactic.simp took 1.76ms
tactic execution of Lean.Parser.Tactic.tacticSeq1Indented took 0.0562ms
tactic execution of Lean.Parser.Tactic.tacticSeq took 0.0538ms
congr simp thm took 0.02ms
congr simp thm took 0.0079ms
congr simp thm took 0.0084ms
congr simp thm took 0.0077ms
congr simp thm took 0.008ms
congr simp thm took 0.0073ms
congr simp thm took 0.074ms
congr simp thm took 0.0028ms
congr simp thm took 0.0047ms
congr simp thm took 0.0081ms
congr simp thm took 0.0023ms
congr simp thm took 0.0019ms
congr simp thm took 0.0619ms
congr simp thm took 0.0031ms
congr simp thm took 0.0036ms
interpretation of ExistsAndEq.existsAndEq._boxed took 0.191ms
congr simp thm took 0.0222ms
congr simp thm took 0.0075ms
congr simp thm took 0.0086ms
congr simp thm took 0.0031ms
congr simp thm took 0.0099ms
congr simp thm took 0.0028ms
congr simp thm took 0.0041ms
congr simp thm took 0.0021ms
congr simp thm took 0.0037ms
congr simp thm took 0.0029ms
congr simp thm took 0.0034ms
congr simp thm took 0.0022ms
congr simp thm took 0.0038ms
congr simp thm took 0.0024ms
congr simp thm took 0.005ms
typeclass inference of IsEmpty took 0.0428ms
congr simp thm took 0.0128ms
congr simp thm took 0.0107ms
congr simp thm took 0.0054ms
typeclass inference of Ring took 3ms
typeclass inference of Ring took 0.0239ms
typeclass inference of IdemSemiring took 0.442ms
typeclass inference of IdemSemiring took 0.0149ms
typeclass inference of LinearOrderedCommMonoidWithZero took 0.133ms
typeclass inference of LinearOrderedCommMonoidWithZero took 0.0091ms
typeclass inference of HeytingAlgebra took 1.22ms
typeclass inference of HeytingAlgebra took 0.0189ms
typeclass inference of CompleteLattice took 0.836ms
typeclass inference of CompleteLattice took 0.0101ms
typeclass inference of BooleanAlgebra took 0.187ms
typeclass inference of BooleanAlgebra took 0.011ms
typeclass inference of CoheytingAlgebra took 0.815ms
typeclass inference of CoheytingAlgebra took 0.0094ms
typeclass inference of HeytingAlgebra took 0.0092ms
typeclass inference of HeytingAlgebra took 0.0076ms
typeclass inference of ConditionallyCompleteLinearOrderBot took 0.105ms
typeclass inference of ConditionallyCompleteLinearOrderBot took 0.0098ms
typeclass inference of GeneralizedBooleanAlgebra took 0.259ms
typeclass inference of GeneralizedBooleanAlgebra took 0.0083ms
typeclass inference of GeneralizedCoheytingAlgebra took 1.17ms
typeclass inference of GeneralizedCoheytingAlgebra took 0.0172ms
typeclass inference of LinearOrderedAddCommGroupWithTop took 0.047ms
typeclass inference of LinearOrderedAddCommGroupWithTop took 0.0143ms
typeclass inference of LinearOrderedAddCommMonoidWithTop took 0.102ms
typeclass inference of LinearOrderedAddCommMonoidWithTop took 0.0127ms
typeclass inference of CoheytingAlgebra took 0.0102ms
typeclass inference of CoheytingAlgebra took 0.0143ms
typeclass inference of GeneralizedHeytingAlgebra took 1.05ms
typeclass inference of GeneralizedHeytingAlgebra took 0.0109ms
typeclass inference of NormedAddCommGroup took 1.02ms
typeclass inference of NormedAddCommGroup took 0.0101ms
typeclass inference of NormedAddGroup took 1.06ms
typeclass inference of NormedAddGroup took 0.0094ms
typeclass inference of NormedCommGroup took 0.122ms
typeclass inference of NormedCommGroup took 0.0312ms
typeclass inference of NormedGroup took 0.229ms
typeclass inference of NormedGroup took 0.0095ms
typeclass inference of Nonempty took 49.4ms
congr simp thm took 0.0047ms
interpretation of ExistsAndEq.existsAndEq._boxed took 0.178ms
congr simp thm took 0.0034ms
congr simp thm took 0.0026ms
congr simp thm took 0.0019ms
congr simp thm took 0.0022ms
congr simp thm took 0.0017ms
typeclass inference of IsEmpty took 0.0316ms
congr simp thm took 0.0208ms
congr simp thm took 0.0019ms
congr simp thm took 0.0014ms
typeclass inference of Nonempty took 0.0269ms
congr simp thm took 0.0063ms
simp took 32.4ms
simp took 0.069ms
tactic execution of Lean.Parser.Tactic.simp took 1.12ms
tactic execution of Lean.Parser.Tactic.tacticSeq1Indented took 0.0554ms
tactic execution of Lean.Parser.Tactic.tacticSeq took 0.0482ms
tactic execution of Lean.Parser.Tactic.induction took 2.05ms
tactic execution of Lean.Parser.Tactic.tacticSeq1Indented took 0.091ms
tactic execution of Lean.Parser.Tactic.tacticSeq took 0.105ms
instantiate metavars took 0.0726ms
instantiate metavars took 0.0012ms
instantiate metavars took 0.0007ms
instantiate metavars took 0.0012ms
instantiate metavars took 0.001ms
share common exprs took 0.271ms
fix level params took 0.108ms
let-to-have transformation took 0.0082ms
type checking took 0.871ms
attribute application took 0.0115ms
attribute application took 0.0025ms
process pre-definitions took 1.01ms
interpretation of Lean.Parser.Tactic.simp took 0.0098ms
interpretation of Lean.Parser.Tactic.simp took 0.0142ms
interpretation of _private.Mathlib.Tactic.Linter.Header.0.Mathlib.Linter.Style.header.headerLinter._lam_3._boxed took 0.12ms
interpretation of _private.Mathlib.Tactic.Linter.AuxLemma.0.Mathlib.Linter.AuxLemma.auxLemmaLinter._lam_1._boxed took 0.078ms
interpretation of _private.Mathlib.Tactic.Linter.DeprecatedSyntaxLinter.0.Mathlib.Linter.Style.deprecatedSyntaxLinter._lam_1._boxed took 0.0903ms
interpretation of _private.Mathlib.Tactic.Linter.DocPrime.0.Mathlib.Linter.DocPrime.docPrimeLinter._lam_3._boxed took 0.0504ms
interpretation of _private.Mathlib.Tactic.Linter.DocString.0.Mathlib.Linter.Style.docStringLinter._lam_0._boxed took 0.0711ms
interpretation of _private.Mathlib.Tactic.Linter.DocString.0.Mathlib.Linter.Style.moduleDocVersoLinter._lam_0._boxed took 0.0398ms
interpretation of Mathlib.Linter.EmptyLine.emptyLineLinter._lam_2._boxed took 0.0476ms
interpretation of _private.Mathlib.Tactic.Linter.GlobalAttributeIn.0.Mathlib.Linter.globalAttributeInLinter.globalAttributeIn._lam_0._boxed took 0.106ms
interpretation of _private.Mathlib.Tactic.Linter.HashCommandLinter.0.Mathlib.Linter.HashCommandLinter.withSetOptionIn'._boxed took 0.17ms
interpretation of _private.Mathlib.Tactic.Linter.FlexibleLinter.0.Mathlib.Linter.Flexible.flexibleLinter._lam_0._boxed took 0.0745ms
interpretation of _private.Mathlib.Tactic.Linter.Multigoal.0.Mathlib.Linter.Style.multiGoal.multiGoalLinter._lam_0._boxed took 0.0835ms
interpretation of _private.Mathlib.Tactic.Linter.OldObtain.0.Mathlib.Linter.Style.oldObtainLinter._lam_0._boxed took 0.0578ms
interpretation of Mathlib.Linter.UnusedInstancesInType.withSetBoolOptionIn._boxed took 0.134ms
interpretation of Mathlib.Linter.UnusedInstancesInType.withSetBoolOptionIn._boxed took 0.062ms
overlappingInstancesLinter took 0.493ms
interpretation of Mathlib.Linter.UnusedInstancesInType.withSetBoolOptionIn._boxed took 0.167ms
interpretation of _private.Mathlib.Tactic.Linter.PrivateModule.0.Mathlib.Linter.privateModule._lam_1._boxed took 0.0656ms
interpretation of _private.Mathlib.Tactic.Linter.UnusedTactic.0.Mathlib.Linter.UnusedTactic.unusedTacticLinter._lam_0._boxed took 0.115ms
interpretation of _private.Mathlib.Tactic.Linter.Style.0.Mathlib.Linter.Style.setOption.setOptionLinter._lam_0._boxed took 0.109ms
interpretation of _private.Mathlib.Tactic.Linter.Style.0.Mathlib.Linter.Style.missingEnd.missingEndLinter._lam_0._boxed took 0.157ms
interpretation of _private.Mathlib.Tactic.Linter.Style.0.Mathlib.Linter.Style.cdotLinter._lam_0._boxed took 0.0516ms
interpretation of _private.Mathlib.Tactic.Linter.Style.0.Mathlib.Linter.Style.dollarSyntax.dollarSyntaxLinter._lam_0._boxed took 0.0404ms
interpretation of _private.Mathlib.Tactic.Linter.Style.0.Mathlib.Linter.Style.lambdaSyntax.lambdaSyntaxLinter._lam_0._boxed took 0.0494ms
interpretation of _private.Mathlib.Tactic.Linter.Style.0.Mathlib.Linter.Style.longFile.longFileLinter._lam_0._boxed took 0.101ms
interpretation of _private.Mathlib.Tactic.Linter.Style.0.Mathlib.Linter.Style.longLine.longLineLinter._lam_0._boxed took 0.038ms
interpretation of _private.Mathlib.Tactic.Linter.Style.0.Mathlib.Linter.Style.nameCheck.doubleUnderscore._lam_2._boxed took 0.0656ms
interpretation of _private.Mathlib.Tactic.Linter.Style.0.Mathlib.Linter.Style.openClassical.openClassicalLinter._lam_0._boxed took 0.0375ms
interpretation of _private.Mathlib.Tactic.Linter.Whitespace.0.Mathlib.Linter.Style.Whitespace.whitespaceLinter._lam_4._boxed took 0.0801ms
interpretation of Mathlib.TacticAnalysis.tacticAnalysis._lam_1._boxed took 0.0428ms
interpretation of _private.Mathlib.Tactic.Linter.Lint.0.Mathlib.Linter.DupNamespaceLinter.dupNamespace._lam_1._boxed took 0.675ms
interpretation of Batteries.Linter.UnreachableTactic.unreachableTacticLinter._lam_0._boxed took 0.0649ms
interpretation of Batteries.Linter.UnnecessarySeqFocus.unnecessarySeqFocusLinter._lam_1._boxed took 0.0507ms
interpretation of _private.Mathlib.Tactic.Linter.HaveLetLinter.0.Mathlib.Linter.haveLet.haveLetLinter._lam_0._boxed took 0.036ms
interpretation of _private.Mathlib.Tactic.Linter.MinImports.0.Mathlib.Linter.MinImports.minImportsLinter._lam_2._boxed took 0.0603ms
interpretation of _private.Mathlib.Tactic.Linter.PPRoundtrip.0.Mathlib.Linter.PPRoundtrip.ppRoundtrip._lam_1._boxed took 0.0308ms
interpretation of _private.Mathlib.Tactic.Linter.UpstreamableDecl.0.Mathlib.Linter.DoubleImports.upstreamableDeclLinter._lam_0._boxed took 0.0431ms
interpretation of Mathlib.Linter.CountHeartbeats.countHeartbeatsLinter._lam_1._boxed took 0.0426ms
linting took 9.87ms
elaboration took 7.97ms
parsing took 1.43ms
interpretation of _aux_Mathlib_Data_Nat_Notation___macroRules_termℕ_1._boxed took 4.81ms
attribute application took 0.0106ms
interpretation of Lean.Elab.Term._aux_Mathlib_Tactic_TypeStar___elabRules_Lean_Elab_Term_termType*_1._boxed took 1.86ms
interpretation of Mathlib.Meta.SetNotationForOrder._aux_Mathlib_Tactic_SetNotationForOrder___macroRules_Lean_termSatisfies_binder_pred%___4._boxed took 2.37ms
interpretation of Mathlib.Meta.SetNotationForOrder._aux_Mathlib_Tactic_SetNotationForOrder___macroRules_Lean_termSatisfies_binder_pred%___3._boxed took 0.0383ms
interpretation of Mathlib.Meta.SetNotationForOrder._aux_Mathlib_Tactic_SetNotationForOrder___macroRules_Lean_termSatisfies_binder_pred%___2._boxed took 0.0336ms
interpretation of Mathlib.Meta.SetNotationForOrder._aux_Mathlib_Tactic_SetNotationForOrder___macroRules_Lean_termSatisfies_binder_pred%___1._boxed took 0.048ms
typeclass inference of Membership took 0.524ms
typeclass inference of Membership took 0.554ms
instantiate metavars took 0.0189ms
instantiate metavars took 0.0012ms
interpretation of PiNotation.delabPi._boxed took 19ms
interpretation of _private.Mathlib.Tactic.Eqns.0.initFn._lam_0._@.Mathlib.Tactic.Eqns.1919312714._hygCtx._hyg.2._boxed took 0.0496ms
type checking took 0.0225ms
congr simp thm took 0.0272ms
congr simp thm took 0.0203ms
congr simp thm took 0.0113ms
congr simp thm took 0.0604ms
congr simp thm took 0.0087ms
congr simp thm took 0.0109ms
congr simp thm took 0.0025ms
congr simp thm took 0.0039ms
interpretation of term_=_ took 0.0069ms
congr simp thm took 0.0109ms
interpretation of term_=_ took 0.0065ms
congr simp thm took 0.0083ms
congr simp thm took 0.0026ms
interpretation of PiNotation.delabPi._boxed took 0.614ms
congr simp thm took 0.0017ms
typeclass inference of Nonempty took 1.06ms
congr simp thm took 0.0141ms
typeclass inference of IsEmpty took 0.0782ms
simp took 8.59ms
simp took 0.0456ms
tactic execution of Lean.Parser.Tactic.simp took 1.71ms
tactic execution of Lean.Parser.Tactic.tacticSeq1Indented took 0.0502ms
tactic execution of Lean.Parser.Tactic.tacticSeq took 0.0441ms
congr simp thm took 0.0121ms
congr simp thm took 0.0133ms
congr simp thm took 0.012ms
congr simp thm took 0.0139ms
congr simp thm took 0.032ms
congr simp thm took 0.0221ms
congr simp thm took 0.0037ms
congr simp thm took 0.0017ms
congr simp thm took 0.0017ms
congr simp thm took 0.0033ms
congr simp thm took 0.0119ms
congr simp thm took 0.0022ms
congr simp thm took 0.0023ms
congr simp thm took 0.0295ms
congr simp thm took 0.0268ms
congr simp thm took 0.0101ms
congr simp thm took 0.0047ms
congr simp thm took 0.0026ms
congr simp thm took 0.0016ms
typeclass inference of Nonempty took 1.14ms
congr simp thm took 0.014ms
typeclass inference of IsEmpty took 0.0365ms
congr simp thm took 0.0188ms
congr simp thm took 0.0091ms
congr simp thm took 0.0022ms
congr simp thm took 0.002ms
congr simp thm took 0.002ms
typeclass inference of Nonempty took 0.0177ms
congr simp thm took 0.0146ms
typeclass inference of IsEmpty took 0.0227ms
congr simp thm took 0.0224ms
congr simp thm took 0.0027ms
congr simp thm took 0.0024ms
congr simp thm took 0.0018ms
congr simp thm took 0.0031ms
congr simp thm took 0.0072ms
congr simp thm took 0.0028ms
congr simp thm took 0.0016ms
congr simp thm took 0.0024ms
congr simp thm took 0.0025ms
congr simp thm took 0.0018ms
typeclass inference of Nonempty took 1.65ms
congr simp thm took 0.0187ms
interpretation of exists_delab._boxed took 33.6ms
interpretation of term_↔_ took 0.0049ms
interpretation of Lean.term∃__,_ took 0.0035ms
interpretation of term_=_ took 0.0033ms
interpretation of Lean.binderPred∈_ took 0.0037ms
interpretation of term_=_ took 0.0025ms
interpretation of term_↔_ took 0.0026ms
interpretation of Lean.term∃__,_ took 0.0022ms
interpretation of term_=_ took 0.0022ms
interpretation of Lean.binderPred∈_ took 0.0027ms
interpretation of term_=_ took 0.0025ms
typeclass inference of IsEmpty took 0.0463ms
congr simp thm took 0.015ms
congr simp thm took 0.0022ms
typeclass inference of IsEmpty took 0.0432ms
congr simp thm took 0.0166ms
congr simp thm took 0.0095ms
congr simp thm took 0.0074ms
interpretation of exists_delab._boxed took 1.63ms
interpretation of term_↔_ took 0.0074ms
interpretation of term_∨_ took 0.0051ms
interpretation of Lean.term∃__,_ took 0.0035ms
interpretation of term_=_ took 0.0054ms
interpretation of Lean.binderPred∈_ took 0.0044ms
interpretation of term_=_ took 0.0023ms
interpretation of term_∨_ took 0.0028ms
interpretation of term_=_ took 0.0019ms
interpretation of term_=_ took 0.0024ms
interpretation of term_↔_ took 0.0025ms
interpretation of term_∨_ took 0.0023ms
interpretation of Lean.term∃__,_ took 0.0026ms
interpretation of term_=_ took 0.0023ms
interpretation of Lean.binderPred∈_ took 0.0028ms
interpretation of term_=_ took 0.0028ms
interpretation of term_∨_ took 0.0239ms
interpretation of term_=_ took 0.0022ms
interpretation of term_=_ took 0.0026ms
interpretation of Lean.Parser.Tactic.simpLemma took 0.007ms
interpretation of Lean.Parser.Tactic.simpLemma took 0.0027ms
interpretation of Lean.Parser.Tactic.simp took 0.0038ms
interpretation of Lean.Parser.Tactic.simp took 0.0026ms
typeclass inference of Ring took 1.74ms
typeclass inference of Ring took 0.0151ms
typeclass inference of IdemSemiring took 0.245ms
typeclass inference of IdemSemiring took 0.0149ms
typeclass inference of LinearOrderedCommMonoidWithZero took 0.193ms
typeclass inference of LinearOrderedCommMonoidWithZero took 0.015ms
typeclass inference of HeytingAlgebra took 1.26ms
typeclass inference of HeytingAlgebra took 0.0109ms
typeclass inference of CompleteLattice took 0.818ms
typeclass inference of CompleteLattice took 0.0104ms
typeclass inference of BooleanAlgebra took 0.173ms
typeclass inference of BooleanAlgebra took 0.009ms
typeclass inference of CoheytingAlgebra took 0.995ms
typeclass inference of CoheytingAlgebra took 0.01ms
typeclass inference of HeytingAlgebra took 0.0092ms
typeclass inference of HeytingAlgebra took 0.0076ms
typeclass inference of ConditionallyCompleteLinearOrderBot took 0.177ms
typeclass inference of ConditionallyCompleteLinearOrderBot took 0.0153ms
typeclass inference of GeneralizedBooleanAlgebra took 0.493ms
typeclass inference of GeneralizedBooleanAlgebra took 0.0188ms
typeclass inference of GeneralizedCoheytingAlgebra took 1.83ms
typeclass inference of GeneralizedCoheytingAlgebra took 0.0246ms
typeclass inference of LinearOrderedAddCommGroupWithTop took 0.0794ms
typeclass inference of LinearOrderedAddCommGroupWithTop took 0.0097ms
typeclass inference of LinearOrderedAddCommMonoidWithTop took 0.107ms
typeclass inference of LinearOrderedAddCommMonoidWithTop took 0.0084ms
typeclass inference of CoheytingAlgebra took 0.0113ms
typeclass inference of CoheytingAlgebra took 0.009ms
typeclass inference of GeneralizedHeytingAlgebra took 1.15ms
typeclass inference of GeneralizedHeytingAlgebra took 0.0143ms
typeclass inference of NormedAddCommGroup took 1.5ms
typeclass inference of NormedAddCommGroup took 0.0168ms
typeclass inference of NormedAddGroup took 1.27ms
typeclass inference of NormedAddGroup took 0.011ms
typeclass inference of NormedCommGroup took 0.0412ms
typeclass inference of NormedCommGroup took 0.01ms
typeclass inference of NormedGroup took 0.13ms
typeclass inference of NormedGroup took 0.01ms
typeclass inference of Nonempty took 50.4ms
congr simp thm took 0.0047ms
congr simp thm took 0.0029ms
simp took 34.6ms
simp took 0.0694ms
tactic execution of Lean.Parser.Tactic.simp took 1.51ms
tactic execution of Lean.Parser.Tactic.tacticSeq1Indented took 0.0962ms
tactic execution of Lean.Parser.Tactic.tacticSeq took 0.0698ms
tactic execution of Lean.Parser.Tactic.induction took 1.19ms
tactic execution of Lean.Parser.Tactic.tacticSeq1Indented took 0.0549ms
tactic execution of Lean.Parser.Tactic.tacticSeq took 0.0629ms
instantiate metavars took 0.0875ms
instantiate metavars took 0.0013ms
instantiate metavars took 0.0007ms
instantiate metavars took 0.001ms
instantiate metavars took 0.0006ms
share common exprs took 0.269ms
fix level params took 0.135ms
let-to-have transformation took 0.0087ms
type checking took 2.65ms
attribute application took 0.0134ms
attribute application took 0.0031ms
process pre-definitions took 1.09ms
interpretation of Lean.Parser.Tactic.simp took 0.0103ms
interpretation of Lean.Parser.Tactic.simp took 0.0079ms
interpretation of Lean.Parser.Tactic.simp took 0.0037ms
interpretation of Lean.Parser.Tactic.simp took 0.0028ms
interpretation of Lean.Parser.Tactic.simp took 0.0037ms
interpretation of Lean.Parser.Tactic.simp took 0.0026ms
interpretation of _private.Mathlib.Tactic.Linter.Header.0.Mathlib.Linter.Style.header.headerLinter._lam_3._boxed took 0.115ms
interpretation of _private.Mathlib.Tactic.Linter.AuxLemma.0.Mathlib.Linter.AuxLemma.auxLemmaLinter._lam_1._boxed took 0.0711ms
interpretation of _private.Mathlib.Tactic.Linter.DeprecatedSyntaxLinter.0.Mathlib.Linter.Style.deprecatedSyntaxLinter._lam_1._boxed took 0.0509ms
interpretation of _private.Mathlib.Tactic.Linter.DocPrime.0.Mathlib.Linter.DocPrime.docPrimeLinter._lam_3._boxed took 0.046ms
interpretation of _private.Mathlib.Tactic.Linter.DocString.0.Mathlib.Linter.Style.docStringLinter._lam_0._boxed took 0.0436ms
interpretation of _private.Mathlib.Tactic.Linter.DocString.0.Mathlib.Linter.Style.moduleDocVersoLinter._lam_0._boxed took 0.0227ms
interpretation of Mathlib.Linter.EmptyLine.emptyLineLinter._lam_2._boxed took 0.0306ms
interpretation of _private.Mathlib.Tactic.Linter.GlobalAttributeIn.0.Mathlib.Linter.globalAttributeInLinter.globalAttributeIn._lam_0._boxed took 0.037ms
interpretation of _private.Mathlib.Tactic.Linter.HashCommandLinter.0.Mathlib.Linter.HashCommandLinter.withSetOptionIn'._boxed took 0.143ms
interpretation of _private.Mathlib.Tactic.Linter.FlexibleLinter.0.Mathlib.Linter.Flexible.flexibleLinter._lam_0._boxed took 0.0403ms
interpretation of _private.Mathlib.Tactic.Linter.Multigoal.0.Mathlib.Linter.Style.multiGoal.multiGoalLinter._lam_0._boxed took 0.0286ms
interpretation of _private.Mathlib.Tactic.Linter.OldObtain.0.Mathlib.Linter.Style.oldObtainLinter._lam_0._boxed took 0.0243ms
interpretation of Mathlib.Linter.UnusedInstancesInType.withSetBoolOptionIn._boxed took 0.0612ms
interpretation of Mathlib.Linter.UnusedInstancesInType.withSetBoolOptionIn._boxed took 0.0379ms
overlappingInstancesLinter took 0.466ms
interpretation of Mathlib.Linter.UnusedInstancesInType.withSetBoolOptionIn._boxed took 0.189ms
interpretation of _private.Mathlib.Tactic.Linter.PrivateModule.0.Mathlib.Linter.privateModule._lam_1._boxed took 0.0748ms
interpretation of _private.Mathlib.Tactic.Linter.UnusedTactic.0.Mathlib.Linter.UnusedTactic.unusedTacticLinter._lam_0._boxed took 0.0928ms
interpretation of _private.Mathlib.Tactic.Linter.Style.0.Mathlib.Linter.Style.setOption.setOptionLinter._lam_0._boxed took 0.0851ms
interpretation of _private.Mathlib.Tactic.Linter.Style.0.Mathlib.Linter.Style.missingEnd.missingEndLinter._lam_0._boxed took 0.179ms
interpretation of _private.Mathlib.Tactic.Linter.Style.0.Mathlib.Linter.Style.cdotLinter._lam_0._boxed took 0.0595ms
interpretation of _private.Mathlib.Tactic.Linter.Style.0.Mathlib.Linter.Style.dollarSyntax.dollarSyntaxLinter._lam_0._boxed took 0.0346ms
interpretation of _private.Mathlib.Tactic.Linter.Style.0.Mathlib.Linter.Style.lambdaSyntax.lambdaSyntaxLinter._lam_0._boxed took 0.0341ms
interpretation of _private.Mathlib.Tactic.Linter.Style.0.Mathlib.Linter.Style.longFile.longFileLinter._lam_0._boxed took 0.0532ms
interpretation of _private.Mathlib.Tactic.Linter.Style.0.Mathlib.Linter.Style.longLine.longLineLinter._lam_0._boxed took 0.0471ms
interpretation of _private.Mathlib.Tactic.Linter.Style.0.Mathlib.Linter.Style.nameCheck.doubleUnderscore._lam_2._boxed took 0.0538ms
interpretation of _private.Mathlib.Tactic.Linter.Style.0.Mathlib.Linter.Style.openClassical.openClassicalLinter._lam_0._boxed took 0.0373ms
interpretation of _private.Mathlib.Tactic.Linter.Whitespace.0.Mathlib.Linter.Style.Whitespace.whitespaceLinter._lam_4._boxed took 0.0711ms
interpretation of Mathlib.TacticAnalysis.tacticAnalysis._lam_1._boxed took 0.0336ms
interpretation of _private.Mathlib.Tactic.Linter.Lint.0.Mathlib.Linter.DupNamespaceLinter.dupNamespace._lam_1._boxed took 0.717ms
interpretation of Batteries.Linter.UnreachableTactic.unreachableTacticLinter._lam_0._boxed took 0.121ms
interpretation of Batteries.Linter.UnnecessarySeqFocus.unnecessarySeqFocusLinter._lam_1._boxed took 0.072ms
interpretation of _private.Mathlib.Tactic.Linter.HaveLetLinter.0.Mathlib.Linter.haveLet.haveLetLinter._lam_0._boxed took 0.0636ms
interpretation of _private.Mathlib.Tactic.Linter.MinImports.0.Mathlib.Linter.MinImports.minImportsLinter._lam_2._boxed took 0.0527ms
interpretation of _private.Mathlib.Tactic.Linter.PPRoundtrip.0.Mathlib.Linter.PPRoundtrip.ppRoundtrip._lam_1._boxed took 0.0388ms
interpretation of _private.Mathlib.Tactic.Linter.UpstreamableDecl.0.Mathlib.Linter.DoubleImports.upstreamableDeclLinter._lam_0._boxed took 0.0431ms
interpretation of Mathlib.Linter.CountHeartbeats.countHeartbeatsLinter._lam_1._boxed took 0.0451ms
linting took 3.11ms
elaboration took 10.6ms
interpretation of PiNotation.delabPi._boxed took 0.491ms
parsing took 2.92ms
interpretation of _aux_Mathlib_Data_Nat_Notation___macroRules_termℕ_1._boxed took 0.0598ms
attribute application took 0.0118ms
typeclass inference of CoeFun took 1.2ms
typeclass inference took 0.242ms
instantiate metavars took 0.0083ms
instantiate metavars took 0.0012ms
tactic execution of Lean.Parser.Tactic.constructor took 0.272ms
tactic execution of Lean.Parser.Tactic.rintro took 1.3ms
interpretation of PiNotation.delabPi._boxed took 11.6ms
interpretation of term_↔_ took 0.0046ms
interpretation of term_∧_ took 0.0029ms
interpretation of Lean.term∀__,_ took 0.0032ms
interpretation of term_=_ took 0.0027ms
interpretation of Lean.binderPred∈_ took 0.0038ms
interpretation of term_=_ took 0.0024ms
interpretation of term_=_ took 0.0021ms
interpretation of term_↔_ took 0.0027ms
typeclass inference of Decidable took 2.04ms
interpretation of term_∧_ took 0.0045ms
interpretation of Lean.term∀__,_ took 0.0023ms
interpretation of term_=_ took 0.0021ms
interpretation of Lean.binderPred∈_ took 0.0046ms
interpretation of term_=_ took 0.007ms
interpretation of term_=_ took 0.0039ms
typeclass inference of Membership took 0.794ms
typeclass inference of Decidable took 3.56ms
interpretation of PiNotation.delabPi._boxed took 2.06ms
interpretation of term_↔_ took 0.0059ms
interpretation of term_∧_ took 0.0029ms
interpretation of term_∧_ took 0.0017ms
interpretation of Lean.term∀__,_ took 0.0029ms
interpretation of term_=_ took 0.0025ms
interpretation of Lean.binderPred∈_ took 0.0044ms
interpretation of term_=_ took 0.0023ms
interpretation of term_=_ took 0.0036ms
interpretation of term_=_ took 0.0031ms
interpretation of term_↔_ took 0.0037ms
interpretation of term_∧_ took 0.0029ms
interpretation of term_∧_ took 0.0029ms
interpretation of Lean.term∀__,_ took 0.0032ms
interpretation of term_=_ took 0.0026ms
interpretation of Lean.binderPred∈_ took 0.0046ms
interpretation of term_=_ took 0.0034ms
interpretation of term_=_ took 0.0034ms
interpretation of term_=_ took 0.0031ms
interpretation of Lean.Parser.Tactic.simpLemma took 0.007ms
interpretation of Lean.Parser.Tactic.simpLemma took 0.0047ms
interpretation of Lean.Parser.Tactic.simp took 0.0047ms
interpretation of Lean.Parser.Tactic.simp took 0.0044ms
interpretation of Lean.Parser.Tactic.simpLemma took 0.005ms
interpretation of Lean.Parser.Tactic.simpLemma took 0.0037ms
interpretation of Lean.Parser.Tactic.simp took 0.0043ms
interpretation of Lean.Parser.Tactic.simp took 0.0038ms
interpretation of Lean.Parser.Tactic.simpLemma took 0.0049ms
interpretation of Lean.Parser.Tactic.simpLemma took 0.0034ms
interpretation of Lean.Parser.Tactic.simp took 0.0042ms
interpretation of Lean.Parser.Tactic.simp took 0.0039ms
typeclass inference of Nonempty took 0.406ms
tactic execution of Lean.Parser.Tactic.refine took 9.43ms
tactic execution of Lean.Parser.Tactic.rotateRight took 0.0321ms
tactic execution of Lean.Parser.Tactic.tacticSeq1Indented took 0.128ms
tactic execution of Lean.Parser.Tactic.tacticSeq took 0.0402ms
tactic execution of Lean.Parser.Tactic.paren took 0.0403ms
tactic execution of Lean.Parser.Tactic.tacticSeq1Indented took 0.042ms
tactic execution of Lean.Parser.Tactic.tacticSeq took 0.0377ms
tactic execution of Lean.Parser.Tactic.focus took 0.0458ms
tactic execution of Lean.Parser.Tactic.tacticRefine_lift_ took 0.0468ms
tactic execution of Lean.Parser.Tactic.tacticLet__ took 0.0632ms
tactic execution of Lean.Parser.Tactic.refine took 1.67ms
tactic execution of Lean.Parser.Tactic.intro took 0.154ms
typeclass inference of DecidableEq took 2.34ms
typeclass inference of Fintype took 1.2ms
typeclass inference of Fintype took 0.547ms
typeclass inference of DecidableEq took 1.65ms
tactic execution of Lean.Parser.Tactic.refine took 11.8ms
tactic execution of Lean.Parser.Tactic.rotateRight took 0.0171ms
tactic execution of Lean.Parser.Tactic.tacticSeq1Indented took 0.0747ms
tactic execution of Lean.Parser.Tactic.tacticSeq took 0.0225ms
tactic execution of Lean.Parser.Tactic.paren took 0.0273ms
tactic execution of Lean.Parser.Tactic.tacticSeq1Indented took 0.0281ms
tactic execution of Lean.Parser.Tactic.tacticSeq took 0.0227ms
tactic execution of Lean.Parser.Tactic.focus took 0.0351ms
tactic execution of Lean.Parser.Tactic.tacticRefine_lift_ took 0.0449ms
tactic execution of Lean.Parser.Tactic.tacticHave__ took 0.0556ms
typeclass inference of DecidablePred took 1.26ms
typeclass inference of DecidablePred took 6.9ms
tactic execution of Lean.Parser.Tactic.refine took 2.91ms
tactic execution of Lean.Parser.Tactic.rotateRight took 0.0254ms
tactic execution of Lean.Parser.Tactic.tacticSeq1Indented took 0.107ms
tactic execution of Lean.Parser.Tactic.tacticSeq took 0.0381ms
tactic execution of Lean.Parser.Tactic.paren took 0.045ms
tactic execution of Lean.Parser.Tactic.tacticSeq1Indented took 0.0347ms
tactic execution of Lean.Parser.Tactic.tacticSeq took 0.0303ms
tactic execution of Lean.Parser.Tactic.focus took 0.0667ms
tactic execution of Lean.Parser.Tactic.tacticRefine_lift_ took 0.0602ms
tactic execution of Lean.Parser.Tactic.tacticHave__ took 0.168ms
congr simp thm took 0.0672ms
congr simp thm took 0.0831ms
congr simp thm took 0.0229ms
congr simp thm took 0.0512ms
congr simp thm took 0.0669ms
congr simp thm took 0.0967ms
congr simp thm took 0.09ms
congr simp thm took 0.18ms
congr simp thm took 0.13ms
congr simp thm took 0.0242ms
congr simp thm took 0.343ms
congr simp thm took 0.0284ms
congr simp thm took 0.007ms
congr simp thm took 0.185ms
congr simp thm took 0.0756ms
congr simp thm took 0.122ms
congr simp thm took 0.0054ms
congr simp thm took 0.122ms
congr simp thm took 0.0422ms
congr simp thm took 0.0028ms
congr simp thm took 0.0635ms
congr simp thm took 0.0458ms
congr simp thm took 0.0327ms
congr simp thm took 0.0052ms
congr simp thm took 0.0888ms
congr simp thm took 0.0054ms
congr simp thm took 0.0025ms
congr simp thm took 0.0043ms
congr simp thm took 0.0016ms
congr simp thm took 0.0017ms
congr simp thm took 0.0012ms
congr simp thm took 0.0018ms
congr simp thm took 0.0022ms
congr simp thm took 0.0033ms
congr simp thm took 0.0025ms
congr simp thm took 0.0021ms
congr simp thm took 0.0026ms
congr simp thm took 0.0017ms
congr simp thm took 0.0046ms
congr simp thm took 0.0028ms
congr simp thm took 0.0016ms
congr simp thm took 0.0025ms
congr simp thm took 0.0025ms
congr simp thm took 0.0017ms
congr simp thm took 0.0022ms
congr simp thm took 0.0021ms
congr simp thm took 0.0024ms
simp took 34.2ms
simp took 0.117ms
congr simp thm took 0.0123ms
congr simp thm took 0.01ms
congr simp thm took 0.0281ms
congr simp thm took 0.0317ms
congr simp thm took 0.0097ms
congr simp thm took 0.0064ms
congr simp thm took 0.0164ms
congr simp thm took 0.0019ms
congr simp thm took 0.0081ms
congr simp thm took 0.003ms
congr simp thm took 0.003ms
simp took 4.68ms
simp took 0.0531ms
tactic execution of Lean.Parser.Tactic.simpa took 3.31ms
tactic execution of Lean.Parser.Tactic.tacticSeq1Indented took 0.228ms
tactic execution of Lean.Parser.Tactic.tacticSeq took 0.0432ms
tactic execution of Lean.cdot took 0.92ms
tactic execution of Lean.Parser.Tactic.intro took 0.1ms
interpretation of _private.Mathlib.Tactic.Eqns.0.initFn._lam_0._@.Mathlib.Tactic.Eqns.1919312714._hygCtx._hyg.2._boxed took 0.0865ms
type checking took 0.0525ms
congr simp thm took 0.0247ms
congr simp thm took 0.0384ms
congr simp thm took 0.0016ms
congr simp thm took 0.0367ms
congr simp thm took 0.0108ms
congr simp thm took 0.0075ms
congr simp thm took 0.102ms
congr simp thm took 0.0164ms
congr simp thm took 0.0132ms
congr simp thm took 0.03ms
congr simp thm took 0.0065ms
congr simp thm took 0.0022ms
congr simp thm took 0.0014ms
congr simp thm took 0.002ms
congr simp thm took 0.0079ms
congr simp thm took 0.0225ms
congr simp thm took 0.0312ms
congr simp thm took 0.0018ms
congr simp thm took 0.0878ms
congr simp thm took 0.0544ms
congr simp thm took 0.004ms
congr simp thm took 0.0658ms
congr simp thm took 0.0417ms
congr simp thm took 0.0494ms
congr simp thm took 0.0038ms
congr simp thm took 0.0984ms
congr simp thm took 0.0092ms
congr simp thm took 0.0082ms
congr simp thm took 0.0053ms
congr simp thm took 0.0045ms
congr simp thm took 0.0018ms
congr simp thm took 0.0027ms
congr simp thm took 0.0025ms
congr simp thm took 0.0018ms
congr simp thm took 0.0033ms
congr simp thm took 0.0026ms
congr simp thm took 0.0022ms
congr simp thm took 0.0053ms
congr simp thm took 0.0039ms
congr simp thm took 0.0062ms
congr simp thm took 0.004ms
congr simp thm took 0.0027ms
congr simp thm took 0.0026ms
congr simp thm took 0.0026ms
simp took 35.6ms
simp took 0.169ms
tactic execution of Lean.Parser.Tactic.simp took 4.41ms
tactic execution of Lean.Parser.Tactic.cases took 3.16ms
tactic execution of Lean.Parser.Tactic.skip took 0.0174ms
tactic execution of Lean.Parser.Tactic.withAnnotateState took 0.0888ms
congr simp thm took 0.0181ms
congr simp thm took 0.0234ms
congr simp thm took 0.0098ms
congr simp thm took 0.0084ms
congr simp thm took 0.0091ms
congr simp thm took 0.009ms
congr simp thm took 0.21ms
congr simp thm took 0.0474ms
congr simp thm took 0.0243ms
congr simp thm took 0.0146ms
congr simp thm took 0.035ms
congr simp thm took 0.0078ms
congr simp thm took 0.0024ms
congr simp thm took 0.0031ms
congr simp thm took 0.0118ms
congr simp thm took 0.0225ms
congr simp thm took 0.032ms
congr simp thm took 0.0021ms
congr simp thm took 0.0027ms
congr simp thm took 0.0017ms
simp took 15.6ms
simp took 0.0559ms
tactic execution of Lean.Parser.Tactic.simp took 0.57ms
tactic execution of Lean.Parser.Tactic.tacticSeq1Indented took 0.0497ms
tactic execution of Lean.Parser.Tactic.tacticSeq took 0.0343ms
tactic execution of Lean.Parser.Tactic.allGoals took 1.07ms
tactic execution of Lean.Parser.Tactic.tacticSeq1Indented took 0.296ms
tactic execution of Lean.Parser.Tactic.tacticSeq took 0.0494ms
tactic execution of Lean.Parser.Tactic.focus took 0.0483ms
tactic execution of Lean.Parser.Tactic.tactic_<;>_ took 0.0596ms
tactic execution of Lean.Parser.Tactic.tacticSeq1Indented took 0.153ms
tactic execution of Lean.Parser.Tactic.tacticSeq took 0.0495ms
tactic execution of Lean.cdot took 0.488ms
tactic execution of Lean.Parser.Tactic.tacticSeq1Indented took 0.305ms
tactic execution of Lean.Parser.Tactic.tacticSeq took 0.0436ms
tactic execution of Lean.cdot took 0.0518ms
tactic execution of Lean.Parser.Tactic.rintro took 1.09ms
typeclass inference of OfNat took 1.18ms
tactic execution of Lean.Parser.Tactic.refine took 7.13ms
tactic execution of Lean.Parser.Tactic.intro took 0.155ms
typeclass inference of DecidableEq took 0.852ms
typeclass inference of DecidableEq took 2.33ms
tactic execution of Lean.Parser.Tactic.obtain took 5.43ms
tactic execution of Lean.Parser.Tactic.refine took 9.06ms
typeclass inference of DecidablePred took 1.85ms
typeclass inference of DecidablePred took 1.24ms
typeclass inference of DecidablePred took 12ms
tactic execution of Lean.Parser.Tactic.apply took 3.2ms
tactic execution of Lean.Parser.Tactic.constructor took 0.261ms
typeclass inference of Fintype took 0.544ms
typeclass inference of Fintype took 0.173ms
tactic execution of Lean.Parser.Tactic.exact took 1.25ms
tactic execution of Lean.Parser.Tactic.tacticSeq1Indented took 0.074ms
tactic execution of Lean.Parser.Tactic.tacticSeq took 0.0321ms
tactic execution of Lean.cdot took 0.0763ms
tactic execution of Lean.Parser.Tactic.intro took 0.178ms
tactic execution of Lean.Parser.Tactic.cases took 1.27ms
tactic execution of Lean.Parser.Tactic.tacticSeq1Indented took 0.107ms
tactic execution of Lean.Parser.Tactic.tacticSeq took 0.0376ms
tactic execution of Lean.cdot took 0.106ms
tactic execution of Lean.Parser.Tactic.tacticSeq1Indented took 0.634ms
tactic execution of Lean.Parser.Tactic.tacticSeq took 0.0272ms
tactic execution of Lean.cdot took 0.0723ms
tactic execution of Lean.Parser.Tactic.tacticSeq1Indented took 0.13ms
tactic execution of Lean.Parser.Tactic.tacticSeq took 0.0289ms
tactic execution of Lean.Parser.Tactic.classical took 0.969ms
tactic execution of Lean.Parser.Tactic.tacticSeq1Indented took 0.0725ms
tactic execution of Lean.Parser.Tactic.tacticSeq took 0.074ms
instantiate metavars took 0.772ms
instantiate metavars took 0.0048ms
instantiate metavars took 0.0013ms
instantiate metavars took 0.0019ms
instantiate metavars took 0.0014ms
share common exprs took 2.26ms
fix level params took 0.787ms
let-to-have transformation took 0.0237ms
type checking took 9.92ms
attribute application took 0.0073ms
attribute application took 0.0024ms
process pre-definitions took 2.35ms
interpretation of Lean.Parser.Tactic.simp took 0.0107ms
interpretation of Lean.Parser.Tactic.simp took 0.0034ms
interpretation of _private.Mathlib.Tactic.Linter.Header.0.Mathlib.Linter.Style.header.headerLinter._lam_3._boxed took 0.0672ms
interpretation of _private.Mathlib.Tactic.Linter.AuxLemma.0.Mathlib.Linter.AuxLemma.auxLemmaLinter._lam_1._boxed took 0.0413ms
interpretation of _private.Mathlib.Tactic.Linter.DeprecatedSyntaxLinter.0.Mathlib.Linter.Style.deprecatedSyntaxLinter._lam_1._boxed took 0.0734ms
interpretation of _private.Mathlib.Tactic.Linter.DocPrime.0.Mathlib.Linter.DocPrime.docPrimeLinter._lam_3._boxed took 0.028ms
interpretation of _private.Mathlib.Tactic.Linter.DocString.0.Mathlib.Linter.Style.docStringLinter._lam_0._boxed took 0.0447ms
interpretation of _private.Mathlib.Tactic.Linter.DocString.0.Mathlib.Linter.Style.moduleDocVersoLinter._lam_0._boxed took 0.0577ms
interpretation of Mathlib.Linter.EmptyLine.emptyLineLinter._lam_2._boxed took 0.0241ms
interpretation of _private.Mathlib.Tactic.Linter.GlobalAttributeIn.0.Mathlib.Linter.globalAttributeInLinter.globalAttributeIn._lam_0._boxed took 0.0342ms
interpretation of _private.Mathlib.Tactic.Linter.HashCommandLinter.0.Mathlib.Linter.HashCommandLinter.withSetOptionIn'._boxed took 0.0759ms
interpretation of _private.Mathlib.Tactic.Linter.FlexibleLinter.0.Mathlib.Linter.Flexible.flexibleLinter._lam_0._boxed took 0.0319ms
interpretation of _private.Mathlib.Tactic.Linter.Multigoal.0.Mathlib.Linter.Style.multiGoal.multiGoalLinter._lam_0._boxed took 0.0548ms
interpretation of _private.Mathlib.Tactic.Linter.OldObtain.0.Mathlib.Linter.Style.oldObtainLinter._lam_0._boxed took 0.0267ms
interpretation of Mathlib.Linter.UnusedInstancesInType.withSetBoolOptionIn._boxed took 0.0627ms
interpretation of Mathlib.Linter.UnusedInstancesInType.withSetBoolOptionIn._boxed took 0.0418ms
overlappingInstancesLinter took 0.774ms
interpretation of Mathlib.Linter.UnusedInstancesInType.withSetBoolOptionIn._boxed took 0.107ms
interpretation of _private.Mathlib.Tactic.Linter.PrivateModule.0.Mathlib.Linter.privateModule._lam_1._boxed took 0.0313ms
interpretation of _private.Mathlib.Tactic.Linter.UnusedTactic.0.Mathlib.Linter.UnusedTactic.unusedTacticLinter._lam_0._boxed took 0.0466ms
interpretation of _private.Mathlib.Tactic.Linter.Style.0.Mathlib.Linter.Style.setOption.setOptionLinter._lam_0._boxed took 0.0321ms
interpretation of _private.Mathlib.Tactic.Linter.Style.0.Mathlib.Linter.Style.missingEnd.missingEndLinter._lam_0._boxed took 0.0539ms
interpretation of _private.Mathlib.Tactic.Linter.Style.0.Mathlib.Linter.Style.cdotLinter._lam_0._boxed took 0.025ms
interpretation of _private.Mathlib.Tactic.Linter.Style.0.Mathlib.Linter.Style.dollarSyntax.dollarSyntaxLinter._lam_0._boxed took 0.0224ms
interpretation of _private.Mathlib.Tactic.Linter.Style.0.Mathlib.Linter.Style.lambdaSyntax.lambdaSyntaxLinter._lam_0._boxed took 0.0221ms
interpretation of _private.Mathlib.Tactic.Linter.Style.0.Mathlib.Linter.Style.longFile.longFileLinter._lam_0._boxed took 0.0271ms
interpretation of _private.Mathlib.Tactic.Linter.Style.0.Mathlib.Linter.Style.longLine.longLineLinter._lam_0._boxed took 0.0212ms
interpretation of _private.Mathlib.Tactic.Linter.Style.0.Mathlib.Linter.Style.nameCheck.doubleUnderscore._lam_2._boxed took 0.0284ms
interpretation of _private.Mathlib.Tactic.Linter.Style.0.Mathlib.Linter.Style.openClassical.openClassicalLinter._lam_0._boxed took 0.0211ms
interpretation of _private.Mathlib.Tactic.Linter.Whitespace.0.Mathlib.Linter.Style.Whitespace.whitespaceLinter._lam_4._boxed took 0.0452ms
interpretation of Mathlib.TacticAnalysis.tacticAnalysis._lam_1._boxed took 0.0109ms
interpretation of _private.Mathlib.Tactic.Linter.Lint.0.Mathlib.Linter.DupNamespaceLinter.dupNamespace._lam_1._boxed took 0.548ms
interpretation of Batteries.Linter.UnreachableTactic.unreachableTacticLinter._lam_0._boxed took 0.0525ms
interpretation of Batteries.Linter.UnnecessarySeqFocus.unnecessarySeqFocusLinter._lam_1._boxed took 0.0345ms
interpretation of _private.Mathlib.Tactic.Linter.HaveLetLinter.0.Mathlib.Linter.haveLet.haveLetLinter._lam_0._boxed took 0.0433ms
interpretation of _private.Mathlib.Tactic.Linter.MinImports.0.Mathlib.Linter.MinImports.minImportsLinter._lam_2._boxed took 0.0374ms
interpretation of _private.Mathlib.Tactic.Linter.PPRoundtrip.0.Mathlib.Linter.PPRoundtrip.ppRoundtrip._lam_1._boxed took 0.0282ms
interpretation of _private.Mathlib.Tactic.Linter.UpstreamableDecl.0.Mathlib.Linter.DoubleImports.upstreamableDeclLinter._lam_0._boxed took 0.0274ms
interpretation of Mathlib.Linter.CountHeartbeats.countHeartbeatsLinter._lam_1._boxed took 0.027ms
linting took 5.3ms
elaboration took 8.58ms
parsing took 0.489ms
interpretation of _aux_Mathlib_Data_Nat_Notation___macroRules_termℕ_1._boxed took 0.0593ms
attribute application took 0.0059ms
interpretation of Lean.Elab.Term._aux_Mathlib_Tactic_TypeStar___elabRules_Lean_Elab_Term_termType*_1._boxed took 0.12ms
instantiate metavars took 0.0124ms
instantiate metavars took 0.0013ms
interpretation of term_=_ took 0.0088ms
interpretation of term_=_ took 0.0042ms
tactic execution of Lean.Parser.Tactic.induction took 0.88ms
tactic execution of Lean.Parser.Tactic.skip took 0.0099ms
tactic execution of Lean.Parser.Tactic.withAnnotateState took 0.052ms
congr simp thm took 0.0157ms
simp took 1.3ms
simp took 0.0762ms
tactic execution of Lean.Parser.Tactic.simp took 1.16ms
tactic execution of Lean.Parser.Tactic.tacticSeq1Indented took 0.0857ms
tactic execution of Lean.Parser.Tactic.tacticSeq took 0.0449ms
congr simp thm took 0.0107ms
congr simp thm took 0.0159ms
congr simp thm took 0.0119ms
congr simp thm took 0.0051ms
interpretation of term_=_ took 0.0124ms
interpretation of termDepIfThenElse took 0.0063ms
interpretation of termDepIfThenElse took 0.0114ms
interpretation of term_∈_ took 0.0084ms
interpretation of term_=_ took 0.0036ms
simp took 3.09ms
simp took 0.0535ms
interpretation of term_=_ took 0.0037ms
interpretation of termDepIfThenElse took 0.0054ms
interpretation of termDepIfThenElse took 0.003ms
tactic execution of Lean.Parser.Tactic.simp took 1.19ms
tactic execution of Lean.Parser.Tactic.tacticSeq1Indented took 0.0834ms
tactic execution of Lean.Parser.Tactic.tacticSeq took 0.0726ms
interpretation of term_∈_ took 0.0045ms
interpretation of term_=_ took 0.0045ms
congr simp thm took 0.0095ms
congr simp thm took 0.0133ms
congr simp thm took 0.0078ms
congr simp thm took 0.0129ms
simp took 4.47ms
simp took 0.592ms
tactic execution of Lean.Parser.Tactic.simp took 1.32ms
tactic execution of Lean.Parser.Tactic.tacticSeq1Indented took 0.143ms
tactic execution of Lean.Parser.Tactic.tacticSeq took 0.0755ms
tactic execution of Lean.Parser.Tactic.allGoals took 0.282ms
tactic execution of Lean.Parser.Tactic.tacticSeq1Indented took 0.16ms
tactic execution of Lean.Parser.Tactic.tacticSeq took 0.0285ms
tactic execution of Lean.Parser.Tactic.focus took 0.048ms
tactic execution of Lean.Parser.Tactic.tactic_<;>_ took 0.0542ms
tactic execution of Lean.Parser.Tactic.tacticSeq1Indented took 0.174ms
tactic execution of Lean.Parser.Tactic.tacticSeq took 0.191ms
instantiate metavars took 0.169ms
instantiate metavars took 0.0028ms
instantiate metavars took 0.0009ms
instantiate metavars took 0.0016ms
instantiate metavars took 0.001ms
share common exprs took 0.437ms
fix level params took 0.226ms
let-to-have transformation took 0.0088ms
type checking took 3.73ms
attribute application took 0.0253ms
attribute application took 0.0075ms
process pre-definitions took 0.885ms
interpretation of _private.Mathlib.Tactic.Linter.Header.0.Mathlib.Linter.Style.header.headerLinter._lam_3._boxed took 0.232ms
interpretation of _private.Mathlib.Tactic.Linter.AuxLemma.0.Mathlib.Linter.AuxLemma.auxLemmaLinter._lam_1._boxed took 0.486ms
interpretation of _private.Mathlib.Tactic.Linter.DeprecatedSyntaxLinter.0.Mathlib.Linter.Style.deprecatedSyntaxLinter._lam_1._boxed took 0.116ms
interpretation of _private.Mathlib.Tactic.Linter.DocPrime.0.Mathlib.Linter.DocPrime.docPrimeLinter._lam_3._boxed took 0.0609ms
interpretation of _private.Mathlib.Tactic.Linter.DocString.0.Mathlib.Linter.Style.docStringLinter._lam_0._boxed took 0.703ms
interpretation of _private.Mathlib.Tactic.Linter.DocString.0.Mathlib.Linter.Style.moduleDocVersoLinter._lam_0._boxed took 0.0607ms
interpretation of Mathlib.Linter.EmptyLine.emptyLineLinter._lam_2._boxed took 0.0814ms
interpretation of _private.Mathlib.Tactic.Linter.GlobalAttributeIn.0.Mathlib.Linter.globalAttributeInLinter.globalAttributeIn._lam_0._boxed took 0.531ms
interpretation of _private.Mathlib.Tactic.Linter.HashCommandLinter.0.Mathlib.Linter.HashCommandLinter.withSetOptionIn'._boxed took 0.127ms
interpretation of _private.Mathlib.Tactic.Linter.FlexibleLinter.0.Mathlib.Linter.Flexible.flexibleLinter._lam_0._boxed took 0.0456ms
interpretation of _private.Mathlib.Tactic.Linter.Multigoal.0.Mathlib.Linter.Style.multiGoal.multiGoalLinter._lam_0._boxed took 0.0499ms
interpretation of _private.Mathlib.Tactic.Linter.OldObtain.0.Mathlib.Linter.Style.oldObtainLinter._lam_0._boxed took 0.0587ms
interpretation of Mathlib.Linter.UnusedInstancesInType.withSetBoolOptionIn._boxed took 0.087ms
interpretation of Mathlib.Linter.UnusedInstancesInType.withSetBoolOptionIn._boxed took 0.0718ms
overlappingInstancesLinter took 0.538ms
interpretation of Mathlib.Linter.UnusedInstancesInType.withSetBoolOptionIn._boxed took 0.187ms
interpretation of _private.Mathlib.Tactic.Linter.PrivateModule.0.Mathlib.Linter.privateModule._lam_1._boxed took 0.0509ms
interpretation of _private.Mathlib.Tactic.Linter.UnusedTactic.0.Mathlib.Linter.UnusedTactic.unusedTacticLinter._lam_0._boxed took 2.03ms
interpretation of _private.Mathlib.Tactic.Linter.Style.0.Mathlib.Linter.Style.setOption.setOptionLinter._lam_0._boxed took 0.0728ms
interpretation of _private.Mathlib.Tactic.Linter.Style.0.Mathlib.Linter.Style.missingEnd.missingEndLinter._lam_0._boxed took 0.0822ms
interpretation of _private.Mathlib.Tactic.Linter.Style.0.Mathlib.Linter.Style.cdotLinter._lam_0._boxed took 0.0375ms
interpretation of _private.Mathlib.Tactic.Linter.Style.0.Mathlib.Linter.Style.dollarSyntax.dollarSyntaxLinter._lam_0._boxed took 0.0386ms
interpretation of _private.Mathlib.Tactic.Linter.Style.0.Mathlib.Linter.Style.lambdaSyntax.lambdaSyntaxLinter._lam_0._boxed took 0.0285ms
interpretation of _private.Mathlib.Tactic.Linter.Style.0.Mathlib.Linter.Style.longFile.longFileLinter._lam_0._boxed took 0.0401ms
interpretation of _private.Mathlib.Tactic.Linter.Style.0.Mathlib.Linter.Style.longLine.longLineLinter._lam_0._boxed took 0.0344ms
interpretation of _private.Mathlib.Tactic.Linter.Style.0.Mathlib.Linter.Style.nameCheck.doubleUnderscore._lam_2._boxed took 0.459ms
interpretation of _private.Mathlib.Tactic.Linter.Style.0.Mathlib.Linter.Style.openClassical.openClassicalLinter._lam_0._boxed took 0.0462ms
interpretation of _private.Mathlib.Tactic.Linter.Whitespace.0.Mathlib.Linter.Style.Whitespace.whitespaceLinter._lam_4._boxed took 0.0442ms
C:\Users\Dan\Desktop\Projects\formal-pvnp\research\evidence\2026-09-14-star-formula-controlled-recovery\partial-source\PvNP\RealizableHardness\StarFormulaInterface.lean:57:8: error: unsolved goals
case nil
X : Type u_1
Z : X → Bool
⊢ evalOpt Z none = false
C:\Users\Dan\Desktop\Projects\formal-pvnp\research\evidence\2026-09-14-star-formula-controlled-recovery\partial-source\PvNP\RealizableHardness\StarFormulaInterface.lean:58:17: error: unsolved goals
case cons
X : Type u_1
Z : X → Bool
a : Option (Formula X)
fs : List (Option (Formula X))
ih : evalOpt Z (orMany fs) = true ↔ ∃ f ∈ fs, evalOpt Z f = true
⊢ evalOpt Z a = true ∨ evalOpt Z (List.foldr orOpt none fs) = true ↔ evalOpt Z a = true ∨ ∃ a ∈ fs, evalOpt Z a = true
C:\Users\Dan\Desktop\Projects\formal-pvnp\research\evidence\2026-09-14-star-formula-controlled-recovery\partial-source\PvNP\RealizableHardness\StarFormulaInterface.lean:58:49: warning: This simp argument is unused:
  ih

Hint: Omit it from the simp argument list.
  [apply] simp [orMany, evalOpt_orOpt, Bool.or_eq_true]

Note: This linter can be disabled with `set_option linter.unusedSimpArgs false`
C:\Users\Dan\Desktop\Projects\formal-pvnp\research\evidence\2026-09-14-star-formula-controlled-recovery\partial-source\PvNP\RealizableHardness\StarFormulaInterface.lean:64:17: error: unsolved goals
case cons
X : Type u_1
Z : X → Bool
a : Option (Formula X)
fs : List (Option (Formula X))
ih :
  ∀ (acc : Option (Formula X)), evalOpt Z (andMany fs acc) = true ↔ evalOpt Z acc = true ∧ ∀ f ∈ fs, evalOpt Z f = true
acc : Option (Formula X)
⊢ evalOpt Z (List.foldl andOpt (andOpt acc a) fs) = true ↔
    evalOpt Z acc = true ∧ evalOpt Z a = true ∧ ∀ a ∈ fs, evalOpt Z a = true
C:\Users\Dan\Desktop\Projects\formal-pvnp\research\evidence\2026-09-14-star-formula-controlled-recovery\partial-source\PvNP\RealizableHardness\StarFormulaInterface.lean:64:35: warning: This simp argument is unused:
  evalOpt_andOpt

Hint: Omit it from the simp argument list.
  [apply] simp [andMany, ih, Bool.and_eq_true]

Note: This linter can be disabled with `set_option linter.unusedSimpArgs false`
C:\Users\Dan\Desktop\Projects\formal-pvnp\research\evidence\2026-09-14-star-formula-controlled-recovery\partial-source\PvNP\RealizableHardness\StarFormulaInterface.lean:64:51: warning: This simp argument is unused:
  ih

Hint: Omit it from the simp argument list.
  [apply] simp [andMany, evalOpt_andOpt, Bool.and_eq_true]

Note: This linter can be disabled with `set_option linter.unusedSimpArgs false`
C:\Users\Dan\Desktop\Projects\formal-pvnp\research\evidence\2026-09-14-star-formula-controlled-recovery\partial-source\PvNP\RealizableHardness\StarFormulaInterface.lean:64:55: warning: This simp argument is unused:
  Bool.and_eq_true

Hint: Omit it from the simp argument list.
  [apply] simp [andMany, evalOpt_andOpt, ih]

Note: This linter can be disabled with `set_option linter.unusedSimpArgs false`
C:\Users\Dan\Desktop\Projects\formal-pvnp\research\evidence\2026-09-14-star-formula-controlled-recovery\partial-source\PvNP\RealizableHardness\StarFormulaInterface.lean:77:6: error: Type mismatch: After simplification, term
  hmem.right i rfl
 has type
  e.projection i (Classical.choose ⋯) = b
but is expected to have type
  e.projection i
      (if h : e.leaf i = e.center then cast ⋯ b
      else if h : e.leaf i ∈ leafVertices e then Classical.choose ⋯ else Classical.choice ⋯) =
    b
C:\Users\Dan\Desktop\Projects\formal-pvnp\research\evidence\2026-09-14-star-formula-controlled-recovery\partial-source\PvNP\RealizableHardness\StarFormulaInterface.lean:80:18: error: `simp` made no progress

Note: The target expression is not type-correct under the `implicit` transparency level, which may have triggered the failure. This is usually caused by unfolding of semireducible definitions in prior tactic steps. Use `set_option linter.tacticCheckInstances true` to investigate the source of the issue.
Full error:
  Application type mismatch: The argument
    SetLike.instMembership
  has type
    Membership (Sigma (e.slinterpretation of term_=_ took 0.0065ms
interpretation of term_=_ took 0.0045ms
interpretation of Lean.Parser.Tactic.simpLemma took 0.0079ms
interpretation of Lean.Parser.Tactic.simpLemma took 0.0051ms
interpretation of Lean.Parser.Tactic.simp took 0.0057ms
interpretation of Lean.Parser.Tactic.simp took 0.0044ms
interpretation of Mathlib.TacticAnalysis.runPass._boxed took 0.323ms
interpretation of Mathlib.TacticAnalysis.runPass._boxed took 0.223ms
interpretation of Mathlib.TacticAnalysis.runPass._boxed took 0.204ms
interpretation of Mathlib.TacticAnalysis.runPass._boxed took 0.205ms
interpretation of Mathlib.TacticAnalysis.runPass._boxed took 0.17ms
tacticAnalysis took 3.31ms
interpretation of Mathlib.TacticAnalysis.tacticAnalysis._lam_1._boxed took 0.109ms
interpretation of _private.Mathlib.Tactic.Linter.Lint.0.Mathlib.Linter.DupNamespaceLinter.dupNamespace._lam_1._boxed took 0.959ms
interpretation of Batteries.Linter.UnreachableTactic.unreachableTacticLinter._lam_0._boxed took 2.09ms
interpretation of Batteries.Linter.UnnecessarySeqFocus.unnecessarySeqFocusLinter._lam_1._boxed took 1.25ms
interpretation of _private.Mathlib.Tactic.Linter.HaveLetLinter.0.Mathlib.Linter.haveLet.haveLetLinter._lam_0._boxed took 0.0342ms
interpretation of _private.Mathlib.Tactic.Linter.MinImports.0.Mathlib.Linter.MinImports.minImportsLinter._lam_2._boxed took 0.0522ms
interpretation of _private.Mathlib.Tactic.Linter.PPRoundtrip.0.Mathlib.Linter.PPRoundtrip.ppRoundtrip._lam_1._boxed took 0.0273ms
interpretation of _private.Mathlib.Tactic.Linter.UpstreamableDecl.0.Mathlib.Linter.DoubleImports.upstreamableDeclLinter._lam_0._boxed took 0.0268ms
interpretation of Mathlib.Linter.CountHeartbeats.countHeartbeatsLinter._lam_1._boxed took 0.0469ms
linting took 3.48ms
elaboration took 5.56ms
parsing took 0.0394ms
interpretation of _private.Mathlib.Tactic.Linter.Header.0.Mathlib.Linter.Style.header.headerLinter._lam_3._boxed took 0.0881ms
interpretation of _private.Mathlib.Tactic.Linter.AuxLemma.0.Mathlib.Linter.AuxLemma.auxLemmaLinter._lam_1._boxed took 0.082ms
interpretation of _private.Mathlib.Tactic.Linter.DeprecatedSyntaxLinter.0.Mathlib.Linter.Style.deprecatedSyntaxLinter._lam_1._boxed took 0.0626ms
interpretation of _private.Mathlib.Tactic.Linter.DocPrime.0.Mathlib.Linter.DocPrime.docPrimeLinter._lam_3._boxed took 0.0433ms
interpretation of _private.Mathlib.Tactic.Linter.DocString.0.Mathlib.Linter.Style.docStringLinter._lam_0._boxed took 0.208ms
interpretation of _private.Mathlib.Tactic.Linter.DocString.0.Mathlib.Linter.Style.moduleDocVersoLinter._lam_0._boxed took 0.0491ms
interpretation of Mathlib.Linter.EmptyLine.emptyLineLinter._lam_2._boxed took 0.042ms
interpretation of _private.Mathlib.Tactic.Linter.GlobalAttributeIn.0.Mathlib.Linter.globalAttributeInLinter.globalAttributeIn._lam_0._boxed took 0.135ms
interpretation of _private.Mathlib.Tactic.Linter.HashCommandLinter.0.Mathlib.Linter.HashCommandLinter.withSetOptionIn'._boxed took 0.102ms
interpretation of _private.Mathlib.Tactic.Linter.FlexibleLinter.0.Mathlib.Linter.Flexible.flexibleLinter._lam_0._boxed took 0.0414ms
interpretation of _private.Mathlib.Tactic.Linter.Multigoal.0.Mathlib.Linter.Style.multiGoal.multiGoalLinter._lam_0._boxed took 0.0607ms
interpretation of _private.Mathlib.Tactic.Linter.OldObtain.0.Mathlib.Linter.Style.oldObtainLinter._lam_0._boxed took 0.0333ms
interpretation of Mathlib.Linter.UnusedInstancesInType.withSetBoolOptionIn._boxed took 0.0899ms
interpretation of Mathlib.Linter.UnusedInstancesInType.withSetBoolOptionIn._boxed took 0.0549ms
overlappingInstancesLinter took 0.0577ms
interpretation of Mathlib.Linter.UnusedInstancesInType.withSetBoolOptionIn._boxed took 0.113ms
interpretation of _private.Mathlib.Tactic.Linter.PrivateModule.0.Mathlib.Linter.privateModule._lam_1._boxed took 0.0239ms
interpretation of _private.Mathlib.Tactic.Linter.UnusedTactic.0.Mathlib.Linter.UnusedTactic.unusedTacticLinter._lam_0._boxed took 0.441ms
interpretation of _private.Mathlib.Tactic.Linter.Style.0.Mathlib.Linter.Style.setOption.setOptionLinter._lam_0._boxed took 0.0435ms
interpretation of _private.Mathlib.Tactic.Linter.Style.0.Mathlib.Linter.Style.missingEnd.missingEndLinter._lam_0._boxed took 0.0467ms
interpretation of _private.Mathlib.Tactic.Linter.Style.0.Mathlib.Linter.Style.cdotLinter._lam_0._boxed took 0.0248ms
interpretation of _private.Mathlib.Tactic.Linter.Style.0.Mathlib.Linter.Style.dollarSyntax.dollarSyntaxLinter._lam_0._boxed took 0.0188ms
interpretation of _private.Mathlib.Tactic.Linter.Style.0.Mathlib.Linter.Style.lambdaSyntax.lambdaSyntaxLinter._lam_0._boxed took 0.0185ms
interpretation of _private.Mathlib.Tactic.Linter.Style.0.Mathlib.Linter.Style.longFile.longFileLinter._lam_0._boxed took 0.041ms
interpretation of _private.Mathlib.Tactic.Linter.Style.0.Mathlib.Linter.Style.longLine.longLineLinter._lam_0._boxed took 0.0235ms
interpretation of _private.Mathlib.Tactic.Linter.Style.0.Mathlib.Linter.Style.nameCheck.doubleUnderscore._lam_2._boxed took 0.187ms
interpretation of _private.Mathlib.Tactic.Linter.Style.0.Mathlib.Linter.Style.openClassical.openClassicalLinter._lam_0._boxed took 0.0328ms
interpretation of _private.Mathlib.Tactic.Linter.Whitespace.0.Mathlib.Linter.Style.Whitespace.whitespaceLinter._lam_4._boxed took 0.0537ms
tacticAnalysis took 0.475ms
interpretation of Mathlib.TacticAnalysis.tacticAnalysis._lam_1._boxed took 0.0641ms
interpretation of _private.Mathlib.Tactic.Linter.Lint.0.Mathlib.Linter.DupNamespaceLinter.dupNamespace._lam_1._boxed took 0.182ms
interpretation of Batteries.Linter.UnreachableTactic.unreachableTacticLinter._lam_0._boxed took 0.27ms
interpretation of Batteries.Linter.UnnecessarySeqFocus.unnecessarySeqFocusLinter._lam_1._boxed took 0.204ms
interpretation of _private.Mathlib.Tactic.Linter.HaveLetLinter.0.Mathlib.Linter.haveLet.haveLetLinter._lam_0._boxed took 0.0233ms
interpretation of _private.Mathlib.Tactic.Linter.MinImports.0.Mathlib.Linter.MinImports.minImportsLinter._lam_2._boxed took 0.0657ms
interpretation of _private.Mathlib.Tactic.Linter.PPRoundtrip.0.Mathlib.Linter.PPRoundtrip.ppRoundtrip._lam_1._boxed took 0.0319ms
interpretation of _private.Mathlib.Tactic.Linter.UpstreamableDecl.0.Mathlib.Linter.DoubleImports.upstreamableDeclLinter._lam_0._boxed took 0.0587ms
interpretation of Mathlib.Linter.CountHeartbeats.countHeartbeatsLinter._lam_1._boxed took 0.0281ms
linting took 1.44ms
elaboration took 0.281ms
parsing took 0.041ms
interpretation of _private.Mathlib.Tactic.Linter.Header.0.Mathlib.Linter.Style.header.headerLinter._lam_3._boxed took 0.0698ms
interpretation of _private.Mathlib.Tactic.Linter.AuxLemma.0.Mathlib.Linter.AuxLemma.auxLemmaLinter._lam_1._boxed took 0.124ms
interpretation of _private.Mathlib.Tactic.Linter.DeprecatedSyntaxLinter.0.Mathlib.Linter.Style.deprecatedSyntaxLinter._lam_1._boxed took 0.0807ms
interpretation of _private.Mathlib.Tactic.Linter.DocPrime.0.Mathlib.Linter.DocPrime.docPrimeLinter._lam_3._boxed took 0.0421ms
interpretation of _private.Mathlib.Tactic.Linter.DocString.0.Mathlib.Linter.Style.docStringLinter._lam_0._boxed took 0.31ms
interpretation of _private.Mathlib.Tactic.Linter.DocString.0.Mathlib.Linter.Style.moduleDocVersoLinter._lam_0._boxed took 0.0513ms
interpretation of Mathlib.Linter.EmptyLine.emptyLineLinter._lam_2._boxed took 0.0431ms
interpretation of _private.Mathlib.Tactic.Linter.GlobalAttributeIn.0.Mathlib.Linter.globalAttributeInLinter.globalAttributeIn._lam_0._boxed took 0.172ms
interpretation of _private.Mathlib.Tactic.Linter.HashCommandLinter.0.Mathlib.Linter.HashCommandLinter.withSetOptionIn'._boxed took 0.109ms
interpretation of _private.Mathlib.Tactic.Linter.FlexibleLinter.0.Mathlib.Linter.Flexible.flexibleLinter._lam_0._boxed took 0.058ms
interpretation of _private.Mathlib.Tactic.Linter.Multigoal.0.Mathlib.Linter.Style.multiGoal.multiGoalLinter._lam_0._boxed took 0.0516ms
interpretation of _private.Mathlib.Tactic.Linter.OldObtain.0.Mathlib.Linter.Style.oldObtainLinter._lam_0._boxed took 0.0527ms
interpretation of Mathlib.Linter.UnusedInstancesInType.withSetBoolOptionIn._boxed took 0.14ms
interpretation of Mathlib.Linter.UnusedInstancesInType.withSetBoolOptionIn._boxed took 0.0844ms
overlappingInstancesLinter took 0.102ms
interpretation of Mathlib.Linter.UnusedInstancesInType.withSetBoolOptionIn._boxed took 0.465ms
interpretation of _private.Mathlib.Tactic.Linter.PrivateModule.0.Mathlib.Linter.privateModule._lam_1._boxed took 0.0983ms
interpretation of _private.Mathlib.Tactic.Linter.UnusedTactic.0.Mathlib.Linter.UnusedTactic.unusedTacticLinter._lam_0._boxed took 1.8ms
interpretation of _private.Mathlib.Tactic.Linter.Style.0.Mathlib.Linter.Style.setOption.setOptionLinter._lam_0._boxed took 0.0901ms
interpretation of _private.Mathlib.Tactic.Linter.Style.0.Mathlib.Linter.Style.missingEnd.missingEndLinter._lam_0._boxed took 0.083ms
interpretation of _private.Mathlib.Tactic.Linter.Style.0.Mathlib.Linter.Style.cdotLinter._lam_0._boxed took 0.0415ms
interpretation of _private.Mathlib.Tactic.Linter.Style.0.Mathlib.Linter.Style.dollarSyntax.dollarSyntaxLinter._lam_0._boxed took 0.0348ms
interpretation of _private.Mathlib.Tactic.Linter.Style.0.Mathlib.Linter.Style.lambdaSyntax.lambdaSyntaxLinter._lam_0._boxed took 0.0236ms
interpretation of _private.Mathlib.Tactic.Linter.Style.0.Mathlib.Linter.Style.longFile.longFileLinter._lam_0._boxed took 0.0369ms
interpretation of _private.Mathlib.Tactic.Linter.Style.0.Mathlib.Linter.Style.longLine.longLineLinter._lam_0._boxed took 0.052ms
interpretation of _private.Mathlib.Tactic.Linter.Style.0.Mathlib.Linter.Style.nameCheck.doubleUnderscore._lam_2._boxed took 0.87ms
interpretation of _private.Mathlib.Tactic.Linter.Style.0.Mathlib.Linter.Style.openClassical.openClassicalLinter._lam_0._boxed took 0.0852ms
interpretation of _private.Mathlib.Tactic.Linter.Whitespace.0.Mathlib.Linter.Style.Whitespace.whitespaceLinter._lam_4._boxed took 0.0692ms
tacticAnalysis took 1.13ms
interpretation of Mathlib.TacticAnalysis.tacticAnalysis._lam_1._boxed took 0.507ms
interpretation of _private.Mathlib.Tactic.Linter.Lint.0.Mathlib.Linter.DupNamespaceLinter.dupNamespace._lam_1._boxed took 0.47ms
interpretation of Batteries.Linter.UnreachableTactic.unreachableTacticLinter._lam_0._boxed took 0.78ms
interpretation of Batteries.Linter.UnnecessarySeqFocus.unnecessarySeqFocusLinter._lam_1._boxed took 0.493ms
interpretation of _private.Mathlib.Tactic.Linter.HaveLetLinter.0.Mathlib.Linter.haveLet.haveLetLinter._lam_0._boxed took 0.08ms
interpretation of _private.Mathlib.Tactic.Linter.MinImports.0.Mathlib.Linter.MinImports.minImportsLinter._lam_2._boxed took 0.0731ms
interpretation of _private.Mathlib.Tactic.Linter.PPRoundtrip.0.Mathlib.Linter.PPRoundtrip.ppRoundtrip._lam_1._boxed took 0.0418ms
interpretation of _private.Mathlib.Tactic.Linter.UpstreamableDecl.0.Mathlib.Linter.DoubleImports.upstreamableDeclLinter._lam_0._boxed took 0.0585ms
interpretation of Mathlib.Linter.CountHeartbeats.countHeartbeatsLinter._lam_1._boxed took 0.0496ms
linting took 2.2ms
elaboration took 0.355ms
parsing took 0.0039ms
interpretation of _private.Mathlib.Tactic.Linter.Header.0.Mathlib.Linter.Style.header.headerLinter._lam_3._boxed took 0.0507ms
interpretation of _private.Mathlib.Tactic.Linter.AuxLemma.0.Mathlib.Linter.AuxLemma.auxLemmaLinter._lam_1._boxed took 0.0941ms
interpretation of _private.Mathlib.Tactic.Linter.DeprecatedSyntaxLinter.0.Mathlib.Linter.Style.deprecatedSyntaxLinter._lam_1._boxed took 0.0607ms
interpretation of _private.Mathlib.Tactic.Linter.DocPrime.0.Mathlib.Linter.DocPrime.docPrimeLinter._lam_3._boxed took 0.0428ms
interpretation of _private.Mathlib.Tactic.Linter.DocString.0.Mathlib.Linter.Style.docStringLinter._lam_0._boxed took 0.161ms
interpretation of _private.Mathlib.Tactic.Linter.DocString.0.Mathlib.Linter.Style.moduleDocVersoLinter._lam_0._boxed took 0.0347ms
interpretation of Mathlib.Linter.EmptyLine.emptyLineLinter._lam_2._boxed took 0.0273ms
interpretation of _private.Mathlib.Tactic.Linter.GlobalAttributeIn.0.Mathlib.Linter.globalAttributeInLinter.globalAttributeIn._lam_0._boxed took 0.132ms
interpretation of _private.Mathlib.Tactic.Linter.HashCommandLinter.0.Mathlib.Linter.HashCommandLinter.withSetOptionIn'._boxed took 0.0874ms
interpretation of _private.Mathlib.Tactic.Linter.FlexibleLinter.0.Mathlib.Linter.Flexible.flexibleLinter._lam_0._boxed took 0.0484ms
interpretation of _private.Mathlib.Tactic.Linter.Multigoal.0.Mathlib.Linter.Style.multiGoal.multiGoalLinter._lam_0._boxed took 0.0588ms
interpretation of _private.Mathlib.Tactic.Linter.OldObtain.0.Mathlib.Linter.Style.oldObtainLinter._lam_0._boxed took 0.0403ms
interpretation of Mathlib.Linter.UnusedInstancesInType.withSetBoolOptionIn._boxed took 0.0766ms
interpretation of Mathlib.Linter.UnusedInstancesInType.withSetBoolOptionIn._boxed took 0.0418ms
overlappingInstancesLinter took 0.0672ms
interpretation of Mathlib.Linter.UnusedInstancesInType.withSetBoolOptionIn._boxed took 0.11ms
interpretation of _private.Mathlib.Tactic.Linter.PrivateModule.0.Mathlib.Linter.privateModule._lam_1._boxed took 1.56ms
interpretation of _private.Mathlib.Tactic.Linter.UnusedTactic.0.Mathlib.Linter.UnusedTactic.unusedTacticLinter._lam_0._boxed took 0.571ms
interpretation of _private.Mathlib.Tactic.Linter.Style.0.Mathlib.Linter.Style.setOption.setOptionLinter._lam_0._boxed took 0.0325ms
interpretation of _private.Mathlib.Tactic.Linter.Style.0.Mathlib.Linter.Style.missingEnd.missingEndLinter._lam_0._boxed took 0.115ms
interpretation of _private.Mathlib.Tactic.Linter.Style.0.Mathlib.Linter.Style.cdotLinter._lam_0._boxed took 0.0298ms
interpretation of _private.Mathlib.Tactic.Linter.Style.0.Mathlib.Linter.Style.dollarSyntax.dollarSyntaxLinter._lam_0._boxed took 0.0323ms
interpretation of _private.Mathlib.Tactic.Linter.Style.0.Mathlib.Linter.Style.lambdaSyntax.lambdaSyntaxLinter._lam_0._boxed took 0.0357ms
interpretation of _private.Mathlib.Tactic.Linter.Style.0.Mathlib.Linter.Style.longFile.longFileLinter._lam_0._boxed took 0.0378ms
interpretation of _private.Mathlib.Tactic.Linter.Style.0.Mathlib.Linter.Style.longLine.longLineLinter._lam_0._boxed took 0.024ms
interpretation of _private.Mathlib.Tactic.Linter.Style.0.Mathlib.Linter.Style.nameCheck.doubleUnderscore._lam_2._boxed took 0.23ms
interpretation of _private.Mathlib.Tactic.Linter.Style.0.Mathlib.Linter.Style.openClassical.openClassicalLinter._lam_0._boxed took 0.0355ms
interpretation of _private.Mathlib.Tactic.Linter.Whitespace.0.Mathlib.Linter.Style.Whitespace.whitespaceLinter._lam_4._boxed took 0.0352ms
tacticAnalysis took 0.526ms
interpretation of Mathlib.TacticAnalysis.tacticAnalysis._lam_1._boxed took 0.0927ms
interpretation of _private.Mathlib.Tactic.Linter.Lint.0.Mathlib.Linter.DupNamespaceLinter.dupNamespace._lam_1._boxed took 0.192ms
interpretation of Batteries.Linter.UnreachableTactic.unreachableTacticLinter._lam_0._boxed took 0.319ms
interpretation of Batteries.Linter.UnnecessarySeqFocus.unnecessarySeqFocusLinter._lam_1._boxed took 0.206ms
interpretation of _private.Mathlib.Tactic.Linter.HaveLetLinter.0.Mathlib.Linter.haveLet.haveLetLinter._lam_0._boxed took 0.0351ms
interpretation of _private.Mathlib.Tactic.Linter.MinImports.0.Mathlib.Linter.MinImports.minImportsLinter._lam_2._boxed took 0.0556ms
interpretation of _private.Mathlib.Tactic.Linter.PPRoundtrip.0.Mathlib.Linter.PPRoundtrip.ppRoundtrip._lam_1._boxed took 0.0244ms
interpretation of _private.Mathlib.Tactic.Linter.UpstreamableDecl.0.Mathlib.Linter.DoubleImports.upstreamableDeclLinter._lam_0._boxed took 0.0307ms
interpretation of Mathlib.Linter.CountHeartbeats.countHeartbeatsLinter._lam_1._boxed took 0.0523ms
linting took 1.64ms
module linting took 0.0052ms
elaboration took 0.121ms
ot ⟨val✝, isLt✝⟩)) (Finset (Sigma (e.slot ⟨val✝, isLt✝⟩)))
  but is expected to have type
    Membership (Sigma (Fin.cases e.center e.leaf ⟨val✝, isLt✝⟩))
      (Finset (Sigma (Fin.cases e.center e.leaf ⟨val✝, isLt✝⟩)))
  in the application
    @Membership.mem (Sigma (Fin.cases e.center e.leaf ⟨val✝, isLt✝⟩))
      (Finset (Sigma (Fin.cases e.center e.leaf ⟨val✝, isLt✝⟩))) SetLike.instMembership
C:\Users\Dan\Desktop\Projects\formal-pvnp\research\evidence\2026-09-14-star-formula-controlled-recovery\partial-source\PvNP\RealizableHardness\StarFormulaInterface.lean:90:6: error: Dependent elimination failed: Failed to solve equation
  e.2 i = e.2 j
C:\Users\Dan\Desktop\Projects\formal-pvnp\research\evidence\2026-09-14-star-formula-controlled-recovery\partial-source\PvNP\RealizableHardness\StarFormulaInterface.lean:79:26: warning: This simp argument is unused:
  hb

Hint: Omit it from the simp argument list.
  [apply] simp [Star.slot, q]

Note: This linter can be disabled with `set_option linter.unusedSimpArgs false`
cumulative profiling times:
	attribute application 0.494ms
	blocked (unaccounted) 7.12ms
	compilation (IR) 1.26ms
	compilation (LCNF base) 26ms
	compilation (LCNF impure) 6.65ms
	compilation (LCNF mono) 12.2ms
	congr simp thm 6.42ms
	elaboration 195ms
	fix level params 1.96ms
	import 37.7s
	initialization 82.4ms
	instantiate metavars 2.17ms
	interpretation 15.3s
	let-to-have transformation 0.257ms
	linting 71.2ms
	module linting 0.0045ms
	overlappingInstancesLinter 68.1ms
	parsing 19.4ms
	process pre-definitions 55.8ms
	share common exprs 5.32ms
	simp 213ms
	tactic execution 212ms
	tacticAnalysis 112ms
	type checking 30.6ms
	typeclass inference 290ms
