interpretation of Mathlib.Linter.linter.directoryDependency took 8.34ms
interpretation of _private.Mathlib.Tactic.Linter.Header.0.Mathlib.Linter.inLibraryRootMutex took 1.52ms
interpretation of Mathlib.Linter.linter.style.header took 7.28ms
interpretation of Mathlib.Linter.linter.style.header.license took 9.39ms
interpretation of _private.Mathlib.Tactic.Linter.Header.0.Mathlib.Linter.Style.header.initFn._@.Mathlib.Tactic.Linter.Header.1276962649._hygCtx._hyg.2 took 0.783ms
interpretation of _private.Mathlib.Tactic.Linter.Header.0.Mathlib.Linter.Style.header.initFn._@.Mathlib.Tactic.Linter.Header.1276962649._hygCtx._hyg.2._boxed took 23.9ms
interpretation of _private.Mathlib.Tactic.AdaptationNote.0.initFn._@.Mathlib.Tactic.AdaptationNote.1330411147._hygCtx._hyg.2 took 0.56ms
interpretation of _private.Mathlib.Tactic.AdaptationNote.0.initFn._@.Mathlib.Tactic.AdaptationNote.1330411147._hygCtx._hyg.2._boxed took 13.8ms
interpretation of Mathlib.Linter.AuxLemma.linter.auxLemma took 6.97ms
interpretation of _private.Mathlib.Tactic.Linter.AuxLemma.0.Mathlib.Linter.AuxLemma.initFn._@.Mathlib.Tactic.Linter.AuxLemma.2530988339._hygCtx._hyg.2 took 0.626ms
interpretation of _private.Mathlib.Tactic.Linter.AuxLemma.0.Mathlib.Linter.AuxLemma.initFn._@.Mathlib.Tactic.Linter.AuxLemma.2530988339._hygCtx._hyg.2._boxed took 20.6ms
interpretation of Mathlib.Linter.Style.linter.style.refine took 8.62ms
interpretation of Mathlib.Linter.Style.linter.style.cases took 6.34ms
interpretation of Mathlib.Linter.Style.linter.style.induction took 4.59ms
interpretation of Mathlib.Linter.Style.linter.style.admit took 4.23ms
interpretation of Mathlib.Linter.Style.linter.style.nativeDecide took 4.26ms
interpretation of Mathlib.Linter.Style.linter.style.maxHeartbeats took 3.93ms
interpretation of _private.Mathlib.Tactic.Linter.DeprecatedSyntaxLinter.0.Mathlib.Linter.Style.initFn._@.Mathlib.Tactic.Linter.DeprecatedSyntaxLinter.2374602524._hygCtx._hyg.2 took 0.553ms
interpretation of _private.Mathlib.Tactic.Linter.DeprecatedSyntaxLinter.0.Mathlib.Linter.Style.initFn._@.Mathlib.Tactic.Linter.DeprecatedSyntaxLinter.2374602524._hygCtx._hyg.2._boxed took 14.9ms
interpretation of Mathlib.Linter.linter.docPrime took 8.46ms
interpretation of _private.Mathlib.Tactic.Linter.DocPrime.0.Mathlib.Linter.DocPrime.initFn._@.Mathlib.Tactic.Linter.DocPrime.856601495._hygCtx._hyg.2 took 0.583ms
interpretation of _private.Mathlib.Tactic.Linter.DocPrime.0.Mathlib.Linter.DocPrime.initFn._@.Mathlib.Tactic.Linter.DocPrime.856601495._hygCtx._hyg.2._boxed took 16.1ms
interpretation of Mathlib.Linter.linter.style.docString took 9.25ms
interpretation of Mathlib.Linter.linter.style.docString.empty took 6.05ms
interpretation of Mathlib.Linter.linter.style.docStringVerso took 5.26ms
interpretation of _private.Mathlib.Tactic.Linter.DocString.0.Mathlib.Linter.Style.initFn._@.Mathlib.Tactic.Linter.DocString.3364454516._hygCtx._hyg.2 took 0.592ms
interpretation of _private.Mathlib.Tactic.Linter.DocString.0.Mathlib.Linter.Style.initFn._@.Mathlib.Tactic.Linter.DocString.3364454516._hygCtx._hyg.2._boxed took 23.1ms
interpretation of _private.Mathlib.Tactic.Linter.DocString.0.Mathlib.Linter.Style.initFn._@.Mathlib.Tactic.Linter.DocString.3183647073._hygCtx._hyg.2 took 1.86ms
interpretation of _private.Mathlib.Tactic.Linter.DocString.0.Mathlib.Linter.Style.initFn._@.Mathlib.Tactic.Linter.DocString.3183647073._hygCtx._hyg.2._boxed took 8.72ms
interpretation of Mathlib.Linter.linter.style.emptyLine took 9.89ms
interpretation of _private.Mathlib.Tactic.Linter.EmptyLine.0.Mathlib.Linter.EmptyLine.initFn._@.Mathlib.Tactic.Linter.EmptyLine.1134681162._hygCtx._hyg.2 took 1.08ms
interpretation of _private.Mathlib.Tactic.Linter.EmptyLine.0.Mathlib.Linter.EmptyLine.initFn._@.Mathlib.Tactic.Linter.EmptyLine.1134681162._hygCtx._hyg.2._boxed took 11.8ms
interpretation of Mathlib.Linter.linter.globalAttributeIn took 10.5ms
interpretation of _private.Mathlib.Tactic.Linter.GlobalAttributeIn.0.Mathlib.Linter.globalAttributeInLinter.initFn._@.Mathlib.Tactic.Linter.GlobalAttributeIn.3315358037._hygCtx._hyg.2 took 0.983ms
interpretation of _private.Mathlib.Tactic.Linter.GlobalAttributeIn.0.Mathlib.Linter.globalAttributeInLinter.initFn._@.Mathlib.Tactic.Linter.GlobalAttributeIn.3315358037._hygCtx._hyg.2._boxed took 12.2ms
interpretation of Mathlib.Linter.linter.hashCommand took 10.8ms
interpretation of _private.Mathlib.Tactic.Linter.HashCommandLinter.0.Mathlib.Linter.HashCommandLinter.initFn._@.Mathlib.Tactic.Linter.HashCommandLinter.682754668._hygCtx._hyg.2 took 0.6ms
interpretation of _private.Mathlib.Tactic.Linter.HashCommandLinter.0.Mathlib.Linter.HashCommandLinter.initFn._@.Mathlib.Tactic.Linter.HashCommandLinter.682754668._hygCtx._hyg.2._boxed took 20ms
interpretation of Mathlib.Linter.HaveILetI.linter.style.haveILetI took 10.5ms
interpretation of Mathlib.Linter.linter.flexible took 10.1ms
interpretation of _private.Mathlib.Tactic.Linter.FlexibleLinter.0.Mathlib.Linter.Flexible.initFn._@.Mathlib.Tactic.Linter.FlexibleLinter.242819373._hygCtx._hyg.2 took 1.01ms
interpretation of _private.Mathlib.Tactic.Linter.FlexibleLinter.0.Mathlib.Linter.Flexible.initFn._@.Mathlib.Tactic.Linter.FlexibleLinter.242819373._hygCtx._hyg.2._boxed took 26.5ms
interpretation of Mathlib.Linter.linter.style.multiGoal took 11.6ms
interpretation of _private.Mathlib.Tactic.Linter.Multigoal.0.Mathlib.Linter.Style.multiGoal.initFn._@.Mathlib.Tactic.Linter.Multigoal.276707340._hygCtx._hyg.2 took 1.02ms
interpretation of _private.Mathlib.Tactic.Linter.Multigoal.0.Mathlib.Linter.Style.multiGoal.initFn._@.Mathlib.Tactic.Linter.Multigoal.276707340._hygCtx._hyg.2._boxed took 24ms
interpretation of Mathlib.Linter.Style.linter.oldObtain took 10.7ms
interpretation of _private.Mathlib.Tactic.Linter.OldObtain.0.Mathlib.Linter.Style.initFn._@.Mathlib.Tactic.Linter.OldObtain.3115300298._hygCtx._hyg.2 took 0.811ms
interpretation of _private.Mathlib.Tactic.Linter.OldObtain.0.Mathlib.Linter.Style.initFn._@.Mathlib.Tactic.Linter.OldObtain.3115300298._hygCtx._hyg.2._boxed took 22.1ms
interpretation of Batteries.Tactic.Lint.batteriesLinterExt took 16.2ms
interpretation of _private.Batteries.Tactic.Lint.Basic.0.Batteries.Tactic.Lint.initFn._@.Batteries.Tactic.Lint.Basic.3164034710._hygCtx._hyg.2 took 0.642ms
interpretation of _private.Batteries.Tactic.Lint.Basic.0.Batteries.Tactic.Lint.initFn._@.Batteries.Tactic.Lint.Basic.3164034710._hygCtx._hyg.2._boxed took 27.5ms
interpretation of Batteries.Tactic.Lint.nolintAttr took 15.5ms
interpretation of Mathlib.Linter.UnusedInstancesInType.linter.unusedDecidableInType took 8.4ms
interpretation of _private.Mathlib.Tactic.Linter.UnusedInstancesInType.0.Mathlib.Linter.UnusedInstancesInType.initFn._@.Mathlib.Tactic.Linter.UnusedInstancesInType.1258466126._hygCtx._hyg.2 took 0.602ms
interpretation of _private.Mathlib.Tactic.Linter.UnusedInstancesInType.0.Mathlib.Linter.UnusedInstancesInType.initFn._@.Mathlib.Tactic.Linter.UnusedInstancesInType.1258466126._hygCtx._hyg.2._boxed took 15.7ms
interpretation of Mathlib.Linter.UnusedInstancesInType.linter.unusedFintypeInType took 5.44ms
interpretation of _private.Mathlib.Tactic.Linter.UnusedInstancesInType.0.Mathlib.Linter.UnusedInstancesInType.initFn._@.Mathlib.Tactic.Linter.UnusedInstancesInType.2867144287._hygCtx._hyg.2 took 0.585ms
interpretation of _private.Mathlib.Tactic.Linter.UnusedInstancesInType.0.Mathlib.Linter.UnusedInstancesInType.initFn._@.Mathlib.Tactic.Linter.UnusedInstancesInType.2867144287._hygCtx._hyg.2._boxed took 4.06ms
interpretation of _private.Mathlib.Tactic.Linter.OverlappingInstances.0.Mathlib.Linter.OverlappingInstances.classProjectionsCache took 1.65ms
interpretation of _private.Mathlib.Tactic.Linter.OverlappingInstances.0.Mathlib.Linter.OverlappingInstances.linter.overlappingInstances took 14.7ms
interpretation of _private.Mathlib.Tactic.Linter.OverlappingInstances.0.Mathlib.Linter.OverlappingInstances.initFn._@.Mathlib.Tactic.Linter.OverlappingInstances.2887050497._hygCtx._hyg.2 took 0.572ms
interpretation of _private.Mathlib.Tactic.Linter.OverlappingInstances.0.Mathlib.Linter.OverlappingInstances.initFn._@.Mathlib.Tactic.Linter.OverlappingInstances.2887050497._hygCtx._hyg.2._boxed took 8.5ms
interpretation of _private.Mathlib.Tactic.Linter.OverlappingInstances.0.Mathlib.Linter.OverlappingInstances.initFn._@.Mathlib.Tactic.Linter.OverlappingInstances.4094535516._hygCtx._hyg.2 took 1.07ms
interpretation of _private.Mathlib.Tactic.Linter.OverlappingInstances.0.Mathlib.Linter.OverlappingInstances.initFn._@.Mathlib.Tactic.Linter.OverlappingInstances.4094535516._hygCtx._hyg.2._boxed took 6.11ms
interpretation of Mathlib.Linter.linter.privateModule took 7.62ms
interpretation of _private.Mathlib.Tactic.Linter.PrivateModule.0.Mathlib.Linter.initFn._@.Mathlib.Tactic.Linter.PrivateModule.3751228466._hygCtx._hyg.2 took 0.571ms
interpretation of _private.Mathlib.Tactic.Linter.PrivateModule.0.Mathlib.Linter.initFn._@.Mathlib.Tactic.Linter.PrivateModule.3751228466._hygCtx._hyg.2._boxed took 13ms
interpretation of Mathlib.Linter.UnusedTactic.allowedUnusedTacticExt took 12.3ms
interpretation of Mathlib.Linter.UnusedTactic.allowedRef took 43.1ms
interpretation of Mathlib.Linter.linter.unusedTactic took 6.76ms
interpretation of _private.Mathlib.Tactic.Linter.UnusedTactic.0.Mathlib.Linter.UnusedTactic.ignoreTacticKindsRef took 55ms
interpretation of _private.Mathlib.Tactic.Linter.UnusedTactic.0.Mathlib.Linter.UnusedTactic.initFn._@.Mathlib.Tactic.Linter.UnusedTactic.300650473._hygCtx._hyg.2 took 1.21ms
interpretation of _private.Mathlib.Tactic.Linter.UnusedTactic.0.Mathlib.Linter.UnusedTactic.initFn._@.Mathlib.Tactic.Linter.UnusedTactic.300650473._hygCtx._hyg.2._boxed took 17.3ms
interpretation of Mathlib.Linter.linter.style.setOption took 10.3ms
interpretation of _private.Mathlib.Tactic.Linter.Style.0.Mathlib.Linter.Style.setOption.initFn._@.Mathlib.Tactic.Linter.Style.3512398344._hygCtx._hyg.2 took 0.812ms
interpretation of _private.Mathlib.Tactic.Linter.Style.0.Mathlib.Linter.Style.setOption.initFn._@.Mathlib.Tactic.Linter.Style.3512398344._hygCtx._hyg.2._boxed took 17.4ms
interpretation of Mathlib.Linter.linter.style.missingEnd took 5.17ms
interpretation of _private.Mathlib.Tactic.Linter.Style.0.Mathlib.Linter.Style.missingEnd.initFn._@.Mathlib.Tactic.Linter.Style.3360231377._hygCtx._hyg.2 took 0.855ms
interpretation of _private.Mathlib.Tactic.Linter.Style.0.Mathlib.Linter.Style.missingEnd.initFn._@.Mathlib.Tactic.Linter.Style.3360231377._hygCtx._hyg.2._boxed took 7.54ms
interpretation of Mathlib.Linter.linter.style.cdot took 4.04ms
interpretation of _private.Mathlib.Tactic.Linter.Style.0.Mathlib.Linter.Style.initFn._@.Mathlib.Tactic.Linter.Style.1823831825._hygCtx._hyg.2 took 0.565ms
interpretation of _private.Mathlib.Tactic.Linter.Style.0.Mathlib.Linter.Style.initFn._@.Mathlib.Tactic.Linter.Style.1823831825._hygCtx._hyg.2._boxed took 6.16ms
interpretation of Mathlib.Linter.linter.style.dollarSyntax took 6.06ms
interpretation of _private.Mathlib.Tactic.Linter.Style.0.Mathlib.Linter.Style.dollarSyntax.initFn._@.Mathlib.Tactic.Linter.Style.1303717341._hygCtx._hyg.2 took 0.679ms
interpretation of _private.Mathlib.Tactic.Linter.Style.0.Mathlib.Linter.Style.dollarSyntax.initFn._@.Mathlib.Tactic.Linter.Style.1303717341._hygCtx._hyg.2._boxed took 6.83ms
interpretation of Mathlib.Linter.linter.style.lambdaSyntax took 4.05ms
interpretation of _private.Mathlib.Tactic.Linter.Style.0.Mathlib.Linter.Style.lambdaSyntax.initFn._@.Mathlib.Tactic.Linter.Style.1166937461._hygCtx._hyg.2 took 0.629ms
interpretation of _private.Mathlib.Tactic.Linter.Style.0.Mathlib.Linter.Style.lambdaSyntax.initFn._@.Mathlib.Tactic.Linter.Style.1166937461._hygCtx._hyg.2._boxed took 9.47ms
interpretation of Mathlib.Linter.linter.style.longFile took 4.89ms
interpretation of Mathlib.Linter.linter.style.longFileDefValue took 4.86ms
interpretation of _private.Mathlib.Tactic.Linter.Style.0.Mathlib.Linter.Style.longFile.initFn._@.Mathlib.Tactic.Linter.Style.3199531762._hygCtx._hyg.2 took 1.1ms
interpretation of _private.Mathlib.Tactic.Linter.Style.0.Mathlib.Linter.Style.longFile.initFn._@.Mathlib.Tactic.Linter.Style.3199531762._hygCtx._hyg.2._boxed took 10.4ms
interpretation of Mathlib.Linter.linter.style.longLine took 4.63ms
interpretation of Mathlib.Linter.linter.style.longLine.maxLineLength took 4.18ms
interpretation of _private.Mathlib.Tactic.Linter.Style.0.Mathlib.Linter.Style.longLine.initFn._@.Mathlib.Tactic.Linter.Style.724867545._hygCtx._hyg.2 took 0.623ms
interpretation of _private.Mathlib.Tactic.Linter.Style.0.Mathlib.Linter.Style.longLine.initFn._@.Mathlib.Tactic.Linter.Style.724867545._hygCtx._hyg.2._boxed took 7.55ms
interpretation of Mathlib.Linter.linter.style.nameCheck took 4.89ms
interpretation of _private.Mathlib.Tactic.Linter.Style.0.Mathlib.Linter.Style.nameCheck.initFn._@.Mathlib.Tactic.Linter.Style.1285535146._hygCtx._hyg.2 took 0.578ms
interpretation of _private.Mathlib.Tactic.Linter.Style.0.Mathlib.Linter.Style.nameCheck.initFn._@.Mathlib.Tactic.Linter.Style.1285535146._hygCtx._hyg.2._boxed took 10.1ms
interpretation of Mathlib.Linter.linter.style.openClassical took 5.65ms
interpretation of _private.Mathlib.Tactic.Linter.Style.0.Mathlib.Linter.Style.openClassical.initFn._@.Mathlib.Tactic.Linter.Style.273924139._hygCtx._hyg.2 took 0.935ms
interpretation of _private.Mathlib.Tactic.Linter.Style.0.Mathlib.Linter.Style.openClassical.initFn._@.Mathlib.Tactic.Linter.Style.273924139._hygCtx._hyg.2._boxed took 9.51ms
interpretation of Mathlib.Linter.linter.style.show took 5.58ms
interpretation of Mathlib.Linter.linter.style.whitespace took 7.07ms
interpretation of Mathlib.Linter.linter.style.whitespace.verbose took 4.57ms
interpretation of _private.Mathlib.Tactic.Linter.Whitespace.0.Mathlib.Linter.Style.Whitespace.initFn._@.Mathlib.Tactic.Linter.Whitespace.391367517._hygCtx._hyg.2 took 0.643ms
interpretation of _private.Mathlib.Tactic.Linter.Whitespace.0.Mathlib.Linter.Style.Whitespace.initFn._@.Mathlib.Tactic.Linter.Whitespace.391367517._hygCtx._hyg.2._boxed took 33.1ms
interpretation of linter.tacticAnalysis took 5.58ms
interpretation of Mathlib.TacticAnalysis.tacticAnalysisExt took 19.6ms
interpretation of _private.Mathlib.Tactic.TacticAnalysis.0.Mathlib.TacticAnalysis.initFn._@.Mathlib.Tactic.TacticAnalysis.2535838111._hygCtx._hyg.2 took 0.898ms
interpretation of _private.Mathlib.Tactic.TacticAnalysis.0.Mathlib.TacticAnalysis.initFn._@.Mathlib.Tactic.TacticAnalysis.2535838111._hygCtx._hyg.2._boxed took 23.8ms
interpretation of _private.Mathlib.Tactic.TacticAnalysis.0.Mathlib.TacticAnalysis.initFn._@.Mathlib.Tactic.TacticAnalysis.1736486024._hygCtx._hyg.2 took 0.619ms
interpretation of _private.Mathlib.Tactic.TacticAnalysis.0.Mathlib.TacticAnalysis.initFn._@.Mathlib.Tactic.TacticAnalysis.1736486024._hygCtx._hyg.2._boxed took 5.99ms
interpretation of linter.tacticAnalysis.dummy took 4.08ms
interpretation of linter.tacticAnalysis.regressions.linarithToGrind took 10ms
interpretation of linter.tacticAnalysis.regressions.ringToGrind took 3.52ms
interpretation of linter.tacticAnalysis.regressions.omegaToLia took 3.55ms
interpretation of linter.tacticAnalysis.omegaToLia took 2.12ms
interpretation of linter.tacticAnalysis.rwMerge took 2.48ms
interpretation of linter.tacticAnalysis.mergeWithGrind took 2.75ms
interpretation of linter.tacticAnalysis.terminalToGrind took 4.59ms
interpretation of linter.tacticAnalysis.tryAtEachStep.fraction took 6.89ms
interpretation of linter.tacticAnalysis.tryAtEachStep.showTiming took 4.08ms
interpretation of linter.tacticAnalysis.tryAtEachStep.selfReplacements took 2.83ms
interpretation of linter.tacticAnalysis.tryAtEachStepGrind took 2.6ms
interpretation of linter.tacticAnalysis.tryAtEachStepSimpAll took 2.46ms
interpretation of linter.tacticAnalysis.tryAtEachStepAesop took 2.7ms
interpretation of linter.tacticAnalysis.tryAtEachStepGrindSuggestions took 2.51ms
interpretation of linter.tacticAnalysis.tryAtEachStepSimpAllSuggestions took 2.93ms
interpretation of linter.tacticAnalysis.tryAtEachStepFromEnv took 4ms
interpretation of linter.tacticAnalysis.introMerge took 3.04ms
interpretation of linter.tacticAnalysis.verifyGrind took 2.59ms
interpretation of linter.tacticAnalysis.verifyGrindSuggestions took 2.59ms
interpretation of linter.tacticAnalysis.verifyGrindOnly took 3.66ms
interpretation of Batteries.Util.LibraryNote.libraryNoteExt took 15.2ms
interpretation of _private.Batteries.Util.ProofWanted.0.wantedInstancesExt took 16.2ms
interpretation of _private.Batteries.Util.ProofWanted.0.wantedArityExt took 11.6ms
interpretation of Batteries.Tactic.Lint.linter.simpNF.respectTransparency took 8.68ms
interpretation of _private.Batteries.Tactic.Lint.Frontend.0.Batteries.Tactic.Lint.initFn._@.Batteries.Tactic.Lint.Frontend.971841226._hygCtx._hyg.2 took 0.647ms
interpretation of _private.Batteries.Tactic.Lint.Frontend.0.Batteries.Tactic.Lint.initFn._@.Batteries.Tactic.Lint.Frontend.971841226._hygCtx._hyg.2._boxed took 22.9ms
interpretation of Mathlib.Linter.linter.dupNamespace took 8.64ms
interpretation of _private.Mathlib.Tactic.Linter.Lint.0.Mathlib.Linter.DupNamespaceLinter.initFn._@.Mathlib.Tactic.Linter.Lint.3996576634._hygCtx._hyg.2 took 0.655ms
interpretation of _private.Mathlib.Tactic.Linter.Lint.0.Mathlib.Linter.DupNamespaceLinter.initFn._@.Mathlib.Tactic.Linter.Lint.3996576634._hygCtx._hyg.2._boxed took 26.8ms
interpretation of linter.mathlibStandardSet took 5.98ms
interpretation of linter.nightlyRegressionSet took 4.28ms
interpretation of linter.weeklyLintSet took 3.53ms
interpretation of _private.Mathlib.Tactic.Widget.SelectInsertParamsClass.0.Lean.Elab.initFn._@.Mathlib.Tactic.Widget.SelectInsertParamsClass.1629491121._hygCtx._hyg.2 took 1.2ms
interpretation of _private.Mathlib.Tactic.Widget.SelectInsertParamsClass.0.Lean.Elab.initFn._@.Mathlib.Tactic.Widget.SelectInsertParamsClass.1629491121._hygCtx._hyg.2._boxed took 4.52ms
interpretation of ProofWidgets.runningRequests took 4.6ms
interpretation of _private.ProofWidgets.Cancellable.0.ProofWidgets.initFn._@.ProofWidgets.Cancellable.680169540._hygCtx._hyg.2 took 0.756ms
interpretation of _private.ProofWidgets.Cancellable.0.ProofWidgets.initFn._@.ProofWidgets.Cancellable.680169540._hygCtx._hyg.2._boxed took 18.5ms
interpretation of _private.Mathlib.Tactic.TacticAnalysis.0.Mathlib.TacticAnalysis.initFn._lam_5._@.Mathlib.Tactic.TacticAnalysis.358552301._hygCtx._hyg.2._boxed took 0.635ms
interpretation of coeNotation took 0.469ms
interpretation of coeFunNotation took 0.376ms
interpretation of coeSortNotation took 0.421ms
interpretation of Lean.Parser.Syntax.addPrec took 0.456ms
interpretation of Lean.Parser.Syntax.subPrec took 0.52ms
interpretation of Lean.Parser.Syntax.addPrio took 0.663ms
interpretation of Lean.Parser.Syntax.subPrio took 0.67ms
interpretation of precMax took 0.628ms
interpretation of precArg took 0.61ms
interpretation of precLead took 0.595ms
interpretation of prec(_) took 0.696ms
interpretation of precMin took 0.615ms
interpretation of precMin1 took 0.605ms
interpretation of termMax_prec took 0.597ms
interpretation of prioDefault took 0.401ms
interpretation of prioLow took 0.379ms
interpretation of prioMid took 0.364ms
interpretation of prioHigh took 0.377ms
interpretation of prio(_) took 0.35ms
interpretation of stx_+ took 0.369ms
interpretation of stx_* took 0.376ms
interpretation of stx_? took 0.35ms
interpretation of stx_<|>_ took 0.367ms
interpretation of stx_,* took 0.351ms
interpretation of stx_,+ took 0.368ms
interpretation of stx_,*,? took 0.358ms
interpretation of stx_,+,? took 0.383ms
interpretation of stx!_ took 0.365ms
interpretation of rawNatLit took 0.352ms
interpretation of term_∘_ took 0.366ms
interpretation of term_×_ took 0.512ms
interpretation of term_×'_ took 0.655ms
interpretation of term_∣_ took 0.401ms
interpretation of term_|||_ took 0.406ms
interpretation of term_^^^_ took 0.438ms
interpretation of term_&&&_ took 0.584ms
interpretation of term_+_ took 0.565ms
interpretation of term_-_ took 0.572ms
interpretation of term_*_ took 0.582ms
interpretation of term_/_ took 0.491ms
interpretation of term_%_ took 0.742ms
interpretation of term_<<<_ took 0.713ms
interpretation of term_>>>_ took 0.468ms
interpretation of term_^_ took 0.454ms
interpretation of term_++_ took 0.405ms
interpretation of term-_ took 0.389ms
interpretation of term~~~_ took 0.395ms
interpretation of term_⁻¹ took 0.574ms
interpretation of term_•_ took 0.676ms
interpretation of term_>=_ took 0.641ms
interpretation of term_<=_ took 0.621ms
interpretation of term_≤_ took 0.532ms
interpretation of term_<_ took 0.576ms
interpretation of term_≥_ took 0.652ms
interpretation of term_>_ took 0.434ms
interpretation of term_=_ took 0.403ms
interpretation of term_==_ took 0.379ms
interpretation of term_≍_ took 0.359ms
interpretation of term_∧_ took 0.431ms
interpretation of term_∨_ took 0.502ms
interpretation of term¬_ took 0.491ms
interpretation of term_&&_ took 0.609ms
interpretation of term_||_ took 0.448ms
interpretation of term!_ took 0.348ms
interpretation of term_∈_ took 0.366ms
interpretation of term_∉_ took 0.374ms
interpretation of term_::_ took 0.375ms
interpretation of term_<$>_ took 0.396ms
interpretation of term_>>=_ took 0.381ms
interpretation of term_<|>_ took 0.362ms
interpretation of term_>>_ took 0.378ms
interpretation of term_<*>_ took 0.371ms
interpretation of term_<*_ took 0.365ms
interpretation of term_*>_ took 0.362ms
interpretation of termDepIfThenElse took 0.37ms
interpretation of termIfThenElse took 0.352ms
interpretation of termIfLet took 0.346ms
interpretation of boolIfThenElse took 0.358ms
interpretation of term_<|_ took 0.373ms
interpretation of term_|>_ took 0.391ms
interpretation of term_$__ took 0.357ms
interpretation of term{_:_//_} took 0.419ms
interpretation of termWithout_expected_type_ took 0.408ms
interpretation of Lean.byElab took 0.444ms
interpretation of Lean.rawStx.quot took 0.419ms
interpretation of Lean.withAnnotateTerm took 0.393ms
interpretation of Lean.modCast took 0.422ms
interpretation of Lean.deprecated took 0.419ms
interpretation of Lean.deprecated_arg took 0.394ms
interpretation of Lean.suggest_for took 0.422ms
interpretation of Lean.univ_out_params took 0.403ms
interpretation of Lean.Attr.coe took 0.392ms
interpretation of Lean.command_code_action took 0.439ms
interpretation of Lean.builtin_command_code_action took 0.492ms
interpretation of Lean.includeStr took 0.415ms
interpretation of Lean.runCmd took 0.379ms
interpretation of Lean.runElab took 0.371ms
interpretation of Lean.runMeta took 0.349ms
interpretation of Lean.reduceCmd took 0.364ms
interpretation of Lean.guardMsgsCmd took 0.377ms
interpretation of Lean.guardPanicCmd took 0.374ms
interpretation of Lean.infoTreesCmd took 0.379ms
interpretation of Lean.setLibrarySuggestionsCmd took 0.406ms
interpretation of Lean.Parser.checkTactic took 0.427ms
interpretation of Lean.Parser.checkTacticFailure took 0.403ms
interpretation of Lean.Parser.checkSimp took 0.379ms
interpretation of Lean.Parser.checkSimpFailure took 0.435ms
interpretation of Lean.Parser.timeCmd took 0.379ms
interpretation of Lean.Parser.discrTreeKeyCmd took 0.381ms
interpretation of Lean.Parser.discrTreeSimpKeyCmd took 0.416ms
interpretation of Lean.Parser.commandSeal__ took 0.409ms
interpretation of Lean.Parser.commandUnseal__ took 0.542ms
interpretation of Lean.Parser.Tactic.as_aux_lemma took 0.666ms
interpretation of Lean.Parser.Tactic.withAnnotateState took 0.735ms
interpretation of Lean.Parser.Tactic.intro took 0.969ms
interpretation of Lean.Parser.Tactic.intros took 0.769ms
interpretation of Lean.Parser.Tactic.rename took 0.75ms
interpretation of Lean.Parser.Tactic.revert took 0.588ms
interpretation of Lean.Parser.Tactic.clear took 0.606ms
interpretation of Lean.Parser.Tactic.clearValue took 0.413ms
interpretation of Lean.Parser.Tactic.subst took 0.497ms
interpretation of Lean.Parser.Tactic.substVars took 0.666ms
interpretation of Lean.Parser.Tactic.assumption took 0.795ms
interpretation of Lean.Parser.Tactic.contradiction took 0.791ms
interpretation of Lean.Parser.Tactic.falseOrByContra took 0.676ms
interpretation of Lean.Parser.Tactic.apply took 0.467ms
interpretation of Lean.Parser.Tactic.exact took 0.412ms
interpretation of Lean.Parser.Tactic.refine took 0.464ms
interpretation of Lean.Parser.Tactic.refine' took 0.394ms
interpretation of Lean.Parser.Tactic.tacticExfalso took 0.396ms
interpretation of Lean.Parser.Tactic.constructor took 0.382ms
interpretation of Lean.Parser.Tactic.left took 0.369ms
interpretation of Lean.Parser.Tactic.right took 0.388ms
interpretation of Lean.Parser.Tactic.case took 0.376ms
interpretation of Lean.Parser.Tactic.case' took 0.408ms
interpretation of Lean.Parser.Tactic.tacticNext_=>_ took 0.43ms
interpretation of Lean.Parser.Tactic.allGoals took 0.383ms
interpretation of Lean.Parser.Tactic.anyGoals took 0.398ms
interpretation of Lean.Parser.Tactic.focus took 0.407ms
interpretation of Lean.Parser.Tactic.skip took 0.377ms
interpretation of Lean.Parser.Tactic.done took 0.372ms
interpretation of Lean.Parser.Tactic.traceState took 0.379ms
interpretation of Lean.Parser.Tactic.traceMessage took 0.395ms
interpretation of Lean.Parser.Tactic.failIfSuccess took 0.406ms
interpretation of Lean.Parser.Tactic.paren took 0.382ms
interpretation of Lean.Parser.Tactic.withReducible took 0.384ms
interpretation of Lean.Parser.Tactic.withReducibleAndInstances took 0.416ms
interpretation of Lean.Parser.Tactic.withImplicit took 0.398ms
interpretation of Lean.Parser.Tactic.withUnfoldingAll took 0.4ms
interpretation of Lean.Parser.Tactic.withUnfoldingNone took 0.389ms
interpretation of Lean.Parser.Tactic.first took 0.4ms
interpretation of Lean.Parser.Tactic.rotateLeft took 0.465ms
interpretation of Lean.Parser.Tactic.rotateRight took 0.696ms
interpretation of Lean.Parser.Tactic.tacticTry_ took 0.545ms
interpretation of Lean.Parser.Tactic.tactic_<;>_ took 0.487ms
interpretation of Lean.Parser.Tactic.fail took 0.42ms
interpretation of Lean.Parser.Tactic.eqRefl took 0.409ms
interpretation of Lean.Parser.Tactic.tacticRfl took 0.452ms
interpretation of Lean.Parser.Tactic.applyRfl took 0.411ms
interpretation of Lean.Parser.Tactic.tacticRfl' took 0.584ms
interpretation of Lean.Parser.Tactic.acRfl took 0.435ms
interpretation of Lean.Parser.Tactic.tacticSorry took 0.435ms
interpretation of Lean.Parser.Tactic.tacticAdmit took 0.405ms
interpretation of Lean.Parser.Tactic.tacticInfer_instance took 0.409ms
interpretation of Lean.Parser.Tactic.change took 0.382ms
interpretation of Lean.Parser.Tactic.show took 0.377ms
interpretation of Lean.Parser.Tactic.extractLets took 0.447ms
interpretation of Lean.Parser.Tactic.liftLets took 0.439ms
interpretation of Lean.Parser.Tactic.letToHave took 0.468ms
interpretation of Lean.Parser.Tactic.rewriteSeq took 0.481ms
interpretation of Lean.Parser.Tactic.rwSeq took 0.414ms
interpretation of Lean.Parser.Tactic.tacticRwa__ took 0.415ms
interpretation of Lean.Parser.Tactic.injection took 0.415ms
interpretation of Lean.Parser.Tactic.injections took 0.433ms
interpretation of Lean.Parser.Tactic.simp took 0.426ms
interpretation of Lean.Parser.Tactic.simpAll took 0.454ms
interpretation of Lean.Parser.Tactic.dsimp took 0.412ms
interpretation of Lean.Parser.Tactic.simpTrace took 0.46ms
interpretation of Lean.Parser.Tactic.tacticSimp?!_ took 0.466ms
interpretation of Lean.Parser.Tactic.simpAllTrace took 0.726ms
interpretation of Lean.Parser.Tactic.tacticSimp_all?!_ took 0.665ms
interpretation of Lean.Parser.Tactic.dsimpTrace took 0.626ms
interpretation of Lean.Parser.Tactic.tacticDsimp?!_ took 0.562ms
interpretation of Lean.Parser.Tactic.simpa took 0.519ms
interpretation of Lean.Parser.Tactic.simpaUsingBang took 0.549ms
interpretation of Lean.Parser.Tactic.tacticSimpa!_ took 0.474ms
interpretation of Lean.Parser.Tactic.tacticSimpa?_ took 0.44ms
interpretation of Lean.Parser.Tactic.tacticSimpa?!_ took 0.699ms
interpretation of Lean.Parser.Tactic.tacticSimpa!__1 took 0.936ms
interpretation of Lean.Parser.Tactic.tacticSimpa?__1 took 0.891ms
interpretation of Lean.Parser.Tactic.tacticSimpa?!__1 took 0.549ms
interpretation of Lean.Parser.Tactic.delta took 0.459ms
interpretation of Lean.Parser.Tactic.unfold took 0.39ms
interpretation of Lean.Parser.Tactic.tacticRefine_lift_ took 0.408ms
interpretation of Lean.Parser.Tactic.tacticHave__ took 0.417ms
interpretation of Lean.Parser.Tactic.tacticSuffices_ took 0.404ms
interpretation of Lean.Parser.Tactic.tacticLet__ took 0.466ms
interpretation of Lean.Parser.Tactic.letrec took 0.388ms
interpretation of Lean.Parser.Tactic.tacticRefine_lift'_ took 0.684ms
interpretation of Lean.Parser.Tactic.tacticHave' took 0.699ms
interpretation of Lean.Parser.Tactic.tacticLet'__ took 0.752ms
interpretation of Lean.Parser.Tactic.induction took 0.501ms
interpretation of Lean.Parser.Tactic.generalize took 0.425ms
interpretation of Lean.Parser.Tactic.cases took 0.418ms
interpretation of Lean.Parser.Tactic.funInduction took 0.413ms
interpretation of Lean.Parser.Tactic.funCases took 0.415ms
interpretation of Lean.Parser.Tactic.renameI took 0.397ms
interpretation of Lean.Parser.Tactic.tacticRepeat_ took 0.432ms
interpretation of Lean.Parser.Tactic.repeat' took 0.396ms
interpretation of Lean.Parser.Tactic.repeat1' took 0.411ms
interpretation of Lean.Parser.Tactic.tacticTrivial took 0.55ms
interpretation of Lean.Parser.Tactic.classical took 0.648ms
interpretation of Lean.Parser.Tactic.impossible took 0.483ms
interpretation of Lean.Parser.Tactic.split took 0.38ms
interpretation of Lean.Parser.Tactic.dbgTrace took 0.396ms
interpretation of Lean.Parser.Tactic.tacticStop_ took 0.42ms
interpretation of Lean.Parser.Tactic.tacticUnhygienic_ took 0.399ms
interpretation of Lean.Parser.Tactic.sleep took 0.382ms
interpretation of Lean.Parser.Tactic.tacticExists_,, took 0.416ms
interpretation of Lean.Parser.Tactic.congr took 0.388ms
interpretation of Lean.Parser.Tactic.tacIfThenElse took 0.39ms
interpretation of Lean.Parser.Tactic.tacDepIfThenElse took 0.391ms
interpretation of Lean.Parser.Tactic.tacticNofun took 0.385ms
interpretation of Lean.Parser.Tactic.tacticNomatch_,, took 0.603ms
interpretation of Lean.Parser.Tactic.replace took 0.67ms
interpretation of Lean.Parser.Tactic.specialize took 0.68ms
interpretation of Lean.Parser.Tactic.tacticAnd_intros took 0.671ms
interpretation of Lean.Parser.Tactic.substEqs took 0.512ms
interpretation of Lean.Parser.Tactic.runTac took 0.461ms
interpretation of Lean.Parser.Tactic.tacticHaveI__ took 0.487ms
interpretation of Lean.Parser.Tactic.tacticLetI__ took 0.446ms
interpretation of Lean.Parser.Tactic.decide took 0.42ms
interpretation of Lean.Parser.Tactic.nativeDecide took 0.43ms
interpretation of Lean.Parser.Tactic.omega took 0.398ms
interpretation of Lean.Parser.Tactic.tacticBv_omega took 0.407ms
interpretation of Lean.Parser.Tactic.acNf0 took 0.4ms
interpretation of Lean.Parser.Tactic.normCast0 took 0.422ms
interpretation of Lean.Parser.Tactic.tacticAssumption_mod_cast_ took 0.459ms
interpretation of Lean.Parser.Tactic.tacticNorm_cast__ took 0.441ms
interpretation of Lean.Parser.Tactic.pushCast took 0.409ms
interpretation of Lean.Parser.Tactic.normCastAddElim took 0.394ms
interpretation of Lean.Parser.Tactic.tacticAc_nf_ took 0.411ms
interpretation of Lean.Parser.Tactic.symm took 0.377ms
interpretation of Lean.Parser.Tactic.symmSaturate took 0.408ms
interpretation of Lean.Parser.Tactic.solveByElim took 0.534ms
interpretation of Lean.Parser.Tactic.applyAssumption took 0.458ms
interpretation of Lean.Parser.Tactic.applyRules took 0.421ms
interpretation of Lean.Parser.Tactic.exact? took 0.43ms
interpretation of Lean.Parser.Tactic.apply? took 0.508ms
interpretation of Lean.Parser.Tactic.rewrites? took 0.674ms
interpretation of Lean.Parser.Tactic.showTerm took 0.624ms
interpretation of Lean.Parser.Tactic.showTermElab took 0.49ms
interpretation of Lean.Parser.Tactic.by? took 0.424ms
interpretation of Lean.Parser.Tactic.exposeNames took 0.443ms
interpretation of Lean.Parser.Tactic.suggestions took 0.535ms
interpretation of Lean.Parser.Tactic.bvCheck took 0.394ms
interpretation of Lean.Parser.Tactic.bvDecide took 0.681ms
interpretation of Lean.Parser.Tactic.bvTrace took 0.8ms
interpretation of Lean.Parser.Tactic.bvNormalize took 0.644ms
interpretation of Lean.Parser.Tactic.massumptionMacro took 0.708ms
interpretation of Lean.Parser.Tactic.mclearMacro took 0.637ms
interpretation of Lean.Parser.Tactic.mconstructorMacro took 0.442ms
interpretation of Lean.Parser.Tactic.mexactMacro took 0.401ms
interpretation of Lean.Parser.Tactic.mexfalsoMacro took 0.402ms
interpretation of Lean.Parser.Tactic.mexistsMacro took 0.418ms
interpretation of Lean.Parser.Tactic.mframeMacro took 0.404ms
interpretation of Lean.Parser.Tactic.mhaveMacro took 0.388ms
interpretation of Lean.Parser.Tactic.mreplaceMacro took 0.403ms
interpretation of Lean.Parser.Tactic.mleftMacro took 0.385ms
interpretation of Lean.Parser.Tactic.mrightMacro took 0.397ms
interpretation of Lean.Parser.Tactic.mpureMacro took 0.381ms
interpretation of Lean.Parser.Tactic.mpureIntroMacro took 0.411ms
interpretation of Lean.Parser.Tactic.mrevertMacro took 0.491ms
interpretation of Lean.Parser.Tactic.mrenameIMacro took 0.436ms
interpretation of Lean.Parser.Tactic.mspecializeMacro took 0.447ms
interpretation of Lean.Parser.Tactic.mspecializePureMacro took 0.481ms
interpretation of Lean.Parser.Tactic.mstartMacro took 0.649ms
interpretation of Lean.Parser.Tactic.mstopMacro took 0.481ms
interpretation of Lean.Parser.Tactic.mleaveMacro took 0.394ms
interpretation of Lean.Parser.Tactic.mcasesMacro took 0.433ms
interpretation of Lean.Parser.Tactic.mrefineMacro took 0.436ms
interpretation of Lean.Parser.Tactic.mintroMacro took 0.393ms
interpretation of Lean.Parser.Tactic.mspecMacro took 0.381ms
interpretation of Lean.Parser.Tactic.mvcgenMacro took 0.402ms
interpretation of Lean.Parser.Tactic.vcgenMacro took 0.389ms
interpretation of Lean.Parser.Tactic.cbv took 0.359ms
interpretation of Lean.Parser.Tactic.decide_cbv took 0.415ms
interpretation of Lean.Parser.Attr.simp took 0.396ms
interpretation of Lean.Parser.Attr.wf_preprocess took 0.381ms
interpretation of Lean.Parser.Attr.method_specs_simp took 0.398ms
interpretation of Lean.Parser.Attr.cbv_eval took 0.384ms
interpretation of Lean.Parser.Attr.norm_cast took 0.383ms
interpretation of term‹_› took 0.38ms
interpretation of tacticGet_elem_tactic_extensible took 0.413ms
interpretation of tacticGet_elem_tactic_trivial took 0.458ms
interpretation of tacticGet_elem_tactic took 0.419ms
interpretation of Lean.Parser.Syntax.exact? took 0.504ms
interpretation of term_<->_ took 0.562ms
interpretation of term_↔_ took 0.614ms
interpretation of term_⊕_ took 0.627ms
interpretation of term_⊕'_ took 0.642ms
interpretation of term_≈_ took 0.447ms
interpretation of term_⊆_ took 0.387ms
interpretation of term_⊂_ took 0.359ms
interpretation of term_⊇_ took 0.356ms
interpretation of term_⊃_ took 0.358ms
interpretation of term_∪_ took 0.362ms
interpretation of term_∩_ took 0.367ms
interpretation of term_\_ took 0.343ms
interpretation of term{} took 0.361ms
interpretation of term∅ took 0.413ms
interpretation of term_!=_ took 0.371ms
interpretation of term_≠_ took 0.425ms
interpretation of term_<&>_ took 0.412ms
interpretation of term_<||>_ took 0.394ms
interpretation of term_<&&>_ took 0.394ms
interpretation of term_>=>_ took 0.59ms
interpretation of term_<=<_ took 0.639ms
interpretation of term_=<<_ took 0.663ms
interpretation of Lean.Parser.resetGrindAttrs took 0.788ms
interpretation of Lean.Parser.Attr.grind took 0.461ms
interpretation of Lean.Parser.Attr.grind! took 0.459ms
interpretation of Lean.Parser.Attr.grind? took 0.417ms
interpretation of Lean.Parser.Attr.grind!? took 0.412ms
interpretation of Lean.Parser.Attr.lia took 0.747ms
interpretation of Lean.Parser.Attr.lia! took 0.787ms
interpretation of Lean.Parser.Attr.lia? took 0.594ms
interpretation of Lean.Parser.Attr.lia!? took 0.678ms
interpretation of Lean.Parser.Tactic.Grind.grind_filter.quot took 0.628ms
interpretation of Lean.Parser.Tactic.Grind.grind_filter_ took 0.416ms
interpretation of Lean.Parser.Tactic.Grind.grind_filterGen<_ took 0.5ms
interpretation of Lean.Parser.Tactic.Grind.grind_filterGen=_ took 0.435ms
interpretation of Lean.Parser.Tactic.Grind.grind_filterGen!=_ took 0.443ms
interpretation of Lean.Parser.Tactic.Grind.grind_filterGen≤_ took 0.446ms
interpretation of Lean.Parser.Tactic.Grind.grind_filterGen<=_ took 0.428ms
interpretation of Lean.Parser.Tactic.Grind.grind_filterGen>_ took 0.436ms
interpretation of Lean.Parser.Tactic.Grind.grind_filterGen≥_ took 0.441ms
interpretation of Lean.Parser.Tactic.Grind.grind_filterGen>=_ took 0.433ms
interpretation of Lean.Parser.Tactic.Grind.grind_filter(_) took 0.43ms
interpretation of Lean.Parser.Tactic.Grind.grind_filter_&&_ took 0.433ms
interpretation of Lean.Parser.Tactic.Grind.grind_filter_||_ took 0.433ms
interpretation of Lean.Parser.Tactic.Grind.grind_filter!_ took 0.428ms
interpretation of Lean.Parser.Tactic.Grind.grind.quot took 0.398ms
interpretation of Lean.Parser.Tactic.Grind.paren took 0.399ms
interpretation of Lean.Parser.Tactic.Grind.skip took 0.374ms
interpretation of Lean.Parser.Tactic.Grind.lia took 0.388ms
interpretation of Lean.Parser.Tactic.Grind.ring took 0.386ms
interpretation of Lean.Parser.Tactic.Grind.ac took 0.378ms
interpretation of Lean.Parser.Tactic.Grind.linarith took 0.394ms
interpretation of Lean.Parser.Tactic.Grind.sorry took 0.378ms
interpretation of Lean.Parser.Tactic.Grind.instantiate took 0.418ms
interpretation of Lean.Parser.Tactic.Grind.use took 0.458ms
interpretation of Lean.Parser.Tactic.Grind.showAsserted took 0.508ms
interpretation of Lean.Parser.Tactic.Grind.showTrue took 0.461ms
interpretation of Lean.Parser.Tactic.Grind.showFalse took 0.409ms
interpretation of Lean.Parser.Tactic.Grind.showEqcs took 0.432ms
interpretation of Lean.Parser.Tactic.Grind.showCases took 0.421ms
interpretation of Lean.Parser.Tactic.Grind.showState took 0.41ms
interpretation of Lean.Parser.Tactic.Grind.showLocalThms took 0.413ms
interpretation of Lean.Parser.Tactic.Grind.showTerm took 0.4ms
interpretation of Lean.Parser.Tactic.Grind.showGoals took 0.641ms
interpretation of Lean.Parser.Tactic.Grind.grind_ref.quot took 0.738ms
interpretation of Lean.Parser.Tactic.Grind.grind_ref_ took 0.649ms
interpretation of Lean.Parser.Tactic.Grind.grind_ref__/__ took 0.533ms
interpretation of Lean.Parser.Tactic.Grind.grind_ref__1 took 0.406ms
interpretation of Lean.Parser.Tactic.Grind.cases took 0.384ms
interpretation of Lean.Parser.Tactic.Grind.casesTrace took 0.395ms
interpretation of Lean.Parser.Tactic.Grind.casesNext took 0.404ms
interpretation of Lean.Parser.Tactic.Grind.done took 0.397ms
interpretation of Lean.Parser.Tactic.Grind.finish took 0.41ms
interpretation of Lean.Parser.Tactic.Grind.finishTrace took 0.416ms
interpretation of Lean.Parser.Tactic.Grind.have took 0.4ms
interpretation of Lean.Parser.Tactic.Grind.nestedTacticCore took 0.432ms
interpretation of Lean.Parser.Tactic.Grind.allGoals took 0.423ms
interpretation of Lean.Parser.Tactic.Grind.focus took 0.405ms
interpretation of Lean.Parser.Tactic.Grind.next took 0.395ms
interpretation of Lean.Parser.Tactic.Grind.grind·_ took 0.69ms
interpretation of Lean.Parser.Tactic.Grind.case took 0.603ms
interpretation of Lean.Parser.Tactic.Grind.anyGoals took 0.521ms
interpretation of Lean.Parser.Tactic.Grind.withAnnotateState took 0.53ms
interpretation of Lean.Parser.Tactic.Grind.grind_<;>_ took 0.611ms
interpretation of Lean.Parser.Tactic.Grind.first took 0.42ms
interpretation of Lean.Parser.Tactic.Grind.grindTry_ took 0.459ms
interpretation of Lean.Parser.Tactic.Grind.failIfSuccess took 0.518ms
interpretation of Lean.Parser.Tactic.Grind.grindAdmit took 0.435ms
interpretation of Lean.Parser.Tactic.Grind.fail took 0.923ms
interpretation of Lean.Parser.Tactic.Grind.grindRepeat_ took 1.75ms
interpretation of Lean.Parser.Tactic.Grind.renameI took 0.647ms
interpretation of Lean.Parser.Tactic.Grind.exposeNames took 0.603ms
interpretation of Lean.Parser.Tactic.Grind.setOption took 0.508ms
interpretation of Lean.Parser.Tactic.Grind.setConfig took 0.648ms
interpretation of Lean.Parser.Tactic.Grind.haveSilent took 0.707ms
interpretation of Lean.Parser.Tactic.Grind.mbtc took 0.507ms
interpretation of Lean.Parser.Tactic.Grind.symIntro took 0.443ms
interpretation of Lean.Parser.Tactic.Grind.symIntroLight took 0.423ms
interpretation of Lean.Parser.Tactic.Grind.symIntros took 0.4ms
interpretation of Lean.Parser.Tactic.Grind.symIntrosLight took 0.405ms
interpretation of Lean.Parser.Tactic.Grind.symApply took 0.399ms
interpretation of Lean.Parser.Tactic.Grind.symInternalize took 0.452ms
interpretation of Lean.Parser.Tactic.Grind.symInternalizeAll took 0.418ms
interpretation of Lean.Parser.Tactic.Grind.symByContra took 0.402ms
interpretation of Lean.Parser.Tactic.Grind.symSimp took 0.396ms
interpretation of Lean.Parser.Tactic.Grind.symDSimp took 0.391ms
interpretation of Lean.Parser.Tactic.Grind.symRw took 0.383ms
interpretation of Lean.Parser.Tactic.Grind.grindExact_ took 0.407ms
interpretation of Lean.Parser.Tactic.Grind.symCbv took 0.396ms
interpretation of Lean.Parser.Tactic.Grind.bvNormalize took 0.446ms
interpretation of Lean.Parser.Tactic.Grind.bvDecide took 0.392ms
interpretation of Lean.Parser.Tactic.Grind.bvTrace took 0.404ms
interpretation of Lean.Parser.Tactic.Grind.bvCheck took 0.417ms
interpretation of Lean.Parser.Tactic.grind took 0.833ms
interpretation of Lean.Parser.Tactic.grindTrace took 0.438ms
interpretation of Lean.Parser.Tactic.sym took 0.417ms
interpretation of Lean.Parser.Tactic.cutsat took 0.397ms
interpretation of Lean.Parser.Tactic.lia took 0.379ms
interpretation of Lean.Parser.Tactic.grind_order took 0.411ms
interpretation of Lean.Parser.Tactic.grind_linarith took 0.411ms
interpretation of Lean.Parser.Tactic.grobner took 0.381ms
interpretation of Int.term-[_+1] took 0.395ms
interpretation of term[_] took 0.371ms
interpretation of term%[_|_] took 0.378ms
interpretation of List.term_<+_ took 0.423ms
interpretation of List.term_<+:_ took 0.382ms
interpretation of List.term_<:+_ took 0.38ms
interpretation of List.term_<:+:_ took 0.388ms
interpretation of List.term_~_ took 0.38ms
interpretation of tacticSimp_wf took 0.378ms
interpretation of tacticClean_wf took 0.355ms
interpretation of tacticDecreasing_trivial took 0.478ms
interpretation of tacticDecreasing_trivial_pre_omega took 0.406ms
interpretation of tacticDecreasing_with_ took 0.38ms
interpretation of tacticDecreasing_tactic took 0.373ms
interpretation of term__[_] took 0.379ms
interpretation of term__[_]'_ took 0.47ms
interpretation of term__[_]_? took 0.396ms
interpretation of term__[_]_! took 0.37ms
interpretation of term#[_,] took 0.456ms
interpretation of Lean.termEval_prec_ took 0.375ms
interpretation of Lean.termEval_prio_ took 0.384ms
interpretation of Lean.Parser.Tactic.tacticErw___ took 0.539ms
interpretation of Lean.Parser.Tactic.declareSimpLikeTactic took 0.513ms
interpretation of Lean.Parser.Tactic.simpAutoUnfold took 0.554ms
interpretation of Lean.Parser.Tactic.simpArith took 0.404ms
interpretation of Lean.Parser.Tactic.simpArithBang took 0.684ms
interpretation of Lean.Parser.Tactic.simpAllAutoUnfold took 0.645ms
interpretation of Lean.Parser.Tactic.simpAllArith took 0.916ms
interpretation of Lean.Parser.Tactic.simpAllArithBang took 0.866ms
interpretation of Lean.Parser.Tactic.dsimpAutoUnfold took 0.794ms
interpretation of Lean.Parser.Tactic.tacticIterate____ took 0.833ms
interpretation of Lean.Parser.Tactic.tacticRw_mod_cast___ took 0.755ms
interpretation of Lean.Parser.Tactic.tacticExact_mod_cast_ took 0.759ms
interpretation of Lean.Parser.Tactic.tacticApply_mod_cast_ took 0.687ms
interpretation of tacticBy_cases_:_ took 0.667ms
interpretation of Lean.Parser.Tactic.rcasesPat.quot took 0.716ms
interpretation of Lean.Parser.Tactic.rcasesPat.one took 0.664ms
interpretation of Lean.Parser.Tactic.rcasesPat.ignore took 0.647ms
interpretation of Lean.Parser.Tactic.rcasesPat.clear took 0.646ms
interpretation of Lean.Parser.Tactic.rcasesPat.explicit took 0.643ms
interpretation of Lean.Parser.Tactic.rcasesPat.tuple took 0.642ms
interpretation of Lean.Parser.Tactic.rcasesPat.paren took 0.453ms
interpretation of Lean.Parser.Tactic.rintroPat.quot took 0.447ms
interpretation of Lean.Parser.Tactic.rintroPat.one took 0.442ms
interpretation of Lean.Parser.Tactic.rintroPat.binder took 0.492ms
interpretation of Lean.Parser.Tactic.rcases took 0.464ms
interpretation of Lean.Parser.Tactic.obtain took 0.425ms
interpretation of Lean.Parser.Tactic.rintro took 0.435ms
interpretation of Lean.Parser.Tactic.Conv.conv.quot took 0.485ms
interpretation of Lean.Parser.Tactic.Conv.withAnnotateState took 0.51ms
interpretation of Lean.Parser.Tactic.Conv.skip took 0.46ms
interpretation of Lean.Parser.Tactic.Conv.cbv took 0.421ms
interpretation of Lean.Parser.Tactic.Conv.lhs took 0.467ms
interpretation of Lean.Parser.Tactic.Conv.rhs took 0.436ms
interpretation of Lean.Parser.Tactic.Conv.fun took 0.398ms
interpretation of Lean.Parser.Tactic.Conv.whnf took 0.623ms
interpretation of Lean.Parser.Tactic.Conv.zeta took 0.641ms
interpretation of Lean.Parser.Tactic.Conv.reduce took 0.611ms
interpretation of Lean.Parser.Tactic.Conv.congr took 0.512ms
interpretation of Lean.Parser.Tactic.Conv.arg took 0.432ms
interpretation of Lean.Parser.Tactic.Conv.ext took 0.407ms
interpretation of Lean.Parser.Tactic.Conv.change took 0.399ms
interpretation of Lean.Parser.Tactic.Conv.delta took 0.387ms
interpretation of Lean.Parser.Tactic.Conv.unfold took 0.39ms
interpretation of Lean.Parser.Tactic.Conv.pattern took 0.466ms
interpretation of Lean.Parser.Tactic.Conv.rewrite took 0.558ms
interpretation of Lean.Parser.Tactic.Conv.simp took 0.402ms
interpretation of Lean.Parser.Tactic.Conv.simpTrace took 0.419ms
interpretation of Lean.Parser.Tactic.Conv.dsimp took 0.58ms
interpretation of Lean.Parser.Tactic.Conv.dsimpTrace took 0.439ms
interpretation of Lean.Parser.Tactic.Conv.simpMatch took 0.403ms
interpretation of Lean.Parser.Tactic.Conv.clear took 0.407ms
interpretation of Lean.Parser.Tactic.Conv.nestedTacticCore took 0.421ms
interpretation of Lean.Parser.Tactic.Conv.nestedTactic took 0.417ms
interpretation of Lean.Parser.Tactic.Conv.convTactic took 0.393ms
interpretation of Lean.Parser.Tactic.Conv.nestedConv took 0.395ms
interpretation of Lean.Parser.Tactic.Conv.paren took 0.401ms
interpretation of Lean.Parser.Tactic.Conv.convRfl took 0.398ms
interpretation of Lean.Parser.Tactic.Conv.convDone took 0.42ms
interpretation of Lean.Parser.Tactic.Conv.convTrace_state took 0.391ms
interpretation of Lean.Parser.Tactic.Conv.allGoals took 0.448ms
interpretation of Lean.Parser.Tactic.Conv.anyGoals took 0.399ms
interpretation of Lean.Parser.Tactic.Conv.case took 0.387ms
interpretation of Lean.Parser.Tactic.Conv.case' took 0.394ms
interpretation of Lean.Parser.Tactic.Conv.convNext__=>_ took 0.706ms
interpretation of Lean.Parser.Tactic.Conv.focus took 0.672ms
interpretation of Lean.Parser.Tactic.Conv.convConvSeq took 0.731ms
interpretation of Lean.Parser.Tactic.Conv.conv·_ took 0.74ms
interpretation of Lean.Parser.Tactic.Conv.failIfSuccess took 0.768ms
interpretation of Lean.Parser.Tactic.Conv.convRw__ took 0.723ms
interpretation of Lean.Parser.Tactic.Conv.convErw__ took 0.662ms
interpretation of Lean.Parser.Tactic.Conv.convArgs took 0.651ms
interpretation of Lean.Parser.Tactic.Conv.convLeft took 0.65ms
interpretation of Lean.Parser.Tactic.Conv.convRight took 0.729ms
interpretation of Lean.Parser.Tactic.Conv.convIntro___ took 0.799ms
interpretation of Lean.Parser.Tactic.Conv.enter took 0.698ms
interpretation of Lean.Parser.Tactic.Conv.convApply_ took 0.722ms
interpretation of Lean.Parser.Tactic.Conv.first took 0.673ms
interpretation of Lean.Parser.Tactic.Conv.convTry_ took 0.681ms
interpretation of Lean.Parser.Tactic.Conv.conv_<;>_ took 0.586ms
interpretation of Lean.Parser.Tactic.Conv.convRepeat_ took 0.432ms
interpretation of Lean.Parser.Tactic.Conv.extractLets took 0.404ms
interpretation of Lean.Parser.Tactic.Conv.liftLets took 0.396ms
interpretation of Lean.Parser.Tactic.Conv.letToHave took 0.54ms
interpretation of Lean.Parser.Tactic.Conv.conv took 0.6ms
interpretation of Lean.Parser.Tactic.Conv.normCast took 0.61ms
interpretation of Lean.command__Unif_hint____Where_|_-⊢__ took 0.467ms
interpretation of term∃_,_ took 0.383ms
interpretation of termExists_,_ took 0.508ms
interpretation of termΣ_,_ took 0.588ms
interpretation of termΣ'_,_ took 0.596ms
interpretation of term_×__1 took 0.549ms
interpretation of term_×'__1 took 0.49ms
interpretation of Lean.calc took 0.478ms
interpretation of Lean.calcTactic took 0.559ms
interpretation of Lean.convCalc_ took 0.527ms
interpretation of tacticFunext___ took 0.427ms
interpretation of Lean.Parser.Command.classAbbrev took 0.44ms
interpretation of Lean.cdot took 0.439ms
interpretation of Lean.solveTactic took 0.408ms
interpretation of Lean.term_Matches_| took 0.382ms
interpretation of term{_} took 0.367ms
interpretation of Lean.Parser.Attr.ext took 0.421ms
interpretation of Lean.Elab.Tactic.Ext.ext took 0.446ms
interpretation of Lean.Elab.Tactic.Ext.applyExtTheorem took 0.392ms
interpretation of Lean.Elab.Tactic.Ext.tacticExt1___ took 0.421ms
interpretation of Lean.binderPred.quot took 0.381ms
interpretation of Lean.termSatisfies_binder_pred%__ took 0.42ms
interpretation of Lean.term∃__,_ took 0.397ms
interpretation of Lean.term∀__,_ took 0.384ms
interpretation of Lean.binderPred>_ took 0.481ms
interpretation of Lean.binderPred≥_ took 0.406ms
interpretation of Lean.binderPred<_ took 0.376ms
interpretation of Lean.binderPred≤_ took 0.395ms
interpretation of Lean.binderPred≠_ took 0.369ms
interpretation of Lean.binderPred∈_ took 0.378ms
interpretation of Lean.binderPred∉_ took 0.378ms
interpretation of Lean.binderPred⊆_ took 0.384ms
interpretation of Lean.binderPred⊂_ took 0.376ms
interpretation of Lean.binderPred⊇_ took 0.377ms
interpretation of Lean.binderPred⊃_ took 0.382ms
interpretation of Bool.term_^^_ took 0.416ms
interpretation of List.tacticSizeOf_list_dec took 0.386ms
interpretation of BitVec.term__#__ took 0.383ms
interpretation of BitVec.term__#'__ took 0.433ms
interpretation of Std.term_...* took 0.469ms
interpretation of Std.term*...* took 0.416ms
interpretation of Std.term_<...* took 0.378ms
interpretation of Std.term_...<_ took 0.385ms
interpretation of Std.term_..._ took 0.366ms
interpretation of Std.term*...<_ took 0.431ms
interpretation of Std.term*..._ took 0.395ms
interpretation of Std.term_<...<_ took 0.418ms
interpretation of Std.term_<..._ took 0.399ms
interpretation of Std.term_...=_ took 0.387ms
interpretation of Std.term*...=_ took 0.383ms
interpretation of Std.term_<...=_ took 0.639ms
interpretation of Vector.term#v[_,] took 0.801ms
interpretation of Std.Legacy.Range.term[:_] took 0.681ms
interpretation of Std.Legacy.Range.term[_:_] took 0.495ms
interpretation of Std.Legacy.Range.term[:_:_] took 0.588ms
interpretation of Std.Legacy.Range.term[_:_:_] took 0.446ms
interpretation of Array.term__[_:_] took 0.407ms
interpretation of Array.term__[_:] took 0.394ms
interpretation of Array.term__[:_] took 0.424ms
interpretation of String.Internal.tacticOrder took 0.391ms
interpretation of Array.tacticArray_get_dec took 0.661ms
interpretation of Array.tacticArray_mem_dec took 0.678ms
interpretation of Array.term_~_ took 0.641ms
interpretation of commandDeclare_uint_theorems__ took 0.564ms
interpretation of commandDeclare_bitwise_uint_theorems__ took 0.454ms
interpretation of commandDeclare_int_theorems__ took 0.407ms
interpretation of commandDeclare_bitwise_int_theorems__ took 0.498ms
interpretation of termPrintln!__ took 0.4ms
interpretation of termS!_ took 0.361ms
interpretation of Std.termF!_ took 0.381ms
interpretation of Vector.term_~_ took 0.367ms
interpretation of Rat.term_/._ took 0.425ms
interpretation of Lean.Parser.command_Grind_propagator___(_):=_ took 0.472ms
interpretation of Lean.Parser.command_Builtin_grind_propagator____:=_ took 0.464ms
interpretation of Lean.Parser.grindPropagatorBuiltinAttr took 0.407ms
interpretation of DerivingHelpers.tacticDeriving_ReflEq_tactic took 0.426ms
interpretation of tacticDeriving_LawfulEq_tactic_step took 0.412ms
interpretation of tacticDeriving_LawfulEq_tactic took 0.385ms
interpretation of Lean.Parser.Command.grindAnnotated took 0.412ms
interpretation of Lean.Grind.grindLintCheck took 0.436ms
interpretation of Lean.Grind.grindLintInspect took 0.391ms
interpretation of Lean.Grind.grindLintMute took 0.391ms
interpretation of Lean.Grind.grindLintSkip took 0.387ms
interpretation of Lean.Parser.Tactic.guardExpr took 0.425ms
interpretation of Lean.Parser.Tactic.guardExprConv took 0.394ms
interpretation of Lean.Parser.Tactic.guardTarget took 0.393ms
interpretation of Lean.Parser.Tactic.guardTargetConv took 0.431ms
interpretation of Lean.Parser.Tactic.guardHyp took 0.382ms
interpretation of Lean.Parser.Tactic.guardHypConv took 0.393ms
interpretation of Lean.Parser.Command.guardExprCmd took 0.401ms
interpretation of Lean.Parser.Command.guardCmd took 0.406ms
interpretation of Lean.Parser.command__Simproc__[_]_(_):=_ took 0.765ms
interpretation of Lean.Parser.command__Dsimproc__[_]_(_):=_ took 0.822ms
interpretation of Lean.Parser.command_Simproc_decl_(_):=_ took 0.798ms
interpretation of Lean.Parser.command_Dsimproc_decl_(_):=_ took 0.635ms
interpretation of Lean.Parser.command__Builtin_simproc__[_]_(_):=_ took 0.655ms
interpretation of Lean.Parser.command__Builtin_dsimproc__[_]_(_):=_ took 0.74ms
interpretation of Lean.Parser.command_Builtin_simproc_decl_(_):=_ took 0.495ms
interpretation of Lean.Parser.command_Builtin_dsimproc_decl_(_):=_ took 0.608ms
interpretation of Lean.Parser.simprocPattern took 0.493ms
interpretation of Lean.Parser.simprocPatternBuiltin took 0.462ms
interpretation of Lean.Parser.Attr.simprocAttr took 0.403ms
interpretation of Lean.Parser.Attr.sevalprocAttr took 0.459ms
interpretation of Lean.Parser.Attr.simprocBuiltinAttr took 0.438ms
interpretation of Lean.Parser.Attr.sevalprocBuiltinAttr took 0.409ms
interpretation of Lean.Parser.command__Cbv_simproc____(_):=_ took 0.458ms
interpretation of Lean.Parser.command_Cbv_simproc_decl_(_):=_ took 0.457ms
interpretation of Lean.Parser.command__Builtin_cbv_simproc____(_):=_ took 0.481ms
interpretation of Lean.Parser.command_Builtin_cbv_simproc_decl_(_):=_ took 0.706ms
interpretation of Lean.Parser.cbvSimprocPattern took 0.762ms
interpretation of Lean.Parser.cbvSimprocPatternBuiltin took 0.721ms
interpretation of Lean.Parser.Attr.cbvSimprocAttr took 0.699ms
interpretation of Lean.Parser.Attr.cbvSimprocBuiltinAttr took 0.668ms
interpretation of Lean.termMacro.trace[_]_ took 0.421ms
interpretation of Lean.Parser.Sym.Simp.sym_simproc.quot took 0.427ms
interpretation of Lean.Parser.Sym.Simp.sym_discharger.quot took 0.418ms
interpretation of Lean.Parser.Sym.Simp.ground took 0.397ms
interpretation of Lean.Parser.Sym.Simp.telescope took 0.428ms
interpretation of Lean.Parser.Sym.Simp.control took 0.412ms
interpretation of Lean.Parser.Sym.Simp.arrowTelescope took 0.62ms
interpretation of Lean.Parser.Sym.Simp.rewriteSet took 0.446ms
interpretation of Lean.Parser.Sym.Simp.rewriteInline took 0.403ms
interpretation of Lean.Parser.Sym.Simp.self took 0.621ms
interpretation of Lean.Parser.Sym.Simp.none took 0.498ms
interpretation of Lean.Parser.Sym.Simp.andThen took 0.43ms
interpretation of Lean.Parser.Sym.Simp.orElse took 0.464ms
interpretation of Lean.Parser.Sym.Simp.simprocParen took 0.45ms
interpretation of Lean.Parser.Sym.Simp.dischSelf took 0.497ms
interpretation of Lean.Parser.Sym.Simp.dischNone took 0.602ms
interpretation of Lean.Parser.Sym.Simp.dischParen took 0.449ms
interpretation of Lean.Parser.Sym.Simp.dischGrind took 0.488ms
interpretation of Lean.Parser.Command.sym_simp_field.quot took 0.523ms
interpretation of Lean.Parser.Command.symSimpFieldPre took 0.454ms
interpretation of Lean.Parser.Command.symSimpFieldPost took 0.454ms
interpretation of Lean.Parser.Command.symSimpFieldMaxSteps took 0.471ms
interpretation of Lean.Parser.Command.symSimpFieldMaxDischargeDepth took 0.513ms
interpretation of Lean.Parser.Command.registerSymSimp took 0.434ms
interpretation of Lean.Parser.Sym.DSimp.sym_dsimproc.quot took 0.492ms
interpretation of Lean.Parser.Sym.DSimp.none took 0.445ms
interpretation of Lean.Parser.Sym.DSimp.ground took 0.415ms
interpretation of Lean.Parser.Sym.DSimp.beta took 0.429ms
interpretation of Lean.Parser.Sym.DSimp.zeta took 0.423ms
interpretation of Lean.Parser.Sym.DSimp.zetaDelta took 0.507ms
interpretation of Lean.Parser.Sym.DSimp.proj took 0.677ms
interpretation of Lean.Parser.Sym.DSimp.reduceMatch took 0.676ms
interpretation of Lean.Parser.Sym.DSimp.andThen took 0.485ms
interpretation of Lean.Parser.Sym.DSimp.orElse took 0.448ms
interpretation of Lean.Parser.Sym.DSimp.dsimprocParen took 0.411ms
interpretation of Lean.Parser.Command.sym_dsimp_field.quot took 0.419ms
interpretation of Lean.Parser.Command.symDSimpFieldPre took 0.437ms
interpretation of Lean.Parser.Command.symDSimpFieldPost took 0.484ms
interpretation of Lean.Parser.Command.symDSimpFieldMaxSteps took 0.485ms
interpretation of Lean.Parser.Command.registerSymDSimp took 0.521ms
interpretation of Lean.Order.term_⊑_ took 0.496ms
interpretation of Lean.Order.term⊥ took 0.468ms
interpretation of Lean.Order.monotonicity took 0.383ms
interpretation of Lean.Parser.Tactic.tryTrace took 0.44ms
interpretation of Lean.Parser.Tactic.tryTraceWith took 0.506ms
interpretation of Lean.Parser.Tactic.attemptAll took 0.605ms
interpretation of Lean.Parser.Tactic.attemptAllPar took 0.541ms
interpretation of Lean.Parser.Tactic.firstPar took 0.433ms
interpretation of Lean.Parser.Tactic.tryResult took 0.454ms
interpretation of Lean.Parser.Command.registerTryTactic took 0.447ms
interpretation of tactic∎ took 0.445ms
interpretation of term∎ took 0.407ms
interpretation of Std.DHashMap.Raw.term_~m_ took 0.476ms
interpretation of Std.DHashMap.term_~m_ took 0.432ms
interpretation of Std.HashMap.term_~m_ took 0.53ms
interpretation of Std.HashSet.term_~m_ took 0.425ms
interpretation of Std.DTreeMap.Internal.Impl.tacticTree_tac took 0.451ms
interpretation of Std.DTreeMap.Internal.Impl.term✓ took 0.432ms
interpretation of Std.DTreeMap.Internal.Impl.term_~m_ took 0.478ms
interpretation of Std.DTreeMap.term_~m_ took 0.464ms
interpretation of Std.TreeMap.term_~m_ took 0.445ms
interpretation of Std.TreeSet.term_~m_ took 0.502ms
interpretation of Std.HashMap.Raw.term_~m_ took 0.437ms
interpretation of Lean.Option.registerBuiltinOption took 0.535ms
interpretation of Lean.Option.registerOption took 0.495ms
interpretation of Std.DTreeMap.Raw.term_~m_ took 0.462ms
interpretation of Std.TreeMap.Raw.term_~m_ took 0.483ms
interpretation of Lean.termM!_ took 0.457ms
interpretation of Lean.termThrowError__ took 0.5ms
interpretation of Lean.termThrowErrorAt____ took 0.556ms
interpretation of Lean.doElemTrace[_]__ took 0.48ms
interpretation of Lean.PrettyPrinter.Delaborator.attrApp_delab_ took 0.509ms
interpretation of Lean.termRegister_parser_alias(Kind:=_)______ took 0.873ms
interpretation of Lean.Doc.Syntax.arg_val.quot took 0.829ms
interpretation of Lean.Doc.Syntax.arg_str took 0.761ms
interpretation of Lean.Doc.Syntax.arg_ident took 0.763ms
interpretation of Lean.Doc.Syntax.arg_num took 0.684ms
interpretation of Lean.Doc.Syntax.doc_arg.quot took 0.442ms
interpretation of Lean.Doc.Syntax.anon took 0.409ms
interpretation of Lean.Doc.Syntax.named took 0.493ms
interpretation of Lean.Doc.Syntax.named_no_paren took 0.719ms
interpretation of Lean.Doc.Syntax.flag_on took 0.716ms
interpretation of Lean.Doc.Syntax.flag_off took 0.611ms
interpretation of Lean.Doc.Syntax.link_target.quot took 0.474ms
interpretation of Lean.Doc.Syntax.url took 0.418ms
interpretation of Lean.Doc.Syntax.ref took 0.391ms
interpretation of Lean.Doc.Syntax.inline.quot took 0.421ms
interpretation of Lean.Doc.Syntax.text took 0.411ms
interpretation of Lean.Doc.Syntax.emph took 0.402ms
interpretation of Lean.Doc.Syntax.bold took 0.409ms
interpretation of Lean.Doc.Syntax.link took 0.401ms
interpretation of Lean.Doc.Syntax.image took 0.4ms
interpretation of Lean.Doc.Syntax.footnote took 0.421ms
interpretation of Lean.Doc.Syntax.linebreak took 0.421ms
interpretation of Lean.Doc.Syntax.code took 0.42ms
interpretation of Lean.Doc.Syntax.role took 0.665ms
interpretation of Lean.Doc.Syntax.inline_math took 0.68ms
interpretation of Lean.Doc.Syntax.display_math took 0.778ms
interpretation of Lean.Doc.Syntax.block.quot took 0.693ms
interpretation of Lean.Doc.Syntax.list_item.quot took 0.751ms
interpretation of Lean.Doc.Syntax.li took 0.672ms
interpretation of Lean.Doc.Syntax.desc_item.quot took 0.636ms
interpretation of Lean.Doc.Syntax.desc took 0.43ms
interpretation of Lean.Doc.Syntax.para took 0.432ms
interpretation of Lean.Doc.Syntax.ul took 0.416ms
interpretation of Lean.Doc.Syntax.dl took 0.397ms
interpretation of Lean.Doc.Syntax.ol took 0.405ms
interpretation of Lean.Doc.Syntax.codeblock took 0.415ms
interpretation of Lean.Doc.Syntax.blockquote took 0.402ms
interpretation of Lean.Doc.Syntax.link_ref took 0.427ms
interpretation of Lean.Doc.Syntax.footnote_ref took 0.427ms
interpretation of Lean.Doc.Syntax.directive took 0.416ms
interpretation of Lean.Doc.Syntax.header took 0.413ms
interpretation of Lean.Doc.Syntax.metadata_block took 0.451ms
interpretation of Lean.Doc.Syntax.metadataContents took 0.43ms
interpretation of Lean.Doc.Syntax.command took 0.396ms
interpretation of Lean.Parser.Term.InternalSyntax.doSkip took 0.473ms
interpretation of Lean.Parser.Command.InternalSyntax.end_local_scope took 0.481ms
interpretation of Lean.Json.json.quot took 0.479ms
interpretation of Lean.Json.jsonNull took 0.406ms
interpretation of Lean.Json.jsonTrue took 0.394ms
interpretation of Lean.Json.jsonFalse took 0.395ms
interpretation of Lean.Json.json_ took 0.381ms
interpretation of Lean.Json.json-_ took 0.406ms
interpretation of Lean.Json.json-__1 took 0.508ms
interpretation of Lean.Json.json[_] took 0.646ms
interpretation of Lean.Json.json{_} took 0.625ms
interpretation of Lean.Json.termJson%_ took 0.714ms
interpretation of Lean.Linter.command_Register_linter_set_:=_ took 0.745ms
interpretation of adaptationNoteCmd took 10.1ms
interpretation of tactic#adaptation_note_ took 3.86ms
interpretation of adaptationNoteTermStx took 5.18ms
interpretation of lemma took 20.6ms
interpretation of Mathlib.Linter.HaveILetI.tacticHaveI__ took 11.6ms
interpretation of Mathlib.Linter.HaveILetI.tacticLetI__ took 6.62ms
interpretation of Lean.commandDeclare_uint_simprocs_ took 0.745ms
interpretation of Lean.commandDeclare_sint_simprocs_ took 0.522ms
interpretation of Lean.Parser.Command.registerSimpAttr took 0.451ms
interpretation of Batteries.Tactic.Lint.env_linter took 8.26ms
interpretation of Batteries.Tactic.Lint.nolint took 10.1ms
interpretation of Mathlib.Linter.UnusedTactic.command#allow_unused_tactic!___ took 33.4ms
interpretation of Mathlib.Linter.UnusedTactic.command#show_kind_ took 8.85ms
interpretation of Batteries.Tactic.unreachable took 6.81ms
interpretation of Batteries.Tactic.unreachableConv took 3.18ms
interpretation of Mathlib.Linter.Style.show took 7.95ms
interpretation of Mathlib.Command.MinImports.minImpsStx took 16.3ms
interpretation of Mathlib.Command.MinImports.command#min_importsIn_ took 6.12ms
interpretation of Mathlib.Tactic.ExtractGoal.extractGoal took 32.9ms
interpretation of Mathlib.GuardExceptions.parseCmd took 13.7ms
interpretation of Lean.Elab.Term.termSort* took 5.76ms
interpretation of Lean.Elab.Term.termType* took 4.79ms
interpretation of Batteries.Util.LibraryNote.commandLibrary_note___ took 20.2ms
interpretation of Batteries.Tactic.command#help_Option___ took 27.4ms
interpretation of Lean.Parser.rawIdent took 0.416ms
interpretation of Batteries.Tactic.command#help_AttrAttribute___ took 14.8ms
interpretation of Lean.Parser.rawIdent took 0.0042ms
interpretation of Batteries.Tactic.command#help_Cats___ took 6.98ms
interpretation of Lean.Parser.rawIdent took 0.0052ms
interpretation of Batteries.Tactic.command#help_Cat+______ took 19.4ms
interpretation of Lean.Parser.rawIdent took 0.0076ms
interpretation of Batteries.Tactic.command#help_Note___ took 13.7ms
interpretation of Lean.Parser.strLit took 0.66ms
interpretation of Batteries.Tactic.command#help_Term+____ took 10.6ms
interpretation of Lean.Parser.rawIdent took 0.0063ms
interpretation of Batteries.Tactic.command#help_Tactic+____ took 9.57ms
interpretation of Lean.Parser.rawIdent took 0.0062ms
interpretation of Batteries.Tactic.command#help_Conv+____ took 7.96ms
interpretation of Lean.Parser.rawIdent took 0.0035ms
interpretation of Batteries.Tactic.command#help_Command+____ took 7.83ms
interpretation of Lean.Parser.rawIdent took 0.0044ms
interpretation of wantedRef took 10.8ms
interpretation of theorem_wanted took 16.3ms
interpretation of proof_wanted took 6.63ms
interpretation of def_wanted took 6.46ms
interpretation of instance_wanted took 12ms
interpretation of command#find_home!_ took 11.5ms
interpretation of command#import_diff_ took 9.4ms
interpretation of command#min_imports took 3.66ms
interpretation of command#minimize_imports took 4.79ms
interpretation of command#redundant_imports took 4.51ms
interpretation of Lean.Elab.Command.openPrivate took 24.4ms
interpretation of Lean.Elab.Command.exportPrivate took 6.77ms
interpretation of Batteries.Tactic.Lint.command#lint+-*Only___ took 40.5ms
interpretation of Batteries.Tactic.Lint.command#list_linters took 4.91ms
interpretation of ProofWidgets.Jsx.proofWidgetsJsxElement.quot took 14.8ms
interpretation of ProofWidgets.Jsx.proofWidgetsJsxChild.quot took 7.14ms
interpretation of ProofWidgets.Jsx.proofWidgetsJsxAttr.quot took 7.03ms
interpretation of ProofWidgets.Jsx.proofWidgetsJsxAttrVal.quot took 8.47ms
interpretation of ProofWidgets.Jsx.proofWidgetsJsxAttrVal_ took 7.03ms
interpretation of ProofWidgets.Jsx.proofWidgetsJsxAttrVal{_} took 11.5ms
interpretation of ProofWidgets.Jsx.proofWidgetsJsxAttr_=_ took 7.4ms
interpretation of ProofWidgets.Jsx.proofWidgetsJsxAttr{..._} took 6.73ms
interpretation of ProofWidgets.Jsx.proofWidgetsJsxElement<__/> took 9.54ms
interpretation of ProofWidgets.Jsx.proofWidgetsJsxElement<__>_</_> took 13.3ms
interpretation of ProofWidgets.Jsx.proofWidgetsJsxChild_ took 4.4ms
interpretation of ProofWidgets.Jsx.jsxText took 10.6ms
interpretation of ProofWidgets.Jsx.proofWidgetsJsxChild{..._} took 5.55ms
interpretation of ProofWidgets.Jsx.proofWidgetsJsxChild{_} took 2.77ms
interpretation of ProofWidgets.Jsx.proofWidgetsJsxChild__1 took 2.58ms
interpretation of ProofWidgets.Jsx.term_ took 2.36ms
interpretation of Mathlib.Tactic.tacticNth_rewrite_____ took 22.8ms
interpretation of Mathlib.Tactic.tacticNth_rw_____ took 7.03ms
interpretation of ProofWidgets.termMk_rpc_widget%_ took 8.54ms
interpretation of theorem_wanted.formatter took 0.89ms
interpretation of proof_wanted.formatter took 0.625ms
interpretation of def_wanted.formatter took 0.612ms
interpretation of instance_wanted.formatter took 0.592ms
interpretation of theorem_wanted.parenthesizer took 0.679ms
interpretation of proof_wanted.parenthesizer took 0.598ms
interpretation of def_wanted.parenthesizer took 0.584ms
interpretation of instance_wanted.parenthesizer took 0.572ms
interpretation of ProofWidgets.Jsx.delabHtmlElement took 0.689ms
interpretation of ProofWidgets.Jsx.delabHtmlOfComponent took 0.611ms
interpretation of _aux_Init_Notation___unexpand_Function_comp_1 took 0.133ms
interpretation of _aux_Init_Notation___unexpand_Prod_1 took 0.092ms
interpretation of _aux_Init_Notation___unexpand_PProd_1 took 0.0915ms
interpretation of _aux_Init_Notation___unexpand_Dvd_dvd_1 took 0.12ms
interpretation of _aux_Init_Notation___unexpand_HOr_hOr_1 took 0.127ms
interpretation of _aux_Init_Notation___unexpand_HXor_hXor_1 took 0.135ms
interpretation of _aux_Init_Notation___unexpand_HAnd_hAnd_1 took 0.0895ms
interpretation of _aux_Init_Notation___unexpand_HAdd_hAdd_1 took 0.0853ms
interpretation of _aux_Init_Notation___unexpand_HSub_hSub_1 took 0.0856ms
interpretation of _aux_Init_Notation___unexpand_HMul_hMul_1 took 0.0861ms
interpretation of _aux_Init_Notation___unexpand_HDiv_hDiv_1 took 0.085ms
interpretation of _aux_Init_Notation___unexpand_HMod_hMod_1 took 0.0853ms
interpretation of _aux_Init_Notation___unexpand_HShiftLeft_hShiftLeft_1 took 0.0895ms
interpretation of _aux_Init_Notation___unexpand_HShiftRight_hShiftRight_1 took 0.0901ms
interpretation of _aux_Init_Notation___unexpand_HPow_hPow_1 took 0.0848ms
interpretation of _aux_Init_Notation___unexpand_HAppend_hAppend_1 took 0.0872ms
interpretation of _aux_Init_Notation___unexpand_Neg_neg_1 took 0.0863ms
interpretation of _aux_Init_Notation___unexpand_Complement_complement_1 took 0.0893ms
interpretation of _aux_Init_Notation___unexpand_Inv_inv_1 took 0.0951ms
interpretation of _aux_Init_Notation___unexpand_HSMul_hSMul_1 took 0.0864ms
interpretation of _aux_Init_Notation___unexpand_GE_ge_1 took 0.0849ms
interpretation of _aux_Init_Notation___unexpand_LE_le_1 took 0.0844ms
interpretation of _aux_Init_Notation___unexpand_LE_le_2 took 0.0842ms
interpretation of _aux_Init_Notation___unexpand_LT_lt_1 took 0.084ms
interpretation of _aux_Init_Notation___unexpand_GE_ge_2 took 0.0842ms
interpretation of _aux_Init_Notation___unexpand_GT_gt_1 took 0.0846ms
interpretation of _aux_Init_Notation___unexpand_Eq_1 took 0.0852ms
interpretation of _aux_Init_Notation___unexpand_BEq_beq_1 took 0.0861ms
interpretation of _aux_Init_Notation___unexpand_HEq_1 took 0.0837ms
interpretation of _aux_Init_Notation___unexpand_And_1 took 0.0835ms
interpretation of _aux_Init_Notation___unexpand_Or_1 took 0.09ms
interpretation of _aux_Init_Notation___unexpand_Not_1 took 0.0832ms
interpretation of _aux_Init_Notation___unexpand_Bool_and_1 took 0.0854ms
interpretation of _aux_Init_Notation___unexpand_Bool_or_1 took 0.0924ms
interpretation of _aux_Init_Notation___unexpand_Bool_not_1 took 0.0854ms
interpretation of _aux_Init_Notation___unexpand_Membership_mem_1 took 0.0874ms
interpretation of _aux_Init_Notation___unexpand_List_cons_1 took 0.0857ms
interpretation of _aux_Init_Notation___unexpand_Functor_map_1 took 0.0865ms
interpretation of _aux_Init_Notation___unexpand_Bind_bind_1 took 0.0853ms
interpretation of _aux_Init_Core___unexpand_Iff_1 took 0.0936ms
interpretation of _aux_Init_Core___unexpand_Iff_2 took 0.0832ms
interpretation of _aux_Init_Core___unexpand_Sum_1 took 0.0819ms
interpretation of _aux_Init_Core___unexpand_PSum_1 took 0.0838ms
interpretation of _aux_Init_Core___unexpand_HasEquiv_Equiv_1 took 0.0863ms
interpretation of _aux_Init_Core___unexpand_HasSubset_Subset_1 took 0.0876ms
interpretation of _aux_Init_Core___unexpand_HasSSubset_SSubset_1 took 0.0881ms
interpretation of _aux_Init_Core___unexpand_Superset_1 took 0.0867ms
interpretation of _aux_Init_Core___unexpand_SSuperset_1 took 0.0845ms
interpretation of _aux_Init_Core___unexpand_Union_union_1 took 0.0923ms
interpretation of _aux_Init_Core___unexpand_Inter_inter_1 took 0.0861ms
interpretation of _aux_Init_Core___unexpand_SDiff_sdiff_1 took 0.0853ms
interpretation of _aux_Init_Core___unexpand_EmptyCollection_emptyCollection_1 took 0.0905ms
interpretation of _aux_Init_Core___unexpand_EmptyCollection_emptyCollection_2 took 0.0896ms
interpretation of _aux_Init_Core___unexpand_bne_1 took 0.0828ms
interpretation of _aux_Init_Core___unexpand_Ne_1 took 0.0824ms
interpretation of _aux_Init_Control_Basic___unexpand_Functor_mapRev_1 took 0.0895ms
interpretation of _aux_Init_Control_Basic___unexpand_orM_1 took 0.0853ms
interpretation of _aux_Init_Control_Basic___unexpand_andM_1 took 0.0854ms
interpretation of _aux_Init_Control_Basic___unexpand_Bind_kleisliRight_1 took 0.0894ms
interpretation of _aux_Init_Control_Basic___unexpand_Bind_kleisliLeft_1 took 0.089ms
interpretation of _aux_Init_Control_Basic___unexpand_Bind_bindLeft_1 took 0.093ms
interpretation of Int._aux_Init_Data_Int_Basic___unexpand_Int_negSucc_1 took 0.0947ms
interpretation of List._aux_Init_Data_List_Basic___unexpand_List_Sublist_1 took 0.114ms
interpretation of List._aux_Init_Data_List_Basic___unexpand_List_IsPrefix_1 took 0.196ms
interpretation of List._aux_Init_Data_List_Basic___unexpand_List_IsSuffix_1 took 0.0954ms
interpretation of List._aux_Init_Data_List_Basic___unexpand_List_IsInfix_1 took 0.0908ms
interpretation of List._aux_Init_Data_List_Basic___unexpand_List_Perm_1 took 0.09ms
interpretation of unexpandUnit took 0.0785ms
interpretation of unexpandListNil took 0.0795ms
interpretation of unexpandListCons took 0.0795ms
interpretation of unexpandListToArray took 0.0789ms
interpretation of unexpandProdMk took 0.0778ms
interpretation of unexpandIte took 0.0918ms
interpretation of unexpandEqNDRec took 0.0788ms
interpretation of unexpandEqRec took 0.314ms
interpretation of unexpandExists took 0.0811ms
interpretation of unexpandSigma took 0.0771ms
interpretation of unexpandPSigma took 0.077ms
interpretation of unexpandSubtype took 0.0768ms
interpretation of unexpandTSyntax took 0.0762ms
interpretation of unexpandTSyntaxArray took 0.0887ms
interpretation of unexpandTSepArray took 0.0779ms
interpretation of unexpandGetElem took 0.0774ms
interpretation of unexpandGetElem! took 0.0927ms
interpretation of unexpandGetElem? took 0.0791ms
interpretation of unexpandArrayEmpty took 0.0778ms
interpretation of unexpandMkArray0 took 0.0768ms
interpretation of unexpandMkArray1 took 0.077ms
interpretation of unexpandMkArray2 took 0.0883ms
interpretation of unexpandMkArray3 took 0.0781ms
interpretation of unexpandMkArray4 took 0.0885ms
interpretation of unexpandMkArray5 took 0.077ms
interpretation of unexpandMkArray6 took 0.0764ms
interpretation of unexpandMkArray7 took 0.078ms
interpretation of unexpandMkArray8 took 0.077ms
interpretation of Lean.singletonUnexpander took 0.0835ms
interpretation of Lean.insertUnexpander took 0.0817ms
interpretation of Bool._aux_Init_Data_Bool___unexpand_Bool_xor_1 took 0.106ms
interpretation of BitVec.unexpandBitVecOfNat took 0.0825ms
interpretation of BitVec.unexpandBitVecOfNatLt took 0.0812ms
interpretation of Vector.unexpandMk took 0.104ms
interpretation of Lean.Grind.toIntUnexpander took 0.085ms
interpretation of Array._aux_Init_Data_Array_Perm___unexpand_Array_Perm_1 took 0.103ms
interpretation of Vector._aux_Init_Data_Vector_Perm___unexpand_Vector_Perm_1 took 0.0927ms
interpretation of Rat._aux_Init_Data_Rat_Basic___unexpand_Rat_divInt_1 took 0.138ms
interpretation of Lean.Grind.nestedProofUnexpander took 0.0874ms
interpretation of Lean.Grind.matchCondUnexpander took 0.0822ms
interpretation of Lean.Grind.eqMatchUnexpander took 0.0814ms
interpretation of Lean.Grind.offsetUnexpander took 0.0856ms
interpretation of Lean.Grind.natCastUnexpander took 0.104ms
interpretation of Lean.Grind.markerUnexpander took 0.0818ms
interpretation of Lean.Grind.nodeDefUnexpander took 0.0811ms
interpretation of Lean.Grind.NodeDefUnexpander took 0.0927ms
interpretation of Lean.Grind.CommRing.OfCommSemiring.toQUnexpander took 0.103ms
interpretation of Lean.Grind.leftInvUnexpander took 0.0972ms
interpretation of Lean.Order._aux_Init_Internal_Order_Basic___unexpand_Lean_Order_PartialOrder_rel_1 took 0.109ms
interpretation of Lean.Order._aux_Init_Internal_Order_Basic___unexpand_Lean_Order_bot_1 took 0.0989ms
interpretation of Lean.Try.markerUnexpander took 0.113ms
interpretation of Std.DHashMap.Raw._aux_Std_Data_DHashMap_Raw___unexpand_Std_DHashMap_Raw_Equiv_1 took 0.125ms
interpretation of Std.DHashMap._aux_Std_Data_DHashMap_Basic___unexpand_Std_DHashMap_Equiv_1 took 0.099ms
interpretation of Std.HashMap._aux_Std_Data_HashMap_Basic___unexpand_Std_HashMap_Equiv_1 took 0.104ms
interpretation of Std.HashSet._aux_Std_Data_HashSet_Basic___unexpand_Std_HashSet_Equiv_1 took 0.0998ms
interpretation of Std.DTreeMap.Internal.Impl._aux_Std_Data_DTreeMap_Internal_Queries___unexpand_Std_DTreeMap_Internal_Impl_Equiv_1 took 0.0974ms
interpretation of Std.DTreeMap._aux_Std_Data_DTreeMap_Basic___unexpand_Std_DTreeMap_Equiv_1 took 0.0979ms
interpretation of Std.TreeMap._aux_Std_Data_TreeMap_Basic___unexpand_Std_TreeMap_Equiv_1 took 0.0988ms
interpretation of Std.TreeSet._aux_Std_Data_TreeSet_Basic___unexpand_Std_TreeSet_Equiv_1 took 0.123ms
interpretation of Std.HashMap.Raw._aux_Std_Data_HashMap_Raw___unexpand_Std_HashMap_Raw_Equiv_1 took 0.0996ms
interpretation of Std.DTreeMap.Raw._aux_Std_Data_DTreeMap_Raw_Basic___unexpand_Std_DTreeMap_Raw_Equiv_1 took 0.105ms
interpretation of Std.TreeMap.Raw._aux_Std_Data_TreeMap_Raw_Basic___unexpand_Std_TreeMap_Raw_Equiv_1 took 0.119ms
interpretation of _aux_Init_Notation___macroRules_precMax_1 took 0.127ms
interpretation of _aux_Init_Notation___macroRules_precArg_1 took 0.0948ms
interpretation of _aux_Init_Notation___macroRules_precLead_1 took 0.0879ms
interpretation of _aux_Init_Notation___macroRules_prec(_)_1 took 0.0895ms
interpretation of _aux_Init_Notation___macroRules_precMin_1 took 0.0975ms
interpretation of _aux_Init_Notation___macroRules_precMin1_1 took 0.0883ms
interpretation of _aux_Init_Notation___macroRules_termMax_prec_1 took 0.089ms
interpretation of _aux_Init_Notation___macroRules_prioDefault_1 took 0.0871ms
interpretation of _aux_Init_Notation___macroRules_prioLow_1 took 0.0854ms
interpretation of _aux_Init_Notation___macroRules_prioMid_1 took 0.0849ms
interpretation of _aux_Init_Notation___macroRules_prioHigh_1 took 0.0862ms
interpretation of _aux_Init_Notation___macroRules_prio(_)_1 took 0.0877ms
interpretation of _aux_Init_Notation___macroRules_stx_+_1 took 0.0859ms
interpretation of _aux_Init_Notation___macroRules_stx_*_1 took 0.111ms
interpretation of _aux_Init_Notation___macroRules_stx_?_1 took 0.089ms
interpretation of _aux_Init_Notation___macroRules_stx_<|>__1 took 0.0895ms
interpretation of _aux_Init_Notation___macroRules_stx_,*_1 took 0.088ms
interpretation of _aux_Init_Notation___macroRules_stx_,+_1 took 0.0863ms
interpretation of _aux_Init_Notation___macroRules_stx_,*,?_1 took 0.0894ms
interpretation of _aux_Init_Notation___macroRules_stx_,+,?_1 took 0.0898ms
interpretation of _aux_Init_Notation___macroRules_stx!__1 took 0.0859ms
interpretation of _aux_Init_Notation___macroRules_term_∘__1 took 0.0906ms
interpretation of _aux_Init_Notation___macroRules_term_×__1 took 0.129ms
interpretation of _aux_Init_Notation___macroRules_term_×'__1 took 0.131ms
interpretation of _aux_Init_Notation___macroRules_term_∣__1 took 0.09ms
interpretation of _aux_Init_Notation___macroRules_term_|||__1 took 0.0892ms
interpretation of _aux_Init_Notation___macroRules_term_^^^__1 took 0.106ms
interpretation of _aux_Init_Notation___macroRules_term_&&&__1 took 0.0904ms
interpretation of _aux_Init_Notation___macroRules_term_+__1 took 0.0877ms
interpretation of _aux_Init_Notation___macroRules_term_-__1 took 0.0867ms
interpretation of _aux_Init_Notation___macroRules_term_*__1 took 0.0858ms
interpretation of _aux_Init_Notation___macroRules_term_/__1 took 0.101ms
interpretation of _aux_Init_Notation___macroRules_term_%__1 took 0.0876ms
interpretation of _aux_Init_Notation___macroRules_term_<<<__1 took 0.0896ms
interpretation of _aux_Init_Notation___macroRules_term_>>>__1 took 0.0887ms
interpretation of _aux_Init_Notation___macroRules_term_^__1 took 0.0861ms
interpretation of _aux_Init_Notation___macroRules_term_++__1 took 0.0871ms
interpretation of _aux_Init_Notation___macroRules_term-__1 took 0.105ms
interpretation of _aux_Init_Notation___macroRules_term~~~__1 took 0.13ms
interpretation of _aux_Init_Notation___macroRules_term_⁻¹_1 took 0.136ms
interpretation of _aux_Init_Notation___macroRules_term_•__1 took 0.131ms
interpretation of _aux_Init_Notation___macroRules_term_|||__2 took 0.139ms
interpretation of _aux_Init_Notation___macroRules_term_^^^__2 took 0.136ms
interpretation of _aux_Init_Notation___macroRules_term_&&&__2 took 0.129ms
interpretation of _aux_Init_Notation___macroRules_term_+__2 took 0.131ms
interpretation of _aux_Init_Notation___macroRules_term_-__2 took 0.138ms
interpretation of _aux_Init_Notation___macroRules_term_*__2 took 0.149ms
interpretation of _aux_Init_Notation___macroRules_term_/__2 took 0.134ms
interpretation of _aux_Init_Notation___macroRules_term_%__2 took 0.0889ms
interpretation of _aux_Init_Notation___macroRules_term_^__2 took 0.0988ms
interpretation of _aux_Init_Notation___macroRules_term_++__2 took 0.102ms
interpretation of _aux_Init_Notation___macroRules_term-__2 took 0.0885ms
interpretation of _aux_Init_Notation___macroRules_term_•__2 took 0.0893ms
interpretation of _aux_Init_Notation___macroRules_term_>=__1 took 0.0889ms
interpretation of _aux_Init_Notation___macroRules_term_<=__1 took 0.0988ms
interpretation of _aux_Init_Notation___macroRules_term_>=__2 took 0.0888ms
interpretation of _aux_Init_Notation___macroRules_term_<=__2 took 0.0883ms
interpretation of _aux_Init_Notation___macroRules_term_≤__1 took 0.0878ms
interpretation of _aux_Init_Notation___macroRules_term_<__1 took 0.103ms
interpretation of _aux_Init_Notation___macroRules_term_≥__1 took 0.0886ms
interpretation of _aux_Init_Notation___macroRules_term_>__1 took 0.0862ms
interpretation of _aux_Init_Notation___macroRules_term_=__1 took 0.0858ms
interpretation of _aux_Init_Notation___macroRules_term_==__1 took 0.0876ms
interpretation of _aux_Init_Notation___macroRules_term_≍__1 took 0.0968ms
interpretation of _aux_Init_Notation___macroRules_term_≤__2 took 0.0871ms
interpretation of _aux_Init_Notation___macroRules_term_<__2 took 0.0935ms
interpretation of _aux_Init_Notation___macroRules_term_>__2 took 0.0875ms
interpretation of _aux_Init_Notation___macroRules_term_≥__2 took 0.1ms
interpretation of _aux_Init_Notation___macroRules_term_=__2 took 0.0866ms
interpretation of _aux_Init_Notation___macroRules_term_==__2 took 0.0888ms
interpretation of _aux_Init_Notation___macroRules_term_∧__1 took 0.0876ms
interpretation of _aux_Init_Notation___macroRules_term_∨__1 took 0.0989ms
interpretation of _aux_Init_Notation___macroRules_term¬__1 took 0.0877ms
interpretation of _aux_Init_Notation___macroRules_term_&&__1 took 0.0878ms
interpretation of _aux_Init_Notation___macroRules_term_||__1 took 0.0872ms
interpretation of _aux_Init_Notation___macroRules_term!__1 took 0.0862ms
interpretation of _aux_Init_Notation___macroRules_term_∈__1 took 0.0949ms
interpretation of _aux_Init_Notation___macroRules_term_∉__1 took 0.0879ms
interpretation of _aux_Init_Notation___macroRules_term_::__1 took 0.0951ms
interpretation of _aux_Init_Notation___macroRules_term_<$>__1 took 0.0885ms
interpretation of _aux_Init_Notation___macroRules_term_>>=__1 took 0.088ms
interpretation of _aux_Init_Notation___macroRules_term_<|>__1 took 0.088ms
interpretation of _aux_Init_Notation___macroRules_term_>>__1 took 0.0889ms
interpretation of _aux_Init_Notation___macroRules_term_<*>__1 took 0.0894ms
interpretation of _aux_Init_Notation___macroRules_term_<*__1 took 0.103ms
interpretation of _aux_Init_Notation___macroRules_term_*>__1 took 0.0885ms
interpretation of _aux_Init_Notation___macroRules_termDepIfThenElse_1 took 0.0882ms
interpretation of _aux_Init_Notation___macroRules_termIfThenElse_1 took 0.0864ms
interpretation of _aux_Init_Notation___macroRules_termIfLet_1 took 0.0944ms
interpretation of _aux_Init_Notation___macroRules_boolIfThenElse_1 took 0.0884ms
interpretation of _aux_Init_Notation___macroRules_term_<|__1 took 0.088ms
interpretation of _aux_Init_Notation___macroRules_term_|>__1 took 0.0873ms
interpretation of _aux_Init_Notation___macroRules_term_$___1 took 0.087ms
interpretation of _aux_Init_Notation___macroRules_term{_:_//_}_1 took 0.103ms
interpretation of _aux_Init_Notation___macroRules_termWithout_expected_type__1 took 0.092ms
interpretation of Lean.Parser._aux_Init_Notation___macroRules_Lean_Parser_commandSeal___1 took 0.101ms
interpretation of Lean.Parser._aux_Init_Notation___macroRules_Lean_Parser_commandUnseal___1 took 0.0967ms
interpretation of Lean.Parser.Tactic._aux_Init_Tactics___macroRules_Lean_Parser_Tactic_tacticExfalso_1 took 0.115ms
interpretation of Lean.Parser.Tactic._aux_Init_Tactics___macroRules_Lean_Parser_Tactic_tacticNext_=>__1 took 0.102ms
interpretation of Lean.Parser.Tactic._aux_Init_Tactics___macroRules_Lean_Parser_Tactic_tacticTry__1 took 0.105ms
interpretation of Lean.Parser.Tactic._aux_Init_Tactics___macroRules_Lean_Parser_Tactic_tactic_<;>__1 took 0.113ms
interpretation of Lean.Parser.Tactic._aux_Init_Tactics___macroRules_Lean_Parser_Tactic_tacticRfl_1 took 0.0987ms
interpretation of Lean.Parser.Tactic._aux_Init_Tactics___macroRules_Lean_Parser_Tactic_tacticRfl_2 took 0.0975ms
interpretation of Lean.Parser.Tactic._aux_Init_Tactics___macroRules_Lean_Parser_Tactic_tacticRfl_3 took 0.0974ms
interpretation of Lean.Parser.Tactic._aux_Init_Tactics___macroRules_Lean_Parser_Tactic_tacticRfl'_1 took 0.111ms
interpretation of Lean.Parser.Tactic._aux_Init_Tactics___macroRules_Lean_Parser_Tactic_tacticSorry_1 took 0.108ms
interpretation of Lean.Parser.Tactic._aux_Init_Tactics___macroRules_Lean_Parser_Tactic_tacticAdmit_1 took 0.0978ms
interpretation of Lean.Parser.Tactic._aux_Init_Tactics___macroRules_Lean_Parser_Tactic_tacticInfer_instance_1 took 0.1ms
interpretation of Lean.Parser.Tactic._aux_Init_Tactics___macroRules_Lean_Parser_Tactic_rwSeq_1 took 0.108ms
interpretation of Lean.Parser.Tactic._aux_Init_Tactics___macroRules_Lean_Parser_Tactic_tacticRwa___1 took 0.0999ms
interpretation of Lean.Parser.Tactic._aux_Init_Tactics___macroRules_Lean_Parser_Tactic_tacticSimp?!__1 took 0.101ms
interpretation of Lean.Parser.Tactic._aux_Init_Tactics___macroRules_Lean_Parser_Tactic_tacticSimp_all?!__1 took 0.103ms
interpretation of Lean.Parser.Tactic._aux_Init_Tactics___macroRules_Lean_Parser_Tactic_tacticDsimp?!__1 took 0.1ms
interpretation of Lean.Parser.Tactic._aux_Init_Tactics___macroRules_Lean_Parser_Tactic_tacticSimpa!__1 took 0.0994ms
interpretation of Lean.Parser.Tactic._aux_Init_Tactics___macroRules_Lean_Parser_Tactic_tacticSimpa?__1 took 0.0995ms
interpretation of Lean.Parser.Tactic._aux_Init_Tactics___macroRules_Lean_Parser_Tactic_tacticSimpa?!__1 took 0.104ms
interpretation of Lean.Parser.Tactic._aux_Init_Tactics___macroRules_Lean_Parser_Tactic_tacticSimpa!__1_1 took 0.102ms
interpretation of Lean.Parser.Tactic._aux_Init_Tactics___macroRules_Lean_Parser_Tactic_tacticSimpa?__1_1 took 0.1ms
interpretation of Lean.Parser.Tactic._aux_Init_Tactics___macroRules_Lean_Parser_Tactic_tacticSimpa?!__1_1 took 0.108ms
interpretation of Lean.Parser.Tactic._aux_Init_Tactics___macroRules_Lean_Parser_Tactic_tacticRefine_lift__1 took 0.113ms
interpretation of Lean.Parser.Tactic._aux_Init_Tactics___macroRules_Lean_Parser_Tactic_tacticHave___1 took 0.0997ms
interpretation of Lean.Parser.Tactic._aux_Init_Tactics___macroRules_Lean_Parser_Tactic_tacticSuffices__1 took 0.0991ms
interpretation of Lean.Parser.Tactic._aux_Init_Tactics___macroRules_Lean_Parser_Tactic_tacticLet___1 took 0.098ms
interpretation of Lean.Parser.Tactic._aux_Init_Tactics___macroRules_Lean_Parser_Tactic_letrec_1 took 0.112ms
interpretation of Lean.Parser.Tactic._aux_Init_Tactics___macroRules_Lean_Parser_Tactic_tacticRefine_lift'__1 took 0.103ms
interpretation of Lean.Parser.Tactic._aux_Init_Tactics___macroRules_Lean_Parser_Tactic_tacticHave'_1 took 0.0993ms
interpretation of Lean.Parser.Tactic._aux_Init_Tactics___macroRules_Lean_Parser_Tactic_tacticLet'___1 took 0.0996ms
interpretation of Lean.Parser.Tactic._aux_Init_Tactics___macroRules_Lean_Parser_Tactic_tacticStop__1 took 0.098ms
interpretation of Lean.Parser.Tactic._aux_Init_Tactics___macroRules_Lean_Parser_Tactic_tacticUnhygienic__1 took 0.0982ms
interpretation of Lean.Parser.Tactic._aux_Init_Tactics___macroRules_Lean_Parser_Tactic_tacticExists_,,_1 took 0.101ms
interpretation of Lean.Parser.Tactic._aux_Init_Tactics___macroRules_Lean_Parser_Tactic_tacticNofun_1 took 0.0979ms
interpretation of Lean.Parser.Tactic._aux_Init_Tactics___macroRules_Lean_Parser_Tactic_tacticNomatch_,,_1 took 0.162ms
interpretation of Lean.Parser.Tactic._aux_Init_Tactics___macroRules_Lean_Parser_Tactic_tacticAnd_intros_1 took 0.116ms
interpretation of Lean.Parser.Tactic._aux_Init_Tactics___macroRules_Lean_Parser_Tactic_tacticHaveI___1 took 0.101ms
interpretation of Lean.Parser.Tactic._aux_Init_Tactics___macroRules_Lean_Parser_Tactic_tacticLetI___1 took 0.0997ms
interpretation of Lean.Parser.Tactic._aux_Init_Tactics___macroRules_Lean_Parser_Tactic_tacticTrivial_1 took 0.0987ms
interpretation of Lean.Parser.Tactic._aux_Init_Tactics___macroRules_Lean_Parser_Tactic_tacticTrivial_2 took 0.0988ms
interpretation of Lean.Parser.Tactic._aux_Init_Tactics___macroRules_Lean_Parser_Tactic_tacticTrivial_3 took 0.0979ms
interpretation of Lean.Parser.Tactic._aux_Init_Tactics___macroRules_Lean_Parser_Tactic_tacticTrivial_4 took 0.0982ms
interpretation of Lean.Parser.Tactic._aux_Init_Tactics___macroRules_Lean_Parser_Tactic_tacticTrivial_5 took 0.0974ms
interpretation of Lean.Parser.Tactic._aux_Init_Tactics___macroRules_Lean_Parser_Tactic_tacticTrivial_6 took 0.0974ms
interpretation of Lean.Parser.Tactic._aux_Init_Tactics___macroRules_Lean_Parser_Tactic_tacticBv_omega_1 took 0.0984ms
interpretation of Lean.Parser.Tactic._aux_Init_Tactics___macroRules_Lean_Parser_Tactic_tacticAssumption_mod_cast__1 took 0.103ms
interpretation of Lean.Parser.Tactic._aux_Init_Tactics___macroRules_Lean_Parser_Tactic_tacticNorm_cast___1 took 0.0999ms
interpretation of Lean.Parser.Tactic._aux_Init_Tactics___macroRules_Lean_Parser_Tactic_tacticAc_nf__1 took 0.108ms
interpretation of Lean.Parser.Tactic._aux_Init_Tactics___macroRules_Lean_Parser_Tactic_showTermElab_1 took 0.0978ms
interpretation of Lean.Parser.Tactic._aux_Init_Tactics___macroRules_Lean_Parser_Tactic_by?_1 took 0.0964ms
interpretation of Lean.Parser.Tactic._aux_Init_Tactics___macroRules_Lean_Parser_Tactic_massumptionMacro_1 took 0.0982ms
interpretation of Lean.Parser.Tactic._aux_Init_Tactics___macroRules_Lean_Parser_Tactic_mclearMacro_1 took 0.0976ms
interpretation of Lean.Parser.Tactic._aux_Init_Tactics___macroRules_Lean_Parser_Tactic_mconstructorMacro_1 took 0.109ms
interpretation of Lean.Parser.Tactic._aux_Init_Tactics___macroRules_Lean_Parser_Tactic_mexactMacro_1 took 0.098ms
interpretation of Lean.Parser.Tactic._aux_Init_Tactics___macroRules_Lean_Parser_Tactic_mexfalsoMacro_1 took 0.0983ms
interpretation of Lean.Parser.Tactic._aux_Init_Tactics___macroRules_Lean_Parser_Tactic_mexistsMacro_1 took 0.0975ms
interpretation of Lean.Parser.Tactic._aux_Init_Tactics___macroRules_Lean_Parser_Tactic_mframeMacro_1 took 0.0976ms
interpretation of Lean.Parser.Tactic._aux_Init_Tactics___macroRules_Lean_Parser_Tactic_mhaveMacro_1 took 0.0978ms
interpretation of Lean.Parser.Tactic._aux_Init_Tactics___macroRules_Lean_Parser_Tactic_mreplaceMacro_1 took 0.0985ms
interpretation of Lean.Parser.Tactic._aux_Init_Tactics___macroRules_Lean_Parser_Tactic_mleftMacro_1 took 0.0968ms
interpretation of Lean.Parser.Tactic._aux_Init_Tactics___macroRules_Lean_Parser_Tactic_mrightMacro_1 took 0.0975ms
interpretation of Lean.Parser.Tactic._aux_Init_Tactics___macroRules_Lean_Parser_Tactic_mpureMacro_1 took 0.0987ms
interpretation of Lean.Parser.Tactic._aux_Init_Tactics___macroRules_Lean_Parser_Tactic_mpureIntroMacro_1 took 0.0985ms
interpretation of Lean.Parser.Tactic._aux_Init_Tactics___macroRules_Lean_Parser_Tactic_mrevertMacro_1 took 0.0974ms
interpretation of Lean.Parser.Tactic._aux_Init_Tactics___macroRules_Lean_Parser_Tactic_mrenameIMacro_1 took 0.114ms
interpretation of Lean.Parser.Tactic._aux_Init_Tactics___macroRules_Lean_Parser_Tactic_mspecializeMacro_1 took 0.0998ms
interpretation of Lean.Parser.Tactic._aux_Init_Tactics___macroRules_Lean_Parser_Tactic_mspecializePureMacro_1 took 0.1ms
interpretation of Lean.Parser.Tactic._aux_Init_Tactics___macroRules_Lean_Parser_Tactic_mstartMacro_1 took 0.0985ms
interpretation of Lean.Parser.Tactic._aux_Init_Tactics___macroRules_Lean_Parser_Tactic_mstopMacro_1 took 0.0974ms
interpretation of Lean.Parser.Tactic._aux_Init_Tactics___macroRules_Lean_Parser_Tactic_mleaveMacro_1 took 0.0973ms
interpretation of Lean.Parser.Tactic._aux_Init_Tactics___macroRules_Lean_Parser_Tactic_mcasesMacro_1 took 0.097ms
interpretation of Lean.Parser.Tactic._aux_Init_Tactics___macroRules_Lean_Parser_Tactic_mrefineMacro_1 took 0.0984ms
interpretation of Lean.Parser.Tactic._aux_Init_Tactics___macroRules_Lean_Parser_Tactic_mintroMacro_1 took 0.0971ms
interpretation of Lean.Parser.Tactic._aux_Init_Tactics___macroRules_Lean_Parser_Tactic_mspecMacro_1 took 0.106ms
interpretation of Lean.Parser.Tactic._aux_Init_Tactics___macroRules_Lean_Parser_Tactic_mvcgenMacro_1 took 0.0977ms
interpretation of Lean.Parser.Tactic._aux_Init_Tactics___macroRules_Lean_Parser_Tactic_vcgenMacro_1 took 0.13ms
interpretation of _aux_Init_Tactics___macroRules_term‹_›_1 took 0.0941ms
interpretation of _aux_Init_Tactics___macroRules_tacticGet_elem_tactic_extensible_1 took 0.0931ms
interpretation of _aux_Init_Tactics___macroRules_tacticGet_elem_tactic_extensible_2 took 0.0921ms
interpretation of _aux_Init_Tactics___macroRules_tacticGet_elem_tactic_extensible_3 took 0.0915ms
interpretation of _aux_Init_Tactics___macroRules_tacticGet_elem_tactic_1 took 0.089ms
interpretation of _aux_Init_Core___macroRules_term_<->__1 took 0.0892ms
interpretation of _aux_Init_Core___macroRules_term_↔__1 took 0.0875ms
interpretation of _aux_Init_Core___macroRules_term_⊕__1 took 0.0855ms
interpretation of _aux_Init_Core___macroRules_term_⊕'__1 took 0.0876ms
interpretation of _aux_Init_Core___macroRules_term_≈__1 took 0.0855ms
interpretation of _aux_Init_Core___macroRules_term_⊆__1 took 0.0863ms
interpretation of _aux_Init_Core___macroRules_term_⊂__1 took 0.086ms
interpretation of _aux_Init_Core___macroRules_term_⊇__1 took 0.0864ms
interpretation of _aux_Init_Core___macroRules_term_⊃__1 took 0.087ms
interpretation of _aux_Init_Core___macroRules_term_∪__1 took 0.0858ms
interpretation of _aux_Init_Core___macroRules_term_∩__1 took 0.0852ms
interpretation of _aux_Init_Core___macroRules_term_\__1 took 0.0857ms
interpretation of _aux_Init_Core___macroRules_term{}_1 took 0.0859ms
interpretation of _aux_Init_Core___macroRules_term∅_1 took 0.0877ms
interpretation of _aux_Init_Core___macroRules_term_!=__1 took 0.087ms
interpretation of _aux_Init_Core___macroRules_term_!=__2 took 0.0857ms
interpretation of _aux_Init_Core___macroRules_term_≠__1 took 0.0857ms
interpretation of _aux_Init_Core___macroRules_term_≠__2 took 0.17ms
interpretation of _aux_Init_Core___macroRules_Lean_Parser_Tactic_tacticRfl_1 took 0.163ms
interpretation of _aux_Init_Control_Basic___macroRules_term_<&>__1 took 0.133ms
interpretation of _aux_Init_Control_Basic___macroRules_term_<||>__1 took 0.144ms
interpretation of _aux_Init_Control_Basic___macroRules_term_<&&>__1 took 0.14ms
interpretation of _aux_Init_Control_Basic___macroRules_term_>=>__1 took 0.143ms
interpretation of _aux_Init_Control_Basic___macroRules_term_<=<__1 took 0.159ms
interpretation of _aux_Init_Control_Basic___macroRules_term_=<<__1 took 0.142ms
interpretation of Lean.Parser.Tactic.Grind._aux_Init_Grind_Interactive___macroRules_Lean_Parser_Tactic_Grind_use_1 took 0.176ms
interpretation of Lean.Parser.Tactic.Grind._aux_Init_Grind_Interactive___macroRules_Lean_Parser_Tactic_Grind_grind·__1 took 0.177ms
interpretation of Lean.Parser.Tactic.Grind._aux_Init_Grind_Interactive___macroRules_Lean_Parser_Tactic_Grind_grind_<;>__1 took 0.133ms
interpretation of Lean.Parser.Tactic.Grind._aux_Init_Grind_Interactive___macroRules_Lean_Parser_Tactic_Grind_grindTry__1 took 0.196ms
interpretation of Lean.Parser.Tactic.Grind._aux_Init_Grind_Interactive___macroRules_Lean_Parser_Tactic_Grind_grindAdmit_1 took 0.196ms
interpretation of Lean.Parser.Tactic.Grind._aux_Init_Grind_Interactive___macroRules_Lean_Parser_Tactic_Grind_grindRepeat__1 took 0.126ms
interpretation of Lean.Parser.Tactic.Grind._aux_Init_Grind_Interactive___macroRules_Lean_Parser_Tactic_Grind_symIntroLight_1 took 0.118ms
interpretation of Lean.Parser.Tactic.Grind._aux_Init_Grind_Interactive___macroRules_Lean_Parser_Tactic_Grind_symIntrosLight_1 took 0.138ms
interpretation of Lean.Parser.Tactic.Grind._aux_Init_Grind_Interactive___macroRules_Lean_Parser_Tactic_Grind_grindExact__1 took 0.134ms
interpretation of Int._aux_Init_Data_Int_Basic___macroRules_Int_term-[_+1]_1 took 0.155ms
interpretation of Lean._aux_Init_Data_List_Notation___macroRules_term[_]_1 took 0.184ms
interpretation of List._aux_Init_Data_List_Basic___macroRules_List_term_<+__1 took 0.157ms
interpretation of List._aux_Init_Data_List_Basic___macroRules_List_term_<+:__1 took 0.0986ms
interpretation of List._aux_Init_Data_List_Basic___macroRules_List_term_<:+__1 took 0.122ms
interpretation of List._aux_Init_Data_List_Basic___macroRules_List_term_<:+:__1 took 0.0959ms
interpretation of List._aux_Init_Data_List_Basic___macroRules_List_term_~__1 took 0.0928ms
interpretation of _aux_Init_WFTactics___macroRules_tacticSimp_wf_1 took 0.0992ms
interpretation of _aux_Init_WFTactics___macroRules_tacticClean_wf_1 took 0.0885ms
interpretation of _aux_Init_WFTactics___macroRules_tacticDecreasing_trivial_1 took 0.0934ms
interpretation of _aux_Init_WFTactics___macroRules_tacticDecreasing_trivial_2 took 0.104ms
interpretation of _aux_Init_WFTactics___macroRules_tacticDecreasing_trivial_3 took 0.093ms
interpretation of _aux_Init_WFTactics___macroRules_tacticDecreasing_trivial_pre_omega_1 took 0.0973ms
interpretation of _aux_Init_WFTactics___macroRules_tacticDecreasing_trivial_pre_omega_2 took 0.0955ms
interpretation of _aux_Init_WFTactics___macroRules_tacticDecreasing_trivial_pre_omega_3 took 0.0939ms
interpretation of _aux_Init_WFTactics___macroRules_tacticDecreasing_with__1 took 0.102ms
interpretation of _aux_Init_WFTactics___macroRules_tacticDecreasing_tactic_1 took 0.0886ms
interpretation of _aux_Init_GetElem___macroRules_term__[_]_1 took 0.102ms
interpretation of _aux_Init_GetElem___macroRules_term__[_]'__1 took 0.0911ms
interpretation of _aux_Init_GetElem___macroRules_term__[_]_?_1 took 0.1ms
interpretation of _aux_Init_GetElem___macroRules_term__[_]_!_1 took 0.0911ms
interpretation of Fin._aux_Init_GetElem___macroRules_tacticGet_elem_tactic_extensible_1 took 0.11ms
interpretation of _aux_Init_Data_Array_Basic___macroRules_term#[_,]_1 took 0.0991ms
interpretation of Lean._aux_Init_Meta___macroRules_Lean_Parser_Syntax_addPrec_1 took 0.115ms
interpretation of Lean._aux_Init_Meta___macroRules_Lean_Parser_Syntax_subPrec_1 took 0.0971ms
interpretation of Lean._aux_Init_Meta___macroRules_Lean_termEval_prec__1 took 0.142ms
interpretation of Lean._aux_Init_Meta___macroRules_Lean_Parser_Syntax_addPrio_1 took 0.16ms
interpretation of Lean._aux_Init_Meta___macroRules_Lean_Parser_Syntax_subPrio_1 took 0.147ms
interpretation of Lean._aux_Init_Meta___macroRules_Lean_termEval_prio__1 took 0.181ms
interpretation of Lean.Parser.Tactic._aux_Init_Meta___macroRules_Lean_Parser_Tactic_tacticErw____1 took 0.182ms
interpretation of Lean.Parser.Tactic._aux_Init_Meta___macroRules_Lean_Parser_Tactic_declareSimpLikeTactic_1 took 0.171ms
interpretation of Lean.Parser.Tactic.expandSimp._@.Init.Meta.4021577198._hygCtx._hyg.3 took 0.204ms
interpretation of Lean.Parser.Tactic.expandSimp._@.Init.Meta.3079349156._hygCtx._hyg.3 took 0.16ms
interpretation of Lean.Parser.Tactic.expandSimp._@.Init.Meta.4207919134._hygCtx._hyg.3 took 0.166ms
interpretation of Lean.Parser.Tactic._aux_Init_TacticsExtra___macroRules_Lean_Parser_Tactic_tacDepIfThenElse_1 took 0.188ms
interpretation of Lean.Parser.Tactic._aux_Init_TacticsExtra___macroRules_Lean_Parser_Tactic_tacIfThenElse_1 took 0.167ms
interpretation of Lean.Parser.Tactic._aux_Init_TacticsExtra___macroRules_Lean_Parser_Tactic_tacticIterate_____1 took 0.176ms
interpretation of Lean.Parser.Tactic._aux_Init_TacticsExtra___macroRules_Lean_Parser_Tactic_tacticRw_mod_cast____1 took 0.107ms
interpretation of Lean.Parser.Tactic._aux_Init_TacticsExtra___macroRules_Lean_Parser_Tactic_tacticExact_mod_cast__1 took 0.145ms
interpretation of Lean.Parser.Tactic._aux_Init_TacticsExtra___macroRules_Lean_Parser_Tactic_tacticApply_mod_cast__1 took 0.161ms
interpretation of _aux_Init_ByCases___macroRules_tacticBy_cases_:__1 took 0.13ms
interpretation of _aux_Init_ByCases___macroRules_tacticBy_cases_:__2 took 0.148ms
interpretation of Lean.Parser.Tactic.Conv._aux_Init_Conv___macroRules_Lean_Parser_Tactic_Conv_convRfl_1 took 0.125ms
interpretation of Lean.Parser.Tactic.Conv._aux_Init_Conv___macroRules_Lean_Parser_Tactic_Conv_convDone_1 took 0.105ms
interpretation of Lean.Parser.Tactic.Conv._aux_Init_Conv___macroRules_Lean_Parser_Tactic_Conv_convTrace_state_1 took 0.102ms
interpretation of Lean.Parser.Tactic.Conv._aux_Init_Conv___macroRules_Lean_Parser_Tactic_Conv_allGoals_1 took 0.0988ms
interpretation of Lean.Parser.Tactic.Conv._aux_Init_Conv___macroRules_Lean_Parser_Tactic_Conv_anyGoals_1 took 0.107ms
interpretation of Lean.Parser.Tactic.Conv._aux_Init_Conv___macroRules_Lean_Parser_Tactic_Conv_case_1 took 0.0984ms
interpretation of Lean.Parser.Tactic.Conv._aux_Init_Conv___macroRules_Lean_Parser_Tactic_Conv_case'_1 took 0.106ms
interpretation of Lean.Parser.Tactic.Conv._aux_Init_Conv___macroRules_Lean_Parser_Tactic_Conv_convNext__=>__1 took 0.111ms
interpretation of Lean.Parser.Tactic.Conv._aux_Init_Conv___macroRules_Lean_Parser_Tactic_Conv_focus_1 took 0.099ms
interpretation of Lean.Parser.Tactic.Conv._aux_Init_Conv___macroRules_Lean_Parser_Tactic_Conv_conv·__1 took 0.0996ms
interpretation of Lean.Parser.Tactic.Conv._aux_Init_Conv___macroRules_Lean_Parser_Tactic_Conv_failIfSuccess_1 took 0.124ms
interpretation of Lean.Parser.Tactic.Conv._aux_Init_Conv___macroRules_Lean_Parser_Tactic_Conv_convRw___1 took 0.101ms
interpretation of Lean.Parser.Tactic.Conv._aux_Init_Conv___macroRules_Lean_Parser_Tactic_Conv_convErw___1 took 0.0996ms
interpretation of Lean.Parser.Tactic.Conv._aux_Init_Conv___macroRules_Lean_Parser_Tactic_Conv_convArgs_1 took 0.119ms
interpretation of Lean.Parser.Tactic.Conv._aux_Init_Conv___macroRules_Lean_Parser_Tactic_Conv_convLeft_1 took 0.0993ms
interpretation of Lean.Parser.Tactic.Conv._aux_Init_Conv___macroRules_Lean_Parser_Tactic_Conv_convRight_1 took 0.0985ms
interpretation of Lean.Parser.Tactic.Conv._aux_Init_Conv___macroRules_Lean_Parser_Tactic_Conv_convIntro____1 took 0.102ms
interpretation of Lean.Parser.Tactic.Conv._aux_Init_Conv___macroRules_Lean_Parser_Tactic_Conv_convApply__1 took 0.1ms
interpretation of Lean.Parser.Tactic.Conv._aux_Init_Conv___macroRules_Lean_Parser_Tactic_Conv_convTry__1 took 0.0994ms
interpretation of Lean.Parser.Tactic.Conv._aux_Init_Conv___macroRules_Lean_Parser_Tactic_Conv_conv_<;>__1 took 0.102ms
interpretation of Lean.Parser.Tactic.Conv._aux_Init_Conv___macroRules_Lean_Parser_Tactic_Conv_convRepeat__1 took 0.109ms
interpretation of Lean._aux_Init_NotationExtra___macroRules_Lean_command__Unif_hint____Where_|_-⊢___1 took 0.107ms
interpretation of _aux_Init_NotationExtra___macroRules_term∃_,__1 took 0.0919ms
interpretation of _aux_Init_NotationExtra___macroRules_termExists_,__1 took 0.0897ms
interpretation of _aux_Init_NotationExtra___macroRules_termΣ_,__1 took 0.0912ms
interpretation of _aux_Init_NotationExtra___macroRules_termΣ'_,__1 took 0.0906ms
interpretation of _aux_Init_NotationExtra___macroRules_term_×__1_1 took 0.0884ms
interpretation of _aux_Init_NotationExtra___macroRules_term_×'__1_1 took 0.0898ms
interpretation of Lean._aux_Init_NotationExtra___macroRules_Lean_convCalc__1 took 0.0914ms
interpretation of _aux_Init_NotationExtra___macroRules_tacticFunext____1 took 0.089ms
interpretation of _aux_Init_NotationExtra___macroRules_term%[_|_]_1 took 0.0916ms
interpretation of _aux_Init_NotationExtra___macroRules_Lean_Parser_Command_classAbbrev_1 took 0.0933ms
interpretation of Lean._aux_Init_NotationExtra___macroRules_Lean_solveTactic_1 took 0.0906ms
interpretation of Lean._aux_Init_NotationExtra___macroRules_Lean_term_Matches_|_1 took 0.0928ms
interpretation of _aux_Init_NotationExtra___macroRules_term{_}_1 took 0.0882ms
interpretation of Lean.Elab.Tactic.Ext._aux_Init_Ext___macroRules_Lean_Elab_Tactic_Ext_tacticExt1____1 took 0.104ms
interpretation of Lean._aux_Init_BinderPredicates___macroRules_Lean_term∃__,__1 took 0.099ms
interpretation of Lean._aux_Init_BinderPredicates___macroRules_Lean_term∀__,__1 took 0.0944ms
interpretation of Lean._aux_Init_BinderPredicates___macroRules_Lean_termSatisfies_binder_pred%___1 took 0.0971ms
interpretation of Lean._aux_Init_BinderPredicates___macroRules_Lean_termSatisfies_binder_pred%___2 took 0.129ms
interpretation of Lean._aux_Init_BinderPredicates___macroRules_Lean_termSatisfies_binder_pred%___3 took 0.156ms
interpretation of Lean._aux_Init_BinderPredicates___macroRules_Lean_termSatisfies_binder_pred%___4 took 0.155ms
interpretation of Lean._aux_Init_BinderPredicates___macroRules_Lean_termSatisfies_binder_pred%___5 took 0.153ms
interpretation of Lean._aux_Init_BinderPredicates___macroRules_Lean_termSatisfies_binder_pred%___6 took 0.152ms
interpretation of Lean._aux_Init_BinderPredicates___macroRules_Lean_termSatisfies_binder_pred%___7 took 0.154ms
interpretation of Lean._aux_Init_BinderPredicates___macroRules_Lean_termSatisfies_binder_pred%___8 took 0.165ms
interpretation of Lean._aux_Init_BinderPredicates___macroRules_Lean_termSatisfies_binder_pred%___9 took 0.157ms
interpretation of Lean._aux_Init_BinderPredicates___macroRules_Lean_termSatisfies_binder_pred%___10 took 0.154ms
interpretation of Lean._aux_Init_BinderPredicates___macroRules_Lean_termSatisfies_binder_pred%___11 took 0.154ms
interpretation of Bool._aux_Init_Data_Bool___macroRules_Bool_term_^^__1 took 0.147ms
interpretation of List._aux_Init_Data_List_BasicAux___macroRules_List_tacticSizeOf_list_dec_1 took 0.154ms
interpretation of List._aux_Init_Data_List_BasicAux___macroRules_tacticDecreasing_trivial_1 took 0.15ms
interpretation of BitVec._aux_Init_Data_BitVec_Basic___macroRules_BitVec_term__#___1 took 0.151ms
interpretation of BitVec._aux_Init_Data_BitVec_Basic___macroRules_BitVec_term__#'___1 took 0.15ms
interpretation of String._aux_Init_Data_String_Termination___macroRules_tacticDecreasing_trivial_1 took 0.165ms
interpretation of String._aux_Init_Data_String_Termination___macroRules_tacticDecreasing_trivial_2 took 0.153ms
interpretation of String._aux_Init_Data_String_Termination___macroRules_tacticDecreasing_trivial_3 took 0.153ms
interpretation of String._aux_Init_Data_String_Termination___macroRules_tacticDecreasing_trivial_4 took 0.151ms
interpretation of String.Legacy.Iterator._aux_Init_Data_String_Iterator___macroRules_tacticDecreasing_trivial_1 took 0.163ms
interpretation of String.Legacy.Iterator._aux_Init_Data_String_Iterator___macroRules_tacticDecreasing_trivial_2 took 0.159ms
interpretation of Std._aux_Init_Data_Iterators_Basic___macroRules_tacticDecreasing_trivial_1 took 0.166ms
interpretation of Std._aux_Init_Data_Iterators_Basic___macroRules_tacticDecreasing_trivial_2 took 0.151ms
interpretation of Std._aux_Init_Data_Iterators_Basic___macroRules_tacticDecreasing_trivial_3 took 0.159ms
interpretation of Std._aux_Init_Data_Iterators_Basic___macroRules_tacticDecreasing_trivial_4 took 0.149ms
interpretation of Std._aux_Init_Data_Range_Polymorphic_PRange___macroRules_Std_term_...=__1 took 0.164ms
interpretation of Std._aux_Init_Data_Range_Polymorphic_PRange___macroRules_Std_term*...=__1 took 0.15ms
interpretation of Std._aux_Init_Data_Range_Polymorphic_PRange___macroRules_Std_term_...*_1 took 0.1ms
interpretation of Std._aux_Init_Data_Range_Polymorphic_PRange___macroRules_Std_term*...*_1 took 0.0981ms
interpretation of Std._aux_Init_Data_Range_Polymorphic_PRange___macroRules_Std_term_<...=__1 took 0.0992ms
interpretation of Std._aux_Init_Data_Range_Polymorphic_PRange___macroRules_Std_term_<...*_1 took 0.0978ms
interpretation of Std._aux_Init_Data_Range_Polymorphic_PRange___macroRules_Std_term_...<__1 took 0.0986ms
interpretation of Std._aux_Init_Data_Range_Polymorphic_PRange___macroRules_Std_term_...__1 took 0.0962ms
interpretation of Std._aux_Init_Data_Range_Polymorphic_PRange___macroRules_Std_term*...<__1 took 0.0976ms
interpretation of Std._aux_Init_Data_Range_Polymorphic_PRange___macroRules_Std_term*...__1 took 0.0966ms
interpretation of Std._aux_Init_Data_Range_Polymorphic_PRange___macroRules_Std_term_<...<__1 took 0.107ms
interpretation of Std._aux_Init_Data_Range_Polymorphic_PRange___macroRules_Std_term_<...__1 took 0.0983ms
interpretation of Vector._aux_Init_Data_Vector_Basic___macroRules_Vector_term#v[_,]_1 took 0.0987ms
interpretation of Std.Legacy.Range._aux_Init_Data_Range_Basic___macroRules_Std_Legacy_Range_term[:_]_1 took 0.103ms
interpretation of Std.Legacy.Range._aux_Init_Data_Range_Basic___macroRules_Std_Legacy_Range_term[_:_]_1 took 0.102ms
interpretation of Std.Legacy.Range._aux_Init_Data_Range_Basic___macroRules_Std_Legacy_Range_term[_:_:_]_1 took 0.102ms
interpretation of Std.Legacy.Range._aux_Init_Data_Range_Basic___macroRules_Std_Legacy_Range_term[:_:_]_1 took 0.101ms
interpretation of _aux_Init_Data_Range_Basic___macroRules_tacticGet_elem_tactic_extensible_1 took 0.0961ms
interpretation of Array._aux_Init_Data_Array_Subarray___macroRules_Array_term__[_:_]_1 took 0.0977ms
interpretation of Array._aux_Init_Data_Array_Subarray___macroRules_Array_term__[:_]_1 took 0.0956ms
interpretation of Array._aux_Init_Data_Array_Subarray___macroRules_Array_term__[_:]_1 took 0.0954ms
interpretation of String.Internal._aux_Init_Data_String_OrderInstances___macroRules_String_Internal_tacticOrder_1 took 0.102ms
interpretation of Array._aux_Init_Data_Array_Mem___macroRules_Array_tacticArray_get_dec_1 took 0.0949ms
interpretation of Array._aux_Init_Data_Array_Mem___macroRules_tacticDecreasing_trivial_1 took 0.093ms
interpretation of Array._aux_Init_Data_Array_Mem___macroRules_Array_tacticArray_mem_dec_1 took 0.102ms
interpretation of Array._aux_Init_Data_Array_Mem___macroRules_tacticDecreasing_trivial_2 took 0.0928ms
interpretation of Array._aux_Init_Data_Array_Perm___macroRules_Array_term_~__1 took 0.0927ms
interpretation of Std._aux_Init_Data_Slice_Notation___macroRules_term__[_]_1 took 0.136ms
interpretation of Std._aux_Init_Data_Range_Polymorphic_Basic___macroRules_tacticGet_elem_tactic_extensible_1 took 0.102ms
interpretation of _aux_Init_Data_UInt_Lemmas___macroRules_commandDeclare_uint_theorems___1 took 0.097ms
interpretation of _aux_Init_Data_UInt_Bitwise___macroRules_commandDeclare_bitwise_uint_theorems___1 took 0.099ms
interpretation of _aux_Init_Data_SInt_Lemmas___macroRules_commandDeclare_int_theorems___1 took 0.0961ms
interpretation of _aux_Init_Data_SInt_Bitwise___macroRules_commandDeclare_bitwise_int_theorems___1 took 0.0971ms
interpretation of _aux_Init_System_IO___macroRules_termPrintln!___1 took 0.0917ms
interpretation of _aux_Init_Data_ToString_Macro___macroRules_termS!__1 took 0.0886ms
interpretation of Std._aux_Init_Data_Format_Macro___macroRules_Std_termF!__1 took 0.0929ms
interpretation of Vector._aux_Init_Data_Vector_Perm___macroRules_Vector_term_~__1 took 0.103ms
interpretation of Rat._aux_Init_Data_Rat_Basic___macroRules_Rat_term_/.__1 took 0.095ms
interpretation of Lean.Parser._aux_Init_Grind_Propagator___macroRules_Lean_Parser_command_Builtin_grind_propagator____:=__1 took 0.0816ms
interpretation of DerivingHelpers._aux_Init_LawfulBEqTactics___macroRules_DerivingHelpers_tacticDeriving_ReflEq_tactic_1 took 0.103ms
interpretation of _aux_Init_LawfulBEqTactics___macroRules_tacticDeriving_LawfulEq_tactic_step_1 took 0.0961ms
interpretation of _aux_Init_LawfulBEqTactics___macroRules_tacticDeriving_LawfulEq_tactic_step_2 took 0.0956ms
interpretation of _aux_Init_LawfulBEqTactics___macroRules_tacticDeriving_LawfulEq_tactic_step_3 took 0.0944ms
interpretation of _aux_Init_LawfulBEqTactics___macroRules_tacticDeriving_LawfulEq_tactic_step_4 took 0.0949ms
interpretation of _aux_Init_LawfulBEqTactics___macroRules_tacticDeriving_LawfulEq_tactic_step_5 took 0.0946ms
interpretation of _aux_Init_LawfulBEqTactics___macroRules_tacticDeriving_LawfulEq_tactic_step_6 took 0.0934ms
interpretation of _aux_Init_LawfulBEqTactics___macroRules_tacticDeriving_LawfulEq_tactic_1 took 0.0928ms
interpretation of _aux_Init_Data_Range_Polymorphic_GetElemTactic___macroRules_tacticGet_elem_tactic_extensible_1 took 0.104ms
interpretation of Lean.Parser._aux_Init_Simproc___macroRules_Lean_Parser_command_Simproc_decl_(_):=__1 took 0.108ms
interpretation of Lean.Parser._aux_Init_Simproc___macroRules_Lean_Parser_command_Dsimproc_decl_(_):=__1 took 0.103ms
interpretation of Lean.Parser._aux_Init_Simproc___macroRules_Lean_Parser_command_Builtin_simproc_decl_(_):=__1 took 0.0841ms
interpretation of Lean.Parser._aux_Init_Simproc___macroRules_Lean_Parser_command_Builtin_dsimproc_decl_(_):=__1 took 0.0781ms
interpretation of Lean.Parser._aux_Init_Simproc___macroRules_Lean_Parser_command__Simproc__[_]_(_):=__1 took 0.0767ms
interpretation of Lean.Parser._aux_Init_Simproc___macroRules_Lean_Parser_command__Dsimproc__[_]_(_):=__1 took 0.0776ms
interpretation of Lean.Parser._aux_Init_Simproc___macroRules_Lean_Parser_command__Builtin_simproc__[_]_(_):=__1 took 0.0768ms
interpretation of Lean.Parser._aux_Init_Simproc___macroRules_Lean_Parser_command__Builtin_dsimproc__[_]_(_):=__1 took 0.0782ms
interpretation of Lean.Parser._aux_Init_CbvSimproc___macroRules_Lean_Parser_command_Cbv_simproc_decl_(_):=__1 took 0.0808ms
interpretation of Lean.Parser._aux_Init_CbvSimproc___macroRules_Lean_Parser_command_Builtin_cbv_simproc_decl_(_):=__1 took 0.078ms
interpretation of Lean.Parser._aux_Init_CbvSimproc___macroRules_Lean_Parser_command__Cbv_simproc____(_):=__1 took 0.0771ms
interpretation of Lean.Parser._aux_Init_CbvSimproc___macroRules_Lean_Parser_command__Builtin_cbv_simproc____(_):=__1 took 0.0766ms
interpretation of Lean._aux_Init_MacroTrace___macroRules_Lean_termMacro.trace[_]__1 took 0.0962ms
interpretation of Lean.Order._aux_Init_Internal_Order_Basic___macroRules_Lean_Order_term_⊑__1 took 0.0998ms
interpretation of Lean.Order._aux_Init_Internal_Order_Basic___macroRules_Lean_Order_term⊥_1 took 0.114ms
interpretation of _aux_Init_Try___macroRules_tactic∎_1 took 0.0889ms
interpretation of _aux_Init_Try___macroRules_term∎_1 took 0.0848ms
interpretation of Std.DHashMap.Raw._aux_Std_Data_DHashMap_Raw___macroRules_Std_DHashMap_Raw_term_~m__1 took 0.115ms
interpretation of Std.DHashMap._aux_Std_Data_DHashMap_Basic___macroRules_Std_DHashMap_term_~m__1 took 0.0995ms
interpretation of Std.HashMap._aux_Std_Data_HashMap_Basic___macroRules_Std_HashMap_term_~m__1 took 0.112ms
interpretation of Std.HashSet._aux_Std_Data_HashSet_Basic___macroRules_Std_HashSet_term_~m__1 took 0.0988ms
interpretation of Std.DTreeMap.Internal.Impl._aux_Std_Data_DTreeMap_Internal_Balancing___macroRules_Std_DTreeMap_Internal_Impl_tacticTree_tac_1 took 0.0823ms
interpretation of Std.DTreeMap.Internal.Impl._aux_Std_Data_DTreeMap_Internal_Balancing___macroRules_Std_DTreeMap_Internal_Impl_term✓_1 took 0.0847ms
interpretation of Std.DTreeMap.Internal.Impl._aux_Std_Data_DTreeMap_Internal_Queries___macroRules_Std_DTreeMap_Internal_Impl_term_~m__1 took 0.0824ms
interpretation of Std.DTreeMap._aux_Std_Data_DTreeMap_Basic___macroRules_Std_DTreeMap_term_~m__1 took 0.101ms
interpretation of Std.TreeMap._aux_Std_Data_TreeMap_Basic___macroRules_Std_TreeMap_term_~m__1 took 0.0988ms
interpretation of Std.TreeSet._aux_Std_Data_TreeSet_Basic___macroRules_Std_TreeSet_term_~m__1 took 0.102ms
interpretation of Std.HashMap.Raw._aux_Std_Data_HashMap_Raw___macroRules_Std_HashMap_Raw_term_~m__1 took 0.101ms
interpretation of Lean.Option._aux_Lean_Data_Options___macroRules_Lean_Option_registerBuiltinOption_1 took 0.148ms
interpretation of Lean.Option._aux_Lean_Data_Options___macroRules_Lean_Option_registerOption_1 took 0.144ms
interpretation of Std.DTreeMap.Raw._aux_Std_Data_DTreeMap_Raw_Basic___macroRules_Std_DTreeMap_Raw_term_~m__1 took 0.105ms
interpretation of Std.TreeMap.Raw._aux_Std_Data_TreeMap_Raw_Basic___macroRules_Std_TreeMap_Raw_term_~m__1 took 0.103ms
interpretation of Lean._aux_Lean_Message___macroRules_Lean_termM!__1 took 0.126ms
interpretation of Lean._aux_Lean_Exception___macroRules_Lean_termThrowError___1 took 0.129ms
interpretation of Lean._aux_Lean_Exception___macroRules_Lean_termThrowErrorAt_____1 took 0.129ms
interpretation of Lean._aux_Lean_Util_Trace___macroRules_Lean_doElemTrace[_]___1 took 0.131ms
interpretation of Lean.PrettyPrinter.Delaborator._aux_Lean_PrettyPrinter_Delaborator_Basic___macroRules_Lean_PrettyPrinter_Delaborator_attrApp_delab__1 took 0.109ms
interpretation of Lean._aux_Lean_Parser_Extra___macroRules_Lean_termRegister_parser_alias(Kind:=_)_______1 took 0.103ms
interpretation of Lean.Json._aux_Lean_Data_Json_Elab___macroRules_Lean_Json_termJson%__1 took 0.144ms
interpretation of expandLemma took 0.671ms
interpretation of Lean._aux_Lean_Meta_Tactic_Simp_BuiltinSimprocs_UInt___macroRules_Lean_commandDeclare_uint_simprocs__1 took 0.147ms
interpretation of Lean._aux_Lean_Meta_Tactic_Simp_BuiltinSimprocs_SInt___macroRules_Lean_commandDeclare_sint_simprocs__1 took 0.147ms
interpretation of Lean.Meta.Simp._aux_Lean_Meta_Tactic_Simp_RegisterCommand___macroRules_Lean_Meta_Simp__root__Lean_Parser_Command_registerSimpAttr_1 took 0.165ms
interpretation of Batteries.Tactic._aux_Batteries_Tactic_Unreachable___macroRules_Batteries_Tactic_unreachableConv_1 took 0.982ms
interpretation of Batteries.Tactic._aux_Batteries_Tactic_HelpCmd___macroRules_Batteries_Tactic_command#help_Term+_____1 took 0.544ms
interpretation of Batteries.Tactic._aux_Batteries_Tactic_HelpCmd___macroRules_Batteries_Tactic_command#help_Tactic+_____1 took 0.514ms
interpretation of Batteries.Tactic._aux_Batteries_Tactic_HelpCmd___macroRules_Batteries_Tactic_command#help_Conv+_____1 took 0.511ms
interpretation of Batteries.Tactic._aux_Batteries_Tactic_HelpCmd___macroRules_Batteries_Tactic_command#help_Command+_____1 took 0.503ms
interpretation of ProofWidgets.Jsx._aux_ProofWidgets_Data_Html___macroRules_ProofWidgets_Jsx_term__1 took 0.798ms
interpretation of Mathlib.Tactic._aux_Mathlib_Tactic_NthRewrite___macroRules_Mathlib_Tactic_tacticNth_rewrite______1 took 0.651ms
interpretation of Mathlib.Tactic._aux_Mathlib_Tactic_NthRewrite___macroRules_Mathlib_Tactic_tacticNth_rw______1 took 0.64ms
interpretation of adaptationNoteTermElab took 0.552ms
interpretation of Lean.Elab.Term._aux_Mathlib_Tactic_TypeStar___elabRules_Lean_Elab_Term_termSort*_1 took 0.773ms
interpretation of Lean.Elab.Term._aux_Mathlib_Tactic_TypeStar___elabRules_Lean_Elab_Term_termType*_1 took 0.96ms
interpretation of elabWantedRef took 0.708ms
interpretation of ProofWidgets._aux_ProofWidgets_Component_OfRpcMethod___elabRules_ProofWidgets_termMk_rpc_widget%__1 took 0.664ms
interpretation of _aux_Mathlib_Tactic_AdaptationNote___elabRules_tactic#adaptation_note__1 took 0.786ms
interpretation of Mathlib.Linter.HaveILetI._aux_Mathlib_Tactic_Linter_HaveILetI___elabRules_Mathlib_Linter_HaveILetI_tacticHaveI___1 took 0.532ms
interpretation of Mathlib.Linter.HaveILetI._aux_Mathlib_Tactic_Linter_HaveILetI___elabRules_Mathlib_Linter_HaveILetI_tacticLetI___1 took 0.622ms
interpretation of Batteries.Tactic._aux_Batteries_Tactic_Unreachable___elabRules_Batteries_Tactic_unreachable_1 took 1.24ms
interpretation of Mathlib.Linter.Style._aux_Mathlib_Tactic_Linter_Style___elabRules_Mathlib_Linter_Style_show_1 took 1.29ms
interpretation of Mathlib.Tactic.ExtractGoal._aux_Mathlib_Tactic_ExtractGoal___elabRules_Mathlib_Tactic_ExtractGoal_extractGoal_1 took 0.771ms
interpretation of Lean.Linter._aux_Lean_Linter_Sets___elabRules_Lean_Linter_command_Register_linter_set_:=__1 took 0.191ms
interpretation of _aux_Mathlib_Tactic_AdaptationNote___elabRules_adaptationNoteCmd_1 took 0.973ms
interpretation of Mathlib.Linter.UnusedTactic._aux_Mathlib_Tactic_Linter_UnusedTacticExtension___elabRules_Mathlib_Linter_UnusedTactic_command#allow_unused_tactic!____1 took 0.829ms
interpretation of Mathlib.Linter.UnusedTactic._aux_Mathlib_Tactic_Linter_UnusedTacticExtension___elabRules_Mathlib_Linter_UnusedTactic_command#show_kind__1 took 0.567ms
interpretation of Mathlib.Command.MinImports._aux_Mathlib_Tactic_MinImports___elabRules_Mathlib_Command_MinImports_minImpsStx_1 took 0.502ms
interpretation of Mathlib.Command.MinImports._aux_Mathlib_Tactic_MinImports___elabRules_Mathlib_Command_MinImports_command#min_importsIn__1 took 0.518ms
interpretation of Mathlib.GuardExceptions._aux_Mathlib_Util_ParseCommand___elabRules_Mathlib_GuardExceptions_parseCmd_1 took 0.654ms
interpretation of Batteries.Util.LibraryNote._aux_Batteries_Util_LibraryNote___elabRules_Batteries_Util_LibraryNote_commandLibrary_note____1 took 0.509ms
interpretation of Batteries.Tactic._aux_Batteries_Tactic_HelpCmd___elabRules_Batteries_Tactic_command#help_Option____1 took 0.502ms
interpretation of Batteries.Tactic._aux_Batteries_Tactic_HelpCmd___elabRules_Batteries_Tactic_command#help_AttrAttribute____1 took 0.502ms
interpretation of Batteries.Tactic._aux_Batteries_Tactic_HelpCmd___elabRules_Batteries_Tactic_command#help_Cats____1 took 0.499ms
interpretation of Batteries.Tactic._aux_Batteries_Tactic_HelpCmd___elabRules_Batteries_Tactic_command#help_Cat+_______1 took 0.51ms
interpretation of Batteries.Tactic._aux_Batteries_Tactic_HelpCmd___elabRules_Batteries_Tactic_command#help_Note____1 took 0.505ms
interpretation of elabTheoremWanted took 0.532ms
interpretation of elabProofWanted took 0.527ms
interpretation of elabDefWanted took 0.534ms
interpretation of elabInstanceWanted took 0.533ms
interpretation of _aux_ImportGraph_Tools_FindHome___elabRules_command#find_home!__1 took 0.736ms
interpretation of _aux_ImportGraph_Tools_ImportDiff___elabRules_command#import_diff__1 took 0.733ms
interpretation of _aux_ImportGraph_Tools_MinImports___elabRules_command#min_imports_1 took 0.723ms
interpretation of _aux_ImportGraph_Tools_MinImports___elabRules_command#minimize_imports_1 took 0.775ms
interpretation of _aux_ImportGraph_Tools_RedundantImports___elabRules_command#redundant_imports_1 took 0.773ms
interpretation of Lean.Elab.Command.elabOpenPrivate took 0.587ms
interpretation of Lean.Elab.Command.elabExportPrivate took 0.584ms
interpretation of Batteries.Tactic.Lint._aux_Batteries_Tactic_Lint_Frontend___elabRules_Batteries_Tactic_Lint_command#lint+-*Only____1 took 0.516ms
interpretation of Batteries.Tactic.Lint._aux_Batteries_Tactic_Lint_Frontend___elabRules_Batteries_Tactic_Lint_command#list_linters_1 took 0.529ms
interpretation of _private.Batteries.Tactic.Lint.Basic.0.Batteries.Tactic.Lint.initFn._lam_1._@.Batteries.Tactic.Lint.Basic.880347739._hygCtx._hyg.2._boxed took 4.45ms
interpretation of _private.Mathlib.Tactic.Linter.UnusedTacticExtension.0.Mathlib.Linter.UnusedTactic.initFn._lam_1._@.Mathlib.Tactic.Linter.UnusedTacticExtension.2679548081._hygCtx._hyg.2._boxed took 1.82ms
interpretation of linarithToGrindRegressions took 11.7ms
interpretation of linter.tacticAnalysis.regressions.linarithToGrind took 0.0037ms
interpretation of ringToGrindRegressions took 3.92ms
interpretation of linter.tacticAnalysis.regressions.ringToGrind took 0.0024ms
interpretation of omegaToLiaRegressions took 5.58ms
interpretation of linter.tacticAnalysis.regressions.omegaToLia took 0.0029ms
interpretation of omegaToLia took 1.07ms
interpretation of linter.tacticAnalysis.omegaToLia took 0.0025ms
interpretation of Mathlib.TacticAnalysis.rwMerge took 6.37ms
interpretation of linter.tacticAnalysis.rwMerge took 0.0024ms
interpretation of Mathlib.TacticAnalysis.mergeWithGrind took 3.96ms
interpretation of linter.tacticAnalysis.mergeWithGrind took 0.0027ms
interpretation of Mathlib.TacticAnalysis.terminalToGrind took 1.77ms
interpretation of linter.tacticAnalysis.terminalToGrind took 0.0026ms
interpretation of tryAtEachStepGrind took 3.97ms
interpretation of linter.tacticAnalysis.tryAtEachStepGrind took 0.0043ms
interpretation of tryAtEachStepSimpAll took 2.34ms
interpretation of linter.tacticAnalysis.tryAtEachStepSimpAll took 0.0108ms
interpretation of tryAtEachStepAesop took 3.07ms
interpretation of linter.tacticAnalysis.tryAtEachStepAesop took 0.0037ms
interpretation of tryAtEachStepGrindSuggestions took 2.37ms
interpretation of linter.tacticAnalysis.tryAtEachStepGrindSuggestions took 0.0028ms
interpretation of tryAtEachStepSimpAllSuggestions took 2.39ms
interpretation of linter.tacticAnalysis.tryAtEachStepSimpAllSuggestions took 0.0024ms
interpretation of tryAtEachStepFromEnv took 1.8ms
interpretation of linter.tacticAnalysis.tryAtEachStepFromEnv took 0.0024ms
interpretation of Mathlib.TacticAnalysis.introMerge took 7.66ms
interpretation of linter.tacticAnalysis.introMerge took 0.0032ms
interpretation of verifyGrind took 3.38ms
interpretation of linter.tacticAnalysis.verifyGrind took 0.0067ms
interpretation of verifyGrindSuggestions took 2.76ms
interpretation of linter.tacticAnalysis.verifyGrindSuggestions took 0.0022ms
interpretation of verifyGrindOnly took 2.12ms
interpretation of linter.tacticAnalysis.verifyGrindOnly took 0.0022ms
interpretation of _private.Mathlib.Tactic.TacticAnalysis.0.Mathlib.TacticAnalysis.initFn._lam_4._@.Mathlib.Tactic.TacticAnalysis.358552301._hygCtx._hyg.2._boxed took 8.82ms
interpretation of _private.Batteries.Util.LibraryNote.0.Batteries.Util.LibraryNote.initFn._lam_1._@.Batteries.Util.LibraryNote.1081991270._hygCtx._hyg.2._boxed took 1.95ms
interpretation of _private.Batteries.Util.ProofWanted.0.initFn._lam_1._@.Batteries.Util.ProofWanted.2313051376._hygCtx._hyg.2._boxed took 0.0251ms
interpretation of _private.Batteries.Util.ProofWanted.0.initFn._lam_1._@.Batteries.Util.ProofWanted.3080469459._hygCtx._hyg.2._boxed took 0.008ms
import took 2.48s
parsing took 0.0668ms
interpretation of _private.Mathlib.Tactic.Linter.Header.0.Mathlib.Linter.Style.header.headerLinter._lam_3._boxed took 4.08ms
interpretation of _private.Mathlib.Tactic.Linter.AuxLemma.0.Mathlib.Linter.AuxLemma.auxLemmaLinter._lam_1._boxed took 3.07ms
interpretation of _private.Mathlib.Tactic.Linter.DeprecatedSyntaxLinter.0.Mathlib.Linter.Style.deprecatedSyntaxLinter._lam_1._boxed took 2.45ms
interpretation of _private.Mathlib.Tactic.Linter.DocPrime.0.Mathlib.Linter.DocPrime.docPrimeLinter._lam_3._boxed took 2.46ms
interpretation of _private.Mathlib.Tactic.Linter.DocString.0.Mathlib.Linter.Style.docStringLinter._lam_0._boxed took 7.81ms
interpretation of _private.Mathlib.Tactic.Linter.DocString.0.Mathlib.Linter.Style.moduleDocVersoLinter._lam_0._boxed took 0.788ms
interpretation of Mathlib.Linter.EmptyLine.emptyLineLinter._lam_2._boxed took 1.83ms
interpretation of _private.Mathlib.Tactic.Linter.GlobalAttributeIn.0.Mathlib.Linter.globalAttributeInLinter.globalAttributeIn._lam_0._boxed took 10.3ms
interpretation of _private.Mathlib.Tactic.Linter.HashCommandLinter.0.Mathlib.Linter.HashCommandLinter.withSetOptionIn'._boxed took 5.89ms
interpretation of _private.Mathlib.Tactic.Linter.FlexibleLinter.0.Mathlib.Linter.Flexible.flexibleLinter._lam_0._boxed took 1.82ms
interpretation of _private.Mathlib.Tactic.Linter.Multigoal.0.Mathlib.Linter.Style.multiGoal.multiGoalLinter._lam_0._boxed took 2.05ms
interpretation of _private.Mathlib.Tactic.Linter.OldObtain.0.Mathlib.Linter.Style.oldObtainLinter._lam_0._boxed took 1.87ms
interpretation of Mathlib.Linter.UnusedInstancesInType.withSetBoolOptionIn._boxed took 5.53ms
interpretation of Mathlib.Linter.UnusedInstancesInType.withSetBoolOptionIn._boxed took 0.549ms
overlappingInstancesLinter took 7ms
interpretation of Mathlib.Linter.UnusedInstancesInType.withSetBoolOptionIn._boxed took 3.48ms
interpretation of _private.Mathlib.Tactic.Linter.PrivateModule.0.Mathlib.Linter.privateModule._lam_1._boxed took 5.75ms
interpretation of _private.Mathlib.Tactic.Linter.UnusedTactic.0.Mathlib.Linter.UnusedTactic.unusedTacticLinter._lam_0._boxed took 27ms
interpretation of _private.Mathlib.Tactic.Linter.Style.0.Mathlib.Linter.Style.setOption.setOptionLinter._lam_0._boxed took 2.12ms
interpretation of _private.Mathlib.Tactic.Linter.Style.0.Mathlib.Linter.Style.missingEnd.missingEndLinter._lam_0._boxed took 4.6ms
interpretation of _private.Mathlib.Tactic.Linter.Style.0.Mathlib.Linter.Style.cdotLinter._lam_0._boxed took 0.791ms
interpretation of _private.Mathlib.Tactic.Linter.Style.0.Mathlib.Linter.Style.dollarSyntax.dollarSyntaxLinter._lam_0._boxed took 0.822ms
interpretation of _private.Mathlib.Tactic.Linter.Style.0.Mathlib.Linter.Style.lambdaSyntax.lambdaSyntaxLinter._lam_0._boxed took 0.83ms
interpretation of _private.Mathlib.Tactic.Linter.Style.0.Mathlib.Linter.Style.longFile.longFileLinter._lam_0._boxed took 1.48ms
interpretation of _private.Mathlib.Tactic.Linter.Style.0.Mathlib.Linter.Style.longLine.longLineLinter._lam_0._boxed took 1.01ms
interpretation of _private.Mathlib.Tactic.Linter.Style.0.Mathlib.Linter.Style.nameCheck.doubleUnderscore._lam_2._boxed took 12.8ms
interpretation of _private.Mathlib.Tactic.Linter.Style.0.Mathlib.Linter.Style.openClassical.openClassicalLinter._lam_0._boxed took 0.849ms
interpretation of _private.Mathlib.Tactic.Linter.Whitespace.0.Mathlib.Linter.Style.Whitespace.whitespaceLinter._lam_4._boxed took 1.86ms
tacticAnalysis took 48.4ms
interpretation of Mathlib.TacticAnalysis.tacticAnalysis._lam_1._boxed took 1.44ms
interpretation of _private.Mathlib.Tactic.Linter.Lint.0.Mathlib.Linter.DupNamespaceLinter.dupNamespace._lam_1._boxed took 9.35ms
linting took 1.84ms
elaboration took 0.214ms
parsing took 0.229ms
interpretation of _private.Mathlib.Tactic.Linter.Header.0.Mathlib.Linter.Style.header.headerLinter._lam_3._boxed took 0.0668ms
interpretation of _private.Mathlib.Tactic.Linter.AuxLemma.0.Mathlib.Linter.AuxLemma.auxLemmaLinter._lam_1._boxed took 0.0516ms
interpretation of _private.Mathlib.Tactic.Linter.DeprecatedSyntaxLinter.0.Mathlib.Linter.Style.deprecatedSyntaxLinter._lam_1._boxed took 0.0396ms
interpretation of _private.Mathlib.Tactic.Linter.DocPrime.0.Mathlib.Linter.DocPrime.docPrimeLinter._lam_3._boxed took 0.0241ms
interpretation of _private.Mathlib.Tactic.Linter.DocString.0.Mathlib.Linter.Style.docStringLinter._lam_0._boxed took 0.133ms
interpretation of _private.Mathlib.Tactic.Linter.DocString.0.Mathlib.Linter.Style.moduleDocVersoLinter._lam_0._boxed took 0.0327ms
interpretation of Mathlib.Linter.EmptyLine.emptyLineLinter._lam_2._boxed took 0.024ms
interpretation of _private.Mathlib.Tactic.Linter.GlobalAttributeIn.0.Mathlib.Linter.globalAttributeInLinter.globalAttributeIn._lam_0._boxed took 0.112ms
interpretation of _private.Mathlib.Tactic.Linter.HashCommandLinter.0.Mathlib.Linter.HashCommandLinter.withSetOptionIn'._boxed took 0.0493ms
interpretation of _private.Mathlib.Tactic.Linter.FlexibleLinter.0.Mathlib.Linter.Flexible.flexibleLinter._lam_0._boxed took 0.0263ms
interpretation of _private.Mathlib.Tactic.Linter.Multigoal.0.Mathlib.Linter.Style.multiGoal.multiGoalLinter._lam_0._boxed took 0.0221ms
interpretation of _private.Mathlib.Tactic.Linter.OldObtain.0.Mathlib.Linter.Style.oldObtainLinter._lam_0._boxed took 0.0235ms
interpretation of Mathlib.Linter.UnusedInstancesInType.withSetBoolOptionIn._boxed took 0.0558ms
interpretation of Mathlib.Linter.UnusedInstancesInType.withSetBoolOptionIn._boxed took 0.0346ms
overlappingInstancesLinter took 0.048ms
interpretation of Mathlib.Linter.UnusedInstancesInType.withSetBoolOptionIn._boxed took 0.0984ms
interpretation of _private.Mathlib.Tactic.Linter.PrivateModule.0.Mathlib.Linter.privateModule._lam_1._boxed took 0.0212ms
interpretation of _private.Mathlib.Tactic.Linter.UnusedTactic.0.Mathlib.Linter.UnusedTactic.unusedTacticLinter._lam_0._boxed took 1.02ms
interpretation of _private.Mathlib.Tactic.Linter.Style.0.Mathlib.Linter.Style.setOption.setOptionLinter._lam_0._boxed took 0.0384ms
interpretation of _private.Mathlib.Tactic.Linter.Style.0.Mathlib.Linter.Style.missingEnd.missingEndLinter._lam_0._boxed took 0.042ms
interpretation of _private.Mathlib.Tactic.Linter.Style.0.Mathlib.Linter.Style.cdotLinter._lam_0._boxed took 0.0208ms
interpretation of _private.Mathlib.Tactic.Linter.Style.0.Mathlib.Linter.Style.dollarSyntax.dollarSyntaxLinter._lam_0._boxed took 0.0175ms
interpretation of _private.Mathlib.Tactic.Linter.Style.0.Mathlib.Linter.Style.lambdaSyntax.lambdaSyntaxLinter._lam_0._boxed took 0.0173ms
interpretation of _private.Mathlib.Tactic.Linter.Style.0.Mathlib.Linter.Style.longFile.longFileLinter._lam_0._boxed took 0.0208ms
interpretation of _private.Mathlib.Tactic.Linter.Style.0.Mathlib.Linter.Style.longLine.longLineLinter._lam_0._boxed took 0.0178ms
interpretation of _private.Mathlib.Tactic.Linter.Style.0.Mathlib.Linter.Style.nameCheck.doubleUnderscore._lam_2._boxed took 0.147ms
interpretation of _private.Mathlib.Tactic.Linter.Style.0.Mathlib.Linter.Style.openClassical.openClassicalLinter._lam_0._boxed took 0.0202ms
interpretation of _private.Mathlib.Tactic.Linter.Whitespace.0.Mathlib.Linter.Style.Whitespace.whitespaceLinter._lam_4._boxed took 0.0254ms
tacticAnalysis took 0.284ms
interpretation of Mathlib.TacticAnalysis.tacticAnalysis._lam_1._boxed took 0.0522ms
interpretation of _private.Mathlib.Tactic.Linter.Lint.0.Mathlib.Linter.DupNamespaceLinter.dupNamespace._lam_1._boxed took 0.0771ms
linting took 0.851ms
elaboration took 0.123ms
parsing took 0.0287ms
interpretation of _private.Mathlib.Tactic.Linter.Header.0.Mathlib.Linter.Style.header.headerLinter._lam_3._boxed took 0.0456ms
interpretation of _private.Mathlib.Tactic.Linter.AuxLemma.0.Mathlib.Linter.AuxLemma.auxLemmaLinter._lam_1._boxed took 0.0469ms
interpretation of _private.Mathlib.Tactic.Linter.DeprecatedSyntaxLinter.0.Mathlib.Linter.Style.deprecatedSyntaxLinter._lam_1._boxed took 0.0373ms
interpretation of _private.Mathlib.Tactic.Linter.DocPrime.0.Mathlib.Linter.DocPrime.docPrimeLinter._lam_3._boxed took 0.0232ms
interpretation of _private.Mathlib.Tactic.Linter.DocString.0.Mathlib.Linter.Style.docStringLinter._lam_0._boxed took 0.0929ms
interpretation of _private.Mathlib.Tactic.Linter.DocString.0.Mathlib.Linter.Style.moduleDocVersoLinter._lam_0._boxed took 0.0228ms
interpretation of Mathlib.Linter.EmptyLine.emptyLineLinter._lam_2._boxed took 0.0279ms
interpretation of _private.Mathlib.Tactic.Linter.GlobalAttributeIn.0.Mathlib.Linter.globalAttributeInLinter.globalAttributeIn._lam_0._boxed took 0.0702ms
interpretation of _private.Mathlib.Tactic.Linter.HashCommandLinter.0.Mathlib.Linter.HashCommandLinter.withSetOptionIn'._boxed took 0.048ms
interpretation of _private.Mathlib.Tactic.Linter.FlexibleLinter.0.Mathlib.Linter.Flexible.flexibleLinter._lam_0._boxed took 0.0254ms
interpretation of _private.Mathlib.Tactic.Linter.Multigoal.0.Mathlib.Linter.Style.multiGoal.multiGoalLinter._lam_0._boxed took 0.0231ms
interpretation of _private.Mathlib.Tactic.Linter.OldObtain.0.Mathlib.Linter.Style.oldObtainLinter._lam_0._boxed took 0.0201ms
interpretation of Mathlib.Linter.UnusedInstancesInType.withSetBoolOptionIn._boxed took 0.0441ms
interpretation of Mathlib.Linter.UnusedInstancesInType.withSetBoolOptionIn._boxed took 0.0351ms
overlappingInstancesLinter took 0.0449ms
interpretation of Mathlib.Linter.UnusedInstancesInType.withSetBoolOptionIn._boxed took 0.0863ms
interpretation of _private.Mathlib.Tactic.Linter.PrivateModule.0.Mathlib.Linter.privateModule._lam_1._boxed took 0.0264ms
interpretation of _private.Mathlib.Tactic.Linter.UnusedTactic.0.Mathlib.Linter.UnusedTactic.unusedTacticLinter._lam_0._boxed took 0.383ms
interpretation of _private.Mathlib.Tactic.Linter.Style.0.Mathlib.Linter.Style.setOption.setOptionLinter._lam_0._boxed took 0.0362ms
interpretation of _private.Mathlib.Tactic.Linter.Style.0.Mathlib.Linter.Style.missingEnd.missingEndLinter._lam_0._boxed took 0.142ms
interpretation of _private.Mathlib.Tactic.Linter.Style.0.Mathlib.Linter.Style.cdotLinter._lam_0._boxed took 0.0981ms
interpretation of _private.Mathlib.Tactic.Linter.Style.0.Mathlib.Linter.Style.dollarSyntax.dollarSyntaxLinter._lam_0._boxed took 0.0388ms
interpretation of _private.Mathlib.Tactic.Linter.Style.0.Mathlib.Linter.Style.lambdaSyntax.lambdaSyntaxLinter._lam_0._boxed took 0.0331ms
interpretation of _private.Mathlib.Tactic.Linter.Style.0.Mathlib.Linter.Style.longFile.longFileLinter._lam_0._boxed took 0.0503ms
interpretation of _private.Mathlib.Tactic.Linter.Style.0.Mathlib.Linter.Style.longLine.longLineLinter._lam_0._boxed took 0.0335ms
interpretation of _private.Mathlib.Tactic.Linter.Style.0.Mathlib.Linter.Style.nameCheck.doubleUnderscore._lam_2._boxed took 0.205ms
interpretation of _private.Mathlib.Tactic.Linter.Style.0.Mathlib.Linter.Style.openClassical.openClassicalLinter._lam_0._boxed took 0.0244ms
interpretation of _private.Mathlib.Tactic.Linter.Whitespace.0.Mathlib.Linter.Style.Whitespace.whitespaceLinter._lam_4._boxed took 0.0438ms
tacticAnalysis took 0.527ms
interpretation of Mathlib.TacticAnalysis.tacticAnalysis._lam_1._boxed took 0.105ms
interpretation of _private.Mathlib.Tactic.Linter.Lint.0.Mathlib.Linter.DupNamespaceLinter.dupNamespace._lam_1._boxed took 0.143ms
linting took 1.01ms
elaboration took 0.0731ms
parsing took 0.12ms
interpretation of _private.Mathlib.Tactic.Linter.Header.0.Mathlib.Linter.Style.header.headerLinter._lam_3._boxed took 0.139ms
interpretation of _private.Mathlib.Tactic.Linter.AuxLemma.0.Mathlib.Linter.AuxLemma.auxLemmaLinter._lam_1._boxed took 10.7ms
interpretation of _private.Mathlib.Tactic.Linter.DeprecatedSyntaxLinter.0.Mathlib.Linter.Style.deprecatedSyntaxLinter._lam_1._boxed took 0.108ms
interpretation of _private.Mathlib.Tactic.Linter.DocPrime.0.Mathlib.Linter.DocPrime.docPrimeLinter._lam_3._boxed took 0.0328ms
interpretation of _private.Mathlib.Tactic.Linter.DocString.0.Mathlib.Linter.Style.docStringLinter._lam_0._boxed took 0.147ms
interpretation of _private.Mathlib.Tactic.Linter.DocString.0.Mathlib.Linter.Style.moduleDocVersoLinter._lam_0._boxed took 0.0238ms
interpretation of Mathlib.Linter.EmptyLine.emptyLineLinter._lam_2._boxed took 0.0268ms
interpretation of _private.Mathlib.Tactic.Linter.GlobalAttributeIn.0.Mathlib.Linter.globalAttributeInLinter.globalAttributeIn._lam_0._boxed took 0.0831ms
interpretation of _private.Mathlib.Tactic.Linter.HashCommandLinter.0.Mathlib.Linter.HashCommandLinter.withSetOptionIn'._boxed took 0.0527ms
interpretation of _private.Mathlib.Tactic.Linter.FlexibleLinter.0.Mathlib.Linter.Flexible.flexibleLinter._lam_0._boxed took 0.0273ms
interpretation of _private.Mathlib.Tactic.Linter.Multigoal.0.Mathlib.Linter.Style.multiGoal.multiGoalLinter._lam_0._boxed took 0.0241ms
interpretation of _private.Mathlib.Tactic.Linter.OldObtain.0.Mathlib.Linter.Style.oldObtainLinter._lam_0._boxed took 0.021ms
interpretation of Mathlib.Linter.UnusedInstancesInType.withSetBoolOptionIn._boxed took 0.048ms
interpretation of Mathlib.Linter.UnusedInstancesInType.withSetBoolOptionIn._boxed took 0.0325ms
overlappingInstancesLinter took 0.0517ms
interpretation of Mathlib.Linter.UnusedInstancesInType.withSetBoolOptionIn._boxed took 0.0821ms
interpretation of _private.Mathlib.Tactic.Linter.PrivateModule.0.Mathlib.Linter.privateModule._lam_1._boxed took 0.0244ms
interpretation of _private.Mathlib.Tactic.Linter.UnusedTactic.0.Mathlib.Linter.UnusedTactic.unusedTacticLinter._lam_0._boxed took 0.424ms
interpretation of _private.Mathlib.Tactic.Linter.Style.0.Mathlib.Linter.Style.setOption.setOptionLinter._lam_0._boxed took 0.0309ms
interpretation of _private.Mathlib.Tactic.Linter.Style.0.Mathlib.Linter.Style.missingEnd.missingEndLinter._lam_0._boxed took 0.0421ms
interpretation of _private.Mathlib.Tactic.Linter.Style.0.Mathlib.Linter.Style.cdotLinter._lam_0._boxed took 0.0212ms
interpretation of _private.Mathlib.Tactic.Linter.Style.0.Mathlib.Linter.Style.dollarSyntax.dollarSyntaxLinter._lam_0._boxed took 0.017ms
interpretation of _private.Mathlib.Tactic.Linter.Style.0.Mathlib.Linter.Style.lambdaSyntax.lambdaSyntaxLinter._lam_0._boxed took 0.0175ms
interpretation of _private.Mathlib.Tactic.Linter.Style.0.Mathlib.Linter.Style.longFile.longFileLinter._lam_0._boxed took 0.033ms
interpretation of _private.Mathlib.Tactic.Linter.Style.0.Mathlib.Linter.Style.longLine.longLineLinter._lam_0._boxed took 0.018ms
interpretation of _private.Mathlib.Tactic.Linter.Style.0.Mathlib.Linter.Style.nameCheck.doubleUnderscore._lam_2._boxed took 0.139ms
interpretation of _private.Mathlib.Tactic.Linter.Style.0.Mathlib.Linter.Style.openClassical.openClassicalLinter._lam_0._boxed took 0.0203ms
interpretation of _private.Mathlib.Tactic.Linter.Whitespace.0.Mathlib.Linter.Style.Whitespace.whitespaceLinter._lam_4._boxed took 0.0266ms
tacticAnalysis took 0.358ms
interpretation of Mathlib.TacticAnalysis.tacticAnalysis._lam_1._boxed took 0.0767ms
interpretation of _private.Mathlib.Tactic.Linter.Lint.0.Mathlib.Linter.DupNamespaceLinter.dupNamespace._lam_1._boxed took 0.0988ms
linting took 1.05ms
elaboration took 0.552ms
parsing took 0.0654ms
interpretation of _private.Mathlib.Tactic.Linter.Header.0.Mathlib.Linter.Style.header.headerLinter._lam_3._boxed took 0.0453ms
interpretation of _private.Mathlib.Tactic.Linter.AuxLemma.0.Mathlib.Linter.AuxLemma.auxLemmaLinter._lam_1._boxed took 0.0933ms
interpretation of _private.Mathlib.Tactic.Linter.DeprecatedSyntaxLinter.0.Mathlib.Linter.Style.deprecatedSyntaxLinter._lam_1._boxed took 0.0495ms
interpretation of _private.Mathlib.Tactic.Linter.DocPrime.0.Mathlib.Linter.DocPrime.docPrimeLinter._lam_3._boxed took 0.0235ms
interpretation of _private.Mathlib.Tactic.Linter.DocString.0.Mathlib.Linter.Style.docStringLinter._lam_0._boxed took 0.108ms
interpretation of _private.Mathlib.Tactic.Linter.DocString.0.Mathlib.Linter.Style.moduleDocVersoLinter._lam_0._boxed took 0.0214ms
interpretation of Mathlib.Linter.EmptyLine.emptyLineLinter._lam_2._boxed took 0.0229ms
interpretation of _private.Mathlib.Tactic.Linter.GlobalAttributeIn.0.Mathlib.Linter.globalAttributeInLinter.globalAttributeIn._lam_0._boxed took 0.0796ms
interpretation of _private.Mathlib.Tactic.Linter.HashCommandLinter.0.Mathlib.Linter.HashCommandLinter.withSetOptionIn'._boxed took 0.048ms
interpretation of _private.Mathlib.Tactic.Linter.FlexibleLinter.0.Mathlib.Linter.Flexible.flexibleLinter._lam_0._boxed took 0.0273ms
interpretation of _private.Mathlib.Tactic.Linter.Multigoal.0.Mathlib.Linter.Style.multiGoal.multiGoalLinter._lam_0._boxed took 0.0215ms
interpretation of _private.Mathlib.Tactic.Linter.OldObtain.0.Mathlib.Linter.Style.oldObtainLinter._lam_0._boxed took 0.0315ms
interpretation of Mathlib.Linter.UnusedInstancesInType.withSetBoolOptionIn._boxed took 0.0612ms
interpretation of Mathlib.Linter.UnusedInstancesInType.withSetBoolOptionIn._boxed took 0.044ms
overlappingInstancesLinter took 0.0511ms
interpretation of Mathlib.Linter.UnusedInstancesInType.withSetBoolOptionIn._boxed took 0.0805ms
interpretation of _private.Mathlib.Tactic.Linter.PrivateModule.0.Mathlib.Linter.privateModule._lam_1._boxed took 0.0212ms
interpretation of _private.Mathlib.Tactic.Linter.UnusedTactic.0.Mathlib.Linter.UnusedTactic.unusedTacticLinter._lam_0._boxed took 0.394ms
interpretation of _private.Mathlib.Tactic.Linter.Style.0.Mathlib.Linter.Style.setOption.setOptionLinter._lam_0._boxed took 0.0288ms
interpretation of _private.Mathlib.Tactic.Linter.Style.0.Mathlib.Linter.Style.missingEnd.missingEndLinter._lam_0._boxed took 0.0399ms
interpretation of _private.Mathlib.Tactic.Linter.Style.0.Mathlib.Linter.Style.cdotLinter._lam_0._boxed took 0.0196ms
interpretation of _private.Mathlib.Tactic.Linter.Style.0.Mathlib.Linter.Style.dollarSyntax.dollarSyntaxLinter._lam_0._boxed took 0.0183ms
interpretation of _private.Mathlib.Tactic.Linter.Style.0.Mathlib.Linter.Style.lambdaSyntax.lambdaSyntaxLinter._lam_0._boxed took 0.016ms
interpretation of _private.Mathlib.Tactic.Linter.Style.0.Mathlib.Linter.Style.longFile.longFileLinter._lam_0._boxed took 0.0195ms
interpretation of _private.Mathlib.Tactic.Linter.Style.0.Mathlib.Linter.Style.longLine.longLineLinter._lam_0._boxed took 0.0169ms
interpretation of _private.Mathlib.Tactic.Linter.Style.0.Mathlib.Linter.Style.nameCheck.doubleUnderscore._lam_2._boxed took 0.133ms
interpretation of _private.Mathlib.Tactic.Linter.Style.0.Mathlib.Linter.Style.openClassical.openClassicalLinter._lam_0._boxed took 0.0196ms
interpretation of _private.Mathlib.Tactic.Linter.Whitespace.0.Mathlib.Linter.Style.Whitespace.whitespaceLinter._lam_4._boxed took 0.0251ms
tacticAnalysis took 0.267ms
interpretation of Mathlib.TacticAnalysis.tacticAnalysis._lam_1._boxed took 0.0508ms
interpretation of _private.Mathlib.Tactic.Linter.Lint.0.Mathlib.Linter.DupNamespaceLinter.dupNamespace._lam_1._boxed took 0.0778ms
linting took 0.772ms
elaboration took 0.278ms
parsing took 0.497ms
attribute application took 0.0266ms
type checking took 0.258ms
type checking took 0.0726ms
type checking took 0.0648ms
type checking took 0.0215ms
type checking took 0.0798ms
type checking took 0.204ms
type checking took 0.144ms
typeclass inference of OfNat took 0.532ms
typeclass inference of SizeOf took 0.0726ms
typeclass inference of HAdd took 0.504ms
typeclass inference of SizeOf took 0.0643ms
typeclass inference of HAdd took 0.0092ms
type checking took 0.131ms
type checking took 0.0361ms
typeclass inference of OfNat took 0.137ms
typeclass inference of SizeOf took 0.062ms
typeclass inference of HAdd took 0.324ms
typeclass inference of SizeOf took 0.0569ms
typeclass inference of HAdd took 0.009ms
type checking took 0.336ms
congr simp thm took 0.0918ms
congr simp thm took 0.024ms
simp took 0.578ms
simp took 0.0297ms
type checking took 0.241ms
type checking took 0.297ms
type checking took 0.035ms
type checking took 0.0247ms
type checking took 0.0287ms
attribute application took 0.0049ms
attribute application took 0.0114ms
instantiate metavars took 0.0071ms
instantiate metavars took 0.0037ms
typeclass inference of BEq took 0.0977ms
typeclass inference of BEq took 1ms
type checking took 0.297ms
instantiate metavars took 0.0153ms
instantiate metavars took 0.0018ms
instantiate metavars took 0.001ms
instantiate metavars took 0.0013ms
instantiate metavars took 0.0009ms
share common exprs took 0.124ms
fix level params took 0.0389ms
let-to-have transformation took 0.0249ms
let-to-have transformation took 0.0055ms
type checking took 0.177ms
attribute application took 0.0076ms
compilation (LCNF base) took 2.94ms
compilation (LCNF mono) took 0.335ms
compilation (LCNF mono) took 0.385ms
compilation (LCNF impure) took 0.726ms
compilation (IR) took 0.186ms
attribute application took 0.0064ms
process pre-definitions took 5.03ms
attribute application took 0.0205ms
instantiate metavars took 0.0054ms
instantiate metavars took 0.001ms
instantiate metavars took 0.003ms
instantiate metavars took 0.001ms
instantiate metavars took 0.0005ms
instantiate metavars took 0.0007ms
instantiate metavars took 0.0005ms
share common exprs took 0.0161ms
fix level params took 0.0054ms
let-to-have transformation took 0.0059ms
let-to-have transformation took 0.0023ms
type checking took 0.0562ms
attribute application took 0.179ms
compilation (LCNF base) took 0.358ms
compilation (LCNF mono) took 0.0647ms
compilation (LCNF mono) took 0.154ms
compilation (LCNF impure) took 0.203ms
compilation (IR) took 0.0382ms
attribute application took 0.0097ms
process pre-definitions took 0.766ms
attribute application took 1.12ms
typeclass inference of Inhabited took 0.472ms
typeclass inference of Inhabited took 0.114ms
type checking took 0.0868ms
compilation (LCNF base) took 0.662ms
compilation (LCNF mono) took 0.216ms
compilation (LCNF mono) took 0.382ms
compilation (LCNF impure) took 0.33ms
compilation (IR) took 0.0846ms
attribute application took 0.0125ms
instantiate metavars took 0.0068ms
instantiate metavars took 0.0016ms
instantiate metavars took 0.0055ms
instantiate metavars took 0.0017ms
instantiate metavars took 0.0012ms
instantiate metavars took 0.0014ms
instantiate metavars took 0.0011ms
share common exprs took 0.0214ms
fix level params took 0.0176ms
let-to-have transformation took 0.0055ms
let-to-have transformation took 0.0035ms
type checking took 0.0644ms
attribute application took 0.268ms
compilation (LCNF base) took 0.339ms
compilation (LCNF mono) took 0.0912ms
compilation (LCNF mono) took 0.188ms
compilation (LCNF impure) took 0.178ms
compilation (IR) took 0.0325ms
attribute application took 0.0091ms
process pre-definitions took 0.971ms
attribute application took 0.0033ms
interpretation of _private.Mathlib.Tactic.Linter.Header.0.Mathlib.Linter.Style.header.headerLinter._lam_3._boxed took 0.0754ms
interpretation of _private.Mathlib.Tactic.Linter.AuxLemma.0.Mathlib.Linter.AuxLemma.auxLemmaLinter._lam_1._boxed took 0.168ms
interpretation of _private.Mathlib.Tactic.Linter.DeprecatedSyntaxLinter.0.Mathlib.Linter.Style.deprecatedSyntaxLinter._lam_1._boxed took 0.0994ms
interpretation of _private.Mathlib.Tactic.Linter.DocPrime.0.Mathlib.Linter.DocPrime.docPrimeLinter._lam_3._boxed took 0.0499ms
interpretation of _private.Mathlib.Tactic.Linter.DocString.0.Mathlib.Linter.Style.docStringLinter._lam_0._boxed took 16ms
interpretation of _private.Mathlib.Tactic.Linter.DocString.0.Mathlib.Linter.Style.moduleDocVersoLinter._lam_0._boxed took 0.0777ms
interpretation of Mathlib.Linter.EmptyLine.emptyLineLinter._lam_2._boxed took 0.0371ms
interpretation of _private.Mathlib.Tactic.Linter.GlobalAttributeIn.0.Mathlib.Linter.globalAttributeInLinter.globalAttributeIn._lam_0._boxed took 0.312ms
interpretation of _private.Mathlib.Tactic.Linter.HashCommandLinter.0.Mathlib.Linter.HashCommandLinter.withSetOptionIn'._boxed took 0.0575ms
interpretation of _private.Mathlib.Tactic.Linter.FlexibleLinter.0.Mathlib.Linter.Flexible.flexibleLinter._lam_0._boxed took 0.0297ms
interpretation of _private.Mathlib.Tactic.Linter.Multigoal.0.Mathlib.Linter.Style.multiGoal.multiGoalLinter._lam_0._boxed took 0.0231ms
interpretation of _private.Mathlib.Tactic.Linter.OldObtain.0.Mathlib.Linter.Style.oldObtainLinter._lam_0._boxed took 0.0211ms
interpretation of Mathlib.Linter.UnusedInstancesInType.withSetBoolOptionIn._boxed took 0.0471ms
interpretation of Mathlib.Linter.UnusedInstancesInType.withSetBoolOptionIn._boxed took 0.0331ms
overlappingInstancesLinter took 18.7ms
interpretation of Mathlib.Linter.UnusedInstancesInType.withSetBoolOptionIn._boxed took 0.115ms
interpretation of _private.Mathlib.Tactic.Linter.PrivateModule.0.Mathlib.Linter.privateModule._lam_1._boxed took 0.0401ms
interpretation of _private.Mathlib.Tactic.Linter.UnusedTactic.0.Mathlib.Linter.UnusedTactic.unusedTacticLinter._lam_0._boxed took 0.88ms
interpretation of _private.Mathlib.Tactic.Linter.Style.0.Mathlib.Linter.Style.setOption.setOptionLinter._lam_0._boxed took 0.033ms
interpretation of _private.Mathlib.Tactic.Linter.Style.0.Mathlib.Linter.Style.missingEnd.missingEndLinter._lam_0._boxed took 0.0587ms
interpretation of _private.Mathlib.Tactic.Linter.Style.0.Mathlib.Linter.Style.cdotLinter._lam_0._boxed took 0.0225ms
interpretation of _private.Mathlib.Tactic.Linter.Style.0.Mathlib.Linter.Style.dollarSyntax.dollarSyntaxLinter._lam_0._boxed took 0.0185ms
interpretation of _private.Mathlib.Tactic.Linter.Style.0.Mathlib.Linter.Style.lambdaSyntax.lambdaSyntaxLinter._lam_0._boxed took 0.0172ms
interpretation of _private.Mathlib.Tactic.Linter.Style.0.Mathlib.Linter.Style.longFile.longFileLinter._lam_0._boxed took 0.0208ms
interpretation of _private.Mathlib.Tactic.Linter.Style.0.Mathlib.Linter.Style.longLine.longLineLinter._lam_0._boxed took 0.0182ms
interpretation of _private.Mathlib.Tactic.Linter.Style.0.Mathlib.Linter.Style.nameCheck.doubleUnderscore._lam_2._boxed took 1.06ms
interpretation of _private.Mathlib.Tactic.Linter.Style.0.Mathlib.Linter.Style.openClassical.openClassicalLinter._lam_0._boxed took 0.0367ms
interpretation of _private.Mathlib.Tactic.Linter.Whitespace.0.Mathlib.Linter.Style.Whitespace.whitespaceLinter._lam_4._boxed took 0.0283ms
tacticAnalysis took 3.09ms
interpretation of Mathlib.TacticAnalysis.tacticAnalysis._lam_1._boxed took 0.0825ms
interpretation of _private.Mathlib.Tactic.Linter.Lint.0.Mathlib.Linter.DupNamespaceLinter.dupNamespace._lam_1._boxed took 3.53ms
linting took 1.64ms
elaboration took 44.2ms
parsing took 0.335ms
attribute application took 0.0099ms
instantiate metavars took 0.0041ms
instantiate metavars took 0.0009ms
typeclass inference of CoeT took 2.6ms
typeclass inference of Decidable took 0.248ms
typeclass inference of Std.ToFormat took 0.0675ms
typeclass inference of Std.ToFormat took 0.0698ms
typeclass inference of HAppend took 0.377ms
typeclass inference of HAppend took 0.364ms
instantiate metavars took 0.0021ms
instantiate metavars took 0.001ms
instantiate metavars took 0.0006ms
instantiate metavars took 0.0006ms
instantiate metavars took 0.0005ms
share common exprs took 0.0563ms
fix level params took 0.0098ms
let-to-have transformation took 0.0052ms
let-to-have transformation took 0.0047ms
type checking took 0.147ms
attribute application took 0.123ms
compilation (LCNF base) took 2.24ms
compilation (LCNF mono) took 0.816ms
compilation (LCNF mono) took 0.407ms
compilation (LCNF impure) took 0.408ms
compilation (IR) took 0.0777ms
compilation (LCNF mono) took 0.153ms
compilation (LCNF impure) took 0.122ms
compilation (IR) took 0.0466ms
attribute application took 0.0166ms
process pre-definitions took 2.9ms
interpretation of _private.Mathlib.Tactic.Linter.Header.0.Mathlib.Linter.Style.header.headerLinter._lam_3._boxed took 0.0667ms
interpretation of _private.Mathlib.Tactic.Linter.AuxLemma.0.Mathlib.Linter.AuxLemma.auxLemmaLinter._lam_1._boxed took 0.209ms
interpretation of _private.Mathlib.Tactic.Linter.DeprecatedSyntaxLinter.0.Mathlib.Linter.Style.deprecatedSyntaxLinter._lam_1._boxed took 0.0724ms
interpretation of _private.Mathlib.Tactic.Linter.DocPrime.0.Mathlib.Linter.DocPrime.docPrimeLinter._lam_3._boxed took 0.0395ms
interpretation of _private.Mathlib.Tactic.Linter.DocString.0.Mathlib.Linter.Style.docStringLinter._lam_0._boxed took 0.377ms
interpretation of _private.Mathlib.Tactic.Linter.DocString.0.Mathlib.Linter.Style.moduleDocVersoLinter._lam_0._boxed took 0.0502ms
interpretation of Mathlib.Linter.EmptyLine.emptyLineLinter._lam_2._boxed took 0.0308ms
interpretation of _private.Mathlib.Tactic.Linter.GlobalAttributeIn.0.Mathlib.Linter.globalAttributeInLinter.globalAttributeIn._lam_0._boxed took 0.246ms
interpretation of _private.Mathlib.Tactic.Linter.HashCommandLinter.0.Mathlib.Linter.HashCommandLinter.withSetOptionIn'._boxed took 0.0683ms
interpretation of _private.Mathlib.Tactic.Linter.FlexibleLinter.0.Mathlib.Linter.Flexible.flexibleLinter._lam_0._boxed took 0.0455ms
interpretation of _private.Mathlib.Tactic.Linter.Multigoal.0.Mathlib.Linter.Style.multiGoal.multiGoalLinter._lam_0._boxed took 0.0312ms
interpretation of _private.Mathlib.Tactic.Linter.OldObtain.0.Mathlib.Linter.Style.oldObtainLinter._lam_0._boxed took 0.0343ms
interpretation of Mathlib.Linter.UnusedInstancesInType.withSetBoolOptionIn._boxed took 0.0836ms
interpretation of Mathlib.Linter.UnusedInstancesInType.withSetBoolOptionIn._boxed took 0.043ms
overlappingInstancesLinter took 0.566ms
interpretation of Mathlib.Linter.UnusedInstancesInType.withSetBoolOptionIn._boxed took 0.181ms
interpretation of _private.Mathlib.Tactic.Linter.PrivateModule.0.Mathlib.Linter.privateModule._lam_1._boxed took 0.0705ms
interpretation of _private.Mathlib.Tactic.Linter.UnusedTactic.0.Mathlib.Linter.UnusedTactic.unusedTacticLinter._lam_0._boxed took 1.31ms
interpretation of _private.Mathlib.Tactic.Linter.Style.0.Mathlib.Linter.Style.setOption.setOptionLinter._lam_0._boxed took 0.108ms
interpretation of _private.Mathlib.Tactic.Linter.Style.0.Mathlib.Linter.Style.missingEnd.missingEndLinter._lam_0._boxed took 0.0639ms
interpretation of _private.Mathlib.Tactic.Linter.Style.0.Mathlib.Linter.Style.cdotLinter._lam_0._boxed took 0.0363ms
interpretation of _private.Mathlib.Tactic.Linter.Style.0.Mathlib.Linter.Style.dollarSyntax.dollarSyntaxLinter._lam_0._boxed took 0.0271ms
interpretation of _private.Mathlib.Tactic.Linter.Style.0.Mathlib.Linter.Style.lambdaSyntax.lambdaSyntaxLinter._lam_0._boxed took 0.0239ms
interpretation of _private.Mathlib.Tactic.Linter.Style.0.Mathlib.Linter.Style.longFile.longFileLinter._lam_0._boxed took 0.0372ms
interpretation of _private.Mathlib.Tactic.Linter.Style.0.Mathlib.Linter.Style.longLine.longLineLinter._lam_0._boxed took 0.0257ms
interpretation of _private.Mathlib.Tactic.Linter.Style.0.Mathlib.Linter.Style.nameCheck.doubleUnderscore._lam_2._boxed took 0.293ms
interpretation of _private.Mathlib.Tactic.Linter.Style.0.Mathlib.Linter.Style.openClassical.openClassicalLinter._lam_0._boxed took 0.0278ms
interpretation of _private.Mathlib.Tactic.Linter.Whitespace.0.Mathlib.Linter.Style.Whitespace.whitespaceLinter._lam_4._boxed took 0.0403ms
tacticAnalysis took 1.25ms
interpretation of Mathlib.TacticAnalysis.tacticAnalysis._lam_1._boxed took 0.121ms
interpretation of _private.Mathlib.Tactic.Linter.Lint.0.Mathlib.Linter.DupNamespaceLinter.dupNamespace._lam_1._boxed took 0.491ms
linting took 1.39ms
elaboration took 5.09ms
parsing took 6.11ms
attribute application took 0.0063ms
instantiate metavars took 0.0021ms
instantiate metavars took 0.0009ms
attribute application took 0.0034ms
typeclass inference of CoeT took 2ms
typeclass inference of Decidable took 0.413ms
typeclass inference of Alternative took 0.135ms
typeclass inference of CoeT took 1.57ms
typeclass inference of Alternative took 0.185ms
typeclass inference of Decidable took 0.199ms
typeclass inference of Alternative took 0.17ms
typeclass inference of BEq took 0.0923ms
typeclass inference of CoeT took 1.32ms
typeclass inference of Alternative took 0.013ms
typeclass inference of Decidable took 0.156ms
typeclass inference of Pure took 0.551ms
typeclass inference of Pure took 0.0147ms
do element elaborator of Lean.Parser.Term.doExpr took 0.713ms
typeclass inference of Bind took 0.45ms
do element elaborator of Lean.Parser.Term.doExpr took 1.48ms
typeclass inference of Pure took 0.0151ms
typeclass inference of Pure took 0.0114ms
do element elaborator of Lean.Parser.Term.doExpr took 0.736ms
typeclass inference of Bind took 0.412ms
typeclass inference of Bind took 0.0121ms
typeclass inference of Pure took 0.009ms
typeclass inference of Pure took 0.0072ms
do element elaborator of Lean.Parser.Term.doExpr took 1.22ms
typeclass inference of Bind took 0.351ms
typeclass inference of Bind took 0.0126ms
typeclass inference of Pure took 0.0087ms
typeclass inference of Pure took 0.0077ms
do element elaborator of Lean.Parser.Term.doExpr took 1.14ms
typeclass inference of Alternative took 0.133ms
typeclass inference of BEq took 0.188ms
typeclass inference of CoeT took 1.82ms
typeclass inference of Alternative took 0.0222ms
typeclass inference of Decidable took 0.301ms
typeclass inference of Pure took 0.0143ms
typeclass inference of Pure took 0.0076ms
do element elaborator of Lean.Parser.Term.doExpr took 0.601ms
typeclass inference of Bind took 0.0146ms
do element elaborator of Lean.Parser.Term.doExpr took 2.13ms
typeclass inference of Bind took 0.414ms
typeclass inference of Bind took 0.638ms
typeclass inference of Bind took 0.0294ms
typeclass inference of Bind took 0.0228ms
typeclass inference of Pure took 0.0128ms
typeclass inference of Pure took 0.0083ms
do element elaborator of Lean.Parser.Term.doExpr took 3.39ms
typeclass inference of Bind took 0.433ms
typeclass inference of Bind took 0.0134ms
typeclass inference of Pure took 0.0094ms
typeclass inference of Pure took 0.0073ms
do element elaborator of Lean.Parser.Term.doExpr took 1.3ms
typeclass inference of Alternative took 0.14ms
typeclass inference of BEq took 0.013ms
typeclass inference of BEq took 0.954ms
typeclass inference of CoeT took 1.51ms
typeclass inference of Alternative took 0.0111ms
typeclass inference of Decidable took 0.167ms
typeclass inference of Pure took 0.0101ms
typeclass inference of Pure took 0.0069ms
do element elaborator of Lean.Parser.Term.doExpr took 0.387ms
typeclass inference of Bind took 0.0097ms
do element elaborator of Lean.Parser.Term.doExpr took 2.17ms
typeclass inference of Alternative took 0.13ms
typeclass inference of BEq took 0.0704ms
typeclass inference of CoeT took 1.55ms
typeclass inference of Alternative took 0.0121ms
typeclass inference of Decidable took 0.168ms
typeclass inference of Pure took 0.0114ms
typeclass inference of Pure took 0.0076ms
do element elaborator of Lean.Parser.Term.doExpr took 0.561ms
typeclass inference of Bind took 0.0109ms
do element elaborator of Lean.Parser.Term.doExpr took 1.36ms
typeclass inference of Alternative took 0.15ms
typeclass inference of BEq took 0.095ms
typeclass inference of CoeT took 1.46ms
typeclass inference of Alternative took 0.0133ms
typeclass inference of Decidable took 0.23ms
typeclass inference of Pure took 0.0106ms
typeclass inference of Pure took 0.0071ms
do element elaborator of Lean.Parser.Term.doExpr took 0.514ms
typeclass inference of Bind took 0.0093ms
do element elaborator of Lean.Parser.Term.doExpr took 1.36ms
typeclass inference of Alternative took 0.173ms
typeclass inference of BEq took 0.0111ms
typeclass inference of CoeT took 1.39ms
typeclass inference of Alternative took 0.0112ms
typeclass inference of Decidable took 0.158ms
typeclass inference of Pure took 0.0091ms
typeclass inference of Pure took 0.0066ms
do element elaborator of Lean.Parser.Term.doExpr took 0.499ms
typeclass inference of Bind took 0.009ms
do element elaborator of Lean.Parser.Term.doExpr took 1.29ms
typeclass inference of BEq took 0.0742ms
typeclass inference of Alternative took 0.151ms
typeclass inference of BEq took 0.0842ms
typeclass inference of CoeT took 2.78ms
typeclass inference of Alternative took 0.28ms
typeclass inference of Decidable took 0.345ms
typeclass inference of BEq took 0.0171ms
typeclass inference of CoeT took 2.42ms
typeclass inference of Decidable took 0.301ms
typeclass inference of Pure took 0.575ms
typeclass inference of Pure took 0.0118ms
do element elaborator of Lean.Parser.Term.doExpr took 0.814ms
typeclass inference of Pure took 0.0239ms
typeclass inference of Pure took 0.0073ms
do element elaborator of Lean.Parser.Term.doExpr took 1.38ms
do element elaborator of Lean.Parser.Term.doIf took 2ms
do element elaborator of Lean.Parser.Term.doLet took 1.64ms
typeclass inference of Bind took 0.367ms
do element elaborator of Lean.Parser.Term.doExpr took 2.63ms
typeclass inference of Alternative took 0.131ms
typeclass inference of BEq took 0.0152ms
typeclass inference of CoeT took 2.4ms
typeclass inference of Alternative took 0.0244ms
typeclass inference of Decidable took 0.259ms
typeclass inference of Pure took 0.0174ms
typeclass inference of Pure took 0.0128ms
do element elaborator of Lean.Parser.Term.doExpr took 0.878ms
typeclass inference of Bind took 0.0221ms
do element elaborator of Lean.Parser.Term.doExpr took 1.97ms
type checking took 0.224ms
do element elaborator of Lean.Parser.Term.doMatch took 5.74ms
do element elaborator of Lean.Parser.Term.doMatch took 1.24ms
typeclass inference of Pure took 0.448ms
typeclass inference of Pure took 0.0085ms
do element elaborator of Lean.Parser.Term.doExpr took 0.614ms
type checking took 1.83ms
type checking took 2.99ms
type checking took 3.65ms
type checking took 3.5ms
type checking took 2.6ms
type checking took 1.75ms
type checking took 1.91ms
type checking took 1.82ms
type checking took 1.92ms
type checking took 2.01ms
type checking took 2.16ms
type checking took 1.84ms
type checking took 1.49ms
do element elaborator of Lean.Parser.Term.doMatch took 59.2ms
typeclass inference of Bind took 0.278ms
do element elaborator of Lean.Parser.Term.doExpr took 1.3ms
typeclass inference of Alternative took 0.113ms
typeclass inference of BEq took 0.0662ms
typeclass inference of CoeT took 1.39ms
typeclass inference of Alternative took 0.117ms
typeclass inference of Decidable took 0.182ms
typeclass inference of Pure took 0.374ms
typeclass inference of Pure took 0.0085ms
do element elaborator of Lean.Parser.Term.doExpr took 0.462ms
typeclass inference of Bind took 0.0089ms
do element elaborator of Lean.Parser.Term.doExpr took 1.37ms
do element elaborator of Lean.Parser.Term.doIf took 1.44ms
do element elaborator of Lean.Parser.Term.doLet took 1.34ms
typeclass inference of EmptyCollection took 0.222ms
typeclass inference of EmptyCollection took 0.203ms
instantiate metavars took 0.0109ms
instantiate metavars took 0.0046ms
instantiate metavars took 0.0007ms
instantiate metavars took 0.0073ms
instantiate metavars took 0.0973ms
instantiate metavars took 0.0038ms
instantiate metavars took 0.0014ms
instantiate metavars took 0.0148ms
instantiate metavars took 0.0008ms
instantiate metavars took 0.0007ms
instantiate metavars took 0.0007ms
share common exprs took 1.75ms
fix level params took 0.0649ms
type checking took 0.0536ms
type checking took 0.0375ms
type checking took 0.0387ms
type checking took 0.0346ms
let-to-have transformation took 0.0161ms
type checking took 2.76ms
let-to-have transformation took 0.0082ms
type checking took 0.0918ms
attribute application took 0.009ms
type checking took 0.883ms
attribute application took 0.0054ms
compilation (LCNF base) took 35.9ms
compilation (LCNF mono) took 6.93ms
compilation (LCNF mono) took 0.361ms
compilation (LCNF impure) took 0.407ms
compilation (IR) took 1.26ms
compilation (LCNF mono) took 0.494ms
compilation (LCNF impure) took 0.492ms
compilation (IR) took 0.115ms
compilation (LCNF mono) took 0.637ms
compilation (LCNF impure) took 0.549ms
compilation (IR) took 0.0931ms
compilation (LCNF mono) took 8.28ms
compilation (LCNF impure) took 5.3ms
compilation (IR) took 1.2ms
attribute application took 0.0075ms
let-to-have transformation took 0.011ms
let-to-have transformation took 3.47ms
type checking took 1.41ms
attribute application took 0.0067ms
attribute application took 0.0029ms
attribute application took 0.0089ms
let-to-have transformation took 0.0064ms
let-to-have transformation took 0.0043ms
type checking took 0.127ms
attribute application took 0.0063ms
compilation (LCNF base) took 1.21ms
compilation (LCNF mono) took 0.304ms
compilation (LCNF mono) took 0.397ms
compilation (LCNF impure) took 0.37ms
compilation (IR) took 0.0963ms
attribute application took 0.0121ms
process pre-definitions took 51.5ms
interpretation of _private.Mathlib.Tactic.Linter.Header.0.Mathlib.Linter.Style.header.headerLinter._lam_3._boxed took 0.0981ms
interpretation of _private.Mathlib.Tactic.Linter.AuxLemma.0.Mathlib.Linter.AuxLemma.auxLemmaLinter._lam_1._boxed took 1.76ms
interpretation of _private.Mathlib.Tactic.Linter.DeprecatedSyntaxLinter.0.Mathlib.Linter.Style.deprecatedSyntaxLinter._lam_1._boxed took 0.116ms
interpretation of _private.Mathlib.Tactic.Linter.DocPrime.0.Mathlib.Linter.DocPrime.docPrimeLinter._lam_3._boxed took 0.0465ms
interpretation of _private.Mathlib.Tactic.Linter.DocString.0.Mathlib.Linter.Style.docStringLinter._lam_0._boxed took 4.19ms
interpretation of _private.Mathlib.Tactic.Linter.DocString.0.Mathlib.Linter.Style.moduleDocVersoLinter._lam_0._boxed took 0.222ms
interpretation of Mathlib.Linter.EmptyLine.emptyLineLinter._lam_2._boxed took 0.106ms
interpretation of _private.Mathlib.Tactic.Linter.GlobalAttributeIn.0.Mathlib.Linter.globalAttributeInLinter.globalAttributeIn._lam_0._boxed took 4.06ms
interpretation of _private.Mathlib.Tactic.Linter.HashCommandLinter.0.Mathlib.Linter.HashCommandLinter.withSetOptionIn'._boxed took 0.198ms
interpretation of _private.Mathlib.Tactic.Linter.FlexibleLinter.0.Mathlib.Linter.Flexible.flexibleLinter._lam_0._boxed took 0.0609ms
interpretation of _private.Mathlib.Tactic.Linter.Multigoal.0.Mathlib.Linter.Style.multiGoal.multiGoalLinter._lam_0._boxed took 0.0526ms
interpretation of _private.Mathlib.Tactic.Linter.OldObtain.0.Mathlib.Linter.Style.oldObtainLinter._lam_0._boxed took 0.058ms
interpretation of Mathlib.Linter.UnusedInstancesInType.withSetBoolOptionIn._boxed took 0.323ms
interpretation of Mathlib.Linter.UnusedInstancesInType.withSetBoolOptionIn._boxed took 0.119ms
overlappingInstancesLinter took 1.62ms
interpretation of Mathlib.Linter.UnusedInstancesInType.withSetBoolOptionIn._boxed took 0.29ms
interpretation of _private.Mathlib.Tactic.Linter.PrivateModule.0.Mathlib.Linter.privateModule._lam_1._boxed took 0.0552ms
interpretation of _private.Mathlib.Tactic.Linter.UnusedTactic.0.Mathlib.Linter.UnusedTactic.unusedTacticLinter._lam_0._boxed took 6.33ms
interpretation of _private.Mathlib.Tactic.Linter.Style.0.Mathlib.Linter.Style.setOption.setOptionLinter._lam_0._boxed took 0.118ms
interpretation of _private.Mathlib.Tactic.Linter.Style.0.Mathlib.Linter.Style.missingEnd.missingEndLinter._lam_0._boxed took 0.109ms
interpretation of _private.Mathlib.Tactic.Linter.Style.0.Mathlib.Linter.Style.cdotLinter._lam_0._boxed took 0.0549ms
interpretation of _private.Mathlib.Tactic.Linter.Style.0.Mathlib.Linter.Style.dollarSyntax.dollarSyntaxLinter._lam_0._boxed took 0.0435ms
interpretation of _private.Mathlib.Tactic.Linter.Style.0.Mathlib.Linter.Style.lambdaSyntax.lambdaSyntaxLinter._lam_0._boxed took 0.0392ms
interpretation of _private.Mathlib.Tactic.Linter.Style.0.Mathlib.Linter.Style.longFile.longFileLinter._lam_0._boxed took 0.0728ms
interpretation of _private.Mathlib.Tactic.Linter.Style.0.Mathlib.Linter.Style.longLine.longLineLinter._lam_0._boxed took 0.0369ms
interpretation of _private.Mathlib.Tactic.Linter.Style.0.Mathlib.Linter.Style.nameCheck.doubleUnderscore._lam_2._boxed took 1.08ms
interpretation of _private.Mathlib.Tactic.Linter.Style.0.Mathlib.Linter.Style.openClassical.openClassicalLinter._lam_0._boxed took 0.0356ms
interpretation of _private.Mathlib.Tactic.Linter.Whitespace.0.Mathlib.Linter.Style.Whitespace.whitespaceLinter._lam_4._boxed took 0.0332ms
tacticAnalysis took 10ms
interpretation of Mathlib.TacticAnalysis.tacticAnalysis._lam_1._boxed took 0.13ms
interpretation of _private.Mathlib.Tactic.Linter.Lint.0.Mathlib.Linter.DupNamespaceLinter.dupNamespace._lam_1._boxed took 0.713ms
linting took 6.76ms
elaboration took 11.5ms
parsing took 0.811ms
attribute application took 0.0103ms
instantiate metavars took 0.0064ms
instantiate metavars took 0.0011ms
type checking took 0.529ms
instantiate metavars took 0.0755ms
instantiate metavars took 0.003ms
instantiate metavars took 0.0014ms
instantiate metavars took 0.0016ms
instantiate metavars took 0.0014ms
share common exprs took 0.114ms
fix level params took 0.0202ms
let-to-have transformation took 0.0091ms
let-to-have transformation took 0.0053ms
type checking took 0.326ms
attribute application took 0.264ms
compilation (LCNF base) took 2.73ms
compilation (LCNF mono) took 0.4ms
compilation (LCNF mono) took 0.677ms
compilation (LCNF impure) took 0.86ms
compilation (IR) took 0.292ms
attribute application took 0.0137ms
process pre-definitions took 6.64ms
interpretation of _private.Mathlib.Tactic.Linter.Header.0.Mathlib.Linter.Style.header.headerLinter._lam_3._boxed took 0.132ms
interpretation of _private.Mathlib.Tactic.Linter.AuxLemma.0.Mathlib.Linter.AuxLemma.auxLemmaLinter._lam_1._boxed took 0.198ms
interpretation of _private.Mathlib.Tactic.Linter.DeprecatedSyntaxLinter.0.Mathlib.Linter.Style.deprecatedSyntaxLinter._lam_1._boxed took 0.0498ms
interpretation of _private.Mathlib.Tactic.Linter.DocPrime.0.Mathlib.Linter.DocPrime.docPrimeLinter._lam_3._boxed took 0.0273ms
interpretation of _private.Mathlib.Tactic.Linter.DocString.0.Mathlib.Linter.Style.docStringLinter._lam_0._boxed took 0.776ms
interpretation of _private.Mathlib.Tactic.Linter.DocString.0.Mathlib.Linter.Style.moduleDocVersoLinter._lam_0._boxed took 0.0315ms
interpretation of Mathlib.Linter.EmptyLine.emptyLineLinter._lam_2._boxed took 0.0288ms
interpretation of _private.Mathlib.Tactic.Linter.GlobalAttributeIn.0.Mathlib.Linter.globalAttributeInLinter.globalAttributeIn._lam_0._boxed took 0.376ms
interpretation of _private.Mathlib.Tactic.Linter.HashCommandLinter.0.Mathlib.Linter.HashCommandLinter.withSetOptionIn'._boxed took 0.0635ms
interpretation of _private.Mathlib.Tactic.Linter.FlexibleLinter.0.Mathlib.Linter.Flexible.flexibleLinter._lam_0._boxed took 0.03ms
interpretation of _private.Mathlib.Tactic.Linter.Multigoal.0.Mathlib.Linter.Style.multiGoal.multiGoalLinter._lam_0._boxed took 0.0247ms
interpretation of _private.Mathlib.Tactic.Linter.OldObtain.0.Mathlib.Linter.Style.oldObtainLinter._lam_0._boxed took 0.0227ms
interpretation of Mathlib.Linter.UnusedInstancesInType.withSetBoolOptionIn._boxed took 0.0711ms
interpretation of Mathlib.Linter.UnusedInstancesInType.withSetBoolOptionIn._boxed took 0.0355ms
overlappingInstancesLinter took 0.24ms
interpretation of Mathlib.Linter.UnusedInstancesInType.withSetBoolOptionIn._boxed took 0.0882ms
interpretation of _private.Mathlib.Tactic.Linter.PrivateModule.0.Mathlib.Linter.privateModule._lam_1._boxed took 0.0219ms
interpretation of _private.Mathlib.Tactic.Linter.UnusedTactic.0.Mathlib.Linter.UnusedTactic.unusedTacticLinter._lam_0._boxed took 0.972ms
interpretation of _private.Mathlib.Tactic.Linter.Style.0.Mathlib.Linter.Style.setOption.setOptionLinter._lam_0._boxed took 0.0338ms
interpretation of _private.Mathlib.Tactic.Linter.Style.0.Mathlib.Linter.Style.missingEnd.missingEndLinter._lam_0._boxed took 0.0656ms
interpretation of _private.Mathlib.Tactic.Linter.Style.0.Mathlib.Linter.Style.cdotLinter._lam_0._boxed took 0.0213ms
interpretation of _private.Mathlib.Tactic.Linter.Style.0.Mathlib.Linter.Style.dollarSyntax.dollarSyntaxLinter._lam_0._boxed took 0.0181ms
interpretation of _private.Mathlib.Tactic.Linter.Style.0.Mathlib.Linter.Style.lambdaSyntax.lambdaSyntaxLinter._lam_0._boxed took 0.0181ms
interpretation of _private.Mathlib.Tactic.Linter.Style.0.Mathlib.Linter.Style.longFile.longFileLinter._lam_0._boxed took 0.0215ms
interpretation of _private.Mathlib.Tactic.Linter.Style.0.Mathlib.Linter.Style.longLine.longLineLinter._lam_0._boxed took 0.0183ms
interpretation of _private.Mathlib.Tactic.Linter.Style.0.Mathlib.Linter.Style.nameCheck.doubleUnderscore._lam_2._boxed took 0.231ms
interpretation of _private.Mathlib.Tactic.Linter.Style.0.Mathlib.Linter.Style.openClassical.openClassicalLinter._lam_0._boxed took 0.0228ms
interpretation of _private.Mathlib.Tactic.Linter.Whitespace.0.Mathlib.Linter.Style.Whitespace.whitespaceLinter._lam_4._boxed took 0.0278ms
tacticAnalysis took 1.05ms
interpretation of Mathlib.TacticAnalysis.tacticAnalysis._lam_1._boxed took 0.0648ms
interpretation of _private.Mathlib.Tactic.Linter.Lint.0.Mathlib.Linter.DupNamespaceLinter.dupNamespace._lam_1._boxed took 0.237ms
linting took 1.21ms
elaboration took 12.6ms
parsing took 3.04ms
attribute application took 0.0064ms
instantiate metavars took 0.0088ms
instantiate metavars took 0.0011ms
typeclass inference of BEq took 0.154ms
typeclass inference of BEq took 0.023ms
typeclass inference of CoeT took 1.81ms
typeclass inference of Decidable took 0.218ms
do element elaborator of Lean.Parser.Term.InternalSyntax.doSkip took 0.102ms
typeclass inference of Pure took 0.89ms
do element elaborator of Lean.Parser.Term.doReturn took 0.559ms
typeclass inference of Lean.MonadMCtx took 0.186ms
typeclass inference of EmptyCollection took 0.208ms
typeclass inference of EmptyCollection took 0.0386ms
typeclass inference of Lean.MonadMCtx took 0.0948ms
typeclass inference of CoeT took 4.15ms
typeclass inference of Decidable took 0.385ms
typeclass inference of CoeT took 1.53ms
typeclass inference of Decidable took 0.191ms
typeclass inference of Pure took 0.856ms
do element elaborator of Lean.Parser.Term.doReturn took 0.547ms
typeclass inference of Pure took 0.0222ms
do element elaborator of Lean.Parser.Term.doReturn took 2.79ms
typeclass inference of Bind took 0.525ms
do element elaborator of Lean.Parser.Term.doExpr took 1.29ms
do element elaborator of Lean.Parser.Term.doLetArrow took 0.103ms
do element elaborator of Lean.Parser.Term.doReturn took 0.128ms
do element elaborator of Lean.Parser.Term.doIf took 1.33ms
typeclass inference of CoeT took 1.7ms
typeclass inference of Decidable took 0.205ms
typeclass inference of Pure took 0.0118ms
do element elaborator of Lean.Parser.Term.doReturn took 0.866ms
typeclass inference of Pure took 0.0131ms
do element elaborator of Lean.Parser.Term.doReturn took 1.97ms
typeclass inference of Bind took 0.0116ms
do element elaborator of Lean.Parser.Term.doExpr took 0.65ms
do element elaborator of Lean.Parser.Term.doLetArrow took 0.0649ms
do element elaborator of Lean.Parser.Term.doReturn took 0.0745ms
do element elaborator of Lean.Parser.Term.doIf took 1.17ms
do element elaborator of Lean.Parser.Term.doLet took 0.941ms
typeclass inference of Bind took 0.0107ms
do element elaborator of Lean.Parser.Term.doExpr took 0.9ms
do element elaborator of Lean.Parser.Term.doLetArrow took 0.0738ms
do element elaborator of Lean.Parser.Term.doLet took 0.0899ms
do element elaborator of Lean.Parser.Term.doIf took 2.48ms
do element elaborator of Lean.Parser.Term.doLet took 2.68ms
typeclass inference of Pure took 0.012ms
do element elaborator of Lean.Parser.Term.doReturn took 0.465ms
typeclass inference of BEq took 0.0979ms
type checking took 0.22ms
type checking took 0.376ms
type checking took 0.251ms
do element elaborator of Lean.Parser.Term.doMatch took 16.3ms
do element elaborator of Lean.Parser.Term.doMatch took 0.659ms
do element elaborator of Lean.Parser.Term.doLetElse took 1.5ms
type checking took 0.22ms
do element elaborator of Lean.Parser.Term.doLet took 5.15ms
typeclass inference of Bind took 0.536ms
do element elaborator of Lean.Parser.Term.doExpr took 1.29ms
do element elaborator of Lean.Parser.Term.doLetArrow took 0.155ms
typeclass inference of Bind took 0.0387ms
do element elaborator of Lean.Parser.Term.doExpr took 2.08ms
do element elaborator of Lean.Parser.Term.doIf took 3.29ms
do element elaborator of Lean.Parser.Term.doUnless took 0.1ms
typeclass inference of Pure took 1.12ms
do element elaborator of Lean.Parser.Term.doReturn took 1.11ms
type checking took 0.235ms
do element elaborator of Lean.Parser.Term.doMatch took 4.62ms
do element elaborator of Lean.Parser.Term.doLetElse took 0.244ms
instantiate metavars took 0.102ms
instantiate metavars took 0.0014ms
instantiate metavars took 0.0007ms
instantiate metavars took 0.0007ms
instantiate metavars took 0.0006ms
share common exprs took 0.571ms
fix level params took 0.0721ms
let-to-have transformation took 0.0129ms
let-to-have transformation took 0.924ms
type checking took 0.795ms
attribute application took 0.007ms
compilation (LCNF base) took 51.2ms
compilation (LCNF mono) took 9.77ms
compilation (LCNF mono) took 1.7ms
compilation (LCNF impure) took 2.08ms
compilation (IR) took 0.504ms
compilation (LCNF mono) took 9.42ms
compilation (LCNF impure) took 3.47ms
compilation (IR) took 0.759ms
attribute application took 0.0095ms
process pre-definitions took 43ms
interpretation of _private.Mathlib.Tactic.Linter.Header.0.Mathlib.Linter.Style.header.headerLinter._lam_3._boxed took 0.0883ms
interpretation of _private.Mathlib.Tactic.Linter.AuxLemma.0.Mathlib.Linter.AuxLemma.auxLemmaLinter._lam_1._boxed took 0.593ms
interpretation of _private.Mathlib.Tactic.Linter.DeprecatedSyntaxLinter.0.Mathlib.Linter.Style.deprecatedSyntaxLinter._lam_1._boxed took 0.0536ms
interpretation of _private.Mathlib.Tactic.Linter.DocPrime.0.Mathlib.Linter.DocPrime.docPrimeLinter._lam_3._boxed took 0.0564ms
interpretation of _private.Mathlib.Tactic.Linter.DocString.0.Mathlib.Linter.Style.docStringLinter._lam_0._boxed took 1.34ms
interpretation of _private.Mathlib.Tactic.Linter.DocString.0.Mathlib.Linter.Style.moduleDocVersoLinter._lam_0._boxed took 0.0421ms
interpretation of Mathlib.Linter.EmptyLine.emptyLineLinter._lam_2._boxed took 0.0392ms
interpretation of _private.Mathlib.Tactic.Linter.GlobalAttributeIn.0.Mathlib.Linter.globalAttributeInLinter.globalAttributeIn._lam_0._boxed took 2.12ms
interpretation of _private.Mathlib.Tactic.Linter.HashCommandLinter.0.Mathlib.Linter.HashCommandLinter.withSetOptionIn'._boxed took 0.187ms
interpretation of _private.Mathlib.Tactic.Linter.FlexibleLinter.0.Mathlib.Linter.Flexible.flexibleLinter._lam_0._boxed took 0.068ms
interpretation of _private.Mathlib.Tactic.Linter.Multigoal.0.Mathlib.Linter.Style.multiGoal.multiGoalLinter._lam_0._boxed took 0.0498ms
interpretation of _private.Mathlib.Tactic.Linter.OldObtain.0.Mathlib.Linter.Style.oldObtainLinter._lam_0._boxed took 0.0469ms
interpretation of Mathlib.Linter.UnusedInstancesInType.withSetBoolOptionIn._boxed took 0.113ms
interpretation of Mathlib.Linter.UnusedInstancesInType.withSetBoolOptionIn._boxed took 0.0996ms
overlappingInstancesLinter took 0.763ms
interpretation of Mathlib.Linter.UnusedInstancesInType.withSetBoolOptionIn._boxed took 0.194ms
interpretation of _private.Mathlib.Tactic.Linter.PrivateModule.0.Mathlib.Linter.privateModule._lam_1._boxed took 0.0455ms
interpretation of _private.Mathlib.Tactic.Linter.UnusedTactic.0.Mathlib.Linter.UnusedTactic.unusedTacticLinter._lam_0._boxed took 5.83ms
interpretation of _private.Mathlib.Tactic.Linter.Style.0.Mathlib.Linter.Style.setOption.setOptionLinter._lam_0._boxed took 0.124ms
interpretation of _private.Mathlib.Tactic.Linter.Style.0.Mathlib.Linter.Style.missingEnd.missingEndLinter._lam_0._boxed took 0.119ms
interpretation of _private.Mathlib.Tactic.Linter.Style.0.Mathlib.Linter.Style.cdotLinter._lam_0._boxed took 0.0559ms
interpretation of _private.Mathlib.Tactic.Linter.Style.0.Mathlib.Linter.Style.dollarSyntax.dollarSyntaxLinter._lam_0._boxed took 0.0455ms
interpretation of _private.Mathlib.Tactic.Linter.Style.0.Mathlib.Linter.Style.lambdaSyntax.lambdaSyntaxLinter._lam_0._boxed took 0.0356ms
interpretation of _private.Mathlib.Tactic.Linter.Style.0.Mathlib.Linter.Style.longFile.longFileLinter._lam_0._boxed took 0.0544ms
interpretation of _private.Mathlib.Tactic.Linter.Style.0.Mathlib.Linter.Style.longLine.longLineLinter._lam_0._boxed took 0.0396ms
interpretation of _private.Mathlib.Tactic.Linter.Style.0.Mathlib.Linter.Style.nameCheck.doubleUnderscore._lam_2._boxed took 0.953ms
interpretation of _private.Mathlib.Tactic.Linter.Style.0.Mathlib.Linter.Style.openClassical.openClassicalLinter._lam_0._boxed took 0.0478ms
interpretation of _private.Mathlib.Tactic.Linter.Whitespace.0.Mathlib.Linter.Style.Whitespace.whitespaceLinter._lam_4._boxed took 0.0509ms
tacticAnalysis took 11.3ms
interpretation of Mathlib.TacticAnalysis.tacticAnalysis._lam_1._boxed took 0.286ms
interpretation of _private.Mathlib.Tactic.Linter.Lint.0.Mathlib.Linter.DupNamespaceLinter.dupNamespace._lam_1._boxed took 1.24ms
linting took 3.14ms
elaboration took 3.54ms
parsing took 3.43ms
attribute application took 0.0128ms
instantiate metavars took 0.0185ms
instantiate metavars took 0.0027ms
typeclass inference of Pure took 1.01ms
do element elaborator of Lean.Parser.Term.doReturn took 2.83ms
typeclass inference of Bind took 0.353ms
do element elaborator of Lean.Parser.Term.doExpr took 0.98ms
do element elaborator of Lean.Parser.Term.doLetArrow took 0.115ms
do element elaborator of Lean.Parser.Term.doReturn took 0.091ms
do element elaborator of Lean.Parser.Term.doLet took 2.35ms
typeclass inference of Bind took 0.0126ms
do element elaborator of Lean.Parser.Term.doExpr took 0.957ms
do element elaborator of Lean.Parser.Term.doLetArrow took 0.0776ms
do element elaborator of Lean.Parser.Term.doLet took 0.0884ms
typeclass inference of Pure took 0.0138ms
do element elaborator of Lean.Parser.Term.doReturn took 0.565ms
do element elaborator of Lean.Parser.Term.doMatch took 5.84ms
do element elaborator of Lean.Parser.Term.doMatch took 0.482ms
do element elaborator of Lean.Parser.Term.doLetElse took 1.22ms
typeclass inference of Bind took 0.0297ms
do element elaborator of Lean.Parser.Term.doExpr took 1.71ms
do element elaborator of Lean.Parser.Term.doLetArrow took 0.133ms
do element elaborator of Lean.Parser.Term.doLetElse took 0.13ms
do element elaborator of Lean.Parser.Term.doLet took 8.59ms
typeclass inference of Bind took 0.0431ms
do element elaborator of Lean.Parser.Term.doExpr took 2.29ms
do element elaborator of Lean.Parser.Term.doLetArrow took 0.148ms
instantiate metavars took 0.0772ms
instantiate metavars took 0.0026ms
instantiate metavars took 0.001ms
instantiate metavars took 0.0012ms
instantiate metavars took 0.0006ms
share common exprs took 0.403ms
fix level params took 0.0509ms
let-to-have transformation took 0.0147ms
let-to-have transformation took 1.01ms
type checking took 0.85ms
attribute application took 0.0206ms
compilation (LCNF base) took 15.3ms
compilation (LCNF mono) took 2.31ms
compilation (LCNF mono) took 2.86ms
compilation (LCNF impure) took 2.86ms
compilation (IR) took 0.481ms
attribute application took 0.0095ms
process pre-definitions took 24ms
interpretation of _private.Mathlib.Tactic.Linter.Header.0.Mathlib.Linter.Style.header.headerLinter._lam_3._boxed took 0.233ms
interpretation of _private.Mathlib.Tactic.Linter.AuxLemma.0.Mathlib.Linter.AuxLemma.auxLemmaLinter._lam_1._boxed took 0.509ms
interpretation of _private.Mathlib.Tactic.Linter.DeprecatedSyntaxLinter.0.Mathlib.Linter.Style.deprecatedSyntaxLinter._lam_1._boxed took 0.0963ms
interpretation of _private.Mathlib.Tactic.Linter.DocPrime.0.Mathlib.Linter.DocPrime.docPrimeLinter._lam_3._boxed took 0.0715ms
interpretation of _private.Mathlib.Tactic.Linter.DocString.0.Mathlib.Linter.Style.docStringLinter._lam_0._boxed took 1.73ms
interpretation of _private.Mathlib.Tactic.Linter.DocString.0.Mathlib.Linter.Style.moduleDocVersoLinter._lam_0._boxed took 0.0672ms
interpretation of Mathlib.Linter.EmptyLine.emptyLineLinter._lam_2._boxed took 0.0498ms
interpretation of _private.Mathlib.Tactic.Linter.GlobalAttributeIn.0.Mathlib.Linter.globalAttributeInLinter.globalAttributeIn._lam_0._boxed took 0.886ms
interpretation of _private.Mathlib.Tactic.Linter.HashCommandLinter.0.Mathlib.Linter.HashCommandLinter.withSetOptionIn'._boxed took 0.0896ms
interpretation of _private.Mathlib.Tactic.Linter.FlexibleLinter.0.Mathlib.Linter.Flexible.flexibleLinter._lam_0._boxed took 0.0468ms
interpretation of _private.Mathlib.Tactic.Linter.Multigoal.0.Mathlib.Linter.Style.multiGoal.multiGoalLinter._lam_0._boxed took 0.0306ms
interpretation of _private.Mathlib.Tactic.Linter.OldObtain.0.Mathlib.Linter.Style.oldObtainLinter._lam_0._boxed took 0.0419ms
interpretation of Mathlib.Linter.UnusedInstancesInType.withSetBoolOptionIn._boxed took 0.117ms
interpretation of Mathlib.Linter.UnusedInstancesInType.withSetBoolOptionIn._boxed took 0.069ms
overlappingInstancesLinter took 0.627ms
interpretation of Mathlib.Linter.UnusedInstancesInType.withSetBoolOptionIn._boxed took 0.213ms
interpretation of _private.Mathlib.Tactic.Linter.PrivateModule.0.Mathlib.Linter.privateModule._lam_1._boxed took 0.0444ms
interpretation of _private.Mathlib.Tactic.Linter.UnusedTactic.0.Mathlib.Linter.UnusedTactic.unusedTacticLinter._lam_0._boxed took 2.35ms
interpretation of _private.Mathlib.Tactic.Linter.Style.0.Mathlib.Linter.Style.setOption.setOptionLinter._lam_0._boxed took 0.138ms
interpretation of _private.Mathlib.Tactic.Linter.Style.0.Mathlib.Linter.Style.missingEnd.missingEndLinter._lam_0._boxed took 0.129ms
interpretation of _private.Mathlib.Tactic.Linter.Style.0.Mathlib.Linter.Style.cdotLinter._lam_0._boxed took 0.0431ms
interpretation of _private.Mathlib.Tactic.Linter.Style.0.Mathlib.Linter.Style.dollarSyntax.dollarSyntaxLinter._lam_0._boxed took 0.0258ms
interpretation of _private.Mathlib.Tactic.Linter.Style.0.Mathlib.Linter.Style.lambdaSyntax.lambdaSyntaxLinter._lam_0._boxed took 0.0252ms
interpretation of _private.Mathlib.Tactic.Linter.Style.0.Mathlib.Linter.Style.longFile.longFileLinter._lam_0._boxed took 0.0429ms
interpretation of _private.Mathlib.Tactic.Linter.Style.0.Mathlib.Linter.Style.longLine.longLineLinter._lam_0._boxed took 0.0272ms
interpretation of _private.Mathlib.Tactic.Linter.Style.0.Mathlib.Linter.Style.nameCheck.doubleUnderscore._lam_2._boxed took 0.701ms
interpretation of _private.Mathlib.Tactic.Linter.Style.0.Mathlib.Linter.Style.openClassical.openClassicalLinter._lam_0._boxed took 0.0365ms
interpretation of _private.Mathlib.Tactic.Linter.Whitespace.0.Mathlib.Linter.Style.Whitespace.whitespaceLinter._lam_4._boxed took 0.0672ms
tacticAnalysis took 3.22ms
interpretation of Mathlib.TacticAnalysis.tacticAnalysis._lam_1._boxed took 0.209ms
interpretation of _private.Mathlib.Tactic.Linter.Lint.0.Mathlib.Linter.DupNamespaceLinter.dupNamespace._lam_1._boxed took 0.695ms
linting took 2.63ms
elaboration took 5.17ms
parsing took 0.441ms
attribute application took 0.024ms
instantiate metavars took 0.0095ms
instantiate metavars took 0.0028ms
instantiate metavars took 0.0098ms
instantiate metavars took 0.0017ms
instantiate metavars took 0.003ms
instantiate metavars took 0.0013ms
instantiate metavars took 0.0011ms
share common exprs took 0.0288ms
fix level params took 0.0116ms
let-to-have transformation took 0.006ms
let-to-have transformation took 0.0027ms
type checking took 0.0865ms
attribute application took 0.182ms
attribute application took 0.0095ms
process pre-definitions took 0.506ms
interpretation of _private.Mathlib.Tactic.Linter.Header.0.Mathlib.Linter.Style.header.headerLinter._lam_3._boxed took 0.165ms
interpretation of _private.Mathlib.Tactic.Linter.AuxLemma.0.Mathlib.Linter.AuxLemma.auxLemmaLinter._lam_1._boxed took 0.296ms
interpretation of _private.Mathlib.Tactic.Linter.DeprecatedSyntaxLinter.0.Mathlib.Linter.Style.deprecatedSyntaxLinter._lam_1._boxed took 0.0833ms
interpretation of _private.Mathlib.Tactic.Linter.DocPrime.0.Mathlib.Linter.DocPrime.docPrimeLinter._lam_3._boxed took 0.0519ms
interpretation of _private.Mathlib.Tactic.Linter.DocString.0.Mathlib.Linter.Style.docStringLinter._lam_0._boxed took 0.438ms
interpretation of _private.Mathlib.Tactic.Linter.DocString.0.Mathlib.Linter.Style.moduleDocVersoLinter._lam_0._boxed took 0.0716ms
interpretation of Mathlib.Linter.EmptyLine.emptyLineLinter._lam_2._boxed took 0.0541ms
interpretation of _private.Mathlib.Tactic.Linter.GlobalAttributeIn.0.Mathlib.Linter.globalAttributeInLinter.globalAttributeIn._lam_0._boxed took 0.39ms
interpretation of _private.Mathlib.Tactic.Linter.HashCommandLinter.0.Mathlib.Linter.HashCommandLinter.withSetOptionIn'._boxed took 0.129ms
interpretation of _private.Mathlib.Tactic.Linter.FlexibleLinter.0.Mathlib.Linter.Flexible.flexibleLinter._lam_0._boxed took 0.118ms
interpretation of _private.Mathlib.Tactic.Linter.Multigoal.0.Mathlib.Linter.Style.multiGoal.multiGoalLinter._lam_0._boxed took 0.0961ms
interpretation of _private.Mathlib.Tactic.Linter.OldObtain.0.Mathlib.Linter.Style.oldObtainLinter._lam_0._boxed took 0.0656ms
interpretation of Mathlib.Linter.UnusedInstancesInType.withSetBoolOptionIn._boxed took 0.189ms
interpretation of Mathlib.Linter.UnusedInstancesInType.withSetBoolOptionIn._boxed took 0.154ms
overlappingInstancesLinter took 0.978ms
interpretation of Mathlib.Linter.UnusedInstancesInType.withSetBoolOptionIn._boxed took 0.362ms
interpretation of _private.Mathlib.Tactic.Linter.PrivateModule.0.Mathlib.Linter.privateModule._lam_1._boxed took 0.191ms
interpretation of _private.Mathlib.Tactic.Linter.UnusedTactic.0.Mathlib.Linter.UnusedTactic.unusedTacticLinter._lam_0._boxed took 2.04ms
interpretation of _private.Mathlib.Tactic.Linter.Style.0.Mathlib.Linter.Style.setOption.setOptionLinter._lam_0._boxed took 0.224ms
interpretation of _private.Mathlib.Tactic.Linter.Style.0.Mathlib.Linter.Style.missingEnd.missingEndLinter._lam_0._boxed took 0.156ms
interpretation of _private.Mathlib.Tactic.Linter.Style.0.Mathlib.Linter.Style.cdotLinter._lam_0._boxed took 0.0963ms
interpretation of _private.Mathlib.Tactic.Linter.Style.0.Mathlib.Linter.Style.dollarSyntax.dollarSyntaxLinter._lam_0._boxed took 0.0404ms
interpretation of _private.Mathlib.Tactic.Linter.Style.0.Mathlib.Linter.Style.lambdaSyntax.lambdaSyntaxLinter._lam_0._boxed took 0.0363ms
interpretation of _private.Mathlib.Tactic.Linter.Style.0.Mathlib.Linter.Style.longFile.longFileLinter._lam_0._boxed took 0.0537ms
interpretation of _private.Mathlib.Tactic.Linter.Style.0.Mathlib.Linter.Style.longLine.longLineLinter._lam_0._boxed took 0.0399ms
interpretation of _private.Mathlib.Tactic.Linter.Style.0.Mathlib.Linter.Style.nameCheck.doubleUnderscore._lam_2._boxed took 0.66ms
interpretation of _private.Mathlib.Tactic.Linter.Style.0.Mathlib.Linter.Style.openClassical.openClassicalLinter._lam_0._boxed took 0.0724ms
interpretation of _private.Mathlib.Tactic.Linter.Whitespace.0.Mathlib.Linter.Style.Whitespace.whitespaceLinter._lam_4._boxed took 0.0873ms
tacticAnalysis took 1.31ms
interpretation of Mathlib.TacticAnalysis.tacticAnalysis._lam_1._boxed took 0.182ms
interpretation of _private.Mathlib.Tactic.Linter.Lint.0.Mathlib.Linter.DupNamespaceLinter.dupNamespace._lam_1._boxed took 0.475ms
linting took 2.18ms
elaboration took 2.37ms
parsing took 0.587ms
attribute application took 0.0279ms
instantiate metavars took 0.0051ms
instantiate metavars took 0.0011ms
typeclass inference of MonadLiftT took 1.12ms
typeclass inference of Pure took 0.846ms
typeclass inference of Pure took 0.0154ms
do element elaborator of Lean.Parser.Term.doExpr took 2.19ms
instantiate metavars took 0.0116ms
instantiate metavars took 0.0015ms
instantiate metavars took 0.0008ms
instantiate metavars took 0.001ms
instantiate metavars took 0.0009ms
share common exprs took 0.0516ms
fix level params took 0.0127ms
let-to-have transformation took 0.0065ms
let-to-have transformation took 0.0045ms
type checking took 0.208ms
attribute application took 0.0068ms
compilation (LCNF base) took 3.64ms
compilation (LCNF mono) took 0.892ms
compilation (LCNF mono) took 0.316ms
compilation (LCNF impure) took 0.213ms
compilation (IR) took 0.0769ms
attribute application took 0.0087ms
process pre-definitions took 4.17ms
attribute application took 0.0134ms
instantiate metavars took 0.0037ms
instantiate metavars took 0.0009ms
typeclass inference of Inhabited took 0.368ms
typeclass inference of Nonempty took 1.37ms
instantiate metavars took 0.0022ms
instantiate metavars took 0.0009ms
instantiate metavars took 0.0006ms
instantiate metavars took 0.0007ms
instantiate metavars took 0.0006ms
share common exprs took 0.0475ms
fix level params took 0.0096ms
type checking took 0.17ms
let-to-have transformation took 0.0061ms
type checking took 0.0848ms
attribute application took 0.594ms
compilation (LCNF base) took 0.141ms
compilation (LCNF mono) took 0.0285ms
compilation (LCNF mono) took 0.0975ms
compilation (LCNF impure) took 0.0621ms
compilation (IR) took 0.0291ms
attribute application took 0.0105ms
process pre-definitions took 1.4ms
interpretation of _private.Mathlib.Tactic.Linter.Header.0.Mathlib.Linter.Style.header.headerLinter._lam_3._boxed took 0.103ms
interpretation of _private.Mathlib.Tactic.Linter.AuxLemma.0.Mathlib.Linter.AuxLemma.auxLemmaLinter._lam_1._boxed took 0.165ms
interpretation of _private.Mathlib.Tactic.Linter.DeprecatedSyntaxLinter.0.Mathlib.Linter.Style.deprecatedSyntaxLinter._lam_1._boxed took 0.0525ms
interpretation of _private.Mathlib.Tactic.Linter.DocPrime.0.Mathlib.Linter.DocPrime.docPrimeLinter._lam_3._boxed took 0.0309ms
interpretation of _private.Mathlib.Tactic.Linter.DocString.0.Mathlib.Linter.Style.docStringLinter._lam_0._boxed took 0.308ms
interpretation of _private.Mathlib.Tactic.Linter.DocString.0.Mathlib.Linter.Style.moduleDocVersoLinter._lam_0._boxed took 0.0328ms
interpretation of Mathlib.Linter.EmptyLine.emptyLineLinter._lam_2._boxed took 0.0311ms
interpretation of _private.Mathlib.Tactic.Linter.GlobalAttributeIn.0.Mathlib.Linter.globalAttributeInLinter.globalAttributeIn._lam_0._boxed took 0.173ms
interpretation of _private.Mathlib.Tactic.Linter.HashCommandLinter.0.Mathlib.Linter.HashCommandLinter.withSetOptionIn'._boxed took 0.0678ms
interpretation of _private.Mathlib.Tactic.Linter.FlexibleLinter.0.Mathlib.Linter.Flexible.flexibleLinter._lam_0._boxed took 0.0354ms
interpretation of _private.Mathlib.Tactic.Linter.Multigoal.0.Mathlib.Linter.Style.multiGoal.multiGoalLinter._lam_0._boxed took 0.0325ms
interpretation of _private.Mathlib.Tactic.Linter.OldObtain.0.Mathlib.Linter.Style.oldObtainLinter._lam_0._boxed took 0.0289ms
interpretation of Mathlib.Linter.UnusedInstancesInType.withSetBoolOptionIn._boxed took 0.067ms
interpretation of Mathlib.Linter.UnusedInstancesInType.withSetBoolOptionIn._boxed took 0.0407ms
overlappingInstancesLinter took 0.452ms
interpretation of Mathlib.Linter.UnusedInstancesInType.withSetBoolOptionIn._boxed took 0.131ms
interpretation of _private.Mathlib.Tactic.Linter.PrivateModule.0.Mathlib.Linter.privateModule._lam_1._boxed took 0.0575ms
interpretation of _private.Mathlib.Tactic.Linter.UnusedTactic.0.Mathlib.Linter.UnusedTactic.unusedTacticLinter._lam_0._boxed took 1.18ms
interpretation of _private.Mathlib.Tactic.Linter.Style.0.Mathlib.Linter.Style.setOption.setOptionLinter._lam_0._boxed took 0.0558ms
interpretation of _private.Mathlib.Tactic.Linter.Style.0.Mathlib.Linter.Style.missingEnd.missingEndLinter._lam_0._boxed took 0.0961ms
interpretation of _private.Mathlib.Tactic.Linter.Style.0.Mathlib.Linter.Style.cdotLinter._lam_0._boxed took 0.0332ms
interpretation of _private.Mathlib.Tactic.Linter.Style.0.Mathlib.Linter.Style.dollarSyntax.dollarSyntaxLinter._lam_0._boxed took 0.0227ms
interpretation of _private.Mathlib.Tactic.Linter.Style.0.Mathlib.Linter.Style.lambdaSyntax.lambdaSyntaxLinter._lam_0._boxed took 0.0206ms
interpretation of _private.Mathlib.Tactic.Linter.Style.0.Mathlib.Linter.Style.longFile.longFileLinter._lam_0._boxed took 0.0282ms
interpretation of _private.Mathlib.Tactic.Linter.Style.0.Mathlib.Linter.Style.longLine.longLineLinter._lam_0._boxed took 0.0208ms
interpretation of _private.Mathlib.Tactic.Linter.Style.0.Mathlib.Linter.Style.nameCheck.doubleUnderscore._lam_2._boxed took 0.248ms
interpretation of _private.Mathlib.Tactic.Linter.Style.0.Mathlib.Linter.Style.openClassical.openClassicalLinter._lam_0._boxed took 0.0343ms
interpretation of _private.Mathlib.Tactic.Linter.Whitespace.0.Mathlib.Linter.Style.Whitespace.whitespaceLinter._lam_4._boxed took 0.0362ms
tacticAnalysis took 0.831ms
interpretation of Mathlib.TacticAnalysis.tacticAnalysis._lam_1._boxed took 0.0759ms
interpretation of _private.Mathlib.Tactic.Linter.Lint.0.Mathlib.Linter.DupNamespaceLinter.dupNamespace._lam_1._boxed took 0.29ms
linting took 1.32ms
elaboration took 9.15ms
parsing took 0.347ms
attribute application took 0.015ms
instantiate metavars took 0.006ms
instantiate metavars took 0.0009ms
instantiate metavars took 0.0018ms
instantiate metavars took 0.001ms
instantiate metavars took 0.0008ms
instantiate metavars took 0.0008ms
instantiate metavars took 0.0006ms
share common exprs took 0.024ms
fix level params took 0.0073ms
let-to-have transformation took 0.0041ms
let-to-have transformation took 0.0017ms
type checking took 0.0936ms
attribute application took 0.517ms
compilation (LCNF base) took 0.665ms
compilation (LCNF mono) took 0.183ms
compilation (LCNF mono) took 0.332ms
compilation (LCNF impure) took 0.347ms
compilation (IR) took 0.128ms
attribute application took 0.0325ms
process pre-definitions took 1.86ms
interpretation of _private.Mathlib.Tactic.Linter.Header.0.Mathlib.Linter.Style.header.headerLinter._lam_3._boxed took 0.209ms
interpretation of _private.Mathlib.Tactic.Linter.AuxLemma.0.Mathlib.Linter.AuxLemma.auxLemmaLinter._lam_1._boxed took 0.278ms
interpretation of _private.Mathlib.Tactic.Linter.DeprecatedSyntaxLinter.0.Mathlib.Linter.Style.deprecatedSyntaxLinter._lam_1._boxed took 0.083ms
interpretation of _private.Mathlib.Tactic.Linter.DocPrime.0.Mathlib.Linter.DocPrime.docPrimeLinter._lam_3._boxed took 0.0534ms
interpretation of _private.Mathlib.Tactic.Linter.DocString.0.Mathlib.Linter.Style.docStringLinter._lam_0._boxed took 0.409ms
interpretation of _private.Mathlib.Tactic.Linter.DocString.0.Mathlib.Linter.Style.moduleDocVersoLinter._lam_0._boxed took 0.0503ms
interpretation of Mathlib.Linter.EmptyLine.emptyLineLinter._lam_2._boxed took 0.0674ms
interpretation of _private.Mathlib.Tactic.Linter.GlobalAttributeIn.0.Mathlib.Linter.globalAttributeInLinter.globalAttributeIn._lam_0._boxed took 0.286ms
interpretation of _private.Mathlib.Tactic.Linter.HashCommandLinter.0.Mathlib.Linter.HashCommandLinter.withSetOptionIn'._boxed took 0.189ms
interpretation of _private.Mathlib.Tactic.Linter.FlexibleLinter.0.Mathlib.Linter.Flexible.flexibleLinter._lam_0._boxed took 0.0989ms
interpretation of _private.Mathlib.Tactic.Linter.Multigoal.0.Mathlib.Linter.Style.multiGoal.multiGoalLinter._lam_0._boxed took 0.0975ms
interpretation of _private.Mathlib.Tactic.Linter.OldObtain.0.Mathlib.Linter.Style.oldObtainLinter._lam_0._boxed took 0.055ms
interpretation of Mathlib.Linter.UnusedInstancesInType.withSetBoolOptionIn._boxed took 0.141ms
interpretation of Mathlib.Linter.UnusedInstancesInType.withSetBoolOptionIn._boxed took 0.0427ms
overlappingInstancesLinter took 0.455ms
interpretation of Mathlib.Linter.UnusedInstancesInType.withSetBoolOptionIn._boxed took 0.153ms
interpretation of _private.Mathlib.Tactic.Linter.PrivateModule.0.Mathlib.Linter.privateModule._lam_1._boxed took 0.0505ms
interpretation of _private.Mathlib.Tactic.Linter.UnusedTactic.0.Mathlib.Linter.UnusedTactic.unusedTacticLinter._lam_0._boxed took 1.05ms
interpretation of _private.Mathlib.Tactic.Linter.Style.0.Mathlib.Linter.Style.setOption.setOptionLinter._lam_0._boxed took 0.0686ms
interpretation of _private.Mathlib.Tactic.Linter.Style.0.Mathlib.Linter.Style.missingEnd.missingEndLinter._lam_0._boxed took 0.0813ms
interpretation of _private.Mathlib.Tactic.Linter.Style.0.Mathlib.Linter.Style.cdotLinter._lam_0._boxed took 0.0641ms
interpretation of _private.Mathlib.Tactic.Linter.Style.0.Mathlib.Linter.Style.dollarSyntax.dollarSyntaxLinter._lam_0._boxed took 0.0389ms
interpretation of _private.Mathlib.Tactic.Linter.Style.0.Mathlib.Linter.Style.lambdaSyntax.lambdaSyntaxLinter._lam_0._boxed took 0.042ms
interpretation of _private.Mathlib.Tactic.Linter.Style.0.Mathlib.Linter.Style.longFile.longFileLinter._lam_0._boxed took 0.0536ms
interpretation of _private.Mathlib.Tactic.Linter.Style.0.Mathlib.Linter.Style.longLine.longLineLinter._lam_0._boxed took 0.0387ms
interpretation of _private.Mathlib.Tactic.Linter.Style.0.Mathlib.Linter.Style.nameCheck.doubleUnderscore._lam_2._boxed took 0.51ms
interpretation of _private.Mathlib.Tactic.Linter.Style.0.Mathlib.Linter.Style.openClassical.openClassicalLinter._lam_0._boxed took 0.0529ms
interpretation of _private.Mathlib.Tactic.Linter.Whitespace.0.Mathlib.Linter.Style.Whitespace.whitespaceLinter._lam_4._boxed took 0.0759ms
tacticAnalysis took 1.3ms
interpretation of Mathlib.TacticAnalysis.tacticAnalysis._lam_1._boxed took 0.184ms
interpretation of _private.Mathlib.Tactic.Linter.Lint.0.Mathlib.Linter.DupNamespaceLinter.dupNamespace._lam_1._boxed took 0.418ms
linting took 1.78ms
elaboration took 2.58ms
parsing took 0.688ms
attribute application took 0.0312ms
instantiate metavars took 0.0055ms
instantiate metavars took 0.0032ms
typeclass inference of MonadLiftT took 0.993ms
typeclass inference of Pure took 0.904ms
typeclass inference of Pure took 0.0183ms
do element elaborator of Lean.Parser.Term.doExpr took 3.6ms
instantiate metavars took 0.0112ms
instantiate metavars took 0.0011ms
instantiate metavars took 0.0007ms
instantiate metavars took 0.0008ms
instantiate metavars took 0.0006ms
share common exprs took 0.0688ms
fix level params took 0.0259ms
let-to-have transformation took 0.0055ms
let-to-have transformation took 0.0037ms
type checking took 0.241ms
attribute application took 0.0083ms
compilation (LCNF base) took 4.23ms
compilation (LCNF mono) took 0.638ms
compilation (LCNF mono) took 0.285ms
compilation (LCNF impure) took 0.369ms
compilation (IR) took 0.122ms
compilation (LCNF mono) took 1.26ms
compilation (LCNF impure) took 0.387ms
compilation (IR) took 0.17ms
attribute application took 0.0118ms
process pre-definitions took 5.62ms
attribute application took 0.0088ms
instantiate metavars took 0.0031ms
instantiate metavars took 0.001ms
typeclass inference of Inhabited took 0.317ms
instantiate metavars took 0.002ms
instantiate metavars took 0.0013ms
instantiate metavars took 0.0006ms
instantiate metavars took 0.0012ms
instantiate metavars took 0.0009ms
share common exprs took 0.0275ms
fix level params took 0.0083ms
let-to-have transformation took 0.0042ms
type checking took 0.111ms
attribute application took 0.087ms
compilation (LCNF base) took 0.201ms
compilation (LCNF mono) took 0.0296ms
compilation (LCNF mono) took 0.0693ms
compilation (LCNF impure) took 0.113ms
compilation (IR) took 0.0177ms
attribute application took 0.0097ms
process pre-definitions took 0.997ms
interpretation of _private.Mathlib.Tactic.Linter.Header.0.Mathlib.Linter.Style.header.headerLinter._lam_3._boxed took 0.11ms
interpretation of _private.Mathlib.Tactic.Linter.AuxLemma.0.Mathlib.Linter.AuxLemma.auxLemmaLinter._lam_1._boxed took 0.224ms
interpretation of _private.Mathlib.Tactic.Linter.DeprecatedSyntaxLinter.0.Mathlib.Linter.Style.deprecatedSyntaxLinter._lam_1._boxed took 0.0538ms
interpretation of _private.Mathlib.Tactic.Linter.DocPrime.0.Mathlib.Linter.DocPrime.docPrimeLinter._lam_3._boxed took 0.0327ms
interpretation of _private.Mathlib.Tactic.Linter.DocString.0.Mathlib.Linter.Style.docStringLinter._lam_0._boxed took 0.276ms
interpretation of _private.Mathlib.Tactic.Linter.DocString.0.Mathlib.Linter.Style.moduleDocVersoLinter._lam_0._boxed took 0.0305ms
interpretation of Mathlib.Linter.EmptyLine.emptyLineLinter._lam_2._boxed took 0.033ms
interpretation of _private.Mathlib.Tactic.Linter.GlobalAttributeIn.0.Mathlib.Linter.globalAttributeInLinter.globalAttributeIn._lam_0._boxed took 0.185ms
interpretation of _private.Mathlib.Tactic.Linter.HashCommandLinter.0.Mathlib.Linter.HashCommandLinter.withSetOptionIn'._boxed took 0.0722ms
interpretation of _private.Mathlib.Tactic.Linter.FlexibleLinter.0.Mathlib.Linter.Flexible.flexibleLinter._lam_0._boxed took 0.0467ms
interpretation of _private.Mathlib.Tactic.Linter.Multigoal.0.Mathlib.Linter.Style.multiGoal.multiGoalLinter._lam_0._boxed took 0.03ms
interpretation of _private.Mathlib.Tactic.Linter.OldObtain.0.Mathlib.Linter.Style.oldObtainLinter._lam_0._boxed took 0.0244ms
interpretation of Mathlib.Linter.UnusedInstancesInType.withSetBoolOptionIn._boxed took 0.0702ms
interpretation of Mathlib.Linter.UnusedInstancesInType.withSetBoolOptionIn._boxed took 0.0487ms
overlappingInstancesLinter took 0.429ms
interpretation of Mathlib.Linter.UnusedInstancesInType.withSetBoolOptionIn._boxed took 0.151ms
interpretation of _private.Mathlib.Tactic.Linter.PrivateModule.0.Mathlib.Linter.privateModule._lam_1._boxed took 0.0295ms
interpretation of _private.Mathlib.Tactic.Linter.UnusedTactic.0.Mathlib.Linter.UnusedTactic.unusedTacticLinter._lam_0._boxed took 1.23ms
interpretation of _private.Mathlib.Tactic.Linter.Style.0.Mathlib.Linter.Style.setOption.setOptionLinter._lam_0._boxed took 0.116ms
interpretation of _private.Mathlib.Tactic.Linter.Style.0.Mathlib.Linter.Style.missingEnd.missingEndLinter._lam_0._boxed took 0.135ms
interpretation of _private.Mathlib.Tactic.Linter.Style.0.Mathlib.Linter.Style.cdotLinter._lam_0._boxed took 0.0604ms
interpretation of _private.Mathlib.Tactic.Linter.Style.0.Mathlib.Linter.Style.dollarSyntax.dollarSyntaxLinter._lam_0._boxed took 0.0391ms
interpretation of _private.Mathlib.Tactic.Linter.Style.0.Mathlib.Linter.Style.lambdaSyntax.lambdaSyntaxLinter._lam_0._boxed took 0.0336ms
interpretation of _private.Mathlib.Tactic.Linter.Style.0.Mathlib.Linter.Style.longFile.longFileLinter._lam_0._boxed took 0.0655ms
interpretation of _private.Mathlib.Tactic.Linter.Style.0.Mathlib.Linter.Style.longLine.longLineLinter._lam_0._boxed took 0.0744ms
interpretation of _private.Mathlib.Tactic.Linter.Style.0.Mathlib.Linter.Style.nameCheck.doubleUnderscore._lam_2._boxed took 0.631ms
interpretation of _private.Mathlib.Tactic.Linter.Style.0.Mathlib.Linter.Style.openClassical.openClassicalLinter._lam_0._boxed took 0.0679ms
interpretation of _private.Mathlib.Tactic.Linter.Whitespace.0.Mathlib.Linter.Style.Whitespace.whitespaceLinter._lam_4._boxed took 0.105ms
tacticAnalysis took 2.33ms
interpretation of Mathlib.TacticAnalysis.tacticAnalysis._lam_1._boxed took 0.41ms
interpretation of _private.Mathlib.Tactic.Linter.Lint.0.Mathlib.Linter.DupNamespaceLinter.dupNamespace._lam_1._boxed took 0.772ms
linting took 1.62ms
elaboration took 3.91ms
parsing took 0.15ms
interpretation of _private.Mathlib.Tactic.Linter.Header.0.Mathlib.Linter.Style.header.headerLinter._lam_3._boxed took 0.208ms
interpretation of _private.Mathlib.Tactic.Linter.AuxLemma.0.Mathlib.Linter.AuxLemma.auxLemmaLinter._lam_1._boxed took 0.142ms
interpretation of _private.Mathlib.Tactic.Linter.DeprecatedSyntaxLinter.0.Mathlib.Linter.Style.deprecatedSyntaxLinter._lam_1._boxed took 0.0925ms
interpretation of _private.Mathlib.Tactic.Linter.DocPrime.0.Mathlib.Linter.DocPrime.docPrimeLinter._lam_3._boxed took 0.0867ms
interpretation of _private.Mathlib.Tactic.Linter.DocString.0.Mathlib.Linter.Style.docStringLinter._lam_0._boxed took 0.327ms
interpretation of _private.Mathlib.Tactic.Linter.DocString.0.Mathlib.Linter.Style.moduleDocVersoLinter._lam_0._boxed took 0.063ms
interpretation of Mathlib.Linter.EmptyLine.emptyLineLinter._lam_2._boxed took 0.0687ms
interpretation of _private.Mathlib.Tactic.Linter.GlobalAttributeIn.0.Mathlib.Linter.globalAttributeInLinter.globalAttributeIn._lam_0._boxed took 0.16ms
interpretation of _private.Mathlib.Tactic.Linter.HashCommandLinter.0.Mathlib.Linter.HashCommandLinter.withSetOptionIn'._boxed took 0.0844ms
interpretation of _private.Mathlib.Tactic.Linter.FlexibleLinter.0.Mathlib.Linter.Flexible.flexibleLinter._lam_0._boxed took 0.0612ms
interpretation of _private.Mathlib.Tactic.Linter.Multigoal.0.Mathlib.Linter.Style.multiGoal.multiGoalLinter._lam_0._boxed took 0.058ms
interpretation of _private.Mathlib.Tactic.Linter.OldObtain.0.Mathlib.Linter.Style.oldObtainLinter._lam_0._boxed took 0.0499ms
interpretation of Mathlib.Linter.UnusedInstancesInType.withSetBoolOptionIn._boxed took 0.117ms
interpretation of Mathlib.Linter.UnusedInstancesInType.withSetBoolOptionIn._boxed took 0.0736ms
overlappingInstancesLinter took 0.198ms
interpretation of Mathlib.Linter.UnusedInstancesInType.withSetBoolOptionIn._boxed took 0.198ms
interpretation of _private.Mathlib.Tactic.Linter.PrivateModule.0.Mathlib.Linter.privateModule._lam_1._boxed took 0.0475ms
interpretation of _private.Mathlib.Tactic.Linter.UnusedTactic.0.Mathlib.Linter.UnusedTactic.unusedTacticLinter._lam_0._boxed took 1.21ms
interpretation of _private.Mathlib.Tactic.Linter.Style.0.Mathlib.Linter.Style.setOption.setOptionLinter._lam_0._boxed took 0.184ms
interpretation of _private.Mathlib.Tactic.Linter.Style.0.Mathlib.Linter.Style.missingEnd.missingEndLinter._lam_0._boxed took 0.156ms
interpretation of _private.Mathlib.Tactic.Linter.Style.0.Mathlib.Linter.Style.cdotLinter._lam_0._boxed took 0.0607ms
interpretation of _private.Mathlib.Tactic.Linter.Style.0.Mathlib.Linter.Style.dollarSyntax.dollarSyntaxLinter._lam_0._boxed took 0.0578ms
interpretation of _private.Mathlib.Tactic.Linter.Style.0.Mathlib.Linter.Style.lambdaSyntax.lambdaSyntaxLinter._lam_0._boxed took 0.0501ms
interpretation of _private.Mathlib.Tactic.Linter.Style.0.Mathlib.Linter.Style.longFile.longFileLinter._lam_0._boxed took 0.0831ms
interpretation of _private.Mathlib.Tactic.Linter.Style.0.Mathlib.Linter.Style.longLine.longLineLinter._lam_0._boxed took 0.0478ms
interpretation of _private.Mathlib.Tactic.Linter.Style.0.Mathlib.Linter.Style.nameCheck.doubleUnderscore._lam_2._boxed took 0.717ms
interpretation of _private.Mathlib.Tactic.Linter.Style.0.Mathlib.Linter.Style.openClassical.openClassicalLinter._lam_0._boxed took 0.0492ms
interpretation of _private.Mathlib.Tactic.Linter.Whitespace.0.Mathlib.Linter.Style.Whitespace.whitespaceLinter._lam_4._boxed took 0.0863ms
tacticAnalysis took 1.3ms
interpretation of Mathlib.TacticAnalysis.tacticAnalysis._lam_1._boxed took 0.245ms
interpretation of _private.Mathlib.Tactic.Linter.Lint.0.Mathlib.Linter.DupNamespaceLinter.dupNamespace._lam_1._boxed took 0.421ms
linting took 1.67ms
elaboration took 0.285ms
parsing took 1.2ms
attribute application took 0.0082ms
instantiate metavars took 0.0075ms
instantiate metavars took 0.0012ms
typeclass inference of OfNat took 0.239ms
typeclass inference of OfNat took 0.105ms
typeclass inference of Pure took 1.35ms
do element elaborator of Lean.Parser.Term.doReturn took 1.01ms
typeclass inference of Bind took 0.45ms
do element elaborator of Lean.Parser.Term.doExpr took 2.06ms
do element elaborator of Lean.Parser.Term.doLetArrow took 0.0932ms
instantiate metavars took 0.0076ms
instantiate metavars took 0.0011ms
instantiate metavars took 0.0007ms
instantiate metavars took 0.0044ms
instantiate metavars took 0.0014ms
share common exprs took 0.108ms
fix level params took 0.0196ms
let-to-have transformation took 0.0126ms
let-to-have transformation took 0.0077ms
type checking took 0.305ms
attribute application took 0.0079ms
compilation (LCNF base) took 3.23ms
compilation (LCNF mono) took 0.398ms
compilation (LCNF mono) took 0.646ms
compilation (LCNF impure) took 0.81ms
compilation (IR) took 0.309ms
attribute application took 0.0077ms
process pre-definitions took 6.54ms
interpretation of _private.Mathlib.Tactic.Linter.Header.0.Mathlib.Linter.Style.header.headerLinter._lam_3._boxed took 0.219ms
interpretation of _private.Mathlib.Tactic.Linter.AuxLemma.0.Mathlib.Linter.AuxLemma.auxLemmaLinter._lam_1._boxed took 0.419ms
interpretation of _private.Mathlib.Tactic.Linter.DeprecatedSyntaxLinter.0.Mathlib.Linter.Style.deprecatedSyntaxLinter._lam_1._boxed took 0.109ms
interpretation of _private.Mathlib.Tactic.Linter.DocPrime.0.Mathlib.Linter.DocPrime.docPrimeLinter._lam_3._boxed took 0.0488ms
interpretation of _private.Mathlib.Tactic.Linter.DocString.0.Mathlib.Linter.Style.docStringLinter._lam_0._boxed took 1.61ms
interpretation of _private.Mathlib.Tactic.Linter.DocString.0.Mathlib.Linter.Style.moduleDocVersoLinter._lam_0._boxed took 0.0891ms
interpretation of Mathlib.Linter.EmptyLine.emptyLineLinter._lam_2._boxed took 0.0732ms
interpretation of _private.Mathlib.Tactic.Linter.GlobalAttributeIn.0.Mathlib.Linter.globalAttributeInLinter.globalAttributeIn._lam_0._boxed took 0.762ms
interpretation of _private.Mathlib.Tactic.Linter.HashCommandLinter.0.Mathlib.Linter.HashCommandLinter.withSetOptionIn'._boxed took 0.156ms
interpretation of _private.Mathlib.Tactic.Linter.FlexibleLinter.0.Mathlib.Linter.Flexible.flexibleLinter._lam_0._boxed took 0.103ms
interpretation of _private.Mathlib.Tactic.Linter.Multigoal.0.Mathlib.Linter.Style.multiGoal.multiGoalLinter._lam_0._boxed took 0.125ms
interpretation of _private.Mathlib.Tactic.Linter.OldObtain.0.Mathlib.Linter.Style.oldObtainLinter._lam_0._boxed took 0.0747ms
interpretation of Mathlib.Linter.UnusedInstancesInType.withSetBoolOptionIn._boxed took 0.213ms
interpretation of Mathlib.Linter.UnusedInstancesInType.withSetBoolOptionIn._boxed took 0.143ms
overlappingInstancesLinter took 1.39ms
interpretation of Mathlib.Linter.UnusedInstancesInType.withSetBoolOptionIn._boxed took 0.452ms
interpretation of _private.Mathlib.Tactic.Linter.PrivateModule.0.Mathlib.Linter.privateModule._lam_1._boxed took 0.127ms
interpretation of _private.Mathlib.Tactic.Linter.UnusedTactic.0.Mathlib.Linter.UnusedTactic.unusedTacticLinter._lam_0._boxed took 2.61ms
interpretation of _private.Mathlib.Tactic.Linter.Style.0.Mathlib.Linter.Style.setOption.setOptionLinter._lam_0._boxed took 0.149ms
interpretation of _private.Mathlib.Tactic.Linter.Style.0.Mathlib.Linter.Style.missingEnd.missingEndLinter._lam_0._boxed took 0.163ms
interpretation of _private.Mathlib.Tactic.Linter.Style.0.Mathlib.Linter.Style.cdotLinter._lam_0._boxed took 0.0773ms
interpretation of _private.Mathlib.Tactic.Linter.Style.0.Mathlib.Linter.Style.dollarSyntax.dollarSyntaxLinter._lam_0._boxed took 0.0352ms
interpretation of _private.Mathlib.Tactic.Linter.Style.0.Mathlib.Linter.Style.lambdaSyntax.lambdaSyntaxLinter._lam_0._boxed took 0.0335ms
interpretation of _private.Mathlib.Tactic.Linter.Style.0.Mathlib.Linter.Style.longFile.longFileLinter._lam_0._boxed took 0.0452ms
interpretation of _private.Mathlib.Tactic.Linter.Style.0.Mathlib.Linter.Style.longLine.longLineLinter._lam_0._boxed took 0.0652ms
interpretation of _private.Mathlib.Tactic.Linter.Style.0.Mathlib.Linter.Style.nameCheck.doubleUnderscore._lam_2._boxed took 0.57ms
interpretation of _private.Mathlib.Tactic.Linter.Style.0.Mathlib.Linter.Style.openClassical.openClassicalLinter._lam_0._boxed took 0.0569ms
interpretation of _private.Mathlib.Tactic.Linter.Whitespace.0.Mathlib.Linter.Style.Whitespace.whitespaceLinter._lam_4._boxed took 0.0564ms
tacticAnalysis took 1.48ms
interpretation of Mathlib.TacticAnalysis.tacticAnalysis._lam_1._boxed took 0.177ms
interpretation of _private.Mathlib.Tactic.Linter.Lint.0.Mathlib.Linter.DupNamespaceLinter.dupNamespace._lam_1._boxed took 0.845ms
linting took 2.27ms
elaboration took 2.13ms
parsing took 1.68ms
attribute application took 0.0116ms
instantiate metavars took 0.0153ms
instantiate metavars took 0.0019ms
typeclass inference of Pure took 1.31ms
do element elaborator of Lean.Parser.Term.doReturn took 1.1ms
typeclass inference of Bind took 0.387ms
do element elaborator of Lean.Parser.Term.doExpr took 1.68ms
do element elaborator of Lean.Parser.Term.doLetArrow took 0.159ms
typeclass inference of Bind took 0.012ms
do element elaborator of Lean.Parser.Term.doExpr took 1.9ms
do element elaborator of Lean.Parser.Term.doLetArrow took 0.108ms
instantiate metavars took 0.0052ms
instantiate metavars took 0.0011ms
instantiate metavars took 0.0006ms
instantiate metavars took 0.0007ms
instantiate metavars took 0.0006ms
share common exprs took 0.109ms
fix level params took 0.02ms
let-to-have transformation took 0.0103ms
let-to-have transformation took 0.0067ms
type checking took 0.323ms
attribute application took 0.0101ms
compilation (LCNF base) took 4.68ms
compilation (LCNF mono) took 0.649ms
compilation (LCNF mono) took 0.758ms
compilation (LCNF impure) took 2.53ms
compilation (IR) took 0.323ms
attribute application took 0.0117ms
process pre-definitions took 6.43ms
interpretation of _private.Mathlib.Tactic.Linter.Header.0.Mathlib.Linter.Style.header.headerLinter._lam_3._boxed took 0.143ms
interpretation of _private.Mathlib.Tactic.Linter.AuxLemma.0.Mathlib.Linter.AuxLemma.auxLemmaLinter._lam_1._boxed took 0.295ms
interpretation of _private.Mathlib.Tactic.Linter.DeprecatedSyntaxLinter.0.Mathlib.Linter.Style.deprecatedSyntaxLinter._lam_1._boxed took 0.0711ms
interpretation of _private.Mathlib.Tactic.Linter.DocPrime.0.Mathlib.Linter.DocPrime.docPrimeLinter._lam_3._boxed took 0.0551ms
interpretation of _private.Mathlib.Tactic.Linter.DocString.0.Mathlib.Linter.Style.docStringLinter._lam_0._boxed took 1.39ms
interpretation of _private.Mathlib.Tactic.Linter.DocString.0.Mathlib.Linter.Style.moduleDocVersoLinter._lam_0._boxed took 0.0505ms
interpretation of Mathlib.Linter.EmptyLine.emptyLineLinter._lam_2._boxed took 0.0466ms
interpretation of _private.Mathlib.Tactic.Linter.GlobalAttributeIn.0.Mathlib.Linter.globalAttributeInLinter.globalAttributeIn._lam_0._boxed took 0.605ms
interpretation of _private.Mathlib.Tactic.Linter.HashCommandLinter.0.Mathlib.Linter.HashCommandLinter.withSetOptionIn'._boxed took 0.108ms
interpretation of _private.Mathlib.Tactic.Linter.FlexibleLinter.0.Mathlib.Linter.Flexible.flexibleLinter._lam_0._boxed took 0.0799ms
interpretation of _private.Mathlib.Tactic.Linter.Multigoal.0.Mathlib.Linter.Style.multiGoal.multiGoalLinter._lam_0._boxed took 0.0433ms
interpretation of _private.Mathlib.Tactic.Linter.OldObtain.0.Mathlib.Linter.Style.oldObtainLinter._lam_0._boxed took 0.0384ms
interpretation of Mathlib.Linter.UnusedInstancesInType.withSetBoolOptionIn._boxed took 0.0863ms
interpretation of Mathlib.Linter.UnusedInstancesInType.withSetBoolOptionIn._boxed took 0.0543ms
overlappingInstancesLinter took 0.408ms
interpretation of Mathlib.Linter.UnusedInstancesInType.withSetBoolOptionIn._boxed took 0.158ms
interpretation of _private.Mathlib.Tactic.Linter.PrivateModule.0.Mathlib.Linter.privateModule._lam_1._boxed took 0.0704ms
interpretation of _private.Mathlib.Tactic.Linter.UnusedTactic.0.Mathlib.Linter.UnusedTactic.unusedTacticLinter._lam_0._boxed took 1.42ms
interpretation of _private.Mathlib.Tactic.Linter.Style.0.Mathlib.Linter.Style.setOption.setOptionLinter._lam_0._boxed took 0.0606ms
interpretation of _private.Mathlib.Tactic.Linter.Style.0.Mathlib.Linter.Style.missingEnd.missingEndLinter._lam_0._boxed took 0.0846ms
interpretation of _private.Mathlib.Tactic.Linter.Style.0.Mathlib.Linter.Style.cdotLinter._lam_0._boxed took 0.0371ms
interpretation of _private.Mathlib.Tactic.Linter.Style.0.Mathlib.Linter.Style.dollarSyntax.dollarSyntaxLinter._lam_0._boxed took 0.0289ms
interpretation of _private.Mathlib.Tactic.Linter.Style.0.Mathlib.Linter.Style.lambdaSyntax.lambdaSyntaxLinter._lam_0._boxed took 0.0266ms
interpretation of _private.Mathlib.Tactic.Linter.Style.0.Mathlib.Linter.Style.longFile.longFileLinter._lam_0._boxed took 0.0317ms
interpretation of _private.Mathlib.Tactic.Linter.Style.0.Mathlib.Linter.Style.longLine.longLineLinter._lam_0._boxed took 0.0301ms
interpretation of _private.Mathlib.Tactic.Linter.Style.0.Mathlib.Linter.Style.nameCheck.doubleUnderscore._lam_2._boxed took 0.558ms
interpretation of _private.Mathlib.Tactic.Linter.Style.0.Mathlib.Linter.Style.openClassical.openClassicalLinter._lam_0._boxed took 0.0552ms
interpretation of _private.Mathlib.Tactic.Linter.Whitespace.0.Mathlib.Linter.Style.Whitespace.whitespaceLinter._lam_4._boxed took 0.0531ms
tacticAnalysis took 1.85ms
interpretation of Mathlib.TacticAnalysis.tacticAnalysis._lam_1._boxed took 0.19ms
interpretation of _private.Mathlib.Tactic.Linter.Lint.0.Mathlib.Linter.DupNamespaceLinter.dupNamespace._lam_1._boxed took 1.57ms
linting took 2.15ms
elaboration took 3.5ms
parsing took 1.66ms
attribute application took 0.0157ms
type checking took 0.478ms
type checking took 0.173ms
type checking took 0.224ms
type checking took 0.0391ms
type checking took 0.207ms
type checking took 0.575ms
type checking took 0.618ms
typeclass inference of OfNat took 0.33ms
typeclass inference of SizeOf took 0.129ms
typeclass inference of HAdd took 0.557ms
typeclass inference of SizeOf took 0.103ms
typeclass inference of HAdd took 0.0153ms
typeclass inference of SizeOf took 0.0222ms
typeclass inference of HAdd took 0.0115ms
typeclass inference of SizeOf took 0.118ms
typeclass inference of HAdd took 0.0136ms
typeclass inference of SizeOf took 1.19ms
typeclass inference of HAdd took 0.0164ms
typeclass inference of SizeOf took 0.0253ms
typeclass inference of HAdd took 0.0119ms
type checking took 0.477ms
type checking took 0.0735ms
typeclass inference of OfNat took 0.281ms
typeclass inference of SizeOf took 0.11ms
typeclass inference of HAdd took 0.586ms
typeclass inference of SizeOf took 0.107ms
typeclass inference of HAdd took 0.0163ms
typeclass inference of SizeOf took 0.0193ms
typeclass inference of HAdd took 0.0142ms
typeclass inference of SizeOf took 0.127ms
typeclass inference of HAdd took 0.0141ms
typeclass inference of SizeOf took 0.977ms
typeclass inference of HAdd took 0.0173ms
typeclass inference of SizeOf took 0.0214ms
typeclass inference of HAdd took 0.0133ms
type checking took 0.836ms
congr simp thm took 0.0293ms
congr simp thm took 0.0745ms
simp took 0.706ms
simp took 0.0447ms
type checking took 1.26ms
type checking took 1.91ms
type checking took 0.29ms
type checking took 0.157ms
type checking took 0.0609ms
type checking took 0.0395ms
type checking took 0.0795ms
type checking took 0.0377ms
type checking took 0.154ms
attribute application took 0.0135ms
attribute application took 0.0038ms
interpretation of _private.Mathlib.Tactic.Linter.Header.0.Mathlib.Linter.Style.header.headerLinter._lam_3._boxed took 0.176ms
interpretation of _private.Mathlib.Tactic.Linter.AuxLemma.0.Mathlib.Linter.AuxLemma.auxLemmaLinter._lam_1._boxed took 0.451ms
interpretation of _private.Mathlib.Tactic.Linter.DeprecatedSyntaxLinter.0.Mathlib.Linter.Style.deprecatedSyntaxLinter._lam_1._boxed took 0.0908ms
interpretation of _private.Mathlib.Tactic.Linter.DocPrime.0.Mathlib.Linter.DocPrime.docPrimeLinter._lam_3._boxed took 0.0514ms
interpretation of _private.Mathlib.Tactic.Linter.DocString.0.Mathlib.Linter.Style.docStringLinter._lam_0._boxed took 2.62ms
interpretation of _private.Mathlib.Tactic.Linter.DocString.0.Mathlib.Linter.Style.moduleDocVersoLinter._lam_0._boxed took 0.117ms
interpretation of Mathlib.Linter.EmptyLine.emptyLineLinter._lam_2._boxed took 0.0969ms
interpretation of _private.Mathlib.Tactic.Linter.GlobalAttributeIn.0.Mathlib.Linter.globalAttributeInLinter.globalAttributeIn._lam_0._boxed took 0.878ms
interpretation of _private.Mathlib.Tactic.Linter.HashCommandLinter.0.Mathlib.Linter.HashCommandLinter.withSetOptionIn'._boxed took 0.154ms
interpretation of _private.Mathlib.Tactic.Linter.FlexibleLinter.0.Mathlib.Linter.Flexible.flexibleLinter._lam_0._boxed took 0.0677ms
interpretation of _private.Mathlib.Tactic.Linter.Multigoal.0.Mathlib.Linter.Style.multiGoal.multiGoalLinter._lam_0._boxed took 0.054ms
interpretation of _private.Mathlib.Tactic.Linter.OldObtain.0.Mathlib.Linter.Style.oldObtainLinter._lam_0._boxed took 0.0496ms
interpretation of Mathlib.Linter.UnusedInstancesInType.withSetBoolOptionIn._boxed took 0.126ms
interpretation of Mathlib.Linter.UnusedInstancesInType.withSetBoolOptionIn._boxed took 0.092ms
overlappingInstancesLinter took 0.231ms
interpretation of Mathlib.Linter.UnusedInstancesInType.withSetBoolOptionIn._boxed took 0.329ms
interpretation of _private.Mathlib.Tactic.Linter.PrivateModule.0.Mathlib.Linter.privateModule._lam_1._boxed took 0.0556ms
interpretation of _private.Mathlib.Tactic.Linter.UnusedTactic.0.Mathlib.Linter.UnusedTactic.unusedTacticLinter._lam_0._boxed took 2.62ms
interpretation of _private.Mathlib.Tactic.Linter.Style.0.Mathlib.Linter.Style.setOption.setOptionLinter._lam_0._boxed took 0.113ms
interpretation of _private.Mathlib.Tactic.Linter.Style.0.Mathlib.Linter.Style.missingEnd.missingEndLinter._lam_0._boxed took 0.15ms
interpretation of _private.Mathlib.Tactic.Linter.Style.0.Mathlib.Linter.Style.cdotLinter._lam_0._boxed took 0.0847ms
interpretation of _private.Mathlib.Tactic.Linter.Style.0.Mathlib.Linter.Style.dollarSyntax.dollarSyntaxLinter._lam_0._boxed took 0.0344ms
interpretation of _private.Mathlib.Tactic.Linter.Style.0.Mathlib.Linter.Style.lambdaSyntax.lambdaSyntaxLinter._lam_0._boxed took 0.0288ms
interpretation of _private.Mathlib.Tactic.Linter.Style.0.Mathlib.Linter.Style.longFile.longFileLinter._lam_0._boxed took 0.0437ms
interpretation of _private.Mathlib.Tactic.Linter.Style.0.Mathlib.Linter.Style.longLine.longLineLinter._lam_0._boxed took 0.032ms
interpretation of _private.Mathlib.Tactic.Linter.Style.0.Mathlib.Linter.Style.nameCheck.doubleUnderscore._lam_2._boxed took 0.795ms
interpretation of _private.Mathlib.Tactic.Linter.Style.0.Mathlib.Linter.Style.openClassical.openClassicalLinter._lam_0._boxed took 0.0427ms
interpretation of _private.Mathlib.Tactic.Linter.Whitespace.0.Mathlib.Linter.Style.Whitespace.whitespaceLinter._lam_4._boxed took 0.128ms
tacticAnalysis took 1.96ms
interpretation of Mathlib.TacticAnalysis.tacticAnalysis._lam_1._boxed took 0.316ms
interpretation of _private.Mathlib.Tactic.Linter.Lint.0.Mathlib.Linter.DupNamespaceLinter.dupNamespace._lam_1._boxed took 1.06ms
linting took 3.04ms
elaboration took 25ms
parsing took 8.44ms
attribute application took 0.0158ms
instantiate metavars took 0.0133ms
instantiate metavars took 0.0025ms
typeclass inference of Monad took 0.362ms
typeclass inference of Lean.MonadTrace took 0.244ms
typeclass inference of Lean.MonadRef took 0.223ms
typeclass inference of Lean.AddMessageContext took 0.199ms
typeclass inference of Lean.MonadOptions took 0.179ms
typeclass inference of Lean.MonadAlwaysExcept took 0.403ms
typeclass inference of MonadLiftT took 0.259ms
typeclass inference of Lean.ExceptToTraceResult took 0.192ms
typeclass inference of Lean.ToMessageData took 0.151ms
typeclass inference of Lean.ToMessageData took 0.0938ms
typeclass inference of Lean.ToMessageData took 0.0161ms
typeclass inference of CoeT took 3.51ms
typeclass inference of Decidable took 0.322ms
typeclass inference of Lean.ToMessageData took 0.0373ms
typeclass inference of Lean.ToMessageData took 0.0197ms
typeclass inference of HAppend took 0.774ms
typeclass inference of HAppend took 0.0199ms
typeclass inference of HAppend took 0.0171ms
typeclass inference of HAppend took 0.0157ms
typeclass inference of HAppend took 0.764ms
typeclass inference of HAppend took 0.291ms
typeclass inference of HAppend took 0.321ms
typeclass inference of HAppend took 0.252ms
typeclass inference of Pure took 1.41ms
do element elaborator of Lean.Parser.Term.doReturn took 8.12ms
typeclass inference of CoeT took 0.0505ms
typeclass inference of Decidable took 0.0426ms
typeclass inference of Monad took 0.9ms
typeclass inference of Lean.MonadTrace took 0.163ms
typeclass inference of Lean.MonadRef took 0.173ms
typeclass inference of Lean.AddMessageContext took 0.123ms
typeclass inference of Lean.MonadOptions took 0.116ms
typeclass inference of Lean.MonadAlwaysExcept took 1.02ms
typeclass inference of MonadLiftT took 0.302ms
typeclass inference of Lean.ExceptToTraceResult took 0.138ms
typeclass inference of Lean.ToMessageData took 0.0216ms
typeclass inference of Lean.ToMessageData took 0.0256ms
typeclass inference of Lean.ToMessageData took 0.011ms
typeclass inference of Lean.ToMessageData took 0.0101ms
typeclass inference of HAppend took 0.0221ms
typeclass inference of HAppend took 0.0362ms
typeclass inference of HAppend took 0.03ms
typeclass inference of HAppend took 0.311ms
typeclass inference of HAppend took 0.344ms
typeclass inference of HAppend took 0.539ms
typeclass inference of Pure took 0.0268ms
do element elaborator of Lean.Parser.Term.doReturn took 5.17ms
typeclass inference of MonadControlT took 0.657ms
typeclass inference of Monad took 0.408ms
typeclass inference of MonadControlT took 2.2ms
typeclass inference of Monad took 0.346ms
typeclass inference of Monad took 0.0247ms
typeclass inference of Lean.MonadTrace took 2.03ms
typeclass inference of Lean.MonadRef took 14.2ms
typeclass inference of Lean.AddMessageContext took 0.193ms
typeclass inference of Lean.MonadOptions took 1.28ms
typeclass inference of Lean.MonadAlwaysExcept took 2.15ms
typeclass inference of MonadLiftT took 4.95ms
typeclass inference of Lean.ExceptToTraceResult took 0.194ms
typeclass inference of CoeT took 2.92ms
typeclass inference of Decidable took 0.289ms
do element elaborator of Lean.Parser.Term.InternalSyntax.doSkip took 0.0685ms
typeclass inference of Pure took 0.0175ms
do element elaborator of Lean.Parser.Term.doReturn took 0.76ms
typeclass inference of Monad took 0.265ms
typeclass inference of Lean.MonadMCtx took 0.15ms
typeclass inference of Monad took 0.0196ms
typeclass inference of Lean.MonadMCtx took 0.204ms
typeclass inference of BEq took 0.139ms
typeclass inference of BEq took 1.52ms
typeclass inference of CoeT took 2.23ms
typeclass inference of Decidable took 0.288ms
typeclass inference of Pure took 0.0191ms
do element elaborator of Lean.Parser.Term.doReturn took 0.584ms
do element elaborator of Lean.Parser.Term.InternalSyntax.doSkip took 0.0649ms
typeclass inference of Inhabited took 1.11ms
typeclass inference of Inhabited took 0.13ms
typeclass inference of Std.ToStream took 0.394ms
typeclass inference of Std.ToStream took 0.543ms
typeclass inference of ForIn took 2.13ms
typeclass inference of Std.Stream took 0.749ms
typeclass inference of Pure took 1.81ms
do element elaborator of Lean.Parser.Term.doBreak took 0.46ms
typeclass inference of Monad took 0.244ms
typeclass inference of Lean.MonadMCtx took 0.119ms
typeclass inference of Monad took 0.13ms
typeclass inference of Lean.MonadMCtx took 0.092ms
typeclass inference of CoeT took 3.18ms
typeclass inference of Decidable took 0.875ms
typeclass inference of Pure took 0.0214ms
do element elaborator of Lean.Parser.Term.InternalSyntax.doSkip took 0.335ms
typeclass inference of Pure took 0.0245ms
do element elaborator of Lean.Parser.Term.doReassign took 3.07ms
do element elaborator of Lean.Parser.Term.doIf took 2.87ms
do element elaborator of Lean.Parser.Term.doUnless took 0.119ms
typeclass inference of Bind took 0.695ms
do element elaborator of Lean.Parser.Term.doExpr took 1.8ms
do element elaborator of Lean.Parser.Term.doLetArrow took 0.117ms
do element elaborator of Lean.Parser.Term.doUnless took 0.0879ms
do element elaborator of Lean.Parser.Term.doNested took 0.0662ms
do element elaborator of Lean.Parser.Term.doReassign took 0.48ms
type checking took 0.383ms
do element elaborator of Lean.Parser.Term.doMatch took 9.36ms
do element elaborator of Lean.Parser.Term.doMatch took 1.66ms
typeclass inference of Monad took 0.282ms
typeclass inference of Lean.MonadMCtx took 0.147ms
typeclass inference of Monad took 0.147ms
typeclass inference of Lean.MonadMCtx took 0.0902ms
typeclass inference of BEq took 0.125ms
typeclass inference of Monad took 0.236ms
typeclass inference of Lean.MonadMCtx took 0.129ms
typeclass inference of Monad took 0.0197ms
typeclass inference of Lean.MonadMCtx took 0.017ms
typeclass inference of Insert took 0.787ms
typeclass inference of Insert took 0.668ms
typeclass inference of Insert took 0.568ms
typeclass inference of Insert took 0.619ms
typeclass inference of Insert took 0.634ms
typeclass inference of Singleton took 0.721ms
typeclass inference of Singleton took 0.115ms
typeclass inference of Singleton took 0.008ms
typeclass inference of Pure took 1.8ms
do element elaborator of Lean.Parser.Term.doReturn took 7.42ms
typeclass inference of Bind took 0.486ms
do element elaborator of Lean.Parser.Term.doExpr took 2ms
do element elaborator of Lean.Parser.Term.doLetArrow took 0.123ms
do element elaborator of Lean.Parser.Term.doLet took 2.46ms
do element elaborator of Lean.Parser.Term.doLet took 0.603ms
typeclass inference of Bind took 0.0212ms
do element elaborator of Lean.Parser.Term.doExpr took 1.27ms
do element elaborator of Lean.Parser.Term.doLetArrow took 0.136ms
do element elaborator of Lean.Parser.Term.doLet took 0.0858ms
typeclass inference of Bind took 0.0197ms
do element elaborator of Lean.Parser.Term.doExpr took 1.59ms
do element elaborator of Lean.Parser.Term.doLetArrow took 0.156ms
typeclass inference of Bind took 0.0178ms
do element elaborator of Lean.Parser.Term.doFor took 1.49ms
do element elaborator of Lean.Parser.Term.doLet took 1.45ms
do element elaborator of Lean.Parser.Term.doNested took 0.0982ms
do element elaborator of Lean.Parser.Term.doFor took 0.108ms
do element elaborator of Lean.Parser.Term.doLet took 1.71ms
typeclass inference of Bind took 0.0177ms
do element elaborator of Lean.Parser.Term.doExpr took 2.39ms
do element elaborator of Lean.Parser.Term.doIf took 4.68ms
do element elaborator of Lean.Parser.Term.doIf took 0.136ms
typeclass inference of Bind took 0.0271ms
do element elaborator of Lean.Parser.Term.doExpr took 1.68ms
do element elaborator of Lean.Parser.Term.doLetArrow took 0.239ms
do element elaborator of Lean.Parser.Term.doIf took 2.55ms
do element elaborator of Lean.Parser.Term.doUnless took 0.335ms
typeclass inference of Bind took 0.0215ms
do element elaborator of Lean.Parser.Term.doExpr took 9.89ms
do element elaborator of Lean.Parser.Term.doLetArrow took 0.143ms
type checking took 0.242ms
do element elaborator of Lean.Parser.Term.doLet took 7.88ms
typeclass inference of Monad took 0.333ms
typeclass inference of Lean.MonadError took 0.47ms
typeclass inference of Lean.ToMessageData took 0.107ms
typeclass inference of Lean.ToMessageData took 0.068ms
typeclass inference of HAppend took 0.69ms
typeclass inference of HAppend took 1.63ms
typeclass inference of Monad took 0.303ms
typeclass inference of Lean.MonadError took 7.69ms
typeclass inference of Pure took 1.5ms
typeclass inference of Pure took 0.02ms
do element elaborator of Lean.Parser.Term.doExpr took 4.78ms
do element elaborator of Lean.Parser.Term.doMatch took 8.15ms
do element elaborator of Lean.Parser.Term.doMatch took 0.443ms
do element elaborator of Lean.Parser.Term.doLetElse took 0.965ms
typeclass inference of Bind took 0.566ms
do element elaborator of Lean.Parser.Term.doExpr took 1.91ms
do element elaborator of Lean.Parser.Term.doLetArrow took 0.134ms
do element elaborator of Lean.Parser.Term.doLetElse took 0.149ms
do element elaborator of Lean.Parser.Term.doLet took 9.36ms
typeclass inference of Bind took 0.0428ms
do element elaborator of Lean.Parser.Term.doExpr took 2.07ms
do element elaborator of Lean.Parser.Term.doLetArrow took 0.214ms
typeclass inference of Bind took 0.0215ms
do element elaborator of Lean.Parser.Term.doExpr took 2.37ms
do element elaborator of Lean.Parser.Term.doLetArrow took 0.186ms
do element elaborator of Lean.Parser.Term.doLetArrow took 0.132ms
typeclass inference of Monad took 0.0224ms
typeclass inference of Lean.MonadTrace took 1.5ms
typeclass inference of Lean.MonadRef took 13.1ms
typeclass inference of Lean.AddMessageContext took 0.171ms
typeclass inference of Lean.MonadOptions took 1.34ms
typeclass inference of Lean.MonadAlwaysExcept took 2.14ms
typeclass inference of MonadLiftT took 7.14ms
typeclass inference of Lean.ExceptToTraceResult took 0.417ms
typeclass inference of Pure took 0.0327ms
typeclass inference of Pure took 0.0149ms
do element elaborator of Lean.Parser.Term.doExpr took 4.39ms
instantiate metavars took 0.2ms
instantiate metavars took 0.0034ms
instantiate metavars took 0.0014ms
instantiate metavars took 0.0016ms
instantiate metavars took 0.0014ms
share common exprs took 1.31ms
fix level params took 0.144ms
let-to-have transformation took 0.0108ms
let-to-have transformation took 2.7ms
type checking took 2.91ms
attribute application took 0.0095ms
compilation (LCNF base) took 919ms
compilation (LCNF mono) took 172ms
compilation (LCNF mono) took 1.18ms
compilation (LCNF impure) took 0.82ms
compilation (IR) took 0.245ms
compilation (LCNF mono) took 0.298ms
compilation (LCNF impure) took 0.243ms
compilation (IR) took 0.0415ms
compilation (LCNF mono) took 1.37ms
compilation (LCNF impure) took 1.4ms
compilation (IR) took 0.238ms
compilation (LCNF mono) took 0.342ms
compilation (LCNF impure) took 0.375ms
compilation (IR) took 0.102ms
compilation (LCNF mono) took 1.14ms
compilation (LCNF impure) took 0.784ms
compilation (IR) took 0.0996ms
compilation (LCNF mono) took 0.577ms
compilation (LCNF impure) took 0.525ms
compilation (IR) took 0.0702ms
compilation (LCNF mono) took 0.559ms
compilation (LCNF impure) took 0.442ms
compilation (IR) took 0.145ms
compilation (LCNF mono) took 0.607ms
compilation (LCNF impure) took 0.474ms
compilation (IR) took 0.0868ms
compilation (LCNF mono) took 0.696ms
compilation (LCNF impure) took 0.662ms
compilation (IR) took 0.261ms
compilation (LCNF mono) took 1.3ms
compilation (LCNF impure) took 1.2ms
compilation (IR) took 0.361ms
compilation (LCNF mono) took 1.03ms
compilation (LCNF impure) took 0.778ms
compilation (IR) took 0.254ms
compilation (LCNF mono) took 0.908ms
compilation (LCNF impure) took 0.972ms
compilation (IR) took 0.138ms
compilation (LCNF mono) took 0.82ms
compilation (LCNF impure) took 0.993ms
compilation (IR) took 0.171ms
compilation (LCNF mono) took 1.14ms
compilation (LCNF impure) took 1.09ms
compilation (IR) took 0.143ms
compilation (LCNF mono) took 2.01ms
compilation (LCNF impure) took 2.11ms
compilation (IR) took 1.85ms
compilation (LCNF mono) took 3.23ms
compilation (LCNF impure) took 2.86ms
compilation (IR) took 1.52ms
compilation (LCNF mono) took 0.914ms
compilation (LCNF impure) took 0.698ms
compilation (IR) took 0.122ms
compilation (LCNF mono) took 0.441ms
compilation (LCNF impure) took 0.414ms
compilation (IR) took 0.0734ms
compilation (LCNF mono) took 3.85ms
compilation (LCNF impure) took 3.22ms
compilation (IR) took 0.564ms
compilation (LCNF mono) took 0.963ms
compilation (LCNF impure) took 0.622ms
compilation (IR) took 0.136ms
compilation (LCNF mono) took 0.971ms
compilation (LCNF impure) took 0.869ms
compilation (IR) took 0.185ms
compilation (LCNF mono) took 0.42ms
compilation (LCNF impure) took 0.33ms
compilation (IR) took 0.0722ms
compilation (LCNF mono) took 0.671ms
compilation (LCNF impure) took 0.511ms
compilation (IR) took 0.0783ms
compilation (LCNF mono) took 1.7ms
compilation (LCNF impure) took 2.92ms
compilation (IR) took 0.586ms
compilation (LCNF mono) took 62ms
compilation (LCNF impure) took 76.1ms
compilation (IR) took 12.1ms
compilation (LCNF mono) took 0.505ms
compilation (LCNF impure) took 0.431ms
compilation (IR) took 0.0779ms
compilation (LCNF mono) took 0.337ms
compilation (LCNF impure) took 0.323ms
compilation (IR) took 0.0638ms
compilation (LCNF mono) took 0.26ms
compilation (LCNF impure) took 0.306ms
compilation (IR) took 0.0582ms
compilation (LCNF mono) took 0.286ms
compilation (LCNF impure) took 0.222ms
compilation (IR) took 0.0632ms
compilation (LCNF mono) took 0.221ms
compilation (LCNF impure) took 0.248ms
compilation (IR) took 0.0604ms
compilation (LCNF mono) took 0.268ms
compilation (LCNF impure) took 0.301ms
compilation (IR) took 0.0633ms
attribute application took 0.0186ms
process pre-definitions took 87.2ms
interpretation of _private.Mathlib.Tactic.Linter.Header.0.Mathlib.Linter.Style.header.headerLinter._lam_3._boxed took 0.189ms
interpretation of _private.Mathlib.Tactic.Linter.AuxLemma.0.Mathlib.Linter.AuxLemma.auxLemmaLinter._lam_1._boxed took 2.1ms
interpretation of _private.Mathlib.Tactic.Linter.DeprecatedSyntaxLinter.0.Mathlib.Linter.Style.deprecatedSyntaxLinter._lam_1._boxed took 0.207ms
interpretation of _private.Mathlib.Tactic.Linter.DocPrime.0.Mathlib.Linter.DocPrime.docPrimeLinter._lam_3._boxed took 0.15ms
interpretation of _private.Mathlib.Tactic.Linter.DocString.0.Mathlib.Linter.Style.docStringLinter._lam_0._boxed took 2.86ms
interpretation of _private.Mathlib.Tactic.Linter.DocString.0.Mathlib.Linter.Style.moduleDocVersoLinter._lam_0._boxed took 0.0958ms
interpretation of Mathlib.Linter.EmptyLine.emptyLineLinter._lam_2._boxed took 0.0918ms
interpretation of _private.Mathlib.Tactic.Linter.GlobalAttributeIn.0.Mathlib.Linter.globalAttributeInLinter.globalAttributeIn._lam_0._boxed took 2.69ms
interpretation of _private.Mathlib.Tactic.Linter.HashCommandLinter.0.Mathlib.Linter.HashCommandLinter.withSetOptionIn'._boxed took 0.178ms
interpretation of _private.Mathlib.Tactic.Linter.FlexibleLinter.0.Mathlib.Linter.Flexible.flexibleLinter._lam_0._boxed took 0.0968ms
interpretation of _private.Mathlib.Tactic.Linter.Multigoal.0.Mathlib.Linter.Style.multiGoal.multiGoalLinter._lam_0._boxed took 0.0476ms
interpretation of _private.Mathlib.Tactic.Linter.OldObtain.0.Mathlib.Linter.Style.oldObtainLinter._lam_0._boxed took 0.0409ms
interpretation of Mathlib.Linter.UnusedInstancesInType.withSetBoolOptionIn._boxed took 0.11ms
interpretation of Mathlib.Linter.UnusedInstancesInType.withSetBoolOptionIn._boxed took 0.0883ms
overlappingInstancesLinter took 1.13ms
interpretation of Mathlib.Linter.UnusedInstancesInType.withSetBoolOptionIn._boxed took 0.198ms
interpretation of _private.Mathlib.Tactic.Linter.PrivateModule.0.Mathlib.Linter.privateModule._lam_1._boxed took 0.164ms
interpretation of _private.Mathlib.Tactic.Linter.UnusedTactic.0.Mathlib.Linter.UnusedTactic.unusedTacticLinter._lam_0._boxed took 8.41ms
interpretation of _private.Mathlib.Tactic.Linter.Style.0.Mathlib.Linter.Style.setOption.setOptionLinter._lam_0._boxed took 0.135ms
interpretation of _private.Mathlib.Tactic.Linter.Style.0.Mathlib.Linter.Style.missingEnd.missingEndLinter._lam_0._boxed took 0.127ms
interpretation of _private.Mathlib.Tactic.Linter.Style.0.Mathlib.Linter.Style.cdotLinter._lam_0._boxed took 0.0552ms
interpretation of _private.Mathlib.Tactic.Linter.Style.0.Mathlib.Linter.Style.dollarSyntax.dollarSyntaxLinter._lam_0._boxed took 0.0401ms
interpretation of _private.Mathlib.Tactic.Linter.Style.0.Mathlib.Linter.Style.lambdaSyntax.lambdaSyntaxLinter._lam_0._boxed took 0.0419ms
interpretation of _private.Mathlib.Tactic.Linter.Style.0.Mathlib.Linter.Style.longFile.longFileLinter._lam_0._boxed took 0.0776ms
interpretation of _private.Mathlib.Tactic.Linter.Style.0.Mathlib.Linter.Style.longLine.longLineLinter._lam_0._boxed took 0.0405ms
interpretation of _private.Mathlib.Tactic.Linter.Style.0.Mathlib.Linter.Style.nameCheck.doubleUnderscore._lam_2._boxed took 1.05ms
interpretation of _private.Mathlib.Tactic.Linter.Style.0.Mathlib.Linter.Style.openClassical.openClassicalLinter._lam_0._boxed took 0.0838ms
interpretation of _private.Mathlib.Tactic.Linter.Whitespace.0.Mathlib.Linter.Style.Whitespace.whitespaceLinter._lam_4._boxed took 0.0616ms
tacticAnalysis took 15.7ms
interpretation of Mathlib.TacticAnalysis.tacticAnalysis._lam_1._boxed took 0.24ms
interpretation of _private.Mathlib.Tactic.Linter.Lint.0.Mathlib.Linter.DupNamespaceLinter.dupNamespace._lam_1._boxed took 1.08ms
linting took 7.03ms
elaboration took 8.25ms
parsing took 0.333ms
attribute application took 0.0199ms
instantiate metavars took 0.0035ms
instantiate metavars took 0.0019ms
interpretation of Lean.registerTraceClass._auto_1 took 0.812ms
typeclass inference of Pure took 1.12ms
typeclass inference of Pure took 0.0175ms
do element elaborator of Lean.Parser.Term.doExpr took 1.75ms
typeclass inference of OfNat took 0.416ms
typeclass inference of OfNat took 0.415ms
typeclass inference of OfNat took 0.361ms
tactic execution of Lean.Parser.Tactic.exact took 14.4ms
tactic execution of Lean.Parser.Tactic.tacticSeq1Indented took 0.16ms
tactic execution of Lean.Parser.Tactic.tacticSeq took 0.147ms
instantiate metavars took 0.0094ms
instantiate metavars took 0.0032ms
instantiate metavars took 0.0015ms
instantiate metavars took 0.0016ms
instantiate metavars took 0.0012ms
share common exprs took 0.117ms
fix level params took 0.0245ms
let-to-have transformation took 0.0072ms
let-to-have transformation took 0.0146ms
type checking took 0.2ms
attribute application took 0.0544ms
compilation (LCNF base) took 4.44ms
compilation (LCNF mono) took 1.93ms
compilation (LCNF mono) took 3.22ms
compilation (LCNF impure) took 2.99ms
compilation (IR) took 1.03ms
attribute application took 0.0289ms
process pre-definitions took 7.48ms
interpretation of _private.Mathlib.Tactic.Linter.Header.0.Mathlib.Linter.Style.header.headerLinter._lam_3._boxed took 0.193ms
interpretation of _private.Mathlib.Tactic.Linter.AuxLemma.0.Mathlib.Linter.AuxLemma.auxLemmaLinter._lam_1._boxed took 0.248ms
interpretation of _private.Mathlib.Tactic.Linter.DeprecatedSyntaxLinter.0.Mathlib.Linter.Style.deprecatedSyntaxLinter._lam_1._boxed took 0.0945ms
interpretation of _private.Mathlib.Tactic.Linter.DocPrime.0.Mathlib.Linter.DocPrime.docPrimeLinter._lam_3._boxed took 0.0648ms
interpretation of _private.Mathlib.Tactic.Linter.DocString.0.Mathlib.Linter.Style.docStringLinter._lam_0._boxed took 0.438ms
interpretation of _private.Mathlib.Tactic.Linter.DocString.0.Mathlib.Linter.Style.moduleDocVersoLinter._lam_0._boxed took 0.0575ms
interpretation of Mathlib.Linter.EmptyLine.emptyLineLinter._lam_2._boxed took 0.0558ms
interpretation of _private.Mathlib.Tactic.Linter.GlobalAttributeIn.0.Mathlib.Linter.globalAttributeInLinter.globalAttributeIn._lam_0._boxed took 0.326ms
interpretation of _private.Mathlib.Tactic.Linter.HashCommandLinter.0.Mathlib.Linter.HashCommandLinter.withSetOptionIn'._boxed took 0.115ms
interpretation of _private.Mathlib.Tactic.Linter.FlexibleLinter.0.Mathlib.Linter.Flexible.flexibleLinter._lam_0._boxed took 0.0762ms
interpretation of _private.Mathlib.Tactic.Linter.Multigoal.0.Mathlib.Linter.Style.multiGoal.multiGoalLinter._lam_0._boxed took 0.0532ms
interpretation of _private.Mathlib.Tactic.Linter.OldObtain.0.Mathlib.Linter.Style.oldObtainLinter._lam_0._boxed took 0.0474ms
interpretation of Mathlib.Linter.UnusedInstancesInType.withSetBoolOptionIn._boxed took 0.119ms
interpretation of Mathlib.Linter.UnusedInstancesInType.withSetBoolOptionIn._boxed took 0.107ms
overlappingInstancesLinter took 0.529ms
interpretation of Mathlib.Linter.UnusedInstancesInType.withSetBoolOptionIn._boxed took 0.192ms
interpretation of _private.Mathlib.Tactic.Linter.PrivateModule.0.Mathlib.Linter.privateModule._lam_1._boxed took 0.0522ms
interpretation of _private.Mathlib.Tactic.Linter.UnusedTactic.0.Mathlib.Linter.UnusedTactic.unusedTacticLinter._lam_0._boxed took 1.77ms
interpretation of _private.Mathlib.Tactic.Linter.Style.0.Mathlib.Linter.Style.setOption.setOptionLinter._lam_0._boxed took 0.14ms
interpretation of _private.Mathlib.Tactic.Linter.Style.0.Mathlib.Linter.Style.missingEnd.missingEndLinter._lam_0._boxed took 0.199ms
interpretation of _private.Mathlib.Tactic.Linter.Style.0.Mathlib.Linter.Style.cdotLinter._lam_0._boxed took 0.0779ms
interpretation of _private.Mathlib.Tactic.Linter.Style.0.Mathlib.Linter.Style.dollarSyntax.dollarSyntaxLinter._lam_0._boxed took 0.0485ms
interpretation of _private.Mathlib.Tactic.Linter.Style.0.Mathlib.Linter.Style.lambdaSyntax.lambdaSyntaxLinter._lam_0._boxed took 0.0379ms
interpretation of _private.Mathlib.Tactic.Linter.Style.0.Mathlib.Linter.Style.longFile.longFileLinter._lam_0._boxed took 0.087ms
interpretation of _private.Mathlib.Tactic.Linter.Style.0.Mathlib.Linter.Style.longLine.longLineLinter._lam_0._boxed took 0.0416ms
interpretation of _private.Mathlib.Tactic.Linter.Style.0.Mathlib.Linter.Style.nameCheck.doubleUnderscore._lam_2._boxed took 0.759ms
interpretation of _private.Mathlib.Tactic.Linter.Style.0.Mathlib.Linter.Style.openClassical.openClassicalLinter._lam_0._boxed took 0.119ms
interpretation of _private.Mathlib.Tactic.Linter.Whitespace.0.Mathlib.Linter.Style.Whitespace.whitespaceLinter._lam_4._boxed took 0.0752ms
tacticAnalysis took 2.47ms
interpretation of Mathlib.TacticAnalysis.tacticAnalysis._lam_1._boxed took 0.252ms
interpretation of _private.Mathlib.Tactic.Linter.Lint.0.Mathlib.Linter.DupNamespaceLinter.dupNamespace._lam_1._boxed took 0.584ms
linting took 2.38ms
elaboration took 3.17ms
parsing took 5.35ms
attribute application took 0.0266ms
instantiate metavars took 0.0132ms
instantiate metavars took 0.0022ms
typeclass inference of Monad took 0.435ms
typeclass inference of Lean.MonadRuntimeException took 0.381ms
typeclass inference of Functor took 0.319ms
typeclass inference of Functor took 1.19ms
typeclass inference of Pure took 0.925ms
typeclass inference of Pure took 0.0123ms
do element elaborator of Lean.Parser.Term.doExpr took 5.17ms
typeclass inference of Bind took 0.587ms
do element elaborator of Lean.Parser.Term.doExpr took 2.3ms
do element elaborator of Lean.Parser.Term.doLetArrow took 0.135ms
typeclass inference of Pure took 0.016ms
do element elaborator of Lean.Parser.Term.doReturn took 0.537ms
typeclass inference of Lean.MonadRuntimeException took 0.679ms
typeclass inference of Monad took 0.137ms
typeclass inference of Ord took 0.149ms
typeclass inference of Ord took 0.159ms
typeclass inference of Ord took 0.0382ms
typeclass inference of Ord took 0.0145ms
typeclass inference of Pure took 0.0187ms
do element elaborator of Lean.Parser.Term.doReturn took 0.868ms
do element elaborator of Lean.Parser.Term.doLet took 6.94ms
typeclass inference of Bind took 0.0214ms
do element elaborator of Lean.Parser.Term.doExpr took 4.4ms
do element elaborator of Lean.Parser.Term.doLetArrow took 0.169ms
instantiate metavars took 0.325ms
instantiate metavars took 0.0066ms
instantiate metavars took 0.0025ms
instantiate metavars took 0.0016ms
instantiate metavars took 0.0012ms
share common exprs took 0.575ms
fix level params took 0.0624ms
let-to-have transformation took 0.0129ms
let-to-have transformation took 0.632ms
type checking took 1.1ms
attribute application took 0.0144ms
compilation (LCNF base) took 63ms
compilation (LCNF mono) took 9.44ms
compilation (LCNF mono) took 1.13ms
compilation (LCNF impure) took 1.28ms
compilation (IR) took 1.84ms
compilation (LCNF mono) took 1.31ms
compilation (LCNF impure) took 1.45ms
compilation (IR) took 0.184ms
compilation (LCNF mono) took 1.43ms
compilation (LCNF impure) took 0.854ms
compilation (IR) took 0.517ms
compilation (LCNF mono) took 1.27ms
compilation (LCNF impure) took 1.8ms
compilation (IR) took 0.543ms
compilation (LCNF mono) took 1.58ms
compilation (LCNF impure) took 1.12ms
compilation (IR) took 0.227ms
compilation (LCNF mono) took 1.35ms
compilation (LCNF impure) took 1.15ms
compilation (IR) took 0.585ms
compilation (LCNF mono) took 0.405ms
compilation (LCNF impure) took 0.377ms
compilation (IR) took 0.059ms
compilation (LCNF mono) took 0.374ms
compilation (LCNF impure) took 0.397ms
compilation (IR) took 0.0838ms
attribute application took 0.0101ms
process pre-definitions took 26.4ms
interpretation of _private.Mathlib.Tactic.Linter.Header.0.Mathlib.Linter.Style.header.headerLinter._lam_3._boxed took 0.417ms
interpretation of _private.Mathlib.Tactic.Linter.AuxLemma.0.Mathlib.Linter.AuxLemma.auxLemmaLinter._lam_1._boxed took 0.926ms
interpretation of _private.Mathlib.Tactic.Linter.DeprecatedSyntaxLinter.0.Mathlib.Linter.Style.deprecatedSyntaxLinter._lam_1._boxed took 0.157ms
interpretation of _private.Mathlib.Tactic.Linter.DocPrime.0.Mathlib.Linter.DocPrime.docPrimeLinter._lam_3._boxed took 0.0921ms
interpretation of _private.Mathlib.Tactic.Linter.DocString.0.Mathlib.Linter.Style.docStringLinter._lam_0._boxed took 1.23ms
interpretation of _private.Mathlib.Tactic.Linter.DocString.0.Mathlib.Linter.Style.moduleDocVersoLinter._lam_0._boxed took 0.0341ms
interpretation of Mathlib.Linter.EmptyLine.emptyLineLinter._lam_2._boxed took 0.04ms
interpretation of _private.Mathlib.Tactic.Linter.GlobalAttributeIn.0.Mathlib.Linter.globalAttributeInLinter.globalAttributeIn._lam_0._boxed took 0.747ms
interpretation of _private.Mathlib.Tactic.Linter.HashCommandLinter.0.Mathlib.Linter.HashCommandLinter.withSetOptionIn'._boxed took 0.0646ms
interpretation of _private.Mathlib.Tactic.Linter.FlexibleLinter.0.Mathlib.Linter.Flexible.flexibleLinter._lam_0._boxed took 0.0315ms
interpretation of _private.Mathlib.Tactic.Linter.Multigoal.0.Mathlib.Linter.Style.multiGoal.multiGoalLinter._lam_0._boxed took 0.027ms
interpretation of _private.Mathlib.Tactic.Linter.OldObtain.0.Mathlib.Linter.Style.oldObtainLinter._lam_0._boxed took 0.0223ms
interpretation of Mathlib.Linter.UnusedInstancesInType.withSetBoolOptionIn._boxed took 0.0507ms
interpretation of Mathlib.Linter.UnusedInstancesInType.withSetBoolOptionIn._boxed took 0.0361ms
overlappingInstancesLinter took 0.299ms
interpretation of Mathlib.Linter.UnusedInstancesInType.withSetBoolOptionIn._boxed took 0.0888ms
interpretation of _private.Mathlib.Tactic.Linter.PrivateModule.0.Mathlib.Linter.privateModule._lam_1._boxed took 0.0234ms
interpretation of _private.Mathlib.Tactic.Linter.UnusedTactic.0.Mathlib.Linter.UnusedTactic.unusedTacticLinter._lam_0._boxed took 1.86ms
interpretation of _private.Mathlib.Tactic.Linter.Style.0.Mathlib.Linter.Style.setOption.setOptionLinter._lam_0._boxed took 0.0393ms
interpretation of _private.Mathlib.Tactic.Linter.Style.0.Mathlib.Linter.Style.missingEnd.missingEndLinter._lam_0._boxed took 0.0471ms
interpretation of _private.Mathlib.Tactic.Linter.Style.0.Mathlib.Linter.Style.cdotLinter._lam_0._boxed took 0.0206ms
interpretation of _private.Mathlib.Tactic.Linter.Style.0.Mathlib.Linter.Style.dollarSyntax.dollarSyntaxLinter._lam_0._boxed took 0.0182ms
interpretation of _private.Mathlib.Tactic.Linter.Style.0.Mathlib.Linter.Style.lambdaSyntax.lambdaSyntaxLinter._lam_0._boxed took 0.0176ms
interpretation of _private.Mathlib.Tactic.Linter.Style.0.Mathlib.Linter.Style.longFile.longFileLinter._lam_0._boxed took 0.0277ms
interpretation of _private.Mathlib.Tactic.Linter.Style.0.Mathlib.Linter.Style.longLine.longLineLinter._lam_0._boxed took 0.0181ms
interpretation of _private.Mathlib.Tactic.Linter.Style.0.Mathlib.Linter.Style.nameCheck.doubleUnderscore._lam_2._boxed took 0.318ms
interpretation of _private.Mathlib.Tactic.Linter.Style.0.Mathlib.Linter.Style.openClassical.openClassicalLinter._lam_0._boxed took 0.0221ms
interpretation of _private.Mathlib.Tactic.Linter.Whitespace.0.Mathlib.Linter.Style.Whitespace.whitespaceLinter._lam_4._boxed took 0.0297ms
tacticAnalysis took 3.23ms
interpretation of Mathlib.TacticAnalysis.tacticAnalysis._lam_1._boxed took 0.147ms
interpretation of _private.Mathlib.Tactic.Linter.Lint.0.Mathlib.Linter.DupNamespaceLinter.dupNamespace._lam_1._boxed took 0.763ms
linting took 2.57ms
elaboration took 6.69ms
parsing took 1.26ms
attribute application took 0.0121ms
instantiate metavars took 0.0127ms
instantiate metavars took 0.0022ms
typeclass inference of Monad took 0.35ms
typeclass inference of Monad took 0.152ms
typeclass inference of Pure took 0.694ms
typeclass inference of Pure took 0.0091ms
do element elaborator of Lean.Parser.Term.doExpr took 1.62ms
typeclass inference of Bind took 0.33ms
do element elaborator of Lean.Parser.Term.doExpr took 0.997ms
do element elaborator of Lean.Parser.Term.doLetArrow took 0.0901ms
do element elaborator of Lean.Parser.Term.doExpr took 0.119ms
instantiate metavars took 0.0095ms
instantiate metavars took 0.0017ms
instantiate metavars took 0.0012ms
instantiate metavars took 0.0012ms
instantiate metavars took 0.001ms
share common exprs took 0.0513ms
fix level params took 0.0113ms
let-to-have transformation took 0.0065ms
let-to-have transformation took 0.0063ms
type checking took 0.181ms
attribute application took 0.0065ms
compilation (LCNF base) took 5.56ms
compilation (LCNF mono) took 1.06ms
compilation (LCNF mono) took 0.567ms
compilation (LCNF impure) took 0.821ms
compilation (IR) took 0.203ms
compilation (LCNF mono) took 0.436ms
compilation (LCNF impure) took 0.471ms
compilation (IR) took 0.146ms
attribute application took 0.0076ms
process pre-definitions took 6.8ms
interpretation of _private.Mathlib.Tactic.Linter.Header.0.Mathlib.Linter.Style.header.headerLinter._lam_3._boxed took 0.121ms
interpretation of _private.Mathlib.Tactic.Linter.AuxLemma.0.Mathlib.Linter.AuxLemma.auxLemmaLinter._lam_1._boxed took 0.241ms
interpretation of _private.Mathlib.Tactic.Linter.DeprecatedSyntaxLinter.0.Mathlib.Linter.Style.deprecatedSyntaxLinter._lam_1._boxed took 0.0652ms
interpretation of _private.Mathlib.Tactic.Linter.DocPrime.0.Mathlib.Linter.DocPrime.docPrimeLinter._lam_3._boxed took 0.0321ms
interpretation of _private.Mathlib.Tactic.Linter.DocString.0.Mathlib.Linter.Style.docStringLinter._lam_0._boxed took 1.32ms
interpretation of _private.Mathlib.Tactic.Linter.DocString.0.Mathlib.Linter.Style.moduleDocVersoLinter._lam_0._boxed took 0.044ms
interpretation of Mathlib.Linter.EmptyLine.emptyLineLinter._lam_2._boxed took 0.0436ms
interpretation of _private.Mathlib.Tactic.Linter.GlobalAttributeIn.0.Mathlib.Linter.globalAttributeInLinter.globalAttributeIn._lam_0._boxed took 0.523ms
interpretation of _private.Mathlib.Tactic.Linter.HashCommandLinter.0.Mathlib.Linter.HashCommandLinter.withSetOptionIn'._boxed took 0.0885ms
interpretation of _private.Mathlib.Tactic.Linter.FlexibleLinter.0.Mathlib.Linter.Flexible.flexibleLinter._lam_0._boxed took 0.0413ms
interpretation of _private.Mathlib.Tactic.Linter.Multigoal.0.Mathlib.Linter.Style.multiGoal.multiGoalLinter._lam_0._boxed took 0.0386ms
interpretation of _private.Mathlib.Tactic.Linter.OldObtain.0.Mathlib.Linter.Style.oldObtainLinter._lam_0._boxed took 0.0357ms
interpretation of Mathlib.Linter.UnusedInstancesInType.withSetBoolOptionIn._boxed took 0.116ms
interpretation of Mathlib.Linter.UnusedInstancesInType.withSetBoolOptionIn._boxed took 0.0543ms
overlappingInstancesLinter took 0.402ms
interpretation of Mathlib.Linter.UnusedInstancesInType.withSetBoolOptionIn._boxed took 0.126ms
interpretation of _private.Mathlib.Tactic.Linter.PrivateModule.0.Mathlib.Linter.privateModule._lam_1._boxed took 0.0335ms
interpretation of _private.Mathlib.Tactic.Linter.UnusedTactic.0.Mathlib.Linter.UnusedTactic.unusedTacticLinter._lam_0._boxed took 1.64ms
interpretation of _private.Mathlib.Tactic.Linter.Style.0.Mathlib.Linter.Style.setOption.setOptionLinter._lam_0._boxed took 0.062ms
interpretation of _private.Mathlib.Tactic.Linter.Style.0.Mathlib.Linter.Style.missingEnd.missingEndLinter._lam_0._boxed took 0.0775ms
interpretation of _private.Mathlib.Tactic.Linter.Style.0.Mathlib.Linter.Style.cdotLinter._lam_0._boxed took 0.04ms
interpretation of _private.Mathlib.Tactic.Linter.Style.0.Mathlib.Linter.Style.dollarSyntax.dollarSyntaxLinter._lam_0._boxed took 0.0304ms
interpretation of _private.Mathlib.Tactic.Linter.Style.0.Mathlib.Linter.Style.lambdaSyntax.lambdaSyntaxLinter._lam_0._boxed took 0.0283ms
interpretation of _private.Mathlib.Tactic.Linter.Style.0.Mathlib.Linter.Style.longFile.longFileLinter._lam_0._boxed took 0.0342ms
interpretation of _private.Mathlib.Tactic.Linter.Style.0.Mathlib.Linter.Style.longLine.longLineLinter._lam_0._boxed took 0.0308ms
interpretation of _private.Mathlib.Tactic.Linter.Style.0.Mathlib.Linter.Style.nameCheck.doubleUnderscore._lam_2._boxed took 0.387ms
interpretation of _private.Mathlib.Tactic.Linter.Style.0.Mathlib.Linter.Style.openClassical.openClassicalLinter._lam_0._boxed took 0.0394ms
interpretation of _private.Mathlib.Tactic.Linter.Whitespace.0.Mathlib.Linter.Style.Whitespace.whitespaceLinter._lam_4._boxed took 0.115ms
tacticAnalysis took 1.45ms
interpretation of Mathlib.TacticAnalysis.tacticAnalysis._lam_1._boxed took 0.108ms
interpretation of _private.Mathlib.Tactic.Linter.Lint.0.Mathlib.Linter.DupNamespaceLinter.dupNamespace._lam_1._boxed took 0.378ms
linting took 1.6ms
elaboration took 3.08ms
parsing took 0.951ms
attribute application took 0.0186ms
instantiate metavars took 0.0079ms
instantiate metavars took 0.001ms
typeclass inference of Monad took 0.174ms
typeclass inference of Monad took 0.106ms
typeclass inference of Pure took 0.742ms
typeclass inference of Pure took 0.0087ms
do element elaborator of Lean.Parser.Term.doExpr took 0.99ms
typeclass inference of Bind took 0.252ms
do element elaborator of Lean.Parser.Term.doExpr took 0.653ms
do element elaborator of Lean.Parser.Term.doLetArrow took 0.183ms
do element elaborator of Lean.Parser.Term.doExpr took 0.0572ms
instantiate metavars took 0.0069ms
instantiate metavars took 0.0011ms
instantiate metavars took 0.0007ms
instantiate metavars took 0.0008ms
instantiate metavars took 0.0006ms
share common exprs took 0.0538ms
fix level params took 0.0111ms
let-to-have transformation took 0.0045ms
let-to-have transformation took 0.0037ms
type checking took 0.161ms
attribute application took 0.0045ms
compilation (LCNF base) took 1.66ms
compilation (LCNF mono) took 0.227ms
compilation (LCNF mono) took 0.372ms
compilation (LCNF impure) took 0.439ms
compilation (IR) took 0.132ms
attribute application took 0.0061ms
process pre-definitions took 5.01ms
interpretation of _private.Mathlib.Tactic.Linter.Header.0.Mathlib.Linter.Style.header.headerLinter._lam_3._boxed took 0.186ms
interpretation of _private.Mathlib.Tactic.Linter.AuxLemma.0.Mathlib.Linter.AuxLemma.auxLemmaLinter._lam_1._boxed took 0.191ms
interpretation of _private.Mathlib.Tactic.Linter.DeprecatedSyntaxLinter.0.Mathlib.Linter.Style.deprecatedSyntaxLinter._lam_1._boxed took 0.0421ms
interpretation of _private.Mathlib.Tactic.Linter.DocPrime.0.Mathlib.Linter.DocPrime.docPrimeLinter._lam_3._boxed took 0.0237ms
interpretation of _private.Mathlib.Tactic.Linter.DocString.0.Mathlib.Linter.Style.docStringLinter._lam_0._boxed took 0.66ms
interpretation of _private.Mathlib.Tactic.Linter.DocString.0.Mathlib.Linter.Style.moduleDocVersoLinter._lam_0._boxed took 0.0259ms
interpretation of Mathlib.Linter.EmptyLine.emptyLineLinter._lam_2._boxed took 0.0252ms
interpretation of _private.Mathlib.Tactic.Linter.GlobalAttributeIn.0.Mathlib.Linter.globalAttributeInLinter.globalAttributeIn._lam_0._boxed took 0.327ms
interpretation of _private.Mathlib.Tactic.Linter.HashCommandLinter.0.Mathlib.Linter.HashCommandLinter.withSetOptionIn'._boxed took 0.0561ms
interpretation of _private.Mathlib.Tactic.Linter.FlexibleLinter.0.Mathlib.Linter.Flexible.flexibleLinter._lam_0._boxed took 0.027ms
interpretation of _private.Mathlib.Tactic.Linter.Multigoal.0.Mathlib.Linter.Style.multiGoal.multiGoalLinter._lam_0._boxed took 0.0235ms
interpretation of _private.Mathlib.Tactic.Linter.OldObtain.0.Mathlib.Linter.Style.oldObtainLinter._lam_0._boxed took 0.0201ms
interpretation of Mathlib.Linter.UnusedInstancesInType.withSetBoolOptionIn._boxed took 0.0471ms
interpretation of Mathlib.Linter.UnusedInstancesInType.withSetBoolOptionIn._boxed took 0.0326ms
overlappingInstancesLinter took 0.233ms
interpretation of Mathlib.Linter.UnusedInstancesInType.withSetBoolOptionIn._boxed took 0.0794ms
interpretation of _private.Mathlib.Tactic.Linter.PrivateModule.0.Mathlib.Linter.privateModule._lam_1._boxed took 0.0209ms
interpretation of _private.Mathlib.Tactic.Linter.UnusedTactic.0.Mathlib.Linter.UnusedTactic.unusedTacticLinter._lam_0._boxed took 0.86ms
interpretation of _private.Mathlib.Tactic.Linter.Style.0.Mathlib.Linter.Style.setOption.setOptionLinter._lam_0._boxed took 0.0297ms
interpretation of _private.Mathlib.Tactic.Linter.Style.0.Mathlib.Linter.Style.missingEnd.missingEndLinter._lam_0._boxed took 0.0396ms
interpretation of _private.Mathlib.Tactic.Linter.Style.0.Mathlib.Linter.Style.cdotLinter._lam_0._boxed took 0.019ms
interpretation of _private.Mathlib.Tactic.Linter.Style.0.Mathlib.Linter.Style.dollarSyntax.dollarSyntaxLinter._lam_0._boxed took 0.0168ms
interpretation of _private.Mathlib.Tactic.Linter.Style.0.Mathlib.Linter.Style.lambdaSyntax.lambdaSyntaxLinter._lam_0._boxed took 0.0166ms
interpretation of _private.Mathlib.Tactic.Linter.Style.0.Mathlib.Linter.Style.longFile.longFileLinter._lam_0._boxed took 0.0189ms
interpretation of _private.Mathlib.Tactic.Linter.Style.0.Mathlib.Linter.Style.longLine.longLineLinter._lam_0._boxed took 0.0166ms
interpretation of _private.Mathlib.Tactic.Linter.Style.0.Mathlib.Linter.Style.nameCheck.doubleUnderscore._lam_2._boxed took 0.207ms
interpretation of _private.Mathlib.Tactic.Linter.Style.0.Mathlib.Linter.Style.openClassical.openClassicalLinter._lam_0._boxed took 0.0208ms
interpretation of _private.Mathlib.Tactic.Linter.Whitespace.0.Mathlib.Linter.Style.Whitespace.whitespaceLinter._lam_4._boxed took 0.0253ms
tacticAnalysis took 0.845ms
interpretation of Mathlib.TacticAnalysis.tacticAnalysis._lam_1._boxed took 0.055ms
interpretation of _private.Mathlib.Tactic.Linter.Lint.0.Mathlib.Linter.DupNamespaceLinter.dupNamespace._lam_1._boxed took 0.236ms
linting took 1.52ms
elaboration took 2.31ms
parsing took 0.0298ms
interpretation of _private.Mathlib.Tactic.Linter.Header.0.Mathlib.Linter.Style.header.headerLinter._lam_3._boxed took 0.0396ms
interpretation of _private.Mathlib.Tactic.Linter.AuxLemma.0.Mathlib.Linter.AuxLemma.auxLemmaLinter._lam_1._boxed took 0.0369ms
interpretation of _private.Mathlib.Tactic.Linter.DeprecatedSyntaxLinter.0.Mathlib.Linter.Style.deprecatedSyntaxLinter._lam_1._boxed took 0.0358ms
interpretation of _private.Mathlib.Tactic.Linter.DocPrime.0.Mathlib.Linter.DocPrime.docPrimeLinter._lam_3._boxed took 0.0218ms
interpretation of _private.Mathlib.Tactic.Linter.DocString.0.Mathlib.Linter.Style.docStringLinter._lam_0._boxed took 0.0823ms
interpretation of _private.Mathlib.Tactic.Linter.DocString.0.Mathlib.Linter.Style.moduleDocVersoLinter._lam_0._boxed took 0.0256ms
interpretation of Mathlib.Linter.EmptyLine.emptyLineLinter._lam_2._boxed took 0.0216ms
interpretation of _private.Mathlib.Tactic.Linter.GlobalAttributeIn.0.Mathlib.Linter.globalAttributeInLinter.globalAttributeIn._lam_0._boxed took 0.0608ms
interpretation of _private.Mathlib.Tactic.Linter.HashCommandLinter.0.Mathlib.Linter.HashCommandLinter.withSetOptionIn'._boxed took 0.0638ms
interpretation of _private.Mathlib.Tactic.Linter.FlexibleLinter.0.Mathlib.Linter.Flexible.flexibleLinter._lam_0._boxed took 0.0344ms
interpretation of _private.Mathlib.Tactic.Linter.Multigoal.0.Mathlib.Linter.Style.multiGoal.multiGoalLinter._lam_0._boxed took 0.0312ms
interpretation of _private.Mathlib.Tactic.Linter.OldObtain.0.Mathlib.Linter.Style.oldObtainLinter._lam_0._boxed took 0.0198ms
interpretation of Mathlib.Linter.UnusedInstancesInType.withSetBoolOptionIn._boxed took 0.0404ms
interpretation of Mathlib.Linter.UnusedInstancesInType.withSetBoolOptionIn._boxed took 0.0347ms
overlappingInstancesLinter took 0.0402ms
interpretation of Mathlib.Linter.UnusedInstancesInType.withSetBoolOptionIn._boxed took 0.0855ms
interpretation of _private.Mathlib.Tactic.Linter.PrivateModule.0.Mathlib.Linter.privateModule._lam_1._boxed took 0.019ms
interpretation of _private.Mathlib.Tactic.Linter.UnusedTactic.0.Mathlib.Linter.UnusedTactic.unusedTacticLinter._lam_0._boxed took 0.33ms
interpretation of _private.Mathlib.Tactic.Linter.Style.0.Mathlib.Linter.Style.setOption.setOptionLinter._lam_0._boxed took 0.0237ms
interpretation of _private.Mathlib.Tactic.Linter.Style.0.Mathlib.Linter.Style.missingEnd.missingEndLinter._lam_0._boxed took 0.0344ms
interpretation of _private.Mathlib.Tactic.Linter.Style.0.Mathlib.Linter.Style.cdotLinter._lam_0._boxed took 0.0184ms
interpretation of _private.Mathlib.Tactic.Linter.Style.0.Mathlib.Linter.Style.dollarSyntax.dollarSyntaxLinter._lam_0._boxed took 0.0164ms
interpretation of _private.Mathlib.Tactic.Linter.Style.0.Mathlib.Linter.Style.lambdaSyntax.lambdaSyntaxLinter._lam_0._boxed took 0.0162ms
interpretation of _private.Mathlib.Tactic.Linter.Style.0.Mathlib.Linter.Style.longFile.longFileLinter._lam_0._boxed took 0.0187ms
interpretation of _private.Mathlib.Tactic.Linter.Style.0.Mathlib.Linter.Style.longLine.longLineLinter._lam_0._boxed took 0.0166ms
interpretation of _private.Mathlib.Tactic.Linter.Style.0.Mathlib.Linter.Style.nameCheck.doubleUnderscore._lam_2._boxed took 0.118ms
interpretation of _private.Mathlib.Tactic.Linter.Style.0.Mathlib.Linter.Style.openClassical.openClassicalLinter._lam_0._boxed took 0.019ms
interpretation of _private.Mathlib.Tactic.Linter.Whitespace.0.Mathlib.Linter.Style.Whitespace.whitespaceLinter._lam_4._boxed took 0.0491ms
tacticAnalysis took 0.245ms
interpretation of Mathlib.TacticAnalysis.tacticAnalysis._lam_1._boxed took 0.0468ms
interpretation of _private.Mathlib.Tactic.Linter.Lint.0.Mathlib.Linter.DupNamespaceLinter.dupNamespace._lam_1._boxed took 0.161ms
linting took 0.79ms
elaboration took 0.0682ms
parsing took 1.58ms
attribute application took 0.0061ms
instantiate metavars took 0.0095ms
instantiate metavars took 0.0014ms
typeclass inference of MonadControlT took 0.246ms
typeclass inference of Monad took 0.221ms
typeclass inference of EmptyCollection took 0.283ms
typeclass inference of EmptyCollection took 0.0349ms
typeclass inference of Lean.MonadLCtx took 0.177ms
typeclass inference of Lean.MonadLCtx took 0.102ms
typeclass inference of ForIn took 0.505ms
typeclass inference of BEq took 0.0788ms
typeclass inference of CoeT took 1.4ms
typeclass inference of Decidable took 0.195ms
typeclass inference of ForIn took 1.11ms
typeclass inference of ForIn took 1.05ms
typeclass inference of Pure took 0.756ms
do element elaborator of Lean.Parser.Term.doReassign took 1.05ms
type checking took 0.183ms
do element elaborator of Lean.Parser.Term.doMatch took 2.69ms
typeclass inference of Pure took 0.826ms
typeclass inference of Bind took 0.262ms
do element elaborator of Lean.Parser.Term.doFor took 0.594ms
do element elaborator of Lean.Parser.Term.doNested took 0.0366ms
do element elaborator of Lean.Parser.Term.doFor took 0.0447ms
type checking took 0.17ms
do element elaborator of Lean.Parser.Term.doMatch took 2.96ms
typeclass inference of Pure took 0.734ms
typeclass inference of Bind took 0.255ms
do element elaborator of Lean.Parser.Term.doFor took 0.681ms
typeclass inference of Bind took 0.0109ms
do element elaborator of Lean.Parser.Term.doExpr took 0.76ms
do element elaborator of Lean.Parser.Term.doLetArrow took 0.0616ms
do element elaborator of Lean.Parser.Term.doFor took 0.0444ms
do element elaborator of Lean.Parser.Term.doNested took 0.0281ms
do element elaborator of Lean.Parser.Term.doFor took 0.0487ms
typeclass inference of Pure took 0.0081ms
do element elaborator of Lean.Parser.Term.InternalSyntax.doSkip took 0.0994ms
do element elaborator of Lean.Parser.Term.doIf took 2.67ms
do element elaborator of Lean.Parser.Term.doIf took 0.0571ms
typeclass inference of Pure took 0.0112ms
do element elaborator of Lean.Parser.Term.doReturn took 0.576ms
typeclass inference of Bind took 0.0086ms
do element elaborator of Lean.Parser.Term.doFor took 0.673ms
typeclass inference of Bind took 0.0104ms
do element elaborator of Lean.Parser.Term.doExpr took 0.85ms
do element elaborator of Lean.Parser.Term.doLetArrow took 0.0924ms
do element elaborator of Lean.Parser.Term.doFor took 0.0748ms
do element elaborator of Lean.Parser.Term.doLet took 2.23ms
typeclass inference of MonadControlT took 0.802ms
typeclass inference of Monad took 0.0798ms
instantiate metavars took 0.0248ms
instantiate metavars took 0.0013ms
instantiate metavars took 0.0006ms
instantiate metavars took 0.0007ms
instantiate metavars took 0.0005ms
share common exprs took 0.272ms
fix level params took 0.0299ms
let-to-have transformation took 0.0054ms
let-to-have transformation took 0.819ms
type checking took 0.644ms
attribute application took 0.0046ms
compilation (LCNF base) took 72.5ms
compilation (LCNF mono) took 13.7ms
compilation (LCNF mono) took 0.425ms
compilation (LCNF impure) took 0.363ms
compilation (IR) took 0.1ms
compilation (LCNF mono) took 0.45ms
compilation (LCNF impure) took 0.356ms
compilation (IR) took 0.05ms
compilation (LCNF mono) took 0.711ms
compilation (LCNF impure) took 1.09ms
compilation (IR) took 0.191ms
compilation (LCNF mono) took 0.74ms
compilation (LCNF impure) took 1.6ms
compilation (IR) took 0.229ms
compilation (LCNF mono) took 1.4ms
compilation (LCNF impure) took 1.32ms
compilation (IR) took 0.165ms
compilation (LCNF mono) took 0.834ms
compilation (LCNF impure) took 1.56ms
compilation (IR) took 0.209ms
compilation (LCNF mono) took 1.43ms
compilation (LCNF impure) took 1.74ms
compilation (IR) took 0.326ms
compilation (LCNF mono) took 0.767ms
compilation (LCNF impure) took 0.762ms
compilation (IR) took 0.154ms
compilation (LCNF mono) took 0.824ms
compilation (LCNF impure) took 0.916ms
compilation (IR) took 0.348ms
compilation (LCNF mono) took 0.179ms
compilation (LCNF impure) took 0.191ms
compilation (IR) took 0.044ms
compilation (LCNF mono) took 0.145ms
compilation (LCNF impure) took 0.18ms
compilation (IR) took 0.0378ms
attribute application took 0.0074ms
process pre-definitions took 21.4ms
interpretation of _private.Mathlib.Tactic.Linter.Header.0.Mathlib.Linter.Style.header.headerLinter._lam_3._boxed took 0.0922ms
interpretation of _private.Mathlib.Tactic.Linter.AuxLemma.0.Mathlib.Linter.AuxLemma.auxLemmaLinter._lam_1._boxed took 0.272ms
interpretation of _private.Mathlib.Tactic.Linter.DeprecatedSyntaxLinter.0.Mathlib.Linter.Style.deprecatedSyntaxLinter._lam_1._boxed took 0.0411ms
interpretation of _private.Mathlib.Tactic.Linter.DocPrime.0.Mathlib.Linter.DocPrime.docPrimeLinter._lam_3._boxed took 0.0439ms
interpretation of _private.Mathlib.Tactic.Linter.DocString.0.Mathlib.Linter.Style.docStringLinter._lam_0._boxed took 0.705ms
interpretation of _private.Mathlib.Tactic.Linter.DocString.0.Mathlib.Linter.Style.moduleDocVersoLinter._lam_0._boxed took 0.028ms
interpretation of Mathlib.Linter.EmptyLine.emptyLineLinter._lam_2._boxed took 0.0248ms
interpretation of _private.Mathlib.Tactic.Linter.GlobalAttributeIn.0.Mathlib.Linter.globalAttributeInLinter.globalAttributeIn._lam_0._boxed took 0.576ms
interpretation of _private.Mathlib.Tactic.Linter.HashCommandLinter.0.Mathlib.Linter.HashCommandLinter.withSetOptionIn'._boxed took 0.0641ms
interpretation of _private.Mathlib.Tactic.Linter.FlexibleLinter.0.Mathlib.Linter.Flexible.flexibleLinter._lam_0._boxed took 0.0362ms
interpretation of _private.Mathlib.Tactic.Linter.Multigoal.0.Mathlib.Linter.Style.multiGoal.multiGoalLinter._lam_0._boxed took 0.0222ms
interpretation of _private.Mathlib.Tactic.Linter.OldObtain.0.Mathlib.Linter.Style.oldObtainLinter._lam_0._boxed took 0.02ms
interpretation of Mathlib.Linter.UnusedInstancesInType.withSetBoolOptionIn._boxed took 0.0458ms
interpretation of Mathlib.Linter.UnusedInstancesInType.withSetBoolOptionIn._boxed took 0.0373ms
overlappingInstancesLinter took 0.254ms
interpretation of Mathlib.Linter.UnusedInstancesInType.withSetBoolOptionIn._boxed took 0.08ms
interpretation of _private.Mathlib.Tactic.Linter.PrivateModule.0.Mathlib.Linter.privateModule._lam_1._boxed took 0.0205ms
interpretation of _private.Mathlib.Tactic.Linter.UnusedTactic.0.Mathlib.Linter.UnusedTactic.unusedTacticLinter._lam_0._boxed took 1.47ms
interpretation of _private.Mathlib.Tactic.Linter.Style.0.Mathlib.Linter.Style.setOption.setOptionLinter._lam_0._boxed took 0.0327ms
interpretation of _private.Mathlib.Tactic.Linter.Style.0.Mathlib.Linter.Style.missingEnd.missingEndLinter._lam_0._boxed took 0.0422ms
interpretation of _private.Mathlib.Tactic.Linter.Style.0.Mathlib.Linter.Style.cdotLinter._lam_0._boxed took 0.0281ms
interpretation of _private.Mathlib.Tactic.Linter.Style.0.Mathlib.Linter.Style.dollarSyntax.dollarSyntaxLinter._lam_0._boxed took 0.028ms
interpretation of _private.Mathlib.Tactic.Linter.Style.0.Mathlib.Linter.Style.lambdaSyntax.lambdaSyntaxLinter._lam_0._boxed took 0.0273ms
interpretation of _private.Mathlib.Tactic.Linter.Style.0.Mathlib.Linter.Style.longFile.longFileLinter._lam_0._boxed took 0.0247ms
interpretation of _private.Mathlib.Tactic.Linter.Style.0.Mathlib.Linter.Style.longLine.longLineLinter._lam_0._boxed took 0.0173ms
interpretation of _private.Mathlib.Tactic.Linter.Style.0.Mathlib.Linter.Style.nameCheck.doubleUnderscore._lam_2._boxed took 0.264ms
interpretation of _private.Mathlib.Tactic.Linter.Style.0.Mathlib.Linter.Style.openClassical.openClassicalLinter._lam_0._boxed took 0.0205ms
interpretation of _private.Mathlib.Tactic.Linter.Whitespace.0.Mathlib.Linter.Style.Whitespace.whitespaceLinter._lam_4._boxed took 0.0259ms
tacticAnalysis took 2.15ms
interpretation of Mathlib.TacticAnalysis.tacticAnalysis._lam_1._boxed took 0.0845ms
interpretation of _private.Mathlib.Tactic.Linter.Lint.0.Mathlib.Linter.DupNamespaceLinter.dupNamespace._lam_1._boxed took 0.303ms
linting took 1.49ms
elaboration took 3.29ms
parsing took 1.08ms
attribute application took 0.0052ms
instantiate metavars took 0.0073ms
instantiate metavars took 0.001ms
typeclass inference of Monad took 0.208ms
typeclass inference of Monad took 0.206ms
typeclass inference of Monad took 0.113ms
typeclass inference of Monad took 0.0112ms
typeclass inference of Pure took 0.771ms
typeclass inference of Pure took 0.0084ms
do element elaborator of Lean.Parser.Term.doExpr took 1.55ms
do element elaborator of Lean.Parser.Term.doLet took 0.564ms
typeclass inference of Lean.MonadRuntimeException took 0.133ms
typeclass inference of Functor took 0.102ms
typeclass inference of Functor took 0.487ms
typeclass inference of Pure took 0.0094ms
typeclass inference of Pure took 0.0067ms
do element elaborator of Lean.Parser.Term.doExpr took 1.88ms
typeclass inference of Pure took 0.009ms
do element elaborator of Lean.Parser.Term.doReturn took 0.285ms
typeclass inference of Lean.MonadRuntimeException took 0.393ms
type checking took 0.141ms
type checking took 0.146ms
do element elaborator of Lean.Parser.Term.doLet took 7.72ms
typeclass inference of Bind took 0.266ms
do element elaborator of Lean.Parser.Term.doExpr took 0.981ms
do element elaborator of Lean.Parser.Term.doLetArrow took 0.0567ms
typeclass inference of Bind took 0.01ms
do element elaborator of Lean.Parser.Term.doExpr took 0.653ms
do element elaborator of Lean.Parser.Term.doLetArrow took 0.0524ms
do element elaborator of Lean.Parser.Term.doLetArrow took 0.0506ms
instantiate metavars took 0.0397ms
instantiate metavars took 0.0014ms
instantiate metavars took 0.0005ms
instantiate metavars took 0.0007ms
instantiate metavars took 0.0005ms
share common exprs took 0.166ms
fix level params took 0.023ms
let-to-have transformation took 0.008ms
let-to-have transformation took 0.939ms
type checking took 0.694ms
attribute application took 0.0065ms
compilation (LCNF base) took 18.8ms
compilation (LCNF mono) took 2.84ms
compilation (LCNF mono) took 0.699ms
compilation (LCNF impure) took 0.799ms
compilation (IR) took 0.167ms
compilation (LCNF mono) took 0.489ms
compilation (LCNF impure) took 0.43ms
compilation (IR) took 0.0858ms
compilation (LCNF mono) took 0.385ms
compilation (LCNF impure) took 0.526ms
compilation (IR) took 0.108ms
compilation (LCNF mono) took 0.528ms
compilation (LCNF impure) took 0.643ms
compilation (IR) took 0.206ms
attribute application took 0.0055ms
process pre-definitions took 10.8ms
interpretation of _private.Mathlib.Tactic.Linter.Header.0.Mathlib.Linter.Style.header.headerLinter._lam_3._boxed took 0.0759ms
interpretation of _private.Mathlib.Tactic.Linter.AuxLemma.0.Mathlib.Linter.AuxLemma.auxLemmaLinter._lam_1._boxed took 0.258ms
interpretation of _private.Mathlib.Tactic.Linter.DeprecatedSyntaxLinter.0.Mathlib.Linter.Style.deprecatedSyntaxLinter._lam_1._boxed took 0.038ms
interpretation of _private.Mathlib.Tactic.Linter.DocPrime.0.Mathlib.Linter.DocPrime.docPrimeLinter._lam_3._boxed took 0.0223ms
interpretation of _private.Mathlib.Tactic.Linter.DocString.0.Mathlib.Linter.Style.docStringLinter._lam_0._boxed took 0.699ms
interpretation of _private.Mathlib.Tactic.Linter.DocString.0.Mathlib.Linter.Style.moduleDocVersoLinter._lam_0._boxed took 0.0234ms
interpretation of Mathlib.Linter.EmptyLine.emptyLineLinter._lam_2._boxed took 0.0226ms
interpretation of _private.Mathlib.Tactic.Linter.GlobalAttributeIn.0.Mathlib.Linter.globalAttributeInLinter.globalAttributeIn._lam_0._boxed took 0.519ms
interpretation of _private.Mathlib.Tactic.Linter.HashCommandLinter.0.Mathlib.Linter.HashCommandLinter.withSetOptionIn'._boxed took 0.0619ms
interpretation of _private.Mathlib.Tactic.Linter.FlexibleLinter.0.Mathlib.Linter.Flexible.flexibleLinter._lam_0._boxed took 0.0252ms
interpretation of _private.Mathlib.Tactic.Linter.Multigoal.0.Mathlib.Linter.Style.multiGoal.multiGoalLinter._lam_0._boxed took 0.0219ms
interpretation of _private.Mathlib.Tactic.Linter.OldObtain.0.Mathlib.Linter.Style.oldObtainLinter._lam_0._boxed took 0.0183ms
interpretation of Mathlib.Linter.UnusedInstancesInType.withSetBoolOptionIn._boxed took 0.0415ms
interpretation of Mathlib.Linter.UnusedInstancesInType.withSetBoolOptionIn._boxed took 0.0307ms
overlappingInstancesLinter took 0.224ms
interpretation of Mathlib.Linter.UnusedInstancesInType.withSetBoolOptionIn._boxed took 0.0792ms
interpretation of _private.Mathlib.Tactic.Linter.PrivateModule.0.Mathlib.Linter.privateModule._lam_1._boxed took 0.0197ms
interpretation of _private.Mathlib.Tactic.Linter.UnusedTactic.0.Mathlib.Linter.UnusedTactic.unusedTacticLinter._lam_0._boxed took 1.28ms
interpretation of _private.Mathlib.Tactic.Linter.Style.0.Mathlib.Linter.Style.setOption.setOptionLinter._lam_0._boxed took 0.0312ms
interpretation of _private.Mathlib.Tactic.Linter.Style.0.Mathlib.Linter.Style.missingEnd.missingEndLinter._lam_0._boxed took 0.0557ms
interpretation of _private.Mathlib.Tactic.Linter.Style.0.Mathlib.Linter.Style.cdotLinter._lam_0._boxed took 0.0185ms
interpretation of _private.Mathlib.Tactic.Linter.Style.0.Mathlib.Linter.Style.dollarSyntax.dollarSyntaxLinter._lam_0._boxed took 0.0164ms
interpretation of _private.Mathlib.Tactic.Linter.Style.0.Mathlib.Linter.Style.lambdaSyntax.lambdaSyntaxLinter._lam_0._boxed took 0.015ms
interpretation of _private.Mathlib.Tactic.Linter.Style.0.Mathlib.Linter.Style.longFile.longFileLinter._lam_0._boxed took 0.022ms
interpretation of _private.Mathlib.Tactic.Linter.Style.0.Mathlib.Linter.Style.longLine.longLineLinter._lam_0._boxed took 0.016ms
interpretation of _private.Mathlib.Tactic.Linter.Style.0.Mathlib.Linter.Style.nameCheck.doubleUnderscore._lam_2._boxed took 0.232ms
interpretation of _private.Mathlib.Tactic.Linter.Style.0.Mathlib.Linter.Style.openClassical.openClassicalLinter._lam_0._boxed took 0.0227ms
interpretation of _private.Mathlib.Tactic.Linter.Whitespace.0.Mathlib.Linter.Style.Whitespace.whitespaceLinter._lam_4._boxed took 0.0242ms
tacticAnalysis took 1.84ms
interpretation of Mathlib.TacticAnalysis.tacticAnalysis._lam_1._boxed took 0.081ms
interpretation of _private.Mathlib.Tactic.Linter.Lint.0.Mathlib.Linter.DupNamespaceLinter.dupNamespace._lam_1._boxed took 0.264ms
linting took 1.34ms
elaboration took 2.01ms
parsing took 0.0278ms
interpretation of _private.Mathlib.Tactic.Linter.Header.0.Mathlib.Linter.Style.header.headerLinter._lam_3._boxed took 0.0516ms
interpretation of _private.Mathlib.Tactic.Linter.AuxLemma.0.Mathlib.Linter.AuxLemma.auxLemmaLinter._lam_1._boxed took 0.0334ms
interpretation of _private.Mathlib.Tactic.Linter.DeprecatedSyntaxLinter.0.Mathlib.Linter.Style.deprecatedSyntaxLinter._lam_1._boxed took 0.0336ms
interpretation of _private.Mathlib.Tactic.Linter.DocPrime.0.Mathlib.Linter.DocPrime.docPrimeLinter._lam_3._boxed took 0.0213ms
interpretation of _private.Mathlib.Tactic.Linter.DocString.0.Mathlib.Linter.Style.docStringLinter._lam_0._boxed took 0.0786ms
interpretation of _private.Mathlib.Tactic.Linter.DocString.0.Mathlib.Linter.Style.moduleDocVersoLinter._lam_0._boxed took 0.0201ms
interpretation of Mathlib.Linter.EmptyLine.emptyLineLinter._lam_2._boxed took 0.0203ms
interpretation of _private.Mathlib.Tactic.Linter.GlobalAttributeIn.0.Mathlib.Linter.globalAttributeInLinter.globalAttributeIn._lam_0._boxed took 0.0543ms
interpretation of _private.Mathlib.Tactic.Linter.HashCommandLinter.0.Mathlib.Linter.HashCommandLinter.withSetOptionIn'._boxed took 0.0393ms
interpretation of _private.Mathlib.Tactic.Linter.FlexibleLinter.0.Mathlib.Linter.Flexible.flexibleLinter._lam_0._boxed took 0.0207ms
interpretation of _private.Mathlib.Tactic.Linter.Multigoal.0.Mathlib.Linter.Style.multiGoal.multiGoalLinter._lam_0._boxed took 0.0198ms
interpretation of _private.Mathlib.Tactic.Linter.OldObtain.0.Mathlib.Linter.Style.oldObtainLinter._lam_0._boxed took 0.0165ms
interpretation of Mathlib.Linter.UnusedInstancesInType.withSetBoolOptionIn._boxed took 0.0356ms
interpretation of Mathlib.Linter.UnusedInstancesInType.withSetBoolOptionIn._boxed took 0.0294ms
overlappingInstancesLinter took 0.0359ms
interpretation of Mathlib.Linter.UnusedInstancesInType.withSetBoolOptionIn._boxed took 0.0645ms
interpretation of _private.Mathlib.Tactic.Linter.PrivateModule.0.Mathlib.Linter.privateModule._lam_1._boxed took 0.0168ms
interpretation of _private.Mathlib.Tactic.Linter.UnusedTactic.0.Mathlib.Linter.UnusedTactic.unusedTacticLinter._lam_0._boxed took 0.305ms
interpretation of _private.Mathlib.Tactic.Linter.Style.0.Mathlib.Linter.Style.setOption.setOptionLinter._lam_0._boxed took 0.0223ms
interpretation of _private.Mathlib.Tactic.Linter.Style.0.Mathlib.Linter.Style.missingEnd.missingEndLinter._lam_0._boxed took 0.0323ms
interpretation of _private.Mathlib.Tactic.Linter.Style.0.Mathlib.Linter.Style.cdotLinter._lam_0._boxed took 0.017ms
interpretation of _private.Mathlib.Tactic.Linter.Style.0.Mathlib.Linter.Style.dollarSyntax.dollarSyntaxLinter._lam_0._boxed took 0.015ms
interpretation of _private.Mathlib.Tactic.Linter.Style.0.Mathlib.Linter.Style.lambdaSyntax.lambdaSyntaxLinter._lam_0._boxed took 0.0151ms
interpretation of _private.Mathlib.Tactic.Linter.Style.0.Mathlib.Linter.Style.longFile.longFileLinter._lam_0._boxed took 0.0171ms
interpretation of _private.Mathlib.Tactic.Linter.Style.0.Mathlib.Linter.Style.longLine.longLineLinter._lam_0._boxed took 0.016ms
interpretation of _private.Mathlib.Tactic.Linter.Style.0.Mathlib.Linter.Style.nameCheck.doubleUnderscore._lam_2._boxed took 0.111ms
interpretation of _private.Mathlib.Tactic.Linter.Style.0.Mathlib.Linter.Style.openClassical.openClassicalLinter._lam_0._boxed took 0.0176ms
interpretation of _private.Mathlib.Tactic.Linter.Whitespace.0.Mathlib.Linter.Style.Whitespace.whitespaceLinter._lam_4._boxed took 0.0229ms
tacticAnalysis took 0.208ms
interpretation of Mathlib.TacticAnalysis.tacticAnalysis._lam_1._boxed took 0.0408ms
interpretation of _private.Mathlib.Tactic.Linter.Lint.0.Mathlib.Linter.DupNamespaceLinter.dupNamespace._lam_1._boxed took 0.112ms
linting took 0.649ms
elaboration took 0.0755ms
parsing took 1.49ms
attribute application took 0.0052ms
instantiate metavars took 0.0056ms
instantiate metavars took 0.0009ms
typeclass inference of OfNat took 0.167ms
typeclass inference of ForIn took 1.23ms
typeclass inference of CoeT took 1.57ms
typeclass inference of Decidable took 0.269ms
do element elaborator of Lean.Parser.Term.InternalSyntax.doSkip took 0.0389ms
do element elaborator of Lean.Parser.Term.doReassign took 0.179ms
typeclass inference of Bind took 0.294ms
do element elaborator of Lean.Parser.Term.doExpr took 1.33ms
do element elaborator of Lean.Parser.Term.doReassignArrow took 0.0784ms
typeclass inference of Pure took 0.71ms
do element elaborator of Lean.Parser.Term.doReassign took 0.599ms
do element elaborator of Lean.Parser.Term.doReassign took 0.17ms
typeclass inference of Monad took 0.146ms
typeclass inference of Lean.MonadError took 0.259ms
typeclass inference of Lean.ToMessageData took 0.109ms
typeclass inference of Lean.ToMessageData took 0.0963ms
typeclass inference of OfNat took 0.238ms
typeclass inference of HAppend took 0.427ms
typeclass inference of HAppend took 0.374ms
typeclass inference of Monad took 0.0868ms
typeclass inference of Lean.MonadError took 3.88ms
typeclass inference of Pure took 0.0099ms
typeclass inference of Bind took 0.0153ms
do element elaborator of Lean.Parser.Term.doExpr took 3.34ms
type checking took 0.273ms
do element elaborator of Lean.Parser.Term.doMatch took 4.26ms
do element elaborator of Lean.Parser.Term.doLetElse took 0.357ms
do element elaborator of Lean.Parser.Term.doIf took 1.95ms
do element elaborator of Lean.Parser.Term.doUnless took 0.0725ms
typeclass inference of Pure took 0.697ms
do element elaborator of Lean.Parser.Term.doReturn took 0.172ms
typeclass inference of Bind took 0.255ms
do element elaborator of Lean.Parser.Term.doFor took 1.87ms
do element elaborator of Lean.Parser.Term.doLet took 0.267ms
do element elaborator of Lean.Parser.Term.doLet took 0.627ms
typeclass inference of Bind took 0.0104ms
do element elaborator of Lean.Parser.Term.doExpr took 0.709ms
do element elaborator of Lean.Parser.Term.doLetArrow took 0.0697ms
instantiate metavars took 0.0167ms
instantiate metavars took 0.0011ms
instantiate metavars took 0.0006ms
instantiate metavars took 0.0007ms
instantiate metavars took 0.0005ms
share common exprs took 0.276ms
fix level params took 0.0361ms
let-to-have transformation took 0.0048ms
let-to-have transformation took 1.14ms
type checking took 0.707ms
attribute application took 0.0046ms
compilation (LCNF base) took 13.5ms
compilation (LCNF mono) took 1.65ms
compilation (LCNF mono) took 1.59ms
compilation (LCNF impure) took 1.96ms
compilation (IR) took 0.363ms
compilation (LCNF mono) took 0.729ms
compilation (LCNF impure) took 1.02ms
compilation (IR) took 0.264ms
compilation (LCNF mono) took 0.27ms
compilation (LCNF impure) took 0.271ms
compilation (IR) took 0.0517ms
attribute application took 0.0307ms
process pre-definitions took 14ms
interpretation of _private.Mathlib.Tactic.Linter.Header.0.Mathlib.Linter.Style.header.headerLinter._lam_3._boxed took 0.292ms
interpretation of _private.Mathlib.Tactic.Linter.AuxLemma.0.Mathlib.Linter.AuxLemma.auxLemmaLinter._lam_1._boxed took 0.647ms
interpretation of _private.Mathlib.Tactic.Linter.DeprecatedSyntaxLinter.0.Mathlib.Linter.Style.deprecatedSyntaxLinter._lam_1._boxed took 0.16ms
interpretation of _private.Mathlib.Tactic.Linter.DocPrime.0.Mathlib.Linter.DocPrime.docPrimeLinter._lam_3._boxed took 0.0463ms
interpretation of _private.Mathlib.Tactic.Linter.DocString.0.Mathlib.Linter.Style.docStringLinter._lam_0._boxed took 1.9ms
interpretation of _private.Mathlib.Tactic.Linter.DocString.0.Mathlib.Linter.Style.moduleDocVersoLinter._lam_0._boxed took 0.0494ms
interpretation of Mathlib.Linter.EmptyLine.emptyLineLinter._lam_2._boxed took 0.0406ms
interpretation of _private.Mathlib.Tactic.Linter.GlobalAttributeIn.0.Mathlib.Linter.globalAttributeInLinter.globalAttributeIn._lam_0._boxed took 0.626ms
interpretation of _private.Mathlib.Tactic.Linter.HashCommandLinter.0.Mathlib.Linter.HashCommandLinter.withSetOptionIn'._boxed took 0.0615ms
interpretation of _private.Mathlib.Tactic.Linter.FlexibleLinter.0.Mathlib.Linter.Flexible.flexibleLinter._lam_0._boxed took 0.0278ms
interpretation of _private.Mathlib.Tactic.Linter.Multigoal.0.Mathlib.Linter.Style.multiGoal.multiGoalLinter._lam_0._boxed took 0.0233ms
interpretation of _private.Mathlib.Tactic.Linter.OldObtain.0.Mathlib.Linter.Style.oldObtainLinter._lam_0._boxed took 0.02ms
interpretation of Mathlib.Linter.UnusedInstancesInType.withSetBoolOptionIn._boxed took 0.0453ms
interpretation of Mathlib.Linter.UnusedInstancesInType.withSetBoolOptionIn._boxed took 0.0324ms
overlappingInstancesLinter took 0.279ms
interpretation of Mathlib.Linter.UnusedInstancesInType.withSetBoolOptionIn._boxed took 0.077ms
interpretation of _private.Mathlib.Tactic.Linter.PrivateModule.0.Mathlib.Linter.privateModule._lam_1._boxed took 0.0205ms
interpretation of _private.Mathlib.Tactic.Linter.UnusedTactic.0.Mathlib.Linter.UnusedTactic.unusedTacticLinter._lam_0._boxed took 1.46ms
interpretation of _private.Mathlib.Tactic.Linter.Style.0.Mathlib.Linter.Style.setOption.setOptionLinter._lam_0._boxed took 0.03ms
interpretation of _private.Mathlib.Tactic.Linter.Style.0.Mathlib.Linter.Style.missingEnd.missingEndLinter._lam_0._boxed took 0.0391ms
interpretation of _private.Mathlib.Tactic.Linter.Style.0.Mathlib.Linter.Style.cdotLinter._lam_0._boxed took 0.0189ms
interpretation of _private.Mathlib.Tactic.Linter.Style.0.Mathlib.Linter.Style.dollarSyntax.dollarSyntaxLinter._lam_0._boxed took 0.0159ms
interpretation of _private.Mathlib.Tactic.Linter.Style.0.Mathlib.Linter.Style.lambdaSyntax.lambdaSyntaxLinter._lam_0._boxed took 0.0154ms
interpretation of _private.Mathlib.Tactic.Linter.Style.0.Mathlib.Linter.Style.longFile.longFileLinter._lam_0._boxed took 0.0193ms
interpretation of _private.Mathlib.Tactic.Linter.Style.0.Mathlib.Linter.Style.longLine.longLineLinter._lam_0._boxed took 0.0172ms
interpretation of _private.Mathlib.Tactic.Linter.Style.0.Mathlib.Linter.Style.nameCheck.doubleUnderscore._lam_2._boxed took 0.249ms
interpretation of _private.Mathlib.Tactic.Linter.Style.0.Mathlib.Linter.Style.openClassical.openClassicalLinter._lam_0._boxed took 0.0202ms
interpretation of _private.Mathlib.Tactic.Linter.Whitespace.0.Mathlib.Linter.Style.Whitespace.whitespaceLinter._lam_4._boxed took 0.0258ms
tacticAnalysis took 2.09ms
interpretation of Mathlib.TacticAnalysis.tacticAnalysis._lam_1._boxed took 0.0826ms
interpretation of _private.Mathlib.Tactic.Linter.Lint.0.Mathlib.Linter.DupNamespaceLinter.dupNamespace._lam_1._boxed took 0.288ms
linting took 3.42ms
elaboration took 2.12ms
parsing took 1.18ms
attribute application took 0.0055ms
instantiate metavars took 0.0019ms
instantiate metavars took 0.0009ms
typeclass inference of BEq took 0.0794ms
typeclass inference of CoeT took 1.33ms
typeclass inference of Decidable took 0.177ms
typeclass inference of Pure took 0.952ms
do element elaborator of Lean.Parser.Term.doReturn took 0.282ms
do element elaborator of Lean.Parser.Term.InternalSyntax.doSkip took 0.0413ms
typeclass inference of BEq took 0.749ms
typeclass inference of BEq took 0.012ms
typeclass inference of CoeT took 1.27ms
typeclass inference of Decidable took 0.144ms
do element elaborator of Lean.Parser.Term.InternalSyntax.doSkip took 0.0368ms
typeclass inference of Pure took 0.0101ms
do element elaborator of Lean.Parser.Term.doReturn took 0.22ms
typeclass inference of Monad took 0.136ms
typeclass inference of GetElem? took 0.567ms
typeclass inference of Inhabited took 0.0739ms
typeclass inference of CoeT took 1.72ms
typeclass inference of Decidable took 0.242ms
typeclass inference of GetElem? took 0.536ms
typeclass inference of Inhabited took 0.0688ms
typeclass inference of GetElem? took 0.248ms
typeclass inference of Inhabited took 0.0155ms
typeclass inference of GetElem? took 0.269ms
typeclass inference of Inhabited took 0.0106ms
typeclass inference of GetElem? took 0.238ms
typeclass inference of Inhabited took 0.0147ms
typeclass inference of Monad took 0.177ms
typeclass inference of Pure took 0.933ms
typeclass inference of Pure took 0.0108ms
do element elaborator of Lean.Parser.Term.doExpr took 6.52ms
typeclass inference of Bind took 0.26ms
do element elaborator of Lean.Parser.Term.doExpr took 0.823ms
do element elaborator of Lean.Parser.Term.doLetArrow took 0.0566ms
do element elaborator of Lean.Parser.Term.doLet took 0.318ms
do element elaborator of Lean.Parser.Term.doLet took 0.379ms
do element elaborator of Lean.Parser.Term.doIf took 2.62ms
do element elaborator of Lean.Parser.Term.doUnless took 0.141ms
do element elaborator of Lean.Parser.Term.doIf took 1.53ms
do element elaborator of Lean.Parser.Term.doIf took 0.0444ms
instantiate metavars took 0.0126ms
instantiate metavars took 0.0011ms
instantiate metavars took 0.0006ms
instantiate metavars took 0.0008ms
instantiate metavars took 0.0006ms
share common exprs took 0.386ms
fix level params took 0.0252ms
typeclass inference of Inhabited took 0.317ms
let-to-have transformation took 0.0043ms
type checking took 0.0523ms
attribute application took 0.0043ms
attribute application took 0.0027ms
type checking took 0.411ms
attribute application took 0.0025ms
compilation (LCNF base) took 10.5ms
compilation (LCNF mono) took 1.64ms
compilation (LCNF mono) took 1.24ms
compilation (LCNF impure) took 1.46ms
compilation (IR) took 0.343ms
compilation (LCNF mono) took 0.157ms
compilation (LCNF impure) took 0.204ms
compilation (IR) took 0.0453ms
attribute application took 0.0036ms
process pre-definitions took 10.1ms
interpretation of _private.Mathlib.Tactic.Linter.Header.0.Mathlib.Linter.Style.header.headerLinter._lam_3._boxed took 0.0774ms
interpretation of _private.Mathlib.Tactic.Linter.AuxLemma.0.Mathlib.Linter.AuxLemma.auxLemmaLinter._lam_1._boxed took 0.481ms
interpretation of _private.Mathlib.Tactic.Linter.DeprecatedSyntaxLinter.0.Mathlib.Linter.Style.deprecatedSyntaxLinter._lam_1._boxed took 0.0555ms
interpretation of _private.Mathlib.Tactic.Linter.DocPrime.0.Mathlib.Linter.DocPrime.docPrimeLinter._lam_3._boxed took 0.0338ms
interpretation of _private.Mathlib.Tactic.Linter.DocString.0.Mathlib.Linter.Style.docStringLinter._lam_0._boxed took 0.792ms
interpretation of _private.Mathlib.Tactic.Linter.DocString.0.Mathlib.Linter.Style.moduleDocVersoLinter._lam_0._boxed took 0.026ms
interpretation of Mathlib.Linter.EmptyLine.emptyLineLinter._lam_2._boxed took 0.024ms
interpretation of _private.Mathlib.Tactic.Linter.GlobalAttributeIn.0.Mathlib.Linter.globalAttributeInLinter.globalAttributeIn._lam_0._boxed took 0.495ms
interpretation of _private.Mathlib.Tactic.Linter.HashCommandLinter.0.Mathlib.Linter.HashCommandLinter.withSetOptionIn'._boxed took 0.101ms
interpretation of _private.Mathlib.Tactic.Linter.FlexibleLinter.0.Mathlib.Linter.Flexible.flexibleLinter._lam_0._boxed took 0.0342ms
interpretation of _private.Mathlib.Tactic.Linter.Multigoal.0.Mathlib.Linter.Style.multiGoal.multiGoalLinter._lam_0._boxed took 0.0325ms
interpretation of _private.Mathlib.Tactic.Linter.OldObtain.0.Mathlib.Linter.Style.oldObtainLinter._lam_0._boxed took 0.0249ms
interpretation of Mathlib.Linter.UnusedInstancesInType.withSetBoolOptionIn._boxed took 0.0686ms
interpretation of Mathlib.Linter.UnusedInstancesInType.withSetBoolOptionIn._boxed took 0.0401ms
overlappingInstancesLinter took 0.377ms
interpretation of Mathlib.Linter.UnusedInstancesInType.withSetBoolOptionIn._boxed took 0.112ms
interpretation of _private.Mathlib.Tactic.Linter.PrivateModule.0.Mathlib.Linter.privateModule._lam_1._boxed took 0.0229ms
interpretation of _private.Mathlib.Tactic.Linter.UnusedTactic.0.Mathlib.Linter.UnusedTactic.unusedTacticLinter._lam_0._boxed took 1.33ms
interpretation of _private.Mathlib.Tactic.Linter.Style.0.Mathlib.Linter.Style.setOption.setOptionLinter._lam_0._boxed took 0.0367ms
interpretation of _private.Mathlib.Tactic.Linter.Style.0.Mathlib.Linter.Style.missingEnd.missingEndLinter._lam_0._boxed took 0.0677ms
interpretation of _private.Mathlib.Tactic.Linter.Style.0.Mathlib.Linter.Style.cdotLinter._lam_0._boxed took 0.0217ms
interpretation of _private.Mathlib.Tactic.Linter.Style.0.Mathlib.Linter.Style.dollarSyntax.dollarSyntaxLinter._lam_0._boxed took 0.0179ms
interpretation of _private.Mathlib.Tactic.Linter.Style.0.Mathlib.Linter.Style.lambdaSyntax.lambdaSyntaxLinter._lam_0._boxed took 0.0169ms
interpretation of _private.Mathlib.Tactic.Linter.Style.0.Mathlib.Linter.Style.longFile.longFileLinter._lam_0._boxed took 0.0218ms
interpretation of _private.Mathlib.Tactic.Linter.Style.0.Mathlib.Linter.Style.longLine.longLineLinter._lam_0._boxed took 0.0177ms
interpretation of _private.Mathlib.Tactic.Linter.Style.0.Mathlib.Linter.Style.nameCheck.doubleUnderscore._lam_2._boxed took 0.294ms
interpretation of _private.Mathlib.Tactic.Linter.Style.0.Mathlib.Linter.Style.openClassical.openClassicalLinter._lam_0._boxed took 0.0219ms
interpretation of _private.Mathlib.Tactic.Linter.Whitespace.0.Mathlib.Linter.Style.Whitespace.whitespaceLinter._lam_4._boxed took 0.0278ms
tacticAnalysis took 3.22ms
interpretation of Mathlib.TacticAnalysis.tacticAnalysis._lam_1._boxed took 0.136ms
interpretation of _private.Mathlib.Tactic.Linter.Lint.0.Mathlib.Linter.DupNamespaceLinter.dupNamespace._lam_1._boxed took 0.392ms
linting took 1.44ms
elaboration took 1.61ms
parsing took 1.45ms
attribute application took 0.0093ms
instantiate metavars took 0.0056ms
instantiate metavars took 0.0009ms
typeclass inference of MonadControlT took 0.169ms
typeclass inference of Monad took 0.163ms
typeclass inference of ForIn took 1.09ms
typeclass inference of CoeT took 1.39ms
typeclass inference of Decidable took 0.189ms
typeclass inference of Pure took 0.676ms
do element elaborator of Lean.Parser.Term.doContinue took 0.128ms
do element elaborator of Lean.Parser.Term.InternalSyntax.doSkip took 0.0401ms
typeclass inference of CoeT took 1.28ms
typeclass inference of Decidable took 0.129ms
typeclass inference of Monad took 0.132ms
typeclass inference of Lean.MonadTrace took 0.0733ms
typeclass inference of Lean.MonadOptions took 0.0797ms
typeclass inference of Monad took 0.0819ms
typeclass inference of Lean.MonadTrace took 1ms
typeclass inference of Lean.MonadOptions took 0.903ms
typeclass inference of CoeT took 1.29ms
typeclass inference of Decidable took 0.133ms
typeclass inference of Monad took 0.119ms
typeclass inference of Lean.MonadTrace took 0.0618ms
typeclass inference of Lean.MonadRef took 0.0841ms
typeclass inference of Lean.AddMessageContext took 0.0771ms
typeclass inference of Lean.ToMessageData took 0.0582ms
typeclass inference of Lean.ToMessageData took 0.0544ms
typeclass inference of HAppend took 0.319ms
typeclass inference of HAppend took 0.38ms
typeclass inference of Monad took 0.0104ms
typeclass inference of Lean.MonadTrace took 0.0082ms
typeclass inference of Lean.MonadRef took 6.97ms
typeclass inference of Lean.AddMessageContext took 0.0846ms
typeclass inference of Bind took 0.246ms
do element elaborator of Lean.Parser.Term.doExpr took 2.18ms
do element elaborator of Lean.Parser.Term.InternalSyntax.doSkip took 0.0412ms
typeclass inference of Pure took 0.0083ms
do element elaborator of Lean.Parser.Term.doContinue took 0.0889ms
do element elaborator of Lean.Parser.Term.doIf took 1.07ms
typeclass inference of Bind took 0.0103ms
do element elaborator of Lean.Parser.Term.doExpr took 1.14ms
do element elaborator of Lean.Parser.Term.doLetArrow took 0.0686ms
do element elaborator of Lean.Parser.Term.doIf took 0.0461ms
do element elaborator of Lean.Parser.Term.doIf took 0.0334ms
do element elaborator of Lean.Parser.Term.doLet took 0.164ms
do element elaborator of Lean.Parser.Term.doNested took 0.035ms
do element elaborator of Lean.doElemTrace[_]__ took 0.0699ms
do element elaborator of Lean.Parser.Term.InternalSyntax.doSkip took 0.0231ms
typeclass inference of Monad took 0.132ms
typeclass inference of Monad took 0.0139ms
typeclass inference of CoeT took 1.52ms
typeclass inference of Decidable took 0.161ms
typeclass inference of Monad took 0.17ms
typeclass inference of Lean.MonadTrace took 0.0671ms
typeclass inference of Lean.MonadOptions took 0.0757ms
typeclass inference of Monad took 0.0118ms
typeclass inference of Lean.MonadTrace took 0.0264ms
typeclass inference of Lean.MonadOptions took 0.0088ms
typeclass inference of CoeT took 1.62ms
typeclass inference of Decidable took 0.189ms
typeclass inference of Monad took 0.239ms
typeclass inference of Lean.MonadTrace took 0.0824ms
typeclass inference of Lean.MonadRef took 0.131ms
typeclass inference of Lean.AddMessageContext took 0.0968ms
typeclass inference of Lean.ToMessageData took 0.0128ms
typeclass inference of Lean.ToMessageData took 0.0143ms
typeclass inference of HAppend took 0.016ms
typeclass inference of HAppend took 0.195ms
typeclass inference of Monad took 0.018ms
typeclass inference of Lean.MonadTrace took 0.0131ms
typeclass inference of Lean.MonadRef took 0.0098ms
typeclass inference of Lean.AddMessageContext took 0.0091ms
typeclass inference of Bind took 0.0131ms
do element elaborator of Lean.Parser.Term.doExpr took 2.98ms
do element elaborator of Lean.Parser.Term.InternalSyntax.doSkip took 0.0399ms
typeclass inference of Pure took 0.012ms
do element elaborator of Lean.Parser.Term.doContinue took 0.15ms
do element elaborator of Lean.Parser.Term.doIf took 1.81ms
typeclass inference of Bind took 0.0127ms
do element elaborator of Lean.Parser.Term.doExpr took 1.26ms
do element elaborator of Lean.Parser.Term.doLetArrow took 0.0585ms
do element elaborator of Lean.Parser.Term.doIf took 0.0802ms
do element elaborator of Lean.Parser.Term.doIf took 0.0554ms
do element elaborator of Lean.Parser.Term.doLet took 0.195ms
do element elaborator of Lean.Parser.Term.doNested took 0.0377ms
do element elaborator of Lean.doElemTrace[_]__ took 0.0476ms
do element elaborator of Lean.Parser.Term.InternalSyntax.doSkip took 0.0257ms
typeclass inference of Pure took 0.0094ms
do element elaborator of Lean.Parser.Term.doReassign took 0.616ms
do element elaborator of Lean.Parser.Term.doIf took 1.61ms
typeclass inference of Bind took 0.0163ms
do element elaborator of Lean.Parser.Term.doExpr took 1.6ms
do element elaborator of Lean.Parser.Term.doLetArrow took 0.103ms
do element elaborator of Lean.Parser.Term.doIf took 0.0492ms
do element elaborator of Lean.Parser.Term.doIf took 0.0388ms
do element elaborator of Lean.Parser.Term.doIf took 1.15ms
typeclass inference of Bind took 0.0112ms
do element elaborator of Lean.Parser.Term.doExpr took 0.829ms
do element elaborator of Lean.Parser.Term.doLetArrow took 0.0896ms
do element elaborator of Lean.Parser.Term.doIf took 0.0476ms
do element elaborator of Lean.Parser.Term.doIf took 0.038ms
do element elaborator of Lean.Parser.Term.doIf took 1.43ms
do element elaborator of Lean.Parser.Term.doIf took 0.0513ms
typeclass inference of Pure took 0.0096ms
do element elaborator of Lean.Parser.Term.doReturn took 0.133ms
typeclass inference of Bind took 0.0089ms
do element elaborator of Lean.Parser.Term.doFor took 1.32ms
do element elaborator of Lean.Parser.Term.doLet took 0.948ms
typeclass inference of MonadControlT took 0.818ms
typeclass inference of Monad took 0.0103ms
instantiate metavars took 0.0249ms
instantiate metavars took 0.0012ms
instantiate metavars took 0.0006ms
instantiate metavars took 0.0007ms
instantiate metavars took 0.0005ms
share common exprs took 0.311ms
fix level params took 0.044ms
let-to-have transformation took 0.0058ms
let-to-have transformation took 1.35ms
type checking took 0.801ms
attribute application took 0.584ms
compilation (LCNF base) took 32.8ms
compilation (LCNF mono) took 8.51ms
compilation (LCNF mono) took 0.203ms
compilation (LCNF impure) took 0.288ms
compilation (IR) took 0.0706ms
compilation (LCNF mono) took 3.81ms
compilation (LCNF impure) took 3.3ms
compilation (IR) took 0.632ms
compilation (LCNF mono) took 0.213ms
compilation (LCNF impure) took 0.267ms
compilation (IR) took 0.071ms
compilation (LCNF mono) took 1.89ms
compilation (LCNF impure) took 1.53ms
compilation (IR) took 0.575ms
compilation (LCNF mono) took 0.301ms
compilation (LCNF impure) took 0.469ms
compilation (IR) took 0.395ms
attribute application took 0.0179ms
process pre-definitions took 16.5ms
interpretation of _private.Mathlib.Tactic.Linter.Header.0.Mathlib.Linter.Style.header.headerLinter._lam_3._boxed took 0.199ms
interpretation of _private.Mathlib.Tactic.Linter.AuxLemma.0.Mathlib.Linter.AuxLemma.auxLemmaLinter._lam_1._boxed took 0.566ms
interpretation of _private.Mathlib.Tactic.Linter.DeprecatedSyntaxLinter.0.Mathlib.Linter.Style.deprecatedSyntaxLinter._lam_1._boxed took 0.0816ms
interpretation of _private.Mathlib.Tactic.Linter.DocPrime.0.Mathlib.Linter.DocPrime.docPrimeLinter._lam_3._boxed took 0.0396ms
interpretation of _private.Mathlib.Tactic.Linter.DocString.0.Mathlib.Linter.Style.docStringLinter._lam_0._boxed took 1.73ms
interpretation of _private.Mathlib.Tactic.Linter.DocString.0.Mathlib.Linter.Style.moduleDocVersoLinter._lam_0._boxed took 0.0436ms
interpretation of Mathlib.Linter.EmptyLine.emptyLineLinter._lam_2._boxed took 0.0381ms
interpretation of _private.Mathlib.Tactic.Linter.GlobalAttributeIn.0.Mathlib.Linter.globalAttributeInLinter.globalAttributeIn._lam_0._boxed took 1.11ms
interpretation of _private.Mathlib.Tactic.Linter.HashCommandLinter.0.Mathlib.Linter.HashCommandLinter.withSetOptionIn'._boxed took 0.082ms
interpretation of _private.Mathlib.Tactic.Linter.FlexibleLinter.0.Mathlib.Linter.Flexible.flexibleLinter._lam_0._boxed took 0.039ms
interpretation of _private.Mathlib.Tactic.Linter.Multigoal.0.Mathlib.Linter.Style.multiGoal.multiGoalLinter._lam_0._boxed took 0.0341ms
interpretation of _private.Mathlib.Tactic.Linter.OldObtain.0.Mathlib.Linter.Style.oldObtainLinter._lam_0._boxed took 0.0293ms
interpretation of Mathlib.Linter.UnusedInstancesInType.withSetBoolOptionIn._boxed took 0.0669ms
interpretation of Mathlib.Linter.UnusedInstancesInType.withSetBoolOptionIn._boxed took 0.0508ms
overlappingInstancesLinter took 0.357ms
interpretation of Mathlib.Linter.UnusedInstancesInType.withSetBoolOptionIn._boxed took 0.106ms
interpretation of _private.Mathlib.Tactic.Linter.PrivateModule.0.Mathlib.Linter.privateModule._lam_1._boxed took 0.0218ms
interpretation of _private.Mathlib.Tactic.Linter.UnusedTactic.0.Mathlib.Linter.UnusedTactic.unusedTacticLinter._lam_0._boxed took 1.67ms
interpretation of _private.Mathlib.Tactic.Linter.Style.0.Mathlib.Linter.Style.setOption.setOptionLinter._lam_0._boxed took 0.0323ms
interpretation of _private.Mathlib.Tactic.Linter.Style.0.Mathlib.Linter.Style.missingEnd.missingEndLinter._lam_0._boxed took 0.0414ms
interpretation of _private.Mathlib.Tactic.Linter.Style.0.Mathlib.Linter.Style.cdotLinter._lam_0._boxed took 0.0192ms
interpretation of _private.Mathlib.Tactic.Linter.Style.0.Mathlib.Linter.Style.dollarSyntax.dollarSyntaxLinter._lam_0._boxed took 0.0171ms
interpretation of _private.Mathlib.Tactic.Linter.Style.0.Mathlib.Linter.Style.lambdaSyntax.lambdaSyntaxLinter._lam_0._boxed took 0.0166ms
interpretation of _private.Mathlib.Tactic.Linter.Style.0.Mathlib.Linter.Style.longFile.longFileLinter._lam_0._boxed took 0.0229ms
interpretation of _private.Mathlib.Tactic.Linter.Style.0.Mathlib.Linter.Style.longLine.longLineLinter._lam_0._boxed took 0.017ms
interpretation of _private.Mathlib.Tactic.Linter.Style.0.Mathlib.Linter.Style.nameCheck.doubleUnderscore._lam_2._boxed took 0.265ms
interpretation of _private.Mathlib.Tactic.Linter.Style.0.Mathlib.Linter.Style.openClassical.openClassicalLinter._lam_0._boxed took 0.0203ms
interpretation of _private.Mathlib.Tactic.Linter.Whitespace.0.Mathlib.Linter.Style.Whitespace.whitespaceLinter._lam_4._boxed took 0.0263ms
tacticAnalysis took 3.86ms
interpretation of Mathlib.TacticAnalysis.tacticAnalysis._lam_1._boxed took 0.117ms
interpretation of _private.Mathlib.Tactic.Linter.Lint.0.Mathlib.Linter.DupNamespaceLinter.dupNamespace._lam_1._boxed took 0.5ms
linting took 2.62ms
elaboration took 3.29ms
parsing took 0.0359ms
interpretation of _private.Mathlib.Tactic.Linter.Header.0.Mathlib.Linter.Style.header.headerLinter._lam_3._boxed took 0.0635ms
interpretation of _private.Mathlib.Tactic.Linter.AuxLemma.0.Mathlib.Linter.AuxLemma.auxLemmaLinter._lam_1._boxed took 0.0407ms
interpretation of _private.Mathlib.Tactic.Linter.DeprecatedSyntaxLinter.0.Mathlib.Linter.Style.deprecatedSyntaxLinter._lam_1._boxed took 0.0373ms
interpretation of _private.Mathlib.Tactic.Linter.DocPrime.0.Mathlib.Linter.DocPrime.docPrimeLinter._lam_3._boxed took 0.0232ms
interpretation of _private.Mathlib.Tactic.Linter.DocString.0.Mathlib.Linter.Style.docStringLinter._lam_0._boxed took 0.0897ms
interpretation of _private.Mathlib.Tactic.Linter.DocString.0.Mathlib.Linter.Style.moduleDocVersoLinter._lam_0._boxed took 0.0208ms
interpretation of Mathlib.Linter.EmptyLine.emptyLineLinter._lam_2._boxed took 0.0217ms
interpretation of _private.Mathlib.Tactic.Linter.GlobalAttributeIn.0.Mathlib.Linter.globalAttributeInLinter.globalAttributeIn._lam_0._boxed took 0.0635ms
interpretation of _private.Mathlib.Tactic.Linter.HashCommandLinter.0.Mathlib.Linter.HashCommandLinter.withSetOptionIn'._boxed took 0.0453ms
interpretation of _private.Mathlib.Tactic.Linter.FlexibleLinter.0.Mathlib.Linter.Flexible.flexibleLinter._lam_0._boxed took 0.0238ms
interpretation of _private.Mathlib.Tactic.Linter.Multigoal.0.Mathlib.Linter.Style.multiGoal.multiGoalLinter._lam_0._boxed took 0.0198ms
interpretation of _private.Mathlib.Tactic.Linter.OldObtain.0.Mathlib.Linter.Style.oldObtainLinter._lam_0._boxed took 0.0179ms
interpretation of Mathlib.Linter.UnusedInstancesInType.withSetBoolOptionIn._boxed took 0.0413ms
interpretation of Mathlib.Linter.UnusedInstancesInType.withSetBoolOptionIn._boxed took 0.0307ms
overlappingInstancesLinter took 0.0419ms
interpretation of Mathlib.Linter.UnusedInstancesInType.withSetBoolOptionIn._boxed took 0.0767ms
interpretation of _private.Mathlib.Tactic.Linter.PrivateModule.0.Mathlib.Linter.privateModule._lam_1._boxed took 0.0196ms
interpretation of _private.Mathlib.Tactic.Linter.UnusedTactic.0.Mathlib.Linter.UnusedTactic.unusedTacticLinter._lam_0._boxed took 0.335ms
interpretation of _private.Mathlib.Tactic.Linter.Style.0.Mathlib.Linter.Style.setOption.setOptionLinter._lam_0._boxed took 0.0265ms
interpretation of _private.Mathlib.Tactic.Linter.Style.0.Mathlib.Linter.Style.missingEnd.missingEndLinter._lam_0._boxed took 0.037ms
interpretation of _private.Mathlib.Tactic.Linter.Style.0.Mathlib.Linter.Style.cdotLinter._lam_0._boxed took 0.0188ms
interpretation of _private.Mathlib.Tactic.Linter.Style.0.Mathlib.Linter.Style.dollarSyntax.dollarSyntaxLinter._lam_0._boxed took 0.0157ms
interpretation of _private.Mathlib.Tactic.Linter.Style.0.Mathlib.Linter.Style.lambdaSyntax.lambdaSyntaxLinter._lam_0._boxed took 0.018ms
interpretation of _private.Mathlib.Tactic.Linter.Style.0.Mathlib.Linter.Style.longFile.longFileLinter._lam_0._boxed took 0.0203ms
interpretation of _private.Mathlib.Tactic.Linter.Style.0.Mathlib.Linter.Style.longLine.longLineLinter._lam_0._boxed took 0.0166ms
interpretation of _private.Mathlib.Tactic.Linter.Style.0.Mathlib.Linter.Style.nameCheck.doubleUnderscore._lam_2._boxed took 0.159ms
interpretation of _private.Mathlib.Tactic.Linter.Style.0.Mathlib.Linter.Style.openClassical.openClassicalLinter._lam_0._boxed took 0.0217ms
interpretation of _private.Mathlib.Tactic.Linter.Whitespace.0.Mathlib.Linter.Style.Whitespace.whitespaceLinter._lam_4._boxed took 0.0252ms
tacticAnalysis took 0.241ms
interpretation of Mathlib.TacticAnalysis.tacticAnalysis._lam_1._boxed took 0.0456ms
interpretation of _private.Mathlib.Tactic.Linter.Lint.0.Mathlib.Linter.DupNamespaceLinter.dupNamespace._lam_1._boxed took 0.118ms
linting took 0.734ms
elaboration took 0.0793ms
interpretation of Lean.Parser.Tactic.location took 0.0051ms
interpretation of Lean.Parser.Tactic.rwRule took 0.391ms
interpretation of Lean.Parser.Tactic.rwRule took 0.0035ms
parsing took 2.04ms
attribute application took 0.0051ms
typeclass inference of CoeT took 1.4ms
instantiate metavars took 0.0054ms
instantiate metavars took 0.001ms
typeclass inference of Applicative took 0.103ms
typeclass inference of Bind took 0.261ms
typeclass inference of Monad took 0.113ms
typeclass inference of Lean.MonadRef took 0.0836ms
typeclass inference of Monad took 0.0856ms
typeclass inference of Lean.MonadRef took 0.0641ms
typeclass inference of Bind took 0.232ms
typeclass inference of Lean.MonadQuotation took 0.081ms
typeclass inference of Lean.MonadQuotation took 0.0714ms
typeclass inference of Bind took 0.246ms
typeclass inference of Lean.MonadQuotation took 0.0686ms
typeclass inference of Lean.MonadQuotation took 0.0099ms
typeclass inference of Pure took 0.232ms
typeclass inference of CoeT took 1.29ms
typeclass inference of CoeT took 1.99ms
typeclass inference of Pure took 0.731ms
typeclass inference of Bind took 0.307ms
typeclass inference of Bind took 0.0114ms
typeclass inference of Bind took 0.0101ms
typeclass inference of Applicative took 0.657ms
typeclass inference of CoeT took 1.48ms
typeclass inference of Decidable took 0.218ms
typeclass inference of Bind took 0.464ms
typeclass inference of Monad took 0.201ms
typeclass inference of Lean.MonadRef took 0.175ms
typeclass inference of Monad took 0.127ms
typeclass inference of Lean.MonadRef took 0.126ms
typeclass inference of Bind took 0.36ms
typeclass inference of Lean.MonadQuotation took 0.084ms
typeclass inference of Lean.MonadQuotation took 0.0814ms
typeclass inference of Bind took 0.28ms
typeclass inference of Lean.MonadQuotation took 0.068ms
typeclass inference of Lean.MonadQuotation took 0.0097ms
typeclass inference of Pure took 0.239ms
typeclass inference of CoeT took 1.29ms
typeclass inference of Pure took 0.0113ms
typeclass inference of Bind took 0.0101ms
typeclass inference of Bind took 0.0097ms
typeclass inference of Bind took 0.0113ms
typeclass inference of Bind took 0.0104ms
do element elaborator of Lean.Parser.Term.doExpr took 7.24ms
typeclass inference of Bind took 0.461ms
typeclass inference of Monad took 0.197ms
typeclass inference of Lean.MonadRef took 0.123ms
typeclass inference of Monad took 0.0264ms
typeclass inference of Lean.MonadRef took 0.0148ms
typeclass inference of Bind took 0.384ms
typeclass inference of Lean.MonadQuotation took 0.102ms
typeclass inference of Lean.MonadQuotation took 0.014ms
typeclass inference of Bind took 0.307ms
typeclass inference of Lean.MonadQuotation took 0.0869ms
typeclass inference of Lean.MonadQuotation took 0.0096ms
typeclass inference of Pure took 0.304ms
typeclass inference of CoeT took 0.0134ms
typeclass inference of Pure took 0.0245ms
typeclass inference of Bind took 0.0107ms
typeclass inference of Bind took 0.0125ms
typeclass inference of Bind took 0.009ms
typeclass inference of Bind took 0.0094ms
do element elaborator of Lean.Parser.Term.doExpr took 6.76ms
typeclass inference of Bind took 0.274ms
typeclass inference of Monad took 0.112ms
typeclass inference of Lean.MonadRef took 0.081ms
typeclass inference of Monad took 0.0096ms
typeclass inference of Lean.MonadRef took 0.0086ms
typeclass inference of Bind took 0.267ms
typeclass inference of Lean.MonadQuotation took 0.0696ms
typeclass inference of Lean.MonadQuotation took 0.0092ms
typeclass inference of Bind took 0.3ms
typeclass inference of Lean.MonadQuotation took 0.0647ms
typeclass inference of Lean.MonadQuotation took 0.0094ms
typeclass inference of Pure took 0.25ms
typeclass inference of CoeT took 1.4ms
type checking took 0.148ms
typeclass inference of Pure took 0.78ms
typeclass inference of Bind took 0.323ms
typeclass inference of Bind took 0.011ms
typeclass inference of Bind took 0.0096ms
typeclass inference of Pure took 0.0082ms
typeclass inference of Pure took 0.0068ms
do element elaborator of Lean.Parser.Term.doExpr took 15.4ms
typeclass inference of Bind took 0.85ms
typeclass inference of Monad took 0.18ms
typeclass inference of Lean.MonadRef took 0.214ms
typeclass inference of Monad took 0.13ms
typeclass inference of Lean.MonadRef took 0.0993ms
typeclass inference of Bind took 0.38ms
typeclass inference of Lean.MonadQuotation took 0.0965ms
typeclass inference of Lean.MonadQuotation took 0.0789ms
typeclass inference of Bind took 0.283ms
typeclass inference of Lean.MonadQuotation took 0.0663ms
typeclass inference of Lean.MonadQuotation took 0.0097ms
typeclass inference of Pure took 0.269ms
typeclass inference of CoeT took 1.46ms
typeclass inference of Pure took 0.0187ms
typeclass inference of Bind took 0.0161ms
typeclass inference of Bind took 0.0147ms
typeclass inference of Bind took 0.0145ms
typeclass inference of Pure took 0.0118ms
typeclass inference of Pure took 0.0108ms
do element elaborator of Lean.Parser.Term.doExpr took 16ms
type checking took 0.205ms
do element elaborator of Lean.Parser.Term.doMatch took 4.4ms
do element elaborator of Lean.Parser.Term.doIf took 1.82ms
do element elaborator of Lean.Parser.Term.doLetArrow took 0.14ms
typeclass inference of Bind took 0.338ms
do element elaborator of Lean.Parser.Term.doExpr took 8.95ms
do element elaborator of Lean.Parser.Term.doLetArrow took 0.0731ms
instantiate metavars took 0.0741ms
instantiate metavars took 0.0013ms
instantiate metavars took 0.0006ms
instantiate metavars took 0.0007ms
instantiate metavars took 0.0006ms
share common exprs took 0.463ms
fix level params took 0.0478ms
let-to-have transformation took 0.0066ms
let-to-have transformation took 0.0366ms
type checking took 0.764ms
attribute application took 0.0057ms
compilation (LCNF base) took 25.8ms
compilation (LCNF mono) took 4.79ms
compilation (LCNF mono) took 5.53ms
compilation (LCNF impure) took 3.99ms
compilation (IR) took 0.667ms
compilation (LCNF mono) took 0.325ms
compilation (LCNF impure) took 0.2ms
compilation (IR) took 0.185ms
attribute application took 0.0062ms
process pre-definitions took 20.4ms
interpretation of _private.Mathlib.Tactic.Linter.Header.0.Mathlib.Linter.Style.header.headerLinter._lam_3._boxed took 0.0729ms
interpretation of _private.Mathlib.Tactic.Linter.AuxLemma.0.Mathlib.Linter.AuxLemma.auxLemmaLinter._lam_1._boxed took 0.283ms
interpretation of _private.Mathlib.Tactic.Linter.DeprecatedSyntaxLinter.0.Mathlib.Linter.Style.deprecatedSyntaxLinter._lam_1._boxed took 0.0408ms
interpretation of _private.Mathlib.Tactic.Linter.DocPrime.0.Mathlib.Linter.DocPrime.docPrimeLinter._lam_3._boxed took 0.0251ms
interpretation of _private.Mathlib.Tactic.Linter.DocString.0.Mathlib.Linter.Style.docStringLinter._lam_0._boxed took 0.751ms
interpretation of _private.Mathlib.Tactic.Linter.DocString.0.Mathlib.Linter.Style.moduleDocVersoLinter._lam_0._boxed took 0.0304ms
interpretation of Mathlib.Linter.EmptyLine.emptyLineLinter._lam_2._boxed took 0.0234ms
interpretation of _private.Mathlib.Tactic.Linter.GlobalAttributeIn.0.Mathlib.Linter.globalAttributeInLinter.globalAttributeIn._lam_0._boxed took 0.663ms
interpretation of _private.Mathlib.Tactic.Linter.HashCommandLinter.0.Mathlib.Linter.HashCommandLinter.withSetOptionIn'._boxed took 0.0555ms
interpretation of _private.Mathlib.Tactic.Linter.FlexibleLinter.0.Mathlib.Linter.Flexible.flexibleLinter._lam_0._boxed took 0.0266ms
interpretation of _private.Mathlib.Tactic.Linter.Multigoal.0.Mathlib.Linter.Style.multiGoal.multiGoalLinter._lam_0._boxed took 0.0226ms
interpretation of _private.Mathlib.Tactic.Linter.OldObtain.0.Mathlib.Linter.Style.oldObtainLinter._lam_0._boxed took 0.0198ms
interpretation of Mathlib.Linter.UnusedInstancesInType.withSetBoolOptionIn._boxed took 0.0643ms
interpretation of Mathlib.Linter.UnusedInstancesInType.withSetBoolOptionIn._boxed took 0.0333ms
overlappingInstancesLinter took 0.348ms
interpretation of Mathlib.Linter.UnusedInstancesInType.withSetBoolOptionIn._boxed took 0.0802ms
interpretation of _private.Mathlib.Tactic.Linter.PrivateModule.0.Mathlib.Linter.privateModule._lam_1._boxed took 0.0214ms
interpretation of _private.Mathlib.Tactic.Linter.UnusedTactic.0.Mathlib.Linter.UnusedTactic.unusedTacticLinter._lam_0._boxed took 1.38ms
interpretation of _private.Mathlib.Tactic.Linter.Style.0.Mathlib.Linter.Style.setOption.setOptionLinter._lam_0._boxed took 0.0301ms
interpretation of _private.Mathlib.Tactic.Linter.Style.0.Mathlib.Linter.Style.missingEnd.missingEndLinter._lam_0._boxed took 0.0577ms
interpretation of _private.Mathlib.Tactic.Linter.Style.0.Mathlib.Linter.Style.cdotLinter._lam_0._boxed took 0.0195ms
interpretation of _private.Mathlib.Tactic.Linter.Style.0.Mathlib.Linter.Style.dollarSyntax.dollarSyntaxLinter._lam_0._boxed took 0.0173ms
interpretation of _private.Mathlib.Tactic.Linter.Style.0.Mathlib.Linter.Style.lambdaSyntax.lambdaSyntaxLinter._lam_0._boxed took 0.0161ms
interpretation of _private.Mathlib.Tactic.Linter.Style.0.Mathlib.Linter.Style.longFile.longFileLinter._lam_0._boxed took 0.0185ms
interpretation of _private.Mathlib.Tactic.Linter.Style.0.Mathlib.Linter.Style.longLine.longLineLinter._lam_0._boxed took 0.0174ms
interpretation of _private.Mathlib.Tactic.Linter.Style.0.Mathlib.Linter.Style.nameCheck.doubleUnderscore._lam_2._boxed took 0.288ms
interpretation of _private.Mathlib.Tactic.Linter.Style.0.Mathlib.Linter.Style.openClassical.openClassicalLinter._lam_0._boxed took 0.0203ms
interpretation of _private.Mathlib.Tactic.Linter.Whitespace.0.Mathlib.Linter.Style.Whitespace.whitespaceLinter._lam_4._boxed took 0.0266ms
tacticAnalysis took 5.95ms
interpretation of Mathlib.TacticAnalysis.tacticAnalysis._lam_1._boxed took 0.0968ms
interpretation of _private.Mathlib.Tactic.Linter.Lint.0.Mathlib.Linter.DupNamespaceLinter.dupNamespace._lam_1._boxed took 0.386ms
linting took 2.22ms
elaboration took 3.13ms
parsing took 0.89ms
attribute application took 0.0057ms
typeclass inference of CoeT took 1.58ms
instantiate metavars took 0.0022ms
instantiate metavars took 0.0009ms
typeclass inference of OfNat took 0.115ms
typeclass inference of Pure took 0.693ms
do element elaborator of Lean.Parser.Term.doReturn took 0.426ms
typeclass inference of Bind took 0.24ms
do element elaborator of Lean.Parser.Term.doExpr took 0.628ms
do element elaborator of Lean.Parser.Term.doLetArrow took 0.0485ms
do element elaborator of Lean.Parser.Term.doReturn took 0.0611ms
do element elaborator of Lean.Parser.Term.doLet took 0.132ms
do element elaborator of Lean.Parser.Term.doLet took 0.472ms
instantiate metavars took 0.0015ms
instantiate metavars took 0.001ms
instantiate metavars took 0.0006ms
instantiate metavars took 0.0006ms
instantiate metavars took 0.0006ms
share common exprs took 0.0759ms
fix level params took 0.0141ms
let-to-have transformation took 0.0048ms
let-to-have transformation took 0.264ms
type checking took 0.213ms
attribute application took 0.0042ms
compilation (LCNF base) took 1.6ms
compilation (LCNF mono) took 0.35ms
compilation (LCNF mono) took 0.336ms
compilation (LCNF impure) took 0.459ms
compilation (IR) took 0.169ms
attribute application took 0.0056ms
process pre-definitions took 3.81ms
interpretation of _private.Mathlib.Tactic.Linter.Header.0.Mathlib.Linter.Style.header.headerLinter._lam_3._boxed took 0.0841ms
interpretation of _private.Mathlib.Tactic.Linter.AuxLemma.0.Mathlib.Linter.AuxLemma.auxLemmaLinter._lam_1._boxed took 0.231ms
interpretation of _private.Mathlib.Tactic.Linter.DeprecatedSyntaxLinter.0.Mathlib.Linter.Style.deprecatedSyntaxLinter._lam_1._boxed took 0.0454ms
interpretation of _private.Mathlib.Tactic.Linter.DocPrime.0.Mathlib.Linter.DocPrime.docPrimeLinter._lam_3._boxed took 0.0253ms
interpretation of _private.Mathlib.Tactic.Linter.DocString.0.Mathlib.Linter.Style.docStringLinter._lam_0._boxed took 0.793ms
interpretation of _private.Mathlib.Tactic.Linter.DocString.0.Mathlib.Linter.Style.moduleDocVersoLinter._lam_0._boxed took 0.0296ms
interpretation of Mathlib.Linter.EmptyLine.emptyLineLinter._lam_2._boxed took 0.0232ms
interpretation of _private.Mathlib.Tactic.Linter.GlobalAttributeIn.0.Mathlib.Linter.globalAttributeInLinter.globalAttributeIn._lam_0._boxed took 0.327ms
interpretation of _private.Mathlib.Tactic.Linter.HashCommandLinter.0.Mathlib.Linter.HashCommandLinter.withSetOptionIn'._boxed took 0.0562ms
interpretation of _private.Mathlib.Tactic.Linter.FlexibleLinter.0.Mathlib.Linter.Flexible.flexibleLinter._lam_0._boxed took 0.0387ms
interpretation of _private.Mathlib.Tactic.Linter.Multigoal.0.Mathlib.Linter.Style.multiGoal.multiGoalLinter._lam_0._boxed took 0.0221ms
interpretation of _private.Mathlib.Tactic.Linter.OldObtain.0.Mathlib.Linter.Style.oldObtainLinter._lam_0._boxed took 0.0194ms
interpretation of Mathlib.Linter.UnusedInstancesInType.withSetBoolOptionIn._boxed took 0.0431ms
interpretation of Mathlib.Linter.UnusedInstancesInType.withSetBoolOptionIn._boxed took 0.0326ms
overlappingInstancesLinter took 0.201ms
interpretation of Mathlib.Linter.UnusedInstancesInType.withSetBoolOptionIn._boxed took 0.0806ms
interpretation of _private.Mathlib.Tactic.Linter.PrivateModule.0.Mathlib.Linter.privateModule._lam_1._boxed took 0.0432ms
interpretation of _private.Mathlib.Tactic.Linter.UnusedTactic.0.Mathlib.Linter.UnusedTactic.unusedTacticLinter._lam_0._boxed took 1.54ms
interpretation of _private.Mathlib.Tactic.Linter.Style.0.Mathlib.Linter.Style.setOption.setOptionLinter._lam_0._boxed took 0.0541ms
interpretation of _private.Mathlib.Tactic.Linter.Style.0.Mathlib.Linter.Style.missingEnd.missingEndLinter._lam_0._boxed took 0.0732ms
interpretation of _private.Mathlib.Tactic.Linter.Style.0.Mathlib.Linter.Style.cdotLinter._lam_0._boxed took 0.0388ms
interpretation of _private.Mathlib.Tactic.Linter.Style.0.Mathlib.Linter.Style.dollarSyntax.dollarSyntaxLinter._lam_0._boxed took 0.0298ms
interpretation of _private.Mathlib.Tactic.Linter.Style.0.Mathlib.Linter.Style.lambdaSyntax.lambdaSyntaxLinter._lam_0._boxed took 0.0712ms
interpretation of _private.Mathlib.Tactic.Linter.Style.0.Mathlib.Linter.Style.longFile.longFileLinter._lam_0._boxed took 0.0351ms
interpretation of _private.Mathlib.Tactic.Linter.Style.0.Mathlib.Linter.Style.longLine.longLineLinter._lam_0._boxed took 0.0286ms
interpretation of _private.Mathlib.Tactic.Linter.Style.0.Mathlib.Linter.Style.nameCheck.doubleUnderscore._lam_2._boxed took 0.435ms
interpretation of _private.Mathlib.Tactic.Linter.Style.0.Mathlib.Linter.Style.openClassical.openClassicalLinter._lam_0._boxed took 0.0373ms
interpretation of _private.Mathlib.Tactic.Linter.Whitespace.0.Mathlib.Linter.Style.Whitespace.whitespaceLinter._lam_4._boxed took 0.0422ms
tacticAnalysis took 1.65ms
interpretation of Mathlib.TacticAnalysis.tacticAnalysis._lam_1._boxed took 0.0947ms
interpretation of _private.Mathlib.Tactic.Linter.Lint.0.Mathlib.Linter.DupNamespaceLinter.dupNamespace._lam_1._boxed took 0.461ms
linting took 1.4ms
elaboration took 1.94ms
parsing took 1.41ms
attribute application took 0.0053ms
typeclass inference of CoeT took 1.64ms
instantiate metavars took 0.0056ms
instantiate metavars took 0.0011ms
typeclass inference of MonadControlT took 0.14ms
typeclass inference of Monad took 0.125ms
typeclass inference of ForIn took 1.13ms
typeclass inference of Pure took 1.11ms
typeclass inference of Bind took 0.275ms
do element elaborator of Lean.Parser.Term.doExpr took 1.09ms
type checking took 0.267ms
do element elaborator of Lean.Parser.Term.doMatch took 3.41ms
typeclass inference of Lean.MonadWithOptions took 0.191ms
typeclass inference of Lean.KVMap.Value took 0.121ms
typeclass inference of Lean.KVMap.Value took 0.0689ms
typeclass inference of Lean.MonadWithOptions took 0.796ms
typeclass inference of MonadLiftT took 1.56ms
typeclass inference of Pure took 0.654ms
typeclass inference of Pure took 0.0086ms
do element elaborator of Lean.Parser.Term.doExpr took 1.27ms
typeclass inference of Bind took 0.261ms
do element elaborator of Lean.Parser.Term.doExpr took 2.75ms
do element elaborator of Lean.Parser.Term.doLetArrow took 0.122ms
typeclass inference of Bind took 0.0094ms
do element elaborator of Lean.Parser.Term.doFor took 0.717ms
do element elaborator of Lean.Parser.Term.doNested took 0.0371ms
do element elaborator of Lean.Parser.Term.doFor took 0.0777ms
typeclass inference of MonadControlT took 0.741ms
typeclass inference of Monad took 0.0797ms
instantiate metavars took 0.01ms
instantiate metavars took 0.0012ms
instantiate metavars took 0.0007ms
instantiate metavars took 0.0007ms
instantiate metavars took 0.0006ms
share common exprs took 0.345ms
fix level params took 0.0612ms
let-to-have transformation took 0.006ms
let-to-have transformation took 0.0151ms
type checking took 0.695ms
attribute application took 0.0051ms
compilation (LCNF base) took 30ms
compilation (LCNF mono) took 6.94ms
compilation (LCNF mono) took 0.419ms
compilation (LCNF impure) took 0.374ms
compilation (IR) took 0.098ms
compilation (LCNF mono) took 0.867ms
compilation (LCNF impure) took 0.573ms
compilation (IR) took 0.112ms
compilation (LCNF mono) took 0.153ms
compilation (LCNF impure) took 0.176ms
compilation (IR) took 0.0598ms
compilation (LCNF mono) took 0.416ms
compilation (LCNF impure) took 0.409ms
compilation (IR) took 0.949ms
compilation (LCNF mono) took 0.586ms
compilation (LCNF impure) took 0.531ms
compilation (IR) took 0.116ms
compilation (LCNF mono) took 0.377ms
compilation (LCNF impure) took 0.249ms
compilation (IR) took 0.0608ms
compilation (LCNF mono) took 2.57ms
compilation (LCNF impure) took 2.71ms
compilation (IR) took 1.37ms
compilation (LCNF mono) took 0.46ms
compilation (LCNF impure) took 0.412ms
compilation (IR) took 0.2ms
compilation (LCNF mono) took 0.156ms
compilation (LCNF impure) took 0.228ms
compilation (IR) took 0.0541ms
attribute application took 0.0059ms
process pre-definitions took 13.7ms
interpretation of _private.Mathlib.Tactic.Linter.Header.0.Mathlib.Linter.Style.header.headerLinter._lam_3._boxed took 0.0617ms
interpretation of _private.Mathlib.Tactic.Linter.AuxLemma.0.Mathlib.Linter.AuxLemma.auxLemmaLinter._lam_1._boxed took 0.232ms
interpretation of _private.Mathlib.Tactic.Linter.DeprecatedSyntaxLinter.0.Mathlib.Linter.Style.deprecatedSyntaxLinter._lam_1._boxed took 0.044ms
interpretation of _private.Mathlib.Tactic.Linter.DocPrime.0.Mathlib.Linter.DocPrime.docPrimeLinter._lam_3._boxed took 0.0247ms
interpretation of _private.Mathlib.Tactic.Linter.DocString.0.Mathlib.Linter.Style.docStringLinter._lam_0._boxed took 0.681ms
interpretation of _private.Mathlib.Tactic.Linter.DocString.0.Mathlib.Linter.Style.moduleDocVersoLinter._lam_0._boxed took 0.0383ms
interpretation of Mathlib.Linter.EmptyLine.emptyLineLinter._lam_2._boxed took 0.0255ms
interpretation of _private.Mathlib.Tactic.Linter.GlobalAttributeIn.0.Mathlib.Linter.globalAttributeInLinter.globalAttributeIn._lam_0._boxed took 0.422ms
interpretation of _private.Mathlib.Tactic.Linter.HashCommandLinter.0.Mathlib.Linter.HashCommandLinter.withSetOptionIn'._boxed took 0.0593ms
interpretation of _private.Mathlib.Tactic.Linter.FlexibleLinter.0.Mathlib.Linter.Flexible.flexibleLinter._lam_0._boxed took 0.0274ms
interpretation of _private.Mathlib.Tactic.Linter.Multigoal.0.Mathlib.Linter.Style.multiGoal.multiGoalLinter._lam_0._boxed took 0.0227ms
interpretation of _private.Mathlib.Tactic.Linter.OldObtain.0.Mathlib.Linter.Style.oldObtainLinter._lam_0._boxed took 0.0212ms
interpretation of Mathlib.Linter.UnusedInstancesInType.withSetBoolOptionIn._boxed took 0.0562ms
interpretation of Mathlib.Linter.UnusedInstancesInType.withSetBoolOptionIn._boxed took 0.0351ms
overlappingInstancesLinter took 0.338ms
interpretation of Mathlib.Linter.UnusedInstancesInType.withSetBoolOptionIn._boxed took 0.149ms
interpretation of _private.Mathlib.Tactic.Linter.PrivateModule.0.Mathlib.Linter.privateModule._lam_1._boxed took 0.072ms
interpretation of _private.Mathlib.Tactic.Linter.UnusedTactic.0.Mathlib.Linter.UnusedTactic.unusedTacticLinter._lam_0._boxed took 1.98ms
interpretation of _private.Mathlib.Tactic.Linter.Style.0.Mathlib.Linter.Style.setOption.setOptionLinter._lam_0._boxed took 0.0456ms
interpretation of _private.Mathlib.Tactic.Linter.Style.0.Mathlib.Linter.Style.missingEnd.missingEndLinter._lam_0._boxed took 0.0729ms
interpretation of _private.Mathlib.Tactic.Linter.Style.0.Mathlib.Linter.Style.cdotLinter._lam_0._boxed took 0.0338ms
interpretation of _private.Mathlib.Tactic.Linter.Style.0.Mathlib.Linter.Style.dollarSyntax.dollarSyntaxLinter._lam_0._boxed took 0.0265ms
interpretation of _private.Mathlib.Tactic.Linter.Style.0.Mathlib.Linter.Style.lambdaSyntax.lambdaSyntaxLinter._lam_0._boxed took 0.0261ms
interpretation of _private.Mathlib.Tactic.Linter.Style.0.Mathlib.Linter.Style.longFile.longFileLinter._lam_0._boxed took 0.0284ms
interpretation of _private.Mathlib.Tactic.Linter.Style.0.Mathlib.Linter.Style.longLine.longLineLinter._lam_0._boxed took 0.0265ms
interpretation of _private.Mathlib.Tactic.Linter.Style.0.Mathlib.Linter.Style.nameCheck.doubleUnderscore._lam_2._boxed took 0.394ms
interpretation of _private.Mathlib.Tactic.Linter.Style.0.Mathlib.Linter.Style.openClassical.openClassicalLinter._lam_0._boxed took 0.0319ms
interpretation of _private.Mathlib.Tactic.Linter.Whitespace.0.Mathlib.Linter.Style.Whitespace.whitespaceLinter._lam_4._boxed took 0.0381ms
tacticAnalysis took 2.37ms
interpretation of Mathlib.TacticAnalysis.tacticAnalysis._lam_1._boxed took 0.082ms
interpretation of _private.Mathlib.Tactic.Linter.Lint.0.Mathlib.Linter.DupNamespaceLinter.dupNamespace._lam_1._boxed took 0.426ms
linting took 1.49ms
elaboration took 3ms
parsing took 0.0751ms
interpretation of _private.Mathlib.Tactic.Linter.Header.0.Mathlib.Linter.Style.header.headerLinter._lam_3._boxed took 0.0469ms
interpretation of _private.Mathlib.Tactic.Linter.AuxLemma.0.Mathlib.Linter.AuxLemma.auxLemmaLinter._lam_1._boxed took 0.101ms
interpretation of _private.Mathlib.Tactic.Linter.DeprecatedSyntaxLinter.0.Mathlib.Linter.Style.deprecatedSyntaxLinter._lam_1._boxed took 0.0407ms
interpretation of _private.Mathlib.Tactic.Linter.DocPrime.0.Mathlib.Linter.DocPrime.docPrimeLinter._lam_3._boxed took 0.0236ms
interpretation of _private.Mathlib.Tactic.Linter.DocString.0.Mathlib.Linter.Style.docStringLinter._lam_0._boxed took 0.103ms
interpretation of _private.Mathlib.Tactic.Linter.DocString.0.Mathlib.Linter.Style.moduleDocVersoLinter._lam_0._boxed took 0.027ms
interpretation of Mathlib.Linter.EmptyLine.emptyLineLinter._lam_2._boxed took 0.023ms
interpretation of _private.Mathlib.Tactic.Linter.GlobalAttributeIn.0.Mathlib.Linter.globalAttributeInLinter.globalAttributeIn._lam_0._boxed took 0.0887ms
interpretation of _private.Mathlib.Tactic.Linter.HashCommandLinter.0.Mathlib.Linter.HashCommandLinter.withSetOptionIn'._boxed took 0.0471ms
interpretation of _private.Mathlib.Tactic.Linter.FlexibleLinter.0.Mathlib.Linter.Flexible.flexibleLinter._lam_0._boxed took 0.0265ms
interpretation of _private.Mathlib.Tactic.Linter.Multigoal.0.Mathlib.Linter.Style.multiGoal.multiGoalLinter._lam_0._boxed took 0.022ms
interpretation of _private.Mathlib.Tactic.Linter.OldObtain.0.Mathlib.Linter.Style.oldObtainLinter._lam_0._boxed took 0.0191ms
interpretation of Mathlib.Linter.UnusedInstancesInType.withSetBoolOptionIn._boxed took 0.0438ms
interpretation of Mathlib.Linter.UnusedInstancesInType.withSetBoolOptionIn._boxed took 0.0348ms
overlappingInstancesLinter took 0.0452ms
interpretation of Mathlib.Linter.UnusedInstancesInType.withSetBoolOptionIn._boxed took 0.0745ms
interpretation of _private.Mathlib.Tactic.Linter.PrivateModule.0.Mathlib.Linter.privateModule._lam_1._boxed took 0.0196ms
interpretation of _private.Mathlib.Tactic.Linter.UnusedTactic.0.Mathlib.Linter.UnusedTactic.unusedTacticLinter._lam_0._boxed took 0.385ms
interpretation of _private.Mathlib.Tactic.Linter.Style.0.Mathlib.Linter.Style.setOption.setOptionLinter._lam_0._boxed took 0.0244ms
interpretation of _private.Mathlib.Tactic.Linter.Style.0.Mathlib.Linter.Style.missingEnd.missingEndLinter._lam_0._boxed took 0.0368ms
interpretation of _private.Mathlib.Tactic.Linter.Style.0.Mathlib.Linter.Style.cdotLinter._lam_0._boxed took 0.0199ms
interpretation of _private.Mathlib.Tactic.Linter.Style.0.Mathlib.Linter.Style.dollarSyntax.dollarSyntaxLinter._lam_0._boxed took 0.0175ms
interpretation of _private.Mathlib.Tactic.Linter.Style.0.Mathlib.Linter.Style.lambdaSyntax.lambdaSyntaxLinter._lam_0._boxed took 0.0172ms
interpretation of _private.Mathlib.Tactic.Linter.Style.0.Mathlib.Linter.Style.longFile.longFileLinter._lam_0._boxed took 0.0203ms
interpretation of _private.Mathlib.Tactic.Linter.Style.0.Mathlib.Linter.Style.longLine.longLineLinter._lam_0._boxed took 0.0174ms
interpretation of _private.Mathlib.Tactic.Linter.Style.0.Mathlib.Linter.Style.nameCheck.doubleUnderscore._lam_2._boxed took 0.129ms
interpretation of _private.Mathlib.Tactic.Linter.Style.0.Mathlib.Linter.Style.openClassical.openClassicalLinter._lam_0._boxed took 0.0204ms
interpretation of _private.Mathlib.Tactic.Linter.Whitespace.0.Mathlib.Linter.Style.Whitespace.whitespaceLinter._lam_4._boxed took 0.0249ms
tacticAnalysis took 0.25ms
interpretation of Mathlib.TacticAnalysis.tacticAnalysis._lam_1._boxed took 0.0524ms
interpretation of _private.Mathlib.Tactic.Linter.Lint.0.Mathlib.Linter.DupNamespaceLinter.dupNamespace._lam_1._boxed took 0.151ms
linting took 0.738ms
elaboration took 0.352ms
parsing took 0.761ms
attribute application took 0.0053ms
type checking took 0.232ms
type checking took 0.111ms
type checking took 0.138ms
type checking took 0.0267ms
type checking took 0.181ms
type checking took 0.386ms
type checking took 0.311ms
typeclass inference of OfNat took 0.152ms
typeclass inference of SizeOf took 0.0725ms
typeclass inference of HAdd took 0.369ms
typeclass inference of SizeOf took 0.0897ms
typeclass inference of HAdd took 0.0152ms
typeclass inference of SizeOf took 0.0656ms
typeclass inference of HAdd took 0.0126ms
typeclass inference of SizeOf took 0.0118ms
typeclass inference of HAdd took 0.0119ms
typeclass inference of SizeOf took 0.572ms
typeclass inference of HAdd took 0.0098ms
typeclass inference of SizeOf took 0.273ms
typeclass inference of HAdd took 0.0107ms
typeclass inference of SizeOf took 0.0125ms
typeclass inference of HAdd took 0.0125ms
typeclass inference of SizeOf took 0.0165ms
typeclass inference of HAdd took 0.0115ms
type checking took 0.325ms
type checking took 0.0414ms
typeclass inference of OfNat took 0.22ms
typeclass inference of SizeOf took 0.115ms
typeclass inference of HAdd took 0.405ms
typeclass inference of SizeOf took 0.0724ms
typeclass inference of HAdd took 0.0186ms
typeclass inference of SizeOf took 0.0574ms
typeclass inference of HAdd took 0.0088ms
typeclass inference of SizeOf took 0.0112ms
typeclass inference of HAdd took 0.0076ms
typeclass inference of SizeOf took 0.483ms
typeclass inference of HAdd took 0.0094ms
typeclass inference of SizeOf took 0.253ms
typeclass inference of HAdd took 0.0102ms
typeclass inference of SizeOf took 0.0113ms
typeclass inference of HAdd took 0.0083ms
typeclass inference of SizeOf took 0.0104ms
typeclass inference of HAdd took 0.0077ms
type checking took 0.621ms
congr simp thm took 0.0112ms
congr simp thm took 0.0743ms
simp took 0.464ms
simp took 0.0283ms
type checking took 1.26ms
type checking took 1.11ms
type checking took 0.0418ms
type checking took 0.0348ms
type checking took 0.0429ms
type checking took 0.0343ms
type checking took 0.0372ms
type checking took 0.0414ms
type checking took 0.0337ms
type checking took 0.0392ms
type checking took 0.0655ms
attribute application took 0.0051ms
attribute application took 0.0028ms
interpretation of _private.Mathlib.Tactic.Linter.Header.0.Mathlib.Linter.Style.header.headerLinter._lam_3._boxed took 0.0658ms
interpretation of _private.Mathlib.Tactic.Linter.AuxLemma.0.Mathlib.Linter.AuxLemma.auxLemmaLinter._lam_1._boxed took 0.217ms
interpretation of _private.Mathlib.Tactic.Linter.DeprecatedSyntaxLinter.0.Mathlib.Linter.Style.deprecatedSyntaxLinter._lam_1._boxed took 0.0556ms
interpretation of _private.Mathlib.Tactic.Linter.DocPrime.0.Mathlib.Linter.DocPrime.docPrimeLinter._lam_3._boxed took 0.0253ms
interpretation of _private.Mathlib.Tactic.Linter.DocString.0.Mathlib.Linter.Style.docStringLinter._lam_0._boxed took 1.77ms
interpretation of _private.Mathlib.Tactic.Linter.DocString.0.Mathlib.Linter.Style.moduleDocVersoLinter._lam_0._boxed took 0.0405ms
interpretation of Mathlib.Linter.EmptyLine.emptyLineLinter._lam_2._boxed took 0.0259ms
interpretation of _private.Mathlib.Tactic.Linter.GlobalAttributeIn.0.Mathlib.Linter.globalAttributeInLinter.globalAttributeIn._lam_0._boxed took 0.55ms
interpretation of _private.Mathlib.Tactic.Linter.HashCommandLinter.0.Mathlib.Linter.HashCommandLinter.withSetOptionIn'._boxed took 0.0905ms
interpretation of _private.Mathlib.Tactic.Linter.FlexibleLinter.0.Mathlib.Linter.Flexible.flexibleLinter._lam_0._boxed took 0.0443ms
interpretation of _private.Mathlib.Tactic.Linter.Multigoal.0.Mathlib.Linter.Style.multiGoal.multiGoalLinter._lam_0._boxed took 0.04ms
interpretation of _private.Mathlib.Tactic.Linter.OldObtain.0.Mathlib.Linter.Style.oldObtainLinter._lam_0._boxed took 0.041ms
interpretation of Mathlib.Linter.UnusedInstancesInType.withSetBoolOptionIn._boxed took 0.0824ms
interpretation of Mathlib.Linter.UnusedInstancesInType.withSetBoolOptionIn._boxed took 0.0576ms
overlappingInstancesLinter took 0.109ms
interpretation of Mathlib.Linter.UnusedInstancesInType.withSetBoolOptionIn._boxed took 0.121ms
interpretation of _private.Mathlib.Tactic.Linter.PrivateModule.0.Mathlib.Linter.privateModule._lam_1._boxed took 0.0345ms
interpretation of _private.Mathlib.Tactic.Linter.UnusedTactic.0.Mathlib.Linter.UnusedTactic.unusedTacticLinter._lam_0._boxed took 1.62ms
interpretation of _private.Mathlib.Tactic.Linter.Style.0.Mathlib.Linter.Style.setOption.setOptionLinter._lam_0._boxed took 0.0341ms
interpretation of _private.Mathlib.Tactic.Linter.Style.0.Mathlib.Linter.Style.missingEnd.missingEndLinter._lam_0._boxed took 0.0429ms
interpretation of _private.Mathlib.Tactic.Linter.Style.0.Mathlib.Linter.Style.cdotLinter._lam_0._boxed took 0.0225ms
interpretation of _private.Mathlib.Tactic.Linter.Style.0.Mathlib.Linter.Style.dollarSyntax.dollarSyntaxLinter._lam_0._boxed took 0.0213ms
interpretation of _private.Mathlib.Tactic.Linter.Style.0.Mathlib.Linter.Style.lambdaSyntax.lambdaSyntaxLinter._lam_0._boxed took 0.0178ms
interpretation of _private.Mathlib.Tactic.Linter.Style.0.Mathlib.Linter.Style.longFile.longFileLinter._lam_0._boxed took 0.0208ms
interpretation of _private.Mathlib.Tactic.Linter.Style.0.Mathlib.Linter.Style.longLine.longLineLinter._lam_0._boxed took 0.0185ms
interpretation of _private.Mathlib.Tactic.Linter.Style.0.Mathlib.Linter.Style.nameCheck.doubleUnderscore._lam_2._boxed took 0.263ms
interpretation of _private.Mathlib.Tactic.Linter.Style.0.Mathlib.Linter.Style.openClassical.openClassicalLinter._lam_0._boxed took 0.0218ms
interpretation of _private.Mathlib.Tactic.Linter.Whitespace.0.Mathlib.Linter.Style.Whitespace.whitespaceLinter._lam_4._boxed took 0.0277ms
tacticAnalysis took 0.721ms
interpretation of Mathlib.TacticAnalysis.tacticAnalysis._lam_1._boxed took 0.0772ms
interpretation of _private.Mathlib.Tactic.Linter.Lint.0.Mathlib.Linter.DupNamespaceLinter.dupNamespace._lam_1._boxed took 0.443ms
linting took 1.28ms
elaboration took 15.7ms
parsing took 3.78ms
attribute application took 0.0064ms
instantiate metavars took 0.0093ms
instantiate metavars took 0.0012ms
typeclass inference of MonadLiftT took 1.64ms
typeclass inference of ForIn took 2.66ms
typeclass inference of CoeT took 1.49ms
typeclass inference of Decidable took 0.245ms
typeclass inference of Monad took 0.14ms
typeclass inference of Lean.MonadMCtx took 0.0813ms
typeclass inference of Monad took 0.0928ms
typeclass inference of Lean.MonadMCtx took 0.0784ms
typeclass inference of CoeT took 2.21ms
typeclass inference of Pure took 0.737ms
do element elaborator of Lean.Parser.Term.doReassign took 0.664ms
typeclass inference of Bind took 0.264ms
do element elaborator of Lean.Parser.Term.doExpr took 1.18ms
do element elaborator of Lean.Parser.Term.doLetArrow took 0.0708ms
typeclass inference of Bind took 0.0113ms
do element elaborator of Lean.Parser.Term.doExpr took 0.915ms
do element elaborator of Lean.Parser.Term.doLetArrow took 0.0589ms
typeclass inference of Bind took 0.0101ms
do element elaborator of Lean.Parser.Term.doExpr took 0.729ms
do element elaborator of Lean.Parser.Term.doLetArrow took 0.0571ms
do element elaborator of Lean.Parser.Term.doLetArrow took 0.0582ms
typeclass inference of Pure took 0.0079ms
do element elaborator of Lean.Parser.Term.InternalSyntax.doSkip took 0.0966ms
do element elaborator of Lean.Parser.Term.doIf took 1.62ms
do element elaborator of Lean.Parser.Term.doIf took 0.0697ms
do element elaborator of Lean.Parser.Term.doMatch took 5.42ms
typeclass inference of Monad took 0.181ms
typeclass inference of Lean.MonadEnv took 0.902ms
typeclass inference of Lean.MonadError took 0.567ms
typeclass inference of Monad took 0.0155ms
typeclass inference of Lean.MonadEnv took 0.123ms
typeclass inference of Lean.MonadError took 4.29ms
typeclass inference of CoeT took 2.41ms
typeclass inference of Monad took 0.169ms
typeclass inference of Lean.MonadEnv took 0.0808ms
typeclass inference of Lean.MonadError took 0.248ms
typeclass inference of Monad took 0.0124ms
typeclass inference of Lean.MonadEnv took 0.0105ms
typeclass inference of Lean.MonadError took 0.0112ms
typeclass inference of Pure took 0.0115ms
do element elaborator of Lean.Parser.Term.doReturn took 0.808ms
do element elaborator of Lean.Parser.Term.doLet took 0.279ms
typeclass inference of Bind took 0.0136ms
do element elaborator of Lean.Parser.Term.doExpr took 1.22ms
do element elaborator of Lean.Parser.Term.doLetArrow took 0.0534ms
do element elaborator of Lean.Parser.Term.doLet took 0.051ms
do element elaborator of Lean.Parser.Term.doLet took 0.211ms
typeclass inference of Bind took 0.0133ms
do element elaborator of Lean.Parser.Term.doExpr took 1.21ms
do element elaborator of Lean.Parser.Term.doLetArrow took 0.124ms
typeclass inference of Bind took 0.0122ms
do element elaborator of Lean.Parser.Term.doExpr took 1.53ms
do element elaborator of Lean.Parser.Term.doLetArrow took 0.0692ms
do element elaborator of Lean.Parser.Term.doLet took 0.132ms
typeclass inference of Pure took 0.075ms
do element elaborator of Lean.Parser.Term.doReturn took 1.74ms
typeclass inference of Bind took 0.0284ms
do element elaborator of Lean.Parser.Term.doExpr took 1.67ms
do element elaborator of Lean.Parser.Term.doLetArrow took 0.153ms
typeclass inference of Bind took 0.0197ms
do element elaborator of Lean.Parser.Term.doExpr took 4.85ms
do element elaborator of Lean.Parser.Term.doLetArrow took 0.114ms
typeclass inference of ToString took 0.273ms
typeclass inference of ToString took 0.134ms
type checking took 1.22ms
type checking took 0.314ms
type checking took 0.248ms
do element elaborator of Lean.Parser.Term.doMatch took 13.1ms
typeclass inference of Bind took 0.501ms
do element elaborator of Lean.Parser.Term.doFor took 1.76ms
do element elaborator of Lean.Parser.Term.doNested took 0.134ms
do element elaborator of Lean.Parser.Term.doFor took 0.135ms
do element elaborator of Lean.Parser.Term.doLet took 2.34ms
do element elaborator of Lean.Parser.Term.doLet took 1.46ms
typeclass inference of Bind took 0.0177ms
do element elaborator of Lean.Parser.Term.doExpr took 2.03ms
do element elaborator of Lean.Parser.Term.doLetArrow took 0.121ms
do element elaborator of Lean.Parser.Term.doLet took 0.137ms
typeclass inference of Bind took 0.0168ms
do element elaborator of Lean.Parser.Term.doExpr took 1.47ms
do element elaborator of Lean.Parser.Term.doLetArrow took 0.0809ms
typeclass inference of Bind took 0.0119ms
do element elaborator of Lean.Parser.Term.doExpr took 1.01ms
do element elaborator of Lean.Parser.Term.doLetArrow took 0.0796ms
instantiate metavars took 0.0726ms
instantiate metavars took 0.0015ms
instantiate metavars took 0.0006ms
instantiate metavars took 0.0008ms
instantiate metavars took 0.0005ms
share common exprs took 0.49ms
fix level params took 0.0493ms
let-to-have transformation took 0.0066ms
let-to-have transformation took 1.8ms
type checking took 1.35ms
attribute application took 0.0086ms
compilation (LCNF base) took 63.2ms
compilation (LCNF mono) took 16.7ms
compilation (LCNF mono) took 0.654ms
compilation (LCNF impure) took 0.717ms
compilation (IR) took 0.148ms
compilation (LCNF mono) took 3.74ms
compilation (LCNF impure) took 1.92ms
compilation (IR) took 1.26ms
compilation (LCNF mono) took 0.642ms
compilation (LCNF impure) took 0.535ms
compilation (IR) took 0.122ms
compilation (LCNF mono) took 0.651ms
compilation (LCNF impure) took 0.467ms
compilation (IR) took 0.119ms
compilation (LCNF mono) took 1.08ms
compilation (LCNF impure) took 0.636ms
compilation (IR) took 0.111ms
compilation (LCNF mono) took 0.365ms
compilation (LCNF impure) took 0.277ms
compilation (IR) took 0.0461ms
compilation (LCNF mono) took 0.489ms
compilation (LCNF impure) took 0.499ms
compilation (IR) took 0.0992ms
compilation (LCNF mono) took 0.359ms
compilation (LCNF impure) took 0.309ms
compilation (IR) took 0.082ms
compilation (LCNF mono) took 0.98ms
compilation (LCNF impure) took 0.597ms
compilation (IR) took 0.139ms
compilation (LCNF mono) took 0.67ms
compilation (LCNF impure) took 0.578ms
compilation (IR) took 0.129ms
compilation (LCNF mono) took 1.2ms
compilation (LCNF impure) took 1.46ms
compilation (IR) took 1.99ms
compilation (LCNF mono) took 2.83ms
compilation (LCNF impure) took 3.06ms
compilation (IR) took 0.842ms
compilation (LCNF mono) took 0.261ms
compilation (LCNF impure) took 0.246ms
compilation (IR) took 0.0422ms
compilation (LCNF mono) took 0.185ms
compilation (LCNF impure) took 0.185ms
compilation (IR) took 0.0455ms
compilation (LCNF mono) took 0.172ms
compilation (LCNF impure) took 0.369ms
compilation (IR) took 0.0496ms
compilation (LCNF mono) took 0.221ms
compilation (LCNF impure) took 0.36ms
compilation (IR) took 0.063ms
compilation (LCNF mono) took 0.4ms
compilation (LCNF impure) took 0.312ms
compilation (IR) took 0.176ms
attribute application took 0.0268ms
process pre-definitions took 38.7ms
interpretation of _private.Mathlib.Tactic.Linter.Header.0.Mathlib.Linter.Style.header.headerLinter._lam_3._boxed took 0.34ms
interpretation of _private.Mathlib.Tactic.Linter.AuxLemma.0.Mathlib.Linter.AuxLemma.auxLemmaLinter._lam_1._boxed took 1.73ms
interpretation of _private.Mathlib.Tactic.Linter.DeprecatedSyntaxLinter.0.Mathlib.Linter.Style.deprecatedSyntaxLinter._lam_1._boxed took 0.375ms
interpretation of _private.Mathlib.Tactic.Linter.DocPrime.0.Mathlib.Linter.DocPrime.docPrimeLinter._lam_3._boxed took 0.124ms
interpretation of _private.Mathlib.Tactic.Linter.DocString.0.Mathlib.Linter.Style.docStringLinter._lam_0._boxed took 2.4ms
interpretation of _private.Mathlib.Tactic.Linter.DocString.0.Mathlib.Linter.Style.moduleDocVersoLinter._lam_0._boxed took 0.0417ms
interpretation of Mathlib.Linter.EmptyLine.emptyLineLinter._lam_2._boxed took 0.0306ms
interpretation of _private.Mathlib.Tactic.Linter.GlobalAttributeIn.0.Mathlib.Linter.globalAttributeInLinter.globalAttributeIn._lam_0._boxed took 1.4ms
interpretation of _private.Mathlib.Tactic.Linter.HashCommandLinter.0.Mathlib.Linter.HashCommandLinter.withSetOptionIn'._boxed took 0.131ms
interpretation of _private.Mathlib.Tactic.Linter.FlexibleLinter.0.Mathlib.Linter.Flexible.flexibleLinter._lam_0._boxed took 0.0313ms
interpretation of _private.Mathlib.Tactic.Linter.Multigoal.0.Mathlib.Linter.Style.multiGoal.multiGoalLinter._lam_0._boxed took 0.025ms
interpretation of _private.Mathlib.Tactic.Linter.OldObtain.0.Mathlib.Linter.Style.oldObtainLinter._lam_0._boxed took 0.0217ms
interpretation of Mathlib.Linter.UnusedInstancesInType.withSetBoolOptionIn._boxed took 0.0854ms
interpretation of Mathlib.Linter.UnusedInstancesInType.withSetBoolOptionIn._boxed took 0.0375ms
overlappingInstancesLinter took 0.428ms
interpretation of Mathlib.Linter.UnusedInstancesInType.withSetBoolOptionIn._boxed took 0.0937ms
interpretation of _private.Mathlib.Tactic.Linter.PrivateModule.0.Mathlib.Linter.privateModule._lam_1._boxed took 0.0241ms
interpretation of _private.Mathlib.Tactic.Linter.UnusedTactic.0.Mathlib.Linter.UnusedTactic.unusedTacticLinter._lam_0._boxed took 3.25ms
interpretation of _private.Mathlib.Tactic.Linter.Style.0.Mathlib.Linter.Style.setOption.setOptionLinter._lam_0._boxed took 0.0696ms
interpretation of _private.Mathlib.Tactic.Linter.Style.0.Mathlib.Linter.Style.missingEnd.missingEndLinter._lam_0._boxed took 0.0863ms
interpretation of _private.Mathlib.Tactic.Linter.Style.0.Mathlib.Linter.Style.cdotLinter._lam_0._boxed took 0.0242ms
interpretation of _private.Mathlib.Tactic.Linter.Style.0.Mathlib.Linter.Style.dollarSyntax.dollarSyntaxLinter._lam_0._boxed took 0.0188ms
interpretation of _private.Mathlib.Tactic.Linter.Style.0.Mathlib.Linter.Style.lambdaSyntax.lambdaSyntaxLinter._lam_0._boxed took 0.0184ms
interpretation of _private.Mathlib.Tactic.Linter.Style.0.Mathlib.Linter.Style.longFile.longFileLinter._lam_0._boxed took 0.0286ms
interpretation of _private.Mathlib.Tactic.Linter.Style.0.Mathlib.Linter.Style.longLine.longLineLinter._lam_0._boxed took 0.0196ms
interpretation of _private.Mathlib.Tactic.Linter.Style.0.Mathlib.Linter.Style.nameCheck.doubleUnderscore._lam_2._boxed took 0.464ms
interpretation of _private.Mathlib.Tactic.Linter.Style.0.Mathlib.Linter.Style.openClassical.openClassicalLinter._lam_0._boxed took 0.0243ms
interpretation of _private.Mathlib.Tactic.Linter.Whitespace.0.Mathlib.Linter.Style.Whitespace.whitespaceLinter._lam_4._boxed took 0.0289ms
tacticAnalysis took 5.72ms
interpretation of Mathlib.TacticAnalysis.tacticAnalysis._lam_1._boxed took 0.134ms
interpretation of _private.Mathlib.Tactic.Linter.Lint.0.Mathlib.Linter.DupNamespaceLinter.dupNamespace._lam_1._boxed took 0.578ms
linting took 4.61ms
elaboration took 5.5ms
parsing took 0.431ms
attribute application took 0.0062ms
type checking took 0.178ms
type checking took 0.0772ms
type checking took 0.0664ms
type checking took 0.0547ms
compilation (LCNF base) took 0.346ms
compilation (LCNF mono) took 0.112ms
compilation (LCNF mono) took 0.182ms
compilation (LCNF impure) took 0.327ms
compilation (IR) took 0.0697ms
type checking took 0.139ms
type checking took 0.768ms
compilation (LCNF base) took 0.724ms
compilation (LCNF mono) took 0.19ms
compilation (LCNF mono) took 0.125ms
compilation (LCNF impure) took 0.244ms
compilation (IR) took 0.0753ms
compilation (LCNF mono) took 0.17ms
compilation (LCNF impure) took 0.239ms
compilation (IR) took 0.0602ms
type checking took 0.206ms
compilation (LCNF base) took 0.289ms
compilation (LCNF mono) took 0.115ms
compilation (LCNF mono) took 0.0872ms
compilation (LCNF impure) took 0.148ms
compilation (IR) took 0.0453ms
compilation (LCNF mono) took 0.0765ms
compilation (LCNF impure) took 0.145ms
compilation (IR) took 0.0406ms
type checking took 0.204ms
compilation (LCNF base) took 0.273ms
compilation (LCNF mono) took 0.111ms
compilation (LCNF mono) took 0.0736ms
compilation (LCNF impure) took 0.132ms
compilation (IR) took 0.0393ms
compilation (LCNF mono) took 0.0709ms
compilation (LCNF impure) took 0.135ms
compilation (IR) took 0.0341ms
type checking took 0.245ms
compilation (LCNF base) took 0.314ms
compilation (LCNF mono) took 0.152ms
compilation (LCNF mono) took 0.108ms
compilation (LCNF impure) took 0.194ms
compilation (IR) took 0.0684ms
compilation (LCNF mono) took 0.108ms
compilation (LCNF impure) took 0.144ms
compilation (IR) took 0.0375ms
typeclass inference of DecidableEq took 0.344ms
type checking took 0.0787ms
typeclass inference of DecidableEq took 0.273ms
type checking took 0.355ms
typeclass inference of OfNat took 0.134ms
typeclass inference of OfNat took 0.0134ms
typeclass inference of OfNat took 0.0101ms
type checking took 0.0756ms
type checking took 0.0535ms
typeclass inference of OfNat took 0.128ms
type checking took 0.19ms
congr simp thm took 0.0166ms
simp took 0.3ms
simp took 0.0368ms
typeclass inference of OfNat took 0.19ms
type checking took 0.2ms
congr simp thm took 0.0132ms
simp took 0.271ms
simp took 0.04ms
typeclass inference of OfNat took 0.176ms
type checking took 0.152ms
congr simp thm took 0.0097ms
simp took 0.292ms
simp took 0.0281ms
attribute application took 0.005ms
attribute application took 0.0028ms
interpretation of _private.Mathlib.Tactic.Linter.Header.0.Mathlib.Linter.Style.header.headerLinter._lam_3._boxed took 0.0811ms
interpretation of _private.Mathlib.Tactic.Linter.AuxLemma.0.Mathlib.Linter.AuxLemma.auxLemmaLinter._lam_1._boxed took 0.143ms
interpretation of _private.Mathlib.Tactic.Linter.DeprecatedSyntaxLinter.0.Mathlib.Linter.Style.deprecatedSyntaxLinter._lam_1._boxed took 0.0523ms
interpretation of _private.Mathlib.Tactic.Linter.DocPrime.0.Mathlib.Linter.DocPrime.docPrimeLinter._lam_3._boxed took 0.0341ms
interpretation of _private.Mathlib.Tactic.Linter.DocString.0.Mathlib.Linter.Style.docStringLinter._lam_0._boxed took 0.549ms
interpretation of _private.Mathlib.Tactic.Linter.DocString.0.Mathlib.Linter.Style.moduleDocVersoLinter._lam_0._boxed took 0.0305ms
interpretation of Mathlib.Linter.EmptyLine.emptyLineLinter._lam_2._boxed took 0.0363ms
interpretation of _private.Mathlib.Tactic.Linter.GlobalAttributeIn.0.Mathlib.Linter.globalAttributeInLinter.globalAttributeIn._lam_0._boxed took 0.232ms
interpretation of _private.Mathlib.Tactic.Linter.HashCommandLinter.0.Mathlib.Linter.HashCommandLinter.withSetOptionIn'._boxed took 0.0774ms
interpretation of _private.Mathlib.Tactic.Linter.FlexibleLinter.0.Mathlib.Linter.Flexible.flexibleLinter._lam_0._boxed took 0.03ms
interpretation of _private.Mathlib.Tactic.Linter.Multigoal.0.Mathlib.Linter.Style.multiGoal.multiGoalLinter._lam_0._boxed took 0.0237ms
interpretation of _private.Mathlib.Tactic.Linter.OldObtain.0.Mathlib.Linter.Style.oldObtainLinter._lam_0._boxed took 0.0214ms
interpretation of Mathlib.Linter.UnusedInstancesInType.withSetBoolOptionIn._boxed took 0.0568ms
interpretation of Mathlib.Linter.UnusedInstancesInType.withSetBoolOptionIn._boxed took 0.0414ms
overlappingInstancesLinter took 0.0981ms
interpretation of Mathlib.Linter.UnusedInstancesInType.withSetBoolOptionIn._boxed took 0.0959ms
interpretation of _private.Mathlib.Tactic.Linter.PrivateModule.0.Mathlib.Linter.privateModule._lam_1._boxed took 0.0221ms
interpretation of _private.Mathlib.Tactic.Linter.UnusedTactic.0.Mathlib.Linter.UnusedTactic.unusedTacticLinter._lam_0._boxed took 0.905ms
interpretation of _private.Mathlib.Tactic.Linter.Style.0.Mathlib.Linter.Style.setOption.setOptionLinter._lam_0._boxed took 0.0372ms
interpretation of _private.Mathlib.Tactic.Linter.Style.0.Mathlib.Linter.Style.missingEnd.missingEndLinter._lam_0._boxed took 0.0441ms
interpretation of _private.Mathlib.Tactic.Linter.Style.0.Mathlib.Linter.Style.cdotLinter._lam_0._boxed took 0.0316ms
interpretation of _private.Mathlib.Tactic.Linter.Style.0.Mathlib.Linter.Style.dollarSyntax.dollarSyntaxLinter._lam_0._boxed took 0.018ms
interpretation of _private.Mathlib.Tactic.Linter.Style.0.Mathlib.Linter.Style.lambdaSyntax.lambdaSyntaxLinter._lam_0._boxed took 0.0176ms
interpretation of _private.Mathlib.Tactic.Linter.Style.0.Mathlib.Linter.Style.longFile.longFileLinter._lam_0._boxed took 0.0212ms
interpretation of _private.Mathlib.Tactic.Linter.Style.0.Mathlib.Linter.Style.longLine.longLineLinter._lam_0._boxed took 0.019ms
interpretation of _private.Mathlib.Tactic.Linter.Style.0.Mathlib.Linter.Style.nameCheck.doubleUnderscore._lam_2._boxed took 0.235ms
interpretation of _private.Mathlib.Tactic.Linter.Style.0.Mathlib.Linter.Style.openClassical.openClassicalLinter._lam_0._boxed took 0.0217ms
interpretation of _private.Mathlib.Tactic.Linter.Whitespace.0.Mathlib.Linter.Style.Whitespace.whitespaceLinter._lam_4._boxed took 0.0276ms
tacticAnalysis took 0.392ms
interpretation of Mathlib.TacticAnalysis.tacticAnalysis._lam_1._boxed took 0.0565ms
interpretation of _private.Mathlib.Tactic.Linter.Lint.0.Mathlib.Linter.DupNamespaceLinter.dupNamespace._lam_1._boxed took 0.409ms
linting took 0.959ms
elaboration took 22.5ms
parsing took 4.36ms
attribute application took 0.0095ms
instantiate metavars took 0.023ms
instantiate metavars took 0.0019ms
typeclass inference of ForIn took 1.62ms
typeclass inference of Monad took 0.189ms
typeclass inference of Monad took 0.0955ms
typeclass inference of Pure took 0.911ms
do element elaborator of Lean.Parser.Term.doReassign took 1.45ms
typeclass inference of Bind took 0.472ms
do element elaborator of Lean.Parser.Term.doExpr took 1.44ms
do element elaborator of Lean.Parser.Term.doLetArrow took 0.0747ms
do element elaborator of Lean.Parser.Term.doReassign took 0.0697ms
do element elaborator of Lean.Parser.Term.doReassign took 1.4ms
typeclass inference of Bind took 0.0142ms
do element elaborator of Lean.Parser.Term.doExpr took 1.84ms
do element elaborator of Lean.Parser.Term.doLetArrow took 0.093ms
typeclass inference of ForIn took 1.22ms
typeclass inference of Monad took 0.16ms
typeclass inference of Monad took 0.0136ms
typeclass inference of Pure took 0.0225ms
do element elaborator of Lean.Parser.Term.doReassign took 2.37ms
typeclass inference of Bind took 0.0181ms
do element elaborator of Lean.Parser.Term.doExpr took 1.53ms
do element elaborator of Lean.Parser.Term.doLetArrow took 0.0847ms
do element elaborator of Lean.Parser.Term.doReassign took 0.0794ms
do element elaborator of Lean.Parser.Term.doReassign took 1.49ms
typeclass inference of Bind took 0.0193ms
do element elaborator of Lean.Parser.Term.doExpr took 1.93ms
do element elaborator of Lean.Parser.Term.doLetArrow took 0.0887ms
typeclass inference of ForIn took 0.409ms
typeclass inference of Monad took 0.434ms
typeclass inference of Monad took 0.0259ms
typeclass inference of Pure took 0.0158ms
do element elaborator of Lean.Parser.Term.doReassign took 1.53ms
typeclass inference of Bind took 0.0134ms
do element elaborator of Lean.Parser.Term.doExpr took 1.74ms
do element elaborator of Lean.Parser.Term.doLetArrow took 0.147ms
do element elaborator of Lean.Parser.Term.doReassign took 0.123ms
do element elaborator of Lean.Parser.Term.doReassign took 1.98ms
typeclass inference of Bind took 0.024ms
do element elaborator of Lean.Parser.Term.doExpr took 3.01ms
do element elaborator of Lean.Parser.Term.doLetArrow took 0.13ms
typeclass inference of Pure took 0.0559ms
do element elaborator of Lean.Parser.Term.doReturn took 2.51ms
typeclass inference of Bind took 0.0193ms
do element elaborator of Lean.Parser.Term.doFor took 1.8ms
typeclass inference of Bind took 0.0236ms
do element elaborator of Lean.Parser.Term.doExpr took 1.74ms
do element elaborator of Lean.Parser.Term.doLetArrow took 0.213ms
do element elaborator of Lean.Parser.Term.doFor took 0.0943ms
typeclass inference of Bind took 0.0264ms
do element elaborator of Lean.Parser.Term.doFor took 2.11ms
typeclass inference of Bind took 0.0181ms
do element elaborator of Lean.Parser.Term.doExpr took 1.56ms
do element elaborator of Lean.Parser.Term.doLetArrow took 0.13ms
do element elaborator of Lean.Parser.Term.doFor took 0.0686ms
typeclass inference of Bind took 0.0461ms
do element elaborator of Lean.Parser.Term.doFor took 2.56ms
typeclass inference of Bind took 0.0279ms
do element elaborator of Lean.Parser.Term.doExpr took 4.07ms
do element elaborator of Lean.Parser.Term.doLetArrow took 0.087ms
do element elaborator of Lean.Parser.Term.doFor took 0.0738ms
do element elaborator of Lean.Parser.Term.doLet took 3.06ms
do element elaborator of Lean.Parser.Term.doLet took 3.24ms
type checking took 0.195ms
type checking took 0.157ms
instantiate metavars took 0.255ms
instantiate metavars took 0.0018ms
instantiate metavars took 0.0008ms
instantiate metavars took 0.0008ms
instantiate metavars took 0.0007ms
share common exprs took 0.465ms
fix level params took 0.0489ms
let-to-have transformation took 0.0078ms
let-to-have transformation took 1.8ms
type checking took 0.883ms
attribute application took 0.0069ms
compilation (LCNF base) took 81.6ms
compilation (LCNF mono) took 14.5ms
compilation (LCNF mono) took 0.539ms
compilation (LCNF impure) took 0.721ms
compilation (IR) took 0.136ms
compilation (LCNF mono) took 1.16ms
compilation (LCNF impure) took 1.31ms
compilation (IR) took 0.296ms
compilation (LCNF mono) took 0.782ms
compilation (LCNF impure) took 0.728ms
compilation (IR) took 0.111ms
compilation (LCNF mono) took 1.92ms
compilation (LCNF impure) took 2.7ms
compilation (IR) took 0.3ms
compilation (LCNF mono) took 0.342ms
compilation (LCNF impure) took 0.378ms
compilation (IR) took 0.0785ms
compilation (LCNF mono) took 0.482ms
compilation (LCNF impure) took 0.535ms
compilation (IR) took 0.152ms
compilation (LCNF mono) took 0.532ms
compilation (LCNF impure) took 0.479ms
compilation (IR) took 0.151ms
compilation (LCNF mono) took 1.08ms
compilation (LCNF impure) took 1.02ms
compilation (IR) took 0.242ms
compilation (LCNF mono) took 0.643ms
compilation (LCNF impure) took 0.798ms
compilation (IR) took 0.254ms
compilation (LCNF mono) took 1.36ms
compilation (LCNF impure) took 1.83ms
compilation (IR) took 0.356ms
compilation (LCNF mono) took 2.02ms
compilation (LCNF impure) took 2.02ms
compilation (IR) took 0.502ms
compilation (LCNF mono) took 2.52ms
compilation (LCNF impure) took 1.54ms
compilation (IR) took 0.54ms
compilation (LCNF mono) took 0.221ms
compilation (LCNF impure) took 0.209ms
compilation (IR) took 0.0421ms
attribute application took 0.0068ms
process pre-definitions took 31.2ms
interpretation of _private.Mathlib.Tactic.Linter.Header.0.Mathlib.Linter.Style.header.headerLinter._lam_3._boxed took 0.125ms
interpretation of _private.Mathlib.Tactic.Linter.AuxLemma.0.Mathlib.Linter.AuxLemma.auxLemmaLinter._lam_1._boxed took 0.69ms
interpretation of _private.Mathlib.Tactic.Linter.DeprecatedSyntaxLinter.0.Mathlib.Linter.Style.deprecatedSyntaxLinter._lam_1._boxed took 0.0625ms
interpretation of _private.Mathlib.Tactic.Linter.DocPrime.0.Mathlib.Linter.DocPrime.docPrimeLinter._lam_3._boxed took 0.0273ms
interpretation of _private.Mathlib.Tactic.Linter.DocString.0.Mathlib.Linter.Style.docStringLinter._lam_0._boxed took 1.43ms
interpretation of _private.Mathlib.Tactic.Linter.DocString.0.Mathlib.Linter.Style.moduleDocVersoLinter._lam_0._boxed took 0.0302ms
interpretation of Mathlib.Linter.EmptyLine.emptyLineLinter._lam_2._boxed took 0.027ms
interpretation of _private.Mathlib.Tactic.Linter.GlobalAttributeIn.0.Mathlib.Linter.globalAttributeInLinter.globalAttributeIn._lam_0._boxed took 1.34ms
interpretation of _private.Mathlib.Tactic.Linter.HashCommandLinter.0.Mathlib.Linter.HashCommandLinter.withSetOptionIn'._boxed took 0.0642ms
interpretation of _private.Mathlib.Tactic.Linter.FlexibleLinter.0.Mathlib.Linter.Flexible.flexibleLinter._lam_0._boxed took 0.029ms
interpretation of _private.Mathlib.Tactic.Linter.Multigoal.0.Mathlib.Linter.Style.multiGoal.multiGoalLinter._lam_0._boxed took 0.026ms
interpretation of _private.Mathlib.Tactic.Linter.OldObtain.0.Mathlib.Linter.Style.oldObtainLinter._lam_0._boxed took 0.0355ms
interpretation of Mathlib.Linter.UnusedInstancesInType.withSetBoolOptionIn._boxed took 0.0513ms
interpretation of Mathlib.Linter.UnusedInstancesInType.withSetBoolOptionIn._boxed took 0.0342ms
overlappingInstancesLinter took 0.408ms
interpretation of Mathlib.Linter.UnusedInstancesInType.withSetBoolOptionIn._boxed took 0.094ms
interpretation of _private.Mathlib.Tactic.Linter.PrivateModule.0.Mathlib.Linter.privateModule._lam_1._boxed took 0.0234ms
interpretation of _private.Mathlib.Tactic.Linter.UnusedTactic.0.Mathlib.Linter.UnusedTactic.unusedTacticLinter._lam_0._boxed took 3.13ms
interpretation of _private.Mathlib.Tactic.Linter.Style.0.Mathlib.Linter.Style.setOption.setOptionLinter._lam_0._boxed took 0.0351ms
interpretation of _private.Mathlib.Tactic.Linter.Style.0.Mathlib.Linter.Style.missingEnd.missingEndLinter._lam_0._boxed took 0.0445ms
interpretation of _private.Mathlib.Tactic.Linter.Style.0.Mathlib.Linter.Style.cdotLinter._lam_0._boxed took 0.0201ms
interpretation of _private.Mathlib.Tactic.Linter.Style.0.Mathlib.Linter.Style.dollarSyntax.dollarSyntaxLinter._lam_0._boxed took 0.0177ms
interpretation of _private.Mathlib.Tactic.Linter.Style.0.Mathlib.Linter.Style.lambdaSyntax.lambdaSyntaxLinter._lam_0._boxed took 0.0167ms
interpretation of _private.Mathlib.Tactic.Linter.Style.0.Mathlib.Linter.Style.longFile.longFileLinter._lam_0._boxed took 0.03ms
interpretation of _private.Mathlib.Tactic.Linter.Style.0.Mathlib.Linter.Style.longLine.longLineLinter._lam_0._boxed took 0.0211ms
interpretation of _private.Mathlib.Tactic.Linter.Style.0.Mathlib.Linter.Style.nameCheck.doubleUnderscore._lam_2._boxed took 0.431ms
interpretation of _private.Mathlib.Tactic.Linter.Style.0.Mathlib.Linter.Style.openClassical.openClassicalLinter._lam_0._boxed took 0.0255ms
interpretation of _private.Mathlib.Tactic.Linter.Whitespace.0.Mathlib.Linter.Style.Whitespace.whitespaceLinter._lam_4._boxed took 0.0268ms
tacticAnalysis took 7.09ms
interpretation of Mathlib.TacticAnalysis.tacticAnalysis._lam_1._boxed took 0.161ms
interpretation of _private.Mathlib.Tactic.Linter.Lint.0.Mathlib.Linter.DupNamespaceLinter.dupNamespace._lam_1._boxed took 0.94ms
linting took 2.62ms
elaboration took 20ms
parsing took 1.38ms
attribute application took 0.0074ms
instantiate metavars took 0.0037ms
instantiate metavars took 0.0012ms
typeclass inference of MonadControlT took 0.481ms
typeclass inference of Monad took 0.239ms
typeclass inference of CoeT took 1.64ms
typeclass inference of Decidable took 0.248ms
typeclass inference of Pure took 0.732ms
typeclass inference of Pure took 0.0092ms
do element elaborator of Lean.Parser.Term.doExpr took 1.47ms
typeclass inference of Monad took 0.147ms
typeclass inference of Lean.MonadError took 0.255ms
typeclass inference of Lean.ToMessageData took 0.0818ms
typeclass inference of Lean.ToMessageData took 0.0648ms
typeclass inference of HAppend took 0.362ms
typeclass inference of HAppend took 0.369ms
typeclass inference of Monad took 0.0984ms
typeclass inference of Lean.MonadError took 3.5ms
typeclass inference of Pure took 0.0127ms
typeclass inference of Pure took 0.0076ms
do element elaborator of Lean.Parser.Term.doExpr took 2.56ms
do element elaborator of Lean.Parser.Term.doMatch took 6.05ms
do element elaborator of Lean.Parser.Term.doMatch took 0.252ms
do element elaborator of Lean.Parser.Term.doLetElse took 1.24ms
typeclass inference of Bind took 0.32ms
do element elaborator of Lean.Parser.Term.doExpr took 1.47ms
do element elaborator of Lean.Parser.Term.doLetArrow took 0.103ms
do element elaborator of Lean.Parser.Term.doLetElse took 0.0715ms
typeclass inference of MonadControlT took 0.831ms
typeclass inference of Monad took 0.0119ms
typeclass inference of Pure took 0.0096ms
typeclass inference of Pure took 0.0077ms
do element elaborator of Lean.Parser.Term.doExpr took 2.1ms
instantiate metavars took 0.0207ms
instantiate metavars took 0.0012ms
instantiate metavars took 0.0007ms
instantiate metavars took 0.0007ms
instantiate metavars took 0.0006ms
share common exprs took 0.166ms
fix level params took 0.0244ms
let-to-have transformation took 0.0062ms
let-to-have transformation took 0.0098ms
type checking took 0.642ms
attribute application took 0.0076ms
compilation (LCNF base) took 11.3ms
compilation (LCNF mono) took 1.43ms
compilation (LCNF mono) took 0.147ms
compilation (LCNF impure) took 0.237ms
compilation (IR) took 0.0622ms
compilation (LCNF mono) took 0.369ms
compilation (LCNF impure) took 0.502ms
compilation (IR) took 1.28ms
compilation (LCNF mono) took 1.47ms
compilation (LCNF impure) took 0.26ms
compilation (IR) took 0.0562ms
compilation (LCNF mono) took 0.943ms
compilation (LCNF impure) took 0.801ms
compilation (IR) took 0.311ms
compilation (LCNF mono) took 0.366ms
compilation (LCNF impure) took 0.337ms
compilation (IR) took 0.0824ms
compilation (LCNF mono) took 0.323ms
compilation (LCNF impure) took 0.333ms
compilation (IR) took 0.119ms
attribute application took 0.0063ms
process pre-definitions took 14.4ms
interpretation of _private.Mathlib.Tactic.Linter.Header.0.Mathlib.Linter.Style.header.headerLinter._lam_3._boxed took 0.103ms
interpretation of _private.Mathlib.Tactic.Linter.AuxLemma.0.Mathlib.Linter.AuxLemma.auxLemmaLinter._lam_1._boxed took 0.222ms
interpretation of _private.Mathlib.Tactic.Linter.DeprecatedSyntaxLinter.0.Mathlib.Linter.Style.deprecatedSyntaxLinter._lam_1._boxed took 0.0431ms
interpretation of _private.Mathlib.Tactic.Linter.DocPrime.0.Mathlib.Linter.DocPrime.docPrimeLinter._lam_3._boxed took 0.0251ms
interpretation of _private.Mathlib.Tactic.Linter.DocString.0.Mathlib.Linter.Style.docStringLinter._lam_0._boxed took 0.804ms
interpretation of _private.Mathlib.Tactic.Linter.DocString.0.Mathlib.Linter.Style.moduleDocVersoLinter._lam_0._boxed took 0.0297ms
interpretation of Mathlib.Linter.EmptyLine.emptyLineLinter._lam_2._boxed took 0.0254ms
interpretation of _private.Mathlib.Tactic.Linter.GlobalAttributeIn.0.Mathlib.Linter.globalAttributeInLinter.globalAttributeIn._lam_0._boxed took 0.506ms
interpretation of _private.Mathlib.Tactic.Linter.HashCommandLinter.0.Mathlib.Linter.HashCommandLinter.withSetOptionIn'._boxed took 0.0596ms
interpretation of _private.Mathlib.Tactic.Linter.FlexibleLinter.0.Mathlib.Linter.Flexible.flexibleLinter._lam_0._boxed took 0.0286ms
interpretation of _private.Mathlib.Tactic.Linter.Multigoal.0.Mathlib.Linter.Style.multiGoal.multiGoalLinter._lam_0._boxed took 0.0234ms
interpretation of _private.Mathlib.Tactic.Linter.OldObtain.0.Mathlib.Linter.Style.oldObtainLinter._lam_0._boxed took 0.0415ms
interpretation of Mathlib.Linter.UnusedInstancesInType.withSetBoolOptionIn._boxed took 0.0489ms
interpretation of Mathlib.Linter.UnusedInstancesInType.withSetBoolOptionIn._boxed took 0.0354ms
overlappingInstancesLinter took 0.267ms
interpretation of Mathlib.Linter.UnusedInstancesInType.withSetBoolOptionIn._boxed took 0.0875ms
interpretation of _private.Mathlib.Tactic.Linter.PrivateModule.0.Mathlib.Linter.privateModule._lam_1._boxed took 0.023ms
interpretation of _private.Mathlib.Tactic.Linter.UnusedTactic.0.Mathlib.Linter.UnusedTactic.unusedTacticLinter._lam_0._boxed took 1.26ms
interpretation of _private.Mathlib.Tactic.Linter.Style.0.Mathlib.Linter.Style.setOption.setOptionLinter._lam_0._boxed took 0.0371ms
interpretation of _private.Mathlib.Tactic.Linter.Style.0.Mathlib.Linter.Style.missingEnd.missingEndLinter._lam_0._boxed took 0.0455ms
interpretation of _private.Mathlib.Tactic.Linter.Style.0.Mathlib.Linter.Style.cdotLinter._lam_0._boxed took 0.0212ms
interpretation of _private.Mathlib.Tactic.Linter.Style.0.Mathlib.Linter.Style.dollarSyntax.dollarSyntaxLinter._lam_0._boxed took 0.0215ms
interpretation of _private.Mathlib.Tactic.Linter.Style.0.Mathlib.Linter.Style.lambdaSyntax.lambdaSyntaxLinter._lam_0._boxed took 0.0183ms
interpretation of _private.Mathlib.Tactic.Linter.Style.0.Mathlib.Linter.Style.longFile.longFileLinter._lam_0._boxed took 0.0266ms
interpretation of _private.Mathlib.Tactic.Linter.Style.0.Mathlib.Linter.Style.longLine.longLineLinter._lam_0._boxed took 0.0199ms
interpretation of _private.Mathlib.Tactic.Linter.Style.0.Mathlib.Linter.Style.nameCheck.doubleUnderscore._lam_2._boxed took 0.241ms
interpretation of _private.Mathlib.Tactic.Linter.Style.0.Mathlib.Linter.Style.openClassical.openClassicalLinter._lam_0._boxed took 0.0217ms
interpretation of _private.Mathlib.Tactic.Linter.Whitespace.0.Mathlib.Linter.Style.Whitespace.whitespaceLinter._lam_4._boxed took 0.0279ms
tacticAnalysis took 1.73ms
interpretation of Mathlib.TacticAnalysis.tacticAnalysis._lam_1._boxed took 0.114ms
interpretation of _private.Mathlib.Tactic.Linter.Lint.0.Mathlib.Linter.DupNamespaceLinter.dupNamespace._lam_1._boxed took 0.364ms
linting took 1.39ms
elaboration took 2.51ms
interpretation of ProofWidgets.Jsx.jsxText._lam_3._boxed took 7.39ms
interpretation of ProofWidgets.Jsx.jsxText._lam_3._boxed took 0.096ms
interpretation of ProofWidgets.Jsx.jsxText._lam_3._boxed took 0.0369ms
interpretation of ProofWidgets.Jsx.jsxText._lam_3._boxed took 0.379ms
interpretation of ProofWidgets.Jsx.jsxText._lam_3._boxed took 0.122ms
interpretation of ProofWidgets.Jsx.jsxText._lam_3._boxed took 0.105ms
interpretation of ProofWidgets.Jsx.jsxText._lam_3._boxed took 0.0707ms
interpretation of ProofWidgets.Jsx.jsxText._lam_3._boxed took 0.0712ms
interpretation of ProofWidgets.Jsx.jsxText._lam_3._boxed took 0.0869ms
interpretation of ProofWidgets.Jsx.jsxText._lam_3._boxed took 0.0728ms
interpretation of ProofWidgets.Jsx.jsxText._lam_3._boxed took 0.0701ms
interpretation of ProofWidgets.Jsx.jsxText._lam_3._boxed took 0.0789ms
interpretation of ProofWidgets.Jsx.jsxText._lam_3._boxed took 0.0508ms
interpretation of ProofWidgets.Jsx.jsxText._lam_3._boxed took 0.0533ms
interpretation of ProofWidgets.Jsx.jsxText._lam_3._boxed took 0.0329ms
interpretation of ProofWidgets.Jsx.jsxText._lam_3._boxed took 0.0678ms
parsing took 8.46ms
attribute application took 0.0121ms
instantiate metavars took 0.0121ms
instantiate metavars took 0.0022ms
attribute application took 0.0056ms
attribute application took 0.0064ms
typeclass inference of OfNat took 0.344ms
typeclass inference of GetElem? took 0.327ms
typeclass inference of CoeT took 2.73ms
interpretation of ProofWidgets.Jsx._aux_ProofWidgets_Data_Html___macroRules_ProofWidgets_Jsx_term__1._boxed took 35.3ms
typeclass inference of Lean.Server.RpcEncodable took 0.205ms
typeclass inference of Lean.Server.RpcEncodable took 0.14ms
typeclass inference of Pure took 1.4ms
do element elaborator of Lean.Parser.Term.doReturn took 3.81ms
typeclass inference of Bind took 0.4ms
do element elaborator of Lean.Parser.Term.doExpr took 1.73ms
do element elaborator of Lean.Parser.Term.doLetArrow took 0.0925ms
do element elaborator of Lean.Parser.Term.doReturn took 0.0744ms
interpretation of ProofWidgets.Jsx._aux_ProofWidgets_Data_Html___macroRules_ProofWidgets_Jsx_term__1._boxed took 34.7ms
typeclass inference of CoeT took 1.48ms
interpretation of ProofWidgets.Jsx._aux_ProofWidgets_Data_Html___macroRules_ProofWidgets_Jsx_term__1._boxed took 6.96ms
typeclass inference of CoeT took 1.48ms
typeclass inference of CoeT took 2.02ms
typeclass inference of Pure took 1.1ms
do element elaborator of Lean.Parser.Term.doReturn took 11.7ms
typeclass inference of Bind took 0.268ms
do element elaborator of Lean.Parser.Term.doExpr took 1.91ms
do element elaborator of Lean.Parser.Term.doLetArrow took 0.0837ms
do element elaborator of Lean.Parser.Term.doReturn took 0.0805ms
do element elaborator of Lean.Parser.Term.doLet took 0.577ms
typeclass inference of Pure took 0.0135ms
do element elaborator of Lean.Parser.Term.doReturn took 0.462ms
typeclass inference of OfNat took 0.17ms
typeclass inference of GetElem? took 0.264ms
type checking took 0.303ms
typeclass inference of OfNat took 0.332ms
typeclass inference of GetElem? took 0.442ms
do element elaborator of Lean.Parser.Term.doMatch took 8.43ms
do element elaborator of Lean.Parser.Term.doMatch took 1.53ms
do element elaborator of Lean.Parser.Term.doLetElse took 0.746ms
interpretation of ProofWidgets.Jsx._aux_ProofWidgets_Data_Html___macroRules_ProofWidgets_Jsx_term__1._boxed took 0.278ms
interpretation of ProofWidgets.Jsx._aux_ProofWidgets_Data_Html___macroRules_ProofWidgets_Jsx_term__1._boxed took 0.429ms
typeclass inference of CoeT took 1.75ms
typeclass inference of Lean.Server.RpcEncodable took 0.103ms
typeclass inference of Lean.Server.RpcEncodable took 0.389ms
typeclass inference of CoeT took 1.38ms
interpretation of ProofWidgets.Jsx._aux_ProofWidgets_Data_Html___macroRules_ProofWidgets_Jsx_term__1._boxed took 0.247ms
interpretation of ProofWidgets.Jsx._aux_ProofWidgets_Data_Html___macroRules_ProofWidgets_Jsx_term__1._boxed took 0.379ms
typeclass inference of Lean.Server.RpcEncodable took 0.107ms
typeclass inference of Lean.Server.RpcEncodable took 0.0761ms
typeclass inference of Decidable took 0.205ms
typeclass inference of OfNat took 0.152ms
typeclass inference of GetElem? took 0.25ms
typeclass inference of CoeT took 2.65ms
interpretation of ProofWidgets.Jsx._aux_ProofWidgets_Data_Html___macroRules_ProofWidgets_Jsx_term__1._boxed took 0.355ms
typeclass inference of Lean.Server.RpcEncodable took 0.106ms
typeclass inference of Lean.Server.RpcEncodable took 0.0266ms
typeclass inference of Pure took 0.755ms
do element elaborator of Lean.Parser.Term.doReturn took 1.94ms
typeclass inference of Bind took 0.624ms
do element elaborator of Lean.Parser.Term.doExpr took 4.65ms
do element elaborator of Lean.Parser.Term.doLetArrow took 0.118ms
do element elaborator of Lean.Parser.Term.doReturn took 0.0579ms
interpretation of ProofWidgets.Jsx._aux_ProofWidgets_Data_Html___macroRules_ProofWidgets_Jsx_term__1._boxed took 0.54ms
typeclass inference of CoeT took 1.79ms
interpretation of ProofWidgets.Jsx._aux_ProofWidgets_Data_Html___macroRules_ProofWidgets_Jsx_term__1._boxed took 0.447ms
typeclass inference of CoeT took 1.29ms
typeclass inference of CoeT took 1.72ms
typeclass inference of Pure took 0.665ms
do element elaborator of Lean.Parser.Term.doReturn took 10.4ms
typeclass inference of Bind took 0.243ms
do element elaborator of Lean.Parser.Term.doExpr took 2.25ms
do element elaborator of Lean.Parser.Term.doLetArrow took 0.0697ms
do element elaborator of Lean.Parser.Term.doReturn took 0.0677ms
do element elaborator of Lean.Parser.Term.doLet took 0.431ms
typeclass inference of Pure took 0.0097ms
do element elaborator of Lean.Parser.Term.doReturn took 0.348ms
type checking took 0.108ms
typeclass inference of HAppend took 0.417ms
typeclass inference of HAppend took 0.0097ms
typeclass inference of HAppend took 0.385ms
typeclass inference of HAppend took 0.0881ms
typeclass inference of Monad took 0.133ms
typeclass inference of Monad took 0.111ms
typeclass inference of CoeT took 1.39ms
typeclass inference of Decidable took 0.179ms
typeclass inference of CoeT took 2.38ms
interpretation of ProofWidgets.Jsx._aux_ProofWidgets_Data_Html___macroRules_ProofWidgets_Jsx_term__1._boxed took 0.455ms
interpretation of ProofWidgets.Jsx._aux_ProofWidgets_Data_Html___macroRules_ProofWidgets_Jsx_term__1._boxed took 0.658ms
typeclass inference of Lean.Server.RpcEncodable took 0.227ms
typeclass inference of Lean.Server.RpcEncodable took 0.118ms
typeclass inference of Pure took 0.843ms
do element elaborator of Lean.Parser.Term.doReturn took 7.51ms
typeclass inference of Bind took 0.268ms
do element elaborator of Lean.Parser.Term.doExpr took 1.26ms
do element elaborator of Lean.Parser.Term.doLetArrow took 0.0775ms
do element elaborator of Lean.Parser.Term.doReturn took 0.0625ms
typeclass inference of Pure took 0.0126ms
do element elaborator of Lean.Parser.Term.doReturn took 3.94ms
do element elaborator of Lean.Parser.Term.doIf took 1.35ms
typeclass inference of Bind took 0.011ms
do element elaborator of Lean.Parser.Term.doExpr took 1.48ms
do element elaborator of Lean.Parser.Term.doLetArrow took 0.0656ms
typeclass inference of OfNat took 0.162ms
typeclass inference of GetElem? took 0.273ms
typeclass inference of CoeT took 2.58ms
interpretation of ProofWidgets.Jsx._aux_ProofWidgets_Data_Html___macroRules_ProofWidgets_Jsx_term__1._boxed took 0.433ms
typeclass inference of Lean.Server.RpcEncodable took 0.129ms
typeclass inference of Lean.Server.RpcEncodable took 0.0208ms
typeclass inference of Pure took 0.0139ms
do element elaborator of Lean.Parser.Term.doReturn took 2.05ms
typeclass inference of Bind took 0.012ms
do element elaborator of Lean.Parser.Term.doExpr took 1.32ms
do element elaborator of Lean.Parser.Term.doLetArrow took 0.0676ms
do element elaborator of Lean.Parser.Term.doReturn took 0.0497ms
interpretation of ProofWidgets.Jsx._aux_ProofWidgets_Data_Html___macroRules_ProofWidgets_Jsx_term__1._boxed took 0.5ms
typeclass inference of CoeT took 1.42ms
interpretation of ProofWidgets.Jsx._aux_ProofWidgets_Data_Html___macroRules_ProofWidgets_Jsx_term__1._boxed took 0.669ms
typeclass inference of CoeT took 2.8ms
typeclass inference of CoeT took 2.25ms
typeclass inference of Pure took 0.925ms
do element elaborator of Lean.Parser.Term.doReturn took 14.5ms
typeclass inference of Bind took 0.272ms
do element elaborator of Lean.Parser.Term.doExpr took 1.52ms
do element elaborator of Lean.Parser.Term.doLetArrow took 0.0701ms
do element elaborator of Lean.Parser.Term.doReturn took 0.0845ms
do element elaborator of Lean.Parser.Term.doLet took 0.404ms
typeclass inference of Pure took 0.0167ms
do element elaborator of Lean.Parser.Term.doReturn took 0.725ms
type checking took 0.126ms
interpretation of ProofWidgets.Jsx._aux_ProofWidgets_Data_Html___macroRules_ProofWidgets_Jsx_term__1._boxed took 0.352ms
interpretation of ProofWidgets.Jsx._aux_ProofWidgets_Data_Html___macroRules_ProofWidgets_Jsx_term__1._boxed took 0.583ms
typeclass inference of CoeT took 1.72ms
interpretation of ProofWidgets.Jsx._aux_ProofWidgets_Data_Html___macroRules_ProofWidgets_Jsx_term__1._boxed took 0.473ms
typeclass inference of Lean.Server.RpcEncodable took 0.191ms
typeclass inference of Lean.Server.RpcEncodable took 0.101ms
typeclass inference of OfNat took 0.223ms
typeclass inference of GetElem? took 0.307ms
typeclass inference of CoeT took 3.32ms
interpretation of ProofWidgets.Jsx._aux_ProofWidgets_Data_Html___macroRules_ProofWidgets_Jsx_term__1._boxed took 0.635ms
typeclass inference of Lean.Server.RpcEncodable took 0.205ms
typeclass inference of Lean.Server.RpcEncodable took 0.0532ms
typeclass inference of Pure took 1.34ms
do element elaborator of Lean.Parser.Term.doReturn took 3.55ms
typeclass inference of Bind took 0.393ms
do element elaborator of Lean.Parser.Term.doExpr took 2.38ms
do element elaborator of Lean.Parser.Term.doLetArrow took 0.11ms
do element elaborator of Lean.Parser.Term.doReturn took 0.103ms
interpretation of ProofWidgets.Jsx._aux_ProofWidgets_Data_Html___macroRules_ProofWidgets_Jsx_term__1._boxed took 0.866ms
typeclass inference of CoeT took 1.61ms
interpretation of ProofWidgets.Jsx._aux_ProofWidgets_Data_Html___macroRules_ProofWidgets_Jsx_term__1._boxed took 0.806ms
typeclass inference of CoeT took 1.56ms
typeclass inference of CoeT took 2.47ms
typeclass inference of Pure took 0.977ms
do element elaborator of Lean.Parser.Term.doReturn took 15.4ms
typeclass inference of Bind took 0.271ms
do element elaborator of Lean.Parser.Term.doExpr took 2.58ms
do element elaborator of Lean.Parser.Term.doLetArrow took 0.113ms
do element elaborator of Lean.Parser.Term.doReturn took 0.0987ms
do element elaborator of Lean.Parser.Term.doLet took 0.7ms
typeclass inference of Pure took 0.0287ms
do element elaborator of Lean.Parser.Term.doReturn took 0.481ms
type checking took 0.131ms
typeclass inference of OfNat took 0.478ms
typeclass inference of GetElem? took 0.759ms
type checking took 0.231ms
do element elaborator of Lean.Parser.Term.doExpr took 43.7ms
do element elaborator of Lean.Parser.Term.doLetArrow took 0.321ms
do element elaborator of Lean.Parser.Term.doReturn took 0.253ms
do element elaborator of Lean.Parser.Term.doLet took 3.28ms
typeclass inference of GetElem? took 0.823ms
typeclass inference of CoeT took 2.41ms
interpretation of ProofWidgets.Jsx._aux_ProofWidgets_Data_Html___macroRules_ProofWidgets_Jsx_term__1._boxed took 0.398ms
typeclass inference of Lean.Server.RpcEncodable took 0.133ms
typeclass inference of Lean.Server.RpcEncodable took 0.0984ms
typeclass inference of Pure took 0.754ms
do element elaborator of Lean.Parser.Term.doReturn took 2.15ms
typeclass inference of Bind took 0.336ms
do element elaborator of Lean.Parser.Term.doExpr took 1.37ms
do element elaborator of Lean.Parser.Term.doLetArrow took 0.0612ms
do element elaborator of Lean.Parser.Term.doReturn took 0.0477ms
interpretation of ProofWidgets.Jsx._aux_ProofWidgets_Data_Html___macroRules_ProofWidgets_Jsx_term__1._boxed took 0.586ms
typeclass inference of CoeT took 1.44ms
interpretation of ProofWidgets.Jsx._aux_ProofWidgets_Data_Html___macroRules_ProofWidgets_Jsx_term__1._boxed took 0.549ms
typeclass inference of CoeT took 1.37ms
typeclass inference of CoeT took 1.93ms
typeclass inference of Pure took 0.811ms
do element elaborator of Lean.Parser.Term.doReturn took 10.7ms
typeclass inference of Bind took 0.272ms
do element elaborator of Lean.Parser.Term.doExpr took 1.67ms
do element elaborator of Lean.Parser.Term.doLetArrow took 0.102ms
do element elaborator of Lean.Parser.Term.doReturn took 0.0732ms
do element elaborator of Lean.Parser.Term.doLet took 0.459ms
typeclass inference of Pure took 0.0108ms
do element elaborator of Lean.Parser.Term.doReturn took 0.466ms
type checking took 0.162ms
type checking took 0.163ms
instantiate metavars took 0.0472ms
instantiate metavars took 0.0062ms
instantiate metavars took 0.0011ms
instantiate metavars took 0.0073ms
instantiate metavars took 0.0571ms
instantiate metavars took 0.0051ms
instantiate metavars took 0.143ms
instantiate metavars took 0.0055ms
instantiate metavars took 0.0012ms
instantiate metavars took 0.0103ms
instantiate metavars took 0.0012ms
instantiate metavars took 0.0019ms
instantiate metavars took 0.0006ms
instantiate metavars took 0.0007ms
instantiate metavars took 0.0006ms
instantiate metavars took 0.0504ms
instantiate metavars took 0.0008ms
instantiate metavars took 0.001ms
instantiate metavars took 0.0009ms
instantiate metavars took 0.0007ms
instantiate metavars took 0.001ms
share common exprs took 1.14ms
fix level params took 0.124ms
let-to-have transformation took 0.0132ms
let-to-have transformation took 0.79ms
type checking took 0.742ms
attribute application took 0.018ms
compilation (LCNF base) took 19.5ms
compilation (LCNF mono) took 3.28ms
compilation (LCNF mono) took 0.306ms
compilation (LCNF impure) took 0.298ms
compilation (IR) took 0.092ms
compilation (LCNF mono) took 0.137ms
compilation (LCNF impure) took 0.102ms
compilation (IR) took 0.0365ms
compilation (LCNF mono) took 0.223ms
compilation (LCNF impure) took 0.208ms
compilation (IR) took 0.0519ms
compilation (LCNF mono) took 1.23ms
compilation (LCNF impure) took 0.979ms
compilation (IR) took 0.243ms
compilation (LCNF mono) took 1.72ms
compilation (LCNF impure) took 2.13ms
compilation (IR) took 0.676ms
compilation (LCNF mono) took 2.47ms
compilation (LCNF impure) took 1.45ms
compilation (IR) took 1.1ms
attribute application took 0.0132ms
let-to-have transformation took 0.0172ms
let-to-have transformation took 1.5ms
type checking took 1.51ms
attribute application took 0.0157ms
compilation (LCNF base) took 12.3ms
compilation (LCNF mono) took 3.94ms
compilation (LCNF mono) took 1.19ms
compilation (LCNF impure) took 0.928ms
compilation (IR) took 0.233ms
compilation (LCNF mono) took 3.06ms
compilation (LCNF impure) took 1.8ms
compilation (IR) took 0.742ms
attribute application took 0.0139ms
let-to-have transformation took 0.0128ms
let-to-have transformation took 0.019ms
type checking took 0.684ms
attribute application took 0.0145ms
compilation (LCNF base) took 14.6ms
compilation (LCNF mono) took 2.4ms
compilation (LCNF mono) took 0.803ms
compilation (LCNF impure) took 1.07ms
compilation (IR) took 0.287ms
compilation (LCNF mono) took 0.945ms
compilation (LCNF impure) took 0.651ms
compilation (IR) took 0.218ms
compilation (LCNF mono) took 4.09ms
compilation (LCNF impure) took 2.67ms
compilation (IR) took 0.624ms
attribute application took 0.0349ms
process pre-definitions took 45.9ms
interpretation of _private.Mathlib.Tactic.Linter.Header.0.Mathlib.Linter.Style.header.headerLinter._lam_3._boxed took 0.102ms
interpretation of _private.Mathlib.Tactic.Linter.AuxLemma.0.Mathlib.Linter.AuxLemma.auxLemmaLinter._lam_1._boxed took 1.04ms
interpretation of _private.Mathlib.Tactic.Linter.DeprecatedSyntaxLinter.0.Mathlib.Linter.Style.deprecatedSyntaxLinter._lam_1._boxed took 0.0676ms
interpretation of _private.Mathlib.Tactic.Linter.DocPrime.0.Mathlib.Linter.DocPrime.docPrimeLinter._lam_3._boxed took 0.0391ms
interpretation of _private.Mathlib.Tactic.Linter.DocString.0.Mathlib.Linter.Style.docStringLinter._lam_0._boxed took 2.28ms
interpretation of _private.Mathlib.Tactic.Linter.DocString.0.Mathlib.Linter.Style.moduleDocVersoLinter._lam_0._boxed took 0.0614ms
interpretation of Mathlib.Linter.EmptyLine.emptyLineLinter._lam_2._boxed took 0.0403ms
interpretation of _private.Mathlib.Tactic.Linter.GlobalAttributeIn.0.Mathlib.Linter.globalAttributeInLinter.globalAttributeIn._lam_0._boxed took 2.58ms
interpretation of _private.Mathlib.Tactic.Linter.HashCommandLinter.0.Mathlib.Linter.HashCommandLinter.withSetOptionIn'._boxed took 0.144ms
interpretation of _private.Mathlib.Tactic.Linter.FlexibleLinter.0.Mathlib.Linter.Flexible.flexibleLinter._lam_0._boxed took 0.0871ms
interpretation of _private.Mathlib.Tactic.Linter.Multigoal.0.Mathlib.Linter.Style.multiGoal.multiGoalLinter._lam_0._boxed took 0.0382ms
interpretation of _private.Mathlib.Tactic.Linter.OldObtain.0.Mathlib.Linter.Style.oldObtainLinter._lam_0._boxed took 0.0308ms
interpretation of Mathlib.Linter.UnusedInstancesInType.withSetBoolOptionIn._boxed took 0.126ms
interpretation of Mathlib.Linter.UnusedInstancesInType.withSetBoolOptionIn._boxed took 0.0602ms
overlappingInstancesLinter took 1.01ms
interpretation of Mathlib.Linter.UnusedInstancesInType.withSetBoolOptionIn._boxed took 0.144ms
interpretation of _private.Mathlib.Tactic.Linter.PrivateModule.0.Mathlib.Linter.privateModule._lam_1._boxed took 0.0391ms
interpretation of _private.Mathlib.Tactic.Linter.UnusedTactic.0.Mathlib.Linter.UnusedTactic.unusedTacticLinter._lam_0._boxed took 6.33ms
interpretation of _private.Mathlib.Tactic.Linter.Style.0.Mathlib.Linter.Style.setOption.setOptionLinter._lam_0._boxed took 0.0757ms
interpretation of _private.Mathlib.Tactic.Linter.Style.0.Mathlib.Linter.Style.missingEnd.missingEndLinter._lam_0._boxed took 0.0796ms
interpretation of _private.Mathlib.Tactic.Linter.Style.0.Mathlib.Linter.Style.cdotLinter._lam_0._boxed took 0.0443ms
interpretation of _private.Mathlib.Tactic.Linter.Style.0.Mathlib.Linter.Style.dollarSyntax.dollarSyntaxLinter._lam_0._boxed took 0.0316ms
interpretation of _private.Mathlib.Tactic.Linter.Style.0.Mathlib.Linter.Style.lambdaSyntax.lambdaSyntaxLinter._lam_0._boxed took 0.0579ms
interpretation of _private.Mathlib.Tactic.Linter.Style.0.Mathlib.Linter.Style.longFile.longFileLinter._lam_0._boxed took 0.0707ms
interpretation of _private.Mathlib.Tactic.Linter.Style.0.Mathlib.Linter.Style.longLine.longLineLinter._lam_0._boxed took 0.0434ms
interpretation of _private.Mathlib.Tactic.Linter.Style.0.Mathlib.Linter.Style.nameCheck.doubleUnderscore._lam_2._boxed took 2.02ms
interpretation of _private.Mathlib.Tactic.Linter.Style.0.Mathlib.Linter.Style.openClassical.openClassicalLinter._lam_0._boxed took 0.165ms
interpretation of _private.Mathlib.Tactic.Linter.Whitespace.0.Mathlib.Linter.Style.Whitespace.whitespaceLinter._lam_4._boxed took 0.0646ms
tacticAnalysis took 16.5ms
interpretation of Mathlib.TacticAnalysis.tacticAnalysis._lam_1._boxed took 0.203ms
interpretation of _private.Mathlib.Tactic.Linter.Lint.0.Mathlib.Linter.DupNamespaceLinter.dupNamespace._lam_1._boxed took 0.696ms
linting took 5.25ms
elaboration took 83.6ms
parsing took 5.13ms
attribute application took 0.0108ms
instantiate metavars took 0.0058ms
instantiate metavars took 0.0009ms
typeclass inference of Monad took 0.176ms
typeclass inference of MonadReaderOf took 0.269ms
typeclass inference of Monad took 0.61ms
typeclass inference of MonadReaderOf took 0.647ms
type checking took 1.13ms
type checking took 0.174ms
typeclass inference of CoeT took 1.72ms
typeclass inference of Decidable took 0.277ms
typeclass inference of Pure took 0.544ms
do element elaborator of Lean.Parser.Term.doReturn took 0.239ms
do element elaborator of Lean.Parser.Term.InternalSyntax.doSkip took 0.0399ms
typeclass inference of OfNat took 0.174ms
typeclass inference of GetElem? took 0.339ms
typeclass inference of BEq took 0.107ms
typeclass inference of CoeT took 2.22ms
typeclass inference of Decidable took 0.293ms
typeclass inference of Pure took 0.026ms
do element elaborator of Lean.Parser.Term.doReturn took 0.229ms
do element elaborator of Lean.Parser.Term.InternalSyntax.doSkip took 0.0287ms
typeclass inference of Pure took 0.0108ms
typeclass inference of Pure took 0.0077ms
do element elaborator of Lean.Parser.Term.doExpr took 0.711ms
do element elaborator of Lean.Parser.Term.doIf took 2.48ms
do element elaborator of Lean.Parser.Term.doIf took 0.0765ms
typeclass inference of Pure took 0.0097ms
do element elaborator of Lean.Parser.Term.doReturn took 0.185ms
typeclass inference of OfNat took 0.144ms
typeclass inference of GetElem? took 0.284ms
do element elaborator of Lean.Parser.Term.doMatch took 2.92ms
do element elaborator of Lean.Parser.Term.doMatch took 0.711ms
do element elaborator of Lean.Parser.Term.doLetElse took 0.443ms
do element elaborator of Lean.Parser.Term.doIf took 11.4ms
do element elaborator of Lean.Parser.Term.doIf took 0.157ms
typeclass inference of Pure took 0.0116ms
do element elaborator of Lean.Parser.Term.doReturn took 0.185ms
typeclass inference of OfNat took 0.138ms
typeclass inference of GetElem? took 0.266ms
typeclass inference of BEq took 0.0286ms
typeclass inference of CoeT took 2.87ms
typeclass inference of Decidable took 0.384ms
typeclass inference of Pure took 0.017ms
do element elaborator of Lean.Parser.Term.doReturn took 0.368ms
do element elaborator of Lean.Parser.Term.InternalSyntax.doSkip took 0.064ms
typeclass inference of Pure took 0.0245ms
typeclass inference of Pure took 0.0095ms
do element elaborator of Lean.Parser.Term.doExpr took 1.21ms
do element elaborator of Lean.Parser.Term.doIf took 3.74ms
do element elaborator of Lean.Parser.Term.doIf took 0.0697ms
typeclass inference of Pure took 0.0205ms
do element elaborator of Lean.Parser.Term.doReturn took 0.341ms
type checking took 0.184ms
do element elaborator of Lean.Parser.Term.doMatch took 11.7ms
do element elaborator of Lean.Parser.Term.doLetElse took 0.632ms
typeclass inference of Bind took 0.557ms
do element elaborator of Lean.Parser.Term.doExpr took 1.12ms
do element elaborator of Lean.Parser.Term.doLetArrow took 0.085ms
typeclass inference of OfNat took 0.177ms
typeclass inference of GetElem? took 0.252ms
typeclass inference of BEq took 0.081ms
typeclass inference of CoeT took 1.64ms
typeclass inference of Decidable took 0.334ms
typeclass inference of Pure took 0.668ms
do element elaborator of Lean.Parser.Term.doReturn took 0.249ms
do element elaborator of Lean.Parser.Term.InternalSyntax.doSkip took 0.0319ms
typeclass inference of Pure took 0.0132ms
typeclass inference of Pure took 0.0081ms
do element elaborator of Lean.Parser.Term.doExpr took 0.762ms
do element elaborator of Lean.Parser.Term.doIf took 3.75ms
do element elaborator of Lean.Parser.Term.doIf took 0.0489ms
typeclass inference of Pure took 0.0108ms
do element elaborator of Lean.Parser.Term.doReturn took 0.182ms
typeclass inference of OfNat took 0.251ms
typeclass inference of GetElem? took 0.394ms
do element elaborator of Lean.Parser.Term.doIf took 29ms
do element elaborator of Lean.Parser.Term.doIf took 0.099ms
typeclass inference of GetElem? took 0.68ms
typeclass inference of BEq took 0.0161ms
typeclass inference of CoeT took 1.63ms
typeclass inference of Decidable took 0.224ms
typeclass inference of Pure took 0.0126ms
do element elaborator of Lean.Parser.Term.doReturn took 0.205ms
do element elaborator of Lean.Parser.Term.InternalSyntax.doSkip took 0.0287ms
typeclass inference of EmptyCollection took 0.409ms
typeclass inference of EmptyCollection took 0.0481ms
typeclass inference of Lean.MonadOptions took 0.105ms
typeclass inference of Lean.MonadOptions took 0.959ms
typeclass inference of Functor took 0.533ms
typeclass inference of MonadControlT took 0.197ms
typeclass inference of Monad took 0.14ms
typeclass inference of MonadControlT took 0.161ms
typeclass inference of Monad took 0.161ms
typeclass inference of MonadControlT took 0.931ms
typeclass inference of Monad took 0.0949ms
typeclass inference of CoeT took 3.03ms
typeclass inference of Decidable took 0.515ms
do element elaborator of Lean.Parser.Term.InternalSyntax.doSkip took 0.0843ms
typeclass inference of Pure took 1.44ms
do element elaborator of Lean.Parser.Term.doReturn took 0.391ms
typeclass inference of Applicative took 0.345ms
typeclass inference of Applicative took 1.04ms
interpretation of ProofWidgets.Jsx._aux_ProofWidgets_Data_Html___macroRules_ProofWidgets_Jsx_term__1._boxed took 0.36ms
typeclass inference of Lean.Server.RpcEncodable took 0.171ms
typeclass inference of Lean.Server.RpcEncodable took 0.0869ms
typeclass inference of Pure took 0.885ms
do element elaborator of Lean.Parser.Term.doReturn took 2.31ms
typeclass inference of Bind took 0.304ms
do element elaborator of Lean.Parser.Term.doExpr took 1.06ms
do element elaborator of Lean.Parser.Term.doLetArrow took 0.0819ms
typeclass inference of Bind took 0.0112ms
do element elaborator of Lean.Parser.Term.doExpr took 1.24ms
do element elaborator of Lean.Parser.Term.doLetArrow took 0.0788ms
type checking took 0.192ms
do element elaborator of Lean.Parser.Term.doLet took 5.06ms
typeclass inference of Bind took 0.361ms
do element elaborator of Lean.Parser.Term.doExpr took 1.64ms
do element elaborator of Lean.Parser.Term.doLetArrow took 0.145ms
typeclass inference of Bind took 0.0109ms
do element elaborator of Lean.Parser.Term.doExpr took 4.57ms
do element elaborator of Lean.Parser.Term.doLetArrow took 0.236ms
do element elaborator of Lean.Parser.Term.doIf took 2.86ms
do element elaborator of Lean.Parser.Term.doUnless took 0.0684ms
typeclass inference of Bind took 0.0115ms
do element elaborator of Lean.Parser.Term.doExpr took 1.11ms
do element elaborator of Lean.Parser.Term.doLetArrow took 0.0658ms
do element elaborator of Lean.Parser.Term.doUnless took 0.0646ms
typeclass inference of Pure took 0.797ms
do element elaborator of Lean.Parser.Term.doReturn took 0.241ms
type checking took 0.251ms
do element elaborator of Lean.Parser.Term.doMatch took 5.1ms
do element elaborator of Lean.Parser.Term.doLetElse took 0.838ms
typeclass inference of Bind took 0.339ms
do element elaborator of Lean.Parser.Term.doExpr took 1.84ms
do element elaborator of Lean.Parser.Term.doLetArrow took 0.0819ms
typeclass inference of Bind took 0.012ms
do element elaborator of Lean.Parser.Term.doExpr took 0.788ms
do element elaborator of Lean.Parser.Term.doLetArrow took 0.0603ms
typeclass inference of MonadControlT took 0.903ms
typeclass inference of Monad took 0.0857ms
typeclass inference of Pure took 0.586ms
typeclass inference of Pure took 0.0104ms
do element elaborator of Lean.Parser.Term.doExpr took 1.48ms
do element elaborator of Lean.Parser.Term.doLet took 1.86ms
typeclass inference of Bind took 0.0108ms
do element elaborator of Lean.Parser.Term.doExpr took 0.824ms
do element elaborator of Lean.Parser.Term.doLetArrow took 0.0769ms
do element elaborator of Lean.Parser.Term.doLet took 0.0723ms
typeclass inference of Bind took 0.0099ms
do element elaborator of Lean.Parser.Term.doExpr took 1.1ms
do element elaborator of Lean.Parser.Term.doLetArrow took 0.0795ms
typeclass inference of MonadLiftT took 2.4ms
typeclass inference of Pure took 0.483ms
typeclass inference of Pure took 0.009ms
do element elaborator of Lean.Parser.Term.doExpr took 4.39ms
do element elaborator of Lean.Parser.Term.doIf took 2.11ms
do element elaborator of Lean.Parser.Term.doIf took 0.0549ms
typeclass inference of Pure took 0.0104ms
do element elaborator of Lean.Parser.Term.doReturn took 0.276ms
type checking took 0.197ms
instantiate metavars took 0.147ms
instantiate metavars took 0.0096ms
instantiate metavars took 0.0037ms
instantiate metavars took 0.0033ms
instantiate metavars took 0.001ms
share common exprs took 1.18ms
fix level params took 0.0935ms
let-to-have transformation took 0.0111ms
let-to-have transformation took 1.95ms
type checking took 1.62ms
attribute application took 0.0667ms
compilation (LCNF base) took 58.8ms
compilation (LCNF mono) took 9.87ms
compilation (LCNF mono) took 0.229ms
compilation (LCNF impure) took 0.225ms
compilation (IR) took 0.0476ms
compilation (LCNF mono) took 0.337ms
compilation (LCNF impure) took 0.254ms
compilation (IR) took 0.0809ms
compilation (LCNF mono) took 0.349ms
compilation (LCNF impure) took 0.388ms
compilation (IR) took 0.0924ms
compilation (LCNF mono) took 0.177ms
compilation (LCNF impure) took 0.184ms
compilation (IR) took 0.0385ms
compilation (LCNF mono) took 2.74ms
compilation (LCNF impure) took 2.61ms
compilation (IR) took 0.506ms
compilation (LCNF mono) took 1.17ms
compilation (LCNF impure) took 1.15ms
compilation (IR) took 0.54ms
compilation (LCNF mono) took 4.88ms
compilation (LCNF impure) took 3.87ms
compilation (IR) took 0.617ms
compilation (LCNF mono) took 0.568ms
compilation (LCNF impure) took 0.391ms
compilation (IR) took 0.499ms
typeclass inference of Lean.Server.RpcEncodable took 0.117ms
typeclass inference of Lean.Server.RpcEncodable took 0.0747ms
type checking took 0.0994ms
compilation (LCNF base) took 7.84ms
compilation (LCNF mono) took 3.49ms
compilation (LCNF mono) took 0.0829ms
compilation (LCNF impure) took 0.136ms
compilation (IR) took 0.0463ms
compilation (LCNF mono) took 0.365ms
compilation (LCNF impure) took 0.403ms
compilation (IR) took 0.0869ms
compilation (LCNF mono) took 0.11ms
compilation (LCNF impure) took 0.0923ms
compilation (IR) took 0.0173ms
compilation (LCNF mono) took 0.481ms
compilation (LCNF impure) took 0.519ms
compilation (IR) took 0.103ms
compilation (LCNF mono) took 1.15ms
compilation (LCNF impure) took 1.09ms
compilation (IR) took 0.245ms
compilation (LCNF mono) took 0.268ms
compilation (LCNF impure) took 0.149ms
compilation (IR) took 0.0312ms
compilation (LCNF mono) took 0.419ms
compilation (LCNF impure) took 0.356ms
compilation (IR) took 0.217ms
compilation (LCNF mono) took 0.147ms
compilation (LCNF impure) took 0.163ms
compilation (IR) took 0.0836ms
attribute application took 4.79ms
process pre-definitions took 36.6ms
interpretation of _private.Mathlib.Tactic.Linter.Header.0.Mathlib.Linter.Style.header.headerLinter._lam_3._boxed took 0.257ms
interpretation of _private.Mathlib.Tactic.Linter.AuxLemma.0.Mathlib.Linter.AuxLemma.auxLemmaLinter._lam_1._boxed took 1.3ms
interpretation of _private.Mathlib.Tactic.Linter.DeprecatedSyntaxLinter.0.Mathlib.Linter.Style.deprecatedSyntaxLinter._lam_1._boxed took 0.107ms
interpretation of _private.Mathlib.Tactic.Linter.DocPrime.0.Mathlib.Linter.DocPrime.docPrimeLinter._lam_3._boxed took 0.0589ms
interpretation of _private.Mathlib.Tactic.Linter.DocString.0.Mathlib.Linter.Style.docStringLinter._lam_0._boxed took 2.35ms
interpretation of _private.Mathlib.Tactic.Linter.DocString.0.Mathlib.Linter.Style.moduleDocVersoLinter._lam_0._boxed took 0.062ms
interpretation of Mathlib.Linter.EmptyLine.emptyLineLinter._lam_2._boxed took 0.0415ms
interpretation of _private.Mathlib.Tactic.Linter.GlobalAttributeIn.0.Mathlib.Linter.globalAttributeInLinter.globalAttributeIn._lam_0._boxed took 3.04ms
interpretation of _private.Mathlib.Tactic.Linter.HashCommandLinter.0.Mathlib.Linter.HashCommandLinter.withSetOptionIn'._boxed took 0.226ms
interpretation of _private.Mathlib.Tactic.Linter.FlexibleLinter.0.Mathlib.Linter.Flexible.flexibleLinter._lam_0._boxed took 0.0882ms
interpretation of _private.Mathlib.Tactic.Linter.Multigoal.0.Mathlib.Linter.Style.multiGoal.multiGoalLinter._lam_0._boxed took 0.0643ms
interpretation of _private.Mathlib.Tactic.Linter.OldObtain.0.Mathlib.Linter.Style.oldObtainLinter._lam_0._boxed took 0.0367ms
interpretation of Mathlib.Linter.UnusedInstancesInType.withSetBoolOptionIn._boxed took 0.165ms
interpretation of Mathlib.Linter.UnusedInstancesInType.withSetBoolOptionIn._boxed took 0.0574ms
overlappingInstancesLinter took 0.84ms
interpretation of Mathlib.Linter.UnusedInstancesInType.withSetBoolOptionIn._boxed took 0.105ms
interpretation of _private.Mathlib.Tactic.Linter.PrivateModule.0.Mathlib.Linter.privateModule._lam_1._boxed took 0.0279ms
interpretation of _private.Mathlib.Tactic.Linter.UnusedTactic.0.Mathlib.Linter.UnusedTactic.unusedTacticLinter._lam_0._boxed took 3.25ms
interpretation of _private.Mathlib.Tactic.Linter.Style.0.Mathlib.Linter.Style.setOption.setOptionLinter._lam_0._boxed took 0.0912ms
interpretation of _private.Mathlib.Tactic.Linter.Style.0.Mathlib.Linter.Style.missingEnd.missingEndLinter._lam_0._boxed took 0.0815ms
interpretation of _private.Mathlib.Tactic.Linter.Style.0.Mathlib.Linter.Style.cdotLinter._lam_0._boxed took 0.0444ms
interpretation of _private.Mathlib.Tactic.Linter.Style.0.Mathlib.Linter.Style.dollarSyntax.dollarSyntaxLinter._lam_0._boxed took 0.0331ms
interpretation of _private.Mathlib.Tactic.Linter.Style.0.Mathlib.Linter.Style.lambdaSyntax.lambdaSyntaxLinter._lam_0._boxed took 0.0309ms
interpretation of _private.Mathlib.Tactic.Linter.Style.0.Mathlib.Linter.Style.longFile.longFileLinter._lam_0._boxed took 0.0436ms
interpretation of _private.Mathlib.Tactic.Linter.Style.0.Mathlib.Linter.Style.longLine.longLineLinter._lam_0._boxed took 0.032ms
interpretation of _private.Mathlib.Tactic.Linter.Style.0.Mathlib.Linter.Style.nameCheck.doubleUnderscore._lam_2._boxed took 0.608ms
interpretation of _private.Mathlib.Tactic.Linter.Style.0.Mathlib.Linter.Style.openClassical.openClassicalLinter._lam_0._boxed took 0.0349ms
interpretation of _private.Mathlib.Tactic.Linter.Whitespace.0.Mathlib.Linter.Style.Whitespace.whitespaceLinter._lam_4._boxed took 0.0332ms
tacticAnalysis took 6.57ms
interpretation of Mathlib.TacticAnalysis.tacticAnalysis._lam_1._boxed took 0.16ms
interpretation of _private.Mathlib.Tactic.Linter.Lint.0.Mathlib.Linter.DupNamespaceLinter.dupNamespace._lam_1._boxed took 1.04ms
linting took 4.04ms
elaboration took 14.1ms
parsing took 0.538ms
attribute application took 0.0098ms
instantiate metavars took 0.0021ms
instantiate metavars took 0.0011ms
interpretation of ProofWidgets._aux_ProofWidgets_Component_OfRpcMethod___elabRules_ProofWidgets_termMk_rpc_widget%__1._boxed took 68.5ms
instantiate metavars took 0.0036ms
instantiate metavars took 0.0011ms
instantiate metavars took 0.0007ms
instantiate metavars took 0.0007ms
instantiate metavars took 0.0005ms
share common exprs took 0.0458ms
fix level params took 0.0087ms
type checking took 0.0958ms
let-to-have transformation took 0.0046ms
let-to-have transformation took 0.0041ms
type checking took 0.0919ms
attribute application took 0.0112ms
compilation (LCNF base) took 0.542ms
compilation (LCNF mono) took 0.134ms
compilation (LCNF mono) took 0.38ms
compilation (LCNF impure) took 0.428ms
compilation (IR) took 0.16ms
typeclass inference of Lean.Widget.ToModule took 0.282ms
type checking took 0.052ms
compilation (LCNF base) took 0.338ms
compilation (LCNF mono) took 0.197ms
compilation (LCNF mono) took 0.149ms
compilation (LCNF impure) took 0.138ms
compilation (IR) took 0.0417ms
interpretation of _private.Mathlib.Tactic.Widget.LibraryRewrite.0._tmp._@.Mathlib.Tactic.Widget.LibraryRewrite.3811141862._hygCtx._hyg.11 took 6.55ms
attribute application took 1.34ms
process pre-definitions took 1.73ms
interpretation of _private.Mathlib.Tactic.Linter.Header.0.Mathlib.Linter.Style.header.headerLinter._lam_3._boxed took 0.0892ms
interpretation of _private.Mathlib.Tactic.Linter.AuxLemma.0.Mathlib.Linter.AuxLemma.auxLemmaLinter._lam_1._boxed took 0.169ms
interpretation of _private.Mathlib.Tactic.Linter.DeprecatedSyntaxLinter.0.Mathlib.Linter.Style.deprecatedSyntaxLinter._lam_1._boxed took 0.0437ms
interpretation of _private.Mathlib.Tactic.Linter.DocPrime.0.Mathlib.Linter.DocPrime.docPrimeLinter._lam_3._boxed took 0.0287ms
interpretation of _private.Mathlib.Tactic.Linter.DocString.0.Mathlib.Linter.Style.docStringLinter._lam_0._boxed took 0.591ms
interpretation of _private.Mathlib.Tactic.Linter.DocString.0.Mathlib.Linter.Style.moduleDocVersoLinter._lam_0._boxed took 0.0423ms
interpretation of Mathlib.Linter.EmptyLine.emptyLineLinter._lam_2._boxed took 0.0327ms
interpretation of _private.Mathlib.Tactic.Linter.GlobalAttributeIn.0.Mathlib.Linter.globalAttributeInLinter.globalAttributeIn._lam_0._boxed took 0.197ms
interpretation of _private.Mathlib.Tactic.Linter.HashCommandLinter.0.Mathlib.Linter.HashCommandLinter.withSetOptionIn'._boxed took 0.0562ms
interpretation of _private.Mathlib.Tactic.Linter.FlexibleLinter.0.Mathlib.Linter.Flexible.flexibleLinter._lam_0._boxed took 0.0372ms
interpretation of _private.Mathlib.Tactic.Linter.Multigoal.0.Mathlib.Linter.Style.multiGoal.multiGoalLinter._lam_0._boxed took 0.0341ms
interpretation of _private.Mathlib.Tactic.Linter.OldObtain.0.Mathlib.Linter.Style.oldObtainLinter._lam_0._boxed took 0.0208ms
interpretation of Mathlib.Linter.UnusedInstancesInType.withSetBoolOptionIn._boxed took 0.0541ms
interpretation of Mathlib.Linter.UnusedInstancesInType.withSetBoolOptionIn._boxed took 0.0452ms
overlappingInstancesLinter took 0.223ms
interpretation of Mathlib.Linter.UnusedInstancesInType.withSetBoolOptionIn._boxed took 0.0925ms
interpretation of _private.Mathlib.Tactic.Linter.PrivateModule.0.Mathlib.Linter.privateModule._lam_1._boxed took 0.0243ms
interpretation of _private.Mathlib.Tactic.Linter.UnusedTactic.0.Mathlib.Linter.UnusedTactic.unusedTacticLinter._lam_0._boxed took 0.752ms
interpretation of _private.Mathlib.Tactic.Linter.Style.0.Mathlib.Linter.Style.setOption.setOptionLinter._lam_0._boxed took 0.0433ms
interpretation of _private.Mathlib.Tactic.Linter.Style.0.Mathlib.Linter.Style.missingEnd.missingEndLinter._lam_0._boxed took 0.0859ms
interpretation of _private.Mathlib.Tactic.Linter.Style.0.Mathlib.Linter.Style.cdotLinter._lam_0._boxed took 0.024ms
interpretation of _private.Mathlib.Tactic.Linter.Style.0.Mathlib.Linter.Style.dollarSyntax.dollarSyntaxLinter._lam_0._boxed took 0.0223ms
interpretation of _private.Mathlib.Tactic.Linter.Style.0.Mathlib.Linter.Style.lambdaSyntax.lambdaSyntaxLinter._lam_0._boxed took 0.0223ms
interpretation of _private.Mathlib.Tactic.Linter.Style.0.Mathlib.Linter.Style.longFile.longFileLinter._lam_0._boxed took 0.0225ms
interpretation of _private.Mathlib.Tactic.Linter.Style.0.Mathlib.Linter.Style.longLine.longLineLinter._lam_0._boxed took 0.0184ms
interpretation of _private.Mathlib.Tactic.Linter.Style.0.Mathlib.Linter.Style.nameCheck.doubleUnderscore._lam_2._boxed took 0.245ms
interpretation of _private.Mathlib.Tactic.Linter.Style.0.Mathlib.Linter.Style.openClassical.openClassicalLinter._lam_0._boxed took 0.0222ms
interpretation of _private.Mathlib.Tactic.Linter.Whitespace.0.Mathlib.Linter.Style.Whitespace.whitespaceLinter._lam_4._boxed took 0.0315ms
tacticAnalysis took 0.588ms
interpretation of Mathlib.TacticAnalysis.tacticAnalysis._lam_1._boxed took 0.0628ms
interpretation of _private.Mathlib.Tactic.Linter.Lint.0.Mathlib.Linter.DupNamespaceLinter.dupNamespace._lam_1._boxed took 0.358ms
linting took 1.12ms
elaboration took 1.35ms
parsing took 1.17ms
attribute application took 0.0119ms
instantiate metavars took 0.0024ms
instantiate metavars took 0.0012ms
typeclass inference of OfNat took 0.185ms
instantiate metavars took 0.009ms
instantiate metavars took 0.0016ms
instantiate metavars took 0.0007ms
instantiate metavars took 0.0007ms
instantiate metavars took 0.001ms
share common exprs took 0.0304ms
fix level params took 0.0088ms
let-to-have transformation took 0.0056ms
let-to-have transformation took 0.0043ms
type checking took 0.106ms
attribute application took 0.0125ms
compilation (LCNF base) took 0.656ms
compilation (LCNF mono) took 0.164ms
compilation (LCNF mono) took 0.854ms
compilation (LCNF impure) took 0.811ms
compilation (IR) took 0.323ms
interpretation of Mathlib.Tactic.LibraryRewrite.tacticRw?? took 7.38ms
interpretation of Mathlib.Tactic.LibraryRewrite.tacticRw?? took 0.0579ms
interpretation of Mathlib.Tactic.LibraryRewrite.tacticRw?? took 0.0294ms
attribute application took 0.586ms
process pre-definitions took 1.61ms
attribute application took 0.0112ms
instantiate metavars took 0.0028ms
instantiate metavars took 0.0014ms
typeclass inference of OfNat took 0.239ms
typeclass inference of Lean.MonadFileMap took 0.356ms
typeclass inference of Lean.MonadFileMap took 3.1ms
typeclass inference of Hashable took 0.3ms
typeclass inference of Hashable took 0.105ms
typeclass inference of Pure took 0.326ms
typeclass inference of Lean.ToJson took 0.485ms
typeclass inference of Lean.ToJson took 0.102ms
typeclass inference of Pure took 1.37ms
typeclass inference of MonadLiftT took 7.33ms
typeclass inference of Pure took 0.899ms
typeclass inference of Pure took 0.0115ms
do element elaborator of Lean.Parser.Term.doExpr took 6.53ms
typeclass inference of Pure took 0.015ms
do element elaborator of Lean.Parser.Term.doReturn took 0.138ms
type checking took 0.254ms
do element elaborator of Lean.Parser.Term.doMatch took 4.13ms
do element elaborator of Lean.Parser.Term.doMatch took 0.392ms
do element elaborator of Lean.Parser.Term.doLetElse took 0.569ms
typeclass inference of Bind took 0.498ms
do element elaborator of Lean.Parser.Term.doExpr took 1.27ms
do element elaborator of Lean.Parser.Term.doLetArrow took 0.104ms
do element elaborator of Lean.Parser.Term.doLetElse took 0.117ms
typeclass inference of MonadExceptOf took 0.24ms
typeclass inference of MonadExceptOf took 3.81ms
typeclass inference of Decidable took 0.972ms
instantiate metavars took 0.0123ms
instantiate metavars took 0.0033ms
instantiate metavars took 0.0008ms
instantiate metavars took 0.0008ms
instantiate metavars took 0.0006ms
share common exprs took 0.552ms
fix level params took 0.0596ms
let-to-have transformation took 0.013ms
let-to-have transformation took 0.0323ms
type checking took 1.61ms
attribute application took 0.186ms
compilation (LCNF base) took 23.2ms
compilation (LCNF mono) took 1.95ms
compilation (LCNF mono) took 0.319ms
compilation (LCNF impure) took 0.257ms
compilation (IR) took 0.0753ms
compilation (LCNF mono) took 0.164ms
compilation (LCNF impure) took 0.23ms
compilation (IR) took 0.0427ms
compilation (LCNF mono) took 0.169ms
compilation (LCNF impure) took 0.0903ms
compilation (IR) took 0.0224ms
compilation (LCNF mono) took 1.01ms
compilation (LCNF impure) took 0.731ms
compilation (IR) took 0.267ms
interpretation of Mathlib.Tactic.LibraryRewrite._aux_Mathlib_Tactic_Widget_LibraryRewrite___elabRules_Mathlib_Tactic_LibraryRewrite_tacticRw??_1 took 0.594ms
attribute application took 0.173ms
process pre-definitions took 28.5ms
interpretation of _private.Mathlib.Tactic.Linter.Header.0.Mathlib.Linter.Style.header.headerLinter._lam_3._boxed took 0.0713ms
interpretation of _private.Mathlib.Tactic.Linter.AuxLemma.0.Mathlib.Linter.AuxLemma.auxLemmaLinter._lam_1._boxed took 0.176ms
interpretation of _private.Mathlib.Tactic.Linter.DeprecatedSyntaxLinter.0.Mathlib.Linter.Style.deprecatedSyntaxLinter._lam_1._boxed took 0.0515ms
interpretation of _private.Mathlib.Tactic.Linter.DocPrime.0.Mathlib.Linter.DocPrime.docPrimeLinter._lam_3._boxed took 0.0259ms
interpretation of _private.Mathlib.Tactic.Linter.DocString.0.Mathlib.Linter.Style.docStringLinter._lam_0._boxed took 0.305ms
interpretation of _private.Mathlib.Tactic.Linter.DocString.0.Mathlib.Linter.Style.moduleDocVersoLinter._lam_0._boxed took 0.0279ms
interpretation of Mathlib.Linter.EmptyLine.emptyLineLinter._lam_2._boxed took 0.0283ms
interpretation of _private.Mathlib.Tactic.Linter.GlobalAttributeIn.0.Mathlib.Linter.globalAttributeInLinter.globalAttributeIn._lam_0._boxed took 0.371ms
interpretation of _private.Mathlib.Tactic.Linter.HashCommandLinter.0.Mathlib.Linter.HashCommandLinter.withSetOptionIn'._boxed took 0.0605ms
interpretation of _private.Mathlib.Tactic.Linter.FlexibleLinter.0.Mathlib.Linter.Flexible.flexibleLinter._lam_0._boxed took 0.0276ms
interpretation of _private.Mathlib.Tactic.Linter.Multigoal.0.Mathlib.Linter.Style.multiGoal.multiGoalLinter._lam_0._boxed took 0.0218ms
interpretation of _private.Mathlib.Tactic.Linter.OldObtain.0.Mathlib.Linter.Style.oldObtainLinter._lam_0._boxed took 0.039ms
interpretation of Mathlib.Linter.UnusedInstancesInType.withSetBoolOptionIn._boxed took 0.0472ms
interpretation of Mathlib.Linter.UnusedInstancesInType.withSetBoolOptionIn._boxed took 0.038ms
overlappingInstancesLinter took 0.322ms
interpretation of Mathlib.Linter.UnusedInstancesInType.withSetBoolOptionIn._boxed took 0.0922ms
interpretation of _private.Mathlib.Tactic.Linter.PrivateModule.0.Mathlib.Linter.privateModule._lam_1._boxed took 0.0242ms
interpretation of _private.Mathlib.Tactic.Linter.UnusedTactic.0.Mathlib.Linter.UnusedTactic.unusedTacticLinter._lam_0._boxed took 1.25ms
interpretation of _private.Mathlib.Tactic.Linter.Style.0.Mathlib.Linter.Style.setOption.setOptionLinter._lam_0._boxed took 0.0667ms
interpretation of _private.Mathlib.Tactic.Linter.Style.0.Mathlib.Linter.Style.missingEnd.missingEndLinter._lam_0._boxed took 0.0754ms
interpretation of _private.Mathlib.Tactic.Linter.Style.0.Mathlib.Linter.Style.cdotLinter._lam_0._boxed took 0.0405ms
interpretation of _private.Mathlib.Tactic.Linter.Style.0.Mathlib.Linter.Style.dollarSyntax.dollarSyntaxLinter._lam_0._boxed took 0.033ms
interpretation of _private.Mathlib.Tactic.Linter.Style.0.Mathlib.Linter.Style.lambdaSyntax.lambdaSyntaxLinter._lam_0._boxed took 0.0318ms
interpretation of _private.Mathlib.Tactic.Linter.Style.0.Mathlib.Linter.Style.longFile.longFileLinter._lam_0._boxed took 0.0698ms
interpretation of _private.Mathlib.Tactic.Linter.Style.0.Mathlib.Linter.Style.longLine.longLineLinter._lam_0._boxed took 0.0336ms
interpretation of _private.Mathlib.Tactic.Linter.Style.0.Mathlib.Linter.Style.nameCheck.doubleUnderscore._lam_2._boxed took 0.599ms
interpretation of _private.Mathlib.Tactic.Linter.Style.0.Mathlib.Linter.Style.openClassical.openClassicalLinter._lam_0._boxed took 0.0425ms
interpretation of _private.Mathlib.Tactic.Linter.Whitespace.0.Mathlib.Linter.Style.Whitespace.whitespaceLinter._lam_4._boxed took 0.0618ms
tacticAnalysis took 3.48ms
interpretation of Mathlib.TacticAnalysis.tacticAnalysis._lam_1._boxed took 0.215ms
interpretation of _private.Mathlib.Tactic.Linter.Lint.0.Mathlib.Linter.DupNamespaceLinter.dupNamespace._lam_1._boxed took 0.697ms
linting took 1.76ms
elaboration took 10.8ms
parsing took 2.5ms
attribute application took 0.0153ms
instantiate metavars took 0.0052ms
instantiate metavars took 0.0016ms
typeclass inference of Monad took 0.681ms
typeclass inference of Monad took 0.199ms
typeclass inference of Lean.ToMessageData took 0.288ms
typeclass inference of Lean.ToMessageData took 0.167ms
typeclass inference of Lean.ToMessageData took 0.12ms
typeclass inference of Lean.ToMessageData took 0.0742ms
typeclass inference of CoeT took 1.68ms
typeclass inference of Decidable took 0.214ms
typeclass inference of Lean.ToMessageData took 0.0886ms
typeclass inference of Lean.ToMessageData took 0.0119ms
typeclass inference of HAppend took 0.412ms
typeclass inference of HAppend took 0.402ms
typeclass inference of Pure took 1.2ms
do element elaborator of Lean.Parser.Term.doReturn took 2.77ms
typeclass inference of Bind took 0.623ms
do element elaborator of Lean.Parser.Term.doExpr took 1.08ms
do element elaborator of Lean.Parser.Term.doLetArrow took 0.0739ms
do element elaborator of Lean.Parser.Term.doReturn took 0.0549ms
do element elaborator of Lean.Parser.Term.InternalSyntax.doSkip took 0.0686ms
typeclass inference of Pure took 0.0168ms
do element elaborator of Lean.Parser.Term.doReturn took 0.563ms
do element elaborator of Lean.Parser.Term.doIf took 1.8ms
do element elaborator of Lean.Parser.Term.doIf took 0.0803ms
typeclass inference of HAppend took 0.522ms
typeclass inference of HAppend took 0.0112ms
typeclass inference of HAppend took 0.587ms
typeclass inference of HAppend took 0.118ms
typeclass inference of OfNat took 0.216ms
typeclass inference of CoeT took 1.57ms
typeclass inference of HAppend took 0.0159ms
typeclass inference of CoeT took 1.53ms
typeclass inference of HAppend took 0.139ms
typeclass inference of Pure took 0.0116ms
do element elaborator of Lean.Parser.Term.doReturn took 2.08ms
do element elaborator of Lean.Parser.Term.doLet took 10.7ms
typeclass inference of Bind took 0.0124ms
do element elaborator of Lean.Parser.Term.doExpr took 3.57ms
do element elaborator of Lean.Parser.Term.doLetArrow took 0.151ms
typeclass inference of CoeT took 1.48ms
instantiate metavars took 0.0702ms
instantiate metavars took 0.0014ms
instantiate metavars took 0.0008ms
instantiate metavars took 0.0007ms
instantiate metavars took 0.0007ms
share common exprs took 0.239ms
fix level params took 0.0305ms
let-to-have transformation took 0.0069ms
let-to-have transformation took 0.396ms
type checking took 0.924ms
attribute application took 0.0148ms
compilation (LCNF base) took 19.9ms
compilation (LCNF mono) took 3.73ms
compilation (LCNF mono) took 1.45ms
compilation (LCNF impure) took 1.35ms
compilation (IR) took 0.317ms
compilation (LCNF mono) took 0.948ms
compilation (LCNF impure) took 1.07ms
compilation (IR) took 0.259ms
compilation (LCNF mono) took 2.31ms
compilation (LCNF impure) took 1.32ms
compilation (IR) took 1.33ms
attribute application took 0.0069ms
process pre-definitions took 21.6ms
interpretation of _private.Mathlib.Tactic.Linter.Header.0.Mathlib.Linter.Style.header.headerLinter._lam_3._boxed took 0.083ms
interpretation of _private.Mathlib.Tactic.Linter.AuxLemma.0.Mathlib.Linter.AuxLemma.auxLemmaLinter._lam_1._boxed took 0.314ms
interpretation of _private.Mathlib.Tactic.Linter.DeprecatedSyntaxLinter.0.Mathlib.Linter.Style.deprecatedSyntaxLinter._lam_1._boxed took 0.0471ms
interpretation of _private.Mathlib.Tactic.Linter.DocPrime.0.Mathlib.Linter.DocPrime.docPrimeLinter._lam_3._boxed took 0.0477ms
interpretation of _private.Mathlib.Tactic.Linter.DocString.0.Mathlib.Linter.Style.docStringLinter._lam_0._boxed took 0.855ms
interpretation of _private.Mathlib.Tactic.Linter.DocString.0.Mathlib.Linter.Style.moduleDocVersoLinter._lam_0._boxed took 0.0454ms
interpretation of Mathlib.Linter.EmptyLine.emptyLineLinter._lam_2._boxed took 0.0338ms
interpretation of _private.Mathlib.Tactic.Linter.GlobalAttributeIn.0.Mathlib.Linter.globalAttributeInLinter.globalAttributeIn._lam_0._boxed took 0.699ms
interpretation of _private.Mathlib.Tactic.Linter.HashCommandLinter.0.Mathlib.Linter.HashCommandLinter.withSetOptionIn'._boxed took 0.0908ms
interpretation of _private.Mathlib.Tactic.Linter.FlexibleLinter.0.Mathlib.Linter.Flexible.flexibleLinter._lam_0._boxed took 0.0358ms
interpretation of _private.Mathlib.Tactic.Linter.Multigoal.0.Mathlib.Linter.Style.multiGoal.multiGoalLinter._lam_0._boxed took 0.033ms
interpretation of _private.Mathlib.Tactic.Linter.OldObtain.0.Mathlib.Linter.Style.oldObtainLinter._lam_0._boxed took 0.0403ms
interpretation of Mathlib.Linter.UnusedInstancesInType.withSetBoolOptionIn._boxed took 0.0554ms
interpretation of Mathlib.Linter.UnusedInstancesInType.withSetBoolOptionIn._boxed took 0.034ms
overlappingInstancesLinter took 0.343ms
interpretation of Mathlib.Linter.UnusedInstancesInType.withSetBoolOptionIn._boxed took 0.0947ms
interpretation of _private.Mathlib.Tactic.Linter.PrivateModule.0.Mathlib.Linter.privateModule._lam_1._boxed took 0.0327ms
interpretation of _private.Mathlib.Tactic.Linter.UnusedTactic.0.Mathlib.Linter.UnusedTactic.unusedTacticLinter._lam_0._boxed took 1.93ms
interpretation of _private.Mathlib.Tactic.Linter.Style.0.Mathlib.Linter.Style.setOption.setOptionLinter._lam_0._boxed took 0.0619ms
interpretation of _private.Mathlib.Tactic.Linter.Style.0.Mathlib.Linter.Style.missingEnd.missingEndLinter._lam_0._boxed took 0.102ms
interpretation of _private.Mathlib.Tactic.Linter.Style.0.Mathlib.Linter.Style.cdotLinter._lam_0._boxed took 0.0366ms
interpretation of _private.Mathlib.Tactic.Linter.Style.0.Mathlib.Linter.Style.dollarSyntax.dollarSyntaxLinter._lam_0._boxed took 0.0362ms
interpretation of _private.Mathlib.Tactic.Linter.Style.0.Mathlib.Linter.Style.lambdaSyntax.lambdaSyntaxLinter._lam_0._boxed took 0.0301ms
interpretation of _private.Mathlib.Tactic.Linter.Style.0.Mathlib.Linter.Style.longFile.longFileLinter._lam_0._boxed took 0.0414ms
interpretation of _private.Mathlib.Tactic.Linter.Style.0.Mathlib.Linter.Style.longLine.longLineLinter._lam_0._boxed took 0.0384ms
interpretation of _private.Mathlib.Tactic.Linter.Style.0.Mathlib.Linter.Style.nameCheck.doubleUnderscore._lam_2._boxed took 0.477ms
interpretation of _private.Mathlib.Tactic.Linter.Style.0.Mathlib.Linter.Style.openClassical.openClassicalLinter._lam_0._boxed took 0.0514ms
interpretation of _private.Mathlib.Tactic.Linter.Whitespace.0.Mathlib.Linter.Style.Whitespace.whitespaceLinter._lam_4._boxed took 0.0444ms
tacticAnalysis took 3.91ms
interpretation of Mathlib.TacticAnalysis.tacticAnalysis._lam_1._boxed took 0.146ms
interpretation of _private.Mathlib.Tactic.Linter.Lint.0.Mathlib.Linter.DupNamespaceLinter.dupNamespace._lam_1._boxed took 0.519ms
linting took 1.94ms
elaboration took 3.83ms
parsing took 2.69ms
attribute application took 0.0097ms
instantiate metavars took 0.0088ms
instantiate metavars took 0.0011ms
typeclass inference of Monad took 0.207ms
typeclass inference of Monad took 0.124ms
typeclass inference of CoeT took 1.54ms
typeclass inference of OfNat took 0.175ms
typeclass inference of GetElem? took 0.292ms
typeclass inference of Monad took 0.511ms
typeclass inference of Lean.MonadEnv took 0.219ms
typeclass inference of Lean.MonadError took 0.512ms
typeclass inference of Monad took 0.0247ms
typeclass inference of Lean.MonadEnv took 0.204ms
typeclass inference of Lean.MonadError took 8.13ms
typeclass inference of Lean.AddMessageContext took 0.227ms
typeclass inference of Lean.ToMessageData took 0.132ms
typeclass inference of Lean.ToMessageData took 0.105ms
typeclass inference of Lean.AddMessageContext took 0.125ms
typeclass inference of OfNat took 0.255ms
typeclass inference of GetElem? took 0.346ms
typeclass inference of OfNat took 0.155ms
typeclass inference of GetElem? took 0.352ms
typeclass inference of CoeT took 1.75ms
typeclass inference of CoeT took 1.66ms
typeclass inference of HAppend took 0.434ms
typeclass inference of HAppend took 0.0168ms
typeclass inference of HAppend took 0.0174ms
typeclass inference of CoeT took 2.47ms
typeclass inference of CoeT took 0.0252ms
typeclass inference of HAppend took 0.752ms
typeclass inference of HAppend took 0.118ms
typeclass inference of HAppend took 0.116ms
typeclass inference of Pure took 0.869ms
do element elaborator of Lean.Parser.Term.doReturn took 8.36ms
typeclass inference of Bind took 0.293ms
do element elaborator of Lean.Parser.Term.doExpr took 3.76ms
do element elaborator of Lean.Parser.Term.doLetArrow took 0.174ms
typeclass inference of Bind took 0.0141ms
do element elaborator of Lean.Parser.Term.doExpr took 2.42ms
do element elaborator of Lean.Parser.Term.doLetArrow took 0.122ms
do element elaborator of Lean.Parser.Term.doLetArrow took 0.102ms
typeclass inference of Pure took 0.0117ms
do element elaborator of Lean.Parser.Term.doReturn took 0.473ms
typeclass inference of OfNat took 0.287ms
typeclass inference of GetElem? took 0.526ms
do element elaborator of Lean.Parser.Term.doMatch took 7.39ms
do element elaborator of Lean.Parser.Term.doMatch took 0.841ms
do element elaborator of Lean.Parser.Term.doLetElse took 1.01ms
do element elaborator of Lean.Parser.Term.doLet took 1.15ms
typeclass inference of Bind took 0.0433ms
do element elaborator of Lean.Parser.Term.doExpr took 2.53ms
do element elaborator of Lean.Parser.Term.doLetArrow took 0.163ms
typeclass inference of OfNat took 0.471ms
typeclass inference of GetElem? took 0.931ms
typeclass inference of Monad took 0.178ms
typeclass inference of Lean.MonadEnv took 0.0892ms
typeclass inference of Lean.MonadError took 0.249ms
typeclass inference of Monad took 0.0125ms
typeclass inference of Lean.MonadEnv took 0.0221ms
typeclass inference of Lean.MonadError took 0.0211ms
typeclass inference of Lean.AddMessageContext took 0.105ms
typeclass inference of Lean.ToMessageData took 0.0929ms
typeclass inference of Lean.ToMessageData took 0.0113ms
typeclass inference of Lean.AddMessageContext took 0.0122ms
typeclass inference of CoeT took 1.53ms
typeclass inference of CoeT took 1.56ms
typeclass inference of HAppend took 0.0137ms
typeclass inference of HAppend took 0.0102ms
typeclass inference of HAppend took 0.0097ms
typeclass inference of CoeT took 0.0098ms
typeclass inference of CoeT took 0.0107ms
typeclass inference of HAppend took 0.139ms
typeclass inference of HAppend took 0.143ms
typeclass inference of HAppend took 0.133ms
typeclass inference of Pure took 0.0114ms
do element elaborator of Lean.Parser.Term.doReturn took 3.41ms
typeclass inference of Bind took 0.0121ms
do element elaborator of Lean.Parser.Term.doExpr took 2.71ms
do element elaborator of Lean.Parser.Term.doLetArrow took 0.136ms
typeclass inference of Bind took 0.0232ms
do element elaborator of Lean.Parser.Term.doExpr took 1.44ms
do element elaborator of Lean.Parser.Term.doLetArrow took 0.0987ms
do element elaborator of Lean.Parser.Term.doLetArrow took 0.0737ms
typeclass inference of Pure took 0.0127ms
do element elaborator of Lean.Parser.Term.doReturn took 0.485ms
typeclass inference of OfNat took 0.227ms
typeclass inference of GetElem? took 0.333ms
typeclass inference of Monad took 0.18ms
typeclass inference of Lean.MonadEnv took 0.0866ms
typeclass inference of Lean.MonadError took 0.246ms
typeclass inference of Monad took 0.0121ms
typeclass inference of Lean.MonadEnv took 0.0109ms
typeclass inference of Lean.MonadError took 0.0093ms
typeclass inference of Lean.AddMessageContext took 0.0973ms
typeclass inference of Lean.ToMessageData took 0.0805ms
typeclass inference of Lean.ToMessageData took 0.0127ms
typeclass inference of Lean.AddMessageContext took 0.0247ms
typeclass inference of CoeT took 1.43ms
typeclass inference of CoeT took 1.33ms
typeclass inference of HAppend took 0.0174ms
typeclass inference of HAppend took 0.0115ms
typeclass inference of HAppend took 0.0106ms
typeclass inference of CoeT took 0.0138ms
typeclass inference of CoeT took 0.0106ms
typeclass inference of HAppend took 0.135ms
typeclass inference of HAppend took 0.106ms
typeclass inference of HAppend took 0.118ms
typeclass inference of Pure took 0.0094ms
do element elaborator of Lean.Parser.Term.doReturn took 3.33ms
typeclass inference of Bind took 0.0114ms
do element elaborator of Lean.Parser.Term.doExpr took 2.33ms
do element elaborator of Lean.Parser.Term.doLetArrow took 0.0718ms
typeclass inference of Bind took 0.0159ms
do element elaborator of Lean.Parser.Term.doExpr took 1.24ms
do element elaborator of Lean.Parser.Term.doLetArrow took 0.0797ms
do element elaborator of Lean.Parser.Term.doLetArrow took 0.082ms
typeclass inference of Pure took 0.0205ms
do element elaborator of Lean.Parser.Term.doReturn took 0.714ms
typeclass inference of OfNat took 1.08ms
typeclass inference of GetElem? took 0.932ms
typeclass inference of Monad took 0.48ms
typeclass inference of Lean.MonadEnv took 0.144ms
typeclass inference of Lean.MonadError took 0.409ms
typeclass inference of Monad took 0.0134ms
typeclass inference of Lean.MonadEnv took 0.0132ms
typeclass inference of Lean.MonadError took 0.0111ms
do element elaborator of Lean.Parser.Term.doExpr took 41.3ms
do element elaborator of Lean.Parser.Term.doLetArrow took 0.14ms
do element elaborator of Lean.Parser.Term.doExpr took 1.61ms
do element elaborator of Lean.Parser.Term.doLetArrow took 0.129ms
do element elaborator of Lean.Parser.Term.doLetArrow took 0.134ms
typeclass inference of GetElem? took 0.812ms
typeclass inference of Monad took 0.281ms
typeclass inference of Lean.MonadEnv took 0.124ms
typeclass inference of Lean.MonadError took 0.316ms
typeclass inference of Monad took 0.0175ms
typeclass inference of Lean.MonadEnv took 0.0135ms
typeclass inference of Lean.MonadError took 0.0101ms
typeclass inference of Lean.AddMessageContext took 0.111ms
typeclass inference of Lean.ToMessageData took 0.105ms
typeclass inference of Lean.ToMessageData took 0.0124ms
typeclass inference of Lean.AddMessageContext took 0.015ms
typeclass inference of CoeT took 1.67ms
typeclass inference of CoeT took 1.5ms
typeclass inference of HAppend took 0.0249ms
typeclass inference of HAppend took 0.014ms
typeclass inference of HAppend took 0.0128ms
typeclass inference of CoeT took 0.0109ms
typeclass inference of CoeT took 0.0099ms
typeclass inference of HAppend took 0.147ms
typeclass inference of HAppend took 0.11ms
typeclass inference of HAppend took 0.129ms
typeclass inference of Pure took 0.0104ms
do element elaborator of Lean.Parser.Term.doReturn took 3.55ms
typeclass inference of Bind took 0.0165ms
do element elaborator of Lean.Parser.Term.doExpr took 3.04ms
do element elaborator of Lean.Parser.Term.doLetArrow took 0.114ms
typeclass inference of Bind took 0.018ms
do element elaborator of Lean.Parser.Term.doExpr took 1.56ms
do element elaborator of Lean.Parser.Term.doLetArrow took 0.125ms
do element elaborator of Lean.Parser.Term.doLetArrow took 0.0963ms
typeclass inference of Pure took 0.0219ms
do element elaborator of Lean.Parser.Term.doReturn took 0.692ms
type checking took 0.554ms
instantiate metavars took 0.122ms
instantiate metavars took 0.0036ms
instantiate metavars took 0.0019ms
instantiate metavars took 0.0015ms
instantiate metavars took 0.001ms
share common exprs took 0.485ms
fix level params took 0.0547ms
let-to-have transformation took 0.0163ms
let-to-have transformation took 2.46ms
type checking took 1.11ms
attribute application took 0.0095ms
compilation (LCNF base) took 19.6ms
compilation (LCNF mono) took 2ms
compilation (LCNF mono) took 0.233ms
compilation (LCNF impure) took 0.292ms
compilation (IR) took 0.0775ms
compilation (LCNF mono) took 0.57ms
compilation (LCNF impure) took 0.884ms
compilation (IR) took 0.199ms
compilation (LCNF mono) took 1.74ms
compilation (LCNF impure) took 1.84ms
compilation (IR) took 0.628ms
attribute application took 0.0111ms
process pre-definitions took 19.3ms
interpretation of _private.Mathlib.Tactic.Linter.Header.0.Mathlib.Linter.Style.header.headerLinter._lam_3._boxed took 0.117ms
interpretation of _private.Mathlib.Tactic.Linter.AuxLemma.0.Mathlib.Linter.AuxLemma.auxLemmaLinter._lam_1._boxed took 0.369ms
interpretation of _private.Mathlib.Tactic.Linter.DeprecatedSyntaxLinter.0.Mathlib.Linter.Style.deprecatedSyntaxLinter._lam_1._boxed took 0.0591ms
interpretation of _private.Mathlib.Tactic.Linter.DocPrime.0.Mathlib.Linter.DocPrime.docPrimeLinter._lam_3._boxed took 0.0277ms
interpretation of _private.Mathlib.Tactic.Linter.DocString.0.Mathlib.Linter.Style.docStringLinter._lam_0._boxed took 0.944ms
interpretation of _private.Mathlib.Tactic.Linter.DocString.0.Mathlib.Linter.Style.moduleDocVersoLinter._lam_0._boxed took 0.0463ms
interpretation of Mathlib.Linter.EmptyLine.emptyLineLinter._lam_2._boxed took 0.0269ms
interpretation of _private.Mathlib.Tactic.Linter.GlobalAttributeIn.0.Mathlib.Linter.globalAttributeInLinter.globalAttributeIn._lam_0._boxed took 0.75ms
interpretation of _private.Mathlib.Tactic.Linter.HashCommandLinter.0.Mathlib.Linter.HashCommandLinter.withSetOptionIn'._boxed took 0.0787ms
interpretation of _private.Mathlib.Tactic.Linter.FlexibleLinter.0.Mathlib.Linter.Flexible.flexibleLinter._lam_0._boxed took 0.0284ms
interpretation of _private.Mathlib.Tactic.Linter.Multigoal.0.Mathlib.Linter.Style.multiGoal.multiGoalLinter._lam_0._boxed took 0.0244ms
interpretation of _private.Mathlib.Tactic.Linter.OldObtain.0.Mathlib.Linter.Style.oldObtainLinter._lam_0._boxed took 0.0212ms
interpretation of Mathlib.Linter.UnusedInstancesInType.withSetBoolOptionIn._boxed took 0.0548ms
interpretation of Mathlib.Linter.UnusedInstancesInType.withSetBoolOptionIn._boxed took 0.0432ms
overlappingInstancesLinter took 0.331ms
interpretation of Mathlib.Linter.UnusedInstancesInType.withSetBoolOptionIn._boxed took 0.0906ms
interpretation of _private.Mathlib.Tactic.Linter.PrivateModule.0.Mathlib.Linter.privateModule._lam_1._boxed took 0.0359ms
interpretation of _private.Mathlib.Tactic.Linter.UnusedTactic.0.Mathlib.Linter.UnusedTactic.unusedTacticLinter._lam_0._boxed took 1.9ms
interpretation of _private.Mathlib.Tactic.Linter.Style.0.Mathlib.Linter.Style.setOption.setOptionLinter._lam_0._boxed took 0.0412ms
interpretation of _private.Mathlib.Tactic.Linter.Style.0.Mathlib.Linter.Style.missingEnd.missingEndLinter._lam_0._boxed took 0.0687ms
interpretation of _private.Mathlib.Tactic.Linter.Style.0.Mathlib.Linter.Style.cdotLinter._lam_0._boxed took 0.0303ms
interpretation of _private.Mathlib.Tactic.Linter.Style.0.Mathlib.Linter.Style.dollarSyntax.dollarSyntaxLinter._lam_0._boxed took 0.0214ms
interpretation of _private.Mathlib.Tactic.Linter.Style.0.Mathlib.Linter.Style.lambdaSyntax.lambdaSyntaxLinter._lam_0._boxed took 0.0182ms
interpretation of _private.Mathlib.Tactic.Linter.Style.0.Mathlib.Linter.Style.longFile.longFileLinter._lam_0._boxed took 0.0316ms
interpretation of _private.Mathlib.Tactic.Linter.Style.0.Mathlib.Linter.Style.longLine.longLineLinter._lam_0._boxed took 0.0232ms
interpretation of _private.Mathlib.Tactic.Linter.Style.0.Mathlib.Linter.Style.nameCheck.doubleUnderscore._lam_2._boxed took 0.38ms
interpretation of _private.Mathlib.Tactic.Linter.Style.0.Mathlib.Linter.Style.openClassical.openClassicalLinter._lam_0._boxed took 0.0309ms
interpretation of _private.Mathlib.Tactic.Linter.Whitespace.0.Mathlib.Linter.Style.Whitespace.whitespaceLinter._lam_4._boxed took 0.0305ms
tacticAnalysis took 3.24ms
interpretation of Mathlib.TacticAnalysis.tacticAnalysis._lam_1._boxed took 0.155ms
interpretation of _private.Mathlib.Tactic.Linter.Lint.0.Mathlib.Linter.DupNamespaceLinter.dupNamespace._lam_1._boxed took 0.769ms
linting took 1.79ms
elaboration took 38.5ms
parsing took 0.537ms
attribute application took 0.0155ms
instantiate metavars took 0.0025ms
instantiate metavars took 0.0014ms
typeclass inference of OfNat took 0.265ms
typeclass inference of OfNat took 0.159ms
instantiate metavars took 0.0092ms
instantiate metavars took 0.001ms
instantiate metavars took 0.0006ms
instantiate metavars took 0.0008ms
instantiate metavars took 0.0007ms
share common exprs took 0.0488ms
fix level params took 0.0094ms
let-to-have transformation took 0.0034ms
let-to-have transformation took 0.006ms
type checking took 0.106ms
attribute application took 0.0166ms
compilation (LCNF base) took 2.22ms
compilation (LCNF mono) took 0.479ms
compilation (LCNF mono) took 2.77ms
compilation (LCNF impure) took 2.45ms
compilation (IR) took 0.563ms
interpretation of Mathlib.Tactic.LibraryRewrite.rw??Command took 16.3ms
interpretation of Mathlib.Tactic.LibraryRewrite.rw??Command took 0.069ms
interpretation of Mathlib.Tactic.LibraryRewrite.rw??Command took 0.031ms
attribute application took 0.352ms
process pre-definitions took 2.83ms
interpretation of _private.Mathlib.Tactic.Linter.Header.0.Mathlib.Linter.Style.header.headerLinter._lam_3._boxed took 0.122ms
interpretation of _private.Mathlib.Tactic.Linter.AuxLemma.0.Mathlib.Linter.AuxLemma.auxLemmaLinter._lam_1._boxed took 0.208ms
interpretation of _private.Mathlib.Tactic.Linter.DeprecatedSyntaxLinter.0.Mathlib.Linter.Style.deprecatedSyntaxLinter._lam_1._boxed took 0.101ms
interpretation of _private.Mathlib.Tactic.Linter.DocPrime.0.Mathlib.Linter.DocPrime.docPrimeLinter._lam_3._boxed took 0.0493ms
interpretation of _private.Mathlib.Tactic.Linter.DocString.0.Mathlib.Linter.Style.docStringLinter._lam_0._boxed took 0.344ms
interpretation of _private.Mathlib.Tactic.Linter.DocString.0.Mathlib.Linter.Style.moduleDocVersoLinter._lam_0._boxed took 0.0503ms
interpretation of Mathlib.Linter.EmptyLine.emptyLineLinter._lam_2._boxed took 0.0522ms
interpretation of _private.Mathlib.Tactic.Linter.GlobalAttributeIn.0.Mathlib.Linter.globalAttributeInLinter.globalAttributeIn._lam_0._boxed took 0.28ms
interpretation of _private.Mathlib.Tactic.Linter.HashCommandLinter.0.Mathlib.Linter.HashCommandLinter.withSetOptionIn'._boxed took 0.0985ms
interpretation of _private.Mathlib.Tactic.Linter.FlexibleLinter.0.Mathlib.Linter.Flexible.flexibleLinter._lam_0._boxed took 0.0334ms
interpretation of _private.Mathlib.Tactic.Linter.Multigoal.0.Mathlib.Linter.Style.multiGoal.multiGoalLinter._lam_0._boxed took 0.0308ms
interpretation of _private.Mathlib.Tactic.Linter.OldObtain.0.Mathlib.Linter.Style.oldObtainLinter._lam_0._boxed took 0.0438ms
interpretation of Mathlib.Linter.UnusedInstancesInType.withSetBoolOptionIn._boxed took 0.0579ms
interpretation of Mathlib.Linter.UnusedInstancesInType.withSetBoolOptionIn._boxed took 0.0377ms
overlappingInstancesLinter took 0.321ms
interpretation of Mathlib.Linter.UnusedInstancesInType.withSetBoolOptionIn._boxed took 0.107ms
interpretation of _private.Mathlib.Tactic.Linter.PrivateModule.0.Mathlib.Linter.privateModule._lam_1._boxed took 0.0434ms
interpretation of _private.Mathlib.Tactic.Linter.UnusedTactic.0.Mathlib.Linter.UnusedTactic.unusedTacticLinter._lam_0._boxed took 0.869ms
interpretation of _private.Mathlib.Tactic.Linter.Style.0.Mathlib.Linter.Style.setOption.setOptionLinter._lam_0._boxed took 0.043ms
interpretation of _private.Mathlib.Tactic.Linter.Style.0.Mathlib.Linter.Style.missingEnd.missingEndLinter._lam_0._boxed took 0.0449ms
interpretation of _private.Mathlib.Tactic.Linter.Style.0.Mathlib.Linter.Style.cdotLinter._lam_0._boxed took 0.0299ms
interpretation of _private.Mathlib.Tactic.Linter.Style.0.Mathlib.Linter.Style.dollarSyntax.dollarSyntaxLinter._lam_0._boxed took 0.0186ms
interpretation of _private.Mathlib.Tactic.Linter.Style.0.Mathlib.Linter.Style.lambdaSyntax.lambdaSyntaxLinter._lam_0._boxed took 0.0202ms
interpretation of _private.Mathlib.Tactic.Linter.Style.0.Mathlib.Linter.Style.longFile.longFileLinter._lam_0._boxed took 0.0251ms
interpretation of _private.Mathlib.Tactic.Linter.Style.0.Mathlib.Linter.Style.longLine.longLineLinter._lam_0._boxed took 0.0193ms
interpretation of _private.Mathlib.Tactic.Linter.Style.0.Mathlib.Linter.Style.nameCheck.doubleUnderscore._lam_2._boxed took 0.225ms
interpretation of _private.Mathlib.Tactic.Linter.Style.0.Mathlib.Linter.Style.openClassical.openClassicalLinter._lam_0._boxed took 0.0251ms
interpretation of _private.Mathlib.Tactic.Linter.Whitespace.0.Mathlib.Linter.Style.Whitespace.whitespaceLinter._lam_4._boxed took 0.0285ms
tacticAnalysis took 0.86ms
interpretation of Mathlib.TacticAnalysis.tacticAnalysis._lam_1._boxed took 0.069ms
interpretation of _private.Mathlib.Tactic.Linter.Lint.0.Mathlib.Linter.DupNamespaceLinter.dupNamespace._lam_1._boxed took 0.318ms
linting took 1.4ms
elaboration took 5.42ms
parsing took 0.0982ms
interpretation of _private.Mathlib.Tactic.Linter.Header.0.Mathlib.Linter.Style.header.headerLinter._lam_3._boxed took 0.0927ms
interpretation of _private.Mathlib.Tactic.Linter.AuxLemma.0.Mathlib.Linter.AuxLemma.auxLemmaLinter._lam_1._boxed took 0.226ms
interpretation of _private.Mathlib.Tactic.Linter.DeprecatedSyntaxLinter.0.Mathlib.Linter.Style.deprecatedSyntaxLinter._lam_1._boxed took 0.104ms
interpretation of _private.Mathlib.Tactic.Linter.DocPrime.0.Mathlib.Linter.DocPrime.docPrimeLinter._lam_3._boxed took 0.0676ms
interpretation of _private.Mathlib.Tactic.Linter.DocString.0.Mathlib.Linter.Style.docStringLinter._lam_0._boxed took 0.298ms
interpretation of _private.Mathlib.Tactic.Linter.DocString.0.Mathlib.Linter.Style.moduleDocVersoLinter._lam_0._boxed took 0.0483ms
interpretation of Mathlib.Linter.EmptyLine.emptyLineLinter._lam_2._boxed took 0.0674ms
interpretation of _private.Mathlib.Tactic.Linter.GlobalAttributeIn.0.Mathlib.Linter.globalAttributeInLinter.globalAttributeIn._lam_0._boxed took 0.31ms
interpretation of _private.Mathlib.Tactic.Linter.HashCommandLinter.0.Mathlib.Linter.HashCommandLinter.withSetOptionIn'._boxed took 0.131ms
interpretation of _private.Mathlib.Tactic.Linter.FlexibleLinter.0.Mathlib.Linter.Flexible.flexibleLinter._lam_0._boxed took 0.0877ms
interpretation of _private.Mathlib.Tactic.Linter.Multigoal.0.Mathlib.Linter.Style.multiGoal.multiGoalLinter._lam_0._boxed took 0.0928ms
interpretation of _private.Mathlib.Tactic.Linter.OldObtain.0.Mathlib.Linter.Style.oldObtainLinter._lam_0._boxed took 0.0325ms
interpretation of Mathlib.Linter.UnusedInstancesInType.withSetBoolOptionIn._boxed took 0.121ms
interpretation of Mathlib.Linter.UnusedInstancesInType.withSetBoolOptionIn._boxed took 0.117ms
overlappingInstancesLinter took 0.175ms
interpretation of Mathlib.Linter.UnusedInstancesInType.withSetBoolOptionIn._boxed took 0.23ms
interpretation of _private.Mathlib.Tactic.Linter.PrivateModule.0.Mathlib.Linter.privateModule._lam_1._boxed took 0.0494ms
interpretation of _private.Mathlib.Tactic.Linter.UnusedTactic.0.Mathlib.Linter.UnusedTactic.unusedTacticLinter._lam_0._boxed took 1.15ms
interpretation of _private.Mathlib.Tactic.Linter.Style.0.Mathlib.Linter.Style.setOption.setOptionLinter._lam_0._boxed took 0.13ms
interpretation of _private.Mathlib.Tactic.Linter.Style.0.Mathlib.Linter.Style.missingEnd.missingEndLinter._lam_0._boxed took 0.137ms
interpretation of _private.Mathlib.Tactic.Linter.Style.0.Mathlib.Linter.Style.cdotLinter._lam_0._boxed took 0.0707ms
interpretation of _private.Mathlib.Tactic.Linter.Style.0.Mathlib.Linter.Style.dollarSyntax.dollarSyntaxLinter._lam_0._boxed took 0.0448ms
interpretation of _private.Mathlib.Tactic.Linter.Style.0.Mathlib.Linter.Style.lambdaSyntax.lambdaSyntaxLinter._lam_0._boxed took 0.0238ms
interpretation of _private.Mathlib.Tactic.Linter.Style.0.Mathlib.Linter.Style.longFile.longFileLinter._lam_0._boxed took 0.0325ms
interpretation of _private.Mathlib.Tactic.Linter.Style.0.Mathlib.Linter.Style.longLine.longLineLinter._lam_0._boxed took 0.0377ms
interpretation of _private.Mathlib.Tactic.Linter.Style.0.Mathlib.Linter.Style.nameCheck.doubleUnderscore._lam_2._boxed took 0.417ms
interpretation of _private.Mathlib.Tactic.Linter.Style.0.Mathlib.Linter.Style.openClassical.openClassicalLinter._lam_0._boxed took 0.0336ms
interpretation of _private.Mathlib.Tactic.Linter.Whitespace.0.Mathlib.Linter.Style.Whitespace.whitespaceLinter._lam_4._boxed took 0.112ms
tacticAnalysis took 0.59ms
interpretation of Mathlib.TacticAnalysis.tacticAnalysis._lam_1._boxed took 0.118ms
interpretation of _private.Mathlib.Tactic.Linter.Lint.0.Mathlib.Linter.DupNamespaceLinter.dupNamespace._lam_1._boxed took 0.571ms
linting took 1.61ms
elaboration took 0.317ms
parsing took 7.87ms
attribute application took 0.0316ms
instantiate metavars took 0.0033ms
instantiate metavars took 0.0017ms
typeclass inference of Monad took 0.26ms
typeclass inference of Lean.MonadEnv took 0.128ms
typeclass inference of MonadFinally took 0.232ms
typeclass inference of OfNat took 0.278ms
typeclass inference of GetElem took 0.247ms
typeclass inference of OfNat took 0.132ms
typeclass inference of GetElem took 0.18ms
typeclass inference of GetElem took 0.477ms
typeclass inference of Monad took 0.238ms
typeclass inference of Lean.MonadMCtx took 0.0903ms
typeclass inference of Monad took 0.121ms
typeclass inference of Lean.MonadMCtx took 0.976ms
typeclass inference of OfNat took 0.299ms
typeclass inference of GetElem took 0.39ms
typeclass inference of OfNat took 0.273ms
typeclass inference of GetElem took 0.356ms
typeclass inference of GetElem took 0.242ms
typeclass inference of MonadLiftT took 2.49ms
typeclass inference of ForIn took 2.03ms
typeclass inference of CoeT took 2.27ms
typeclass inference of Decidable took 0.304ms
typeclass inference of MonadLiftT took 0.0422ms
typeclass inference of Bind took 1.21ms
do element elaborator of Lean.Parser.Term.doExpr took 4.47ms
typeclass inference of Pure took 0.763ms
typeclass inference of Pure took 1.38ms
typeclass inference of Pure took 0.0156ms
typeclass inference of Bind took 0.0172ms
do element elaborator of Lean.Parser.Term.doExpr took 2.73ms
typeclass inference of Pure took 0.0151ms
do element elaborator of Lean.Parser.Term.doReassign took 3.99ms
do element elaborator of Lean.Parser.Term.doIf took 3.12ms
do element elaborator of Lean.Parser.Term.doLetArrow took 0.135ms
typeclass inference of MonadLiftT took 0.023ms
typeclass inference of ForIn took 0.189ms
typeclass inference of CoeT took 0.0407ms
typeclass inference of Decidable took 0.0366ms
typeclass inference of MonadLiftT took 0.0193ms
typeclass inference of Bind took 0.0135ms
do element elaborator of Lean.Parser.Term.doExpr took 4.63ms
typeclass inference of Pure took 0.338ms
typeclass inference of Pure took 0.0162ms
typeclass inference of Pure took 0.0101ms
typeclass inference of Bind took 0.0122ms
do element elaborator of Lean.Parser.Term.doExpr took 1.31ms
typeclass inference of Pure took 0.0195ms
do element elaborator of Lean.Parser.Term.doReassign took 1.94ms
do element elaborator of Lean.Parser.Term.doIf took 1.78ms
do element elaborator of Lean.Parser.Term.doLetArrow took 0.0798ms
typeclass inference of MonadLiftT took 0.249ms
typeclass inference of Monad took 0.169ms
typeclass inference of Monad took 0.12ms
typeclass inference of MonadLiftT took 2.04ms
typeclass inference of CoeT took 2.04ms
typeclass inference of Decidable took 0.223ms
typeclass inference of Monad took 0.208ms
typeclass inference of Lean.MonadLog took 0.116ms
typeclass inference of Lean.AddMessageContext took 0.102ms
typeclass inference of Lean.MonadOptions took 0.117ms
typeclass inference of Lean.ToMessageData took 0.104ms
typeclass inference of Lean.ToMessageData took 0.105ms
typeclass inference of HAppend took 0.559ms
typeclass inference of HAppend took 0.608ms
typeclass inference of Monad took 0.0191ms
typeclass inference of Lean.MonadLog took 3.34ms
typeclass inference of Lean.AddMessageContext took 1.76ms
typeclass inference of Lean.MonadOptions took 2.69ms
typeclass inference of Pure took 0.0266ms
typeclass inference of Pure took 0.0121ms
do element elaborator of Lean.Parser.Term.doExpr took 3.94ms
typeclass inference of Monad took 0.46ms
typeclass inference of Lean.MonadLog took 0.102ms
typeclass inference of Lean.AddMessageContext took 0.125ms
typeclass inference of Lean.MonadOptions took 0.101ms
typeclass inference of CoeT took 1.81ms
typeclass inference of Monad took 0.0201ms
typeclass inference of Lean.MonadLog took 0.0163ms
typeclass inference of Lean.AddMessageContext took 0.009ms
typeclass inference of Lean.MonadOptions took 0.0144ms
typeclass inference of Pure took 0.0082ms
typeclass inference of Pure took 0.0065ms
do element elaborator of Lean.Parser.Term.doExpr took 3.33ms
do element elaborator of Lean.Parser.Term.doIf took 1.72ms
typeclass inference of Bind took 0.0127ms
do element elaborator of Lean.Parser.Term.doExpr took 2.68ms
do element elaborator of Lean.Parser.Term.doLetArrow took 0.116ms
typeclass inference of Bind took 0.0192ms
do element elaborator of Lean.Parser.Term.doFor took 0.783ms
typeclass inference of Bind took 0.013ms
do element elaborator of Lean.Parser.Term.doExpr took 1.38ms
do element elaborator of Lean.Parser.Term.doLetArrow took 0.203ms
do element elaborator of Lean.Parser.Term.doFor took 0.0736ms
typeclass inference of Bind took 0.0129ms
do element elaborator of Lean.Parser.Term.doFor took 1.08ms
typeclass inference of Bind took 0.0157ms
do element elaborator of Lean.Parser.Term.doExpr took 1.44ms
do element elaborator of Lean.Parser.Term.doLetArrow took 0.0841ms
do element elaborator of Lean.Parser.Term.doFor took 0.0592ms
do element elaborator of Lean.Parser.Term.doLet took 1.41ms
do element elaborator of Lean.Parser.Term.doLet took 1.98ms
typeclass inference of Bind took 0.0188ms
do element elaborator of Lean.Parser.Term.doExpr took 1.57ms
do element elaborator of Lean.Parser.Term.doLetArrow took 0.117ms
typeclass inference of Bind took 0.0121ms
do element elaborator of Lean.Parser.Term.doExpr took 1.23ms
do element elaborator of Lean.Parser.Term.doLetArrow took 0.0765ms
do element elaborator of Lean.Parser.Term.doLetArrow took 0.0604ms
typeclass inference of Bind took 0.011ms
do element elaborator of Lean.Parser.Term.doExpr took 0.71ms
typeclass inference of Bind took 0.0112ms
do element elaborator of Lean.Parser.Term.doExpr took 3.05ms
do element elaborator of Lean.Parser.Term.doLetArrow took 0.0924ms
typeclass inference of Monad took 0.118ms
typeclass inference of Lean.MonadEnv took 0.0811ms
typeclass inference of MonadFinally took 0.691ms
tactic execution of Lean.Parser.Tactic.done took 0.142ms
tactic execution of Lean.Parser.Tactic.tacticSeq1Indented took 0.0527ms
tactic execution of Lean.Parser.Tactic.tacticSeq took 0.0315ms
tactic execution of Lean.Parser.Tactic.assumption took 0.0673ms
tactic execution of Lean.Parser.Tactic.tacticSeq1Indented took 0.0377ms
tactic execution of Lean.Parser.Tactic.tacticSeq took 0.0354ms
typeclass inference of LE took 0.203ms
typeclass inference of LE took 0.156ms
typeclass inference of LE took 0.208ms
typeclass inference of LE took 0.183ms
typeclass inference of LE took 0.315ms
typeclass inference of LE took 0.217ms
tactic execution of Lean.Parser.Tactic.rewriteSeq took 3.61ms
tactic execution of Lean.Parser.Tactic.tacticSeq1Indented took 0.0618ms
tactic execution of Lean.Parser.Tactic.tacticSeq took 0.0292ms
tactic execution of Lean.Parser.Tactic.paren took 0.0293ms
tactic execution of Lean.Parser.Tactic.rwSeq took 0.0496ms
tactic execution of Lean.Parser.Tactic.tacticSeq1Indented took 0.0461ms
tactic execution of Lean.Parser.Tactic.tacticSeq took 0.0382ms
tactic execution of Lean.Parser.Tactic.skip took 0.0236ms
tactic execution of Lean.Parser.Tactic.tacticSeq1Indented took 0.0377ms
tactic execution of Lean.Parser.Tactic.tacticSeq took 0.0387ms
tactic execution of Lean.Parser.Tactic.first took 0.0661ms
tactic execution of Lean.Parser.Tactic.tacticTry_ took 0.0354ms
typeclass inference of LE took 0.264ms
typeclass inference of LT took 0.223ms
typeclass inference of LE took 0.15ms
typeclass inference of LT took 0.111ms
typeclass inference of LE took 0.16ms
typeclass inference of LT took 0.134ms
typeclass inference of LE took 0.166ms
typeclass inference of LT took 0.126ms
typeclass inference of LE took 0.164ms
typeclass inference of LT took 0.173ms
typeclass inference of LE took 0.137ms
typeclass inference of LT took 0.122ms
tactic execution of Lean.Parser.Tactic.rewriteSeq took 3.74ms
tactic execution of Lean.Parser.Tactic.tacticSeq1Indented took 0.0498ms
tactic execution of Lean.Parser.Tactic.tacticSeq took 0.0255ms
tactic execution of Lean.Parser.Tactic.paren took 0.0314ms
tactic execution of Lean.Parser.Tactic.rwSeq took 0.0514ms
tactic execution of Lean.Parser.Tactic.tacticSeq1Indented took 0.0349ms
tactic execution of Lean.Parser.Tactic.tacticSeq took 0.0249ms
tactic execution of Lean.Parser.Tactic.skip took 0.007ms
tactic execution of Lean.Parser.Tactic.tacticSeq1Indented took 0.0432ms
tactic execution of Lean.Parser.Tactic.tacticSeq took 0.0331ms
tactic execution of Lean.Parser.Tactic.first took 0.0549ms
tactic execution of Lean.Parser.Tactic.tacticTry_ took 0.0412ms
typeclass inference of LE took 0.182ms
typeclass inference of LE took 0.123ms
typeclass inference of LE took 0.143ms
typeclass inference of LE took 0.129ms
typeclass inference of LE took 0.136ms
typeclass inference of LE took 0.123ms
tactic execution of Lean.Parser.Tactic.rewriteSeq took 2.97ms
tactic execution of Lean.Parser.Tactic.tacticSeq1Indented took 0.0379ms
tactic execution of Lean.Parser.Tactic.tacticSeq took 0.0227ms
tactic execution of Lean.Parser.Tactic.paren took 0.0273ms
tactic execution of Lean.Parser.Tactic.rwSeq took 0.031ms
tactic execution of Lean.Parser.Tactic.tacticSeq1Indented took 0.028ms
tactic execution of Lean.Parser.Tactic.tacticSeq took 0.0287ms
tactic execution of Lean.Parser.Tactic.skip took 0.0076ms
tactic execution of Lean.Parser.Tactic.tacticSeq1Indented took 0.0315ms
tactic execution of Lean.Parser.Tactic.tacticSeq took 0.0349ms
tactic execution of Lean.Parser.Tactic.first took 0.0512ms
tactic execution of Lean.Parser.Tactic.tacticTry_ took 0.0429ms
typeclass inference of LE took 0.197ms
typeclass inference of LT took 0.163ms
typeclass inference of LE took 0.116ms
typeclass inference of LT took 0.112ms
typeclass inference of LE took 0.406ms
typeclass inference of LT took 0.324ms
typeclass inference of LE took 0.336ms
typeclass inference of LT took 0.456ms
typeclass inference of LE took 0.6ms
typeclass inference of LT took 0.401ms
typeclass inference of LE took 0.29ms
typeclass inference of LT took 0.306ms
tactic execution of Lean.Parser.Tactic.rewriteSeq took 5.63ms
tactic execution of Lean.Parser.Tactic.tacticSeq1Indented took 0.0944ms
tactic execution of Lean.Parser.Tactic.tacticSeq took 0.0396ms
tactic execution of Lean.Parser.Tactic.paren took 0.0379ms
tactic execution of Lean.Parser.Tactic.rwSeq took 0.0433ms
tactic execution of Lean.Parser.Tactic.tacticSeq1Indented took 0.0334ms
tactic execution of Lean.Parser.Tactic.tacticSeq took 0.0267ms
tactic execution of Lean.Parser.Tactic.skip took 0.0111ms
tactic execution of Lean.Parser.Tactic.tacticSeq1Indented took 0.0366ms
tactic execution of Lean.Parser.Tactic.tacticSeq took 0.0508ms
tactic execution of Lean.Parser.Tactic.first took 0.0684ms
tactic execution of Lean.Parser.Tactic.tacticTry_ took 0.0548ms
typeclass inference of LT took 0.41ms
typeclass inference of LT took 0.228ms
typeclass inference of LT took 0.218ms
typeclass inference of LT took 0.123ms
typeclass inference of LT took 0.166ms
typeclass inference of LT took 0.13ms
tactic execution of Lean.Parser.Tactic.rewriteSeq took 5.38ms
tactic execution of Lean.Parser.Tactic.tacticSeq1Indented took 0.0513ms
tactic execution of Lean.Parser.Tactic.tacticSeq took 0.0259ms
tactic execution of Lean.Parser.Tactic.paren took 0.0349ms
tactic execution of Lean.Parser.Tactic.rwSeq took 0.0365ms
tactic execution of Lean.Parser.Tactic.tacticSeq1Indented took 0.0289ms
tactic execution of Lean.Parser.Tactic.tacticSeq took 0.0225ms
tactic execution of Lean.Parser.Tactic.skip took 0.008ms
tactic execution of Lean.Parser.Tactic.tacticSeq1Indented took 0.0341ms
tactic execution of Lean.Parser.Tactic.tacticSeq took 0.0357ms
tactic execution of Lean.Parser.Tactic.first took 0.0557ms
tactic execution of Lean.Parser.Tactic.tacticTry_ took 0.0554ms
typeclass inference of LT took 0.227ms
typeclass inference of LT took 0.134ms
typeclass inference of LT took 0.252ms
typeclass inference of LT took 0.18ms
typeclass inference of LT took 0.406ms
typeclass inference of LT took 0.216ms
tactic execution of Lean.Parser.Tactic.rewriteSeq took 4.58ms
tactic execution of Lean.Parser.Tactic.tacticSeq1Indented took 0.0489ms
tactic execution of Lean.Parser.Tactic.tacticSeq took 0.0296ms
tactic execution of Lean.Parser.Tactic.paren took 0.0333ms
tactic execution of Lean.Parser.Tactic.rwSeq took 0.06ms
tactic execution of Lean.Parser.Tactic.tacticSeq1Indented took 0.0487ms
tactic execution of Lean.Parser.Tactic.tacticSeq took 0.0462ms
tactic execution of Lean.Parser.Tactic.skip took 0.0139ms
tactic execution of Lean.Parser.Tactic.tacticSeq1Indented took 0.0642ms
tactic execution of Lean.Parser.Tactic.tacticSeq took 0.0591ms
tactic execution of Lean.Parser.Tactic.first took 0.112ms
tactic execution of Lean.Parser.Tactic.tacticTry_ took 0.0677ms
typeclass inference of LE took 0.549ms
typeclass inference of LE took 0.304ms
typeclass inference of LE took 0.232ms
typeclass inference of LE took 0.169ms
typeclass inference of LE took 0.246ms
typeclass inference of LE took 0.147ms
tactic execution of Lean.Parser.Tactic.rewriteSeq took 7.11ms
tactic execution of Lean.Parser.Tactic.tacticSeq1Indented took 0.0846ms
tactic execution of Lean.Parser.Tactic.tacticSeq took 0.0484ms
tactic execution of Lean.Parser.Tactic.paren took 0.0368ms
tactic execution of Lean.Parser.Tactic.rwSeq took 0.0385ms
tactic execution of Lean.Parser.Tactic.tacticSeq1Indented took 0.0379ms
tactic execution of Lean.Parser.Tactic.tacticSeq took 0.0276ms
tactic execution of Lean.Parser.Tactic.skip took 0.0103ms
tactic execution of Lean.Parser.Tactic.tacticSeq1Indented took 0.0386ms
tactic execution of Lean.Parser.Tactic.tacticSeq took 0.0451ms
tactic execution of Lean.Parser.Tactic.first took 0.0598ms
tactic execution of Lean.Parser.Tactic.tacticTry_ took 0.0524ms
typeclass inference of LT took 0.296ms
typeclass inference of LT took 0.164ms
typeclass inference of LT took 0.239ms
typeclass inference of LT took 0.164ms
typeclass inference of LT took 0.18ms
typeclass inference of LT took 0.151ms
tactic execution of Lean.Parser.Tactic.rewriteSeq took 3.5ms
tactic execution of Lean.Parser.Tactic.tacticSeq1Indented took 0.0675ms
tactic execution of Lean.Parser.Tactic.tacticSeq took 0.0432ms
tactic execution of Lean.Parser.Tactic.paren took 0.0498ms
tactic execution of Lean.Parser.Tactic.rwSeq took 0.0534ms
tactic execution of Lean.Parser.Tactic.tacticSeq1Indented took 0.0501ms
tactic execution of Lean.Parser.Tactic.tacticSeq took 0.0407ms
tactic execution of Lean.Parser.Tactic.skip took 0.0111ms
tactic execution of Lean.Parser.Tactic.tacticSeq1Indented took 0.044ms
tactic execution of Lean.Parser.Tactic.tacticSeq took 0.0684ms
tactic execution of Lean.Parser.Tactic.first took 0.0899ms
tactic execution of Lean.Parser.Tactic.tacticTry_ took 0.0938ms
tactic execution of Lean.Parser.Tactic.rewriteSeq took 4.04ms
tactic execution of Lean.Parser.Tactic.tacticSeq1Indented took 0.253ms
tactic execution of Lean.Parser.Tactic.tacticSeq took 0.0797ms
tactic execution of Lean.Parser.Tactic.paren took 0.0624ms
tactic execution of Lean.Parser.Tactic.rwSeq took 0.0642ms
tactic execution of Lean.Parser.Tactic.tacticSeq1Indented took 0.0411ms
tactic execution of Lean.Parser.Tactic.tacticSeq took 0.0347ms
tactic execution of Lean.Parser.Tactic.skip took 0.0094ms
tactic execution of Lean.Parser.Tactic.tacticSeq1Indented took 0.032ms
tactic execution of Lean.Parser.Tactic.tacticSeq took 0.0452ms
tactic execution of Lean.Parser.Tactic.first took 0.113ms
tactic execution of Lean.Parser.Tactic.tacticTry_ took 0.0506ms
dsimp took 0.0749ms
tactic execution of Lean.Parser.Tactic.dsimp took 1.84ms
tactic execution of Lean.Parser.Tactic.tacticSeq1Indented took 0.0654ms
tactic execution of Lean.Parser.Tactic.tacticSeq took 0.0521ms
tactic execution of Lean.Parser.Tactic.first took 0.0615ms
tactic execution of Lean.Parser.Tactic.tacticTry_ took 0.078ms
tactic execution of Lean.Parser.Tactic.simp took 0.592ms
tactic execution of Lean.Parser.Tactic.tacticSeq1Indented took 0.126ms
tactic execution of Lean.Parser.Tactic.tacticSeq took 0.0453ms
tactic execution of Lean.Parser.Tactic.skip took 0.0085ms
tactic execution of Lean.Parser.Tactic.tacticSeq1Indented took 0.0347ms
tactic execution of Lean.Parser.Tactic.tacticSeq took 0.0521ms
tactic execution of Lean.Parser.Tactic.first took 0.0921ms
tactic execution of Lean.Parser.Tactic.tacticTry_ took 0.0653ms
tactic execution of Lean.Parser.Tactic.omega took 0.354ms
tactic execution of Lean.Parser.Tactic.tacticSeq1Indented took 0.447ms
tactic execution of Lean.Parser.Tactic.tacticSeq took 0.0623ms
tactic execution of Lean.Parser.Tactic.done took 0.184ms
tactic execution of Lean.Parser.Tactic.tacticSeq1Indented took 0.071ms
tactic execution of Lean.Parser.Tactic.tacticSeq took 0.0536ms
tactic execution of Lean.Parser.Tactic.first took 0.11ms
typeclass inference of LE took 0.365ms
typeclass inference of LT took 0.195ms
typeclass inference of LE took 0.185ms
typeclass inference of LT took 0.158ms
typeclass inference of LT took 0.134ms
tactic execution of Lean.Parser.Tactic.apply took 2.41ms
tactic execution of Lean.Parser.Tactic.tacticSeq1Indented took 0.0618ms
tactic execution of Lean.Parser.Tactic.tacticSeq took 0.0384ms
typeclass inference of LE took 0.459ms
typeclass inference of LT took 0.352ms
typeclass inference of LE took 0.237ms
typeclass inference of LT took 0.225ms
typeclass inference of LT took 0.276ms
tactic execution of Lean.Parser.Tactic.apply took 3.25ms
tactic execution of Lean.Parser.Tactic.tacticSeq1Indented took 0.101ms
tactic execution of Lean.Parser.Tactic.tacticSeq took 0.0841ms
typeclass inference of LE took 0.26ms
typeclass inference of LT took 0.171ms
typeclass inference of LE took 0.123ms
typeclass inference of LT took 0.121ms
typeclass inference of LT took 0.114ms
tactic execution of Lean.Parser.Tactic.apply took 1.93ms
tactic execution of Lean.Parser.Tactic.tacticSeq1Indented took 0.0846ms
tactic execution of Lean.Parser.Tactic.tacticSeq took 0.0562ms
tactic execution of Lean.Parser.Tactic.done took 0.103ms
tactic execution of Lean.Parser.Tactic.tacticSeq1Indented took 0.0623ms
tactic execution of Lean.Parser.Tactic.tacticSeq took 0.0538ms
tactic execution of Lean.Parser.Tactic.first took 0.264ms
tactic execution of Lean.Parser.Tactic.apply took 0.881ms
tactic execution of Lean.Parser.Tactic.seq1 took 0.0577ms
tactic execution of Lean.Parser.Tactic.apply took 0.58ms
tactic execution of Lean.Parser.Tactic.tacticSeq1Indented took 0.0612ms
tactic execution of Lean.Parser.Tactic.tacticSeq took 0.0298ms
tactic execution of Lean.Parser.Tactic.withReducible took 0.0304ms
tactic execution of Lean.Parser.Tactic.tacticSeq1Indented took 0.0293ms
tactic execution of Lean.Parser.Tactic.tacticSeq took 0.0234ms
tactic execution of Lean.Parser.Tactic.paren took 0.0401ms
tactic execution of Lean.Parser.Tactic.seq1 took 0.0418ms
tactic execution of Lean.Parser.Tactic.apply took 0.671ms
tactic execution of Lean.Parser.Tactic.tacticSeq1Indented took 0.0654ms
tactic execution of Lean.Parser.Tactic.tacticSeq took 0.0416ms
tactic execution of Lean.Parser.Tactic.focus took 0.0804ms
tactic execution of Lean.Parser.Tactic.tactic_<;>_ took 0.0649ms
tactic execution of Lean.Parser.Tactic.apply took 0.354ms
tactic execution of Lean.Parser.Tactic.tacticTrivial took 0.619ms
tactic execution of tacticGet_elem_tactic_extensible took 0.773ms
tactic execution of Lean.Parser.Tactic.tacticSeq1Indented took 0.0472ms
tactic execution of Lean.Parser.Tactic.tacticSeq took 0.0427ms
tactic execution of Lean.Parser.Tactic.first took 0.103ms
tactic execution of tacticGet_elem_tactic took 0.0844ms
tactic execution of Lean.Parser.Tactic.tacticSeq1Indented took 0.0451ms
tactic execution of Lean.Parser.Tactic.tacticSeq took 0.448ms
tactic execution of Lean.Parser.Tactic.done took 0.066ms
tactic execution of Lean.Parser.Tactic.tacticSeq1Indented took 0.0717ms
tactic execution of Lean.Parser.Tactic.tacticSeq took 0.0509ms
tactic execution of Lean.Parser.Tactic.assumption took 0.109ms
tactic execution of Lean.Parser.Tactic.tacticSeq1Indented took 0.0617ms
tactic execution of Lean.Parser.Tactic.tacticSeq took 0.0503ms
typeclass inference of LE took 0.34ms
typeclass inference of LE took 0.211ms
typeclass inference of LE took 0.326ms
typeclass inference of LE took 0.233ms
typeclass inference of LE took 0.5ms
typeclass inference of LE took 0.3ms
typeclass inference of LE took 0.351ms
typeclass inference of LE took 0.215ms
typeclass inference of LE took 0.278ms
typeclass inference of LE took 0.135ms
tactic execution of Lean.Parser.Tactic.rewriteSeq took 8.31ms
tactic execution of Lean.Parser.Tactic.tacticSeq1Indented took 0.0499ms
tactic execution of Lean.Parser.Tactic.tacticSeq took 0.0307ms
tactic execution of Lean.Parser.Tactic.paren took 0.0373ms
tactic execution of Lean.Parser.Tactic.rwSeq took 0.0493ms
tactic execution of Lean.Parser.Tactic.tacticSeq1Indented took 0.0332ms
tactic execution of Lean.Parser.Tactic.tacticSeq took 0.0243ms
tactic execution of Lean.Parser.Tactic.skip took 0.0074ms
tactic execution of Lean.Parser.Tactic.tacticSeq1Indented took 0.0324ms
tactic execution of Lean.Parser.Tactic.tacticSeq took 0.0447ms
tactic execution of Lean.Parser.Tactic.first took 0.0804ms
tactic execution of Lean.Parser.Tactic.tacticTry_ took 0.0525ms
typeclass inference of LE took 0.234ms
typeclass inference of LT took 0.259ms
typeclass inference of LE took 0.239ms
typeclass inference of LT took 0.215ms
typeclass inference of LE took 0.181ms
typeclass inference of LT took 0.141ms
typeclass inference of LE took 0.134ms
typeclass inference of LT took 0.137ms
typeclass inference of LE took 0.174ms
typeclass inference of LT took 0.147ms
typeclass inference of LE took 0.115ms
typeclass inference of LT took 0.274ms
typeclass inference of LE took 0.771ms
typeclass inference of LT took 0.857ms
typeclass inference of LE took 0.208ms
typeclass inference of LT took 0.169ms
typeclass inference of LE took 0.515ms
typeclass inference of LT took 0.356ms
typeclass inference of LE took 0.302ms
typeclass inference of LT took 0.185ms
tactic execution of Lean.Parser.Tactic.rewriteSeq took 7.93ms
tactic execution of Lean.Parser.Tactic.tacticSeq1Indented took 0.0642ms
tactic execution of Lean.Parser.Tactic.tacticSeq took 0.0491ms
tactic execution of Lean.Parser.Tactic.paren took 0.0605ms
tactic execution of Lean.Parser.Tactic.rwSeq took 0.071ms
tactic execution of Lean.Parser.Tactic.tacticSeq1Indented took 0.048ms
tactic execution of Lean.Parser.Tactic.tacticSeq took 0.0397ms
tactic execution of Lean.Parser.Tactic.skip took 0.0123ms
tactic execution of Lean.Parser.Tactic.tacticSeq1Indented took 0.0425ms
tactic execution of Lean.Parser.Tactic.tacticSeq took 0.0492ms
tactic execution of Lean.Parser.Tactic.first took 0.075ms
tactic execution of Lean.Parser.Tactic.tacticTry_ took 0.0501ms
typeclass inference of LE took 0.461ms
typeclass inference of LE took 0.241ms
typeclass inference of LE took 0.186ms
typeclass inference of LE took 0.137ms
typeclass inference of LE took 0.157ms
typeclass inference of LE took 0.119ms
typeclass inference of LE took 0.158ms
typeclass inference of LE took 0.138ms
typeclass inference of LE took 0.16ms
typeclass inference of LE took 0.129ms
tactic execution of Lean.Parser.Tactic.rewriteSeq took 6.31ms
tactic execution of Lean.Parser.Tactic.tacticSeq1Indented took 0.0432ms
tactic execution of Lean.Parser.Tactic.tacticSeq took 0.0299ms
tactic execution of Lean.Parser.Tactic.paren took 0.0373ms
tactic execution of Lean.Parser.Tactic.rwSeq took 0.0439ms
tactic execution of Lean.Parser.Tactic.tacticSeq1Indented took 0.0349ms
tactic execution of Lean.Parser.Tactic.tacticSeq took 0.0252ms
tactic execution of Lean.Parser.Tactic.skip took 0.0093ms
tactic execution of Lean.Parser.Tactic.tacticSeq1Indented took 0.0348ms
tactic execution of Lean.Parser.Tactic.tacticSeq took 0.0361ms
tactic execution of Lean.Parser.Tactic.first took 0.0715ms
tactic execution of Lean.Parser.Tactic.tacticTry_ took 0.0747ms
typeclass inference of LE took 0.201ms
typeclass inference of LT took 0.16ms
typeclass inference of LE took 0.142ms
typeclass inference of LT took 0.116ms
typeclass inference of LE took 0.155ms
typeclass inference of LT took 0.157ms
typeclass inference of LE took 0.118ms
typeclass inference of LT took 0.122ms
typeclass inference of LE took 0.151ms
typeclass inference of LT took 0.152ms
typeclass inference of LE took 0.16ms
typeclass inference of LT took 0.121ms
typeclass inference of LE took 0.352ms
typeclass inference of LT took 0.307ms
typeclass inference of LE took 0.237ms
typeclass inference of LT took 0.21ms
typeclass inference of LE took 0.185ms
typeclass inference of LT took 0.159ms
typeclass inference of LE took 0.137ms
typeclass inference of LT took 0.129ms
tactic execution of Lean.Parser.Tactic.rewriteSeq took 6ms
tactic execution of Lean.Parser.Tactic.tacticSeq1Indented took 0.0558ms
tactic execution of Lean.Parser.Tactic.tacticSeq took 0.0278ms
tactic execution of Lean.Parser.Tactic.paren took 0.0343ms
tactic execution of Lean.Parser.Tactic.rwSeq took 0.036ms
tactic execution of Lean.Parser.Tactic.tacticSeq1Indented took 0.0235ms
tactic execution of Lean.Parser.Tactic.tacticSeq took 0.0251ms
tactic execution of Lean.Parser.Tactic.skip took 0.0071ms
tactic execution of Lean.Parser.Tactic.tacticSeq1Indented took 0.0458ms
tactic execution of Lean.Parser.Tactic.tacticSeq took 0.0383ms
tactic execution of Lean.Parser.Tactic.first took 0.054ms
tactic execution of Lean.Parser.Tactic.tacticTry_ took 0.0427ms
typeclass inference of LT took 0.177ms
typeclass inference of LT took 0.128ms
typeclass inference of LT took 0.139ms
typeclass inference of LT took 0.116ms
typeclass inference of LT took 0.152ms
typeclass inference of LT took 0.134ms
typeclass inference of LT took 0.172ms
typeclass inference of LT took 0.124ms
typeclass inference of LT took 0.142ms
typeclass inference of LT took 0.132ms
tactic execution of Lean.Parser.Tactic.rewriteSeq took 4.7ms
tactic execution of Lean.Parser.Tactic.tacticSeq1Indented took 0.0461ms
tactic execution of Lean.Parser.Tactic.tacticSeq took 0.0299ms
tactic execution of Lean.Parser.Tactic.paren took 0.0307ms
tactic execution of Lean.Parser.Tactic.rwSeq took 0.0364ms
tactic execution of Lean.Parser.Tactic.tacticSeq1Indented took 0.0309ms
tactic execution of Lean.Parser.Tactic.tacticSeq took 0.0304ms
tactic execution of Lean.Parser.Tactic.skip took 0.0077ms
tactic execution of Lean.Parser.Tactic.tacticSeq1Indented took 0.0355ms
tactic execution of Lean.Parser.Tactic.tacticSeq took 0.0368ms
tactic execution of Lean.Parser.Tactic.first took 0.0798ms
tactic execution of Lean.Parser.Tactic.tacticTry_ took 0.0537ms
typeclass inference of LT took 0.166ms
typeclass inference of LT took 0.129ms
typeclass inference of LT took 0.169ms
typeclass inference of LT took 0.136ms
typeclass inference of LT took 0.149ms
typeclass inference of LT took 0.127ms
typeclass inference of LT took 0.207ms
typeclass inference of LT took 0.122ms
typeclass inference of LT took 0.176ms
typeclass inference of LT took 0.123ms
tactic execution of Lean.Parser.Tactic.rewriteSeq took 4.85ms
tactic execution of Lean.Parser.Tactic.tacticSeq1Indented took 0.045ms
tactic execution of Lean.Parser.Tactic.tacticSeq took 0.0293ms
tactic execution of Lean.Parser.Tactic.paren took 0.0274ms
tactic execution of Lean.Parser.Tactic.rwSeq took 0.0371ms
tactic execution of Lean.Parser.Tactic.tacticSeq1Indented took 0.0329ms
tactic execution of Lean.Parser.Tactic.tacticSeq took 0.0224ms
tactic execution of Lean.Parser.Tactic.skip took 0.0094ms
tactic execution of Lean.Parser.Tactic.tacticSeq1Indented took 0.0334ms
tactic execution of Lean.Parser.Tactic.tacticSeq took 0.0593ms
tactic execution of Lean.Parser.Tactic.first took 0.0599ms
tactic execution of Lean.Parser.Tactic.tacticTry_ took 0.0564ms
typeclass inference of LE took 0.381ms
typeclass inference of LE took 0.254ms
typeclass inference of LE took 0.683ms
typeclass inference of LE took 0.293ms
typeclass inference of LE took 0.628ms
typeclass inference of LE took 0.257ms
typeclass inference of LE took 0.402ms
typeclass inference of LE took 0.346ms
typeclass inference of LE took 0.394ms
typeclass inference of LE took 0.23ms
tactic execution of Lean.Parser.Tactic.rewriteSeq took 9.47ms
tactic execution of Lean.Parser.Tactic.tacticSeq1Indented took 0.0659ms
tactic execution of Lean.Parser.Tactic.tacticSeq took 0.0656ms
tactic execution of Lean.Parser.Tactic.paren took 0.0388ms
tactic execution of Lean.Parser.Tactic.rwSeq took 0.0378ms
tactic execution of Lean.Parser.Tactic.tacticSeq1Indented took 0.0455ms
tactic execution of Lean.Parser.Tactic.tacticSeq took 0.0276ms
tactic execution of Lean.Parser.Tactic.skip took 0.0099ms
tactic execution of Lean.Parser.Tactic.tacticSeq1Indented took 0.0318ms
tactic execution of Lean.Parser.Tactic.tacticSeq took 0.0452ms
tactic execution of Lean.Parser.Tactic.first took 0.061ms
tactic execution of Lean.Parser.Tactic.tacticTry_ took 0.0388ms
typeclass inference of LT took 0.314ms
typeclass inference of LT took 0.27ms
typeclass inference of LT took 0.382ms
typeclass inference of LT took 0.167ms
typeclass inference of LT took 0.2ms
typeclass inference of LT took 0.141ms
typeclass inference of LT took 0.158ms
typeclass inference of LT took 0.131ms
typeclass inference of LT took 0.321ms
typeclass inference of LT took 0.274ms
tactic execution of Lean.Parser.Tactic.rewriteSeq took 6.24ms
tactic execution of Lean.Parser.Tactic.tacticSeq1Indented took 0.0481ms
tactic execution of Lean.Parser.Tactic.tacticSeq took 0.0322ms
tactic execution of Lean.Parser.Tactic.paren took 0.0342ms
tactic execution of Lean.Parser.Tactic.rwSeq took 0.0425ms
tactic execution of Lean.Parser.Tactic.tacticSeq1Indented took 0.033ms
tactic execution of Lean.Parser.Tactic.tacticSeq took 0.0401ms
tactic execution of Lean.Parser.Tactic.skip took 0.0314ms
tactic execution of Lean.Parser.Tactic.tacticSeq1Indented took 0.0512ms
tactic execution of Lean.Parser.Tactic.tacticSeq took 0.0686ms
tactic execution of Lean.Parser.Tactic.first took 0.0898ms
tactic execution of Lean.Parser.Tactic.tacticTry_ took 0.0528ms
tactic execution of Lean.Parser.Tactic.rewriteSeq took 4.42ms
tactic execution of Lean.Parser.Tactic.tacticSeq1Indented took 0.0875ms
tactic execution of Lean.Parser.Tactic.tacticSeq took 0.0298ms
tactic execution of Lean.Parser.Tactic.paren took 0.0347ms
tactic execution of Lean.Parser.Tactic.rwSeq took 0.0422ms
tactic execution of Lean.Parser.Tactic.tacticSeq1Indented took 0.0414ms
tactic execution of Lean.Parser.Tactic.tacticSeq took 0.0242ms
tactic execution of Lean.Parser.Tactic.skip took 0.0071ms
tactic execution of Lean.Parser.Tactic.tacticSeq1Indented took 0.0364ms
tactic execution of Lean.Parser.Tactic.tacticSeq took 0.0316ms
tactic execution of Lean.Parser.Tactic.first took 0.0572ms
tactic execution of Lean.Parser.Tactic.tacticTry_ took 0.0449ms
dsimp took 0.0605ms
tactic execution of Lean.Parser.Tactic.dsimp took 0.635ms
tactic execution of Lean.Parser.Tactic.tacticSeq1Indented took 0.0353ms
tactic execution of Lean.Parser.Tactic.tacticSeq took 0.0287ms
tactic execution of Lean.Parser.Tactic.first took 0.0356ms
tactic execution of Lean.Parser.Tactic.tacticTry_ took 0.046ms
tactic execution of Lean.Parser.Tactic.simp took 0.0107ms
tactic execution of Lean.Parser.Tactic.tacticSeq1Indented took 0.0345ms
tactic execution of Lean.Parser.Tactic.tacticSeq took 0.0254ms
tactic execution of Lean.Parser.Tactic.skip took 0.0108ms
tactic execution of Lean.Parser.Tactic.tacticSeq1Indented took 0.0284ms
tactic execution of Lean.Parser.Tactic.tacticSeq took 0.0246ms
tactic execution of Lean.Parser.Tactic.first took 0.0571ms
tactic execution of Lean.Parser.Tactic.tacticTry_ took 0.0351ms
tactic execution of Lean.Parser.Tactic.omega took 0.118ms
tactic execution of Lean.Parser.Tactic.tacticSeq1Indented took 0.363ms
tactic execution of Lean.Parser.Tactic.tacticSeq took 0.0496ms
tactic execution of Lean.Parser.Tactic.done took 0.0621ms
tactic execution of Lean.Parser.Tactic.tacticSeq1Indented took 0.043ms
tactic execution of Lean.Parser.Tactic.tacticSeq took 0.0412ms
tactic execution of Lean.Parser.Tactic.first took 0.0817ms
typeclass inference of LE took 0.208ms
typeclass inference of LT took 0.196ms
typeclass inference of LE took 0.176ms
typeclass inference of LT took 0.181ms
typeclass inference of LT took 0.194ms
tactic execution of Lean.Parser.Tactic.apply took 1.95ms
tactic execution of Lean.Parser.Tactic.tacticSeq1Indented took 0.0649ms
tactic execution of Lean.Parser.Tactic.tacticSeq took 0.046ms
typeclass inference of LE took 0.296ms
typeclass inference of LT took 0.27ms
typeclass inference of LE took 0.206ms
typeclass inference of LT took 0.195ms
typeclass inference of LT took 0.232ms
tactic execution of Lean.Parser.Tactic.apply took 2.27ms
tactic execution of Lean.Parser.Tactic.tacticSeq1Indented took 0.103ms
tactic execution of Lean.Parser.Tactic.tacticSeq took 0.0786ms
typeclass inference of LE took 0.179ms
typeclass inference of LT took 0.153ms
typeclass inference of LE took 0.158ms
typeclass inference of LT took 0.129ms
typeclass inference of LT took 0.14ms
tactic execution of Lean.Parser.Tactic.apply took 1.78ms
tactic execution of Lean.Parser.Tactic.tacticSeq1Indented took 0.0639ms
tactic execution of Lean.Parser.Tactic.tacticSeq took 0.0502ms
tactic execution of Lean.Parser.Tactic.done took 0.0574ms
tactic execution of Lean.Parser.Tactic.tacticSeq1Indented took 0.037ms
tactic execution of Lean.Parser.Tactic.tacticSeq took 0.0484ms
tactic execution of Lean.Parser.Tactic.first took 0.21ms
tactic execution of Lean.Parser.Tactic.apply took 0.611ms
tactic execution of Lean.Parser.Tactic.seq1 took 0.0533ms
tactic execution of Lean.Parser.Tactic.apply took 0.566ms
tactic execution of Lean.Parser.Tactic.tacticSeq1Indented took 0.0535ms
tactic execution of Lean.Parser.Tactic.tacticSeq took 0.0323ms
tactic execution of Lean.Parser.Tactic.withReducible took 0.0381ms
tactic execution of Lean.Parser.Tactic.tacticSeq1Indented took 0.0384ms
tactic execution of Lean.Parser.Tactic.tacticSeq took 0.0388ms
tactic execution of Lean.Parser.Tactic.paren took 0.054ms
tactic execution of Lean.Parser.Tactic.seq1 took 0.0381ms
tactic execution of Lean.Parser.Tactic.apply took 0.426ms
tactic execution of Lean.Parser.Tactic.tacticSeq1Indented took 0.0474ms
tactic execution of Lean.Parser.Tactic.tacticSeq took 0.026ms
tactic execution of Lean.Parser.Tactic.focus took 0.0332ms
tactic execution of Lean.Parser.Tactic.tactic_<;>_ took 0.037ms
tactic execution of Lean.Parser.Tactic.apply took 0.324ms
tactic execution of Lean.Parser.Tactic.tacticTrivial took 0.0864ms
tactic execution of tacticGet_elem_tactic_extensible took 0.671ms
tactic execution of Lean.Parser.Tactic.tacticSeq1Indented took 0.0436ms
tactic execution of Lean.Parser.Tactic.tacticSeq took 0.035ms
tactic execution of Lean.Parser.Tactic.first took 0.108ms
tactic execution of tacticGet_elem_tactic took 0.0417ms
tactic execution of Lean.Parser.Tactic.tacticSeq1Indented took 0.0296ms
tactic execution of Lean.Parser.Tactic.tacticSeq took 0.0504ms
instantiate metavars took 0.0998ms
instantiate metavars took 0.0015ms
instantiate metavars took 0.0006ms
instantiate metavars took 0.001ms
instantiate metavars took 0.0006ms
share common exprs took 0.506ms
fix level params took 0.0783ms
let-to-have transformation took 0.0051ms
let-to-have transformation took 2.14ms
type checking took 2.04ms
attribute application took 0.133ms
compilation (LCNF base) took 163ms
compilation (LCNF mono) took 24.5ms
compilation (LCNF mono) took 0.53ms
compilation (LCNF impure) took 0.521ms
compilation (IR) took 0.114ms
compilation (LCNF mono) took 0.147ms
compilation (LCNF impure) took 0.214ms
compilation (IR) took 0.0359ms
compilation (LCNF mono) took 0.0726ms
compilation (LCNF impure) took 0.128ms
compilation (IR) took 0.0314ms
compilation (LCNF mono) took 0.488ms
compilation (LCNF impure) took 0.624ms
compilation (IR) took 0.112ms
compilation (LCNF mono) took 0.47ms
compilation (LCNF impure) took 0.653ms
compilation (IR) took 0.239ms
compilation (LCNF mono) took 1.89ms
compilation (LCNF impure) took 1.97ms
compilation (IR) took 0.356ms
compilation (LCNF mono) took 1.73ms
compilation (LCNF impure) took 1.74ms
compilation (IR) took 0.269ms
compilation (LCNF mono) took 0.201ms
compilation (LCNF impure) took 0.206ms
compilation (IR) took 0.051ms
compilation (LCNF mono) took 0.355ms
compilation (LCNF impure) took 0.338ms
compilation (IR) took 0.0617ms
compilation (LCNF mono) took 0.498ms
compilation (LCNF impure) took 0.565ms
compilation (IR) took 0.111ms
compilation (LCNF mono) took 0.447ms
compilation (LCNF impure) took 0.541ms
compilation (IR) took 0.103ms
compilation (LCNF mono) took 0.504ms
compilation (LCNF impure) took 0.464ms
compilation (IR) took 0.0823ms
compilation (LCNF mono) took 0.762ms
compilation (LCNF impure) took 1.04ms
compilation (IR) took 0.15ms
compilation (LCNF mono) took 4.2ms
compilation (LCNF impure) took 3.87ms
compilation (IR) took 1.27ms
compilation (LCNF mono) took 0.562ms
compilation (LCNF impure) took 0.587ms
compilation (IR) took 1.6ms
compilation (LCNF mono) took 0.303ms
compilation (LCNF impure) took 0.211ms
compilation (IR) took 0.0522ms
compilation (LCNF mono) took 0.59ms
compilation (LCNF impure) took 0.87ms
compilation (IR) took 0.125ms
compilation (LCNF mono) took 2.14ms
compilation (LCNF impure) took 2.09ms
compilation (IR) took 1.52ms
compilation (LCNF mono) took 0.407ms
compilation (LCNF impure) took 0.377ms
compilation (IR) took 0.0809ms
compilation (LCNF mono) took 0.727ms
compilation (LCNF impure) took 0.504ms
compilation (IR) took 0.0923ms
compilation (LCNF mono) took 0.368ms
compilation (LCNF impure) took 0.265ms
compilation (IR) took 2.85ms
compilation (LCNF mono) took 0.205ms
compilation (LCNF impure) took 0.414ms
compilation (IR) took 0.0597ms
compilation (LCNF mono) took 0.186ms
compilation (LCNF impure) took 0.245ms
compilation (IR) took 0.0599ms
compilation (LCNF mono) took 0.144ms
compilation (LCNF impure) took 0.209ms
compilation (IR) took 0.115ms
compilation (LCNF mono) took 0.314ms
compilation (LCNF impure) took 0.218ms
compilation (IR) took 0.041ms
compilation (LCNF mono) took 0.181ms
compilation (LCNF impure) took 0.241ms
compilation (IR) took 0.0465ms
interpretation of Mathlib.Tactic.LibraryRewrite.elabrw??Command took 0.647ms
attribute application took 0.0991ms
process pre-definitions took 36.8ms
interpretation of _private.Mathlib.Tactic.Linter.Header.0.Mathlib.Linter.Style.header.headerLinter._lam_3._boxed took 0.0652ms
interpretation of _private.Mathlib.Tactic.Linter.AuxLemma.0.Mathlib.Linter.AuxLemma.auxLemmaLinter._lam_1._boxed took 0.434ms
interpretation of _private.Mathlib.Tactic.Linter.DeprecatedSyntaxLinter.0.Mathlib.Linter.Style.deprecatedSyntaxLinter._lam_1._boxed took 0.0432ms
interpretation of _private.Mathlib.Tactic.Linter.DocPrime.0.Mathlib.Linter.DocPrime.docPrimeLinter._lam_3._boxed took 0.0318ms
interpretation of _private.Mathlib.Tactic.Linter.DocString.0.Mathlib.Linter.Style.docStringLinter._lam_0._boxed took 0.928ms
interpretation of _private.Mathlib.Tactic.Linter.DocString.0.Mathlib.Linter.Style.moduleDocVersoLinter._lam_0._boxed took 0.0257ms
interpretation of Mathlib.Linter.EmptyLine.emptyLineLinter._lam_2._boxed took 0.0364ms
interpretation of _private.Mathlib.Tactic.Linter.GlobalAttributeIn.0.Mathlib.Linter.globalAttributeInLinter.globalAttributeIn._lam_0._boxed took 0.947ms
interpretation of _private.Mathlib.Tactic.Linter.HashCommandLinter.0.Mathlib.Linter.HashCommandLinter.withSetOptionIn'._boxed took 0.0707ms
interpretation of _private.Mathlib.Tactic.Linter.FlexibleLinter.0.Mathlib.Linter.Flexible.flexibleLinter._lam_0._boxed took 0.0308ms
interpretation of _private.Mathlib.Tactic.Linter.Multigoal.0.Mathlib.Linter.Style.multiGoal.multiGoalLinter._lam_0._boxed took 0.034ms
interpretation of _private.Mathlib.Tactic.Linter.OldObtain.0.Mathlib.Linter.Style.oldObtainLinter._lam_0._boxed took 0.0218ms
interpretation of Mathlib.Linter.UnusedInstancesInType.withSetBoolOptionIn._boxed took 0.0587ms
interpretation of Mathlib.Linter.UnusedInstancesInType.withSetBoolOptionIn._boxed took 0.0382ms
overlappingInstancesLinter took 0.574ms
interpretation of Mathlib.Linter.UnusedInstancesInType.withSetBoolOptionIn._boxed took 0.131ms
interpretation of _private.Mathlib.Tactic.Linter.PrivateModule.0.Mathlib.Linter.privateModule._lam_1._boxed took 0.0346ms
interpretation of _private.Mathlib.Tactic.Linter.UnusedTactic.0.Mathlib.Linter.UnusedTactic.unusedTacticLinter._lam_0._boxed took 2.84ms
interpretation of _private.Mathlib.Tactic.Linter.Style.0.Mathlib.Linter.Style.setOption.setOptionLinter._lam_0._boxed took 0.0393ms
interpretation of _private.Mathlib.Tactic.Linter.Style.0.Mathlib.Linter.Style.missingEnd.missingEndLinter._lam_0._boxed took 0.0574ms
interpretation of _private.Mathlib.Tactic.Linter.Style.0.Mathlib.Linter.Style.cdotLinter._lam_0._boxed took 0.0205ms
interpretation of _private.Mathlib.Tactic.Linter.Style.0.Mathlib.Linter.Style.dollarSyntax.dollarSyntaxLinter._lam_0._boxed took 0.0174ms
interpretation of _private.Mathlib.Tactic.Linter.Style.0.Mathlib.Linter.Style.lambdaSyntax.lambdaSyntaxLinter._lam_0._boxed took 0.0179ms
interpretation of _private.Mathlib.Tactic.Linter.Style.0.Mathlib.Linter.Style.longFile.longFileLinter._lam_0._boxed took 0.025ms
interpretation of _private.Mathlib.Tactic.Linter.Style.0.Mathlib.Linter.Style.longLine.longLineLinter._lam_0._boxed took 0.0183ms
interpretation of _private.Mathlib.Tactic.Linter.Style.0.Mathlib.Linter.Style.nameCheck.doubleUnderscore._lam_2._boxed took 0.358ms
interpretation of _private.Mathlib.Tactic.Linter.Style.0.Mathlib.Linter.Style.openClassical.openClassicalLinter._lam_0._boxed took 0.0217ms
interpretation of _private.Mathlib.Tactic.Linter.Whitespace.0.Mathlib.Linter.Style.Whitespace.whitespaceLinter._lam_4._boxed took 0.0259ms
tacticAnalysis took 4.16ms
interpretation of Mathlib.TacticAnalysis.tacticAnalysis._lam_1._boxed took 0.114ms
interpretation of _private.Mathlib.Tactic.Linter.Lint.0.Mathlib.Linter.DupNamespaceLinter.dupNamespace._lam_1._boxed took 0.592ms
linting took 1.84ms
elaboration took 5.84ms
parsing took 0.0875ms
interpretation of _private.Mathlib.Tactic.Linter.Header.0.Mathlib.Linter.Style.header.headerLinter._lam_3._boxed took 0.0974ms
interpretation of _private.Mathlib.Tactic.Linter.AuxLemma.0.Mathlib.Linter.AuxLemma.auxLemmaLinter._lam_1._boxed took 0.151ms
interpretation of _private.Mathlib.Tactic.Linter.DeprecatedSyntaxLinter.0.Mathlib.Linter.Style.deprecatedSyntaxLinter._lam_1._boxed took 0.0518ms
interpretation of _private.Mathlib.Tactic.Linter.DocPrime.0.Mathlib.Linter.DocPrime.docPrimeLinter._lam_3._boxed took 0.0301ms
interpretation of _private.Mathlib.Tactic.Linter.DocString.0.Mathlib.Linter.Style.docStringLinter._lam_0._boxed took 0.409ms
interpretation of _private.Mathlib.Tactic.Linter.DocString.0.Mathlib.Linter.Style.moduleDocVersoLinter._lam_0._boxed took 0.0468ms
interpretation of Mathlib.Linter.EmptyLine.emptyLineLinter._lam_2._boxed took 0.0435ms
interpretation of _private.Mathlib.Tactic.Linter.GlobalAttributeIn.0.Mathlib.Linter.globalAttributeInLinter.globalAttributeIn._lam_0._boxed took 0.132ms
interpretation of _private.Mathlib.Tactic.Linter.HashCommandLinter.0.Mathlib.Linter.HashCommandLinter.withSetOptionIn'._boxed took 0.0926ms
interpretation of _private.Mathlib.Tactic.Linter.FlexibleLinter.0.Mathlib.Linter.Flexible.flexibleLinter._lam_0._boxed took 0.051ms
interpretation of _private.Mathlib.Tactic.Linter.Multigoal.0.Mathlib.Linter.Style.multiGoal.multiGoalLinter._lam_0._boxed took 0.0511ms
interpretation of _private.Mathlib.Tactic.Linter.OldObtain.0.Mathlib.Linter.Style.oldObtainLinter._lam_0._boxed took 0.0365ms
interpretation of Mathlib.Linter.UnusedInstancesInType.withSetBoolOptionIn._boxed took 0.0925ms
interpretation of Mathlib.Linter.UnusedInstancesInType.withSetBoolOptionIn._boxed took 0.0635ms
overlappingInstancesLinter took 0.0966ms
interpretation of Mathlib.Linter.UnusedInstancesInType.withSetBoolOptionIn._boxed took 0.144ms
interpretation of _private.Mathlib.Tactic.Linter.PrivateModule.0.Mathlib.Linter.privateModule._lam_1._boxed took 0.0376ms
interpretation of _private.Mathlib.Tactic.Linter.UnusedTactic.0.Mathlib.Linter.UnusedTactic.unusedTacticLinter._lam_0._boxed took 0.495ms
interpretation of _private.Mathlib.Tactic.Linter.Style.0.Mathlib.Linter.Style.setOption.setOptionLinter._lam_0._boxed took 0.0332ms
interpretation of _private.Mathlib.Tactic.Linter.Style.0.Mathlib.Linter.Style.missingEnd.missingEndLinter._lam_0._boxed took 0.0573ms
interpretation of _private.Mathlib.Tactic.Linter.Style.0.Mathlib.Linter.Style.cdotLinter._lam_0._boxed took 0.0316ms
interpretation of _private.Mathlib.Tactic.Linter.Style.0.Mathlib.Linter.Style.dollarSyntax.dollarSyntaxLinter._lam_0._boxed took 0.0188ms
interpretation of _private.Mathlib.Tactic.Linter.Style.0.Mathlib.Linter.Style.lambdaSyntax.lambdaSyntaxLinter._lam_0._boxed took 0.0173ms
interpretation of _private.Mathlib.Tactic.Linter.Style.0.Mathlib.Linter.Style.longFile.longFileLinter._lam_0._boxed took 0.0342ms
interpretation of _private.Mathlib.Tactic.Linter.Style.0.Mathlib.Linter.Style.longLine.longLineLinter._lam_0._boxed took 0.0301ms
interpretation of _private.Mathlib.Tactic.Linter.Style.0.Mathlib.Linter.Style.nameCheck.doubleUnderscore._lam_2._boxed took 0.251ms
interpretation of _private.Mathlib.Tactic.Linter.Style.0.Mathlib.Linter.Style.openClassical.openClassicalLinter._lam_0._boxed took 0.0306ms
interpretation of _private.Mathlib.Tactic.Linter.Whitespace.0.Mathlib.Linter.Style.Whitespace.whitespaceLinter._lam_4._boxed took 0.0399ms
tacticAnalysis took 0.456ms
interpretation of Mathlib.TacticAnalysis.tacticAnalysis._lam_1._boxed took 0.0732ms
interpretation of _private.Mathlib.Tactic.Linter.Lint.0.Mathlib.Linter.DupNamespaceLinter.dupNamespace._lam_1._boxed took 0.302ms
linting took 1.18ms
elaboration took 0.268ms
parsing took 0.0029ms
interpretation of _private.Mathlib.Tactic.Linter.Header.0.Mathlib.Linter.Style.header.headerLinter._lam_3._boxed took 0.0535ms
interpretation of _private.Mathlib.Tactic.Linter.AuxLemma.0.Mathlib.Linter.AuxLemma.auxLemmaLinter._lam_1._boxed took 0.0445ms
interpretation of _private.Mathlib.Tactic.Linter.DeprecatedSyntaxLinter.0.Mathlib.Linter.Style.deprecatedSyntaxLinter._lam_1._boxed took 0.0413ms
interpretation of _private.Mathlib.Tactic.Linter.DocPrime.0.Mathlib.Linter.DocPrime.docPrimeLinter._lam_3._boxed took 0.0244ms
interpretation of _private.Mathlib.Tactic.Linter.DocString.0.Mathlib.Linter.Style.docStringLinter._lam_0._boxed took 0.1ms
interpretation of _private.Mathlib.Tactic.Linter.DocString.0.Mathlib.Linter.Style.moduleDocVersoLinter._lam_0._boxed took 0.0237ms
interpretation of Mathlib.Linter.EmptyLine.emptyLineLinter._lam_2._boxed took 0.0231ms
interpretation of _private.Mathlib.Tactic.Linter.GlobalAttributeIn.0.Mathlib.Linter.globalAttributeInLinter.globalAttributeIn._lam_0._boxed took 0.0667ms
interpretation of _private.Mathlib.Tactic.Linter.HashCommandLinter.0.Mathlib.Linter.HashCommandLinter.withSetOptionIn'._boxed took 0.0481ms
interpretation of _private.Mathlib.Tactic.Linter.FlexibleLinter.0.Mathlib.Linter.Flexible.flexibleLinter._lam_0._boxed took 0.0266ms
interpretation of _private.Mathlib.Tactic.Linter.Multigoal.0.Mathlib.Linter.Style.multiGoal.multiGoalLinter._lam_0._boxed took 0.0208ms
interpretation of _private.Mathlib.Tactic.Linter.OldObtain.0.Mathlib.Linter.Style.oldObtainLinter._lam_0._boxed took 0.0198ms
interpretation of Mathlib.Linter.UnusedInstancesInType.withSetBoolOptionIn._boxed took 0.045ms
interpretation of Mathlib.Linter.UnusedInstancesInType.withSetBoolOptionIn._boxed took 0.0352ms
overlappingInstancesLinter took 0.0458ms
interpretation of Mathlib.Linter.UnusedInstancesInType.withSetBoolOptionIn._boxed took 0.0757ms
interpretation of _private.Mathlib.Tactic.Linter.PrivateModule.0.Mathlib.Linter.privateModule._lam_1._boxed took 1.11ms
interpretation of _private.Mathlib.Tactic.Linter.UnusedTactic.0.Mathlib.Linter.UnusedTactic.unusedTacticLinter._lam_0._boxed took 0.369ms
interpretation of _private.Mathlib.Tactic.Linter.Style.0.Mathlib.Linter.Style.setOption.setOptionLinter._lam_0._boxed took 0.0279ms
interpretation of _private.Mathlib.Tactic.Linter.Style.0.Mathlib.Linter.Style.missingEnd.missingEndLinter._lam_0._boxed took 0.0576ms
interpretation of _private.Mathlib.Tactic.Linter.Style.0.Mathlib.Linter.Style.cdotLinter._lam_0._boxed took 0.0188ms
interpretation of _private.Mathlib.Tactic.Linter.Style.0.Mathlib.Linter.Style.dollarSyntax.dollarSyntaxLinter._lam_0._boxed took 0.0162ms
interpretation of _private.Mathlib.Tactic.Linter.Style.0.Mathlib.Linter.Style.lambdaSyntax.lambdaSyntaxLinter._lam_0._boxed took 0.0161ms
interpretation of _private.Mathlib.Tactic.Linter.Style.0.Mathlib.Linter.Style.longFile.longFileLinter._lam_0._boxed took 0.0207ms
interpretation of _private.Mathlib.Tactic.Linter.Style.0.Mathlib.Linter.Style.longLine.longLineLinter._lam_0._boxed took 0.017ms
interpretation of _private.Mathlib.Tactic.Linter.Style.0.Mathlib.Linter.Style.nameCheck.doubleUnderscore._lam_2._boxed took 0.126ms
interpretation of _private.Mathlib.Tactic.Linter.Style.0.Mathlib.Linter.Style.openClassical.openClassicalLinter._lam_0._boxed took 0.02ms
interpretation of _private.Mathlib.Tactic.Linter.Whitespace.0.Mathlib.Linter.Style.Whitespace.whitespaceLinter._lam_4._boxed took 0.0253ms
tacticAnalysis took 0.266ms
interpretation of Mathlib.TacticAnalysis.tacticAnalysis._lam_1._boxed took 0.0511ms
interpretation of _private.Mathlib.Tactic.Linter.Lint.0.Mathlib.Linter.DupNamespaceLinter.dupNamespace._lam_1._boxed took 0.202ms
linting took 0.789ms
module linting took 0.0054ms
elaboration took 0.0978ms
interpretation of _private.Batteries.Tactic.Lint.Basic.0.Batteries.Tactic.Lint.initFn._lam_2._@.Batteries.Tactic.Lint.Basic.880347739._hygCtx._hyg.2 took 0.0196ms
interpretation of _private.Mathlib.Tactic.Linter.UnusedTacticExtension.0.Mathlib.Linter.UnusedTactic.initFn._lam_0._@.Mathlib.Tactic.Linter.UnusedTacticExtension.2679548081._hygCtx._hyg.2 took 0.0069ms
interpretation of _private.Mathlib.Tactic.TacticAnalysis.0.Mathlib.TacticAnalysis.initFn._lam_2._@.Mathlib.Tactic.TacticAnalysis.358552301._hygCtx._hyg.2._boxed took 0.703ms
interpretation of _private.Batteries.Util.LibraryNote.0.Batteries.Util.LibraryNote.initFn._lam_0._@.Batteries.Util.LibraryNote.1081991270._hygCtx._hyg.2 took 0.004ms
interpretation of _private.Batteries.Util.ProofWanted.0.initFn._lam_2._@.Batteries.Util.ProofWanted.2313051376._hygCtx._hyg.2 took 0.0031ms
interpretation of _private.Batteries.Util.ProofWanted.0.initFn._lam_2._@.Batteries.Util.ProofWanted.3080469459._hygCtx._hyg.2 took 0.0026ms
.olean serialization took 305ms
cumulative profiling times:
	.olean serialization 305ms
	attribute application 12.9ms
	compilation (IR) 73.6ms
	compilation (LCNF base) 1.83s
	compilation (LCNF impure) 259ms
	compilation (LCNF mono) 600ms
	congr simp thm 0.333ms
	do element elaborator 1.09s
	dsimp 0.13ms
	elaboration 407ms
	fix level params 1.48ms
	import 2.48s
	initialization 93.8ms
	instantiate metavars 2.67ms
	interpretation 3.08s
	let-to-have transformation 26.6ms
	linting 105ms
	module linting 0.0049ms
	overlappingInstancesLinter 45ms
	parsing 88.8ms
	process pre-definitions 685ms
	share common exprs 13.2ms
	simp 2.81ms
	tactic execution 153ms
	tacticAnalysis 196ms
	type checking 90.6ms
	typeclass inference 584ms
